Id,Sales
1,4099.202348039988
2,7378.190718774817
3,8808.470046269038
4,7543.841588853642
5,7150.943155856997
6,5704.496922064426
7,7370.804326402122
8,8026.942903774248
9,5003.754402932992
10,5800.537948119762
11,6850.6260831974705
12,7982.413062783875
13,7250.31706999556
14,8975.951069197596
15,5842.641925055836
16,4719.030123618034
17,5601.3181953773155
18,9313.021591380108
19,10360.198248665281
20,9666.372387640287
21,7775.1235781466075
22,4855.753152300794
23,5752.122632443782
24,4193.221670807311
25,7717.355527507106
26,10656.747884740378
27,9132.029241544518
28,5672.329326597333
29,5118.681602207512
30,4359.421883713425
31,5780.113395134737
32,10151.248889063107
33,6623.881600003141
34,5355.306891258378
35,5315.006363881449
36,7740.411081918169
37,3601.4760485950183
38,7219.727149895388
39,4325.1116563659925
40,6591.343585528012
41,7005.580679715541
42,5296.301905666811
43,7972.2766518253875
44,6805.3981011907135
45,4917.905466770489
46,6692.7309407545135
47,7108.641336941243
48,11359.691850912921
49,6057.62629139321
50,8167.856347049114
51,6717.262659360744
52,8791.629037182729
53,6553.698588154494
54,9062.405784827704
55,4684.381067409745
56,5034.62965689495
57,6001.486667101905
58,5783.691211756434
59,8689.37741077039
60,7719.5907505421765
61,5592.530580533501
62,7719.828061671291
63,6393.473243635909
64,9851.031771196867
65,3820.0610983404395
66,12790.458698811723
67,4976.882689917267
68,6108.68328199884
69,8146.47976009926
70,4680.103192687363
71,6253.151920207505
72,6190.161583905098
73,7573.4809463647425
74,5637.193977824734
75,5611.063957959383
76,7282.688403937296
77,7770.947616332508
78,7011.470442836624
79,5183.001151269407
80,7188.281998732359
81,10840.627613211425
82,6282.149387317013
83,4250.732048418431
84,6963.547162367461
85,5988.966807881828
86,5777.257536910625
87,7226.368245878315
88,3934.1329816768402
89,7816.010079884069
90,5965.9075112378505
91,7166.666918774404
92,6685.513263191943
93,3934.043587560647
94,6354.378682084791
95,5143.938533084746
96,8473.428011882075
97,8487.303142149194
98,5315.996993675991
99,4928.395105008389
100,7077.645336109681
101,6026.621023451641
102,5997.588750427749
103,7794.834114902492
104,6627.769038903998
105,7827.509810961492
106,5737.625016441772
107,4340.559341500649
108,6641.442615571202
109,8118.465294625805
110,7986.117169655089
111,8384.227482366408
112,7868.021753010982
113,5673.883831109751
114,8631.261541942604
115,5604.682698127821
116,7134.08407821778
117,8903.210726258738
118,6403.819122825739
119,9988.826110637954
120,7685.288121614412
121,7509.825307618644
122,6078.61408258163
123,6973.337802492273
124,7810.383138859403
125,6452.658268265544
126,3889.007899244211
127,5388.232158927514
128,7871.239581892605
129,6012.4862663659105
130,4189.661247697254
131,8483.44404945275
132,6611.063336409197
133,5607.005481150362
134,6197.701893978008
135,5266.280749500568
136,7323.889250669394
137,7217.731955378897
138,6895.68250173924
139,5600.492183080348
140,5488.726962968723
141,6391.856762774491
142,3847.555069619786
143,5990.089308446932
144,5203.723367896762
145,8544.176419315358
146,7077.561544475002
147,6172.245929631295
148,10831.268291513881
149,4904.540081109267
150,5053.801011451547
151,10000.084553832827
152,6691.5949735052745
153,8426.41828520197
154,7293.6010179420255
155,5665.596665362556
156,6503.002247909194
157,5440.742846846768
158,8361.602154292503
159,10996.670322680624
160,6117.687820850107
161,3283.828909491137
162,4452.350474930964
163,8598.465128871387
164,8549.918179561168
165,6149.9711636456395
166,7000.263323398811
167,4912.302072402113
168,5475.156901345924
169,3342.4380940479305
170,5149.28552531724
171,6008.070201849152
172,7313.8913392882105
173,7026.321944987358
174,7296.845895124405
175,8000.572801075342
176,9078.273886538887
177,7514.812362377376
178,4746.386278617322
179,9265.669866934752
180,9957.110533217698
181,6030.489764616806
182,7674.65065549661
183,5666.17849804961
184,6375.605709600587
185,4190.3853537943705
186,7188.160118317446
187,5331.074601821455
188,9119.65524030035
189,7215.8104158681845
190,8551.784606061185
191,7727.500992155728
192,5442.6195144416315
193,8703.920012881956
194,18181.291318540472
195,9549.621640180063
196,5697.15221788273
197,3030.780091209108
198,6019.516852303917
199,8250.339625593204
200,5684.371313571261
201,12784.608875921569
202,18667.85666943205
203,3940.9470737670727
204,5383.258449724862
205,9093.752047197997
206,4955.4113948515605
207,8232.316199182345
208,6924.364480938215
209,7420.077817776135
210,4651.969893652967
211,6490.256057439849
212,5911.3418291210855
213,7238.310834574458
214,9498.95175298936
215,6116.947010693741
216,5814.044258093424
217,6970.597242203443
218,4998.466389710518
219,5098.216899333804
220,7760.412715198324
221,5928.3561904589915
222,5891.19438183971
223,7045.695720654924
224,6361.595792511491
225,5887.816809075747
226,7426.987262198699
227,7098.040326310391
228,8383.750106822974
229,6657.908120533965
230,7406.373874040294
231,5688.974080026796
232,3793.471403576372
233,6225.54639230506
234,7152.510586500404
235,6253.692421965552
236,4566.46900059292
237,8476.260271925208
238,7301.375598730243
239,8918.748239296976
240,6969.193449435903
241,5724.056845482374
242,5362.373752975027
243,4375.076274086817
244,9878.985681269993
245,4922.313253342327
246,7573.244032270549
247,15014.642971095016
248,7528.212368322272
249,8182.545663546476
250,5353.497800752794
251,4528.413954186911
252,7199.662576482542
253,3877.797539805747
254,5907.606073169089
255,10489.154022170396
256,5345.704511859603
257,16640.832085704416
258,14088.418127798584
259,4895.715943527687
260,7133.736730311706
261,5933.781801569605
262,6798.413229214857
263,5491.484687252114
264,11096.163086723203
265,7810.166098453763
266,9547.980410298222
267,4336.785712886373
268,7323.505760870332
269,5024.12546789093
270,8014.039074501415
271,7174.696131444523
272,6188.1281751610795
273,6394.2326509995655
274,6452.9886169368365
275,7918.365701809061
276,9491.18892392516
277,5787.630349957046
278,9762.563952140015
279,6579.9402721914485
280,9647.078392328222
281,5609.139075205658
282,5098.06777693542
283,5510.422499798784
284,9942.434956172456
285,6382.568046804968
286,8050.981163353989
287,6658.589872980821
288,8822.998814001854
289,4423.186874866796
290,8196.98449734222
291,6691.004852628073
292,4218.63495634885
293,13689.912220469922
294,17778.754265795527
295,7113.587728396611
296,7145.832295770103
297,9164.029349987082
298,10121.072604560135
299,11161.292544708842
300,5773.390193612401
301,7505.572500079493
302,5776.765922628386
303,8322.570338876736
304,3979.8665289242044
305,5824.440702478139
306,5560.596152389139
307,5736.973665707635
308,7354.4840639672875
309,5055.579898389229
310,4916.918119442062
311,7033.931819323856
312,3933.5071960752257
313,4654.575800681144
314,6602.079466534447
315,6404.488707910559
316,9150.409403471433
317,8441.074049544806
318,7320.930141446269
319,6472.805998623402
320,5948.988263262474
321,11669.985869481576
322,7471.650971835525
323,5250.159939130948
324,4681.767392403947
325,7587.295235453922
326,4412.530764018449
327,7106.314737131175
328,3482.764150983539
329,5032.411163314527
330,7986.020829303294
331,6134.359950540461
332,5169.127127467599
333,8688.869487301532
334,9655.632484220028
335,12070.583989896722
336,5894.8014630117805
337,9350.000276451214
338,2940.294362786755
339,5075.436983212589
340,6555.922421244444
341,4311.9505955761215
342,7800.413978640559
343,5133.75225409058
344,4892.230286283164
345,8486.866446995242
346,10990.231613053405
347,9486.208286434236
348,5495.19272908054
349,4917.349836620226
350,7761.88647949723
351,7129.316736426133
352,6216.661715977287
353,5321.861323042691
354,6981.671606556849
355,9986.86073206248
356,4214.825167301128
357,6184.432667505858
358,7635.6733924394675
359,7988.900159754886
360,12749.8429256993
361,4885.007205861794
362,12888.379840060155
363,6765.307789931404
364,5135.270530608128
365,3646.300711557052
366,5927.471298297577
367,6198.493834441674
368,5751.971003910584
369,7209.552936121994
370,4949.959558361014
371,4866.554400141452
372,7266.405266458468
373,3419.556691739903
374,7745.361149878121
375,7002.205201932541
376,7618.918481702356
377,9012.945355097567
378,5725.093006857155
379,8852.594867762105
380,6316.432668493378
381,5478.639482740176
382,5530.0500758720755
383,5096.275925051403
384,10601.24574747294
385,6480.561582135779
386,4799.984582008959
387,7190.660164266622
388,8669.034522558632
389,7318.692575886827
390,6204.214643261647
391,8253.291011398635
392,5505.23507603187
393,6110.8397142761105
394,6278.028550173662
395,8486.332352434092
396,6448.598106789667
397,6299.263645416826
398,5749.602787160004
399,4881.631203525805
400,3677.632072187954
401,5536.547170522703
402,8405.772835644273
403,8507.615315628309
404,9941.634907645812
405,10956.326457612531
406,8123.511991354024
407,5532.037491688269
408,5261.367924231217
409,10389.323585080037
410,10296.721737748854
411,7640.465803972511
412,8618.007992832123
413,8006.360198563382
414,5929.309592405962
415,3917.869578519611
416,10208.53690976075
417,6204.582814325002
418,6336.806325493885
419,6326.278516054336
420,3140.347664467261
421,11552.070848946862
422,5975.806490584259
423,5663.1451103734835
424,4897.564313077286
425,5621.855516782753
426,6480.013694793823
427,8500.773830336495
428,6505.401340489822
429,5176.909850208826
430,5116.386645491168
431,3939.5629966888528
432,3316.1321230024714
433,6923.96928730948
434,17482.388611267146
435,4540.06545302055
436,5906.56677866635
437,6674.10591260557
438,5845.845794775662
439,5455.4670158646795
440,5079.538192355773
441,3816.437578536703
442,7274.448915274585
443,7037.979099007022
444,4068.0475423834446
445,8573.398288542552
446,5724.139658797397
447,4737.76320241119
448,8451.371585625486
449,7785.184782907184
450,9076.217723901007
451,5557.836401229392
452,6711.327155197887
453,4882.707540210992
454,5091.180741622127
455,14494.327171573668
456,9575.275472891119
457,6323.1533693751835
458,5504.277406585707
459,4870.513834198547
460,5764.903231167543
461,5312.776244501095
462,10542.041825403947
463,5164.085498311694
464,5703.7055818291965
465,7045.778994437025
466,4755.312064697714
467,6660.79167795395
468,7539.113137203917
469,7378.594692703415
470,7171.197360738257
471,4219.766760199605
472,5678.310070668193
473,6795.186445239469
474,8740.109123037582
475,8350.682017538627
476,6903.726124957582
477,4507.297557778411
478,7822.938564594569
479,5940.151945585246
480,4540.016669276809
481,7391.570766476169
482,7132.474925947629
483,6666.427509336034
484,6201.415954014933
485,6197.742154866668
486,6744.428335893735
487,5718.778733425971
488,6817.826494510976
489,6406.16676135395
490,6193.918153906407
491,9040.628743465884
492,5978.879297412213
493,4503.327064372995
494,11419.688444729329
495,6457.831918172196
496,3468.3996145817064
497,7695.350130261794
498,9192.739482580246
499,10159.428341170029
500,5116.334442269577
501,5906.469616370408
502,5922.800822373223
503,7224.613985412675
504,5817.373818354687
505,8648.767648037581
506,3440.7934311583167
507,6020.014342595107
508,6294.7488601274845
509,5644.199431618207
510,5099.37781750478
511,6882.876813532906
512,8234.19492547197
513,6254.59422961989
514,8360.32774976404
515,7052.655481029298
516,8638.097374940153
517,4598.606483099796
518,6458.826957395201
519,6520.094842394599
520,8102.564454911527
521,7932.813806010136
522,5356.820796993345
523,8632.052747254627
524,7440.888939626132
525,7884.3429859521475
526,4243.827773051601
527,4091.8911182981356
528,8011.24237717642
529,6433.99391710033
530,8704.02531408917
531,6906.015785284145
532,6074.602256971627
533,8440.432119048626
534,6744.154783153329
535,7290.363588696337
536,7977.0384112380125
537,6300.950203815182
538,8805.711379635844
539,10556.3831418102
540,7395.677444210764
541,4771.896837579839
542,5737.337401452411
543,4204.423902450808
544,0.0
545,8217.433666505132
546,5255.69708114605
547,8124.371278325164
548,4652.046036661204
549,6229.5055670673255
550,5798.192111808457
551,8873.363181769879
552,5013.452927210109
553,5272.99932611554
554,5711.490772557384
555,7718.703476676496
556,5256.880150966237
557,7084.476896195045
558,7497.494522246223
559,8441.96801530928
560,7779.189333378418
561,7040.782454175676
562,5853.743662927081
563,4722.4761661151415
564,5146.800914454413
565,10243.934381680852
566,9104.03664002638
567,6783.805250510608
568,14889.606207744479
569,5846.076939104702
570,5375.800467561561
571,6240.487055695466
572,8421.765215313068
573,9606.860096896942
574,6865.553930934923
575,8315.418954886341
576,7965.518731451796
577,8775.191863284954
578,6733.891097858669
579,5822.259733205472
580,4935.110324557565
581,5012.856090282949
582,4007.131096003697
583,5346.257198708877
584,8486.36758520605
585,16163.743932349465
586,6932.586562574143
587,5133.068581956993
588,7274.2371870112565
589,4498.149397732982
590,6123.298039082632
591,4442.534607063097
592,9022.394578877234
593,6385.437396289159
594,5982.488291274159
595,13104.407433237131
596,11756.071789383954
597,5604.916911361244
598,6730.034008148936
599,4023.858622671238
600,5401.370052604794
601,5368.650520725904
602,8374.32589163462
603,4762.152277991076
604,4348.456549196761
605,6102.1147702287435
606,5593.85277648594
607,6957.0219221634725
608,7212.206811592718
609,3605.936342172295
610,7012.48842605639
611,7982.717411271976
612,7626.621119279116
613,4843.081223792162
614,4286.4889991982645
615,8015.927438300216
616,4507.580689769094
617,9131.518332915348
618,4902.6455115356985
619,4944.53052666612
620,7167.0715927143565
621,5999.518521115323
622,4707.478537391559
623,6188.7228222897475
624,6974.858372741964
625,9178.138278241024
626,9324.715016824319
627,5712.046236590514
628,3927.950260096274
629,5801.588147676157
630,6577.615222795363
631,4675.493586865969
632,6548.704194405019
633,6013.500676198108
634,11155.921379300908
635,7314.404207280446
636,6307.136266284637
637,7970.810864441437
638,4756.526413165077
639,8588.548816803737
640,5987.509215231795
641,13100.960109636868
642,6219.301090927078
643,5338.133856487672
644,5423.654650781174
645,4224.195413285177
646,7128.53034549973
647,18146.844937113627
648,4205.858216547277
649,4774.803257278498
650,9615.985645623497
651,6254.124900942326
652,7936.6465516237795
653,8037.458709844833
654,6413.6950443361675
655,4867.934830655329
656,4827.762279088669
657,9262.635960808799
658,5946.385125314948
659,7313.901536604081
660,7471.2308781351885
661,4582.694625683534
662,6955.888664905355
663,5987.830210115425
664,3966.103321090495
665,8318.314136503239
666,8326.134228353592
667,4598.548784760917
668,7749.104795030958
669,7092.490364916281
670,4547.12882730527
671,9123.401673116403
672,6363.711825065379
673,7867.572609002441
674,4703.5092827539065
675,5040.661971892181
676,5972.024893976759
677,0.0
678,7666.939559858101
679,4192.684783000389
680,6055.812114846975
681,4597.3992031911885
682,5860.397281759614
683,6361.990694866938
684,6753.766931721269
685,6808.016677115338
686,8062.355225798123
687,5820.117277939128
688,6917.886354303606
689,6282.175737321335
690,8035.0242014499945
691,9379.73837644364
692,6646.720837399096
693,3614.9773617257574
694,5954.1451554162395
695,7267.303288720603
696,4320.610254289673
697,11332.818009815086
698,5547.948555294404
699,6830.029974750108
700,10683.47039486591
701,6752.147228410908
702,4456.174124506048
703,11603.712070858879
704,9354.693478993988
705,5002.3243801721
706,8649.990982534257
707,9936.05232010213
708,5829.638433104323
709,5023.416847914767
710,6669.4390217320115
711,5611.701692941995
712,6026.11262020045
713,7043.3008297565175
714,4902.720522988234
715,6246.743985402867
716,7301.09512019631
717,6648.72382272001
718,7975.538578291149
719,5938.475719678768
720,6442.9899806769445
721,4449.332973664772
722,7608.093378109346
723,6854.952286086138
724,6113.97589317192
725,6304.601784624101
726,7079.526384285687
727,9342.784227907223
728,5693.1868492190015
729,5390.989506667711
730,6700.367579872316
731,6950.240622027562
732,6758.965546089819
733,4398.789036273536
734,4298.511790888442
735,7447.032989835862
736,7533.48314782029
737,5691.365270169658
738,8115.855259757699
739,6219.439290254209
740,6355.650792528606
741,5264.928870022509
742,3559.296295689023
743,6996.606112386727
744,6212.201873374884
745,6586.59231563472
746,9348.781953732854
747,7986.692604239119
748,4693.66405295197
749,8527.236924117771
750,3942.7348086463085
751,3285.6679693247925
752,7879.920413237003
753,12076.907381287583
754,7764.547029515229
755,6936.785423719393
756,4938.529322662741
757,6640.748561180657
758,8668.893999830054
759,6072.921789172736
760,8482.957567970434
761,5097.219943600969
762,4533.952358990671
763,5272.449184311786
764,5413.503374433229
765,5546.366604471285
766,5156.090070522016
767,5022.068646988872
768,4281.266482248649
769,6557.613048820002
770,6738.8494156078905
771,5403.764924928596
772,6116.204868920551
773,6869.922459598605
774,5753.739072515044
775,6313.097523793699
776,8580.76473819435
777,7226.75407310905
778,5731.938989161224
779,3823.6434024944983
780,11178.327129068892
781,6374.5175243952945
782,5538.28966463361
783,8790.964278019312
784,7687.920527032518
785,7363.597114354832
786,5861.502959183584
787,7357.1226120128495
788,9165.660745451245
789,13379.113950400757
790,5059.438193026841
791,4639.811047254604
792,5350.240108642768
793,6734.1761388090035
794,5731.149250297323
795,7111.693001171716
796,8874.603977040333
797,5930.358516859058
798,4263.4320185329625
799,5971.718110395784
800,8153.247997790347
801,4732.319906154206
802,7342.043684989308
803,3999.527700624617
804,7413.400882802207
805,7927.591467000638
806,7382.979890552783
807,8750.87706669174
808,6283.955736357104
809,4412.819024978474
810,6454.568187795348
811,7347.692174472523
812,8596.008799534391
813,7457.101126722782
814,8199.26866523311
815,6567.667053375822
816,4524.413662564459
817,9282.734105538742
818,4455.821261179967
819,9479.524347923038
820,6062.010924904736
821,4199.5559203470975
822,6930.855344548388
823,6305.870417914637
824,7349.114013915152
825,8535.641997318262
826,4100.640540880943
827,4614.26266845742
828,7879.714522909247
829,8449.17816732039
830,9489.853481319351
831,5289.07281807544
832,6229.165526048659
833,6468.947694423236
834,6375.67221045803
835,5802.382851558673
836,9357.102723493472
837,8558.090347919717
838,11190.809175883196
839,4099.302206638017
840,5812.444064243402
841,0.0
842,8297.008004536241
843,5156.345235637022
844,10245.879452821018
845,6550.50324839401
846,5518.938314055125
847,5331.246687160362
848,4863.688172414435
849,5274.594258529857
850,6152.474860914966
851,4822.747058048721
852,5285.254966694399
853,8860.426346276301
854,6843.170205284389
855,21314.580006787084
856,6845.98058130101
857,4327.255137009185
858,7760.757550482439
859,9074.547628158833
860,6768.107185039031
861,7293.84295751123
862,5791.375725564252
863,8184.046381863902
864,8548.534425445505
865,5476.581910905134
866,5799.847492879844
867,6860.548746128819
868,8396.779320256273
869,7295.428000817141
870,8675.671734702544
871,5959.598473714787
872,4857.747169113491
873,5644.394887713225
874,10166.244441207302
875,10577.580256898666
876,10220.638390895389
877,8291.86733364493
878,4394.058635762504
879,5786.88082468386
880,4610.304179462351
881,7919.343093048539
882,10957.459872081537
883,9572.441962000352
884,6089.8619978729685
885,5740.088467839461
886,4237.689528860735
887,5769.440424148895
888,11280.659559720585
889,6682.177160363843
890,5138.785848122222
891,5510.239631939482
892,8452.852831747965
893,3765.5017766632113
894,7578.830662059049
895,4367.920782537052
896,6358.775653389166
897,6928.9050282552425
898,5477.204455845609
899,7679.841044619913
900,7049.02749744023
901,5463.353361813966
902,6928.497296822766
903,7149.395315065952
904,11035.6927707475
905,5782.018352764499
906,8624.750456718712
907,7397.649089991913
908,9184.513795280198
909,6754.970962851144
910,9500.761781962756
911,4910.713069846915
912,4974.7269133375785
913,6386.847306244642
914,5683.010648375579
915,8967.774934470963
916,7632.957218387939
917,5789.946611177504
918,7316.933517841901
919,6804.995324977553
920,9583.355273266974
921,3983.871967975969
922,14327.40044503909
923,5224.888003786018
924,6341.19305189014
925,8458.953573193196
926,4901.951211306069
927,6472.137496433305
928,6236.976260435901
929,7621.106632512387
930,5470.417591651843
931,5976.31014909631
932,7355.75965200134
933,7991.9915543758425
934,7495.528434823569
935,5339.004093386143
936,7351.209416583502
937,10906.50169010798
938,6438.558230398257
939,4519.194001187703
940,6702.352961776706
941,6052.0824589935755
942,6067.167744417622
943,7405.370845064806
944,4049.3428749545424
945,8091.771517745398
946,6483.923072701643
947,7209.259923260721
948,7357.287188182937
949,4373.879177842372
950,6189.8859622429245
951,5557.727796999684
952,8655.976205626848
953,8770.935193532598
954,5470.664484380283
955,4932.063330159694
956,7089.825357468912
957,6022.0275405133325
958,6413.548409408324
959,8111.910714742142
960,6882.327056125178
961,8013.146338077788
962,5909.332414854998
963,4678.224345478321
964,6797.443143323796
965,7679.8624141313985
966,8448.682284832934
967,8483.26372349565
968,8315.494143491374
969,5931.993673247419
970,8773.276631482086
971,6462.673696108293
972,7638.602828509976
973,8843.88563317542
974,6533.710786453999
975,10399.503632149437
976,8026.484664932312
977,7619.736724489204
978,5783.8395460916945
979,7208.47695858045
980,7862.397471674281
981,6786.939008537435
982,4191.259151506585
983,5494.091717700185
984,8256.764213541624
985,6166.299330890255
986,4426.425972283495
987,8602.279879326705
988,6952.536298479972
989,5712.523933196268
990,6467.271085545989
991,5435.823078322406
992,7581.651020293329
993,7349.820447715085
994,6934.829996133594
995,5674.988712047231
996,5773.729110892106
997,6651.143304821473
998,4006.142976431539
999,6039.156747246323
1000,5491.960068254044
1001,8703.24535738754
1002,7531.546630679537
1003,6343.752144272509
1004,11219.508174277495
1005,6389.75933608978
1006,5223.48070240551
1007,10717.41900322061
1008,7464.468861734431
1009,8419.097511220498
1010,7581.989839412634
1011,4966.539659533877
1012,6301.475362974634
1013,5646.776139800586
1014,8099.325172705089
1015,12119.008473408465
1016,5849.441179772922
1017,3443.890466762897
1018,5376.592861698463
1019,8999.52880351522
1020,8790.464314076858
1021,6365.546678191107
1022,7311.456781066496
1023,5107.252753840757
1024,5582.796558620259
1025,3424.654448429108
1026,5350.696448888865
1027,5991.008233211234
1028,7358.62781569452
1029,7265.133012504384
1030,7684.814124972564
1031,8099.486785727878
1032,8966.690872378133
1033,7756.046417318898
1034,5006.336467372494
1035,9602.087520117595
1036,10986.964988411006
1037,5987.123966134448
1038,7933.654910157863
1039,5514.464085018537
1040,6724.056579489666
1041,4152.109852168472
1042,7529.2493958612895
1043,5909.770215058496
1044,9446.857227171862
1045,7244.972672072709
1046,8564.839501386517
1047,7988.601547314847
1048,5293.05236404297
1049,9199.817123558249
1050,18790.929442097116
1051,10195.376296371214
1052,6184.47373443189
1053,3199.905336994079
1054,6257.6417714546205
1055,8551.610733555712
1056,5550.71287024945
1057,12636.588039096061
1058,18341.789735713806
1059,4180.90266147365
1060,5645.368748101904
1061,7575.427676124001
1062,5906.003999163575
1063,8909.784663739647
1064,6852.784915737617
1065,7679.028968559364
1066,4435.575589621296
1067,7091.883479258661
1068,6312.54943586523
1069,7490.839268133892
1070,9879.19897974725
1071,5972.120576303357
1072,5629.767567111572
1073,7039.201985464449
1074,5609.204920126008
1075,5390.284126420294
1076,8033.55393247068
1077,5847.7145833120785
1078,5898.593321878885
1079,7517.004241248078
1080,6234.237933670443
1081,6340.286810438667
1082,7389.344031468589
1083,7357.531002922725
1084,8304.797181654927
1085,6761.736802195862
1086,7250.448147101837
1087,5809.739787696004
1088,3957.781461978111
1089,6763.854263175693
1090,7295.8565486797415
1091,6375.323036315497
1092,4705.730865330046
1093,9033.456808620127
1094,7351.600097674744
1095,9643.04776279093
1096,7404.114013879625
1097,5622.741430463726
1098,5303.19070070962
1099,4428.980641081507
1100,9945.171181495893
1101,5170.0764057258
1102,7709.266770648984
1103,14972.91968837697
1104,7546.358443144789
1105,6449.816926583336
1106,4988.110741619611
1107,4811.073980580276
1108,7131.940204042461
1109,4013.1974023221746
1110,6108.548744441933
1111,10546.165353184331
1112,5418.2516227400865
1113,17549.36543153624
1114,14645.23891816127
1115,4928.035151519017
1116,7337.210537909617
1117,6270.848184583593
1118,6932.497141675258
1119,5681.379985921113
1120,11424.019256333771
1121,7631.809328574324
1122,9788.854537078663
1123,4597.558770146093
1124,7651.852987728416
1125,4996.006407437598
1126,8298.315704257997
1127,6855.962452938306
1128,6176.988311728858
1129,6342.419953939043
1130,6317.892122640923
1131,8280.857430106278
1132,9146.746168828911
1133,5901.174561120455
1134,10417.09470402942
1135,6415.082626433888
1136,10042.343951044348
1137,5686.923066982525
1138,5586.560448315388
1139,5684.6975704133165
1140,10795.892463205602
1141,6250.678635236446
1142,7525.342703257114
1143,7013.01780282856
1144,9194.19514169321
1145,4599.431504724102
1146,8130.640817908479
1147,6552.167044633078
1148,4352.341077795262
1149,15186.456052155689
1150,17612.726077494375
1151,7491.218556122675
1152,7504.359782398094
1153,9765.252913745207
1154,10452.630409892781
1155,11534.931444850465
1156,5771.555244431796
1157,7692.626693075299
1158,5839.359985795408
1159,8385.563451172564
1160,3972.6374675995626
1161,6240.298502014046
1162,5898.498614095563
1163,5895.54270334389
1164,7658.382581710287
1165,5629.387257977518
1166,5151.171321555872
1167,6922.731600000487
1168,3894.339986517172
1169,5018.287173973922
1170,6451.863122949603
1171,7427.282173008053
1172,9281.115389044771
1173,8459.659871601805
1174,7452.302451276269
1175,6202.708584365427
1176,5928.030125803879
1177,11600.041205249137
1178,7875.682387439747
1179,5556.839442115428
1180,4988.230120382869
1181,7764.227557169753
1182,4631.605659960021
1183,7512.725323631635
1184,3442.7263582930177
1185,5720.20380456398
1186,8312.085817987065
1187,6158.730120748897
1188,5449.2162742965465
1189,8834.176237326414
1190,9271.27321213193
1191,12511.452271676779
1192,5957.626462236076
1193,9096.820761998064
1194,3206.4841358607728
1195,5469.074822466521
1196,6651.8463441413205
1197,4429.647312800339
1198,8230.79012955741
1199,5356.0413823817435
1200,5200.518472115787
1201,8904.96148540688
1202,11486.154841139318
1203,8107.260098755888
1204,5670.706583855375
1205,4838.566151431544
1206,9232.906213746226
1207,7810.7470380129735
1208,6294.653244417342
1209,5291.239103732405
1210,7196.046430216176
1211,9967.55538134341
1212,4799.020881463718
1213,6543.456382092919
1214,8003.976741167386
1215,8650.83932199813
1216,12707.945123120486
1217,4893.136049393218
1218,13887.459473659817
1219,6629.138705544346
1220,5257.909167393942
1221,3487.286777461839
1222,6365.463734692738
1223,6063.413500154332
1224,5683.008167893902
1225,6915.77908167233
1226,5188.160203505263
1227,4677.640237527776
1228,7272.382350334165
1229,3782.4773229992657
1230,8053.991276362335
1231,7309.488452255463
1232,7926.481493683654
1233,9218.569928809055
1234,5606.185149684799
1235,9127.354347288918
1236,6599.162038348522
1237,5872.7216277016805
1238,5850.07164922917
1239,6221.548650667224
1240,10843.101937514895
1241,6576.994999244833
1242,5087.099291526434
1243,8144.430295707095
1244,8649.12869212984
1245,7354.354134031479
1246,6484.140262360829
1247,8879.624603106015
1248,5595.922494016965
1249,6030.161294627076
1250,6411.127299300547
1251,8536.757853197267
1252,6241.175686834647
1253,6335.693867928975
1254,5998.8365117151725
1255,5060.52993605158
1256,3982.812822340726
1257,5153.695629945049
1258,8258.352336865904
1259,8574.315875310154
1260,10408.21854015259
1261,11200.909558586722
1262,7827.669970496692
1263,5804.980581587028
1264,5360.9905110062955
1265,10614.669197900821
1266,10431.987015601748
1267,7962.277093630167
1268,8805.820420476733
1269,8118.678286679236
1270,6124.395077543057
1271,4078.5822492316834
1272,10754.804450291516
1273,6539.4528820646265
1274,6707.146434710282
1275,6497.222915103066
1276,3332.708620461019
1277,11703.521909306817
1278,5906.7022812414525
1279,5797.992091779084
1280,5055.952787107777
1281,5703.932137508798
1282,6649.475479342112
1283,9289.104894599073
1284,6249.68006950788
1285,5380.622847026634
1286,5291.524333172333
1287,4809.177384060269
1288,3272.275235896259
1289,6999.9782699572
1290,17799.329118289075
1291,4635.6644955031425
1292,5907.251160627206
1293,7465.72114179266
1294,5749.101782363271
1295,5720.175462986179
1296,5137.423457511815
1297,4225.981570219853
1298,7202.380394750182
1299,6941.085756940464
1300,4478.044317925375
1301,8851.25494980967
1302,6182.024035622514
1303,4928.831796091165
1304,8744.702479454325
1305,8220.656093272464
1306,9242.24881584595
1307,5895.050995036232
1308,6826.331451829004
1309,5052.277902552422
1310,5231.552136454126
1311,16244.177222482907
1312,9900.20076561874
1313,6202.445950679876
1314,5698.885200803445
1315,4803.039851912064
1316,5866.125812881077
1317,4487.957976587248
1318,9050.66018802329
1319,5381.729182293025
1320,5789.769453856982
1321,7018.08986627819
1322,4980.645128447689
1323,6773.479255711951
1324,7779.843116108403
1325,7479.574671768077
1326,7011.344517140693
1327,4349.470602035515
1328,5914.951677253473
1329,6569.198142979512
1330,9127.266581824157
1331,8415.543637116009
1332,6923.655079763468
1333,4868.7723293806375
1334,8037.6155497739655
1335,6269.628474995405
1336,4617.201913940913
1337,7385.624624433907
1338,6964.401983815856
1339,6867.433197207534
1340,6381.330725762351
1341,6661.388784295099
1342,6961.913476704993
1343,5918.389465026508
1344,6989.36144684289
1345,6356.639948587624
1346,6762.262041528117
1347,8703.750049960354
1348,6101.20381467649
1349,4834.264819734558
1350,11963.429972811942
1351,6156.433501091235
1352,3989.63975478905
1353,8002.905742251436
1354,9705.656007192812
1355,10796.755144970602
1356,5214.24902047525
1357,5928.370516486293
1358,6234.746665436712
1359,7599.619195534885
1360,5753.431087205794
1361,8938.566166240656
1362,3511.651211631594
1363,6383.763800661646
1364,6275.354864334252
1365,5983.684391702674
1366,5267.9457107578955
1367,7086.295810906942
1368,8978.874234734632
1369,6571.441305651744
1370,8509.090843710777
1371,7212.527106195917
1372,8753.47119402146
1373,4655.959744909985
1374,6762.768609026751
1375,6683.688888855745
1376,8041.129663947402
1377,8652.470662591388
1378,3699.640259250752
1379,8590.180445281485
1380,7509.1719355070445
1381,7890.315959810313
1382,4580.624661575399
1383,4233.945719979962
1384,8254.061530934116
1385,6781.46172170026
1386,9087.486564145398
1387,6444.495373942193
1388,6124.258754559245
1389,7983.868107206648
1390,6763.376546342673
1391,7298.429190220485
1392,8376.685113036187
1393,6178.541605970114
1394,9110.50862813794
1395,11190.58409828172
1396,7591.938086557313
1397,4872.795848111764
1398,6087.025005763551
1399,4309.925060907854
1400,0.0
1401,8427.339009563873
1402,5358.363354425036
1403,8388.296470869707
1404,4648.43363784345
1405,6323.186597754447
1406,5905.291226383458
1407,10093.764555206299
1408,5301.2419378605655
1409,5509.73096915216
1410,6104.590777819166
1411,7890.745502329659
1412,5113.151016040107
1413,7552.183786314126
1414,7488.543710271657
1415,8817.588191747333
1416,7693.260332626876
1417,6910.785293572636
1418,5457.0493032119775
1419,4915.1570607163585
1420,4821.2533792898275
1421,10827.771926281248
1422,9596.224978730304
1423,6913.548196828852
1424,15158.896623064244
1425,5915.728931256854
1426,5396.1226875779685
1427,6437.049230619365
1428,8480.075889054404
1429,10112.023122979741
1430,7058.155730397691
1431,8279.942852118678
1432,8285.285398829588
1433,9622.355072033339
1434,6763.318840687855
1435,5628.863156248242
1436,5172.711994363432
1437,5129.198515726383
1438,4278.616157289904
1439,5556.463985764618
1440,8674.917728566956
1441,16530.58558210984
1442,7245.423221519364
1443,5343.212746565484
1444,7970.529451841396
1445,4297.850025887521
1446,6205.977607887018
1447,4211.082666280918
1448,8785.899857301434
1449,6466.186543375174
1450,6111.228705842597
1451,13517.44109255961
1452,12148.2873583863
1453,5518.433143863841
1454,6744.907043822518
1455,4141.585827492239
1456,5670.569732349227
1457,5642.030789932465
1458,8256.393486431023
1459,5064.044258134815
1460,4436.310267356387
1461,6561.407037453497
1462,5592.809153824019
1463,7365.030738097827
1464,7172.131152171679
1465,3656.8917882885257
1466,7016.155845827531
1467,8158.47323610048
1468,7941.537007842736
1469,5275.228106469666
1470,5019.876008836504
1471,8009.157957650423
1472,4838.972382430672
1473,9546.112282665516
1474,4830.737633194862
1475,4986.537490656984
1476,7182.830451817834
1477,6200.088019237338
1478,4856.996713717054
1479,6349.5217804471895
1480,7413.2331400323
1481,9576.110561899064
1482,9993.611729567801
1483,5677.03259995224
1484,3958.2594588230813
1485,5770.995363052183
1486,6708.390667241285
1487,4762.976699231729
1488,6608.40685305103
1489,6135.554002595297
1490,11931.942566105983
1491,7646.4802249577715
1492,6193.021132656068
1493,8442.892073955789
1494,5051.974169520833
1495,8633.442445891886
1496,6118.59240801897
1497,13712.452142511163
1498,6368.63788764091
1499,5484.869628740623
1500,5832.972269354779
1501,4009.9800089120895
1502,7509.506683274444
1503,18617.02791153268
1504,5003.2692999206765
1505,4689.463962639133
1506,9614.476165744925
1507,6695.025916616474
1508,8192.525230158855
1509,8401.017309361549
1510,6598.1114201968685
1511,5048.834508505347
1512,4781.482471819416
1513,9687.170957834718
1514,6183.221640294896
1515,7512.0831874439855
1516,7820.760338225852
1517,5010.908569062971
1518,7146.28505075312
1519,5929.191215272138
1520,4230.2953037582965
1521,8578.22445404486
1522,8269.435073068069
1523,4841.673393419808
1524,7504.871319920586
1525,6670.721995846873
1526,4665.9596187521165
1527,9218.400203154242
1528,6171.653785646796
1529,7584.500738461514
1530,4770.479870224831
1531,5147.825064454698
1532,7172.769712954701
1533,0.0
1534,7774.63106651464
1535,4873.624921641506
1536,6217.919457781032
1537,4770.679181089917
1538,6021.37839161056
1539,6627.187388016576
1540,6874.711347148199
1541,6804.092595992106
1542,8142.263252158987
1543,5911.539067671427
1544,7365.805807411602
1545,6950.928417719716
1546,9547.36317257794
1547,9706.98398416532
1548,6665.866133812522
1549,3544.690524380876
1550,6150.489101176609
1551,7369.32358482642
1552,4735.746316067885
1553,11471.513723386599
1554,5694.336442180322
1555,6769.8331038240285
1556,10778.584308327663
1557,6317.299263209867
1558,4632.125836667075
1559,12096.674318029398
1560,9832.835314200429
1561,5324.621641674801
1562,9052.590419371885
1563,9588.95369703219
1564,5806.560635147229
1565,5515.083700145218
1566,6779.9479104341035
1567,5834.677063973456
1568,6256.914816664665
1569,7108.122170884433
1570,4934.1183945618195
1571,6677.271152900309
1572,7492.93020925106
1573,6560.07274090677
1574,8393.987400472173
1575,6019.0911088524645
1576,6725.944544767194
1577,4017.850490649266
1578,7709.852583497294
1579,7165.79246731568
1580,5800.990156775457
1581,6631.3604447791495
1582,7258.646653731543
1583,9462.647896021554
1584,5815.072907857351
1585,5853.797432083348
1586,6207.84472330983
1587,7077.348962727629
1588,7059.370442189783
1589,4662.434994386916
1590,4414.262443678731
1591,8752.05605623105
1592,7367.713714823306
1593,5897.780065142183
1594,8191.789332408627
1595,6291.266190360971
1596,7514.129956512704
1597,5318.811508517185
1598,3619.751773325515
1599,7247.974388252832
1600,6356.417348540795
1601,6650.576845560602
1602,9744.058688648944
1603,9329.41126848479
1604,4923.833997580508
1605,7666.25407759112
1606,4277.760827118554
1607,3241.148496944741
1608,8041.0352180161
1609,12797.66125253487
1610,7272.777263277663
1611,7220.557268168924
1612,5129.592345118819
1613,6939.933695860936
1614,8960.38383035311
1615,6511.866919623753
1616,8398.009974258666
1617,5603.736049135573
1618,4643.812628760191
1619,5576.431506870246
1620,5309.690508310094
1621,5930.572238472505
1622,5587.642437496084
1623,5058.335107247576
1624,4502.729561486077
1625,7032.643465501081
1626,7071.069242140106
1627,5876.181455095608
1628,6122.715251567542
1629,7040.73935612537
1630,6062.980164379391
1631,6617.933771091638
1632,8846.703801828615
1633,7566.113516588814
1634,5490.032440030245
1635,3959.380467691157
1636,11278.197516126003
1637,6261.515273231609
1638,5804.515798126151
1639,9098.47967931751
1640,8500.658973057307
1641,7718.881237469036
1642,5949.721450337651
1643,7533.057720435482
1644,9815.815850999965
1645,14689.719553867737
1646,5434.77417381035
1647,4943.12568159545
1648,5123.802672434472
1649,6471.988335369565
1650,5614.54320232461
1651,7963.403377238863
1652,8777.387170427874
1653,6272.791412046396
1654,4236.656233359976
1655,5973.434979473479
1656,7914.326912117058
1657,5050.94282505169
1658,7440.669858999133
1659,4056.4224220225756
1660,7310.499058994769
1661,8171.876178348898
1662,7479.59659085022
1663,9657.835926741212
1664,6517.74321615192
1665,4495.432517048902
1666,6058.290336030405
1667,7777.799642992049
1668,8798.91589692624
1669,7618.5994311457625
1670,8002.933491094504
1671,6399.572772977514
1672,4720.946395260926
1673,9777.268261781885
1674,4678.112113777566
1675,9599.34093769675
1676,6025.03623240849
1677,4557.4314310593545
1678,7213.86898167481
1679,6330.778746224308
1680,7769.431912929601
1681,8923.930310975124
1682,4167.670367434358
1683,4742.324771274723
1684,8258.396429246835
1685,8730.272467368819
1686,10303.246653374614
1687,5807.201009256911
1688,5999.467453980068
1689,6632.204257267654
1690,6398.962161625745
1691,5740.972824347376
1692,9631.048629533607
1693,8694.1814313928
1694,11858.62394503863
1695,4458.179707987605
1696,6168.217979975442
1697,0.0
1698,8165.320297744926
1699,5460.585907483748
1700,10363.812309151032
1701,6890.374062265336
1702,5660.662252706212
1703,5242.853610992108
1704,5141.79144654091
1705,5397.900251374255
1706,6636.080013407628
1707,5279.523625737763
1708,5442.053670678564
1709,9355.442857277914
1710,6620.433002891782
1711,21560.620252941786
1712,6799.9965274630795
1713,4614.271233519235
1714,8741.050693852269
1715,10822.79800044937
1716,7841.328135488977
1717,8109.607014270453
1718,6461.663519125793
1719,8237.3081259886
1720,9368.778806370869
1721,5945.846311275728
1722,6541.657523646812
1723,7470.585117387559
1724,9214.277200732336
1725,8177.699021934902
1726,9031.563543082602
1727,6943.746696982597
1728,5335.167329461657
1729,6029.713263691718
1730,10929.198664792259
1731,11716.803825640867
1732,11848.840755282934
1733,9294.23107892609
1734,5651.882669115276
1735,6152.397224624893
1736,4936.496228707467
1737,8625.226828738481
1738,12302.909617725036
1739,9763.361369347616
1740,6846.818446350357
1741,6305.073692291187
1742,4941.3381553006775
1743,6097.188444286327
1744,11678.885508817106
1745,7587.774427620059
1746,5352.833500447491
1747,6045.363347491164
1748,8720.925005040057
1749,4116.076950505322
1750,8032.11186624688
1751,4769.356364246092
1752,6536.57873613896
1753,7249.688600305715
1754,6020.393626490618
1755,8225.933869217248
1756,7875.2974429615115
1757,5750.416574493488
1758,7963.770177863411
1759,7312.738255446491
1760,11689.35169051805
1761,6203.493230354015
1762,9549.460250907257
1763,7467.328813135381
1764,10198.1857867921
1765,7519.542012395567
1766,10682.172191672607
1767,5824.328563402231
1768,5884.89685392423
1769,7108.157876138959
1770,6036.142437524677
1771,9502.818193066554
1772,8315.904832450997
1773,6747.204243968811
1774,8177.808280563394
1775,6932.665403659498
1776,10734.006459791151
1777,4365.6885136835335
1778,15221.209122504964
1779,5970.536168668899
1780,6813.4707248905825
1781,9261.149105597722
1782,5603.976576998667
1783,7229.769391773765
1784,7119.011935559907
1785,8566.622648783876
1786,6067.172661481234
1787,6414.433551546507
1788,7663.714371152159
1789,8492.514977842002
1790,8438.429099967061
1791,5983.572612106258
1792,7961.7818347113
1793,11566.86841278359
1794,7183.889180310068
1795,4888.7758966723095
1796,7261.767953164013
1797,6431.191595935217
1798,6414.992063302843
1799,7664.784915654307
1800,4472.37511681857
1801,8980.136813703859
1802,6957.256771988353
1803,8017.651680279886
1804,7518.8546739406975
1805,5120.999840009147
1806,6992.421440504801
1807,6018.162604089775
1808,9572.135737850127
1809,9714.994147699057
1810,5846.26181440269
1811,5433.773306445051
1812,7605.392332296792
1813,6365.716256113059
1814,7003.349752275961
1815,8758.625658012179
1816,7491.019034452798
1817,8594.04753375706
1818,6786.700921797994
1819,5027.519061266523
1820,7682.315790724448
1821,8014.609864338624
1822,9307.182497229922
1823,8991.634340347171
1824,8668.38022524501
1825,6359.983387918047
1826,9271.374981594665
1827,7048.050391338108
1828,8341.223141856053
1829,9594.924239204878
1830,6961.698561686942
1831,11854.406540736922
1832,7927.336792917962
1833,8718.15936292867
1834,6416.240902804918
1835,7946.625992818873
1836,8755.887490001352
1837,7616.4590335523135
1838,4496.4113475022405
1839,6055.9643893307275
1840,9044.105068263822
1841,6793.781785669099
1842,4916.607704979429
1843,10116.7245369126
1844,7225.186473753219
1845,5978.719890518346
1846,6953.999012545256
1847,6257.639181508852
1848,8759.93767224461
1849,7758.162098648573
1850,7915.835302131744
1851,6216.061594549905
1852,6653.605918954406
1853,7391.537852693216
1854,4396.990002878193
1855,7680.146080756178
1856,6092.0302929166655
1857,9327.93794460608
1858,8235.261603260475
1859,6594.677945851904
1860,12051.128554630488
1861,6273.124323977845
1862,5380.763247211181
1863,11569.992635262322
1864,7607.135937607952
1865,8895.919372085074
1866,8211.053234562502
1867,5225.25721771363
1868,6944.037054602678
1869,5978.89511329973
1870,9325.988854221298
1871,13408.158459076625
1872,6456.922237129287
1873,3611.8944115328654
1874,5120.421660198102
1875,9742.415923454131
1876,9534.117344077224
1877,7066.4441531870625
1878,8153.803760351787
1879,5392.283048002584
1880,6355.93549233451
1881,3858.9443131072944
1882,6144.945654299813
1883,6441.080009583696
1884,7855.869017533672
1885,8213.538385647978
1886,8439.058135020325
1887,8590.970738379629
1888,9585.407324910886
1889,8161.544749540953
1890,5331.71548098097
1891,10559.564823327719
1892,12381.942322473942
1893,6870.380634562384
1894,8763.697015300779
1895,6062.342789841514
1896,7131.70054053574
1897,4673.064935485307
1898,8650.659611394703
1899,6429.267053319288
1900,9880.919318805873
1901,7818.740809396128
1902,9425.363203110945
1903,8705.96630826683
1904,5670.9506897253605
1905,10151.023697718383
1906,20429.87488637579
1907,11350.11441305574
1908,7313.462465286018
1909,3402.676815991215
1910,6514.3644318845345
1911,10039.842406316764
1912,6029.688187132391
1913,13107.463014482175
1914,19037.044387841306
1915,4458.786938274762
1916,6374.17831405202
1917,8048.124000585842
1918,5981.187124617687
1919,10262.92043310892
1920,7809.200114577355
1921,8781.419591058102
1922,4650.266557019692
1923,7616.466982401289
1924,6903.5538205038665
1925,8104.755994627668
1926,10984.6709995819
1927,6194.481463908957
1928,5945.931728324637
1929,7572.613260604408
1930,6187.610551445576
1931,5767.995510184775
1932,8467.85827524674
1933,6367.942851760081
1934,6376.396832504288
1935,8815.51181643256
1936,7467.10410717885
1937,6751.678685804227
1938,8370.837610526658
1939,8228.383254766832
1940,8430.251887008044
1941,7105.150262230775
1942,8247.24671819411
1943,6069.790491819625
1944,4238.842749473256
1945,7123.5258230281615
1946,8082.956133498681
1947,7001.134459773043
1948,5198.263345118797
1949,10330.222387918851
1950,8322.810532807922
1951,10142.491940497812
1952,8056.376053513975
1953,6318.1848820530695
1954,5908.785277363961
1955,4721.409641312318
1956,11272.01053979827
1957,5398.821283481356
1958,8051.494247685233
1959,16977.731227247183
1960,7879.354052881127
1961,7267.285548230819
1962,5328.712821344778
1963,5264.651815262128
1964,7887.109577336497
1965,4267.547755819358
1966,6675.42320416049
1967,11519.54702731556
1968,5672.161580451843
1969,19636.82943138959
1970,16345.563693694872
1971,5186.428902942442
1972,8148.638157044037
1973,7047.108314268213
1974,7665.361592929325
1975,6409.709717236661
1976,12191.103030470187
1977,8308.379586616762
1978,11361.769238443087
1979,5127.415745551042
1980,8093.054436724772
1981,5146.573235710858
1982,8946.42877810577
1983,7622.603321796017
1984,6895.845371120289
1985,6538.622778409705
1986,6572.338956227994
1987,8886.356381279315
1988,10055.882097697237
1989,6141.143947760021
1990,11270.355441172349
1991,6525.741155962678
1992,11063.11009832327
1993,6603.382896893161
1994,5943.233425073071
1995,6162.76725154446
1996,11746.433005131208
1997,6608.587257818523
1998,8096.467231553353
1999,7430.904701346688
2000,10067.058105297334
2001,4790.320124959357
2002,9616.564259145945
2003,7691.536472131031
2004,4676.941627239196
2005,16063.618295371372
2006,18218.650637231145
2007,8190.88514693396
2008,8124.9767228633655
2009,11230.978732334455
2010,11818.497034215261
2011,12788.285436606737
2012,6871.698977832842
2013,8983.786603211187
2014,6441.980896881031
2015,9030.033445984542
2016,4519.423961428582
2017,7210.854505263849
2018,6309.781532097984
2019,6350.204647013061
2020,8418.277346385208
2021,6100.1469218382545
2022,5995.749047598113
2023,7444.349871283085
2024,4158.5946980976705
2025,5304.962384423385
2026,7327.541976448674
2027,7578.182874832725
2028,9948.564052850803
2029,8943.892911437353
2030,8066.359943010729
2031,6438.752025885836
2032,6286.933945250715
2033,12742.804330566138
2034,8692.261286384157
2035,6273.094997195106
2036,5339.790702367242
2037,8136.309658816281
2038,4878.623644270224
2039,7611.453151120279
2040,3903.436906954285
2041,6436.850974327386
2042,9514.159754266015
2043,6396.760032300199
2044,5611.71879236394
2045,8998.568421152178
2046,9951.308798061133
2047,13300.00753148098
2048,6663.767075961261
2049,9468.39976497299
2050,3548.198394135519
2051,5865.768973671942
2052,7115.371671565207
2053,4885.055364441367
2054,8539.312738326835
2055,6039.849312488833
2056,5608.959107359884
2057,9619.277704052369
2058,12867.549345845138
2059,8487.47029505566
2060,6150.025510387143
2061,5544.734181069237
2062,9293.478299203287
2063,7595.543040267906
2064,7352.437371285951
2065,5847.33090033384
2066,7553.491152013267
2067,11697.344527673346
2068,4899.567749609896
2069,7198.736092337144
2070,8581.747410323165
2071,9417.322994699913
2072,14700.26007785795
2073,5084.844670262016
2074,15143.375095580051
2075,7147.096126964676
2076,5596.176925311249
2077,4051.1610633418854
2078,7152.9448395365
2079,6522.503735232328
2080,6468.590078109234
2081,6864.170155627108
2082,5551.507969562506
2083,5248.788993391825
2084,7689.814770888832
2085,4116.418354667475
2086,8601.199100843876
2087,7909.828427179229
2088,9104.463247215803
2089,10075.586068112294
2090,6112.065684133223
2091,10289.043840891023
2092,6850.480647543221
2093,6198.296098790789
2094,6064.104768411011
2095,5781.413554673909
2096,11993.99693882425
2097,7029.329523017046
2098,5647.318531289681
2099,8443.314349165501
2100,9292.643352718564
2101,8383.017379512745
2102,7392.192365791036
2103,9398.022783905268
2104,6019.035512060824
2105,6320.35029057166
2106,7183.22486882661
2107,8729.151400082594
2108,7505.22477398446
2109,7299.453088273456
2110,6528.354646628291
2111,5491.651221497233
2112,4313.902028863871
2113,5470.505753199417
2114,8528.342199996596
2115,9583.546365697435
2116,11195.471568799847
2117,12711.635935884638
2118,8570.216494212735
2119,6246.133144180336
2120,5857.152913367251
2121,11538.031771742071
2122,11604.865423475165
2123,8665.855607402917
2124,9801.673215985502
2125,9907.591498060448
2126,6615.5958083674195
2127,4749.830179397046
2128,11631.862816234667
2129,7291.731439422678
2130,7458.354266156697
2131,7178.890526779831
2132,3646.8956685225244
2133,13158.813834030118
2134,6152.903184540278
2135,6799.340888212607
2136,5419.614502782258
2137,6015.5121982664405
2138,7682.605898881012
2139,10590.84435454298
2140,6534.547700901896
2141,5679.0706969517
2142,5601.782621621419
2143,4843.2294321622885
2144,3639.0362423291103
2145,7565.522604967066
2146,18529.762209319815
2147,5098.913847692794
2148,6343.597679809176
2149,7988.807090748835
2150,6731.268205186936
2151,6292.6405369498225
2152,5313.425379215928
2153,4826.453990559564
2154,7702.960904795631
2155,7302.387723998809
2156,4896.374844503521
2157,9747.328308398166
2158,7339.9704493062045
2159,5610.205539053068
2160,9141.541887002617
2161,8978.988444598393
2162,10177.27719217373
2163,6910.049219938214
2164,7820.382580646923
2165,5441.058653949956
2166,5685.696382620095
2167,16759.883812810247
2168,10374.064504495347
2169,6594.295624110804
2170,6587.196135713193
2171,5089.889773756029
2172,6404.396287169611
2173,5189.0989469917
2174,10244.866470925554
2175,5955.589095110161
2176,6291.7153459243455
2177,7269.344281178964
2178,5320.752906796396
2179,7579.968122566167
2180,8952.1667216792
2181,7906.497118350109
2182,7717.245773818363
2183,5320.165482416242
2184,6319.64689477737
2185,6846.579787319035
2186,10048.540394140666
2187,9309.283931606056
2188,7490.147597531652
2189,5388.615756331943
2190,8309.781814790533
2191,6824.115500140029
2192,4902.850838440742
2193,8346.46658883644
2194,7658.0090145176255
2195,7690.39518833607
2196,6928.941937563421
2197,7239.104018012712
2198,7337.796019167729
2199,6621.33360336707
2200,7378.27325835094
2201,6518.554137900855
2202,7846.999973599663
2203,9441.543017320093
2204,6252.394488566579
2205,5378.179488406511
2206,12845.468073073356
2207,7092.390005262892
2208,4221.69109675839
2209,9177.134195247536
2210,9877.428275403465
2211,12209.374548107418
2212,5734.657389336465
2213,6611.130393830908
2214,6682.997649783381
2215,8131.14567394776
2216,6518.247499045108
2217,9511.752183087689
2218,3908.640977211221
2219,6980.14124777881
2220,6918.347990667955
2221,6554.272383600118
2222,6142.1330510831185
2223,7673.865048591632
2224,10022.114700882144
2225,7084.95035802207
2226,9640.752156866743
2227,7863.063167622344
2228,9656.19630742412
2229,4669.413214348227
2230,7466.266097238248
2231,7225.847704210795
2232,8720.148101563993
2233,8989.351539452393
2234,4310.790121292832
2235,8998.153077576066
2236,7934.816724411813
2237,8726.380616025504
2238,4898.85688723364
2239,4657.543852423961
2240,9279.0382882266
2241,7747.530122273858
2242,9620.485771010413
2243,7356.100151856469
2244,6970.6710467001785
2245,8601.829350218268
2246,8182.263023306435
2247,8984.201270877638
2248,8722.804014110163
2249,7114.201861793093
2250,9785.795992919238
2251,12104.057099776448
2252,8596.250362792242
2253,5782.0730433324825
2254,6640.325354149982
2255,4664.924719783648
2256,0.0
2257,9570.688312686692
2258,5651.835547007197
2259,9932.840586553293
2260,5029.815474501541
2261,6734.998694194106
2262,6543.993271351159
2263,10406.20907477231
2264,5533.308533446281
2265,5808.837075819888
2266,6725.393333107123
2267,8865.502069038126
2268,5341.1675523861
2269,7662.526511206383
2270,7660.326055175762
2271,9316.954259838874
2272,8193.610638255559
2273,7431.276819542665
2274,5895.896986293217
2275,5519.984190291864
2276,5302.054878813063
2277,12755.55195103699
2278,10610.945646186814
2279,7311.576406778127
2280,15688.959968900264
2281,6726.53665587303
2282,5919.062547150257
2283,7397.657611124049
2284,9158.184324720087
2285,10959.680001750436
2286,7669.72478102908
2287,9445.067305779932
2288,8833.598388073879
2289,10178.25924367029
2290,7346.929364204436
2291,6247.273564834989
2292,6030.1064265100085
2293,5552.231024539284
2294,4721.625715902711
2295,6291.166922903104
2296,9499.633063824342
2297,18300.85145230467
2298,7976.613619596049
2299,5731.227860880994
2300,8630.46229448012
2301,4629.293673638929
2302,6392.445055185202
2303,4658.445277898179
2304,9647.406929531267
2305,6805.752747298569
2306,6999.907255007074
2307,15069.735873324444
2308,11916.878046615193
2309,6076.668438764385
2310,7354.393522378628
2311,4344.443955545914
2312,5937.375253652083
2313,6091.210834540337
2314,8700.400331572351
2315,5743.240258947064
2316,4733.605083567142
2317,7204.6181935092345
2318,5942.824460081228
2319,8773.182280412839
2320,7801.374410479774
2321,3907.527386415726
2322,7584.620784484816
2323,9609.806270127707
2324,8585.03329466005
2325,6166.584661071185
2326,5467.46989300069
2327,9266.77581050408
2328,5207.736023993497
2329,10285.907383443373
2330,5159.215041470507
2331,5504.220944959196
2332,7601.960943340301
2333,6767.293641887625
2334,5185.398796211481
2335,6526.9009645600145
2336,8037.444524769244
2337,10252.894213977195
2338,11136.887038307244
2339,5945.731550475519
2340,4404.259203111136
2341,6250.116255588056
2342,7313.318588140193
2343,5467.806654988447
2344,7503.706633360438
2345,6667.870202511332
2346,12839.860292542375
2347,8261.297119996103
2348,6875.5902608188635
2349,8978.823272915111
2350,5500.798460757824
2351,9539.411893231554
2352,6804.956314592187
2353,15339.105346812388
2354,7021.050464385619
2355,6030.470915159185
2356,6484.87297350766
2357,4847.6783777061955
2358,8127.431247599498
2359,19839.267655618667
2360,5054.09570814674
2361,4940.789962700134
2362,11681.037216008752
2363,7321.380658135254
2364,8720.28189038039
2365,8829.757197465144
2366,7273.738921446513
2367,5130.823601917785
2368,5578.516547512276
2369,10845.453125432892
2370,7038.622192745082
2371,8122.648669368886
2372,8156.554483135214
2373,5403.227665115473
2374,7565.697076429124
2375,6917.270438797834
2376,4517.195323047728
2377,9564.690684414662
2378,9732.99909058046
2379,5164.452140552572
2380,8152.345487051392
2381,7268.317522503395
2382,4920.077519355462
2383,9804.959772511751
2384,6569.156856190358
2385,8177.952134557752
2386,5096.5385038863005
2387,5745.741927163922
2388,6961.914459632631
2389,0.0
2390,8624.83057388369
2391,5229.492481706338
2392,6819.370442451332
2393,5485.615626414737
2394,6610.433506743073
2395,7072.197513326698
2396,7596.892874082318
2397,7711.60842844185
2398,8554.330040433937
2399,6533.483426378649
2400,7763.829638341723
2401,6948.70527190496
2402,10145.083579282189
2403,10308.02730596402
2404,7082.021921201002
2405,3749.7403723347497
2406,6728.921762724805
2407,8265.920622893183
2408,4949.31207726935
2409,11504.876473042377
2410,6016.614068343606
2411,7772.799283116043
2412,11908.725839686926
2413,7429.345344548499
2414,5291.059259143202
2415,13624.712679324639
2416,10427.976019474561
2417,5509.906292338811
2418,10474.152223867373
2419,11403.999826313433
2420,5976.340487934658
2421,6122.699065107394
2422,7640.296121916666
2423,6496.781415674084
2424,6645.997108132318
2425,7479.676737435866
2426,5617.99175047555
2427,7508.519051249866
2428,8254.371222011687
2429,7720.214492558351
2430,9021.789692032986
2431,6573.4052067567145
2432,7442.755469282005
2433,4382.070870978328
2434,8408.898012825855
2435,7759.903105846619
2436,6385.814318660496
2437,7171.913220410821
2438,8212.116686907124
2439,10793.724328772383
2440,6320.637849601236
2441,6471.540709778212
2442,7001.350158930445
2443,7087.634251729971
2444,7770.165684562438
2445,4964.7974476103855
2446,5065.81776208334
2447,8338.30399104545
2448,7518.4706475589155
2449,6757.091187826686
2450,9080.933226740239
2451,6497.210074785886
2452,7818.427592486385
2453,5748.103405952559
2454,4129.207256679548
2455,7862.19945607862
2456,6951.218604980192
2457,8603.641148633058
2458,10453.974619284847
2459,9754.423501827512
2460,5385.847930503016
2461,8553.095739256823
2462,4481.847800025989
2463,3910.3485615025156
2464,8891.705090154817
2465,13838.160006435928
2466,7679.496912214685
2467,8186.125570980553
2468,6061.675584478169
2469,7944.98007989108
2470,10230.998675082394
2471,7314.97738171994
2472,9194.274712726914
2473,5946.41024591309
2474,5073.022338035026
2475,6087.983917462297
2476,5746.4931454331545
2477,6357.845319303093
2478,6210.542445349464
2479,5594.486857540532
2480,4937.267150570076
2481,7456.417679805137
2482,8798.491571015125
2483,6201.476264661664
2484,7148.219403747838
2485,7440.6945146142225
2486,6579.3125414640435
2487,7027.834435850715
2488,9062.257199303622
2489,8185.637675964614
2490,5624.2745081451485
2491,4502.229747958272
2492,14528.254847388675
2493,6489.557374571379
2494,6885.712328573109
2495,10159.89728344405
2496,8967.456887287753
2497,8701.31219253677
2498,6320.300817888976
2499,8103.765658757603
2500,11828.146541754799
2501,16268.25483242881
2502,6497.300108898218
2503,5792.641224062971
2504,5482.978569975196
2505,7009.45125568036
2506,6029.627088243984
2507,7905.117648849272
2508,9912.589328509563
2509,6575.373645994807
2510,4664.815378071102
2511,6860.548228197706
2512,8626.343591673965
2513,5789.588468093146
2514,8106.413211282758
2515,4482.074531278315
2516,7791.020354869103
2517,8957.15576012802
2518,8253.882133273568
2519,10770.834369213617
2520,7330.366865344957
2521,4907.3270354462775
2522,6324.478526853217
2523,9140.885173485274
2524,9449.081884064046
2525,8157.572505874488
2526,8419.108175589927
2527,7113.897654415781
2528,5245.609997362211
2529,10789.355882702448
2530,5107.809609085279
2531,10856.011941220231
2532,6385.555104227836
2533,4861.600263392073
2534,7962.274522779332
2535,7027.256689359439
2536,8263.352739714393
2537,9629.751155027516
2538,4634.000458059923
2539,5275.813079599286
2540,9417.19838770577
2541,10159.077950440813
2542,10581.427729446668
2543,6258.564667609499
2544,6834.416599229432
2545,7663.708849422442
2546,6807.065804460886
2547,6384.195784275886
2548,10620.952544267395
2549,9697.215290280523
2550,12397.093832227469
2551,4736.052138165684
2552,6802.164836391456
2553,0.0
2554,8890.003682867575
2555,6714.504737791208
2556,11514.549247417564
2557,7373.204721871342
2558,6559.929953737409
2559,5676.590992477312
2560,6016.764721136538
2561,6017.9540703725625
2562,7579.593224537362
2563,5815.183379229668
2564,6294.491079382098
2565,10581.85289382653
2566,6908.669599252303
2567,22872.47027398895
2568,7300.08647651307
2569,4986.589254813942
2570,9308.377269749773
2571,11985.420217567449
2572,8849.903382172573
2573,9929.08179885574
2574,7287.703755022671
2575,8990.186908105818
2576,10795.540699957804
2577,6737.611007106566
2578,7289.574524934621
2579,8672.786855811026
2580,10328.864326610752
2581,9330.812510277718
2582,9707.11563969542
2583,8240.861414014313
2584,6017.382073496956
2585,7606.004622323892
2586,12989.167082320755
2587,13151.733664507394
2588,13131.298030343683
2589,11801.261991734287
2590,5627.364097883497
2591,6839.262797089506
2592,5483.661410605924
2593,9935.446548450358
2594,15206.699661860475
2595,10549.886269749144
2596,8574.34502028263
2597,7726.704728816958
2598,4805.446519788909
2599,7392.770306113525
2600,13347.391410079146
2601,8735.82876900556
2602,6472.260788026507
2603,7353.682303113739
2604,9474.798879724423
2605,4695.326354292325
2606,9219.491873347366
2607,5849.2323159257785
2608,8035.014320556044
2609,8945.869211353782
2610,7040.742360366993
2611,9298.80304440291
2612,9792.026040856732
2613,6388.4033411304
2614,8633.161646986855
2615,8728.387892384195
2616,14164.720850357735
2617,7160.598582167713
2618,11216.79167832914
2619,7892.713634705874
2620,10854.076077716823
2621,9281.532359879642
2622,12580.528998590344
2623,6976.473982856806
2624,6331.789565412175
2625,8014.779591477148
2626,7068.7405542709075
2627,11583.598420770251
2628,10399.223222285793
2629,8126.950106908356
2630,9746.99371768848
2631,7697.313818358111
2632,12590.101818657218
2633,4964.362217203293
2634,17010.28030703019
2635,6394.080888184929
2636,7526.10823598564
2637,10437.27014408941
2638,5987.640155398811
2639,8883.494764959416
2640,7779.272724485429
2641,10568.293118988422
2642,6921.68001852736
2643,7159.5115307654305
2644,9043.540604498752
2645,9460.24968991791
2646,9970.439278246371
2647,7071.009429928604
2648,9099.530368319342
2649,14010.43841794538
2650,8095.661645592479
2651,5349.276192235753
2652,8685.747920593863
2653,7158.497973913504
2654,7406.837546815267
2655,8555.21209843288
2656,5154.208186863274
2657,11901.522600201995
2658,7835.833279449459
2659,9525.105307447824
2660,8914.582029133897
2661,5132.61879761605
2662,8617.352606565866
2663,7219.681603229342
2664,11108.47432146384
2665,10500.082989467084
2666,6415.080250951427
2667,6510.1055857209085
2668,8733.173171492519
2669,7438.78751422621
2670,8333.71383148077
2671,9693.61466780238
2672,8329.596677321966
2673,9548.222892055779
2674,7666.918160964835
2675,5584.246813050657
2676,9279.621001943578
2677,9400.563419481341
2678,9739.123170283163
2679,10947.70023475078
2680,10738.554704543118
2681,7239.235734825299
2682,11359.359665763377
2683,7967.556170235365
2684,9700.833553338762
2685,11918.814727841691
2686,8587.358525058327
2687,13019.98331318522
2688,8456.808110664222
2689,10731.318812368438
2690,7265.915370635446
2691,8778.324869118373
2692,10551.122572565317
2693,9114.032602335858
2694,4714.483179563505
2695,6494.190564534931
2696,10721.974668631445
2697,7830.184917923762
2698,5186.809010095053
2699,12614.843094887927
2700,7755.2531350977615
2701,6704.214779552344
2702,7555.500035538205
2703,7706.230682879182
2704,10042.463864443765
2705,9019.016764151038
2706,9224.302438572491
2707,7339.2967961341765
2708,7765.493125100826
2709,8833.014340975998
2710,5102.386160748272
2711,8209.91698698464
2712,7405.774443877922
2713,10429.351828162615
2714,8943.386771664047
2715,7169.29480141918
2716,13217.643379953
2717,7503.117847487181
2718,5831.880058659505
2719,13400.614226068286
2720,8559.98935324673
2721,11042.525688668167
2722,8824.403904848534
2723,6167.41573588835
2724,7948.886561852693
2725,6639.440335661536
2726,10475.48094578554
2727,16929.44510973843
2728,7354.940487874525
2729,4058.975475779119
2730,5644.56598985412
2731,11426.076623405344
2732,11374.057874337585
2733,8167.301482192539
2734,9414.55362002499
2735,5765.766032213244
2736,6578.211404735913
2737,4226.228706329112
2738,6523.478435227058
2739,7560.147515316033
2740,9550.283982442246
2741,9046.2821287385
2742,9266.369410222302
2743,9581.838442396534
2744,10939.210010298746
2745,9430.075521764993
2746,6043.5443624837435
2747,11733.153238916653
2748,15962.302141077085
2749,8182.038758869582
2750,9760.841705314951
2751,7086.394824270401
2752,8305.29522126358
2753,6304.146241883054
2754,9726.892964245957
2755,8198.023919444016
2756,10978.965580340555
2757,8725.209496889376
2758,11492.629423570515
2759,9601.49505714866
2760,6438.027591489113
2761,12722.29146998629
2762,21791.15599971788
2763,13879.844589997538
2764,8982.528826436206
2765,3959.875032986171
2766,7555.145082294164
2767,11427.458368829482
2768,7034.54562318575
2769,13191.03608839546
2770,20024.47606117565
2771,4935.657155285631
2772,7714.655952728878
2773,9304.904380045215
2774,6792.540860588404
2775,12217.514423074688
2776,9315.578000256713
2777,10985.352008019141
2778,5044.429663984866
2779,8756.11855985845
2780,7958.83564639297
2781,9445.974818032317
2782,14287.243557158445
2783,7197.588931625459
2784,6784.354760771499
2785,8433.6275180436
2786,6965.885273684831
2787,6410.9185562399725
2788,9529.720481169072
2789,7912.358051410838
2790,7669.66096823731
2791,10469.931757860766
2792,7964.4020526621725
2793,7361.4767431238615
2794,9244.23942384839
2795,9906.375894146237
2796,10514.934424778625
2797,8710.497827156216
2798,8540.80335046509
2799,6619.082394688985
2800,4921.4700655197385
2801,7713.870006629066
2802,8983.166057552093
2803,8702.891313296388
2804,5709.3045399401335
2805,11407.24831679986
2806,9930.62647688362
2807,12606.908691943987
2808,8829.378925089872
2809,7753.39570674163
2810,7163.148969149233
2811,5415.7150308132395
2812,13776.054608486664
2813,6137.985245859148
2814,8957.296545133628
2815,18801.318139548566
2816,9068.899615603692
2817,7829.6814340306
2818,6191.190856725447
2819,5856.390645862403
2820,9367.662628016344
2821,4745.522833816205
2822,7471.132629797628
2823,12507.301615921227
2824,6578.806516307855
2825,22111.560736917272
2826,17715.39190988662
2827,5844.7133135869835
2828,9296.125106089336
2829,7081.726324897
2830,9137.481697593177
2831,7177.631307056315
2832,13458.292919529054
2833,10202.275885136001
2834,12809.935507398588
2835,5731.7846644935935
2836,8851.783521994346
2837,5722.835717136236
2838,9607.90641238595
2839,9137.321891121946
2840,8289.215777589958
2841,7711.679026838116
2842,6756.327925552819
2843,10736.698549907307
2844,11464.245244640013
2845,6799.625172552436
2846,14575.480076356545
2847,7718.956108466219
2848,12447.281045349502
2849,6418.360295914067
2850,6756.567273555787
2851,7861.643098958052
2852,14703.622064813977
2853,7773.533614958262
2854,9883.299224588738
2855,9012.351206741294
2856,11802.925856116
2857,5450.534281285389
2858,9367.96311029135
2859,8165.687843210363
2860,5473.909613215545
2861,17372.12007923619
2862,19939.758739885554
2863,10168.982150870823
2864,10182.47215132664
2865,12844.780584870869
2866,14443.889018573373
2867,13864.287201306473
2868,8095.16307796016
2869,11197.657727161322
2870,7693.913614475913
2871,10338.729783048282
2872,4838.422212080483
2873,8216.93670678958
2874,7325.9516120067665
2875,7118.518208781879
2876,9540.039987377573
2877,6508.50585492839
2878,7276.801233746464
2879,8764.892573126352
2880,4812.509011312262
2881,6008.13948101075
2882,7878.09157639284
2883,9242.854214264706
2884,12649.339088350252
2885,10455.879293954755
2886,8794.299411072285
2887,7736.832947003223
2888,7444.551209722103
2889,14835.615047244879
2890,9790.59957105943
2891,7566.02266146275
2892,6143.068836903948
2893,9553.247508116234
2894,5294.532512854777
2895,9118.044297633529
2896,4368.18366306619
2897,7078.037786036598
2898,11153.520520365275
2899,7739.094832840027
2900,6745.832021649593
2901,10779.406383284955
2902,11341.099322885088
2903,14687.208781402142
2904,7385.731691178389
2905,10791.043362703631
2906,4040.778039589428
2907,6575.173294162797
2908,8069.2071928273535
2909,5584.753598458661
2910,9006.522956747991
2911,6999.837540506754
2912,6421.401120919591
2913,11359.156804132197
2914,14443.515249899663
2915,9731.070357801911
2916,6920.0653646820665
2917,6375.48467432784
2918,10605.926428719571
2919,8337.327429385121
2920,7967.738243939665
2921,6905.963038918301
2922,8916.923057258673
2923,12900.583004256194
2924,5350.800966001376
2925,8456.304866783803
2926,10492.725377665634
2927,10897.74035862294
2928,15540.92677692126
2929,6295.607573482479
2930,16552.53329467111
2931,8316.213666904332
2932,6283.459376659713
2933,4513.286761563247
2934,8037.1737753404
2935,7609.369959542126
2936,7973.812468439842
2937,8111.900139925668
2938,6182.8317375462975
2939,6553.135737015733
2940,8907.852916561189
2941,4859.270516913398
2942,9254.26827609008
2943,9472.377190645137
2944,10045.684680775796
2945,12053.681895471713
2946,7538.164318160681
2947,10855.270263228576
2948,7271.444711721948
2949,6924.203822849407
2950,6358.097947659496
2951,6514.1197214903095
2952,13607.181382567818
2953,8412.052881348936
2954,6188.070269288181
2955,10329.286888857265
2956,11479.773232644018
2957,9981.033521312514
2958,8472.474672726026
2959,10811.135226560582
2960,6549.32421968747
2961,6367.43965097843
2962,8051.180607301624
2963,9989.81217036653
2964,8522.412580728069
2965,8368.441524788088
2966,8179.581740669194
2967,6612.494337833736
2968,4848.975624820874
2969,6131.077074978375
2970,9844.734612363727
2971,11051.471995365473
2972,12515.457948175585
2973,15097.302522908489
2974,10264.940320223848
2975,6854.277045685151
2976,6207.377553142865
2977,13000.926079639223
2978,14190.481532157939
2979,10486.439921965431
2980,10961.95593271056
2981,10688.572179078306
2982,7408.733414332467
2983,5473.688222369459
2984,12537.374711781118
2985,9000.919581177286
2986,9109.031927934471
2987,7810.433765158815
2988,4373.17752568723
2989,15189.295533461587
2990,7354.528034383926
2991,7501.11311022371
2992,5855.074066825129
2993,6883.228839267689
2994,8184.7281963905925
2995,12816.497731322905
2996,7235.996224000661
2997,6283.116526977009
2998,6436.961210170515
2999,5643.9394671506625
3000,3884.972004355265
3001,8664.79333697175
3002,19925.59434220325
3003,5504.049712667148
3004,7259.343076827317
3005,9351.084299000184
3006,7021.506101769679
3007,7422.458941658855
3008,6232.567828554344
3009,5370.839502158413
3010,9343.611949468675
3011,9136.800646613761
3012,5348.833072551837
3013,11874.572268744832
3014,9330.570644026297
3015,6196.361191314911
3016,10908.687575609254
3017,10703.031114928546
3018,11135.79395917876
3019,8052.28374679671
3020,8797.581795092094
3021,5881.407919923198
3022,6493.875304417104
3023,18189.099577772675
3024,12731.346168368505
3025,7754.799763564209
3026,7708.910769462915
3027,6002.831069450099
3028,7126.438198982672
3029,5537.885707113546
3030,11477.944804999937
3031,6123.554524949243
3032,6986.587395407867
3033,8935.599598835739
3034,5956.039516341993
3035,8482.828344119653
3036,9322.815811984305
3037,9858.085001148931
3038,9067.848933206049
3039,6281.632488492159
3040,6711.210454539698
3041,8605.540247620045
3042,11690.08256910178
3043,10410.951769379728
3044,8858.686059983016
3045,6019.9400798115585
3046,9439.91244391273
3047,7233.35753800147
3048,5748.23843549971
3049,9008.677258841417
3050,9394.742404272576
3051,9076.472214705514
3052,8492.327734030418
3053,8134.290801015926
3054,8740.26805599641
3055,7377.876025575019
3056,8364.890537384168
3057,7456.847022411494
3058,10135.159095566602
3059,10758.305432297197
3060,6744.529391588946
3061,5935.805529369774
3062,15284.012167277817
3063,8049.871659578912
3064,4091.3394471942765
3065,9409.244495230761
3066,11074.171735510674
3067,13722.149438155078
3068,5868.031681396971
3069,7980.140344957103
3070,7383.178262471567
3071,9293.223247037628
3072,7345.60903491486
3073,12230.614601640034
3074,4019.5118179583515
3075,8341.140851862521
3076,8136.427689221133
3077,7333.596172858277
3078,7235.799023788356
3079,8701.444567902008
3080,12054.554349830762
3081,7358.064989599339
3082,10535.03976611631
3083,9732.047457716222
3084,12098.268878107516
3085,5377.086113587344
3086,8397.551477973808
3087,7800.709944626603
3088,9900.392301396265
3089,10856.711841015376
3090,4996.929735612172
3091,9145.49650428065
3092,10136.859409384795
3093,10455.365139446292
3094,5293.495826576044
3095,4632.298532684772
3096,11282.159006093989
3097,9075.30582122635
3098,10881.29663093232
3099,8664.273846843369
3100,7517.247953474395
3101,10535.493733386129
3102,9745.755731258776
3103,11400.40159987902
3104,9455.79627203076
3105,8877.598899067105
3106,10854.149504291878
3107,14288.50571238242
3108,8890.516616489616
3109,6290.097946708123
3110,7850.080229196174
3111,5360.435078758101
3112,0.0
3113,11602.742836638969
3114,6559.39426897572
3115,11159.267882891423
3116,6233.920487716074
3117,8070.507344577855
3118,7638.669958435949
3119,11869.367657114053
3120,6300.492970444989
3121,6529.882093510385
3122,8101.6261557419
3123,9734.85232496487
3124,6577.7910756484525
3125,9065.6098394932
3126,8558.182689472596
3127,10563.754060613559
3128,9729.363090294664
3129,8222.41384245572
3130,6622.953602344816
3131,6069.041834237785
3132,5871.057498465436
3133,15302.850137410811
3134,12219.402794624079
3135,8558.711423719531
3136,16474.772807663077
3137,7421.9708863061
3138,6707.5476583254
3139,8726.336580475414
3140,10229.131080627505
3141,13579.250368276413
3142,9047.7358451811
3143,10763.874242601107
3144,11138.894779676662
3145,11028.673171280747
3146,8975.849341057392
3147,7583.625208741979
3148,7194.2153760993615
3149,6249.960179415376
3150,5418.007437608141
3151,8142.877948460939
3152,11300.062448703346
3153,19423.81655208156
3154,9372.035539498727
3155,6422.630139588473
3156,10243.391193321451
3157,5808.2539519071815
3158,7641.886977006321
3159,4696.64654241813
3160,10818.643317711205
3161,8256.453303620463
3162,8292.641663306656
3163,18231.591301779918
3164,13102.630983002737
3165,7374.615297726804
3166,8665.507730249305
3167,4820.370636890826
3168,6368.3315585740975
3169,6880.999804670428
3170,10166.182294025095
3171,6672.368003438339
3172,5624.606988375336
3173,7656.731614575279
3174,6700.059023891318
3175,9907.573800441847
3176,10030.275599258346
3177,3931.126897437629
3178,8983.501887225104
3179,11219.990311402476
3180,10492.831142799365
3181,8066.631649149896
3182,6182.537628010078
3183,10598.371697732187
3184,6005.489604618466
3185,12094.747300472434
3186,6263.263733879748
3187,6834.5625839359545
3188,9235.58872821204
3189,7795.8150392203015
3190,5668.649834979748
3191,8094.363428272908
3192,9816.597230571664
3193,11763.066686762322
3194,13045.614106444433
3195,6969.937752420056
3196,4965.390280487826
3197,7006.533681421484
3198,8665.84026508183
3199,5849.305851084188
3200,9303.008102757456
3201,7416.628112798327
3202,14083.247382910202
3203,10352.7663562802
3204,7786.081188529697
3205,9853.455272018895
3206,5877.365596093193
3207,10974.508585885995
3208,7469.743734969079
3209,15927.77921777772
3210,8251.562293618139
3211,6997.895488565427
3212,7949.196707350969
3213,5056.189229610549
3214,9154.740171113986
3215,21495.35146725142
3216,6160.620250084819
3217,5352.791342833354
3218,13049.857227367163
3219,8122.46294416066
3220,9732.608141377113
3221,10447.015623557958
3222,8979.93514838691
3223,6018.3636199822095
3224,5914.95498378864
3225,11848.789959139254
3226,7999.879674768708
3227,9137.112005313973
3228,9020.36726534211
3229,5764.984224120668
3230,9037.804649412961
3231,7389.995056299359
3232,4585.610343290005
3233,10265.353115166146
3234,10538.630929695375
3235,5636.223973841126
3236,9243.708043153816
3237,8913.850743566596
3238,5852.537868981759
3239,11728.139432255886
3240,7939.941982981412
3241,9604.735809438
3242,6165.052606003812
3243,6608.218168294617
3244,7536.23484038399
3245,0.0
3246,9661.263687720879
3247,6218.1363210364625
3248,7596.127327684082
3249,6112.1992125478055
3250,8302.539078336687
3251,7307.44999221285
3252,8451.534481179919
3253,9403.092755766467
3254,9995.062368832587
3255,8279.023528890459
3256,9118.26700698469
3257,7263.474530889628
3258,11597.013340402444
3259,11974.27054575111
3260,7930.270393455543
3261,3858.116955982539
3262,7232.1772747811465
3263,9966.342720003157
3264,5208.236094514107
3265,13789.11186557883
3266,7155.003003010455
3267,9167.468552518747
3268,13531.818971786277
3269,7046.586737283478
3270,6325.07251525992
3271,14980.355425780353
3272,12745.5606405004
3273,5987.256700219441
3274,11136.615038358219
3275,11981.921014786714
3276,7054.231411327911
3277,6629.00233069471
3278,8696.917765307258
3279,7274.408346504599
3280,6935.876971829771
3281,8889.785440091206
3282,6344.896689034645
3283,7403.122587741301
3284,9804.576201570817
3285,9043.181992536694
3286,11675.306969876416
3287,7339.109777514832
3288,8306.95602633795
3289,4752.961346980357
3290,8960.740329977121
3291,9114.475740770507
3292,7460.182483494538
3293,7861.425315723544
3294,9286.313455287813
3295,12325.295892176935
3296,7844.291881566949
3297,7029.277782313724
3298,8057.07991290156
3299,8074.2701840203845
3300,8642.755875177541
3301,5430.491802139779
3302,5729.717947371762
3303,8701.555893257548
3304,7808.492072647653
3305,8001.952629819538
3306,10319.430668734722
3307,7349.106465480936
3308,9315.465431770057
3309,6843.971226954817
3310,4570.675809193473
3311,9336.597762527057
3312,7843.067083913948
3313,9843.582551690051
3314,12097.498623245365
3315,10832.735379287722
3316,5807.322463821985
3317,9931.436485775666
3318,4492.86276262051
3319,4172.296546321392
3320,10154.135445757522
3321,14885.883265947186
3322,8842.449581472127
3323,9820.463755216872
3324,7552.166240934468
3325,9591.488936426322
3326,12136.066287703059
3327,8276.070156880736
3328,10322.928767918242
3329,6493.034257513699
3330,5581.187518283711
3331,6796.106115436054
3332,6731.717825836121
3333,7166.801380271399
3334,7717.829982690557
3335,7145.16977395897
3336,5543.643992617311
3337,8114.939121674999
3338,9959.492432152789
3339,7448.382932668758
3340,7723.6629896752065
3341,8862.1454770574
3342,7486.456899014299
3343,7316.14743505843
3344,11097.36561164152
3345,9655.070703097701
3346,6823.5192767396675
3347,5474.5198766300955
3348,16069.776474600227
3349,7736.230328590633
3350,8686.04833833966
3351,12963.959243237117
3352,10174.57745057311
3353,10838.589403403352
3354,7350.035217088627
3355,8829.632451587691
3356,13147.851662761432
3357,18976.078260462316
3358,7755.682946161705
3359,7011.137825296578
3360,6139.657682481195
3361,7919.096279016057
3362,7359.009917638696
3363,8548.998067472308
3364,12204.073333214283
3365,6943.3467080177015
3366,5368.782969708906
3367,7770.21976005424
3368,9870.005241605984
3369,6646.093424416051
3370,9976.532164807937
3371,4669.675424543656
3372,9405.653339526507
3373,9626.984571083358
3374,9918.115313660042
3375,12404.539736071625
3376,8742.065515381495
3377,5810.990916977183
3378,7375.409040700017
3379,9883.270391305536
3380,10563.336216713857
3381,9773.931027362532
3382,9874.15094521587
3383,8297.755655193929
3384,6422.24106073386
3385,11743.139239571909
3386,5338.950028170639
3387,11898.183813954294
3388,7362.918187947187
3389,5670.5911874962
3390,9270.756393003776
3391,7689.1930211654335
3392,9417.295441324517
3393,10460.501273376096
3394,5434.370024792383
3395,6296.18666644167
3396,10609.533032918107
3397,11687.43881895338
3398,12092.247896588455
3399,6559.876660498318
3400,7367.026174543372
3401,9468.582766603075
3402,7949.187189235498
3403,7321.435502169318
3404,12370.47736914597
3405,12055.350771201607
3406,13599.755581601878
3407,5358.898017123174
3408,8198.839787129838
3409,0.0
3410,10863.072466520567
3411,7605.20715495358
3412,14659.092959115038
3413,8180.09032574585
3414,7272.21847362168
3415,6554.215341676417
3416,7477.579322847642
3417,6678.793880269991
3418,9044.34160536911
3419,6641.293947973067
3420,7665.230516645399
3421,13953.055999218173
3422,7777.799184922591
3423,23803.454420249884
3424,8825.29562452471
3425,0.0
3426,0.0
3427,0.0
3428,0.0
3429,0.0
3430,0.0
3431,0.0
3432,0.0
3433,0.0
3434,0.0
3435,0.0
3436,0.0
3437,0.0
3438,0.0
3439,0.0
3440,0.0
3441,0.0
3442,0.0
3443,0.0
3444,0.0
3445,0.0
3446,0.0
3447,0.0
3448,0.0
3449,0.0
3450,0.0
3451,0.0
3452,0.0
3453,0.0
3454,0.0
3455,0.0
3456,0.0
3457,0.0
3458,0.0
3459,0.0
3460,0.0
3461,0.0
3462,0.0
3463,0.0
3464,0.0
3465,0.0
3466,0.0
3467,0.0
3468,0.0
3469,0.0
3470,0.0
3471,0.0
3472,0.0
3473,0.0
3474,0.0
3475,0.0
3476,0.0
3477,0.0
3478,0.0
3479,0.0
3480,0.0
3481,0.0
3482,0.0
3483,0.0
3484,0.0
3485,0.0
3486,0.0
3487,0.0
3488,0.0
3489,0.0
3490,0.0
3491,0.0
3492,0.0
3493,0.0
3494,0.0
3495,0.0
3496,0.0
3497,0.0
3498,0.0
3499,0.0
3500,0.0
3501,0.0
3502,0.0
3503,0.0
3504,0.0
3505,0.0
3506,0.0
3507,0.0
3508,0.0
3509,0.0
3510,0.0
3511,0.0
3512,0.0
3513,0.0
3514,0.0
3515,0.0
3516,3076.9360993216715
3517,0.0
3518,0.0
3519,0.0
3520,0.0
3521,0.0
3522,0.0
3523,0.0
3524,0.0
3525,0.0
3526,0.0
3527,0.0
3528,0.0
3529,0.0
3530,0.0
3531,0.0
3532,0.0
3533,0.0
3534,0.0
3535,0.0
3536,0.0
3537,0.0
3538,0.0
3539,0.0
3540,0.0
3541,0.0
3542,0.0
3543,0.0
3544,0.0
3545,0.0
3546,0.0
3547,0.0
3548,0.0
3549,0.0
3550,0.0
3551,0.0
3552,0.0
3553,0.0
3554,0.0
3555,0.0
3556,0.0
3557,0.0
3558,0.0
3559,0.0
3560,0.0
3561,0.0
3562,0.0
3563,0.0
3564,0.0
3565,0.0
3566,0.0
3567,0.0
3568,0.0
3569,0.0
3570,0.0
3571,0.0
3572,0.0
3573,0.0
3574,0.0
3575,0.0
3576,0.0
3577,0.0
3578,0.0
3579,0.0
3580,0.0
3581,0.0
3582,0.0
3583,0.0
3584,2255.1129489011123
3585,0.0
3586,0.0
3587,0.0
3588,0.0
3589,0.0
3590,0.0
3591,0.0
3592,0.0
3593,0.0
3594,0.0
3595,0.0
3596,0.0
3597,0.0
3598,0.0
3599,0.0
3600,0.0
3601,0.0
3602,0.0
3603,0.0
3604,0.0
3605,0.0
3606,0.0
3607,0.0
3608,0.0
3609,0.0
3610,0.0
3611,0.0
3612,0.0
3613,0.0
3614,0.0
3615,0.0
3616,0.0
3617,0.0
3618,0.0
3619,0.0
3620,0.0
3621,0.0
3622,0.0
3623,0.0
3624,0.0
3625,17001.780674416426
3626,29376.930743382683
3627,0.0
3628,0.0
3629,0.0
3630,0.0
3631,0.0
3632,0.0
3633,0.0
3634,8214.934145010373
3635,0.0
3636,0.0
3637,0.0
3638,0.0
3639,0.0
3640,0.0
3641,0.0
3642,0.0
3643,0.0
3644,0.0
3645,0.0
3646,0.0
3647,0.0
3648,0.0
3649,0.0
3650,0.0
3651,0.0
3652,0.0
3653,3900.9942998889237
3654,0.0
3655,0.0
3656,0.0
3657,0.0
3658,0.0
3659,0.0
3660,0.0
3661,0.0
3662,0.0
3663,2882.1457081766907
3664,0.0
3665,0.0
3666,0.0
3667,0.0
3668,0.0
3669,0.0
3670,0.0
3671,0.0
3672,0.0
3673,0.0
3674,0.0
3675,0.0
3676,0.0
3677,0.0
3678,0.0
3679,0.0
3680,0.0
3681,8254.888489145173
3682,0.0
3683,0.0
3684,0.0
3685,0.0
3686,0.0
3687,0.0
3688,0.0
3689,0.0
3690,0.0
3691,0.0
3692,0.0
3693,0.0
3694,0.0
3695,0.0
3696,0.0
3697,0.0
3698,8888.313962056065
3699,0.0
3700,0.0
3701,0.0
3702,0.0
3703,0.0
3704,0.0
3705,0.0
3706,0.0
3707,0.0
3708,0.0
3709,0.0
3710,0.0
3711,0.0
3712,0.0
3713,0.0
3714,0.0
3715,0.0
3716,0.0
3717,0.0
3718,0.0
3719,0.0
3720,0.0
3721,0.0
3722,0.0
3723,0.0
3724,0.0
3725,0.0
3726,0.0
3727,0.0
3728,0.0
3729,0.0
3730,0.0
3731,0.0
3732,0.0
3733,0.0
3734,0.0
3735,0.0
3736,0.0
3737,0.0
3738,0.0
3739,0.0
3740,0.0
3741,0.0
3742,0.0
3743,0.0
3744,0.0
3745,0.0
3746,0.0
3747,0.0
3748,0.0
3749,0.0
3750,0.0
3751,0.0
3752,0.0
3753,0.0
3754,0.0
3755,0.0
3756,0.0
3757,0.0
3758,0.0
3759,0.0
3760,1641.0211966545075
3761,0.0
3762,0.0
3763,0.0
3764,0.0
3765,0.0
3766,0.0
3767,0.0
3768,0.0
3769,0.0
3770,0.0
3771,0.0
3772,0.0
3773,0.0
3774,4034.920471570465
3775,0.0
3776,0.0
3777,0.0
3778,0.0
3779,0.0
3780,0.0
3781,0.0
3782,0.0
3783,0.0
3784,0.0
3785,0.0
3786,0.0
3787,0.0
3788,0.0
3789,0.0
3790,0.0
3791,0.0
3792,0.0
3793,0.0
3794,0.0
3795,0.0
3796,0.0
3797,0.0
3798,0.0
3799,0.0
3800,0.0
3801,0.0
3802,0.0
3803,0.0
3804,0.0
3805,0.0
3806,0.0
3807,0.0
3808,0.0
3809,0.0
3810,0.0
3811,0.0
3812,0.0
3813,0.0
3814,0.0
3815,0.0
3816,0.0
3817,7494.156607712796
3818,0.0
3819,0.0
3820,0.0
3821,0.0
3822,0.0
3823,0.0
3824,0.0
3825,0.0
3826,0.0
3827,2305.9127400395864
3828,0.0
3829,0.0
3830,0.0
3831,5148.1051613442105
3832,0.0
3833,0.0
3834,0.0
3835,0.0
3836,0.0
3837,0.0
3838,0.0
3839,0.0
3840,0.0
3841,0.0
3842,0.0
3843,0.0
3844,0.0
3845,0.0
3846,0.0
3847,0.0
3848,0.0
3849,0.0
3850,0.0
3851,0.0
3852,0.0
3853,0.0
3854,0.0
3855,0.0
3856,0.0
3857,0.0
3858,19160.538407041953
3859,0.0
3860,0.0
3861,0.0
3862,0.0
3863,0.0
3864,0.0
3865,0.0
3866,0.0
3867,0.0
3868,0.0
3869,0.0
3870,0.0
3871,0.0
3872,5174.888626573316
3873,0.0
3874,0.0
3875,0.0
3876,0.0
3877,0.0
3878,0.0
3879,0.0
3880,0.0
3881,0.0
3882,0.0
3883,0.0
3884,0.0
3885,0.0
3886,0.0
3887,0.0
3888,0.0
3889,0.0
3890,0.0
3891,0.0
3892,0.0
3893,0.0
3894,0.0
3895,0.0
3896,0.0
3897,0.0
3898,0.0
3899,0.0
3900,0.0
3901,0.0
3902,0.0
3903,0.0
3904,0.0
3905,0.0
3906,0.0
3907,0.0
3908,0.0
3909,0.0
3910,0.0
3911,0.0
3912,0.0
3913,0.0
3914,0.0
3915,0.0
3916,0.0
3917,0.0
3918,0.0
3919,0.0
3920,0.0
3921,0.0
3922,0.0
3923,0.0
3924,0.0
3925,0.0
3926,0.0
3927,0.0
3928,0.0
3929,0.0
3930,0.0
3931,0.0
3932,0.0
3933,0.0
3934,0.0
3935,0.0
3936,0.0
3937,0.0
3938,0.0
3939,0.0
3940,0.0
3941,0.0
3942,0.0
3943,0.0
3944,0.0
3945,0.0
3946,0.0
3947,14056.771155250926
3948,0.0
3949,0.0
3950,0.0
3951,0.0
3952,0.0
3953,0.0
3954,0.0
3955,0.0
3956,0.0
3957,0.0
3958,0.0
3959,0.0
3960,0.0
3961,0.0
3962,0.0
3963,0.0
3964,0.0
3965,0.0
3966,0.0
3967,0.0
3968,0.0
3969,0.0
3970,0.0
3971,0.0
3972,0.0
3973,0.0
3974,0.0
3975,0.0
3976,0.0
3977,0.0
3978,0.0
3979,0.0
3980,0.0
3981,0.0
3982,0.0
3983,0.0
3984,0.0
3985,0.0
3986,0.0
3987,0.0
3988,0.0
3989,0.0
3990,0.0
3991,3154.660476457611
3992,15765.90551480251
3993,0.0
3994,0.0
3995,0.0
3996,0.0
3997,0.0
3998,0.0
3999,0.0
4000,0.0
4001,0.0
4002,0.0
4003,0.0
4004,0.0
4005,0.0
4006,0.0
4007,0.0
4008,0.0
4009,0.0
4010,0.0
4011,0.0
4012,0.0
4013,0.0
4014,0.0
4015,0.0
4016,0.0
4017,0.0
4018,0.0
4019,0.0
4020,12040.14372355958
4021,0.0
4022,0.0
4023,0.0
4024,0.0
4025,0.0
4026,0.0
4027,0.0
4028,0.0
4029,0.0
4030,0.0
4031,0.0
4032,0.0
4033,0.0
4034,0.0
4035,0.0
4036,0.0
4037,0.0
4038,0.0
4039,0.0
4040,0.0
4041,0.0
4042,0.0
4043,0.0
4044,0.0
4045,0.0
4046,0.0
4047,0.0
4048,0.0
4049,0.0
4050,0.0
4051,0.0
4052,0.0
4053,0.0
4054,0.0
4055,0.0
4056,0.0
4057,0.0
4058,0.0
4059,0.0
4060,0.0
4061,0.0
4062,0.0
4063,0.0
4064,0.0
4065,0.0
4066,0.0
4067,0.0
4068,0.0
4069,0.0
4070,0.0
4071,0.0
4072,0.0
4073,0.0
4074,0.0
4075,0.0
4076,0.0
4077,0.0
4078,0.0
4079,0.0
4080,0.0
4081,0.0
4082,0.0
4083,0.0
4084,0.0
4085,0.0
4086,0.0
4087,0.0
4088,0.0
4089,0.0
4090,2472.5249769042007
4091,0.0
4092,0.0
4093,0.0
4094,2074.794437327216
4095,0.0
4096,0.0
4097,0.0
4098,0.0
4099,0.0
4100,0.0
4101,0.0
4102,0.0
4103,0.0
4104,0.0
4105,0.0
4106,0.0
4107,0.0
4108,0.0
4109,0.0
4110,0.0
4111,0.0
4112,0.0
4113,0.0
4114,0.0
4115,0.0
4116,0.0
4117,0.0
4118,0.0
4119,0.0
4120,0.0
4121,0.0
4122,0.0
4123,0.0
4124,0.0
4125,0.0
4126,0.0
4127,0.0
4128,0.0
4129,0.0
4130,0.0
4131,0.0
4132,0.0
4133,0.0
4134,0.0
4135,0.0
4136,0.0
4137,0.0
4138,0.0
4139,0.0
4140,0.0
4141,0.0
4142,0.0
4143,0.0
4144,0.0
4145,1617.1360511868966
4146,0.0
4147,0.0
4148,0.0
4149,0.0
4150,0.0
4151,0.0
4152,0.0
4153,0.0
4154,0.0
4155,0.0
4156,0.0
4157,0.0
4158,0.0
4159,0.0
4160,11297.152457792234
4161,0.0
4162,0.0
4163,0.0
4164,0.0
4165,0.0
4166,0.0
4167,0.0
4168,0.0
4169,0.0
4170,0.0
4171,0.0
4172,0.0
4173,0.0
4174,0.0
4175,0.0
4176,0.0
4177,0.0
4178,0.0
4179,0.0
4180,0.0
4181,0.0
4182,0.0
4183,0.0
4184,0.0
4185,0.0
4186,0.0
4187,0.0
4188,0.0
4189,0.0
4190,0.0
4191,0.0
4192,0.0
4193,0.0
4194,0.0
4195,0.0
4196,0.0
4197,0.0
4198,0.0
4199,0.0
4200,0.0
4201,0.0
4202,0.0
4203,0.0
4204,0.0
4205,0.0
4206,0.0
4207,0.0
4208,0.0
4209,0.0
4210,0.0
4211,0.0
4212,0.0
4213,0.0
4214,0.0
4215,0.0
4216,0.0
4217,0.0
4218,0.0
4219,0.0
4220,0.0
4221,0.0
4222,0.0
4223,0.0
4224,3326.778190681927
4225,0.0
4226,0.0
4227,0.0
4228,0.0
4229,0.0
4230,0.0
4231,0.0
4232,0.0
4233,0.0
4234,0.0
4235,0.0
4236,0.0
4237,0.0
4238,0.0
4239,0.0
4240,0.0
4241,0.0
4242,0.0
4243,0.0
4244,0.0
4245,0.0
4246,0.0
4247,0.0
4248,0.0
4249,0.0
4250,0.0
4251,0.0
4252,0.0
4253,0.0
4254,0.0
4255,0.0
4256,0.0
4257,0.0
4258,0.0
4259,0.0
4260,0.0
4261,0.0
4262,0.0
4263,0.0
4264,0.0
4265,12332.77679421822
4266,4478.125887145375
4267,0.0
4268,0.0
4269,0.0
4270,0.0
4271,0.0
4272,0.0
4273,0.0
4274,0.0
4275,0.0
4276,0.0
4277,0.0
4278,0.0
4279,0.0
4280,0.0
4281,4256.494269884819
4282,3872.364506454429
4283,5912.239032901495
4284,3189.0296379366873
4285,6369.246789630195
4286,4723.264339163799
4287,5567.083861686517
4288,6009.646014257598
4289,4343.733469456797
4290,3319.2637167322764
4291,5400.7772457301735
4292,5145.645358356946
4293,4261.173725526155
4294,5374.173887408376
4295,4996.043174113897
4296,3277.5833423834642
4297,4296.6630277028435
4298,6866.327693424666
4299,7818.9200651650335
4300,6791.190719842624
4301,7242.302935824995
4302,3499.3442126119376
4303,5242.801379134245
4304,2172.558824232468
4305,7707.264164527554
4306,7846.926742340314
4307,9097.57071815708
4308,5829.321824831362
4309,2697.540501793888
4310,4564.922860596228
4311,5784.682836672978
4312,7539.2557577551
4313,4027.998780914673
4314,5386.758667332506
4315,4628.0966778336
4316,5531.238498384499
4317,2461.88968743973
4318,7165.930659543791
4319,4054.4965471928526
4320,7402.665592315516
4321,6330.907879327379
4322,3364.635441241526
4323,8743.45522974816
4324,6155.106042208096
4325,4793.676191935859
4326,3641.088310571782
4327,7191.324280681996
4328,10047.671426166746
4329,5765.624601900373
4330,5021.704387236908
4331,8134.1412458536015
4332,7055.133908212542
4333,5516.790261973155
4334,6399.884594178346
4335,2123.6810490432576
4336,2397.747724445431
4337,4380.299951448655
4338,5658.6390702266435
4339,8010.95501397187
4340,7506.97936690198
4341,3967.832969658771
4342,7922.816300940922
4343,8242.437391585056
4344,5162.047547013762
4345,2852.5865199036243
4346,10495.30616369562
4347,3443.133995006042
4348,4247.610179924943
4349,7073.763428403152
4350,3797.1181022953065
4351,5542.59186401757
4352,2773.439276390178
4353,5499.41256000136
4354,5010.288083088349
4355,5697.424726550102
4356,7778.398629434056
4357,6799.638642776323
4358,5534.164978915729
4359,3136.7091426010647
4360,7383.762054586828
4361,12058.081817989485
4362,4919.216733486154
4363,2673.745137925955
4364,6390.268422541292
4365,5855.097804333173
4366,6498.365736206142
4367,9700.970776254104
4368,2162.014686202203
4369,7409.680446153738
4370,4481.856694178958
4371,5599.007284503211
4372,6606.118343712548
4373,2467.7312161244286
4374,4516.560507172552
4375,4918.883515974597
4376,7726.005076059835
4377,6924.484945547096
4378,4253.823050677763
4379,4461.539582698448
4380,6866.0109168802455
4381,6143.78245623071
4382,5261.179890544016
4383,6292.612598727226
4384,4060.13142649705
4385,6168.539900115533
4386,4477.989899414615
4387,2973.282127533316
4388,5221.671567004916
4389,5930.92907810991
4390,5878.788164313368
4391,6859.585015900872
4392,7583.18150770965
4393,3750.407827254519
4394,7580.67396877727
4395,3000.4111328737567
4396,3363.264982358475
4397,7591.59276413167
4398,6582.067735447562
4399,7053.045497397677
4400,9123.036177396603
4401,6519.604696524731
4402,4825.505578751864
4403,6524.89149972878
4404,7075.656768862133
4405,3945.3212603005986
4406,2704.649692351739
4407,5183.329498005108
4408,4345.849892240983
4409,5363.01483551764
4410,3176.861858327009
4411,5476.896470747317
4412,6702.259599086019
4413,6008.706392781049
4414,5997.676331392098
4415,2745.045160778589
4416,5976.541839247053
4417,6862.300256447605
4418,3190.924872979381
4419,5397.752819641986
4420,3573.311059964525
4421,5105.6128419341785
4422,3476.4932925226676
4423,3901.30729117341
4424,4786.2061209518815
4425,6794.921728179423
4426,5806.487796522472
4427,7088.985538072044
4428,13575.109378052393
4429,3693.1297121511675
4430,4897.090282432355
4431,9663.152777137568
4432,5233.013784602933
4433,7613.763003079839
4434,6400.315029186187
4435,5226.768713545062
4436,6291.154951370021
4437,4342.730259864421
4438,4686.730016760753
4439,7700.097511997705
4440,4721.088181533405
4441,2586.7061406873213
4442,3148.9960376729045
4443,7339.4902120973575
4444,9188.9627383489
4445,5628.29346950683
4446,5970.736160016174
4447,4306.2719379909
4448,2136.0860894811567
4449,1805.7202195515756
4450,3574.6270307487744
4451,5134.61046659152
4452,6980.677433768002
4453,5045.016728516977
4454,5318.97674130293
4455,7802.794244957232
4456,7421.5327170993905
4457,6973.529950953256
4458,4667.512722465375
4459,7679.154237058565
4460,8451.076274363684
4461,3391.878341394255
4462,5085.374364618422
4463,5100.890177740227
4464,6333.00332577124
4465,2942.284271945658
4466,4678.847373257999
4467,4683.7429074267875
4468,8403.165115152711
4469,5604.136649026649
4470,7034.069705815033
4471,6524.80163927316
4472,4490.991127646244
4473,7523.5222599710705
4474,16933.374221164147
4475,7776.18408499644
4476,3543.5230640486934
4477,3243.836199305344
4478,6119.761256632118
4479,7100.957970196339
4480,4217.53712792369
4481,9313.798520339122
4482,16798.25157312591
4483,5316.058201678976
4484,2378.0516209849093
4485,10165.54474470103
4486,3157.301771357644
4487,5728.064273833613
4488,3277.056637948072
4489,5862.251950023417
4490,0.0
4491,6642.077923883855
4492,4771.133260487049
4493,4831.49111542573
4494,9722.816004128154
4495,5616.706898963246
4496,5751.364932291513
4497,7014.9420598209335
4498,5255.096784595929
4499,6459.67868453667
4500,8922.169513289013
4501,4921.984178430124
4502,5544.7802837433
4503,4105.099548983584
4504,3164.4452167522377
4505,5393.195139280996
4506,4466.674949201216
4507,4585.828740385182
4508,8064.676226157429
4509,7706.773836555656
4510,7203.1009839771905
4511,4169.546935549952
4512,3981.906951833511
4513,4164.3528039099965
4514,4923.7773154189035
4515,6549.585728280098
4516,2723.1127553501283
4517,6551.5152236594195
4518,5189.73892934239
4519,7394.202505922323
4520,5373.566363429991
4521,4126.216617184336
4522,3158.116969523813
4523,2402.759583580989
4524,8282.699421392723
4525,5789.238402811593
4526,5487.100003014804
4527,11809.88177193135
4528,7369.6114147739145
4529,4181.532717014796
4530,5430.7954190673145
4531,2429.6401753561004
4532,4046.313703583898
4533,3879.9928757143653
4534,3480.3480635258848
4535,8367.76198996236
4536,4516.681329159541
4537,8642.481748457962
4538,10377.64953926921
4539,5627.985055170966
4540,5398.045528507044
4541,4628.894507282911
4542,4842.421111171491
4543,4688.924846314738
4544,11025.095236366942
4545,6035.290863480691
4546,6552.030650912639
4547,2881.8942338188695
4548,5283.6150739174
4549,5437.276902036778
4550,7444.508265637086
4551,6605.311496734569
4552,5263.221364129012
4553,6283.242903929278
4554,4790.114751563927
4555,7983.482164265847
4556,6350.54026256788
4557,6498.874916571069
4558,8735.299602170646
4559,6650.508221985301
4560,8216.492562531586
4561,3396.695361253383
4562,5230.14308694971
4563,4659.55581640374
4564,8164.049778654326
4565,6917.086893629571
4566,6899.1143011716495
4567,5784.916150842824
4568,7639.370711412118
4569,4757.99655623405
4570,6131.792433577063
4571,6005.620299923648
4572,3005.9159543998385
4573,12406.874213823412
4574,15994.250012345881
4575,7144.942384466485
4576,6099.810425394631
4577,6778.809487875393
4578,7857.996198791837
4579,7838.444579167832
4580,2639.7910939505614
4581,4244.173815288922
4582,5256.114648782769
4583,8186.236703831255
4584,2481.49481902289
4585,4198.6171957214765
4586,5056.373550340796
4587,4797.95603439408
4588,4707.240663027374
4589,2688.3760381935463
4590,2850.0404567482024
4591,7064.113033353369
4592,3591.0629548690636
4593,4614.056882313206
4594,5669.768465999629
4595,4947.132035681432
4596,8777.084795599341
4597,11624.883779226426
4598,4549.128977756733
4599,7259.682443020622
4600,5831.427551220804
4601,9821.063255336881
4602,4646.427491743268
4603,2645.065672835342
4604,5191.788215809875
4605,11046.841593904115
4606,3969.859629297928
4607,6894.6998047763755
4608,1917.8201003428153
4609,3611.5703083200096
4610,6049.5955469258215
4611,6032.132242788143
4612,5087.630718790303
4613,8831.124456778818
4614,8193.760195567022
4615,7657.796546344855
4616,3721.419224920921
4617,10867.12030885812
4618,1951.7312069094269
4619,3278.7319971842967
4620,6478.51651456066
4621,4561.372486970069
4622,10042.973989892105
4623,2423.374480182142
4624,4649.4845402595465
4625,5213.958004789578
4626,7619.872355278617
4627,9704.414010698067
4628,4766.966111359877
4629,2553.089691384506
4630,7436.915128493176
4631,9560.629434568735
4632,4390.863942769106
4633,5375.156613730411
4634,8987.40492941622
4635,5647.038474912183
4636,4865.030347399251
4637,3444.0592548517484
4638,7427.560859521478
4639,4160.2674284579425
4640,12174.076675469321
4641,6808.12865329511
4642,12986.589390462645
4643,6527.65729868286
4644,4351.702705298055
4645,1934.2821978859945
4646,5982.933807094507
4647,5533.876042531067
4648,5102.042577181944
4649,8891.8664286691
4650,5501.913521904946
4651,2558.853890039811
4652,6662.253680047937
4653,3202.203852118052
4654,8855.154605003185
4655,6954.932537835197
4656,6683.532253638615
4657,7777.105500158112
4658,4677.739312596276
4659,6611.70672115027
4660,7250.425139023976
4661,5352.379715386336
4662,6663.46867181793
4663,3662.8584413229446
4664,8461.927552740102
4665,5847.914364317871
4666,3338.3655361393085
4667,4678.537735065203
4668,7732.682972202113
4669,5496.94005749343
4670,3649.017572089005
4671,4746.785036432779
4672,5364.5501599648815
4673,4829.225833399204
4674,4825.767415728703
4675,9303.698149730886
4676,4423.420357357653
4677,3257.8400159335015
4678,6006.2690147589865
4679,5006.285772695341
4680,2794.8014873738143
4681,4775.843050036258
4682,8437.609145561397
4683,6807.485654621919
4684,10079.145007048935
4685,8025.531696774825
4686,6813.298691217238
4687,5887.231995443898
4688,4299.46584381997
4689,9805.853352542994
4690,7282.135069084121
4691,6927.504936432667
4692,5000.654942702375
4693,5023.065074314775
4694,4608.099147186235
4695,2145.5922895386316
4696,11667.32898123201
4697,6163.0864750112705
4698,5456.469087592957
4699,4548.771282659755
4700,1454.087727963909
4701,7664.326201935612
4702,5807.128649289829
4703,5285.358298665005
4704,3696.805216734156
4705,6090.296419184239
4706,4804.821555910508
4707,3971.3340585986916
4708,9917.406300708819
4709,4391.718023920559
4710,4544.23344378742
4711,3350.02289276916
4712,2501.523850068967
4713,4533.385805662227
4714,13184.162988618176
4715,4145.157470873373
4716,5475.012239495532
4717,4979.804637480769
4718,3829.450382430034
4719,3077.6692273682515
4720,6027.475295763247
4721,2486.764701437822
4722,9431.369618477107
4723,5519.700449580061
4724,2673.464497693613
4725,7970.323202370917
4726,2283.4337252583155
4727,3677.8304301161807
4728,8507.79622307963
4729,7368.257170030696
4730,7735.384546350608
4731,2209.9839717887635
4732,4481.8677768957305
4733,4450.6375468224005
4734,3717.07849731681
4735,16021.90450462759
4736,11002.444020126435
4737,4757.21497206602
4738,2829.185990924562
4739,5454.285490611768
4740,4134.306551434423
4741,2386.3626979204937
4742,7065.648088885119
4743,4606.349527176754
4744,5613.772527449344
4745,6456.357853833186
4746,4709.19778019049
4747,4731.882660382881
4748,5583.713549633867
4749,6480.433219572808
4750,6529.190217053501
4751,2745.709913127781
4752,5504.854330882697
4753,6736.251247444758
4754,7683.884219438159
4755,5391.272057246708
4756,7057.067247784347
4757,2054.2423578976927
4758,9070.836752307241
4759,4744.521180324737
4760,2750.0067321199645
4761,4201.6293813025295
4762,4058.754658759335
4763,4457.329711567584
4764,6689.884958453657
4765,3604.969512197296
4766,6337.581809607697
4767,4590.800283080029
4768,7535.074659719884
4769,8014.406860237257
4770,4846.590631989157
4771,7125.586821250488
4772,6080.188860804174
4773,2472.467186465846
4774,10149.661726441933
4775,3557.7971578714096
4776,3141.459553464969
4777,5787.556815069324
4778,13070.987708148963
4779,8756.648971805651
4780,3948.5720709572197
4781,4184.189910922342
4782,6441.960969164991
4783,6835.583840356305
4784,4081.9066877676732
4785,7877.298418916202
4786,2784.3537397963623
4787,4381.993967767028
4788,3624.621596571477
4789,3209.2449590240108
4790,2447.2826387695322
4791,7296.738984951719
4792,6320.787138656225
4793,5890.579656358361
4794,4758.0381245976305
4795,7763.227743047944
4796,7530.076224949389
4797,4630.554734978859
4798,4840.755913122477
4799,5216.980512086507
4800,6796.6031900531525
4801,4904.24818538932
4802,1858.3506372983597
4803,5975.062057978748
4804,6392.870889574304
4805,6045.415098743244
4806,5502.457622174627
4807,2598.365613874221
4808,9673.68654348951
4809,2630.115317223809
4810,8537.940720386128
4811,4791.659439027358
4812,4475.400563781107
4813,7465.068641586348
4814,3515.4105095894834
4815,4340.55549457309
4816,8988.087379701992
4817,2513.145484381405
4818,6456.229370659049
4819,8841.176026535528
4820,6545.921865771243
4821,2329.964189745706
4822,4864.760570489707
4823,3392.5247695403655
4824,2126.8052865940754
4825,4667.037004223965
4826,5970.563322058676
4827,4601.31151871566
4828,4470.202164703585
4829,4802.178425354385
4830,4364.840782202743
4831,8415.758603932736
4832,5218.258053166915
4833,5891.081162348662
4834,3918.016191404175
4835,5540.013270894949
4836,5867.726706738954
4837,5686.946062575197
4838,7620.114449097309
4839,7289.877660912374
4840,7897.7555682395005
4841,5211.383802890794
4842,4871.775509879241
4843,2683.732451173171
4844,5405.023683912354
4845,8443.251679044974
4846,6373.229225083248
4847,5685.200310087433
4848,13854.581680642215
4849,2846.87966574645
4850,4634.255852681839
4851,3982.608013750124
4852,8013.015533149104
4853,9118.839868713823
4854,7283.176907794571
4855,7296.444018852183
4856,7199.545021519583
4857,9284.84405277315
4858,6139.2667449102
4859,4857.281444191973
4860,2039.738694885876
4861,4706.870626215108
4862,3265.4090038906197
4863,2917.310729215749
4864,6842.265335828828
4865,17268.62211228349
4866,5256.745085518076
4867,2921.2009377355084
4868,4429.825864771256
4869,4076.217975870699
4870,5429.521757375698
4871,1955.8470120333368
4872,6146.865390653446
4873,6455.187573337086
4874,3169.41332659674
4875,10184.36304053051
4876,11354.087897362184
4877,3305.900891292373
4878,5211.535382090065
4879,3681.6173278173196
4880,3686.4886568272786
4881,3891.223467191752
4882,8218.106870491987
4883,3583.1194583719407
4884,4278.9630435152485
4885,4662.776116826453
4886,4768.687136854079
4887,4744.439679864088
4888,7072.926860473502
4889,2926.4204431583375
4890,7855.622772250157
4891,6523.810735692321
4892,4433.554644244991
4893,3931.358117599392
4894,3762.3807541280808
4895,4487.820048316951
4896,4412.293660972993
4897,8769.700035687465
4898,4193.348303661153
4899,3586.3665850832726
4900,6098.045198481286
4901,4728.9681770533325
4902,5748.936761925001
4903,4840.075193873178
4904,5481.7311837511315
4905,9478.622993911264
4906,6474.097618384458
4907,5635.225574417332
4908,3454.8923548586654
4909,4285.739250870701
4910,6331.595830786344
4911,3431.3286462565143
4912,4469.833312483646
4913,4697.017177518253
4914,11494.823603482811
4915,6979.288361128564
4916,4089.715888188361
4917,5529.29117709656
4918,4844.704253430461
4919,6018.857377603669
4920,5242.315454991281
4921,8618.240567802528
4922,6556.481056535293
4923,4606.649711883942
4924,4459.620897097485
4925,1742.7715576762166
4926,3823.315924705745
4927,20439.65742847959
4928,1909.3314686406327
4929,4728.480361832525
4930,5966.0685568416575
4931,6694.6856720968335
4932,5845.471877474549
4933,8012.369975383396
4934,5505.490649297741
4935,5681.664246909096
4936,2661.1857453898015
4937,7364.713562336496
4938,3629.1761369342494
4939,6149.525163135567
4940,9122.390208190656
4941,3671.0823994162297
4942,7717.520062280074
4943,6317.781429924275
4944,3131.994400090947
4945,5660.523929385257
4946,6170.736222845804
4947,2527.1179923850686
4948,8276.840680061969
4949,6245.10242269307
4950,4489.808491048587
4951,9331.239358775605
4952,8110.858756871391
4953,6099.309242686536
4954,4554.871591777796
4955,3437.607066027382
4956,4741.676527246156
4957,0.0
4958,5747.340705922318
4959,2304.167806981543
4960,5293.10078982633
4961,2724.2950787905515
4962,5246.691265915589
4963,5462.962167331084
4964,4296.15493434898
4965,5094.349031221198
4966,8093.701296123161
4967,4965.232195753991
4968,6898.552309830368
4969,5009.148931180997
4970,5681.713221690484
4971,8567.373322261026
4972,6585.152576359812
4973,3888.009980171607
4974,5045.561900333372
4975,4787.190935902402
4976,4411.841448501353
4977,12130.019463665736
4978,5688.982013935241
4979,5611.466124623877
4980,8166.911074167564
4981,6417.224756403642
4982,1896.3715019215624
4983,9905.639611671273
4984,7398.484353313097
4985,6058.332604157142
4986,6636.15718397627
4987,6357.454686121951
4988,8169.037768243996
4989,4897.501224483974
4990,3941.3308898828077
4991,3021.513870226459
4992,5902.442208483354
4993,7485.175618020873
4994,2703.110532589024
4995,7761.810258863692
4996,6575.052178627226
4997,4438.10481117935
4998,6654.070414223646
4999,4272.442464617762
5000,6454.2798033170275
5001,2331.262368489672
5002,4453.805090227969
5003,4543.439041786903
5004,3302.841719697874
5005,5927.033962803191
5006,6712.165157045415
5007,7763.255939187963
5008,5701.13669000199
5009,3933.06378708363
5010,5884.978526443774
5011,6389.70990540844
5012,7281.0131196880775
5013,2817.926530941126
5014,2564.779315446078
5015,8207.48569787943
5016,5790.69555244685
5017,3665.2229133281107
5018,7166.542432950825
5019,6709.272262825639
5020,5905.830687217079
5021,4761.30987607473
5022,1643.796270463931
5023,5987.644629041884
5024,5604.374829361366
5025,4867.61132127118
5026,8276.409384942837
5027,6305.718789353627
5028,3309.3871932942066
5029,5126.1010615793775
5030,2698.034266302521
5031,1027.605181582575
5032,5886.023266880054
5033,9259.937816709562
5034,5048.327578402172
5035,4079.8845021087495
5036,3018.3023322161835
5037,4764.2051057789895
5038,7655.224970921535
5039,5596.053694510647
5040,8813.628414040137
5041,3889.20589197618
5042,3888.3886411606677
5043,3177.7233069200656
5044,6194.374725540083
5045,3148.4310085297493
5046,2436.2927511068256
5047,4110.845083072062
5048,3557.8497374421336
5049,6631.506345687529
5050,4030.2383511888247
5051,4820.089465541388
5052,4985.141869042575
5053,7526.096383647789
5054,4572.085928282166
5055,4370.94827509828
5056,9106.469479603276
5057,6577.19971757345
5058,6405.143943805355
5059,1904.4724608143342
5060,4403.846189683928
5061,4850.312231769208
5062,3756.1854712773206
5063,7949.080091333471
5064,8820.679289582726
5065,6051.699061912137
5066,5901.404998575989
5067,5785.8029654044085
5068,7128.064953233924
5069,10575.857047518917
5070,3006.51727001616
5071,3565.235374027704
5072,4654.889839726294
5073,5363.23112926171
5074,5448.301803543857
5075,7942.584092940259
5076,6413.170756179303
5077,6215.912834743312
5078,2546.6345916055734
5079,5811.96890930077
5080,5985.605731995209
5081,3105.0062990344873
5082,5693.7032093374655
5083,2957.618571296097
5084,6589.847209489137
5085,5091.176208899076
5086,4893.769503224872
5087,5795.035521142099
5088,3598.28547748792
5089,4849.683664538538
5090,6524.1380530345905
5091,4731.485320339636
5092,8049.329336919348
5093,5058.475790642115
5094,8401.234289317787
5095,4729.192224957728
5096,3522.6463778092666
5097,7861.5218959441245
5098,2634.930723758536
5099,8921.07812667974
5100,5558.45018978485
5101,4724.158159374152
5102,7093.037469834244
5103,4563.427710224305
5104,3983.290793716539
5105,6087.2599620609835
5106,2884.3701972714084
5107,2793.8199127347666
5108,5653.608419245039
5109,5668.7475787702015
5110,9552.839072543373
5111,5854.012795977009
5112,5160.4616959534615
5113,3415.022304268704
5114,5811.024911500214
5115,3035.676499687544
5116,9541.13231368419
5117,6696.318910785367
5118,12854.047532716218
5119,5577.43018909433
5120,4910.558203284786
5121,7195.372983640709
5122,6981.462547112284
5123,2756.2580643540928
5124,8109.9947598966455
5125,6235.037755146499
5126,5254.456963733954
5127,5635.46266336922
5128,4530.564150136683
5129,2813.204958183443
5130,4965.661773947463
5131,3365.2035871197554
5132,2808.6862126404703
5133,6953.368540960672
5134,5419.899023664797
5135,22712.383953402008
5136,7270.166866416009
5137,3754.534842906525
5138,5691.872702550281
5139,8298.72021755474
5140,5077.269445524034
5141,6381.397651115304
5142,5143.281481038325
5143,6433.357947417176
5144,6164.205285176192
5145,3964.7054468346755
5146,4739.864651600077
5147,6002.119455462754
5148,6841.261816546308
5149,5941.899414825019
5150,6648.824914919458
5151,4322.903492427243
5152,4443.404182376415
5153,4639.1585217269685
5154,8224.922812582661
5155,8794.044000397122
5156,7351.227927506892
5157,6616.369945642992
5158,3191.294020638125
5159,5403.914318186972
5160,3310.593071033626
5161,6809.860464171807
5162,8782.562636653784
5163,8511.739467925052
5164,4518.174550826386
5165,3779.016605074825
5166,3578.54725406191
5167,5639.516058046855
5168,8368.098573431578
5169,5436.5260276946265
5170,4439.413128062044
5171,4222.151207035411
5172,6296.6039195109615
5173,3276.896365218084
5174,6650.32407950892
5175,3543.0085954050974
5176,6596.686897890323
5177,5954.517520583532
5178,4743.701132560005
5179,7562.337497471595
5180,5753.5308973057445
5181,4214.016392099482
5182,5768.325050590494
5183,6309.954989083239
5184,9881.088427297913
5185,5514.4683401733455
5186,6171.91601144618
5187,6704.444350168262
5188,7991.7395561225385
5189,5665.0353610592665
5190,7666.108647278777
5191,3465.241250621345
5192,4039.372517631056
5193,4931.654964496088
5194,5778.640347186895
5195,8550.982028231077
5196,6692.835899757294
5197,4480.0851286292245
5198,6686.7212435054835
5199,6556.892733348106
5200,7810.250851910956
5201,3450.533027466067
5202,11068.559520976625
5203,3890.9612024353964
5204,5550.985054381716
5205,6816.587061734663
5206,3845.1361682002675
5207,4961.266805043512
5208,5392.252369763725
5209,6231.59476753798
5210,4787.449784420464
5211,4915.979200923372
5212,6991.433139884
5213,6693.129567740009
5214,5342.703059342165
5215,4547.337948494817
5216,6753.430308082332
5217,11052.215952349758
5218,5856.633809649468
5219,3821.058015344584
5220,5993.0086617069055
5221,5798.1382141325
5222,6045.013831467656
5223,7447.421367604304
5224,3448.2178539743554
5225,6776.34161121856
5226,5110.339937580618
5227,6036.697862629348
5228,6553.826434040669
5229,4667.951755922498
5230,5104.649004491086
5231,4160.07256489722
5232,6909.891811160618
5233,7806.713004026382
5234,4487.6567178177
5235,3980.370312380856
5236,6110.433457866962
5237,5324.118660178193
5238,4918.033651192409
5239,8018.005802059271
5240,5852.114368414656
5241,6401.139181357976
5242,4565.060015890038
5243,4259.420101904698
5244,5338.842399301472
5245,7812.858259235849
5246,6291.9624514788175
5247,7182.5318020128325
5248,6999.583900658355
5249,4918.282348508855
5250,7671.234626316387
5251,4473.983329039087
5252,5185.846658542179
5253,7680.439272516221
5254,5652.728521484269
5255,8496.115082857934
5256,7125.6839815939675
5257,6500.725074597261
5258,5187.786859165803
5259,6441.940870689397
5260,6420.393524429228
5261,5286.4033400750905
5262,3382.89310804472
5263,4596.170775483706
5264,6403.353806493944
5265,5340.709486660704
5266,3594.4273428796528
5267,6701.0051648275285
5268,5812.078855237508
5269,5658.853069733968
5270,5228.962829783749
5271,4362.591676061696
5272,5546.709312410604
5273,5991.75251589025
5274,5092.191546822876
5275,4825.163050506073
5276,5272.22121251256
5277,5583.992290470809
5278,3209.3689822764845
5279,5926.7923983393985
5280,4045.2198781489296
5281,7588.4492017506955
5282,6417.060213983755
5283,5544.131675179412
5284,10725.862684913978
5285,3598.3954804542245
5286,4851.918857729979
5287,8725.328635635635
5288,5973.37545164226
5289,7224.639362022712
5290,6651.477169146852
5291,4866.340871642047
5292,5728.89392626969
5293,5141.67220094522
5294,6443.083023679661
5295,8953.02943877957
5296,5260.599923259866
5297,2578.6537417980157
5298,4126.151072151792
5299,7060.097149988226
5300,8128.077517875542
5301,4900.040532295756
5302,5698.4263464927235
5303,4386.556406136835
5304,4234.13117602437
5305,2811.990706904215
5306,4102.447817332703
5307,5576.646705782484
5308,6401.903582943213
5309,5820.2768755313255
5310,6884.451998325534
5311,7221.2336112020585
5312,7853.584256546919
5313,6928.5032511222735
5314,4102.729117953605
5315,7975.836953395721
5316,8431.811146649268
5317,4589.881919112904
5318,6150.846795222645
5319,4537.838243888829
5320,5958.608195120371
5321,3445.635510766025
5322,5261.7727783412765
5323,4307.600041783968
5324,7888.011895303591
5325,6418.707932467378
5326,7205.327531290434
5327,6659.953790975256
5328,4848.560032582401
5329,6881.133239143831
5330,15827.414343745417
5331,8021.864332512322
5332,4214.453391869064
5333,2542.483670712449
5334,5401.754893139268
5335,6494.40455676155
5336,5543.9590044062425
5337,11918.128683910132
5338,18765.831959870146
5339,3946.4702348389974
5340,4273.235308825328
5341,7381.154515335772
5342,4166.977126783572
5343,6386.965714839952
5344,5088.232710062614
5345,6083.041099557096
5346,0.0
5347,5944.90355281538
5348,5691.815648060395
5349,6523.599265665835
5350,7784.293362975718
5351,5961.144359851246
5352,5562.072400086474
5353,6203.683164750618
5354,4128.83591959755
5355,4626.454365163432
5356,7085.795112146371
5357,4925.438345936691
5358,5205.795631052842
5359,6093.94892640488
5360,4810.108868557583
5361,4959.538115475232
5362,6073.785935055018
5363,5770.708678783352
5364,8519.161871302185
5365,6715.176592113579
5366,6360.108734786127
5367,5166.982446379818
5368,3160.3248281215256
5369,5056.516831494563
5370,5893.099994894552
5371,5265.450001923405
5372,4184.3932363190925
5373,6891.135323022807
5374,5449.1788942278445
5375,8629.539373876098
5376,5878.945968956045
5377,4673.839044185448
5378,4257.784292641932
5379,4086.065032767556
5380,8346.055613038823
5381,4978.02426594938
5382,7683.274976427324
5383,12735.08480487358
5384,6931.986052890072
5385,5023.573815952789
5386,4782.3521297295465
5387,3956.591437565783
5388,6297.397233211006
5389,3264.4820867767307
5390,4878.117037721194
5391,8691.69842897659
5392,4735.5508017610755
5393,12300.05236075441
5394,10756.895490481202
5395,4840.514134238805
5396,5709.009178200804
5397,5189.625764109703
5398,5801.204965550162
5399,4611.980341319197
5400,10551.56243106899
5401,6667.434707268951
5402,6935.326361382765
5403,3826.5759830886827
5404,6607.5799811209245
5405,5040.138774916416
5406,7564.410563278883
5407,5880.78166755654
5408,5312.275177455211
5409,6163.777293771391
5410,5867.369612026602
5411,7217.594339814335
5412,8138.222361908328
5413,5715.514896759128
5414,8486.793094087574
5415,6097.542547902702
5416,7784.097797437285
5417,5193.1682154861455
5418,4128.027710323903
5419,4430.0169946580345
5420,7441.598707520284
5421,5875.929922570873
5422,6830.113393977982
5423,5308.6920997589805
5424,7898.799561423252
5425,4567.501370345767
5426,7129.121637824575
5427,5483.421910402069
5428,3557.040693236412
5429,11066.659713002404
5430,14938.195017184104
5431,6089.823934522673
5432,6010.362246676281
5433,7407.169964103031
5434,8557.912546560588
5435,9761.57281591497
5436,4935.638686700655
5437,6119.495175788996
5438,5133.605572669398
5439,7645.605132882993
5440,3737.836160841217
5441,4647.47224563381
5442,4742.927961481616
5443,5001.830771926333
5444,6574.890299538475
5445,4092.9448545185273
5446,3406.726680390131
5447,6265.2190120423475
5448,3700.3411988191724
5449,3906.2848761907894
5450,4991.5254660235005
5451,5159.051214223134
5452,8102.1558159944025
5453,8346.742321866986
5454,5976.482152250105
5455,5975.855498465663
5456,5703.520680962572
5457,9479.688924394075
5458,5605.634578764325
5459,4882.241669325438
5460,4443.215206470473
5461,8312.70385678165
5462,4159.305851578089
5463,6262.400460037209
5464,2878.891341619854
5465,3975.7814412652956
5466,5781.685540659257
5467,5812.111227964683
5468,5259.68806596575
5469,8627.274894380598
5470,8191.434008688502
5471,10302.31320219317
5472,5101.011435208946
5473,9533.468162426172
5474,2617.401552514208
5475,4709.6960884160135
5476,5954.090211522882
5477,3524.732959726257
5478,7382.610407236617
5479,4267.273249401764
5480,4591.893499535821
5481,7848.998679176084
5482,8614.304168698181
5483,7145.317284906394
5484,4837.074694783044
5485,3902.468457874469
5486,7366.902824814184
5487,7525.9483421735495
5488,4598.785841220003
5489,5097.408347247801
5490,6142.283195448364
5491,7149.907451691852
5492,4243.04255622687
5493,4684.740844108146
5494,6839.356230695834
5495,7006.905475615234
5496,10797.11821684415
5497,4904.948597488157
5498,11186.433719865718
5499,6083.444552797043
5500,4527.423711573341
5501,2876.246534886472
5502,5109.395910742368
5503,5502.103858071826
5504,4930.053692864239
5505,7592.353170733016
5506,4786.533179566558
5507,3829.480035241788
5508,6398.959873878813
5509,3186.2551053829166
5510,7103.568946502138
5511,6005.876403290341
5512,6547.340891421247
5513,7413.601438314677
5514,4356.905714883257
5515,8072.616240166403
5516,5916.853996048845
5517,5107.081211837291
5518,5656.565010088879
5519,4616.394146510259
5520,8627.578875366995
5521,5779.795857435852
5522,3909.182308589011
5523,5888.4847733143615
5524,7367.276609932267
5525,6214.187273498455
5526,5099.05494667122
5527,7340.114097140304
5528,5106.2668220182595
5529,6069.836886966827
5530,5194.360176679812
5531,8397.924023205738
5532,4576.129551004059
5533,4957.837013302121
5534,5033.200498234478
5535,4410.4424484333385
5536,3542.281339360268
5537,4740.912206417023
5538,8103.912552616659
5539,7703.47981516781
5540,9706.006231863568
5541,9240.79683844882
5542,7402.617023175165
5543,5373.103399304128
5544,4801.103441017943
5545,9637.856571210163
5546,9171.88507502327
5547,6352.4044511494685
5548,6907.977127033366
5549,7729.062262016704
5550,4861.516883459682
5551,3258.549841170093
5552,10170.911438263187
5553,5215.022859523874
5554,5491.3275544310245
5555,5469.8465444449475
5556,1901.2977233280199
5557,8967.414729174425
5558,5776.754169772085
5559,5729.543096241838
5560,4900.506580338399
5561,5040.977398890586
5562,5828.561661861621
5563,5618.64172885111
5564,6434.287989100968
5565,4705.093328496979
5566,4338.006559181968
5567,3100.6945075339486
5568,2571.0367013198065
5569,6162.540685044615
5570,16006.074142228083
5571,3751.291440015271
5572,5269.891945084748
5573,5696.237822078587
5574,5127.678726126492
5575,4240.314088197181
5576,4936.7407286704665
5577,3194.2577452563014
5578,7149.825861060594
5579,5847.953761459075
5580,3427.6022590781404
5581,7591.319759711009
5582,3999.515828281306
5583,4427.399989670492
5584,8057.226132375258
5585,6386.784011856738
5586,7876.43710402269
5587,4105.090672076296
5588,5368.425580034656
5589,4149.205206495239
5590,4524.699040653417
5591,12595.913233187634
5592,9422.474774657107
5593,6104.7460471636105
5594,4217.006349219664
5595,4516.964510243627
5596,5580.6997154534665
5597,3752.964266714571
5598,7677.523685545249
5599,4381.643031199965
5600,4896.140261047274
5601,6476.664647405203
5602,4290.600280756515
5603,5526.559878350927
5604,5439.996154804173
5605,6861.849695341699
5606,6252.620140428838
5607,3530.6403742808143
5608,5170.8290452494175
5609,6092.465348906014
5610,7408.651099261021
5611,7508.632047149812
5612,6507.820331128158
5613,3525.550173259955
5614,7569.020453650518
5615,5016.781232727814
5616,4274.4283324156495
5617,6446.776577909592
5618,6299.580809755283
5619,5441.558732143051
5620,5252.849778872386
5621,5400.628365788137
5622,6484.424409814229
5623,5027.222750458501
5624,6121.342584156972
5625,6793.552336014295
5626,4543.460562545726
5627,8360.763488774726
5628,5815.512213675439
5629,3991.0743314729652
5630,10093.150559874248
5631,4535.17912490791
5632,2793.925314038849
5633,6895.201194031235
5634,11808.69616057412
5635,8011.566332016623
5636,4366.709127742937
5637,5254.933243868258
5638,5699.948280753031
5639,6269.132451217433
5640,5101.644476276047
5641,7058.615775169481
5642,2679.492205064609
5643,4828.861802328392
5644,5115.878237260447
5645,4163.181017342546
5646,4171.801577486595
5647,6347.90975047028
5648,6166.908978373705
5649,5834.221725417068
5650,6339.595789302911
5651,5723.001454626352
5652,7393.947917320287
5653,4719.759145497648
5654,5561.145693312902
5655,5687.727261127366
5656,7043.1119657029785
5657,7764.594968449307
5658,2848.2110309562913
5659,8109.773514358838
5660,6354.635875769764
5661,6351.619776134003
5662,4311.503741742335
5663,3430.0006943639837
5664,7094.328883946533
5665,4662.531688383383
5666,7567.511779913441
5667,5762.91133980734
5668,4639.060493334921
5669,6899.9294307957225
5670,4955.933783383089
5671,4616.864259681762
5672,7236.732210945435
5673,4504.531474169302
5674,7654.436979640266
5675,9089.387489989913
5676,6449.177193517582
5677,4040.5780282180967
5678,4289.95714727785
5679,3720.182711739018
5680,2713.0523677088204
5681,6608.853461002651
5682,5253.001676855783
5683,7768.164579920588
5684,4048.3170049029636
5685,5377.924665291319
5686,5543.670428300334
5687,7171.248144822567
5688,4967.617458264096
5689,5168.217410985281
5690,4204.988724367047
5691,6558.438926422702
5692,5355.844626118678
5693,6233.299120352176
5694,7424.111042944412
5695,7283.512907895188
5696,6734.097139440188
5697,6445.2627875691405
5698,5541.9153604824605
5699,4013.1019058590364
5700,4861.728441353673
5701,9672.051974460312
5702,7382.240250630384
5703,6235.064251428379
5704,14953.947155817254
5705,4307.526099232377
5706,4412.871191184351
5707,4983.264983039246
5708,7854.296867595514
5709,8701.112242605255
5710,6096.974943428119
5711,6815.813994383315
5712,6882.672197324014
5713,8059.928340558387
5714,5711.3884954420255
5715,4740.060706669586
5716,4408.615774648518
5717,4398.940735252725
5718,3116.3317644171943
5719,3980.7829926348118
5720,7167.562549061242
5721,14372.113720312294
5722,5893.492674685399
5723,4323.882114712712
5724,6047.007288437433
5725,3781.0727048803737
5726,5707.047451928565
5727,3821.850492111263
5728,7763.61099982415
5729,6169.103166740772
5730,5739.089161959973
5731,10961.337209299296
5732,12866.001694523979
5733,4233.569211897352
5734,6318.765015541096
5735,3566.240547819084
5736,4879.661521412212
5737,4673.362253452874
5738,7971.013494003786
5739,4178.218458024516
5740,4334.893386040981
5741,4952.840635965461
5742,4923.200420645838
5743,6214.44390323065
5744,5811.779675633965
5745,3909.655184271788
5746,6791.325259373933
5747,6966.435227564116
5748,5829.3069095492565
5749,3807.4007882913106
5750,3398.5897111328895
5751,6557.282975288059
5752,4313.4577209871695
5753,8463.882116398458
5754,4072.7698329388318
5755,4430.033854062607
5756,5938.8870014892345
5757,5189.564583102538
5758,4334.363047942653
5759,5348.718887887744
5760,5301.474422024975
5761,8391.986494638633
5762,7493.443197185881
5763,5335.085481769692
5764,3581.2278727345133
5765,4882.090369947496
5766,5953.579730778734
5767,4185.062249559057
5768,4889.374833697219
5769,5451.939651239818
5770,10445.717345953864
5771,6060.784753168539
5772,5670.666772305588
5773,6638.1820667579805
5774,4140.584433543968
5775,7846.757081808702
5776,4497.120152411254
5777,10059.327862484379
5778,5596.892967633677
5779,4499.267722243198
5780,5358.930794056665
5781,3860.606928275753
5782,5979.086678040004
5783,19013.21171863145
5784,3408.572404958801
5785,4690.102639456821
5786,8581.020127662638
5787,5543.2151398558935
5788,6244.523437498852
5789,7266.205461207107
5790,5319.536105986117
5791,4961.952047380905
5792,3663.084743908018
5793,8322.768875028298
5794,4967.280362659426
5795,5986.9857880210675
5796,6991.901052114379
5797,4126.118526292734
5798,6994.822980195083
5799,5704.298039264359
5800,3549.414585110083
5801,7232.753826705445
5802,8946.479273323317
5803,3693.8444114564495
5804,6812.619876967982
5805,6087.437574059361
5806,4355.089263458811
5807,8570.532549038044
5808,6234.245148352408
5809,7074.5436570731745
5810,4394.176617018753
5811,4296.60352473726
5812,5561.621173931919
5813,3410.4273697060216
5814,6724.815371682995
5815,3282.940967326885
5816,5507.128823300449
5817,4257.365801087207
5818,5299.0552326597135
5819,5430.784700760028
5820,5807.486599395452
5821,5688.5837527025
5822,7987.045894262246
5823,4997.037693099469
5824,6151.039551556033
5825,5377.484091266797
5826,7171.475421936043
5827,8299.317320367029
5828,6179.121445928897
5829,3235.3859831735194
5830,5542.536852564999
5831,6070.7240768422635
5832,3951.00470169246
5833,11696.13007185568
5834,5015.733385573488
5835,5640.7980914253285
5836,8911.607061736659
5837,5846.208177598875
5838,3289.6648356892547
5839,10251.203842765359
5840,8659.900909419885
5841,4891.946896196652
5842,6275.786089515498
5843,8062.556661645423
5844,6466.502271202645
5845,4539.111327504865
5846,6112.252745842873
5847,4488.732884748492
5848,5412.7395560675795
5849,6603.007453871885
5850,4025.8161332874506
5851,6816.554914516259
5852,6246.087237651029
5853,5078.77595330072
5854,6125.357603119294
5855,5198.766748390849
5856,5273.805143978339
5857,3379.233178710881
5858,6854.457862988715
5859,6132.774966236941
5860,5403.041470652763
5861,5305.388036651607
5862,5928.596064184389
5863,8033.507156215821
5864,5176.40296716132
5865,4422.700294862643
5866,5538.63954135344
5867,6399.157215420001
5868,6193.042783736446
5869,4145.10934832449
5870,3622.8348900030087
5871,6259.9724699429935
5872,7028.611353606764
5873,4847.795557908312
5874,6746.176741122388
5875,6571.727164194564
5876,5069.664358940234
5877,4643.857416847908
5878,2758.6373562190765
5879,5733.281781550504
5880,6045.957350343024
5881,5488.335149314075
5882,7719.1854852939005
5883,6384.821015445308
5884,4258.842238567149
5885,6831.912519893172
5886,3131.275503527688
5887,2316.5130703515897
5888,6308.988724201534
5889,11271.429515953305
5890,6398.417586596866
5891,5735.165179150794
5892,3506.1063898244493
5893,5687.490581199052
5894,6572.628039449529
5895,4534.4093358201035
5896,7697.014729856273
5897,4118.433272310811
5898,3944.6270565317523
5899,4561.037349797119
5900,5073.053626138728
5901,4976.838853411159
5902,4210.148325264598
5903,4033.5119647783677
5904,3812.2861884987947
5905,5860.569361103519
5906,5699.646453229476
5907,4333.7666092285535
5908,5417.012350894129
5909,6289.104438981873
5910,4452.333049389544
5911,5627.337895868405
5912,7891.363754940407
5913,5826.398618798597
5914,5659.520258621953
5915,3143.1737406413936
5916,9762.83851003746
5917,5666.945318073538
5918,4273.9884083319
5919,7259.900849545225
5920,6803.198339518177
5921,5816.89149087551
5922,5449.487661529804
5923,6328.195747549826
5924,8291.102526280894
5925,10762.645030472237
5926,4209.481693095857
5927,3658.7446851382106
5928,4689.839432654239
5929,5293.909015066702
5930,5496.812010366989
5931,6233.8149115759
5932,7337.984536857993
5933,5412.576132141714
5934,3553.576432517972
5935,4995.215648164785
5936,7715.273385250516
5937,4224.96701054195
5938,6087.490608587175
5939,3360.0905925491093
5940,6453.199409393868
5941,6026.522860364479
5942,6176.101592498084
5943,6844.168643474695
5944,5459.383600152582
5945,3975.1240332789857
5946,5837.389524054875
5947,6772.324683968187
5948,7420.385922583117
5949,6264.556654181469
5950,7276.389496019092
5951,4912.185492922508
5952,3944.5004080420617
5953,8349.067966287801
5954,3945.1471625904455
5955,8969.931862454163
5956,5891.151810117227
5957,4078.803400921816
5958,5948.388738359812
5959,5336.563665743098
5960,6157.18136946654
5961,7430.384901583571
5962,3525.7091904726176
5963,4112.8392416709785
5964,5846.379233603161
5965,6714.007467013935
5966,9022.042007882983
5967,5085.782931610163
5968,5036.235858575997
5969,4335.017675937332
5970,5843.314184957624
5971,4548.584035643524
5972,8797.077838031173
5973,7460.401768357465
5974,11113.252348502787
5975,4222.8021807580235
5976,5183.212958471017
5977,8799.465037840813
5978,6930.709618366529
5979,4023.236330861393
5980,8814.577561923239
5981,5684.242236908814
5982,4579.280300192839
5983,4643.165329296251
5984,4074.085264440914
5985,4604.649221739604
5986,4645.611600185054
5987,4101.796611329695
5988,4306.199728085354
5989,7027.432372043485
5990,5858.933419650529
5991,20388.156196240867
5992,6002.5922394344825
5993,3613.228919330544
5994,5624.031222574295
5995,7716.616524377481
5996,5867.526013814187
5997,5963.586356234146
5998,4947.845115029887
5999,6518.4976217103185
6000,6144.020666303638
6001,3601.2943544125096
6002,4620.217255768838
6003,5409.877381806648
6004,6779.173072348323
6005,5777.633675290184
6006,8147.709205840586
6007,3916.42583442377
6008,3906.1056640149286
6009,4267.178770267157
6010,7616.382611241991
6011,9001.442664737486
6012,7222.081270225516
6013,6166.439428418858
6014,3787.162154855029
6015,4798.208008535881
6016,3160.487779093005
6017,6446.922820130915
6018,8321.635994413587
6019,8062.290682977176
6020,4210.065448493201
6021,3844.155137544988
6022,3757.1307746347447
6023,5160.034232952319
6024,8298.938311663172
6025,5088.428845071729
6026,4280.952106811362
6027,3891.6899034954336
6028,6441.6396762148015
6029,3112.62801508233
6030,6097.430927043319
6031,3379.8778090539504
6032,5840.756846008931
6033,5728.880872027832
6034,4528.773791557601
6035,6988.219133117364
6036,5453.342970485913
6037,4084.102015821243
6038,5619.632775948064
6039,5555.917161549775
6040,9477.431508121172
6041,5101.08907581547
6042,6373.018450369135
6043,6590.833095489529
6044,7526.978396045406
6045,5430.209763398479
6046,7328.972422123706
6047,3368.6454489380712
6048,4249.1888374467335
6049,4968.446827209486
6050,5164.442888428775
6051,7818.90402873044
6052,6247.917664450095
6053,4300.710449487516
6054,6234.632346091322
6055,5567.083157844898
6056,7970.799802976207
6057,3239.943610592282
6058,10966.416469885831
6059,3792.108439080531
6060,5105.797648810117
6061,6689.992258042172
6062,3801.0059832696675
6063,4679.212019025983
6064,4817.962538989758
6065,6013.788591481844
6066,4470.43195541654
6067,4708.382086712408
6068,6564.660818432164
6069,6282.469523830453
6070,5340.741565230275
6071,4335.5531281335125
6072,6511.471439738113
6073,10084.888844351146
6074,5518.688381852386
6075,3935.8381144087616
6076,5525.273387588707
6077,5527.935027754954
6078,5519.368272069858
6079,6259.040230685387
6080,3361.279478609282
6081,6246.307679380837
6082,5020.57836400688
6083,5612.177867897827
6084,6099.274132073951
6085,3636.3661744076303
6086,4979.311708707847
6087,3759.3529945549044
6088,6682.051831731003
6089,7180.988027836438
6090,4421.485458997569
6091,3861.1253152432964
6092,5883.179631312394
6093,4917.059485636754
6094,4666.286516221024
6095,6750.981103281566
6096,5166.095693593502
6097,6586.998080672384
6098,4546.554524662564
6099,3929.839154603739
6100,5047.540603849988
6101,7502.285142024627
6102,6303.304087403353
6103,6765.208358311602
6104,6394.4296460189735
6105,4620.796181827578
6106,7221.757011025591
6107,4323.870194905705
6108,5168.306583102713
6109,7681.713004023121
6110,4983.115729432783
6111,8381.951542045208
6112,6664.276068686341
6113,5949.755257152317
6114,5017.124406285794
6115,5994.721306771163
6116,6004.276567829638
6117,4999.062549804497
6118,3152.2711486512867
6119,4624.127034043749
6120,6336.525837142674
6121,4719.5074085603965
6122,3399.713792343381
6123,6653.315762599546
6124,5647.007931736645
6125,5188.0898337119415
6126,4970.586720109551
6127,4361.030125768035
6128,5674.193482457258
6129,5943.995422811876
6130,5024.64432842487
6131,4477.739502375804
6132,4993.325803450089
6133,5284.996862046251
6134,2996.6360916272683
6135,5162.124929854792
6136,3819.193199420512
6137,7047.666980990395
6138,5819.603063791072
6139,5104.898105212135
6140,8945.47871468794
6141,3742.8900347187728
6142,4381.755365997958
6143,8403.553494582224
6144,5209.980303493538
6145,6993.061223211537
6146,6346.195435029548
6147,4582.737445140452
6148,5515.935873250782
6149,4705.482486974873
6150,6961.094776648917
6151,9290.501706679723
6152,5340.306019179937
6153,2379.65848381706
6154,3848.260374081781
6155,6690.259435146545
6156,6985.191212697924
6157,4527.107958631116
6158,5460.2870867413085
6159,4252.856034535182
6160,4608.798199232443
6161,2724.5696405784597
6162,4153.203402199466
6163,5121.989627656726
6164,6026.188883606129
6165,5791.338450105252
6166,6015.526350135144
6167,6778.800070959922
6168,7367.045909743384
6169,6642.249446036961
6170,3613.7857543043947
6171,7937.375730427509
6172,7906.243933093597
6173,4326.676987440482
6174,6086.393071031337
6175,4266.256513569854
6176,5397.276578531764
6177,3130.5018784017757
6178,5339.239718866269
6179,3837.522482281701
6180,7959.908022243155
6181,6084.133638003929
6182,6815.424488191966
6183,6738.278314178411
6184,4543.336810847348
6185,6310.6612575711815
6186,15938.001387941978
6187,7976.682427463623
6188,4212.272129658272
6189,2223.0474219769885
6190,4861.317944884323
6191,6578.695281519007
6192,5142.508557783673
6193,11768.067977220468
6194,17736.481716267823
6195,3421.613718509969
6196,4184.355162242538
6197,8517.528872578716
6198,3914.5509746381776
6199,6384.641665601212
6200,5110.132902747332
6201,6070.896474998239
6202,4382.705253036527
6203,5205.767494870555
6204,4955.41472706481
6205,6384.695104715265
6206,6875.687591134642
6207,5462.64800898278
6208,4959.83412784948
6209,5774.712482172174
6210,3726.468767882664
6211,4270.949196357716
6212,6527.576701800634
6213,4680.110344794584
6214,4897.980852592018
6215,5661.263254004943
6216,4992.196066695548
6217,5020.354178520543
6218,6086.91253630231
6219,5493.263836277293
6220,7290.130999872079
6221,6166.762223016611
6222,6175.230643709599
6223,4795.214975537436
6224,2848.699099808584
6225,4959.284866371215
6226,5937.491327037919
6227,5153.718590606207
6228,3912.3387599353578
6229,6772.680345577492
6230,5561.451398888029
6231,7720.880932928403
6232,5891.794781691179
6233,4465.954310129752
6234,4313.462926636012
6235,3933.0423502875483
6236,7866.986052855606
6237,4063.7587302549996
6238,6680.219338583557
6239,13145.507692409748
6240,6532.707132652107
6241,6586.755654496702
6242,4339.901930024506
6243,3783.8375241926533
6244,5612.6244938937225
6245,3105.7932805416335
6246,5023.512209753989
6247,9059.011954819758
6248,4445.079156129985
6249,12470.649170295912
6250,11016.64703343378
6251,4346.155417008528
6252,5590.896556920319
6253,5195.054728836434
6254,5529.600637600817
6255,4486.530278195154
6256,9794.794311030812
6257,6176.109408763701
6258,7124.179770084243
6259,3607.8303544240343
6260,6344.442404616169
6261,4528.756818075455
6262,7156.794769063743
6263,5421.332733368859
6264,4837.531198128054
6265,5551.656340554495
6266,5659.364338744717
6267,6172.114157307399
6268,8576.842750605709
6269,5128.767341083486
6270,8042.583907635861
6271,5684.967522751083
6272,7989.199850511782
6273,4964.861644330623
6274,3975.7548939362177
6275,4185.689440696733
6276,7160.609442606248
6277,5212.135797298868
6278,6516.5057091464005
6279,5024.491082116527
6280,7184.767790701229
6281,4084.745860061516
6282,6943.489720150809
6283,5634.0910438455785
6284,3588.1053390172906
6285,10694.937644795327
6286,15293.17383139804
6287,5309.082906778692
6288,5610.847297238137
6289,7302.966352564182
6290,8480.673749703805
6291,9975.450499888551
6292,4571.09454432282
6293,6094.266453392471
6294,4817.686505859937
6295,6794.681513549743
6296,3499.7513499600295
6297,4588.081666420637
6298,4153.116396381805
6299,4683.015519142239
6300,6281.569074265765
6301,4134.036718578866
6302,3415.5296944695847
6303,5761.694712209699
6304,3319.3467887539996
6305,3597.7908265585284
6306,5103.886755996894
6307,4944.954275506328
6308,7479.635263581368
6309,7373.526507121788
6310,6063.482412322016
6311,5570.731449936064
6312,5422.760027015675
6313,9987.402125027082
6314,5768.089049016534
6315,4065.2803030136492
6316,4155.769414264844
6317,7020.8301741093355
6318,3875.6775393214602
6319,5971.505534835589
6320,2947.416070437845
6321,4081.2270282355626
6322,5676.634508552695
6323,5427.281634092161
6324,4627.4405506023195
6325,8031.48621323309
6326,8147.9074769844765
6327,10761.837485791017
6328,4954.412034067087
6329,8510.412950876336
6330,2572.4017623398886
6331,4160.427186184478
6332,5336.568551448169
6333,3259.6145867275336
6334,6439.737095440731
6335,4050.974630479815
6336,4410.372464184637
6337,7061.689405912175
6338,9124.178169202212
6339,8347.519929091333
6340,4591.566091641078
6341,3645.6847660729486
6342,7290.333537837334
6343,6633.22866243307
6344,4966.374997119885
6345,4448.861487631887
6346,5573.589787847783
6347,7928.906038050011
6348,3745.977431203556
6349,4963.823832602885
6350,6443.127626179152
6351,6331.022012625683
6352,11177.821708937357
6353,4387.97380445024
6354,10794.874397399746
6355,5526.1460902376275
6356,4288.210610756188
6357,2930.2409846691203
6358,4933.230505759601
6359,5045.016328552196
6360,4740.683541266121
6361,6226.583410050752
6362,4140.609426629944
6363,3914.5698458324205
6364,5650.875702006999
6365,2963.618410879915
6366,6669.582013930665
6367,5439.7860125192265
6368,6406.125984484058
6369,7046.706416463738
6370,4067.609897153039
6371,7577.035834617581
6372,5483.096535717466
6373,4925.394612281219
6374,4992.677434914487
6375,4383.271055271153
6376,8702.109512214036
6377,5773.32665925189
6378,3887.427639840891
6379,5782.066733087653
6380,6842.031030288063
6381,5699.757555854384
6382,4868.189118363593
6383,6789.310449744043
6384,4981.728146603654
6385,5458.5796049702685
6386,4990.875087897346
6387,7143.552668029064
6388,4968.001072720027
6389,4956.519382640055
6390,4318.891268323976
6391,3900.6677389233355
6392,3302.4509354634274
6393,4513.496774169783
6394,7188.683568745464
6395,7528.611878085403
6396,8991.602357288008
6397,8840.032026886098
6398,6925.867529148093
6399,5390.601596123198
6400,4802.3679779635295
6401,9589.637394977146
6402,8741.387804842876
6403,5644.536173530473
6404,7125.874579998979
6405,6741.974658352835
6406,4780.20124982256
6407,3361.049602915084
6408,9272.149532071944
6409,5029.262868363065
6410,5378.183390337362
6411,5074.224393248119
6412,2001.1750459237173
6413,9178.871513957321
6414,5533.884150429423
6415,5533.927525703922
6416,4220.5063114143095
6417,4590.8111297422765
6418,5700.38897248964
6419,5787.204687736548
6420,5659.5559137758655
6421,4721.74948838717
6422,4028.008207835585
6423,3195.8896299199123
6424,2615.8044384859154
6425,5737.491452664867
6426,15718.210103443409
6427,3858.841892082719
6428,4984.791926530236
6429,5416.084449990454
6430,4616.385270523606
6431,4262.625818461087
6432,4407.934236836642
6433,3229.0933105910494
6434,6154.875313308852
6435,5549.335718106671
6436,3112.3705572798835
6437,6959.973733694548
6438,3865.736722196289
6439,4119.831467179388
6440,7445.081401606114
6441,6086.627331000615
6442,8385.449228582176
6443,4102.595918955484
6444,5403.738038431592
6445,3930.057909191447
6446,4307.861626061928
6447,12530.157287467173
6448,8584.55852838223
6449,5574.335803081962
6450,4232.899348546504
6451,4053.8267272566604
6452,4933.208625033737
6453,4533.62971555109
6454,9624.717898040728
6455,4404.265243055543
6456,4629.0351665768685
6457,5699.025083282404
6458,3826.648396264725
6459,5540.014274229521
6460,5552.597682212656
6461,6358.664142595162
6462,5646.123446896209
6463,3314.8308172643824
6464,4843.8782750543205
6465,5387.7807059273955
6466,7191.055439881458
6467,7150.68019435494
6468,5895.412417076454
6469,3390.120408332584
6470,6796.440697197031
6471,4854.914592716055
6472,3981.555540985902
6473,5822.035858583117
6474,6096.044637298317
6475,5279.6291793730215
6476,5044.394589812923
6477,5201.301879046752
6478,5871.821112944547
6479,4885.495497295868
6480,5861.169681636351
6481,5612.115987761983
6482,4113.837426694682
6483,7847.599834573111
6484,5141.063542697438
6485,3760.8652921844714
6486,9457.13066615951
6487,4929.744573206734
6488,2860.3161990381445
6489,6515.2240540769235
6490,10292.539677751578
6491,8052.610004227854
6492,4224.525660642654
6493,4834.109134644543
6494,5019.626370086342
6495,5975.988650064606
6496,4630.155049474224
6497,6740.07669411378
6498,2659.4637824910933
6499,4619.700985629626
6500,4967.40891416133
6501,4289.313264870211
6502,3824.9732376373795
6503,5927.117620061617
6504,5892.456417084154
6505,5659.134188504537
6506,6507.591283642737
6507,5130.689806841441
6508,6988.005856816699
6509,4176.776472046795
6510,5161.922037757372
6511,5431.803928940438
6512,6747.182588622976
6513,6441.172443598978
6514,4085.2546166886973
6515,7737.000505280768
6516,5993.740726865422
6517,6250.53145759308
6518,4046.380649329551
6519,3447.4819239201097
6520,6379.052561905366
6521,4554.998395142177
6522,7063.041032085775
6523,5474.266637716145
6524,4837.741211160364
6525,6527.789331088684
6526,5181.93408816286
6527,4509.828325611713
6528,6579.455912067062
6529,4457.505562821567
6530,7688.755119185596
6531,8623.284926098799
6532,6119.208332701183
6533,3942.540954417708
6534,4000.0288190348597
6535,3377.8371982514086
6536,2627.3591914196995
6537,6615.63338203305
6538,4548.435880431925
6539,6957.889461609117
6540,3604.0378088940183
6541,5003.888166238299
6542,4974.583744872415
6543,7388.991938574157
6544,4346.771887696839
6545,4391.894990179886
6546,3945.654730805961
6547,6461.161139919577
6548,4968.258525550244
6549,5851.712382165292
6550,6674.588513735099
6551,7472.218418171834
6552,6259.269681702918
6553,6215.588390090181
6554,5189.165960058815
6555,3826.505046848836
6556,4436.347611599874
6557,8615.190751604556
6558,7370.004632631915
6559,6225.4043429013955
6560,13873.955019745903
6561,4276.4599864259635
6562,4292.58604662799
6563,5014.837181548097
6564,7084.939350863089
6565,7820.846245926423
6566,5449.275703504577
6567,7031.49642487911
6568,6434.676852882191
6569,7450.858859558224
6570,5419.297110342225
6571,4339.826319945247
6572,4059.6196101654127
6573,3946.638881338138
6574,3221.116240673922
6575,3911.4731606263053
6576,6892.788588067088
6577,13503.094576999876
6578,5585.507954230652
6579,4322.042916921045
6580,5631.15210868126
6581,3520.481526841838
6582,5137.264080758802
6583,3832.699139534758
6584,7987.17056401093
6585,5718.788220761462
6586,5127.599333513987
6587,10849.131491589464
6588,11114.354623075775
6589,4304.645382906972
6590,6003.794610571183
6591,3607.3141482620367
6592,4589.473570619332
6593,4680.780142303759
6594,7540.201621607293
6595,3887.2153032208403
6596,3849.4324490111103
6597,4759.621869191714
6598,4764.870922640799
6599,5602.376640482332
6600,5505.964841351464
6601,3868.526966916157
6602,6090.729994850197
6603,6726.818608332838
6604,5670.337639853275
6605,3578.236452518182
6606,3221.7666720023103
6607,6667.316222425464
6608,3675.1280422119785
6609,8172.950097631649
6610,3828.9576974558076
6611,4261.564319966555
6612,5360.253476624589
6613,4885.271574362854
6614,4025.821869569876
6615,5013.833583891203
6616,5052.365976334659
6617,7888.593393093776
6618,7314.862930197454
6619,4960.185858111871
6620,3614.3234710853317
6621,4886.285391525728
6622,5532.802949835681
6623,4027.853079049374
6624,4842.695284462353
6625,5174.582924436575
6626,9634.753769621399
6627,5828.092664873913
6628,5311.766520825314
6629,6893.211202434024
6630,3885.6628256765753
6631,7363.70225063937
6632,4539.632348613098
6633,10534.918827072031
6634,5044.147460877526
6635,4289.726074811676
6636,4704.839446905608
6637,3452.6614543965898
6638,6210.344544628698
6639,17203.13572239848
6640,3203.2222402852867
6641,4015.6953618400003
6642,7923.411750689488
6643,5239.12669862148
6644,6081.232623530964
6645,6788.329259238863
6646,4988.085472061547
6647,4547.145829485026
6648,3764.808399220945
6649,8111.761276052816
6650,4709.317804826681
6651,5977.013509949828
6652,6301.918105855271
6653,3880.7657946134977
6654,6461.756833494098
6655,5006.396977301448
6656,3460.577312958954
6657,7204.469293754816
6658,7469.943761152661
6659,3536.9984154987815
6660,6279.64065619065
6661,5537.960808380361
6662,3989.657630631002
6663,7812.209376150866
6664,5797.86091557514
6665,6442.458043024062
6666,4014.6890021585396
6667,3947.777086185453
6668,5487.63678266222
6669,3234.65549951037
6670,6526.468952384858
6671,3244.939203172311
6672,5110.001516424502
6673,4021.389853722168
6674,4984.830768980111
6675,5579.833568610765
6676,5659.055260589915
6677,5328.137217350681
6678,6940.619405353437
6679,4621.587081716256
6680,5882.778126249651
6681,5275.942605636625
6682,5962.145453516817
6683,7832.943418891252
6684,6079.303387079584
6685,2707.8541470783284
6686,4989.66166522749
6687,6028.809085738922
6688,3881.117991698834
6689,10483.16472170542
6690,4602.19765462597
6691,5703.1331395893085
6692,8991.039093097357
6693,5855.363443437818
6694,3132.8816936210847
6695,9988.643444447638
6696,8301.011190972986
6697,4670.075311387423
6698,6185.343958122329
6699,8652.95816317734
6700,5141.071148855201
6701,4262.561019831294
6702,5407.943601521722
6703,4430.674759726705
6704,4856.457858334554
6705,5876.128978715751
6706,3968.497366275247
6707,5551.364724229036
6708,5420.886602070906
6709,5267.461307009435
6710,5860.031700315779
6711,5040.092616010905
6712,5256.101957327036
6713,3786.5488285224924
6714,6471.167726211481
6715,5569.3108197348865
6716,5266.932662474431
6717,5185.231562490461
6718,5270.3798756818505
6719,7980.308588010716
6720,4427.2003635878245
6721,4191.192657632301
6722,5189.926120415018
6723,6087.448770310513
6724,5990.317150189863
6725,3915.9535805369915
6726,3482.1282098139277
6727,6035.887419285972
6728,6644.576712268251
6729,4405.1137859389855
6730,6385.981052975266
6731,5850.154336046922
6732,5040.546919718016
6733,4319.191335298306
6734,3162.2819205689307
6735,5483.827337048707
6736,5384.970005949072
6737,4974.923953223041
6738,7764.278546896507
6739,6522.197352804832
6740,4002.042340629631
6741,7350.582853033632
6742,3338.3995433837613
6743,2626.1501192213977
6744,6295.628941879734
6745,10582.455601245016
6746,6506.836046792249
6747,5478.617433417179
6748,3508.7002113788258
6749,5311.582764811894
6750,6769.119395780435
6751,4402.1693261621285
6752,6965.451523699532
6753,3980.094228272718
6754,4100.66925828734
6755,4245.321354169448
6756,4459.825530393393
6757,4640.294341016057
6758,3860.0900995178076
6759,3699.889679495989
6760,3562.1855260705497
6761,5597.464493581374
6762,5016.222099303335
6763,3949.149975229673
6764,5396.9780519610285
6765,5397.513003882003
6766,4461.474865193779
6767,5418.372005767728
6768,6979.367647890556
6769,5788.559768600747
6770,5137.755445041052
6771,3105.052812156513
6772,8798.492308405499
6773,5308.08665896347
6774,4015.504700706525
6775,6726.002312389328
6776,6393.969782939868
6777,5708.996591800744
6778,4799.191330928103
6779,6272.9281054405055
6780,7164.164494681062
6781,10405.460775895517
6782,3855.316769751128
6783,3526.3911931790767
6784,4394.312622735729
6785,5638.014802405495
6786,4935.918449574236
6787,5995.800291968214
6788,7016.071408473176
6789,4894.929861204918
6790,3543.9741353420554
6791,4695.606484440445
6792,7904.664188767316
6793,3778.5883440159155
6794,5673.368261235663
6795,3364.790505033422
6796,6030.461351220257
6797,6095.904092132988
6798,5990.737987212482
6799,6913.69379531366
6800,5166.708034059987
6801,3604.1101080081303
6802,5554.1529954864045
6803,5913.299438941585
6804,7117.462078707354
6805,6081.0497203729055
6806,6915.858436152764
6807,4745.439673168004
6808,3731.780398393245
6809,7903.5737384478
6810,3749.4148775324616
6811,8541.729349543282
6812,5285.368586611475
6813,3577.4493072697383
6814,5749.48533004538
6815,5384.853964610491
6816,5886.4889414371855
6817,7256.8706843330765
6818,3571.871322645337
6819,3765.276961702608
6820,5692.022052859273
6821,6494.044587588747
6822,8186.625161441093
6823,4665.483361642922
6824,5211.097681208444
6825,4504.991428334716
6826,5395.390396385692
6827,4501.176419730569
6828,7980.1759292292945
6829,6856.299436179213
6830,10092.759108173394
6831,3706.7604363950154
6832,4808.8798052061065
6833,8740.43329260406
6834,7249.417242845987
6835,3763.4155748707108
6836,8533.551121156259
6837,5375.459508369106
6838,4280.820109882352
6839,4249.866872989085
6840,3786.7767448160757
6841,4577.244165336864
6842,4344.582104869855
6843,3786.348330603663
6844,4144.273994644219
6845,6747.649587008439
6846,6120.305439111382
6847,19647.49407178743
6848,5578.242901112273
6849,3621.448207309726
6850,5672.66165509178
6851,7571.922025707751
6852,5217.153093023184
6853,6071.724854674629
6854,5031.048115014779
6855,6981.29063064256
6856,6249.147540072836
6857,3523.4755291510073
6858,4666.976396127661
6859,5316.254220127034
6860,6956.168723649404
6861,5751.758987433056
6862,7441.561526065507
6863,3829.9881080917867
6864,3857.708008805054
6865,4149.345849906553
6866,7807.990683388762
6867,8802.985457542622
6868,7312.385508937137
6869,6379.67759674294
6870,3267.493788074681
6871,4596.800621936455
6872,3313.0481554495937
6873,6525.846804896206
6874,8300.998471667283
6875,8268.570831238354
6876,4285.18461682836
6877,4053.8819202490286
6878,3542.6555526359402
6879,5063.153743271336
6880,8881.260286790903
6881,5109.076825450372
6882,3864.314479034247
6883,3849.463995667574
6884,6668.190257557107
6885,3143.4558730989474
6886,6116.858716231765
6887,3243.4658779309257
6888,5541.526710177705
6889,5380.73686686006
6890,4442.883907975983
6891,6702.742013735536
6892,5465.180651538738
6893,4423.914317967543
6894,5698.494747092315
6895,5375.633263800099
6896,8823.33414098776
6897,4907.979703002488
6898,6397.392150366603
6899,6929.301330810255
6900,7470.248515372948
6901,5401.768502938529
6902,7261.120476999169
6903,3278.1482667422156
6904,4040.231784540963
6905,5046.2589579155
6906,4986.168461713195
6907,7664.24177489751
6908,5997.746721176471
6909,4306.322214328483
6910,5641.372975805396
6911,5974.356638861571
6912,7390.24003261041
6913,3343.995707640865
6914,11455.135984960998
6915,3780.7445183786344
6916,5234.167357215042
6917,6762.927937887532
6918,3713.607399945336
6919,4669.729431278769
6920,4763.280462009538
6921,5894.696418530323
6922,4284.742805975823
6923,4684.558816065784
6924,6455.2968654448
6925,6309.942481759601
6926,5365.62463534592
6927,4313.097635170848
6928,6570.989926186119
6929,10075.221033779595
6930,5441.245952576168
6931,3949.5528902095975
6932,5265.066957446695
6933,5621.863193905971
6934,5515.824855831609
6935,6471.604023269743
6936,3318.49765473304
6937,6181.306653972633
6938,5288.167422679188
6939,5516.390360859594
6940,6394.980356852288
6941,3807.409942097351
6942,4555.108581972296
6943,3782.780143858845
6944,6748.682846090807
6945,7167.3375938441195
6946,4519.805537207358
6947,3792.6521483636884
6948,5823.417597233855
6949,4839.066108167767
6950,4756.099911801496
6951,6943.419770685131
6952,5247.918775889397
6953,6603.281444999995
6954,4523.8713642445955
6955,4008.00423886459
6956,4978.522542453036
6957,6825.638876557323
6958,6333.945257608809
6959,6646.168818918659
6960,6533.714091033256
6961,4662.242146490895
6962,6897.407101021179
6963,4621.330861629981
6964,5153.3783337302575
6965,7271.029874522467
6966,5003.381467887937
6967,8471.374777367953
6968,6837.456474675051
6969,5808.907326907906
6970,4668.528994510538
6971,6090.721349051425
6972,5764.698497846877
6973,5045.048217489447
6974,3240.7439500234236
6975,4493.9523921253995
6976,6427.4317109458025
6977,4657.565107195899
6978,3380.0624502923642
6979,6538.930414215118
6980,5830.690518359815
6981,5229.661200031676
6982,5058.042050989651
6983,4349.700467775801
6984,5619.7103065694255
6985,5809.434495231729
6986,4902.586006725335
6987,4486.594422940035
6988,5167.125525613261
6989,5289.062377846159
6990,2932.6669466807184
6991,4932.795619442413
6992,3806.417275355923
6993,6949.051898985145
6994,6126.0514083965345
6995,5197.97836712562
6996,9100.365390387513
6997,4304.832545132046
6998,4339.982736389727
6999,8615.832233394724
7000,5558.768607659356
7001,6657.42754011152
7002,6394.8901435516655
7003,3997.1483016573916
7004,5417.991288257699
7005,4790.181076130193
7006,6406.2703601092735
7007,9464.231770961997
7008,4999.410910243965
7009,2330.795018158545
7010,4277.643895322017
7011,6857.39963596228
7012,7115.518615567557
7013,4459.132302433337
7014,5470.111595935538
7015,4150.728785481664
7016,4525.947797265695
7017,2766.6492907824045
7018,4160.525137074593
7019,4884.931163792979
7020,6043.822424770042
7021,5807.019909270315
7022,6353.567069867255
7023,6819.005858254999
7024,6911.770937821408
7025,6507.930281297379
7026,3584.8904202848657
7027,8100.127625840308
7028,8099.345535394048
7029,4147.635166377458
7030,6058.074969996742
7031,4006.3294554177955
7032,5464.228078110074
7033,2901.020478154558
7034,5329.857203100174
7035,3914.8596874736563
7036,8208.815260497628
7037,5997.094242541413
7038,6573.188970959235
7039,6624.3948338816945
7040,4261.540470833848
7041,6466.632338577748
7042,15892.858794361677
7043,7770.778992999762
7044,4322.316077112608
7045,2217.5812662847534
7046,4927.737307592681
7047,6301.2893391635125
7048,4961.460282543802
7049,11669.311007054677
7050,17191.08185959056
7051,3614.3458628664043
7052,4201.398904105591
7053,6704.637511272769
7054,4340.5523336053275
7055,6484.022207369671
7056,4872.791253790782
7057,6131.528789413042
7058,0.0
7059,5409.9914384219155
7060,4999.764477272419
7061,6321.673367153511
7062,7040.69443532563
7063,5146.86664803342
7064,4664.246952694475
7065,5872.971062721446
7066,3868.975849733885
7067,4504.252189316219
7068,6669.854786550737
7069,4455.922290582387
7070,4773.734955061166
7071,5901.566671762543
7072,4844.777541390298
7073,5206.7651452607415
7074,5882.543888045945
7075,5593.161591553713
7076,7023.81479220178
7077,6255.3402229623125
7078,6015.969269160775
7079,4846.322833248084
7080,2868.5848748699373
7081,5039.978813812481
7082,5798.402615369517
7083,5064.048287926182
7084,3881.044425439889
7085,6844.514673471884
7086,5364.161891527651
7087,8103.81529686607
7088,6114.521308519397
7089,4255.924051551716
7090,4078.907127864569
7091,3771.476206773481
7092,7576.287286815616
7093,4073.9152208524993
7094,6599.653795225977
7095,12710.530570218541
7096,6347.036163984982
7097,4988.149463889995
7098,4065.1444994766425
7099,3805.7012309784077
7100,5571.933026937526
7101,3126.2013646547252
7102,4921.626383127099
7103,8668.732900095518
7104,4355.391760316113
7105,12752.449605011292
7106,11029.382886815285
7107,4211.691363287404
7108,5605.616220332012
7109,5217.529629579377
7110,5461.431779221415
7111,4462.83927009803
7112,9705.372901380782
7113,5908.075964785477
7114,6796.652683626889
7115,3556.628262471843
7116,6460.663092548426
7117,4337.217151500678
7118,7107.991712368893
7119,5131.035258964011
7120,4814.610131652849
7121,5334.122225784418
7122,5662.93794955298
7123,6315.000072129636
7124,7825.594994049365
7125,5200.741529487604
7126,8137.214473123786
7127,5419.352227203759
7128,8041.489274947761
7129,4885.655913717987
7130,4058.626808431641
7131,4078.4522835560033
7132,7301.402396012689
7133,5075.049287532855
7134,5963.290281622966
7135,5009.9405344360675
7136,7265.825718091247
7137,4010.0463860738037
7138,6547.49906929776
7139,5489.5520476971
7140,3503.0713408285956
7141,11124.995889847556
7142,14631.134507020779
7143,5380.970155307268
7144,5616.637073716181
7145,7295.229613149064
7146,8370.370561569214
7147,9940.152251752561
7148,4466.663202220775
7149,6220.869056182458
7150,4663.469113262096
7151,6564.875270929011
7152,3375.139233426488
7153,4677.947913636973
7154,4239.205199753013
7155,4708.409290584714
7156,6439.193246772173
7157,4331.830811444475
7158,3413.8496993251674
7159,5798.427415566483
7160,3207.2300910115664
7161,3658.14779536528
7162,4987.384762667934
7163,5295.262472972641
7164,7253.265564451986
7165,7390.809999777201
7166,5901.008748256961
7167,5372.797165978985
7168,5148.787606862451
7169,9574.243401190839
7170,5779.687220833394
7171,4086.075122187427
7172,4180.890858403835
7173,6982.867144354839
7174,3912.809910831918
7175,6209.310079358429
7176,2694.858946579434
7177,4451.75824961651
7178,5576.636742351246
7179,5364.421765248818
7180,4507.858087876449
7181,7872.705985920343
7182,7599.045129147521
7183,10797.845023689095
7184,4908.376862131564
7185,8145.2900197794115
7186,2716.5184372312488
7187,4413.723590366259
7188,5274.1078469383865
7189,3183.346033680277
7190,6647.603907716119
7191,4016.0369371072316
7192,4557.805934888336
7193,7196.645213081647
7194,9027.661438078236
7195,6830.879535932598
7196,4639.193233648037
7197,3425.4758542157438
7198,8547.895817033084
7199,7302.388336366196
7200,4842.831257218997
7201,4376.66420109542
7202,5632.9645481127245
7203,7340.055349427053
7204,3904.917076947411
7205,5085.1331947351855
7206,6400.089349847159
7207,6503.094091107797
7208,10990.777299589443
7209,4229.113835900622
7210,11065.484778064549
7211,5271.6020765066005
7212,4233.407099816417
7213,2677.693397986356
7214,4998.842835563281
7215,4745.098363391026
7216,4534.586265408283
7217,5903.029014031371
7218,4170.386447718041
7219,3683.5754507052843
7220,5461.924652487905
7221,3061.6809432904543
7222,6833.30060959793
7223,5537.372297694626
7224,6388.111232104304
7225,7040.713214540079
7226,3896.174643642449
7227,7538.971706548737
7228,5735.959830241863
7229,5056.499804085785
7230,5234.490334105398
7231,4944.836373926451
7232,8619.151711585253
7233,5610.136628820609
7234,3942.0177583815557
7235,6110.2205033379805
7236,6603.15750688937
7237,5639.475243153326
7238,4872.824503945425
7239,7042.935657607974
7240,5005.212454182952
7241,5402.275694753608
7242,5000.525134807852
7243,6960.79950519714
7244,4634.511438150955
7245,4798.733912460727
7246,4382.747363377258
7247,3856.251214296276
7248,3427.142652757818
7249,4111.621790515505
7250,6960.250991016856
7251,7192.7458682459865
7252,9082.266696102017
7253,8656.506197944336
7254,6539.768723510039
7255,5521.026000491537
7256,4707.081901377492
7257,9890.089085547994
7258,8593.06834161565
7259,5520.713352851403
7260,7014.068994594434
7261,6511.255239982198
7262,4873.750947067706
7263,3371.613840607859
7264,9384.88436575051
7265,5288.366831640003
7266,5456.331126742508
7267,5051.715218582277
7268,2000.544143509959
7269,8979.326377165886
7270,5380.239161266461
7271,5478.641770083123
7272,4208.518597666691
7273,4713.800964460189
7274,5613.171688379686
7275,5790.108881693279
7276,5330.473482808527
7277,4913.5570468924
7278,3938.0837268777836
7279,3524.611560878476
7280,2470.9277349030504
7281,5666.481313599722
7282,15737.378669995842
7283,3812.857280520472
7284,4894.310325158733
7285,5712.66421673231
7286,4510.749800952566
7287,4274.030250430093
7288,4368.884674808766
7289,3236.6074642719227
7290,6005.547826593312
7291,5373.749005583488
7292,3242.8405690977506
7293,6935.522614002061
7294,3855.7950879791047
7295,4091.5543174781824
7296,7419.022324707056
7297,6120.479383849721
7298,8048.390467790386
7299,4037.6893369561058
7300,5268.479696677904
7301,3945.6341128827517
7302,4090.930055917273
7303,13260.262913055012
7304,8514.743222638494
7305,5275.663260534478
7306,4309.676704755645
7307,3864.628364733776
7308,4925.003798064985
7309,3736.1778387559457
7310,7717.148647265184
7311,4423.019911048705
7312,4563.233900013931
7313,5437.801073877537
7314,3852.621335296715
7315,5490.831729656561
7316,5548.982107469873
7317,6145.92615871089
7318,5466.772700134802
7319,3311.712923122763
7320,5025.018557009526
7321,5098.206538699974
7322,7212.021719130139
7323,6878.475765663572
7324,5728.076791489837
7325,3445.300065755233
7326,6970.2355828289965
7327,4897.372912484288
7328,3820.707342501921
7329,5699.398057995069
7330,5755.1381624604255
7331,5284.65675429669
7332,5056.036512963643
7333,5250.0869870279375
7334,5731.606845231866
7335,4861.877927086874
7336,5891.541364285515
7337,5568.735782718985
7338,4113.516622933071
7339,7456.546143459488
7340,5111.589433665669
7341,3678.1639158587677
7342,9482.46804637902
7343,4557.6783579599205
7344,3129.4710628459725
7345,6330.024220000067
7346,10363.429454430028
7347,8092.197733528185
7348,4295.794625492126
7349,4646.741927639397
7350,5259.913143173429
7351,6214.774028469184
7352,4573.794431353079
7353,6690.825061372923
7354,2635.7049195370096
7355,4661.256838047473
7356,4873.937556707011
7357,4351.787588944096
7358,3702.4512108091667
7359,6044.488609960854
7360,6145.859578323134
7361,5785.20865305576
7362,6467.751598792368
7363,5041.07314982345
7364,6833.389091473914
7365,4008.4317755202746
7366,5273.8799606193015
7367,5519.900073382103
7368,6456.083754548866
7369,6866.372141820059
7370,2713.6532086474826
7371,7802.616353484645
7372,5812.563390109401
7373,6042.075771457762
7374,4166.58957039478
7375,3450.872333005892
7376,6412.307987305068
7377,4463.17389798399
7378,7226.3835457634395
7379,5009.101606421234
7380,4855.150692518431
7381,6034.73260551826
7382,5034.163989738293
7383,4342.580587616176
7384,6617.414747282834
7385,4200.355951101793
7386,7637.8187878415065
7387,8731.051113234214
7388,6183.7816790687575
7389,3838.417049493395
7390,3995.5062487004525
7391,3334.4056837760663
7392,2580.2800381572147
7393,6547.785264514397
7394,4483.166644622342
7395,6846.524838137691
7396,3414.38171961949
7397,4878.072609364628
7398,4895.315293457287
7399,7689.341482700622
7400,4357.129417074382
7401,4470.06373261145
7402,4060.7590154038685
7403,6479.703210709679
7404,4588.2719540049175
7405,5941.500645129391
7406,6622.551892018003
7407,7514.775833289728
7408,6223.081389511986
7409,6001.569075521712
7410,4785.39822602757
7411,3794.0862401097183
7412,4212.301249465509
7413,8906.719916842372
7414,7445.550062137101
7415,6149.3338167221145
7416,13844.522147027263
7417,4160.6450923084585
7418,4047.5967565310925
7419,4858.709915146268
7420,6964.011136944394
7421,7846.214504049546
7422,5395.09026073671
7423,6764.958008102729
7424,6423.232184176864
7425,7850.344991218862
7426,5374.787731529341
7427,4096.024501704083
7428,4057.242617493738
7429,3966.348631036446
7430,3270.5123796359094
7431,3884.596241093646
7432,6602.620674569553
7433,13527.066423482665
7434,5769.151775673592
7435,4286.7587903661215
7436,5846.024284456519
7437,3347.91734280778
7438,4977.63027612036
7439,3594.515278713842
7440,7569.694420484904
7441,5731.083266113903
7442,4894.457633303658
7443,10792.136889833659
7444,11564.977323571744
7445,4221.121341436438
7446,5802.412712278857
7447,3481.5193543326295
7448,4760.235058325367
7449,4783.497765972556
7450,7165.944722400464
7451,3913.255099110811
7452,3779.815998001274
7453,4812.799960746853
7454,4710.909965132919
7455,5687.533470757152
7456,5400.238330285898
7457,3823.6011641877476
7458,5876.903559509961
7459,6700.473909963491
7460,5537.461379420825
7461,3499.210019084475
7462,3255.3176540268078
7463,6493.213606436811
7464,3759.571462450533
7465,8256.937166179863
7466,3534.573000573636
7467,4035.418555129994
7468,5266.326831061169
7469,4839.684025084049
7470,3957.024821809971
7471,4886.827936185757
7472,5075.425788986025
7473,8154.889647635031
7474,7437.66960839716
7475,4797.98798564003
7476,3580.831221695894
7477,4823.934338570251
7478,5536.173175155727
7479,3986.338131282875
7480,4799.885849857823
7481,5142.247522810076
7482,9934.571178362268
7483,5797.128284330737
7484,5143.198142536507
7485,6984.160095794728
7486,3837.46769288601
7487,7276.564349800383
7488,4386.579400076088
7489,10649.427099821454
7490,4940.359479401736
7491,4260.295178064546
7492,4791.899809694799
7493,3206.452299438302
7494,6272.111771711063
7495,17206.72847256938
7496,3471.5753145817603
7497,3906.0881044290963
7498,7608.033802150315
7499,5345.795099532167
7500,6077.925523813064
7501,6924.99412537297
7502,4987.482456737447
7503,4530.687341580046
7504,3609.8910426833495
7505,8152.675289765799
7506,4693.085254616995
7507,5967.071861837717
7508,6581.823261543505
7509,4082.827952219279
7510,6479.58377044509
7511,4921.043452423655
7512,3603.1890377205755
7513,7094.346439113296
7514,7088.301082900189
7515,3565.2934419236594
7516,6019.2393908284685
7517,5193.79456602161
7518,3927.7396703400227
7519,7754.505338528537
7520,5646.420335179948
7521,6114.15215054523
7522,3847.9440652337157
7523,3833.794661484031
7524,6121.258149953294
7525,2945.3920826866556
7526,6518.418020718667
7527,3467.441021073493
7528,5127.181870398575
7529,4017.785117972258
7530,4994.752892231107
7531,5765.8786141922665
7532,5623.1331136725985
7533,5146.780367971645
7534,6798.781333483881
7535,4547.605553602752
7536,6010.022266021293
7537,5576.9022367953285
7538,6500.115790836572
7539,8007.0926496512575
7540,5921.805451603015
7541,2759.671943173001
7542,5164.610284722422
7543,5916.6015860791795
7544,4051.1174148985733
7545,10334.585289675153
7546,4517.567614783185
7547,5395.487817106888
7548,8646.483347717649
7549,5503.945916094797
7550,3075.7977471657637
7551,10388.515192869043
7552,8270.866594656485
7553,4737.530340405513
7554,6228.885278721236
7555,7723.082804153511
7556,4988.879062140699
7557,4346.50151127459
7558,5387.455837903246
7559,4466.610908639138
7560,4991.671735500054
7561,5767.858792072173
7562,3865.5281838234628
7563,5838.633512634295
7564,5342.390296609179
7565,5208.396220951135
7566,5853.486193126312
7567,4947.483785186192
7568,5255.783775710713
7569,3339.6308595562145
7570,6236.79362433706
7571,5673.517205314366
7572,4800.772656793191
7573,5280.479583874488
7574,5309.692364704244
7575,7813.9134966102865
7576,4422.251011657002
7577,4375.62119100808
7578,4884.642492046814
7579,5989.931695620178
7580,5965.576181146828
7581,3946.3349741659363
7582,3400.560225135897
7583,6881.778884031606
7584,6437.014313652742
7585,4416.211138029452
7586,6326.774759846612
7587,5780.674182513998
7588,5535.366450472103
7589,4152.662450218463
7590,2887.583395815503
7591,5431.592273462455
7592,5291.669933085132
7593,4886.051057216749
7594,7737.162512018291
7595,7054.532237876735
7596,4065.7099382275505
7597,6307.069558913185
7598,3421.0382826116174
7599,2534.775845905455
7600,6312.368140222844
7601,10953.507783226327
7602,5894.978428598829
7603,5653.034938422087
7604,3453.1785925412764
7605,5387.345968527899
7606,6554.957921250953
7607,4464.015096352721
7608,6689.357433789449
7609,3895.4255722175903
7610,4043.2175430771495
7611,4400.379974136072
7612,4291.200828167206
7613,4822.367496737182
7614,3837.65684790043
7615,3567.7631680388604
7616,3610.372859324874
7617,5707.439285912396
7618,4904.409495444828
7619,4012.583717395995
7620,5195.829155416633
7621,5342.6086674606495
7622,4485.070713164781
7623,5537.539051291876
7624,6831.04975830842
7625,5891.701482438027
7626,4832.385537566394
7627,3161.8111448801906
7628,8652.000098053315
7629,5073.709157153144
7630,4011.916373432627
7631,6593.223702555628
7632,6916.245748892648
7633,5755.277357406554
7634,4767.2268978850925
7635,6223.664311343517
7636,7198.233026475543
7637,10421.64560749354
7638,3877.256657181691
7639,3467.715396547352
7640,4108.364273741795
7641,5270.040523261121
7642,4668.027729421844
7643,6423.282261191596
7644,6748.439030063877
7645,5015.038169967912
7646,3396.110354088331
7647,4549.948109576056
7648,7135.028091261376
7649,3815.2454491844483
7650,5578.733385994061
7651,3326.7050500122123
7652,5756.1175944726
7653,6023.876432792412
7654,5959.16180746478
7655,7330.317066429058
7656,5126.860627868295
7657,3599.735643010614
7658,5138.414775753799
7659,6157.222223698116
7660,7026.9470879689625
7661,6009.4223252706
7662,6689.991313997362
7663,4474.35424385124
7664,3727.7904536145825
7665,8026.647586955144
7666,3745.160499882888
7667,8581.4041310326
7668,5212.975223171696
7669,3668.329123061982
7670,5749.3348677997255
7671,5260.231611516895
7672,6226.116377054749
7673,7585.190152190342
7674,3406.6375520373217
7675,3661.4675043329776
7676,5897.2158449532235
7677,6417.772359553171
7678,8531.875201150102
7679,4947.162672354974
7680,4980.5600654120235
7681,4301.461030991917
7682,5265.278788420676
7683,4361.958030567579
7684,8000.559096068436
7685,6831.942447826905
7686,10424.48760395954
7687,3779.0707648700663
7688,4936.669280677697
7689,8652.106674659575
7690,6870.051830165921
7691,3769.2423278412602
7692,8258.634278940684
7693,5587.923925465328
7694,4340.750745875174
7695,3993.9932059003186
7696,3773.755891524223
7697,4519.587986873011
7698,4376.614398562557
7699,3825.233002268299
7700,4130.593164841959
7701,6608.736377647881
7702,5645.856797027688
7703,19247.24788701251
7704,5628.387957636093
7705,3746.9324147953594
7706,5858.649822074245
7707,8606.867826775575
7708,5462.598869521818
7709,6212.29131706469
7710,5261.764360162571
7711,6793.449358015647
7712,6262.070044960067
7713,3465.667363444665
7714,4830.305392140767
7715,5520.236023388367
7716,6958.408310196718
7717,5973.208047518172
7718,7301.074638268285
7719,3882.2659348943544
7720,3794.9352431953107
7721,4113.608033245721
7722,7712.950648912709
7723,9373.666515136969
7724,7765.857164966196
7725,6529.094151147639
7726,3809.2953083362445
7727,4723.771954110643
7728,3300.7518841193023
7729,6792.811203771196
7730,8568.321978562133
7731,8165.571577182931
7732,4364.84907611171
7733,4131.432479163214
7734,3745.1914761216226
7735,4897.296496999628
7736,8623.093901009108
7737,5401.749539179234
7738,3920.2870892535143
7739,3871.0431668877254
7740,6698.784143088768
7741,3243.05856473666
7742,6087.561177177049
7743,3280.41444345169
7744,5345.7079174854525
7745,5317.795752808016
7746,4565.624462037742
7747,6866.181294345801
7748,5340.259248400128
7749,4291.811656992882
7750,6109.50656885685
7751,5428.16982046058
7752,8721.951441799945
7753,4967.267596511305
7754,6403.786473980968
7755,6887.458424733344
7756,7631.639891069743
7757,5546.058768376106
7758,7491.53860184115
7759,3323.7606362133392
7760,4593.5301929949
7761,5134.880589091781
7762,5112.919588296573
7763,7704.4297068886335
7764,6249.227848100832
7765,4453.913771214585
7766,5882.371781865953
7767,5845.35217858847
7768,7471.044716843216
7769,3414.58176697832
7770,11301.490552934914
7771,3871.8070650504415
7772,5185.341834084146
7773,6885.331084553459
7774,3830.7710344397315
7775,4626.8144533664745
7776,4836.761572929843
7777,6026.668506407247
7778,4413.848879139254
7779,4660.882614871261
7780,6317.367482914759
7781,6563.400618683869
7782,5609.316759931738
7783,4189.917512416436
7784,6866.709323150527
7785,10026.08984302716
7786,5856.552824527694
7787,4094.0862672403055
7788,5260.53145577281
7789,5786.357955138337
7790,5477.013145415742
7791,6448.447153893135
7792,3435.191330504049
7793,6338.916582458958
7794,5452.534115134342
7795,5772.4585305597675
7796,6395.869811819631
7797,4232.670200934604
7798,4661.435055110185
7799,3726.0016399377964
7800,6897.38979509117
7801,7189.292010290437
7802,4668.621959591684
7803,3950.893990888057
7804,5732.1813831355785
7805,4892.617063490742
7806,4577.225339329277
7807,6778.425696568609
7808,5267.99714781548
7809,6871.139488665721
7810,4508.244291035762
7811,4027.812892894057
7812,5019.980482637208
7813,6584.98118384323
7814,6482.2549416191905
7815,6501.663936514734
7816,6466.724078681574
7817,4557.907579815561
7818,7019.170012402018
7819,4582.084451701401
7820,5140.924417914474
7821,7519.777747643968
7822,5013.047585083259
7823,8782.616748332737
7824,6602.801760945473
7825,5979.157145752036
7826,4821.856444302679
7827,6427.854796394048
7828,5943.386756006502
7829,4957.9163588676465
7830,3203.145885825003
7831,4610.80748059822
7832,6340.628444133242
7833,4858.387030338118
7834,3485.941208459418
7835,7095.8049837951985
7836,5815.823255699922
7837,5153.883577217722
7838,5284.665195847424
7839,4515.5472546406845
7840,6039.289681794423
7841,5989.439470808659
7842,4917.3695838923695
7843,4561.265345103329
7844,5260.780869586692
7845,5502.199667603023
7846,2921.191512104144
7847,5885.451142725527
7848,3886.5661791291
7849,7034.968698214643
7850,6054.447908353733
7851,5269.934329334512
7852,9007.792230495006
7853,3878.512617106972
7854,4175.738984521247
7855,8861.815484966768
7856,5493.80259944911
7857,6606.81553681489
7858,6685.115975739862
7859,4040.3016510790153
7860,5490.810268398287
7861,4676.903428926663
7862,6856.2099100797395
7863,9649.449164755824
7864,5175.537385722417
7865,2387.6878674099216
7866,3986.011377312473
7867,6818.756597310104
7868,7091.298018047536
7869,4312.2353935267465
7870,5804.767370925958
7871,4283.055291769793
7872,4582.303886284739
7873,2877.7269388840728
7874,4303.663505103605
7875,5092.036999241926
7876,5868.844287150876
7877,6302.528973259896
7878,6403.792252985913
7879,6736.913129686185
7880,7096.771514868543
7881,6684.918698883499
7882,3477.5518696694135
7883,8458.11579114463
7884,8141.361996235789
7885,4319.204498576257
7886,6454.026577392291
7887,4155.682619986545
7888,5448.418729025767
7889,2945.7300205827623
7890,5276.62354585617
7891,3930.921266040364
7892,8409.192163477335
7893,6373.2080834717
7894,6685.699153981812
7895,7007.6006650405825
7896,4517.0813982027075
7897,6520.7209397919305
7898,16305.406949026483
7899,7766.526724689955
7900,4505.102173976485
7901,2262.8383359455806
7902,4832.015804637653
7903,6824.038362545832
7904,5027.412564353722
7905,11717.910360698723
7906,17661.610184331857
7907,3571.006116429847
7908,4304.028608808713
7909,6854.481116018911
7910,4176.132628398145
7911,6570.776921686149
7912,5113.811363467823
7913,6333.086196080283
7914,0.0
7915,5445.095162435845
7916,5074.652471290224
7917,6591.70748631145
7918,6882.774605716159
7919,5020.0139571764685
7920,4724.138658986441
7921,5789.11033092915
7922,3931.6735494437344
7923,4598.434537393431
7924,6616.357930392382
7925,4402.488794472139
7926,4824.064672204132
7927,6175.45322489874
7928,5426.679359188228
7929,4971.061364792677
7930,6200.20345077401
7931,5646.578279302925
7932,6886.204704945445
7933,6642.346626590137
7934,6492.405744191236
7935,4921.864020659429
7936,2907.0772868766708
7937,4918.377684631711
7938,6257.054449971103
7939,5083.876009547425
7940,3908.904498478807
7941,7047.136203836258
7942,5503.514455578849
7943,7997.660844742048
7944,6401.944182064281
7945,4357.8590035155385
7946,4227.918134116798
7947,3911.268661508904
7948,7964.301565228689
7949,4096.044775609619
7950,6669.386730158866
7951,13772.546482965414
7952,6453.8964153878405
7953,5242.165967609842
7954,4096.875195063062
7955,3870.3431787353684
7956,5758.97670877561
7957,3136.3088302472247
7958,5033.954593294522
7959,9080.433087929445
7960,4357.125831918313
7961,12886.542260513432
7962,11431.091480571202
7963,4258.268031362478
7964,5841.954136690708
7965,5483.199588119782
7966,5692.249927378544
7967,4640.310118233058
7968,9661.062284411319
7969,5898.152304667355
7970,7503.787507705336
7971,3619.3891357524035
7972,6506.4096448589235
7973,4251.771611291404
7974,7118.44888077779
7975,5277.121026413536
7976,4864.929535082748
7977,5504.701377443518
7978,5557.395641484019
7979,6321.285175573463
7980,8299.094387699239
7981,5072.467215968647
7982,8180.905504730966
7983,5401.556175130476
7984,8378.628646230822
7985,5150.413542140255
7986,4043.706685893567
7987,4270.695054193947
7988,7147.246411971892
7989,5163.857476311792
7990,6053.571283925737
7991,5064.095848193183
7992,7368.228168794693
7993,3885.3392898773154
7994,7341.996064594529
7995,5739.3976934627735
7996,3489.50805463739
7997,11070.091009573503
7998,15045.964802294431
7999,5369.617236207474
8000,5710.690550216332
8001,7690.169738548083
8002,8875.816322393463
8003,10607.30410914022
8004,4849.431525593185
8005,6287.602971402167
8006,4686.183267978223
8007,6697.862734588395
8008,3559.183626599441
8009,4726.7499948024815
8010,4319.251860234067
8011,4605.280590327228
8012,6587.770208896549
8013,4272.927141865545
8014,3464.158520975385
8015,5742.552773971272
8016,3190.543563279224
8017,3705.9782535792083
8018,5347.046255002943
8019,5067.882489029357
8020,7193.30942870813
8021,7399.517608865368
8022,5954.015880222664
8023,5397.239465914327
8024,5158.83843351027
8025,10099.14212964994
8026,5940.339329889663
8027,4147.702208132465
8028,4128.16222878128
8029,7105.851557392449
8030,3998.0500299504733
8031,6204.096490636166
8032,2872.7624497806705
8033,4403.203101898246
8034,5644.336160183921
8035,5247.556939404952
8036,4411.267529494733
8037,7740.408762268252
8038,7750.068296239562
8039,11015.166580186942
8040,5090.87966427174
8041,7896.568029388836
8042,2744.775277236346
8043,4466.814204604724
8044,5384.774273110363
8045,3141.3135886987207
8046,6762.653697417755
8047,4115.932727592652
8048,4802.136541477233
8049,7353.988829573223
8050,9354.446452501104
8051,6726.507149924129
8052,4762.805039147346
8053,3641.460704471204
8054,8229.385277333957
8055,6782.297074359348
8056,5113.576125627178
8057,4322.064906274344
8058,5812.490550932819
8059,7873.86185453017
8060,3762.156754314222
8061,5245.329378886495
8062,6364.207763133944
8063,6492.778827917817
8064,11551.332729072124
8065,4200.363206468566
8066,11353.473839808663
8067,5375.901156338033
8068,4461.639540520731
8069,2857.1790869215592
8070,5221.705212466099
8071,4697.339923658818
8072,4700.997230932326
8073,5888.154660512534
8074,4107.681760668082
8075,3748.5102012951766
8076,5587.543889806917
8077,3156.97664890257
8078,6997.828904617759
8079,5569.7617297027455
8080,6580.523438347405
8081,7088.323073451716
8082,3938.0225188018208
8083,8038.16023107476
8084,5755.1449513560365
8085,5031.137231550969
8086,5084.282622855202
8087,4389.503725466002
8088,9013.251923509913
8089,5911.175022167145
8090,4043.7615336785207
8091,5928.377694527554
8092,6774.834819860939
8093,5802.065942780961
8094,5042.701945089226
8095,7059.281664629603
8096,5109.722667668779
8097,5409.029785558753
8098,4978.902596111995
8099,6880.765015866098
8100,4962.162905592971
8101,4932.832788773287
8102,4315.449982624952
8103,4027.9298183339806
8104,3545.4478027812493
8105,4146.051859605762
8106,6865.224482394622
8107,7721.45203015571
8108,9108.153407729567
8109,8863.212095914132
8110,6745.56531641244
8111,5755.776803631017
8112,5009.4092824441195
8113,10178.243829260728
8114,9007.782613090778
8115,5438.082202767653
8116,7214.462698459181
8117,7474.072590125398
8118,4865.2043418558005
8119,3649.38666197938
8120,9692.811906543318
8121,5117.045758038341
8122,5526.591477834766
8123,5109.716073977809
8124,1967.7270230345282
8125,8997.720439442914
8126,5209.3376667974835
8127,5861.018424412271
8128,4435.909052766619
8129,4661.6231795685035
8130,6282.268158639719
8131,5803.968077233705
8132,5351.602774137323
8133,4966.694591585493
8134,3952.4678102659177
8135,3317.1365101476936
8136,2602.784236253363
8137,5787.531770624156
8138,16217.302530926336
8139,3924.4414871470285
8140,4935.682832794098
8141,5625.642902403767
8142,4899.0513896408565
8143,4402.975394565117
8144,4404.28974054723
8145,3299.5722792000656
8146,5999.947166629651
8147,5390.004495197351
8148,3212.0864530029467
8149,6999.16234649517
8150,3800.572063821849
8151,4451.371890824719
8152,7470.955207324308
8153,6278.838618607066
8154,8595.889628216637
8155,4241.672674861411
8156,5539.581949708767
8157,4109.717992245388
8158,4334.763066826734
8159,12993.34557582078
8160,8329.018372101267
8161,5471.1927641346465
8162,4486.625104805032
8163,3849.3646561843607
8164,4908.173016888006
8165,3923.189277840337
8166,8332.250097115273
8167,4596.880877590335
8168,4601.408370011111
8169,5594.7668902730065
8170,4010.2350903467686
8171,5758.239661532288
8172,5582.4646911583195
8173,6081.259102316448
8174,5519.788399857116
8175,3480.2071760212534
8176,4911.126512934777
8177,4938.705737690984
8178,7523.556456411118
8179,7264.77617713131
8180,5953.359061833971
8181,3420.498266226265
8182,6828.781614786191
8183,4950.586525385893
8184,3858.3651835378705
8185,6074.862985196253
8186,5960.997866530179
8187,5402.1021759819105
8188,5194.127812604981
8189,5427.916430819933
8190,5660.848963627162
8191,5177.852662495889
8192,6216.721972913989
8193,5545.644535817253
8194,4069.017410617858
8195,7610.868327459908
8196,4938.411148418868
8197,3748.6516195410527
8198,9513.7663265986
8199,4687.0437000169895
8200,3044.5743272314494
8201,6972.282423606758
8202,9965.979779196592
8203,8237.78594915064
8204,4276.023483202123
8205,4899.526671728164
8206,5208.855956388257
8207,6215.744157872031
8208,4766.4087987659095
8209,6626.514905477305
8210,2759.91086870758
8211,4674.501895120227
8212,4790.61401609202
8213,4485.501631360556
8214,3761.0828758612097
8215,6391.116531353466
8216,6265.734526001921
8217,5522.582996460158
8218,6770.16746010378
8219,5006.486989731093
8220,7147.541264967337
8221,3776.0513260810803
8222,5278.46781750907
8223,5464.134132645027
8224,6475.757350380234
8225,6761.755262425049
8226,2870.788103598047
8227,7765.151792994663
8228,5707.617255622351
8229,6373.663294862202
8230,4315.090771147119
8231,3515.367419654343
8232,6311.478906125731
8233,4193.777550930254
8234,7206.0086282913635
8235,5269.060227849049
8236,5081.978002767063
8237,6067.303389474183
8238,5453.465393190324
8239,4406.25519810681
8240,6490.495166586339
8241,4281.68935961413
8242,7687.342473626576
8243,8830.056410385567
8244,6757.09433949828
8245,4014.449872982374
8246,3959.203760482853
8247,3297.853222773298
8248,2703.7444652527647
8249,6862.224252151459
8250,4393.230795545647
8251,7613.027618883151
8252,3356.1006273084336
8253,4796.204813258378
8254,4927.817095597648
8255,7440.343991584849
8256,4196.315013323238
8257,4396.267539457815
8258,4128.536406903633
8259,6889.407368913374
8260,4729.913554512157
8261,5839.758937905232
8262,6682.810712742322
8263,7825.250282826448
8264,6286.87487545217
8265,6161.678327609912
8266,4994.790728650808
8267,3952.995401600723
8268,4252.034960880774
8269,9199.53084209604
8270,7337.382841174561
8271,6527.28701969398
8272,14039.709719729706
8273,4437.837528470395
8274,4173.865459230857
8275,5150.036034663535
8276,7192.312366030361
8277,7739.9684155785835
8278,5535.5050510673345
8279,7179.057775678058
8280,6342.894352914298
8281,7889.514311394198
8282,5338.79687206723
8283,4202.135634070855
8284,4269.478336952515
8285,3905.8765092545636
8286,3332.042659061102
8287,3983.7397223125986
8288,6849.571404976201
8289,14009.697213946802
8290,5639.643580641915
8291,4202.646783674585
8292,5818.805456771893
8293,3302.9270204116274
8294,4970.609313189955
8295,3648.667321208953
8296,8033.7825620936555
8297,5502.283447838622
8298,5286.845885870772
8299,10897.018753539249
8300,11298.228176956145
8301,4258.520504421653
8302,5757.387304291327
8303,3475.6008702110494
8304,4763.876158268925
8305,4990.89055354933
8306,7172.786484749292
8307,3969.950368826141
8308,3648.991113351284
8309,4816.064350295752
8310,4866.411051041197
8311,6091.5718619377585
8312,5406.550492983676
8313,3852.4156671727765
8314,6073.383888831657
8315,7028.8472256069945
8316,5592.721104016786
8317,3585.3695568570724
8318,3227.7607222212496
8319,6722.724689586215
8320,3630.042217960738
8321,8655.958204632188
8322,3628.0113176181185
8323,4203.306771793418
8324,5312.4812203328065
8325,5037.651481966599
8326,3970.2955447500203
8327,4695.0280742003615
8328,5011.713369375894
8329,8451.266926184493
8330,7284.2162352553505
8331,4841.514847390248
8332,3759.65843111186
8333,4841.020970490604
8334,5766.342955929807
8335,4277.14785201431
8336,4936.577023652771
8337,5407.656486228439
8338,9900.832825757498
8339,5868.82067633138
8340,5386.141995284633
8341,7056.448822953577
8342,3823.6851269584627
8343,7628.850529134853
8344,4641.776309845139
8345,10764.9001591905
8346,5022.618083558618
8347,4282.6093553667
8348,4933.794415647495
8349,3417.7472261715266
8350,6504.149678597641
8351,16844.07470254654
8352,3327.0465504659387
8353,3841.7909832623973
8354,8141.257078628171
8355,5586.605676300155
8356,6025.99469950457
8357,6850.74805057437
8358,4940.041584350423
8359,4313.783942388936
8360,3812.054033405592
8361,8222.057155674427
8362,4720.405455620211
8363,6269.879597106783
8364,6577.051379117488
8365,4098.6651079430485
8366,6461.881075824667
8367,5347.73546656766
8368,3527.6943082783996
8369,7704.87522740231
8370,8087.163982261672
8371,3557.4980690337416
8372,6110.696792319278
8373,5255.797851893064
8374,3930.4318523797424
8375,7965.460676241759
8376,5654.473246266495
8377,6226.739433567304
8378,3963.4837465568794
8379,3982.610123272954
8380,5796.638386436361
8381,2945.9957813101414
8382,6632.728272283591
8383,3396.6028333814065
8384,5327.253001197867
8385,4262.276397002195
8386,4830.736597315913
8387,5832.66904481989
8388,5736.35152161396
8389,5227.71774779381
8390,6900.05782934068
8391,4555.196165904303
8392,6190.551312145835
8393,5289.245899089593
8394,6148.762065910514
8395,7931.821538755443
8396,6223.099709078946
8397,2792.8290757674295
8398,5105.560271296601
8399,6407.724766854236
8400,4020.0998421245595
8401,10061.348479595148
8402,4493.823640344522
8403,5773.753275408594
8404,9022.105125012533
8405,5919.880760442167
8406,3120.657368525396
8407,10485.871581263193
8408,8579.744568914284
8409,4782.674903449728
8410,6480.188736885533
8411,8895.477026439705
8412,4828.177362752195
8413,4526.10613922649
8414,5596.452176470663
8415,4469.711763101376
8416,4786.696451916894
8417,5878.177009473916
8418,3991.52879715183
8419,6099.268041931377
8420,5530.383043579327
8421,5376.902540899757
8422,5753.2086300427445
8423,5223.0467623109425
8424,5602.321855970749
8425,3489.186401929034
8426,6327.245706921895
8427,5799.065077281139
8428,5037.014822729146
8429,5457.596327102801
8430,5649.512781068783
8431,8369.026483551606
8432,4458.422753511931
8433,4379.002404513024
8434,4979.815226379342
8435,5806.366876863974
8436,6272.393752524981
8437,3971.4353635641573
8438,3619.0166197096714
8439,6232.044605921726
8440,6224.598746563661
8441,4519.304127074595
8442,6467.268183841546
8443,5805.429720659478
8444,5152.697202663066
8445,4120.579729514717
8446,3025.4098472821843
8447,5444.050700242816
8448,5452.977568757985
8449,5577.763772999864
8450,7727.924636069306
8451,6725.659363436184
8452,4200.863848690939
8453,6736.27512370802
8454,3284.16124629085
8455,2785.9693230210637
8456,6713.3103390095675
8457,11143.175928721445
8458,5882.168432315175
8459,5769.166364326679
8460,3625.4757424467
8461,5767.6831615203855
8462,6682.941291270326
8463,4523.446470448645
8464,6991.639912192806
8465,3951.5045854028135
8466,4231.905357592441
8467,4321.932856630039
8468,4333.307572691496
8469,4861.412000665976
8470,3876.9899398979937
8471,3671.4565378156562
8472,3642.8174971030744
8473,5583.10822751824
8474,5347.0757146539745
8475,3967.651458380153
8476,5580.596991989157
8477,5506.210190962489
8478,4552.526796989298
8479,5479.3266255990275
8480,6661.288905888492
8481,5915.912440501289
8482,4712.520896295298
8483,3204.2821907210678
8484,9705.486712055173
8485,5077.6194188565605
8486,4347.375660306741
8487,6616.668000024437
8488,7022.749414409066
8489,6080.808673996642
8490,4800.709505036123
8491,6585.207477433
8492,7781.884960895942
8493,10314.086076593232
8494,4114.839982358099
8495,3606.9344588866993
8496,4103.604127238476
8497,5355.702398100519
8498,4654.0982282052955
8499,6076.237340512298
8500,7055.129797816693
8501,4860.1860759008405
8502,3548.8356526030425
8503,4625.728208173377
8504,7688.784767909329
8505,3946.763985238187
8506,5733.92225545377
8507,3330.814862871826
8508,5809.192806769954
8509,6185.635985643152
8510,6127.9454122052675
8511,7381.398318619695
8512,5384.242321470835
8513,3528.7015750560463
8514,5229.485489905871
8515,6541.508857752334
8516,7369.11758957384
8517,6170.842399816721
8518,6548.887868591161
8519,4567.484166223994
8520,3872.9576514767577
8521,8346.867697716767
8522,3740.0107155596857
8523,9059.016612577689
8524,5094.698624337562
8525,3521.8025315212462
8526,5831.823079067752
8527,5572.8875986565145
8528,6195.1572213518775
8529,7724.876596421716
8530,3603.548481632009
8531,3791.908180114946
8532,5875.6957508416945
8533,6749.159127550893
8534,8405.535613424669
8535,4991.418496813464
8536,5468.923443590929
8537,4385.620567354979
8538,5451.335802277995
8539,4362.743424052312
8540,8372.893198922387
8541,7220.719800854437
8542,10608.679694009981
8543,3805.9333261027555
8544,4969.442397187988
8545,8467.717962947843
8546,7064.173753008936
8547,3994.8810820763874
8548,8707.930477167247
8549,5657.142918699518
8550,4451.048366749669
8551,4113.350460337604
8552,3785.88564110502
8553,4849.3323326885475
8554,4272.8376329991315
8555,3860.672037975471
8556,4346.144090976703
8557,6651.507357093825
8558,5796.210676867443
8559,19868.685895073453
8560,5588.295345019432
8561,3964.196265604727
8562,5848.409922837606
8563,8861.455289599024
8564,5740.384022171141
8565,7221.223950184441
8566,5901.779877277161
8567,6912.678803115909
8568,6415.641292421168
8569,3766.2748645408865
8570,5282.129498971661
8571,5846.716482909456
8572,7590.655025085051
8573,6471.761517108628
8574,8407.829696595229
8575,4318.5992101388465
8576,4349.9619498525235
8577,4464.62406962746
8578,8413.39352354131
8579,10513.206462346796
8580,7987.671231703016
8581,7122.171953262706
8582,3650.9720242869657
8583,5063.657363007029
8584,3855.473330474028
8585,7608.673785158697
8586,9474.575497957387
8587,9432.121496934715
8588,4748.973333676612
8589,4439.716446675633
8590,3645.1320820245082
8591,5673.95714107249
8592,9210.077069353818
8593,5752.260902015226
8594,4413.6358642941
8595,4172.559960216346
8596,6814.123466147289
8597,3590.9899563317354
8598,6670.633916843622
8599,3580.6988717259287
8600,6417.717039298693
8601,5983.057853848589
8602,4938.440843893481
8603,7270.1168856979
8604,6181.988760637134
8605,4803.80207601261
8606,6697.087311522692
8607,5782.464259455862
8608,9259.533473283416
8609,5629.597943873241
8610,6933.197078020308
8611,6977.655415095966
8612,7778.649013660392
8613,5863.400034270224
8614,7916.327447992349
8615,3784.670466088196
8616,4821.523531814652
8617,5651.983646502864
8618,5688.354556121066
8619,8714.253930276855
8620,6681.929355874524
8621,5027.852569638565
8622,6593.20394738896
8623,6975.2581445744045
8624,7947.286465179363
8625,3726.4487526287007
8626,12398.66774587923
8627,4230.563492798645
8628,6341.2625864431775
8629,7716.441457288549
8630,4162.571469877232
8631,4934.112783398646
8632,5068.829675533738
8633,6487.402041419484
8634,4742.4437807413915
8635,5169.916874918776
8636,7463.985356921034
8637,6831.364105531304
8638,6169.967370588661
8639,4992.3902345569395
8640,7429.263365764595
8641,11495.735307019288
8642,6438.5701080060535
8643,4383.671513837479
8644,5655.325723892423
8645,6449.509199142084
8646,5924.493707354742
8647,7398.209163169971
8648,3817.339258882221
8649,7109.47447444626
8650,5976.2368001303485
8651,6258.720310577617
8652,6946.639135517008
8653,4259.394809120413
8654,5532.624180693675
8655,4191.4972319442295
8656,7352.722291621957
8657,7786.3064714253205
8658,5093.556596744458
8659,4410.186384753377
8660,6505.5473710066435
8661,5274.8960497331245
8662,5087.845340087812
8663,7768.769327016123
8664,6030.949242404813
8665,7432.399232228117
8666,5030.592191596096
8667,4568.436757416873
8668,5618.371967817994
8669,7534.801806082701
8670,6893.603077504806
8671,7154.202666470275
8672,7418.909768949469
8673,5222.975282867409
8674,7703.261599263819
8675,5002.484229386345
8676,5245.73044369761
8677,8392.715189746094
8678,5590.765341328669
8679,9331.837660782287
8680,6777.537064451258
8681,6412.883120632928
8682,5032.797021572513
8683,6896.832463552254
8684,6173.114543339531
8685,5716.993374798706
8686,3646.757630166648
8687,5059.434977111997
8688,6945.142454632513
8689,5096.132973678305
8690,3635.6906232756423
8691,7677.291496148057
8692,6502.2356458074355
8693,6000.118152840142
8694,5609.463468944819
8695,5024.107129790096
8696,6378.673173798238
8697,6447.793638562634
8698,5287.942617144809
8699,4756.3461601465015
8700,6345.530788405356
8701,5949.634996863539
8702,3311.163597692439
8703,5957.0139107834175
8704,4181.506345955719
8705,7594.425423877543
8706,6916.009439090359
8707,6237.794373539629
8708,10190.25056113828
8709,4241.508958685813
8710,4838.897350096228
8711,9649.028892327024
8712,5847.721548519322
8713,7175.612899410766
8714,7217.66905812958
8715,4474.300771882515
8716,5900.594467618297
8717,5469.27810218095
8718,7337.995344690246
8719,10215.39017313378
8720,5550.088979198718
8721,2566.930769701643
8722,4270.034445410791
8723,7281.545121873201
8724,8019.40252705014
8725,4837.554303639606
8726,6134.551732786058
8727,4723.224580548598
8728,4803.783372592788
8729,3328.770033553026
8730,4729.436802818915
8731,5452.552816054969
8732,6623.288266386842
8733,6326.761759032574
8734,7354.543323837025
8735,7147.757413823164
8736,7732.241455668743
8737,7322.671638853085
8738,3944.2433143212716
8739,8993.513160820181
8740,8847.211656284839
8741,4657.44065620911
8742,6831.723559639157
8743,4630.627655949484
8744,6034.958615507116
8745,3207.8294962674163
8746,5648.190713288919
8747,4247.694096677109
8748,9377.66483575426
8749,6815.477007546633
8750,7182.572126637871
8751,7398.223178396408
8752,4816.8704895618985
8753,7194.74339386366
8754,17481.461343892603
8755,8132.7006026577055
8756,5054.080164586136
8757,2438.3605584463985
8758,5250.919788162067
8759,7173.645918003544
8760,5876.340256075794
8761,12330.75001924552
8762,19305.45804997508
8763,4041.3098666643295
8764,4566.729982874575
8765,7344.3391167855925
8766,4473.519346447797
8767,7230.279787970334
8768,5417.549483004918
8769,6888.3884197351235
8770,0.0
8771,6234.4333953256855
8772,5545.140044104986
8773,7212.749671247022
8774,7899.6301916048815
8775,5827.620704395278
8776,5215.150634800296
8777,6846.495568333667
8778,4288.669452493926
8779,5037.9468139783985
8780,7631.805076874393
8781,5008.297933239099
8782,5357.952232657857
8783,6630.838580986841
8784,5549.914836133985
8785,5497.851503664031
8786,6579.452483558696
8787,6387.202918018519
8788,8082.831107948173
8789,7544.197373277517
8790,6711.771265166681
8791,5317.32425750836
8792,2958.7520444049096
8793,5256.389083942123
8794,6740.45839358614
8795,5509.401218612985
8796,4468.160883025582
8797,7220.965095303495
8798,5584.432265726503
8799,8382.9863133757
8800,6883.820840870537
8801,4674.951664636426
8802,4692.220391096764
8803,4233.9407571738
8804,8724.303594087263
8805,4809.9264001661295
8806,7007.751258719997
8807,14720.910956989344
8808,6896.065738930458
8809,5495.06010966065
8810,4661.743088047304
8811,4375.834228453919
8812,6204.827663585413
8813,3307.3885439851542
8814,5546.6174612971745
8815,9568.70176419611
8816,4751.356263807707
8817,13140.146625036376
8818,12244.648057425287
8819,4707.13285408921
8820,5995.3105729961235
8821,5845.399125001415
8822,6179.768275522325
8823,5182.713700871929
8824,10899.220250694958
8825,6306.192577093849
8826,7879.597663997651
8827,4303.252336408021
8828,6838.672050639866
8829,4849.4753925926825
8830,7973.9669330243
8831,5595.752562716964
8832,5387.573344885451
8833,5863.330402554555
8834,6208.737893634891
8835,7085.15538650262
8836,9127.379019181215
8837,5737.222811835457
8838,9107.938099917874
8839,6073.724459416919
8840,9145.050662905587
8841,5226.101026694692
8842,4520.764219417801
8843,4485.491686174109
8844,7838.665882328382
8845,5766.2802351376295
8846,6784.965379756757
8847,5555.868121308822
8848,8156.064722227192
8849,4416.147527282703
8850,7152.5995001995625
8851,6131.865487325445
8852,3757.7697575114466
8853,11547.232144733298
8854,16153.809697095841
8855,6136.777212912323
8856,6177.739115599166
8857,7747.397873951695
8858,9449.185285480704
8859,10996.288023280013
8860,5234.72367187856
8861,6955.9281955802035
8862,5150.292095550363
8863,7238.345309847786
8864,3925.6429610730856
8865,4933.912553435373
8866,4487.80101288269
8867,5606.211580272151
8868,7212.191007737051
8869,4649.008420851348
8870,3581.040023216168
8871,6244.329473980777
8872,3554.091256877897
8873,4174.725369891971
8874,5284.58400206307
8875,5447.491466992347
8876,7925.372605434573
8877,8220.251785266226
8878,6857.6171163534345
8879,6144.357871812529
8880,5656.136994042846
8881,10790.194733075978
8882,6306.02457814394
8883,4581.507133484504
8884,4736.990601620629
8885,7945.409029468311
8886,4285.92564345144
8887,6920.2150040216175
8888,3298.131586280032
8889,4508.916036205694
8890,6321.507363820285
8891,6179.03205225731
8892,4925.963936225905
8893,8831.539722790189
8894,8714.796632585085
8895,11757.081069043528
8896,5214.348712824547
8897,8908.534960725947
8898,3016.5349762138276
8899,4823.173692805118
8900,5895.52920021421
8901,3408.288837004582
8902,7214.183482836604
8903,4554.074270525703
8904,5485.913294724695
8905,8075.866111311169
8906,9921.566897036542
8907,7472.462573141526
8908,5209.431546152178
8909,3901.4642611296804
8910,8653.95694099453
8911,7800.972532700885
8912,5258.133051130045
8913,5035.069249743263
8914,6277.469093283417
8915,8091.0762474966
8916,4208.053281653001
8917,5909.024143259721
8918,6713.774166053815
8919,7083.220788352162
8920,12257.34606545352
8921,4683.019937753754
8922,12042.42157712073
8923,6177.139869962769
8924,4816.814022334909
8925,2931.4711442475414
8926,5633.053792108688
8927,5514.750226557501
8928,4905.26848461122
8929,6384.500323540709
8930,4793.05554081324
8931,4161.230723445905
8932,5793.005066918207
8933,3417.915198575517
8934,7779.572642406595
8935,6190.53548136623
8936,6993.808208459911
8937,7883.669684859568
8938,4424.311138941281
8939,8147.675025161833
8940,6714.00368994061
8941,5680.841129354222
8942,5761.2597936445445
8943,4940.57406727084
8944,9740.222282612145
8945,6648.744464149223
8946,4493.39871791393
8947,6420.661927766384
8948,7644.7210861043095
8949,6358.357393811191
8950,5434.675619676501
8951,7614.195648465061
8952,5759.894992992212
8953,5954.889442222934
8954,5552.254384150559
8955,7495.204867860991
8956,5178.078086140207
8957,5394.230759033741
8958,4891.156424092017
8959,4278.43908565574
8960,3632.336446817298
8961,4383.134286588039
8962,7831.3338636554045
8963,8085.850965037449
8964,9955.86957784774
8965,9400.07788801427
8966,7254.678306906992
8967,6207.855244826605
8968,5341.403765473785
8969,11222.481882106105
8970,10007.672058978094
8971,5982.716435813818
8972,7784.367421888218
8973,7722.771765411405
8974,5394.304340010587
8975,4036.616723285223
8976,10936.324905975407
8977,6038.430892446628
8978,6099.016253627223
8979,5750.94161340594
8980,2018.818136980435
8981,9635.11358629494
8982,6166.780728124942
8983,5703.676967439045
8984,4823.99411813204
8985,4977.797007029892
8986,6723.826359852422
8987,6272.770670855695
8988,6353.590709044174
8989,5531.361365791627
8990,4428.986535926395
8991,3568.562853025481
8992,2768.5182445993446
8993,6016.0187608034685
8994,17232.003721994985
8995,4422.1017449961955
8996,5375.375497841707
8997,6119.440815882852
8998,5162.473902977179
8999,4887.032258054103
9000,4895.191848050049
9001,3527.5248414189464
9002,7110.085488349043
9003,5873.740508921355
9004,3516.2739792702123
9005,8029.705909528336
9006,4207.095070009565
9007,4782.553991098564
9008,8489.79167810915
9009,6851.345638010483
9010,9094.398957606236
9011,4617.458225482329
9012,5607.674303727824
9013,4217.420613941996
9014,4747.3339621174755
9015,14229.00784479709
9016,9374.85978469759
9017,5984.205268746766
9018,4862.936625492686
9019,4591.516690984713
9020,5739.362303299207
9021,4219.839382558217
9022,8841.128427781563
9023,4908.357864779899
9024,5415.307735536232
9025,5942.116415223839
9026,4178.320402141623
9027,6071.792954732621
9028,6026.785369804108
9029,6916.005270045808
9030,5896.616830066351
9031,3688.7254954300256
9032,5748.965677075814
9033,5713.522258749609
9034,8191.0309641817585
9035,7602.660149922311
9036,6435.153033743083
9037,3840.020112169392
9038,7725.729038915182
9039,5332.533592895641
9040,4300.5337870578205
9041,6425.841326228558
9042,6640.680435878365
9043,5995.165580320545
9044,5605.175000565935
9045,5968.726733441292
9046,6363.159853989998
9047,5496.815014613128
9048,6821.602450715186
9049,6386.58630722803
9050,4504.184934206566
9051,8396.732226623011
9052,5385.990058355775
9053,3871.676445556351
9054,10404.142672652419
9055,4911.139704795909
9056,2939.876906022766
9057,6921.082415866242
9058,11501.521684027188
9059,8535.098816223797
9060,4806.897290689231
9061,5337.406315195442
9062,6131.981852674869
9063,6984.890771570324
9064,5160.954286205992
9065,7406.095144781805
9066,2833.3299285605117
9067,5383.87744364745
9068,5102.817031289242
9069,4778.500001110153
9070,4399.635816511034
9071,6826.2996694894755
9072,6775.439016132214
9073,6171.872780697197
9074,6973.963176880594
9075,5645.5155534269625
9076,7972.402356210023
9077,4291.877122392049
9078,6128.458447774943
9079,6275.6804885986585
9080,6998.051120305698
9081,7551.190683105759
9082,2975.0501079640935
9083,8199.866155712349
9084,6729.340666117278
9085,7071.409391594768
9086,4597.881524380408
9087,3542.837744288164
9088,7189.595157262453
9089,4297.512704951197
9090,8038.0748152839415
9091,5775.71504929201
9092,5350.206541474815
9093,6875.946403483624
9094,5690.581155837328
9095,4515.129131065402
9096,7508.235122665206
9097,4576.0206813107025
9098,8269.569063397861
9099,9463.245581954012
9100,6524.536841263412
9101,4212.945312350194
9102,4446.42997068874
9103,3576.4508808569176
9104,2839.4971160448886
9105,7671.4181437298175
9106,5162.746404128924
9107,8119.058614789017
9108,3849.383286806828
9109,5305.918600282327
9110,5680.8227995771895
9111,7852.471772583898
9112,4770.471409601287
9113,5031.49711231624
9114,4451.587659381789
9115,7202.313216521717
9116,5579.260327702302
9117,6208.205353557575
9118,7128.185530772049
9119,8349.713884086
9120,6765.184673872557
9121,6738.210812346124
9122,5372.869717654566
9123,4227.833063700011
9124,4968.154772949647
9125,10003.643840415387
9126,7598.249263926071
9127,7218.812724665804
9128,14882.071098921417
9129,4387.7768573704
9130,4754.254710142347
9131,5723.33999610638
9132,7747.748427829581
9133,8685.338499170552
9134,5985.293367078134
9135,7414.660799774956
9136,7226.812224061497
9137,9068.664796226729
9138,5601.078341826398
9139,4534.89620458299
9140,4690.500180684852
9141,4402.384961505337
9142,3764.811900404865
9143,4381.806405318303
9144,7568.447416116073
9145,15276.359888395744
9146,6498.683958579564
9147,4799.670494680275
9148,6292.392290058193
9149,3773.849700305687
9150,5506.755384032044
9151,3727.6494118510172
9152,9293.533411785907
9153,6261.338809239534
9154,5725.641655895354
9155,12031.641994520816
9156,12247.366086638596
9157,4672.400316177245
9158,6787.4785699803515
9159,3726.395847002609
9160,5226.828452049796
9161,5661.160152614548
9162,8198.35797601028
9163,4228.443466517179
9164,4074.618274703407
9165,5371.9224571546465
9166,5087.613579763139
9167,6320.919801555011
9168,6222.53614284222
9169,4150.610064865187
9170,6672.986754629715
9171,7716.771510055581
9172,5840.499447785037
9173,3885.416372032978
9174,3280.658990724586
9175,7224.152382356672
9176,4147.0603923512535
9177,9457.655638230852
9178,4157.8825555307585
9179,4562.193902748559
9180,5799.426540214084
9181,5164.219920928582
9182,4352.547430967335
9183,5445.533692337552
9184,5529.8398251718445
9185,9403.193989354006
9186,7680.857452546309
9187,5152.089068304071
9188,4069.860786529931
9189,5721.670504711621
9190,6559.401526759582
9191,4536.184831851034
9192,5430.2863237834645
9193,5585.748260442421
9194,11274.212391497103
9195,6231.035327899948
9196,5725.276395169607
9197,7304.635586159841
9198,4380.349962919812
9199,8519.000488586085
9200,4927.8447111685
9201,11285.065912604348
9202,5574.5735631100615
9203,4532.437363496547
9204,5466.168001116456
9205,3486.801039503762
9206,6898.508823967839
9207,18998.18993725998
9208,3669.8615064783885
9209,4122.857043465322
9210,8516.046414767037
9211,5767.413300587821
9212,6758.182640335374
9213,7392.695593409293
9214,5631.40444489199
9215,5218.905050608069
9216,4038.1542031562713
9217,8961.852993991579
9218,5258.946293317446
9219,6549.963332285804
9220,7066.984870235512
9221,4875.873914316638
9222,7361.904308330153
9223,5463.782860836401
9224,3623.6956579439648
9225,8225.623705190852
9226,8168.502800515039
9227,4039.171317776223
9228,6790.6226834467625
9229,5720.861536321846
9230,4222.815932380341
9231,9064.498936455078
9232,6206.5927611852785
9233,7212.827516726457
9234,4525.638395380264
9235,4259.014769328683
9236,6007.445867824947
9237,3249.267911804623
9238,7422.81640743046
9239,3667.698082114193
9240,5827.1621012676615
9241,4782.498217783631
9242,5714.682838754543
9243,6033.025710884873
9244,6163.484655247393
9245,5541.614400021055
9246,7661.517421022852
9247,5255.621544593504
9248,7000.596514250719
9249,5859.4598795820375
9250,6527.034241581738
9251,9236.414585174145
9252,6720.115306950222
9253,2992.0829424001504
9254,5969.068729738677
9255,6872.264759510039
9256,4694.8219957907995
9257,12114.690611619368
9258,5104.761596040502
9259,6346.564710200456
9260,9612.183585015691
9261,5900.731083888983
9262,3413.6523787519163
9263,11396.918050914892
9264,9298.139540341042
9265,4985.461269675477
9266,6513.0741922238385
9267,8847.725365752103
9268,6023.632729812098
9269,5011.84926100767
9270,6091.21105014785
9271,5176.052708687586
9272,5504.2622619637605
9273,6492.949291248315
9274,4206.951770949002
9275,6448.12237711807
9276,6014.393491843537
9277,5840.415544113323
9278,6180.999775229032
9279,5795.374010664289
9280,5915.606845323936
9281,3647.70432925969
9282,6769.089699473505
9283,6156.618133056308
9284,5534.342853356586
9285,5851.304768584719
9286,5933.785173652812
9287,9086.151651844235
9288,4957.159641207326
9289,4876.509744882612
9290,5149.980622329978
9291,6249.200325809451
9292,6294.494863094766
9293,4336.6586723176215
9294,3975.0439220827748
9295,6629.8903725728005
9296,7159.742267100675
9297,5228.995815245914
9298,6969.554220635952
9299,6341.2906916567645
9300,5637.046096936087
9301,4564.069366776947
9302,3180.7119927256126
9303,5694.34440552695
9304,5930.989653480288
9305,5718.5205995834785
9306,8622.866319088786
9307,6987.312441820369
9308,4788.3189286731185
9309,7429.937174014892
9310,3422.856310615479
9311,2996.299217259059
9312,7241.669073500471
9313,12209.527686508633
9314,6508.061482763629
9315,6180.280598510688
9316,3970.69570803158
9317,6043.196276432661
9318,7302.4915167237195
9319,4680.4478232898555
9320,7482.270233754408
9321,4134.281235761241
9322,4489.793349252292
9323,5096.237545156187
9324,5127.812021451251
9325,5525.613006668564
9326,4251.374304992551
9327,4117.910071945213
9328,4180.4852302629515
9329,6308.835409389955
9330,5634.920161578568
9331,4399.925993920846
9332,6023.846645396073
9333,5837.8700892811175
9334,4726.068027396587
9335,6295.145795307595
9336,7591.953405683875
9337,6299.28836127876
9338,5608.37813793887
9339,3532.330399728143
9340,10110.292009247962
9341,5599.533376843379
9342,4592.309688858144
9343,7617.2782882363335
9344,7937.065604576581
9345,6675.94352435727
9346,5275.5508269485745
9347,7075.2764865405225
9348,7686.546590503953
9349,11543.716191902537
9350,4197.96643463944
9351,4081.6439275266143
9352,4358.1765914949665
9353,5904.717742748967
9354,5429.464176663251
9355,6376.196798760783
9356,7848.738957862096
9357,5485.09318060111
9358,3835.4649182949524
9359,5280.235995867083
9360,8395.248663063
9361,4259.0075184067255
9362,6248.322910142006
9363,3601.5034317281647
9364,6310.330133999938
9365,6575.436788397392
9366,6579.864274824751
9367,7840.638749891387
9368,5849.437747446343
9369,3931.392120730712
9370,5623.524994121191
9371,6641.88232919462
9372,7749.228629803588
9373,6692.225572382577
9374,7250.21655755969
9375,4946.613522824437
9376,4338.798371456849
9377,9098.227120962934
9378,4148.976947453439
9379,9905.129542710858
9380,5835.64258643316
9381,4142.678867588244
9382,6129.412573784092
9383,5940.671140185302
9384,6691.21519137127
9385,8218.62737089281
9386,4037.8581820937475
9387,4119.99890046437
9388,6299.293693888301
9389,6849.728977487875
9390,9855.278854330723
9391,5150.492138516851
9392,5825.080729155306
9393,4796.334074949273
9394,5900.524826739615
9395,4819.901990455712
9396,9130.858350633356
9397,7886.830337929372
9398,11800.200903279148
9399,4377.955252350933
9400,5479.674135942561
9401,9225.45650073865
9402,8011.4012681878585
9403,3965.9484339302094
9404,9588.535176720889
9405,6488.60779790387
9406,4663.905104811521
9407,4636.797298943021
9408,4151.283319935274
9409,5093.447750160934
9410,4805.18424930142
9411,4372.981319037754
9412,4840.590223468716
9413,7343.70345058519
9414,6189.73394535492
9415,21636.2196393823
9416,6045.198731240409
9417,0.0
9418,0.0
9419,0.0
9420,0.0
9421,0.0
9422,0.0
9423,0.0
9424,0.0
9425,0.0
9426,0.0
9427,0.0
9428,0.0
9429,0.0
9430,0.0
9431,0.0
9432,0.0
9433,0.0
9434,0.0
9435,0.0
9436,0.0
9437,0.0
9438,0.0
9439,0.0
9440,0.0
9441,0.0
9442,0.0
9443,0.0
9444,0.0
9445,0.0
9446,0.0
9447,0.0
9448,0.0
9449,0.0
9450,0.0
9451,0.0
9452,0.0
9453,0.0
9454,0.0
9455,0.0
9456,0.0
9457,0.0
9458,0.0
9459,0.0
9460,0.0
9461,0.0
9462,0.0
9463,0.0
9464,0.0
9465,0.0
9466,0.0
9467,0.0
9468,0.0
9469,0.0
9470,0.0
9471,0.0
9472,0.0
9473,0.0
9474,0.0
9475,0.0
9476,0.0
9477,0.0
9478,0.0
9479,0.0
9480,0.0
9481,0.0
9482,0.0
9483,0.0
9484,0.0
9485,0.0
9486,0.0
9487,0.0
9488,0.0
9489,0.0
9490,0.0
9491,0.0
9492,0.0
9493,0.0
9494,0.0
9495,0.0
9496,0.0
9497,0.0
9498,0.0
9499,0.0
9500,0.0
9501,0.0
9502,0.0
9503,0.0
9504,0.0
9505,0.0
9506,0.0
9507,0.0
9508,3150.9849061574328
9509,0.0
9510,0.0
9511,0.0
9512,0.0
9513,0.0
9514,0.0
9515,0.0
9516,0.0
9517,0.0
9518,0.0
9519,0.0
9520,0.0
9521,0.0
9522,0.0
9523,0.0
9524,0.0
9525,0.0
9526,0.0
9527,0.0
9528,0.0
9529,0.0
9530,0.0
9531,0.0
9532,0.0
9533,0.0
9534,0.0
9535,0.0
9536,0.0
9537,0.0
9538,0.0
9539,0.0
9540,0.0
9541,0.0
9542,0.0
9543,0.0
9544,0.0
9545,0.0
9546,0.0
9547,0.0
9548,0.0
9549,0.0
9550,0.0
9551,0.0
9552,0.0
9553,0.0
9554,0.0
9555,0.0
9556,0.0
9557,0.0
9558,0.0
9559,0.0
9560,0.0
9561,0.0
9562,0.0
9563,0.0
9564,0.0
9565,0.0
9566,0.0
9567,0.0
9568,0.0
9569,0.0
9570,0.0
9571,0.0
9572,0.0
9573,0.0
9574,0.0
9575,0.0
9576,2227.619465129289
9577,0.0
9578,0.0
9579,0.0
9580,0.0
9581,0.0
9582,0.0
9583,0.0
9584,0.0
9585,0.0
9586,0.0
9587,0.0
9588,0.0
9589,0.0
9590,0.0
9591,0.0
9592,0.0
9593,0.0
9594,0.0
9595,0.0
9596,0.0
9597,0.0
9598,0.0
9599,0.0
9600,0.0
9601,0.0
9602,0.0
9603,0.0
9604,0.0
9605,0.0
9606,0.0
9607,0.0
9608,0.0
9609,0.0
9610,0.0
9611,0.0
9612,0.0
9613,0.0
9614,0.0
9615,0.0
9616,0.0
9617,16331.387472956945
9618,28279.888843011227
9619,0.0
9620,0.0
9621,0.0
9622,0.0
9623,0.0
9624,0.0
9625,0.0
9626,7553.76475590741
9627,0.0
9628,0.0
9629,0.0
9630,0.0
9631,0.0
9632,0.0
9633,0.0
9634,0.0
9635,0.0
9636,0.0
9637,0.0
9638,0.0
9639,0.0
9640,0.0
9641,0.0
9642,0.0
9643,0.0
9644,0.0
9645,4062.038982505938
9646,0.0
9647,0.0
9648,0.0
9649,0.0
9650,0.0
9651,0.0
9652,0.0
9653,0.0
9654,0.0
9655,2957.9513573533654
9656,0.0
9657,0.0
9658,0.0
9659,0.0
9660,0.0
9661,0.0
9662,0.0
9663,0.0
9664,0.0
9665,0.0
9666,0.0
9667,0.0
9668,0.0
9669,0.0
9670,0.0
9671,0.0
9672,0.0
9673,7966.627293535839
9674,0.0
9675,0.0
9676,0.0
9677,0.0
9678,0.0
9679,0.0
9680,0.0
9681,0.0
9682,0.0
9683,0.0
9684,0.0
9685,0.0
9686,0.0
9687,0.0
9688,0.0
9689,0.0
9690,8773.289243292125
9691,0.0
9692,0.0
9693,0.0
9694,0.0
9695,0.0
9696,0.0
9697,0.0
9698,0.0
9699,0.0
9700,0.0
9701,0.0
9702,0.0
9703,0.0
9704,0.0
9705,0.0
9706,0.0
9707,0.0
9708,0.0
9709,0.0
9710,0.0
9711,0.0
9712,0.0
9713,0.0
9714,0.0
9715,0.0
9716,0.0
9717,0.0
9718,0.0
9719,0.0
9720,0.0
9721,0.0
9722,0.0
9723,0.0
9724,0.0
9725,0.0
9726,0.0
9727,0.0
9728,0.0
9729,0.0
9730,0.0
9731,0.0
9732,0.0
9733,0.0
9734,0.0
9735,0.0
9736,0.0
9737,0.0
9738,0.0
9739,0.0
9740,0.0
9741,0.0
9742,0.0
9743,0.0
9744,0.0
9745,0.0
9746,0.0
9747,0.0
9748,0.0
9749,0.0
9750,0.0
9751,0.0
9752,1624.9761953164193
9753,0.0
9754,0.0
9755,0.0
9756,0.0
9757,0.0
9758,0.0
9759,0.0
9760,0.0
9761,0.0
9762,0.0
9763,0.0
9764,0.0
9765,0.0
9766,4274.905890261709
9767,0.0
9768,0.0
9769,0.0
9770,0.0
9771,0.0
9772,0.0
9773,0.0
9774,0.0
9775,0.0
9776,0.0
9777,0.0
9778,0.0
9779,0.0
9780,0.0
9781,0.0
9782,0.0
9783,0.0
9784,0.0
9785,0.0
9786,0.0
9787,0.0
9788,0.0
9789,0.0
9790,0.0
9791,0.0
9792,0.0
9793,0.0
9794,0.0
9795,0.0
9796,0.0
9797,0.0
9798,0.0
9799,0.0
9800,0.0
9801,0.0
9802,0.0
9803,0.0
9804,0.0
9805,0.0
9806,0.0
9807,0.0
9808,0.0
9809,7558.38476857828
9810,0.0
9811,0.0
9812,0.0
9813,0.0
9814,0.0
9815,0.0
9816,0.0
9817,0.0
9818,0.0
9819,2625.3827218308265
9820,0.0
9821,0.0
9822,0.0
9823,5146.562315835202
9824,0.0
9825,0.0
9826,0.0
9827,0.0
9828,0.0
9829,0.0
9830,0.0
9831,0.0
9832,0.0
9833,0.0
9834,0.0
9835,0.0
9836,0.0
9837,0.0
9838,0.0
9839,0.0
9840,0.0
9841,0.0
9842,0.0
9843,0.0
9844,0.0
9845,0.0
9846,0.0
9847,0.0
9848,0.0
9849,0.0
9850,18679.497931352627
9851,0.0
9852,0.0
9853,0.0
9854,0.0
9855,0.0
9856,0.0
9857,0.0
9858,0.0
9859,0.0
9860,0.0
9861,0.0
9862,0.0
9863,0.0
9864,5294.944461825247
9865,0.0
9866,0.0
9867,0.0
9868,0.0
9869,0.0
9870,0.0
9871,0.0
9872,0.0
9873,0.0
9874,0.0
9875,0.0
9876,0.0
9877,0.0
9878,0.0
9879,0.0
9880,0.0
9881,0.0
9882,0.0
9883,0.0
9884,0.0
9885,0.0
9886,0.0
9887,0.0
9888,0.0
9889,0.0
9890,0.0
9891,0.0
9892,0.0
9893,0.0
9894,0.0
9895,0.0
9896,0.0
9897,0.0
9898,0.0
9899,0.0
9900,0.0
9901,0.0
9902,0.0
9903,0.0
9904,0.0
9905,0.0
9906,0.0
9907,0.0
9908,0.0
9909,0.0
9910,0.0
9911,0.0
9912,0.0
9913,0.0
9914,0.0
9915,0.0
9916,0.0
9917,0.0
9918,0.0
9919,0.0
9920,0.0
9921,0.0
9922,0.0
9923,0.0
9924,0.0
9925,0.0
9926,0.0
9927,0.0
9928,0.0
9929,0.0
9930,0.0
9931,0.0
9932,0.0
9933,0.0
9934,0.0
9935,0.0
9936,0.0
9937,0.0
9938,0.0
9939,13518.946312603623
9940,0.0
9941,0.0
9942,0.0
9943,0.0
9944,0.0
9945,0.0
9946,0.0
9947,0.0
9948,0.0
9949,0.0
9950,0.0
9951,0.0
9952,0.0
9953,0.0
9954,0.0
9955,0.0
9956,0.0
9957,0.0
9958,0.0
9959,0.0
9960,0.0
9961,0.0
9962,0.0
9963,0.0
9964,0.0
9965,0.0
9966,0.0
9967,0.0
9968,0.0
9969,0.0
9970,0.0
9971,0.0
9972,0.0
9973,0.0
9974,0.0
9975,0.0
9976,0.0
9977,0.0
9978,0.0
9979,0.0
9980,0.0
9981,0.0
9982,0.0
9983,3214.8587509708545
9984,15452.878752454713
9985,0.0
9986,0.0
9987,0.0
9988,0.0
9989,0.0
9990,0.0
9991,0.0
9992,0.0
9993,0.0
9994,0.0
9995,0.0
9996,0.0
9997,0.0
9998,0.0
9999,0.0
10000,0.0
10001,0.0
10002,0.0
10003,0.0
10004,0.0
10005,0.0
10006,0.0
10007,0.0
10008,0.0
10009,0.0
10010,0.0
10011,0.0
10012,11847.544309484208
10013,0.0
10014,0.0
10015,0.0
10016,0.0
10017,0.0
10018,0.0
10019,0.0
10020,0.0
10021,0.0
10022,0.0
10023,0.0
10024,0.0
10025,0.0
10026,0.0
10027,0.0
10028,0.0
10029,0.0
10030,0.0
10031,0.0
10032,0.0
10033,0.0
10034,0.0
10035,0.0
10036,0.0
10037,0.0
10038,0.0
10039,0.0
10040,0.0
10041,0.0
10042,0.0
10043,0.0
10044,0.0
10045,0.0
10046,0.0
10047,0.0
10048,0.0
10049,0.0
10050,0.0
10051,0.0
10052,0.0
10053,0.0
10054,0.0
10055,0.0
10056,0.0
10057,0.0
10058,0.0
10059,0.0
10060,0.0
10061,0.0
10062,0.0
10063,0.0
10064,0.0
10065,0.0
10066,0.0
10067,0.0
10068,0.0
10069,0.0
10070,0.0
10071,0.0
10072,0.0
10073,0.0
10074,0.0
10075,0.0
10076,0.0
10077,0.0
10078,0.0
10079,0.0
10080,0.0
10081,0.0
10082,2580.3285670750242
10083,0.0
10084,0.0
10085,0.0
10086,2039.97532223915
10087,0.0
10088,0.0
10089,0.0
10090,0.0
10091,0.0
10092,0.0
10093,0.0
10094,0.0
10095,0.0
10096,0.0
10097,0.0
10098,0.0
10099,0.0
10100,0.0
10101,0.0
10102,0.0
10103,0.0
10104,0.0
10105,0.0
10106,0.0
10107,0.0
10108,0.0
10109,0.0
10110,0.0
10111,0.0
10112,0.0
10113,0.0
10114,0.0
10115,0.0
10116,0.0
10117,0.0
10118,0.0
10119,0.0
10120,0.0
10121,0.0
10122,0.0
10123,0.0
10124,0.0
10125,0.0
10126,0.0
10127,0.0
10128,0.0
10129,0.0
10130,0.0
10131,0.0
10132,0.0
10133,0.0
10134,0.0
10135,0.0
10136,0.0
10137,1519.0940505277683
10138,0.0
10139,0.0
10140,0.0
10141,0.0
10142,0.0
10143,0.0
10144,0.0
10145,0.0
10146,0.0
10147,0.0
10148,0.0
10149,0.0
10150,0.0
10151,0.0
10152,10935.145064741664
10153,0.0
10154,0.0
10155,0.0
10156,0.0
10157,0.0
10158,0.0
10159,0.0
10160,0.0
10161,0.0
10162,0.0
10163,0.0
10164,0.0
10165,0.0
10166,0.0
10167,0.0
10168,0.0
10169,0.0
10170,0.0
10171,0.0
10172,0.0
10173,0.0
10174,0.0
10175,0.0
10176,0.0
10177,0.0
10178,0.0
10179,0.0
10180,0.0
10181,0.0
10182,0.0
10183,0.0
10184,0.0
10185,0.0
10186,0.0
10187,0.0
10188,0.0
10189,0.0
10190,0.0
10191,0.0
10192,0.0
10193,0.0
10194,0.0
10195,0.0
10196,0.0
10197,0.0
10198,0.0
10199,0.0
10200,0.0
10201,0.0
10202,0.0
10203,0.0
10204,0.0
10205,0.0
10206,0.0
10207,0.0
10208,0.0
10209,0.0
10210,0.0
10211,0.0
10212,0.0
10213,0.0
10214,0.0
10215,0.0
10216,3393.907665819066
10217,0.0
10218,0.0
10219,0.0
10220,0.0
10221,0.0
10222,0.0
10223,0.0
10224,0.0
10225,0.0
10226,0.0
10227,0.0
10228,0.0
10229,0.0
10230,0.0
10231,0.0
10232,0.0
10233,0.0
10234,0.0
10235,0.0
10236,0.0
10237,0.0
10238,0.0
10239,0.0
10240,0.0
10241,0.0
10242,0.0
10243,0.0
10244,0.0
10245,0.0
10246,0.0
10247,0.0
10248,0.0
10249,0.0
10250,0.0
10251,0.0
10252,0.0
10253,0.0
10254,0.0
10255,0.0
10256,0.0
10257,12242.26464983384
10258,4531.457508975794
10259,0.0
10260,0.0
10261,0.0
10262,0.0
10263,0.0
10264,0.0
10265,0.0
10266,0.0
10267,0.0
10268,0.0
10269,0.0
10270,0.0
10271,0.0
10272,0.0
10273,4233.873188928572
10274,4032.2055025857153
10275,5902.09251502063
10276,3247.364999268602
10277,6691.41201885636
10278,4806.229262020964
10279,5512.079131228096
10280,5925.103843216488
10281,4296.603431857639
10282,3337.1595387569764
10283,5407.133015599542
10284,5209.26717586485
10285,4456.065893213163
10286,5408.582474353712
10287,4820.0214563744
10288,3304.6410857291708
10289,4387.155343716753
10290,6944.2037615972695
10291,8248.121728611173
10292,6747.365160539385
10293,7437.129603832456
10294,3647.227251473721
10295,5336.582819777341
10296,2248.7259860814984
10297,7856.904849038842
10298,7941.452554584406
10299,8966.556897164739
10300,5977.363655797494
10301,2820.4501038256562
10302,4558.195588554415
10303,5720.574627653432
10304,7607.884171635518
10305,4214.296078120225
10306,5490.828576911733
10307,4402.093216893662
10308,5629.883037919085
10309,2484.356610490131
10310,7203.855222524302
10311,4070.6695017830066
10312,7125.76701477214
10313,6164.421802162141
10314,3459.2612003066847
10315,8561.112318811449
10316,5954.482909158027
10317,4763.60670745219
10318,3789.8551382631513
10319,7122.61900140455
10320,9994.834510625697
10321,5876.130672833031
10322,5100.385044712785
10323,8086.784346495138
10324,7106.67636334477
10325,5375.863279945562
10326,6604.970475185546
10327,2128.933975106051
10328,2472.018744553573
10329,4668.102182357877
10330,5735.512475480803
10331,7816.491192022282
10332,7506.175511417772
10333,3960.264614204479
10334,8059.77917028175
10335,8105.07710158063
10336,5362.824822229028
10337,2912.2817432873007
10338,10869.176903490088
10339,3510.210214100857
10340,4337.787537012119
10341,7345.486196810811
10342,3679.330765325315
10343,5583.1410849554695
10344,2806.5736429384233
10345,5779.195764130328
10346,5071.780981707431
10347,5511.875945532588
10348,7492.904656869696
10349,7016.852124311577
10350,5788.929657418068
10351,3181.9320638424947
10352,7521.674609006875
10353,11797.22130349648
10354,5079.122294434327
10355,2741.888413103521
10356,6364.556017107369
10357,5969.037217678434
10358,6300.999552504464
10359,9172.129700510577
10360,2190.702871568962
10361,7359.275479112005
10362,4613.718358256037
10363,5646.938815934304
10364,6824.243158349221
10365,2592.3398926478862
10366,4494.126217232402
10367,4719.441094536774
10368,7738.588616763435
10369,6734.938400883143
10370,4164.117501281308
10371,4446.073459289228
10372,6814.038454496836
10373,6138.410289700351
10374,5065.917278164657
10375,6252.561557335805
10376,4090.0716026626205
10377,6152.042442081164
10378,4522.610011841373
10379,3082.457560188954
10380,5466.817843305879
10381,5817.953271714795
10382,5943.368882421444
10383,6974.625043363337
10384,7781.279418505726
10385,3626.1697857090962
10386,7453.9281431754835
10387,3140.95482938315
10388,3515.446952791023
10389,7578.125237860143
10390,6499.195342679872
10391,7209.008946470257
10392,9175.604292118693
10393,6395.26127891691
10394,4836.681878948709
10395,6826.700435249909
10396,7078.5246379753335
10397,3927.677245022059
10398,2647.8652626105904
10399,5287.733418205031
10400,4603.095451825174
10401,5313.125376526427
10402,3199.9805384593064
10403,5615.577217511033
10404,6689.6151017055045
10405,5933.564571739391
10406,6138.681949786171
10407,2853.8858700279898
10408,6268.261419374549
10409,6893.967037214947
10410,3209.7411580889175
10411,5531.171003481576
10412,3713.3839316786743
10413,5413.432072088868
10414,3355.5032459684544
10415,4081.2673388334692
10416,4818.848972526264
10417,6848.589584343743
10418,5824.8507094915985
10419,6976.526766609277
10420,12458.47233529087
10421,3875.9875510892175
10422,4928.875428792431
10423,10037.844821640587
10424,5316.480491077841
10425,7777.3746196181255
10426,6516.666471749938
10427,5491.322422536719
10428,6487.726418184891
10429,4258.023091389438
10430,4979.55771410368
10431,7828.296795131647
10432,4781.3367472835325
10433,2643.548565321879
10434,3203.1139395239807
10435,7458.056257049336
10436,9114.695558638665
10437,5581.017355659303
10438,5931.587262772678
10439,4418.931492194051
10440,2164.9812543989806
10441,1862.2482856557776
10442,3810.307107879993
10443,5253.157823269832
10444,6879.735282415256
10445,5098.875538014381
10446,5102.7827658168235
10447,7875.735950878501
10448,7520.423510993881
10449,7099.123564126947
10450,4559.47631716663
10451,7823.409266229967
10452,8672.369901319857
10453,3456.785503325212
10454,5272.372576863549
10455,5271.015749574189
10456,6463.991594535455
10457,2885.1956231865433
10458,4778.548160555946
10459,4662.601261678409
10460,8361.929477744185
10461,5722.350081116945
10462,6945.3853975826705
10463,6581.218773451757
10464,4491.906558138193
10465,7499.25076105255
10466,17071.463826604388
10467,7935.896008916542
10468,3685.036322053339
10469,3220.066057880559
10470,6222.71243850069
10471,7561.3855735822635
10472,4260.5191589950255
10473,9176.1215775095
10474,16926.90646322878
10475,4998.58727949777
10476,2494.2596285823183
10477,9350.736028517824
10478,3321.927158384649
10479,5705.031159588479
10480,3314.932723633379
10481,6112.433335230848
10482,3873.356211893231
10483,6512.722434389132
10484,4762.20049932296
10485,4964.838478634561
10486,8629.087485171036
10487,5805.967808650929
10488,5760.535851873554
10489,7141.596761975926
10490,5115.521742732832
10491,6507.64039910905
10492,8590.117587877814
10493,4876.194651183947
10494,5604.691968704666
10495,4308.3786614283545
10496,3284.386940953525
10497,5723.211576907097
10498,4712.574791842715
10499,4735.45608346883
10500,7753.694967732482
10501,7999.763449402119
10502,7254.752486779703
10503,4210.431719154421
10504,3840.1467180373497
10505,4197.673627256534
10506,5194.476328556387
10507,6737.909920464979
10508,2740.9055392451573
10509,6493.057072161338
10510,5364.1180362996965
10511,7380.895849382758
10512,5503.310743092905
10513,4147.691781201291
10514,3235.5262222766414
10515,2413.7685550453166
10516,8435.137195715717
10517,5655.049923653448
10518,5446.167310301715
10519,11727.012456402363
10520,7422.864637393251
10521,4353.896116020156
10522,5550.164959172178
10523,2538.676672492814
10524,4164.404806612786
10525,3976.173033944203
10526,3587.1318186753574
10527,8344.630064489582
10528,4652.865973241759
10529,8657.775033284104
10530,10569.127019132511
10531,5754.175658730779
10532,5443.4055025062735
10533,4780.932115734748
10534,4987.957636064644
10535,4862.9141015111145
10536,10684.996218608434
10537,6114.75984192626
10538,6513.932088242485
10539,2905.03812067296
10540,5579.233618561597
10541,5372.196778251723
10542,7509.352224106617
10543,6611.9859586310895
10544,5389.466973542089
10545,6379.187126282312
10546,4909.886242702547
10547,8098.88543251903
10548,6340.072003117648
10549,6502.383906359289
10550,8882.819475729051
10551,6944.664460381031
10552,8088.359416833022
10553,3465.4320992518815
10554,5290.601759346031
10555,4655.204187724758
10556,8081.897038756259
10557,6933.043882737581
10558,7022.176996465708
10559,5929.609712921345
10560,7779.521225650733
10561,4735.759956533378
10562,6275.773378395119
10563,6359.550538831741
10564,3049.841012803663
10565,12684.558144638302
10566,15846.8693829975
10567,7082.697527687745
10568,6113.759229332602
10569,6997.80349786676
10570,8098.72668659598
10571,7818.718594398022
10572,2790.415084178942
10573,4501.161496744264
10574,5417.667708585238
10575,8176.795455070579
10576,2512.9221149941113
10577,4290.603879988452
10578,4921.0399721718795
10579,4865.924924212366
10580,4856.809961293747
10581,2816.973460980068
10582,2943.913900672929
10583,7245.732870774236
10584,3375.7480040458668
10585,4622.703152019121
10586,5576.484227778969
10587,5216.156206423313
10588,8621.231895857882
10589,10563.972055465661
10590,4604.861977707169
10591,7272.960797388886
10592,6009.182595592388
10593,9735.57852735146
10594,4849.522885881371
10595,2779.810977457432
10596,4926.345738438043
10597,10770.758672169826
10598,4073.6452266595843
10599,7103.046627693311
10600,2037.6852511751058
10601,3705.316507041261
10602,5723.920014044402
10603,5828.10597337725
10604,4914.1466099747895
10605,8419.15762164852
10606,8454.227452002018
10607,7382.447437886262
10608,3797.8215046128767
10609,10571.859550985015
10610,1967.9006624195317
10611,3379.7033604337807
10612,6793.932340675531
10613,4481.700933719481
10614,10366.597491939663
10615,2563.172174223935
10616,4793.8243145272145
10617,5407.998591538795
10618,7408.305162756316
10619,9042.23492583509
10620,4823.333408113007
10621,2626.0013703844784
10622,7721.140124657835
10623,9988.297238026116
10624,4623.208424389916
10625,5114.678848811644
10626,8722.966374581101
10627,5605.196533163345
10628,4707.974480693151
10629,3666.863735519952
10630,7380.050924379957
10631,4346.319551801955
10632,12557.878070694322
10633,6423.927373202979
10634,13184.674078304763
10635,6488.694110408524
10636,4435.030190456118
10637,2056.9708186369166
10638,6225.8343594190865
10639,5344.977479242442
10640,5070.2063610678215
10641,8718.100610478772
10642,5385.469903664326
10643,2665.5154930746553
10644,6621.955982345794
10645,3253.82688460769
10646,8625.890328533875
10647,7029.309797695896
10648,6584.475478223474
10649,7781.547328820375
10650,4591.97942602246
10651,6675.145238516174
10652,7173.365023951535
10653,5531.664475479118
10654,6494.942704047826
10655,3618.4017373238758
10656,8536.580395739627
10657,5950.032280990396
10658,3428.7988843864478
10659,4783.853765426428
10660,7841.051615012176
10661,5751.399862722445
10662,3714.18059398622
10663,4978.861201604434
10664,5388.087257013847
10665,4985.22656230442
10666,4667.66538668568
10667,9357.684263724503
10668,4573.212526730144
10669,3404.6205831799784
10670,5746.515001510471
10671,5022.673890757563
10672,2756.7163562468677
10673,4863.993647594211
10674,7873.7894866652305
10675,6846.66796590422
10676,10279.070365181231
10677,8236.284418584894
10678,6844.806769906925
10679,5912.8505586641095
10680,4309.530979889564
10681,9855.295781937415
10682,7375.383578701918
10683,6411.991972506046
10684,5227.22720404122
10685,5284.207064281306
10686,4599.156722203946
10687,2150.5642804241565
10688,11518.072286658256
10689,5986.088032631772
10690,5553.776785150691
10691,4492.179805117801
10692,1431.1278875690555
10693,8006.353556164801
10694,5667.655815583841
10695,5019.252932111867
10696,3735.639816843221
10697,6110.138431647964
10698,5152.850421639635
10699,3966.7956409357844
10700,9359.804962747436
10701,4409.9563132004605
10702,4503.02981986674
10703,3443.739657374258
10704,2532.1664686246286
10705,4700.026703267608
10706,12921.811518313765
10707,4317.920197979342
10708,5692.982054075577
10709,5133.322971056131
10710,3874.1868020461848
10711,3147.171805430571
10712,5884.0803604698185
10713,2679.9397324213614
10714,8891.35542275141
10715,5745.916523469487
10716,2669.725612415975
10717,7845.7128407927485
10718,2200.0940094853568
10719,3732.9607553109686
10720,8589.355359244082
10721,7423.146898558435
10722,7863.150387635062
10723,2309.320075279979
10724,4724.57893427281
10725,4632.85872385366
10726,3805.638226617515
10727,16422.342021318374
10728,10278.060036297595
10729,4853.646979757159
10730,2924.521381435069
10731,5457.456776785045
10732,4281.008787451563
10733,2504.181932953853
10734,7165.186569626502
10735,4794.109005854065
10736,5423.0803813594985
10737,6541.827185510073
10738,4688.390834105588
10739,4881.331212841414
10740,5648.965063375392
10741,6291.4486939050175
10742,6377.502093749934
10743,2804.783076051664
10744,5492.97506892894
10745,6320.221599188066
10746,7742.085519155687
10747,5525.732436487027
10748,7257.293592562334
10749,2097.2109884473525
10750,8774.139928046565
10751,5018.0244920410105
10752,2781.7780310194903
10753,4454.602183005477
10754,4269.005031014903
10755,4562.638107184049
10756,6552.436364424138
10757,3828.7404607025073
10758,6018.919361344651
10759,4660.569955126177
10760,7596.232958599134
10761,7704.5223410940225
10762,4573.676928201334
10763,6975.973096670584
10764,5897.757287158085
10765,2541.57223719119
10766,10345.550442776246
10767,3662.806589433314
10768,3190.219165738108
10769,5827.525790055362
10770,11430.609503745065
10771,8761.47148195808
10772,4007.9982620016926
10773,4281.476072187397
10774,6313.664541315596
10775,6916.11463280343
10776,4309.012791813924
10777,7954.214331133841
10778,2861.67431150379
10779,4626.1684567261345
10780,3695.37101127147
10781,3324.228021930258
10782,2504.349829642749
10783,7401.482915092621
10784,6453.274611890674
10785,5865.370608008545
10786,4789.220598926987
10787,7604.3807301849765
10788,7359.864750370931
10789,4468.197423564462
10790,5011.841480854335
10791,5282.749527917089
10792,6763.785824084167
10793,5162.478940427973
10794,1899.8019317401713
10795,6206.295441464248
10796,6212.4611267180435
10797,6183.311465289902
10798,5463.770327906413
10799,2691.5503185451894
10800,8983.292508159779
10801,2623.7506017864303
10802,8645.525494351614
10803,4825.551681950336
10804,4499.161531259649
10805,7577.246670195476
10806,3680.1441773407073
10807,4144.100044089146
10808,8447.56305724607
10809,2537.4839878366124
10810,6505.278897727404
10811,9081.133875538355
10812,6548.025590920085
10813,2292.99340383337
10814,4688.762729206849
10815,3322.4820159526384
10816,2137.499946941314
10817,4847.042547922704
10818,5983.52956849356
10819,4865.931443453966
10820,4246.805193072236
10821,4850.74521870926
10822,4389.654105581278
10823,8896.663174771442
10824,5060.05119980983
10825,5660.2637675836795
10826,3987.2397585823574
10827,5548.793360380857
10828,5536.89715964072
10829,5744.580666733764
10830,7508.40406937485
10831,7405.216322849465
10832,7956.656584254903
10833,5588.548285960758
10834,4963.875747347962
10835,2765.622984313402
10836,5442.365434869811
10837,8659.856135015758
10838,6464.708788251193
10839,6080.744276569417
10840,14029.149497734124
10841,3043.7534489836885
10842,4685.674433193702
10843,4153.46437970927
10844,8152.933328675227
10845,8746.112075810292
10846,7322.111595834116
10847,7453.924118459767
10848,7443.53899831269
10849,9015.722262962205
10850,6307.196666720893
10851,4904.066049214655
10852,2068.915102532109
10853,4615.834290192272
10854,3293.6887902129142
10855,2986.0776435689104
10856,6900.9675220567215
10857,17160.437416374276
10858,5369.973471289479
10859,2976.5100599755697
10860,4668.0850309437
10861,3964.439486702576
10862,5432.113528548716
10863,1968.138382575368
10864,6214.542273975436
10865,6406.1253425854
10866,3257.610777745578
10867,10347.155865427607
10868,11226.8818147195
10869,3444.646343929778
10870,5269.500847096994
10871,3655.6145071413525
10872,3725.1532680821397
10873,3990.9787954303747
10874,7899.396219062028
10875,3581.2583678788924
10876,4203.392614313853
10877,4693.107361249265
10878,5082.221248597013
10879,4959.9153720164395
10880,7374.257770456738
10881,2946.8627085923554
10882,7757.580331604976
10883,6798.961131339541
10884,4560.341689996661
10885,3941.254724610919
10886,3754.0448465969785
10887,4776.987922489463
10888,4265.993403865951
10889,8950.721196866372
10890,4326.963066277405
10891,3497.302218028146
10892,6089.206939312405
10893,5196.632046860463
10894,5339.851353178116
10895,4723.053720070648
10896,5328.891630268487
10897,9485.71480245479
10898,6499.9786291726
10899,5750.95032908979
10900,3491.5382524185666
10901,4338.448071643073
10902,6064.538190801606
10903,3522.9116814280474
10904,4702.915445223049
10905,4757.964964533831
10906,11112.648070652294
10907,6757.66015878417
10908,4103.907497154443
10909,5714.33237687024
10910,4814.099197207821
10911,6143.164225349042
10912,5212.125798263455
10913,8703.209599326727
10914,6520.7074734394955
10915,4694.647993209122
10916,4287.95674793711
10917,1861.4770260684088
10918,3802.34717594223
10919,19254.64216596764
10920,1971.0593695325902
10921,4847.44507778479
10922,5935.1861431728785
10923,6816.330378786105
10924,5823.572298821142
10925,7701.4851395765645
10926,5592.945823792944
10927,5681.491716992017
10928,2771.0438943333756
10929,7368.1129297934895
10930,3751.244605801969
10931,6210.36844428516
10932,9069.783007625794
10933,3643.3848323119414
10934,7306.934361219807
10935,6202.460351316461
10936,3269.6319382675506
10937,5721.462012698706
10938,6182.440099644209
10939,2506.1504444786415
10940,8502.62360408858
10941,6298.234999589811
10942,4489.882330751366
10943,8980.520754624999
10944,8257.424475613245
10945,6340.643630865861
10946,4632.9196079823005
10947,3490.8043571855537
10948,4819.081205062428
10949,3065.7832749191602
10950,5696.86524424268
10951,2448.1054471384596
10952,5434.463768687895
10953,2813.964715253259
10954,5176.8209702400945
10955,5670.375680228866
10956,4620.908820536151
10957,5117.550471339881
10958,8136.773521766068
10959,4874.533403494093
10960,7112.003833500812
10961,5117.588913569562
10962,5683.902429832597
10963,8383.851803345759
10964,6656.308223561534
10965,3811.3325485420332
10966,5024.891998703759
10967,4895.888483349383
10968,4288.06885427344
10969,11296.62263113779
10970,5479.350041420698
10971,5422.94134337713
10972,8386.565987456419
10973,6680.675470271128
10974,1862.4527567164018
10975,8919.685676043115
10976,7513.967901074506
10977,5753.6490765037315
10978,6702.151227669157
10979,6367.097461712554
10980,7896.9725786400995
10981,5024.170317601432
10982,4188.218973084738
10983,3156.1347926201224
10984,5801.9547346405025
10985,7493.820363269122
10986,2717.338939855833
10987,7628.86076202903
10988,6628.295916870046
10989,4549.909791606999
10990,6861.635791380225
10991,4406.399085466328
10992,6867.306389921757
10993,2321.1245912054947
10994,4492.869749982346
10995,4718.836236920443
10996,3332.5169362840697
10997,6056.25668962568
10998,6781.285302763197
10999,7868.5764535516555
11000,5886.516618561534
11001,3867.1452590430536
11002,5807.045559899374
11003,6555.890326256709
11004,6954.089650948005
11005,2921.0158143892495
11006,2635.164221978633
11007,8153.190324836812
11008,5894.453176768793
11009,3703.5139946319578
11010,7321.633127086172
11011,6580.057408389597
11012,6139.339616338695
11013,4936.0947800674885
11014,1765.1233170927503
11015,5876.73417951453
11016,5829.722296922491
11017,4994.79668733451
11018,8174.825433520659
11019,6152.601318012826
11020,3351.0224761958193
11021,5155.453227012987
11022,2771.611740422965
11023,1032.9812292367149
11024,6047.918781048622
11025,9032.023384952998
11026,5215.884871385557
11027,4272.190868383497
11028,2951.895240365329
11029,4879.837975640265
11030,7656.141855247034
11031,5674.475199447675
11032,8160.870066012742
11033,3864.2460647024295
11034,4053.703817257182
11035,3152.3875974423186
11036,6268.90505906814
11037,3260.3970410284505
11038,2478.0820133604407
11039,4020.3538218109284
11040,3652.3381421486033
11041,6464.940227718274
11042,4237.5685937360995
11043,4764.0188304538615
11044,5179.778407908175
11045,7333.713255568693
11046,4510.301872825989
11047,4374.745519030282
11048,8691.25571608472
11049,6651.927313807819
11050,6257.471297222478
11051,1971.7669530950398
11052,4612.655773465988
11053,4975.687951868466
11054,3911.78477722974
11055,7444.368717230316
11056,8697.328399103779
11057,6344.087162400614
11058,5901.010376019076
11059,5824.940558355257
11060,7308.048583955456
11061,10280.17546707462
11062,3086.320782455522
11063,3654.3305075870485
11064,4884.942645535558
11065,5602.70869726203
11066,5356.699024763293
11067,7945.740683806785
11068,6529.8412568051135
11069,6167.101371634161
11070,2643.915952519371
11071,5569.990176293394
11072,5962.676653663266
11073,3211.5225288801066
11074,5720.467529927167
11075,3003.3255570870715
11076,6667.207084410017
11077,5214.509855580485
11078,5166.571815645897
11079,5858.182900845877
11080,3723.401459373372
11081,4488.291315827793
11082,6672.986824961295
11083,4885.717000633551
11084,7820.097378724668
11085,5374.593822783539
11086,8272.071073180054
11087,4870.801977848291
11088,3484.5466188132186
11089,8083.176089936523
11090,2653.6914702184563
11091,9159.397542225826
11092,5427.95326139332
11093,4620.0530567127535
11094,6718.125633164707
11095,4631.893149944328
11096,4064.821299104894
11097,6212.1681325928585
11098,2949.4682177776563
11099,2845.58686344455
11100,5657.200304201344
11101,5667.306118622785
11102,9403.101953003457
11103,5917.939254744425
11104,5343.739579438846
11105,3371.4589609957156
11106,5910.311017873219
11107,3126.2717309387394
11108,9688.190265761146
11109,6730.01481050794
11110,12434.936333757743
11111,5538.428637156808
11112,5113.843709962949
11113,7247.976549832905
11114,6867.403873560775
11115,2836.4933107619827
11116,8198.718378712116
11117,6197.7882783705545
11118,5369.865653411775
11119,5386.554846017942
11120,4661.441592768674
11121,2800.109906707548
11122,4897.5372118589785
11123,3343.8724533984455
11124,2856.155786509529
11125,6751.788962056747
11126,5517.91666714123
11127,22025.736142342485
11128,7400.381722374663
11129,4176.763215070051
11130,7262.318101051611
11131,9391.710499733463
11132,5889.856666146215
11133,7298.498406904933
11134,5862.277992792577
11135,7333.304567864662
11136,7650.531899338888
11137,5205.540455678446
11138,5820.103189284724
11139,7187.825877632282
11140,7539.316066876311
11141,7254.233652802343
11142,7165.571865145379
11143,5749.703287162874
11144,4954.77655665432
11145,5782.7941041496015
11146,9961.222985749628
11147,10264.686820003262
11148,9421.968770721443
11149,8036.902170736362
11150,3994.123856623965
11151,6362.140372828528
11152,4165.134113392549
11153,8082.803995830675
11154,11076.991372919385
11155,8746.775905058348
11156,5925.257474405268
11157,4998.774611209462
11158,4064.3026500115734
11159,5969.643759009952
11160,9752.296248282257
11161,6969.969258468562
11162,5570.438293512132
11163,5267.746026372678
11164,7426.82245827092
11165,3726.8541394989074
11166,7537.480008452476
11167,4489.057579984325
11168,7050.494173594723
11169,7075.339158036449
11170,5798.164682573428
11171,8147.229953027978
11172,6308.673088531438
11173,4785.61601234537
11174,6690.351355039751
11175,7584.542124573114
11176,11684.51752164319
11177,6356.825071047751
11178,7299.01449967645
11179,7093.927188387865
11180,8945.068293399583
11181,6673.18229347206
11182,9658.411630338795
11183,4283.007550771986
11184,4792.191966388448
11185,5727.500817724422
11186,6507.272805680136
11187,9194.75403252365
11188,7964.655585489971
11189,5445.057361520252
11190,7849.393167396818
11191,6524.837386172698
11192,9673.440220274928
11193,4070.740809299459
11194,13166.772915489046
11195,4836.883641360769
11196,5888.01340434114
11197,8320.033420937778
11198,4544.938233626586
11199,6300.378351574872
11200,6974.72539456915
11201,7789.347348742769
11202,5904.870676896906
11203,5648.829569295061
11204,7247.804281894889
11205,8215.416797364114
11206,7262.030449281176
11207,4988.424346236543
11208,7587.497723815249
11209,11209.32276439145
11210,6747.545855099446
11211,4240.556151594433
11212,7407.988334852907
11213,6187.786896778781
11214,6105.650992445901
11215,7701.31486382146
11216,4116.5881663464725
11217,8494.95779581731
11218,6127.493534755693
11219,7306.374627993322
11220,7112.486410494892
11221,5257.193419429268
11222,6083.520888261529
11223,5108.271999493221
11224,8288.094332164379
11225,8425.81086213571
11226,4873.142989493869
11227,5001.134802412713
11228,6501.377249107758
11229,6197.888662407378
11230,5975.829352976005
11231,8305.058326036133
11232,6527.445090070015
11233,7375.5183487265795
11234,5519.990265060858
11235,4764.987440208862
11236,6584.148412574392
11237,8145.068417903271
11238,7250.05352691975
11239,8852.20842328057
11240,8687.819078072516
11241,5622.4989628040585
11242,8632.078508432216
11243,5827.889184440214
11244,7132.431037032448
11245,8689.588710282824
11246,6598.674681821814
11247,9945.539551139294
11248,8379.696648435212
11249,7826.432999593846
11250,6144.9392434112215
11251,7559.183815216537
11252,8301.323077150659
11253,6208.961956490142
11254,3708.656083963982
11255,5231.159228334528
11256,7577.192031236895
11257,6552.353460548215
11258,4505.242956093044
11259,8501.609698873523
11260,6014.950996438191
11261,5850.308912584112
11262,6570.641272918704
11263,5373.059584563643
11264,6982.847685565589
11265,7273.986332346218
11266,6335.628375268456
11267,5963.855432147246
11268,5669.078090274368
11269,6834.60607251558
11270,3737.8061443568286
11271,6978.316326325771
11272,5279.071567974216
11273,8786.663469767107
11274,6992.26181978649
11275,6038.072917311894
11276,10290.436520703144
11277,4431.410036011118
11278,5428.439647158922
11279,10531.9941175329
11280,7376.0720951704
11281,8609.910917299509
11282,7829.958764212853
11283,6235.094760103171
11284,6266.50633773949
11285,5504.174582477082
11286,7662.093169319666
11287,10739.085968681073
11288,6132.121545352122
11289,3493.4792383002587
11290,4857.550498133245
11291,8903.146678271543
11292,9544.044538094571
11293,6234.458148043111
11294,6770.201543334001
11295,4950.143661281429
11296,4827.48061664811
11297,3345.451594700879
11298,5048.393599071384
11299,6634.01073859721
11300,7011.589319638814
11301,6520.490168998825
11302,7955.003431701824
11303,8238.570454162313
11304,9374.845224430472
11305,8094.483639798161
11306,5091.868470367407
11307,8850.4935677058
11308,10731.82930242725
11309,5954.8373277724695
11310,7450.866805593053
11311,5976.817859463705
11312,6976.844054446015
11313,4461.326532640834
11314,6544.54592784559
11315,5700.593660905265
11316,8367.131109989894
11317,7593.292328623962
11318,8594.307518424328
11319,7724.084526734427
11320,5818.559356384576
11321,8346.802894931108
11322,17867.24464744211
11323,9839.518890359634
11324,5398.872523680613
11325,3332.343624592152
11326,6459.360849109283
11327,8124.929000954665
11328,5953.452973351407
11329,11848.01578397993
11330,20623.614868034296
11331,3869.5555368246705
11332,5050.791844580102
11333,7893.230665323862
11334,5413.229262432768
11335,8055.325440398723
11336,6609.056427974961
11337,7486.108111031999
11338,4538.50742077358
11339,6864.312772085562
11340,6596.460452359646
11341,7489.739825894359
11342,8743.907251099668
11343,6493.933210292629
11344,6353.007610363105
11345,6634.96615184645
11346,4991.216019567097
11347,5168.287381588011
11348,7469.950246868842
11349,5800.285870649792
11350,5978.0826577391945
11351,7707.200237037716
11352,5698.918382897285
11353,5826.982654134416
11354,7076.665791859956
11355,6911.792817714079
11356,8837.810544085989
11357,7294.989475479103
11358,7266.696267018009
11359,6150.78569772456
11360,4079.479067585002
11361,6013.7733023693945
11362,7198.051110239556
11363,6290.7744447545265
11364,4506.669793216429
11365,8285.228118783205
11366,7003.101245366034
11367,9554.509622118232
11368,6490.92187590663
11369,5811.199940015835
11370,5225.141521656954
11371,4651.392593914793
11372,10375.685513053455
11373,5568.157958466876
11374,8280.50262309251
11375,14710.680467717233
11376,7684.773444844749
11377,6050.391708771565
11378,5639.107422562621
11379,4734.639923344295
11380,7994.541761650516
11381,3992.2481205971094
11382,5243.937208400072
11383,9935.683294578217
11384,5840.626347759251
11385,15586.076234191154
11386,13366.071847598207
11387,5266.262263551983
11388,6919.538616325617
11389,6047.622893371416
11390,7161.215308983786
11391,5759.38996446832
11392,11284.807464075642
11393,8164.63326350853
11394,8637.035272112355
11395,4287.94580301156
11396,7501.010393704442
11397,5386.7528325177
11398,8002.822703333382
11399,7317.040628933286
11400,6539.8492471911795
11401,7016.935940022619
11402,6195.873610507524
11403,8854.91343613536
11404,8961.471208517105
11405,6080.865323193047
11406,10086.061656462629
11407,6840.622686371564
11408,8636.52590341973
11409,5765.334135628436
11410,5179.37050248371
11411,5724.600038766693
11412,9824.749777636158
11413,6754.189118618696
11414,8397.351469797102
11415,6730.290563867449
11416,9489.53946539208
11417,4742.574519256152
11418,8252.286413877748
11419,6181.005590709806
11420,4263.837054820625
11421,14085.728885168699
11422,16601.64924859426
11423,7507.877931689055
11424,7614.621383563221
11425,9010.649986341363
11426,10297.024387782356
11427,10705.866533025413
11428,6332.595436371496
11429,7507.431828600717
11430,6203.082825351692
11431,8939.381544018837
11432,4317.415331145875
11433,5747.966219338809
11434,6061.0263195214275
11435,5756.084626609595
11436,7892.353581626691
11437,4852.440969827214
11438,4668.814967449916
11439,7102.560300995261
11440,3886.089103771966
11441,4767.256347636292
11442,6183.561606429385
11443,6710.352787910478
11444,9522.853324619411
11445,8394.275085416486
11446,6540.373996219491
11447,6597.024015777515
11448,6311.095394497008
11449,11013.462474997907
11450,7096.177596150013
11451,6292.61045859379
11452,4675.557787532659
11453,8706.169706287183
11454,4699.274404962646
11455,7343.748747936992
11456,3439.646817890416
11457,4790.193399785131
11458,6991.419597470329
11459,6176.1060546174285
11460,5847.334168181995
11461,8965.232154867146
11462,9563.702703315754
11463,11085.840362462968
11464,6180.882175330786
11465,9757.677579099693
11466,3085.53241807914
11467,5526.081129800974
11468,7268.049830697238
11469,4481.132983534417
11470,8272.558915763873
11471,5419.75682055225
11472,5139.486583947224
11473,9157.78074067878
11474,10189.920275713022
11475,7855.343293252263
11476,5625.645743966492
11477,5174.073005629768
11478,8229.27351835102
11479,8330.904179454717
11480,5635.748993341373
11481,5725.228703730597
11482,7095.619336854576
11483,9026.055815242826
11484,4570.770988361694
11485,5805.84242851376
11486,8084.541051876374
11487,8857.752088585838
11488,12272.421683239232
11489,5565.39942958471
11490,13103.179441721499
11491,6872.6666401752445
11492,5438.550305765544
11493,3501.565784873762
11494,5992.581465772085
11495,6223.122829690448
11496,5689.7422079272965
11497,8479.82303992532
11498,5327.413285805427
11499,4691.1721717408045
11500,7643.659733421588
11501,3774.986071449872
11502,7399.426157063826
11503,7290.735190819076
11504,7518.448736808152
11505,8964.717980921412
11506,5716.606715297428
11507,9245.736245367896
11508,6052.100655087925
11509,5829.074640996765
11510,5638.73878594341
11511,5283.2861742632695
11512,9952.552183279617
11513,6348.876556729142
11514,4644.975012871517
11515,7259.9220119876345
11516,9091.062077713927
11517,7614.021018745016
11518,6132.808423803058
11519,8809.389566019372
11520,5643.556465456483
11521,6666.842462934881
11522,6093.759495467602
11523,9824.595549779766
11524,5835.1382852182
11525,6091.990971815325
11526,6009.028280189016
11527,5464.4901871780485
11528,3972.4731452191572
11529,5915.548510550211
11530,8214.140127501156
11531,8786.706406678752
11532,11199.802357298413
11533,11196.127848096487
11534,8690.699144111979
11535,5829.853383486668
11536,5182.782498570319
11537,10360.17022127516
11538,10256.302042944882
11539,7651.834236851725
11540,8277.137600968605
11541,9166.726849223049
11542,5751.342288646032
11543,3692.5473291599506
11544,10440.550749925746
11545,5737.1930340438275
11546,6407.674596029334
11547,6089.797146997934
11548,2950.100850769476
11549,11295.898392449948
11550,6070.270178862817
11551,6286.988250180688
11552,5611.034042930947
11553,5850.610394291832
11554,6663.960658556735
11555,7531.387378770592
11556,6777.258281135027
11557,5050.301873870457
11558,5312.120333138222
11559,3805.608733452195
11560,3277.8659528611843
11561,7413.037527061626
11562,17898.05833663992
11563,4390.584272333556
11564,6334.256587677692
11565,7011.592160126928
11566,6194.083656758881
11567,5376.334477272473
11568,5411.087789861414
11569,3909.722980038808
11570,7516.9751614916895
11571,7377.742867935566
11572,4259.519972303899
11573,8674.968298225967
11574,5341.80416065806
11575,5195.768342340837
11576,9055.441168920604
11577,7877.728953475144
11578,8720.422437630583
11579,5259.545275503553
11580,6531.930979149825
11581,5006.9218107959705
11582,5490.689809255058
11583,14261.572712137053
11584,9529.378754169738
11585,7086.5335603799185
11586,5584.630592417061
11587,5031.632027231016
11588,6342.337078020026
11589,4509.645810422956
11590,8460.225938666574
11591,5129.746455969165
11592,5367.991165089903
11593,7784.155824656454
11594,5106.057669800817
11595,6302.992826659209
11596,6518.774269296575
11597,7719.602401945121
11598,7329.68827216414
11599,4308.396517929443
11600,5455.393534198206
11601,6837.262359264189
11602,8731.536430987526
11603,8821.969827534824
11604,7372.025208030992
11605,4412.7592272990205
11606,7883.9344026213585
11607,6055.898208975987
11608,4939.324244437021
11609,7658.452738554284
11610,7369.15194657055
11611,6635.0567235498465
11612,6109.978674341811
11613,6576.165751778951
11614,7172.108716334895
11615,5876.094667104157
11616,6977.718486748458
11617,7188.737540269322
11618,6046.674681756322
11619,9028.134180567675
11620,6231.284488956088
11621,5062.3245012290345
11622,12200.344476342152
11623,5931.963162242739
11624,3374.112072543294
11625,8173.598976599256
11626,10570.724911532769
11627,9333.844774788637
11628,4771.565384604523
11629,6454.845931223944
11630,6064.813785330652
11631,7224.501143730759
11632,6336.122869732782
11633,8943.472560731889
11634,3432.7748365904035
11635,6132.287458047305
11636,6271.608239859699
11637,5135.296837764353
11638,5009.566553651271
11639,7010.279571889417
11640,8525.845319797994
11641,5829.210123701635
11642,7730.776221571413
11643,7423.9755707969825
11644,8959.711812503509
11645,4986.503964563508
11646,6562.064054749141
11647,6176.106164263941
11648,7840.020638728063
11649,9255.907021664756
11650,3740.56889596845
11651,8568.337917388557
11652,7393.983526813155
11653,7706.19953604028
11654,4554.807622462719
11655,3819.7746009306875
11656,7841.493425866355
11657,6201.904933010238
11658,8896.77822917178
11659,6889.430595874678
11660,5693.10125323253
11661,8630.6487385939
11662,6372.615828202545
11663,6606.2350344419965
11664,7662.918511445142
11665,5907.53323214225
11666,8462.834815871502
11667,11162.619799715449
11668,7657.192633591532
11669,4905.524261650951
11670,5527.320989923214
11671,4348.9723465106945
11672,3383.5433063809205
11673,8178.320086189072
11674,5887.268548430889
11675,9050.418609768243
11676,4696.702080860348
11677,6210.263256253317
11678,6173.317546636504
11679,8903.910367331942
11680,5328.332353844364
11681,5753.79322659441
11682,5851.673552132641
11683,7579.6589544379385
11684,5652.511701745634
11685,7464.628549066924
11686,8183.638097471125
11687,8126.151117208265
11688,7788.647022022042
11689,7147.47449595156
11690,6364.206426968917
11691,4870.43359384687
11692,5510.939196627469
11693,11277.128322391853
11694,8801.106010019172
11695,7060.7434145816105
11696,16199.091630771816
11697,6182.027244319416
11698,5303.69171492325
11699,6086.234810787663
11700,8960.624789863488
11701,9859.551484331681
11702,7271.0291667861875
11703,7916.60354301182
11704,8516.591088751355
11705,8691.717093540898
11706,6978.4871719998955
11707,6104.243064805157
11708,5234.263381816272
11709,5145.676713980463
11710,3908.257903246626
11711,5378.355283988988
11712,8761.070051374307
11713,16907.412092245973
11714,6461.032916804065
11715,4816.791768237092
11716,7803.5210683589285
11717,4333.006237753423
11718,6548.918346054838
11719,4378.779271037043
11720,8620.955144988175
11721,6527.2330810284775
11722,6981.291792182973
11723,13469.721218960294
11724,12905.926706593402
11725,5453.366369707296
11726,6602.797284583028
11727,4009.8008738369663
11728,5081.282797850987
11729,5388.988439866564
11730,8402.427815215748
11731,4763.809339236032
11732,4710.012302143745
11733,5697.13128185823
11734,5670.911011094984
11735,7905.872106038235
11736,7232.9675266788
11737,3531.9860007532734
11738,7734.237327771851
11739,8258.658825793831
11740,7746.438197350008
11741,5058.844397759627
11742,4515.852885336576
11743,8018.846230026906
11744,4520.303506517456
11745,9586.872009642348
11746,5005.81736472578
11747,5326.744595022275
11748,7493.680972970854
11749,6585.78281899319
11750,4627.888776145158
11751,6358.352723174637
11752,6628.247106622148
11753,9397.475638747375
11754,9702.254612463128
11755,6012.02871975674
11756,3924.987807867075
11757,5347.311459186211
11758,6529.716415425194
11759,4815.943580500352
11760,6387.252703388778
11761,6263.527292470316
11762,10851.197878421075
11763,7476.06475863519
11764,6590.196990958077
11765,7789.039884030963
11766,4537.184520667752
11767,8902.24991810087
11768,5482.21338812738
11769,11937.381859711779
11770,6656.703025549114
11771,5565.437743305695
11772,6322.1869990775185
11773,4651.384514428536
11774,6845.408760161481
11775,19423.619617304616
11776,4352.287959838476
11777,5398.854736817909
11778,10457.00239884003
11779,6498.400503370779
11780,7009.114416005189
11781,8125.6223544594295
11782,6595.511191435592
11783,5332.561343240978
11784,4448.699516298515
11785,9048.092458535164
11786,5950.443102304582
11787,7135.037005488267
11788,7763.65987675568
11789,4361.036536017454
11790,7041.890332359416
11791,6657.791685617929
11792,4132.493931665549
11793,8190.157597558026
11794,9514.555997708427
11795,4274.998779588892
11796,8166.2111441915595
11797,7211.220275350937
11798,5093.849363176919
11799,9230.547700839425
11800,7019.6744544182575
11801,8476.75034058938
11802,5009.398749972161
11803,5226.870799432676
11804,5918.54631373312
11805,4033.2031787933297
11806,7326.066746410313
11807,4322.787022338096
11808,6233.953175252737
11809,4936.6167128441975
11810,5804.310770903462
11811,6168.747338382017
11812,6866.4127438574005
11813,6760.865101132815
11814,8954.212841241002
11815,5916.673174640944
11816,7076.877783180637
11817,5654.446265476644
11818,9059.417493588651
11819,8780.000080984302
11820,6798.81631526456
11821,3603.464188059348
11822,5791.434543136011
11823,7271.126579993011
11824,4141.302816090299
11825,11990.751616059837
11826,5554.528752881295
11827,6450.344419121945
11828,10532.150882120786
11829,6529.38557698036
11830,4329.290467169288
11831,9937.476924520515
11832,9758.932146938598
11833,5391.353536066408
11834,8057.501019538309
11835,9247.579841161216
11836,6686.699421403244
11837,5294.541788403364
11838,7619.705377244643
11839,5461.99776456305
11840,5946.265398991268
11841,7800.990127380555
11842,4851.1763078543345
11843,7417.713831003651
11844,7805.094177134383
11845,6307.037170999292
11846,8106.53624018042
11847,6098.595770330546
11848,6386.717736922115
11849,3904.2794981571597
11850,7493.895191679837
11851,7488.088691627678
11852,6292.895715349797
11853,6259.682143546885
11854,7339.843178132087
11855,9137.208839559868
11856,6460.4714427529925
11857,4946.393463035886
11858,6634.3089952653345
11859,7289.697745452576
11860,6833.166280309471
11861,4552.590578180656
11862,4183.68637535836
11863,7236.737855453153
11864,7206.690936034042
11865,5639.377202191876
11866,8436.673069634202
11867,6809.265017089451
11868,6386.42261825195
11869,5809.0339446128
11870,3340.7857232690612
11871,6791.980977816941
11872,7238.966480599526
11873,6985.051229335008
11874,8874.768498664167
11875,7806.092757117579
11876,4915.003639599976
11877,7926.870872602363
11878,3722.2864612717985
11879,2744.890354472353
11880,7759.667176716792
11881,11549.862407886392
11882,7557.943221441839
11883,7154.085663167037
11884,4468.420135731355
11885,7120.102670873488
11886,8338.789995182336
11887,5805.280865287045
11888,8029.14960520445
11889,5261.48878379103
11890,4603.897749081083
11891,5231.521800597147
11892,6140.66430730972
11893,5968.04223735787
11894,5374.723277175632
11895,5177.386828953404
11896,4316.406231613811
11897,6417.242392266345
11898,7723.451893185041
11899,5571.1666418788145
11900,6051.516535728207
11901,7636.922039564701
11902,5563.631974599355
11903,5899.685585399114
11904,9263.098782250934
11905,7221.586416950066
11906,5915.797866663227
11907,3978.5414596856995
11908,12106.44339249515
11909,6628.782665463613
11910,5862.079333107105
11911,8477.294969045877
11912,7835.160453170547
11913,7413.1090127964735
11914,6443.51643660008
11915,7092.358574012116
11916,10532.25184798997
11917,12756.903398708579
11918,5406.978451725485
11919,4704.640656041905
11920,5727.5087387662
11921,6349.41222080935
11922,6166.5291976197095
11923,7241.7321923984655
11924,8947.341182959444
11925,5798.470639243399
11926,4290.985149965772
11927,5693.114253228067
11928,7990.806707641256
11929,5406.139248172767
11930,7498.882739262909
11931,3913.5005895821273
11932,7856.786524881515
11933,7115.798271370846
11934,7553.465981660386
11935,8513.173210795208
11936,6603.479596243916
11937,4349.600395877505
11938,6794.286384947768
11939,8172.253978985272
11940,8619.50687991882
11941,7808.450709435083
11942,7948.698900258862
11943,6335.730984001244
11944,4676.633242443269
11945,9548.120070194922
11946,4554.63499892343
11947,9948.215885669262
11948,6250.03957439125
11949,4504.469791598956
11950,6684.45361814156
11951,6080.7825872330395
11952,7434.882260538806
11953,8428.309521152982
11954,4108.259471355253
11955,4930.006384764317
11956,7487.190620235932
11957,8292.996681476598
11958,9388.865021989004
11959,5671.651512395257
11960,5647.975593755207
11961,5878.661358880398
11962,6703.805609215015
11963,5723.2267641618055
11964,10679.429483466536
11965,9074.622409602836
11966,11036.644098805611
11967,4373.1191028595385
11968,6450.470446953355
11969,8897.409931444538
11970,7710.580421363458
11971,5474.242795227114
11972,10607.373589678917
11973,6250.216301918473
11974,5719.654497112408
11975,5448.784848415163
11976,5149.413848056847
11977,5263.134275479279
11978,5965.1555167188135
11979,4691.729173290853
11980,5302.15256232061
11981,8625.37272263235
11982,6573.636582753429
11983,21941.44051000224
11984,7197.984761413633
11985,4364.838789388248
11986,7765.026849748965
11987,9475.09969284072
11988,7678.840576080385
11989,7497.578401289725
11990,5865.579206251795
11991,7967.2912533047665
11992,8190.322050228581
11993,5106.311523437105
11994,5867.604056921278
11995,7164.281777301411
11996,7847.849073557259
11997,7422.0321521480255
11998,8749.376145320444
11999,5630.467726574817
12000,4843.505002884192
12001,5746.746041147355
12002,9950.304683033304
12003,11485.404814673877
12004,10214.167790500229
12005,8276.08699828076
12006,5221.282797382654
12007,6134.094778865242
12008,4228.055108952566
12009,8373.378708709592
12010,11389.365674085935
12011,9087.568261291099
12012,6141.315550168118
12013,5504.346145876356
12014,4457.362174534323
12015,5932.819495934402
12016,10572.39472181365
12017,6940.527378671574
12018,5633.8380807370695
12019,5225.1522118652265
12020,8186.005160805371
12021,3716.8970160981776
12022,7446.124922176871
12023,4481.547985658106
12024,6683.047091326577
12025,7195.638839835402
12026,5829.975683740211
12027,7929.381861814216
12028,6540.259985180004
12029,4935.245674353754
12030,7100.447625156971
12031,7514.882229521346
12032,11963.495610067912
12033,6203.920199847599
12034,8049.940035262307
12035,7254.9833166530825
12036,9318.603903531764
12037,6824.397108867361
12038,9731.4384636007
12039,4571.972776562528
12040,5295.2503726467285
12041,6602.9679044302175
12042,6251.923457605754
12043,9245.52049466776
12044,7856.499901284365
12045,5585.731642746822
12046,7888.846224078436
12047,6224.70347007386
12048,10504.839162646698
12049,3884.880838190438
12050,13921.32919248804
12051,5260.182602210913
12052,5989.935842769231
12053,9072.40918530674
12054,4984.057173369872
12055,6605.295297242907
12056,6421.797183382982
12057,8251.8767600973
12058,5782.219411961625
12059,5461.524115597784
12060,7231.11137806336
12061,8115.510676666765
12062,7801.603403065077
12063,4945.074607748894
12064,7663.295030197616
12065,11115.344786498781
12066,6968.387573264532
12067,4723.131537208819
12068,7270.7777283087535
12069,6081.387898189664
12070,6082.043320448592
12071,7150.651919891117
12072,4156.40025308659
12073,8457.675323852498
12074,6373.472874785626
12075,7469.9760285697685
12076,7455.630860703683
12077,4391.828848081236
12078,6962.6614465058
12079,5013.028737830622
12080,8522.162538669218
12081,8825.837604012822
12082,5205.50513074791
12083,5232.857779497853
12084,6862.246687043768
12085,6155.883325678204
12086,6138.166775061426
12087,7859.568972276312
12088,6242.4566476569225
12089,7995.676543108837
12090,5811.728829489114
12091,4675.5603842539
12092,6934.940114036461
12093,8531.255486656368
12094,8162.171602052863
12095,8640.007519084544
12096,8526.565788241835
12097,5653.920025823306
12098,9183.511670172906
12099,6149.889690579257
12100,7511.014795991283
12101,9412.081919815424
12102,6264.308080650577
12103,10553.521026537237
12104,8159.653442638376
12105,7513.507021425692
12106,6394.663421942511
12107,7472.388810891617
12108,7942.464835479407
12109,6336.512329005475
12110,3636.167554488222
12111,5647.793153616995
12112,7904.731936219258
12113,6312.679272328977
12114,4437.313258546992
12115,8968.739645685111
12116,6477.368668315726
12117,5564.9178147738285
12118,6708.436305698533
12119,5786.689707521199
12120,8109.882599663435
12121,7912.947469745976
12122,6788.067486877105
12123,5738.350373303436
12124,5972.241210060687
12125,7015.670147679993
12126,3785.5851401553623
12127,6500.5721380320065
12128,5523.71789910222
12129,8917.603982041393
12130,7007.060361853146
12131,6128.684131715398
12132,10370.51299460464
12133,5188.932509462285
12134,5324.991014304445
12135,11001.072140722854
12136,7104.722430564569
12137,8638.74347665434
12138,7953.665170572012
12139,5992.006863147604
12140,6511.6182284778715
12141,5182.713120741174
12142,8731.643499117621
12143,11800.522666440163
12144,6665.35645948324
12145,3499.595447040015
12146,4979.8331998762715
12147,9033.916533739084
12148,8836.886052166807
12149,6120.472653154218
12150,7169.235328961143
12151,5546.932001134619
12152,5431.916692916084
12153,3338.417086088547
12154,5531.935706853053
12155,6573.326030369101
12156,7142.659718898938
12157,6949.972115458063
12158,7726.313010240081
12159,8274.560036981666
12160,9636.6386517351
12161,8364.887293357784
12162,4667.53829460849
12163,9510.753788690045
12164,11062.055715705303
12165,6051.906253216604
12166,7976.826286690577
12167,6085.245945049132
12168,6850.135532682728
12169,4210.839156388922
12170,7467.2908270963235
12171,5484.8632974150405
12172,9084.917360580894
12173,7795.643504947045
12174,8834.238953430433
12175,8416.407243790698
12176,5880.506325425996
12177,8635.346136570839
12178,19701.037037031274
12179,10403.648018029535
12180,6122.967460504635
12181,3160.128988651332
12182,6264.4353375764695
12183,9128.239054139152
12184,5738.22389549765
12185,12265.015561975692
12186,20276.897103644234
12187,3677.383925607295
12188,5571.971163287449
12189,9760.003922937794
12190,5431.725366305843
12191,8927.061592186446
12192,7094.438649128014
12193,8082.565594867512
12194,4456.43628013361
12195,6540.780412893278
12196,6033.717448570765
12197,7950.320130835549
12198,8853.402363626077
12199,6321.346010201789
12200,6118.378094845241
12201,6946.989114165411
12202,4968.563596599307
12203,5082.156588575322
12204,7456.350044159626
12205,6017.901612310095
12206,5981.417679581563
12207,7655.922265781522
12208,6323.699179277235
12209,6158.3285075215
12210,7621.766467246789
12211,7181.370374521111
12212,8500.52082316802
12213,7157.979801119526
12214,7462.6943242237385
12215,5935.8809497234915
12216,3695.7329144409996
12217,6363.443044791931
12218,7855.264296180565
12219,6285.465131859388
12220,4554.987278978405
12221,9020.336548208761
12222,7765.490586271761
12223,9628.336296562773
12224,7162.265317261025
12225,5852.960954931263
12226,5674.451042754371
12227,4734.851478152926
12228,10488.234575265677
12229,4835.074520583964
12230,7824.573186444157
12231,16278.934950438199
12232,7794.07796320401
12233,8540.598653724783
12234,5384.410114142202
12235,4838.741707048024
12236,7347.847993453506
12237,3992.6324094246743
12238,6100.809124487979
12239,11363.312440074049
12240,5583.234385257704
12241,17092.44784776788
12242,14703.044038536626
12243,5010.485445011813
12244,7149.576275469433
12245,6475.425003974252
12246,7237.179821852946
12247,6010.552307184047
12248,11446.987124022198
12249,8134.825293734917
12250,10060.754736498575
12251,4374.996077894127
12252,7718.71266300983
12253,5004.199956726518
12254,8020.9986669148675
12255,7312.823287471539
12256,6448.573325329938
12257,6779.476226630911
12258,6247.6037028026985
12259,8442.139593852993
12260,10425.167130281498
12261,5780.261314211041
12262,10558.919975473944
12263,7172.349060988443
12264,9771.203726882733
12265,5890.151039335546
12266,5361.410103422545
12267,5879.583765744623
12268,10219.645345310355
12269,6537.78227639221
12270,8489.205722655797
12271,7065.193490008232
12272,9436.08814541415
12273,4578.841567137879
12274,8844.763935422638
12275,7119.147040759503
12276,4540.59251659437
12277,14258.02482314951
12278,17874.495800692042
12279,7253.66662035477
12280,7604.4585463109315
12281,9918.94231664561
12282,10962.146415102368
12283,11878.362818056856
12284,6204.2869304996475
12285,7951.443602367864
12286,6266.243771194841
12287,8835.117235264313
12288,4173.355989488482
12289,6061.26765356248
12290,5764.854498604991
12291,5799.390907018394
12292,7757.890409693339
12293,5348.3437771353965
12294,4982.943213505907
12295,7075.74608164176
12296,3696.816173155303
12297,4680.572948268696
12298,6583.48893961138
12299,6712.42282896363
12300,9498.894066916699
12301,8160.528699373927
12302,7264.576478290778
12303,6516.268734372532
12304,6400.760098563437
12305,12441.31421891867
12306,7927.128425404563
12307,5651.4056814898595
12308,4758.87501278786
12309,8294.9843908551
12310,4688.913602363038
12311,7512.930486436231
12312,3722.8373659435733
12313,5447.465337813231
12314,7422.021744375208
12315,6108.574580122028
12316,5367.386493261047
12317,8957.32009549876
12318,10420.46700964184
12319,12316.43783547546
12320,6298.632539303328
12321,9245.58843917716
12322,3161.1424854520433
12323,5266.872392692133
12324,7015.390481643885
12325,4418.3538369681755
12326,8182.114356255023
12327,5603.601148023175
12328,5267.6444498269975
12329,8992.287156982911
12330,11503.531161639083
12331,10002.300954706148
12332,5624.289769590744
12333,5276.672648001533
12334,8868.117087486191
12335,8053.067092982186
12336,6623.944940462857
12337,5265.76140181201
12338,7009.6535092083495
12339,10828.344754554397
12340,4417.727216048252
12341,6537.39214060866
12342,7928.999605473412
12343,8591.231134320096
12344,14130.213470109122
12345,5292.7233446850305
12346,13754.871471686578
12347,6765.866592707471
12348,5623.690753270643
12349,3989.48338805968
12350,6365.102974468544
12351,6059.029691775722
12352,5849.898795532939
12353,7604.134011959026
12354,4890.556065275469
12355,5279.912431755587
12356,7506.793064452034
12357,3678.821958492044
12358,7512.720424615258
12359,6944.861560240019
12360,8017.630917602889
12361,9251.77434314733
12362,5767.523828988295
12363,9188.439245699466
12364,6143.806955907337
12365,6056.78463942753
12366,5190.768084447399
12367,5458.112510585954
12368,10895.288149099844
12369,7224.934963962107
12370,5042.1063101256195
12371,7553.0661531551505
12372,9183.480054926995
12373,7791.346957663665
12374,6204.792771612872
12375,8794.690375060747
12376,5623.707682458288
12377,6075.217796268578
12378,6189.270812345087
12379,9037.247750104223
12380,6834.155977126329
12381,6509.709834467266
12382,5647.932654292401
12383,5187.2957520647005
12384,3776.113580732732
12385,5669.039637495364
12386,8154.736268438284
12387,9219.543409997852
12388,10883.411960285355
12389,11665.085311815268
12390,8563.928030508081
12391,6164.536873666487
12392,5576.861312541469
12393,10930.589768285305
12394,10376.451623964167
12395,7300.743169889454
12396,9198.085834610583
12397,8885.310806431908
12398,5860.681237060328
12399,4068.8017467136206
12400,10555.088295653
12401,6049.02952735443
12402,7020.151640131603
12403,6117.944911991281
12404,3312.1846926241838
12405,12540.870403491965
12406,5964.552751034672
12407,6211.931120170588
12408,5175.236250344099
12409,5716.102263748824
12410,7328.977345188444
12411,8293.16122220542
12412,6690.010952095645
12413,5413.760688601402
12414,5210.5957467155995
12415,4251.084982788187
12416,3444.805749409377
12417,7499.460579481399
12418,18230.110049801897
12419,4974.143839251667
12420,6211.3186687886355
12421,7047.30014846821
12422,6136.774457836788
12423,5818.97939346237
12424,5120.50496075359
12425,4286.140811903859
12426,7085.146658453922
12427,7458.703704808529
12428,4079.0703009125314
12429,8743.141999130221
12430,5447.9202726254725
12431,5046.527789416861
12432,9349.502187148913
12433,8373.814100605647
12434,9792.3478240773
12435,5728.012600903145
12436,7240.846495065499
12437,5006.758597727755
12438,5697.856154727811
12439,15443.848153841764
12440,9720.36039699701
12441,6971.165815152233
12442,5993.30553744911
12443,4794.94472653794
12444,5839.769606430038
12445,5764.940908492875
12446,11474.194126552939
12447,5371.056858741823
12448,5632.3020925088595
12449,7507.309316682463
12450,4787.893821723916
12451,6617.550512907502
12452,7315.314826508649
12453,7701.88302579291
12454,7075.708962909564
12455,4341.5570727407985
12456,5471.320046050897
12457,6513.9999621136385
12458,9365.932744143958
12459,8764.264703603121
12460,7198.112419066517
12461,4439.090206767395
12462,7697.304024211065
12463,6508.627974206744
12464,4991.030170105721
12465,7504.2885126818155
12466,7596.660819772922
12467,6852.112166050906
12468,6288.159263495643
12469,7093.499039488748
12470,6813.336463205214
12471,6075.912253950824
12472,7365.735177341845
12473,6385.759414166894
12474,6084.333067354948
12475,9186.638896954173
12476,6005.187234190322
12477,4957.218013143654
12478,12383.144567265523
12479,6854.685171412503
12480,3569.6401883145522
12481,8338.578083646224
12482,10632.442997552462
12483,10891.187763600903
12484,5133.563305129564
12485,6427.311277791914
12486,5884.651082490528
12487,7510.66479499365
12488,6181.0048641631765
12489,9290.18789549266
12490,3566.9576938469063
12491,6676.016144130969
12492,6656.996934016722
12493,5711.522890256523
12494,5203.594365958997
12495,7081.6758119957485
12496,8931.058493453713
12497,6138.650320298145
12498,8429.852798882586
12499,7241.492869522905
12500,9088.894797715633
12501,4697.744450046976
12502,6476.308143969916
12503,6409.457729923811
12504,8200.805070750504
12505,8746.539154827393
12506,5493.215560498205
12507,8464.942095598128
12508,7454.115490319186
12509,8302.317238092382
12510,4595.843896520553
12511,4277.579583164988
12512,7928.438329106196
12513,6617.283845997701
12514,9210.113890046248
12515,6950.415991725864
12516,6307.529760202253
12517,8769.967513216016
12518,7268.9665594724
12519,7002.986319519762
12520,7857.896180587195
12521,6362.847234482472
12522,9403.164348946291
12523,11453.541187500867
12524,7793.493932020168
12525,4897.051236342494
12526,5633.01196777129
12527,4185.899089312538
12528,3449.7602423209146
12529,8782.723894863298
12530,5399.974464085185
12531,9132.594201993265
12532,4432.638723869213
12533,6305.893753703825
12534,5940.769846955073
12535,9944.62623434322
12536,5044.422641498829
12537,5160.943309316802
12538,6020.666321564654
12539,7970.465900288879
12540,5596.558419905337
12541,7536.963496065184
12542,7591.862322461222
12543,9011.540215201174
12544,7804.285127409922
12545,7585.88456736966
12546,6260.703950697874
12547,4944.962636547435
12548,5238.647077825736
12549,11020.549292710823
12550,9612.465921784797
12551,7570.526046482751
12552,15559.701327379918
12553,6466.576682499605
12554,5645.4656554046815
12555,6818.174763042352
12556,8919.280256017126
12557,9902.29305897129
12558,7137.202481586923
12559,8815.930637258487
12560,8655.861230298204
12561,8643.820978681151
12562,7009.45743696666
12563,5982.930140471388
12564,5190.989231753375
12565,4886.891884197448
12566,4234.50491629356
12567,5681.069087374431
12568,8984.722672075524
12569,17044.00096267372
12570,6642.481604916364
12571,5161.138205841653
12572,7835.164483716296
12573,4256.733405144769
12574,6493.124902429099
12575,4556.5429835847035
12576,9449.13947811472
12577,6453.801871313488
12578,6454.743475836051
12579,14473.4146633824
12580,12095.832321551788
12581,6039.170176282216
12582,6931.945533174891
12583,4205.086435858297
12584,5288.632047756593
12585,5746.032437070992
12586,8566.298988203189
12587,4910.100890100538
12588,4398.672303738265
12589,6180.614129767068
12590,5908.186774578482
12591,7694.575642221444
12592,7552.478754551288
12593,3611.2261786450017
12594,7376.470123045032
12595,8690.55895652191
12596,8049.295328684229
12597,5342.578889253307
12598,4601.298530302231
12599,8599.589734653493
12600,4371.405460380187
12601,9935.032876355514
12602,5204.465624001103
12603,5367.161718105424
12604,7425.804979480013
12605,6829.447938689999
12606,4521.499076759595
12607,6341.722530958684
12608,6847.39298388102
12609,9242.684776648428
12610,9946.267823180659
12611,6004.518371508188
12612,4214.3234453972855
12613,5664.6468876621775
12614,6903.447329892895
12615,5174.929481113078
12616,6668.961639307166
12617,6375.912199516728
12618,11061.311816656615
12619,7580.443454182496
12620,6657.260366754243
12621,8503.823714665186
12622,4773.85992763117
12623,9191.747384298244
12624,6116.100175414398
12625,13865.68357656885
12626,6464.637899724398
12627,5411.609680168021
12628,5874.479875381648
12629,4413.928521542424
12630,7392.3148353468605
12631,18540.954553044565
12632,4398.261347876492
12633,4851.775587793106
12634,10321.797155533293
12635,6786.20290719147
12636,7179.523278598187
12637,8176.7303020811
12638,6742.067902955114
12639,4896.933509198755
12640,4948.245280190507
12641,9710.503848490467
12642,6093.5093155743225
12643,7734.579279675443
12644,7695.978475103658
12645,4455.049497167071
12646,7015.55850471607
12647,6354.559788462263
12648,4202.556252284662
12649,8988.72183526435
12650,8852.802006552309
12651,4425.501772762422
12652,8267.551109508106
12653,7129.543962467135
12654,4953.711776641047
12655,9044.801039605607
12656,6682.564583722099
12657,8390.737977386565
12658,5083.230737608154
12659,5403.6940854863315
12660,6544.721697534755
12661,4122.897483542768
12662,7604.775188716699
12663,4615.13952281004
12664,6135.422071197095
12665,4905.779830352724
12666,5956.177212132653
12667,6486.633316484527
12668,7235.602924467608
12669,7183.867770050958
12670,8467.36004481091
12671,5789.331986862638
12672,7649.8658266562425
12673,6380.766555121292
12674,8427.719469658987
12675,8999.751277373007
12676,7208.534947006861
12677,3403.669797825979
12678,5772.030918070215
12679,7757.953961167539
12680,4258.277474733839
12681,11348.739453017964
12682,5549.394531007698
12683,7390.555156448733
12684,11079.020713533664
12685,7177.210052024328
12686,4378.425824792639
12687,10051.07707653295
12688,10096.874028333592
12689,5351.608135242621
12690,9058.591356228513
12691,10424.314431042658
12692,5877.180763018655
12693,5273.4036345173445
12694,7273.601707428078
12695,5747.474673944977
12696,5821.532674313404
12697,7323.858430921259
12698,5095.856578739996
12699,6571.485101421561
12700,7519.4018522675715
12701,6983.40403721431
12702,8620.822407835489
12703,6505.226643247041
12704,7108.775457115127
12705,4557.785572103156
12706,7440.49999102489
12707,7188.987784511479
12708,6642.355283040885
12709,6535.37040720968
12710,7369.129345024724
12711,9863.962050186006
12712,5947.178788724226
12713,5288.551511806566
12714,6754.513423303448
12715,7416.437754951002
12716,7103.254997556266
12717,4681.964465011756
12718,4414.754118860363
12719,7468.835793561594
12720,7133.031903136127
12721,5710.298978406947
12722,8616.452618755677
12723,6383.313230027305
12724,7026.306343641628
12725,5680.1560401945435
12726,4174.516996357357
12727,6852.454876353848
12728,6837.3785410609835
12729,7101.4212395482
12730,9749.926073829338
12731,8564.81460387603
12732,4901.043241543801
12733,9154.404527358813
12734,4133.752316915791
12735,3298.5963807203866
12736,8259.186963198686
12737,12060.697160852993
12738,8240.213262448387
12739,7547.9376576319755
12740,4765.488993036573
12741,6980.896482098663
12742,9411.686166333193
12743,6283.53365097504
12744,8450.418617279909
12745,5557.456845997386
12746,4937.1616803165725
12747,5186.103224670754
12748,5739.304490560621
12749,5925.024531562993
12750,5231.430582192335
12751,5202.388835795499
12752,4298.144273898998
12753,6538.344467873635
12754,7200.697323693347
12755,5458.356440295872
12756,6539.243227731326
12757,7428.6846401726825
12758,5974.315562793056
12759,6133.155730375399
12760,8938.514877453896
12761,7695.999410505943
12762,5761.705457254902
12763,4029.223423855216
12764,11893.3488664688
12765,6583.593423979259
12766,5932.379594735422
12767,8655.066628141767
12768,7792.047504870349
12769,7991.421618884701
12770,6260.3290668400205
12771,7492.352225700231
12772,9511.477262072824
12773,13409.649633037663
12774,5427.745250509303
12775,5010.625553144732
12776,5666.40150073773
12777,7381.021063102764
12778,5978.931329003771
12779,7336.917603013598
12780,9475.986306667568
12781,5932.618620932107
12782,4648.099852289094
12783,6013.120319977453
12784,9061.337596439038
12785,5003.354885478513
12786,7678.4747400874185
12787,4051.970878862095
12788,7548.854032818336
12789,7804.325400853292
12790,7789.8624647878905
12791,9451.00896729459
12792,6646.3384827109885
12793,4103.515162536873
12794,6924.640206794393
12795,7520.838354194057
12796,9151.99721755872
12797,7998.113541521116
12798,8199.089555369148
12799,6681.749881800974
12800,4749.002856627441
12801,10090.61225230866
12802,4516.393693950474
12803,10112.2497085859
12804,5991.438956218135
12805,4331.923143293345
12806,7179.233713621716
12807,6434.003345012311
12808,7470.552031780785
12809,8848.465583841553
12810,4472.306221286114
12811,4805.68492566114
12812,8065.656128665482
12813,8763.546844609291
12814,9343.260330384053
12815,5428.6673317867135
12816,6359.022979726292
12817,6665.375295487928
12818,6811.317352994645
12819,6067.615053105056
12820,10142.554833349915
12821,9014.353952726853
12822,11098.45770706079
12823,4102.3967653627415
12824,6384.446057027981
12825,9154.48429739093
12826,8718.546760705816
12827,5508.578094130915
12828,11077.934944511093
12829,6591.376113760006
12830,5644.76309545261
12831,5252.637883458377
12832,5272.566878438213
12833,5540.226908253944
12834,6083.884464935371
12835,4687.79579071228
12836,5377.08646029207
12837,9257.211206459593
12838,7398.964091426412
12839,22547.457336709052
12840,6852.047459542969
12841,4599.9788987193615
12842,8403.55606289703
12843,10118.204720805647
12844,6996.840322796406
12845,8051.318717923468
12846,5817.852317667044
12847,9006.271625826217
12848,8735.67234787912
12849,5427.625720498869
12850,6115.96226672667
12851,7479.885953709407
12852,8295.122304687298
12853,7165.3504927976355
12854,8660.794336146466
12855,5843.316981164454
12856,4774.353853115171
12857,5905.418019887501
12858,10939.143538642193
12859,12066.801828115525
12860,10841.814603533092
12861,8814.690152311647
12862,4643.11457275843
12863,6383.197305046526
12864,4585.507324317851
12865,8860.498563611443
12866,11773.049048739318
12867,9691.678448647091
12868,6671.416109866925
12869,6282.578079968217
12870,4258.4127463572595
12871,5854.741303308972
12872,11885.252445854985
12873,7325.921371452952
12874,5464.797692120845
12875,5529.941803368713
12876,9170.821608539096
12877,3941.4757342017297
12878,7975.710730948871
12879,4732.9627780899855
12880,6597.140765832431
12881,7072.841154117847
12882,6176.2906922667125
12883,7712.982067299858
12884,6783.549268383182
12885,5364.211250221353
12886,7454.142439834402
12887,7926.559891079057
12888,11724.441494433713
12889,6168.7507449352825
12890,8663.010354012587
12891,7773.070329988873
12892,9535.934529788878
12893,7156.413400191929
12894,9682.984162931682
12895,4722.750227738085
12896,5334.4958868297745
12897,7166.645964668556
12898,6450.9696502144525
12899,9669.25685033377
12900,8030.766845771854
12901,5988.57721650579
12902,7472.20007740826
12903,6883.2867054411245
12904,10290.484103050892
12905,4311.301113007789
12906,15921.498044406351
12907,5473.014703728569
12908,6272.272083411414
12909,9809.44634099735
12910,5136.104927559942
12911,6855.753620591872
12912,6716.697705525101
12913,8464.216463097027
12914,5632.242967751392
12915,5427.616419605401
12916,7383.038617425825
12917,8160.634300699145
12918,8342.82602485204
12919,4757.2948193228685
12920,7870.050829203125
12921,11420.853003670345
12922,7533.302737501904
12923,5168.993447552884
12924,7254.128496639356
12925,6235.255504756666
12926,6276.922976683479
12927,7629.976918685656
12928,4456.013996991933
12929,9144.154713890943
12930,7265.599489487249
12931,7767.538767540836
12932,8642.033884595698
12933,4981.91926861041
12934,6593.469959369447
12935,5428.3633315593925
12936,8864.738217192944
12937,8992.602274062656
12938,5284.094277311381
12939,5237.171652547829
12940,7094.191151396064
12941,6264.120251158302
12942,6445.9828264066155
12943,8522.208083143923
12944,6651.926804817647
12945,8426.984014058173
12946,5663.8244454211745
12947,4948.527113885829
12948,7426.6324506842475
12949,7965.51070815283
12950,8582.734328236742
12951,9043.877042449498
12952,9394.283984211675
12953,5931.644273366999
12954,9541.066178787316
12955,7132.94494372004
12956,8209.65178161585
12957,9470.035486052297
12958,6621.153331132212
12959,11128.532537731116
12960,8938.574999079816
12961,7916.759947525304
12962,6157.709794515054
12963,8103.853385331249
12964,8222.834850966065
12965,6731.146676405493
12966,3838.3477352738146
12967,5971.02736137981
12968,8443.577156236912
12969,6775.1712325889475
12970,4665.508093429833
12971,9324.21219893941
12972,6851.457135997398
12973,5846.072824449944
12974,7090.701223990931
12975,6083.62999604464
12976,8526.285978326234
12977,8443.770683303843
12978,7088.537085950163
12979,5347.1691100852195
12980,6257.745797459885
12981,7641.487613414163
12982,3893.3569098230055
12983,6715.007922457977
12984,5747.882789929679
12985,9315.322673428685
12986,7592.325801621361
12987,6561.831025523099
12988,10741.906124867164
12989,6770.837687147258
12990,5372.040788991317
12991,11983.774815270137
12992,8298.059982036397
12993,8327.76750512725
12994,8609.554986372286
12995,5184.805418389894
12996,6538.867230886678
12997,5473.814665997782
12998,8688.989683987427
12999,13189.652579734082
13000,6549.414340912916
13001,3595.5410779473
13002,6089.8219776093765
13003,9713.925559743677
13004,9532.142238678429
13005,6423.170003573161
13006,7497.703142642831
13007,5531.56029015003
13008,5200.317641950815
13009,3670.7198589818263
13010,5643.374985514467
13011,6695.3912721328825
13012,7500.720612017892
13013,7190.169758989913
13014,8239.74808299653
13015,8569.052640270296
13016,9813.562237699141
13017,9166.62040975633
13018,4911.8788535695685
13019,9998.934451819576
13020,12544.68290129
13021,6281.697770727065
13022,8316.831981994399
13023,5897.673461038508
13024,7431.380942393623
13025,4258.8166696328235
13026,7870.692897941274
13027,6156.942723537104
13028,9483.985888516174
13029,8410.519137179861
13030,9057.539754476054
13031,8935.835254186224
13032,5884.8699727507
13033,9092.218056885078
13034,20000.662403786282
13035,10963.11898546932
13036,6599.316713703989
13037,3203.609523135005
13038,6798.1217822298395
13039,9184.588538354681
13040,5729.537370539368
13041,12104.823973496656
13042,20678.86744271226
13043,3940.048441247983
13044,5788.989845806691
13045,8582.602841470982
13046,6313.498247033403
13047,9787.279538267405
13048,7162.8333051935815
13049,8573.3568165133
13050,4245.034895182469
13051,7151.803636450119
13052,6645.781984748819
13053,8600.15498555222
13054,9216.195369300563
13055,5899.461447573801
13056,6222.9654083918085
13057,7168.105257056687
13058,5537.7321484360855
13059,5396.0785597386775
13060,7791.049100526673
13061,5495.913804772879
13062,6245.293885201149
13063,8530.391807708935
13064,6350.9789643334925
13065,6428.016946736591
13066,7813.356315258767
13067,7629.300994982645
13068,8559.96628520952
13069,7754.881939107712
13070,7469.4290477314435
13071,6302.222166140437
13072,3757.5455445038747
13073,7054.935580102416
13074,8189.02573404874
13075,5984.190437126101
13076,4634.227237557637
13077,9585.739201234055
13078,7761.832429362365
13079,9958.935084388524
13080,7694.421223370162
13081,5901.656138196929
13082,5707.4253088888345
13083,4977.71459886608
13084,10577.2514517097
13085,5028.626209009216
13086,7902.819114324245
13087,16797.35585904955
13088,8007.7805182585735
13089,6752.156802418879
13090,5167.676227712492
13091,5248.197755527067
13092,7234.115451282728
13093,4025.9948138345344
13094,6364.776085248341
13095,11614.640700945467
13096,5548.719609571432
13097,17993.625715741688
13098,15541.81447631023
13099,4967.4288257989865
13100,7402.022521377489
13101,6222.885603729571
13102,7822.257179348917
13103,6417.224745586911
13104,11633.901153234188
13105,8355.189677072165
13106,10208.48149383569
13107,4478.429764897385
13108,8211.844492340239
13109,4654.265432377336
13110,8152.258973833782
13111,7191.675755050871
13112,6627.433699109246
13113,6595.094278259469
13114,6169.600229167271
13115,9160.271916925862
13116,10256.22299809667
13117,5914.442145832379
13118,11796.563844799552
13119,7144.211472192831
13120,10072.81627070221
13121,5547.509618132869
13122,5851.4102723333435
13123,6157.646047166792
13124,11218.796164001687
13125,6709.085848249409
13126,8271.37255350859
13127,7541.536098411247
13128,10124.131756403624
13129,4621.412435884868
13130,8900.78957941893
13131,7095.68415801298
13132,4556.2369005476685
13133,15757.859671937584
13134,17672.97923908734
13135,7910.430647535681
13136,8162.204938805257
13137,10093.310408470246
13138,11521.925682549956
13139,12569.988322306299
13140,6376.246933085817
13141,8489.509615501765
13142,6467.818976280204
13143,8790.28845412871
13144,4428.060149725169
13145,6426.808901334835
13146,6162.4176455383595
13147,5847.768331845222
13148,8336.176367747728
13149,5433.729885906949
13150,5235.244266106689
13151,7228.596665318028
13152,3590.9612450811806
13153,5046.639728454803
13154,6441.327142041502
13155,7477.025443249776
13156,9731.093736954519
13157,8485.614152627222
13158,7540.1449495175675
13159,6469.650013421918
13160,6672.415492537695
13161,12641.721898791757
13162,8326.078979098822
13163,6116.259299633003
13164,4888.443534685424
13165,8502.634309856787
13166,4933.5815826805
13167,8156.455310443835
13168,3653.748262732932
13169,6137.216183006106
13170,7598.6116170443975
13171,6080.083845480762
13172,5603.031176901382
13173,9177.590942603172
13174,10070.848961867989
13175,12817.738765463404
13176,6622.129451770879
13177,9318.214674974342
13178,3486.7112922297893
13179,5754.0894978584965
13180,7431.988572878567
13181,4565.073166365788
13182,8670.589730581436
13183,5850.690762360377
13184,5686.256776110937
13185,9664.927881320837
13186,12121.472831130639
13187,8530.880434130884
13188,5832.279257561522
13189,5405.058783309326
13190,10694.045083841378
13191,9051.406756287628
13192,6875.613669472202
13193,5226.291447364326
13194,7337.668045889425
13195,10682.390943309942
13196,4896.121633457865
13197,7185.490693703974
13198,8419.20848748527
13199,9401.961972185518
13200,14420.937178802373
13201,5830.734418707496
13202,15191.78582774404
13203,6785.913867011857
13204,5940.617363677142
13205,3834.196617208293
13206,6932.700359268169
13207,6068.733733973994
13208,5673.534843553266
13209,7781.875954410693
13210,5030.575493587516
13211,5087.009710768423
13212,7862.954948499468
13213,4098.163152236079
13214,7955.351611070364
13215,6938.3102951516885
13216,8460.857569664871
13217,9670.665818380387
13218,5695.724420844676
13219,9462.523630810583
13220,6612.311265623682
13221,6295.530680396897
13222,5401.578093594897
13223,6592.017674670681
13224,11447.94781449726
13225,7445.318155384224
13226,5121.765021983237
13227,8568.689069997063
13228,9366.650298453442
13229,8005.047961076733
13230,6723.885129638937
13231,9791.080650674558
13232,5693.803998696958
13233,5829.84902684641
13234,6437.801109858532
13235,9399.471875631354
13236,6119.403794587592
13237,6509.964051177842
13238,5945.963886480484
13239,5555.547361338516
13240,4050.101091137916
13241,5083.806981959718
13242,7822.685628609985
13243,9457.352797722962
13244,11892.140287624097
13245,12084.961765352444
13246,8680.796541476164
13247,6605.370968875202
13248,5590.808232236957
13249,11745.36471837517
13250,10650.087021020938
13251,7373.635371508529
13252,9640.312687401316
13253,9237.222682033578
13254,6141.81058609659
13255,4263.585119578505
13256,11148.687030557354
13257,6390.9122905251525
13258,7823.8098460234905
13259,6371.821288328978
13260,3303.115675062994
13261,13120.384966047432
13262,5717.695701036913
13263,6309.809759773966
13264,5325.8159314209115
13265,5980.859460924259
13266,8071.557173701398
13267,9153.597134091835
13268,6647.908539682592
13269,5567.042652600032
13270,5117.164920784957
13271,5181.45481286081
13272,3543.0947989467427
13273,7894.9664786842395
13274,18224.822740927648
13275,5214.906335534203
13276,6315.20871081851
13277,8284.246157720398
13278,6011.206641724996
13279,6240.254770505685
13280,5171.32476688762
13281,4820.246910754301
13282,7221.850525698496
13283,7812.777082833076
13284,4445.90304786883
13285,9108.146970892689
13286,5843.120721013279
13287,5084.763648308746
13288,9945.257135231788
13289,9252.409456139376
13290,10240.260299848422
13291,6083.2111315107995
13292,7241.883159366528
13293,4909.278690326003
13294,6070.262063654983
13295,17592.187815482408
13296,9905.690696987689
13297,7020.7164990215415
13298,6081.074781224624
13299,4720.754892034729
13300,5661.239647236784
13301,5066.412760466062
13302,9916.897452868323
13303,5240.107964844227
13304,5714.664752851212
13305,7854.762670530816
13306,4970.743501943514
13307,6315.2385062912845
13308,7598.524492439837
13309,7845.007850650011
13310,7210.487483960733
13311,4683.1436183871665
13312,5786.254094054548
13313,6296.523045763707
13314,9898.878943449787
13315,8720.302665428837
13316,7443.125570236623
13317,4829.749124514636
13318,8143.76276845717
13319,7043.590468571018
13320,5085.3855879015755
13321,7804.496098013074
13322,7837.952857709582
13323,7086.9258353149335
13324,6491.175823153137
13325,7845.443901173875
13326,6829.473082917913
13327,6007.20520189916
13328,7958.396887616307
13329,6568.472960598037
13330,6513.803677323484
13331,8882.943423578852
13332,6325.803399477154
13333,5401.658915644128
13334,13436.222152877015
13335,6249.935046509003
13336,4003.188930122093
13337,8797.425235910569
13338,10709.3495897462
13339,11475.932978547362
13340,5299.6970407219305
13341,6656.416232040894
13342,6371.184759239156
13343,8135.183110178412
13344,6363.326085411009
13345,9797.397438589793
13346,3626.6083187080544
13347,7434.017493654775
13348,6778.403081900134
13349,6008.722505189057
13350,5294.5585348144195
13351,7394.697374032894
13352,9627.564749183046
13353,6213.040948173815
13354,8768.97048717796
13355,7087.765203919543
13356,9567.928420840162
13357,4727.9713722671695
13358,6984.253005323839
13359,6579.345295375487
13360,8238.379563531686
13361,9957.715559054805
13362,3920.159911427406
13363,8831.574626044365
13364,7675.236342273591
13365,8569.286944978889
13366,4925.080542762978
13367,4279.38493308973
13368,8304.141668488894
13369,6757.233547225203
13370,9718.99609293956
13371,6763.329887358961
13372,6498.305206973285
13373,8648.94510786836
13374,7662.663186405657
13375,7133.760821784417
13376,8258.76815555305
13377,6371.1163208125845
13378,9744.005126126005
13379,12233.991604407885
13380,8272.081643318255
13381,4991.141769211721
13382,5952.895730446601
13383,4324.480556710958
13384,3615.22465631788
13385,9222.799986336859
13386,5374.494610503875
13387,9712.443666363555
13388,4441.521195142334
13389,6438.60271992882
13390,6286.340751400399
13391,11430.536708283265
13392,5266.7552039280035
13393,5557.123217612902
13394,6438.151016809112
13395,8186.206528836691
13396,5501.189074641285
13397,8439.377147098703
13398,7553.077012869443
13399,9556.547243423734
13400,8020.97426856006
13401,7698.526789019892
13402,6092.09102468603
13403,5178.704429663685
13404,5009.542305708104
13405,11874.50962583779
13406,10122.822040807976
13407,7956.210404547445
13408,16248.3912950648
13409,6376.971595670989
13410,5398.523597144509
13411,7282.009349944378
13412,9191.94597532487
13413,10383.731917389525
13414,7596.944626530062
13415,8659.357068459036
13416,9208.980369878827
13417,9536.132289612802
13418,6665.927789634315
13419,5968.970012671304
13420,5554.348296630506
13421,5086.125657353352
13422,4589.642230099874
13423,6056.332133732412
13424,8841.062683372122
13425,17892.048047410026
13426,7183.298250118221
13427,5349.724442329255
13428,8727.523976288841
13429,3915.26353345562
13430,6842.40084158026
13431,4364.381267308009
13432,9499.994319582493
13433,6740.787200368901
13434,6694.26818450002
13435,15653.314904274386
13436,12964.29112338042
13437,6231.205335567889
13438,7090.6940034979425
13439,4348.344386195341
13440,5544.4363247332685
13441,6209.4364630337695
13442,8417.923352781065
13443,5023.72774563072
13444,4334.180035255152
13445,6660.837434455947
13446,5797.84541816103
13447,8151.882037297345
13448,7917.816863904165
13449,3757.8926063407143
13450,7501.920792464979
13451,9381.292089013685
13452,8624.929254398505
13453,5702.989207268582
13454,4962.2001015399555
13455,8858.664345528401
13456,4643.120064882118
13457,10548.726884524998
13458,5162.835927784963
13459,5514.4817733565715
13460,7675.449099666826
13461,6660.439833579199
13462,4681.782982554748
13463,6189.141576809177
13464,7481.008264404504
13465,10118.494404114494
13466,11131.534526969732
13467,6173.580366442682
13468,4414.40092795139
13469,5805.92906930719
13470,7145.720242755928
13471,5338.2279470752665
13472,6362.694039824606
13473,6802.421129954566
13474,11651.08837251908
13475,7848.402032639816
13476,6762.926570131623
13477,9065.147740081804
13478,5006.665298410793
13479,9522.856459490004
13480,6175.950293583559
13481,14173.030843506085
13482,6764.166719873983
13483,5295.265851201672
13484,6204.730308311051
13485,4194.884019557004
13486,7761.886038147869
13487,19349.485772501204
13488,5227.374746140798
13489,4869.798836481925
13490,10155.939223730953
13491,7321.361888626797
13492,7515.867575089425
13493,8777.763918209068
13494,7253.24505186355
13495,4931.370713138905
13496,4829.26388715985
13497,10234.82009572771
13498,6294.972197711163
13499,8275.07271960583
13500,8109.126713114463
13501,4798.794646335479
13502,7492.637392568064
13503,6546.739278971392
13504,4260.139318073555
13505,9373.218049806723
13506,9196.012133048926
13507,4659.627760947477
13508,8276.834085660663
13509,7002.0974376319755
13510,5163.2646823865125
13511,9315.628051233349
13512,6634.570157972982
13513,8157.170010658274
13514,4992.9940465160225
13515,5558.544462639662
13516,8019.217184184954
13517,3838.93597325396
13518,7777.925726878411
13519,5429.825997599496
13520,6610.9288664263295
13521,5134.290773747546
13522,6044.861160828578
13523,6996.459991988918
13524,7620.477463038291
13525,7291.937820437636
13526,8410.033580925645
13527,5946.850085356228
13528,8183.103203541428
13529,7003.26170363607
13530,10063.221890229685
13531,9428.526991537328
13532,7487.857546178654
13533,3794.541149381254
13534,6012.288713536842
13535,8226.85301217238
13536,4639.232744534549
13537,11803.02915513527
13538,5701.462815566084
13539,7496.4975304079935
13540,11791.964340476832
13541,6773.37769812876
13542,4518.762533728819
13543,10624.28930980793
13544,10753.442905409109
13545,5911.761969689311
13546,9569.7868760373
13547,9705.981716468445
13548,5896.752999197166
13549,5833.884310411903
13550,7831.844259519968
13551,6183.432912147523
13552,6134.455399477048
13553,7672.684497482774
13554,5143.562437246622
13555,7010.467704555027
13556,7854.3389598002
13557,7252.496444032591
13558,9148.998675829856
13559,6912.031735310929
13560,7670.120535249584
13561,4213.417043916258
13562,7453.134682216208
13563,7813.984482381977
13564,6553.463164469672
13565,7198.064155548199
13566,7582.303590726716
13567,9745.051368054326
13568,6260.428423359893
13569,5652.254869688989
13570,6436.315286061792
13571,7766.136788160961
13572,8016.981010822147
13573,5091.129518005937
13574,4501.602542319204
13575,8724.414516463905
13576,7270.323177547554
13577,6001.304396955591
13578,8743.367918436397
13579,6820.52992787137
13580,8650.504965753506
13581,5539.240012330078
13582,4093.817111908767
13583,7294.965803836248
13584,7421.932283415659
13585,7479.106307585379
13586,10157.995080377157
13587,9878.349286999905
13588,5287.874580469547
13589,8526.433353123215
13590,4448.322969213052
13591,3236.2890288555996
13592,8741.776445252655
13593,12810.440608966648
13594,7833.807648768356
13595,8186.913420799412
13596,5003.847826385942
13597,7679.97441953812
13598,9893.433687698758
13599,6715.040349282888
13600,8195.012116113056
13601,6269.53796855779
13602,5213.7718052423115
13603,5426.011193665606
13604,5973.8886004606065
13605,6564.959929670928
13606,5534.0105155078645
13607,5335.5475805411825
13608,4534.549051118475
13609,7151.530444235516
13610,7543.633581815724
13611,5547.569375457854
13612,6736.047839891501
13613,8114.093445410728
13614,6405.652363398478
13615,6317.715178286119
13616,9622.29147413053
13617,8122.4529488734515
13618,5725.4584515192555
13619,4418.747747383302
13620,12426.286667072458
13621,6104.8551081427695
13622,5786.434352785898
13623,8768.502816063918
13624,8902.046029921938
13625,8631.806522111341
13626,6633.67416096402
13627,7850.49493566745
13628,9785.899590352557
13629,14659.358397519272
13630,5774.949832663769
13631,5432.91370300982
13632,5434.254827814641
13633,7294.94082589932
13634,6034.3690246112765
13635,8165.163044999464
13636,9644.761294188951
13637,6309.941539447632
13638,4732.5569050177655
13639,6415.548893568664
13640,8940.420193472462
13641,5377.423674032781
13642,8070.442653399088
13643,4204.564840370213
13644,7289.222540995592
13645,8196.566637031872
13646,8065.822090049014
13647,10254.19929999649
13648,7050.23062667886
13649,4098.481997279623
13650,6809.973395760668
13651,7586.140473292859
13652,9681.183204837946
13653,8401.537138907908
13654,8154.639860407158
13655,6694.642176297688
13656,5051.672494849039
13657,10506.866071063483
13658,4465.5756857339675
13659,10691.59426795191
13660,6070.731859119326
13661,4592.044146984766
13662,7753.653924052412
13663,6271.9630812514815
13664,8242.948403400378
13665,9459.81155966367
13666,4587.058976209218
13667,4740.168414046962
13668,8403.625156606804
13669,9181.498682842239
13670,10052.862091557932
13671,5694.192851851735
13672,6274.155073778504
13673,6764.62815274723
13674,6848.144874320188
13675,6019.945205672211
13676,10751.097618981297
13677,9615.599089781848
13678,11860.987439664805
13679,4431.63093325476
13680,6431.0098769692995
13681,9482.012514768105
13682,8636.541212661472
13683,5802.917624687466
13684,11233.490991252515
13685,7040.978596527704
13686,5739.8219600433995
13687,5158.032990041622
13688,5600.317248082839
13689,5686.965965482459
13690,6537.061899664276
13691,4938.115844794568
13692,5713.865887416689
13693,9628.36833665994
13694,7371.403882430931
13695,23096.0224884902
13696,6454.0245770946385
13697,5081.145707357981
13698,9509.842475372932
13699,12931.43617683
13700,8691.713293232302
13701,9120.573893693268
13702,6591.968826375792
13703,9556.538427720176
13704,9743.679898486671
13705,6008.563897950193
13706,7005.8832254515655
13707,8310.112492065537
13708,9391.344161151383
13709,7530.873361280768
13710,9282.448450262558
13711,6630.912165990233
13712,5417.63767377053
13713,6560.545725992313
13714,12155.380278837807
13715,14220.920040957526
13716,12994.873896728906
13717,10135.512552267399
13718,6162.761563395681
13719,7124.562458682683
13720,4940.2735737412195
13721,10174.52141543432
13722,13251.525398357124
13723,10263.638695513893
13724,7809.879967284113
13725,7204.574864686242
13726,5027.439591072528
13727,6142.044227593481
13728,12702.818275046438
13729,8238.427435100619
13730,5964.237304216049
13731,6097.017704662025
13732,9636.965080797525
13733,4477.483911405279
13734,8530.535061428105
13735,5262.387230225959
13736,6881.414132871521
13737,7681.6983250956955
13738,7023.165751501186
13739,8106.056410663702
13740,7559.941779746737
13741,5616.405758720517
13742,8704.04665834922
13743,8526.216434444235
13744,12648.41574907847
13745,6658.856222251388
13746,9800.1960574428
13747,7920.471908604825
13748,11058.377263636616
13749,8060.372470912942
13750,10377.218594265325
13751,5742.956345793206
13752,6605.577738046671
13753,8305.212812233949
13754,7061.403130293963
13755,10718.280197043076
13756,8759.946013203948
13757,7060.338741742088
13758,8609.089657280852
13759,7258.716705811605
13760,11858.391315286248
13761,4725.692917529815
13762,17376.9947153762
13763,6463.760928870513
13764,6943.36313340825
13765,11440.842922348656
13766,6094.009224040371
13767,7858.6169266302795
13768,7692.8451588499365
13769,9460.030187375654
13770,6281.897606036721
13771,5714.922438921538
13772,7923.612533486682
13773,8546.277778832671
13774,9462.793139964375
13775,5112.457404850472
13776,8798.31961108313
13777,12651.488491586173
13778,8823.499446053484
13779,5964.853286847163
13780,7821.405852095364
13781,6794.285147293498
13782,6899.661120577817
13783,8061.84178895544
13784,5091.065572492394
13785,10575.130326469683
13786,8158.322895129163
13787,8757.091211000985
13788,9169.436117534397
13789,6260.182039143352
13790,7800.299301894771
13791,5982.227164383856
13792,9730.320912720195
13793,10163.392764104321
13794,5868.326209560577
13795,5967.578173894929
13796,7581.498364612149
13797,6660.767488034265
13798,7066.74782092761
13799,9493.917593655175
13800,7078.011597308397
13801,9050.4245442253
13802,6232.328627513156
13803,5649.6720798960805
13804,8604.966259407096
13805,8518.773423200386
13806,9793.520708684731
13807,9651.463571452408
13808,10313.923644613178
13809,6563.0091846881705
13810,10711.01966667145
13811,7999.6707683299555
13812,9144.290346658861
13813,10742.68032899035
13814,7058.97315602092
13815,13256.728331662345
13816,8892.927129702535
13817,9210.6743439509
13818,7204.09756002476
13819,9030.300752789828
13820,9376.139263655265
13821,7573.6416678828455
13822,4177.234406912085
13823,6838.661724136043
13824,9472.837679468812
13825,7626.958656553176
13826,5458.390987635875
13827,11173.739831272032
13828,7380.334204766621
13829,6005.9219086013645
13830,8004.607774129132
13831,7343.7901933930325
13832,10477.2989881357
13833,9373.894821176322
13834,7957.825325355502
13835,5692.598312857533
13836,7104.79391016317
13837,8562.211353676516
13838,4469.291101381111
13839,9042.955556738129
13840,6574.912940218332
13841,10429.820595617257
13842,8424.103593855001
13843,7015.053700463525
13844,12089.649037422707
13845,6798.979506785306
13846,5562.33037451913
13847,13660.616805174628
13848,8770.952327918454
13849,8686.043491773105
13850,9691.402458469454
13851,5579.122868612643
13852,7301.381485271714
13853,5892.008359151433
13854,10167.533726514108
13855,15127.634549381892
13856,7629.2143758139855
13857,3761.0529957008316
13858,6150.722065263108
13859,10853.697032229506
13860,10724.517129411894
13861,7007.392848237527
13862,8827.073321925465
13863,6367.177424609696
13864,5648.247153179603
13865,4074.042567998625
13866,6806.827445372693
13867,7663.060116316562
13868,7860.932531451155
13869,8277.773230494078
13870,9187.633019283023
13871,9314.21461174507
13872,10820.877415550283
13873,10259.72544022131
13874,5383.604452948358
13875,11392.246890595943
13876,14785.924696255439
13877,7287.661464420082
13878,9921.533687732961
13879,6791.96807240598
13880,8169.244894768422
13881,4874.1757874556715
13882,9050.53623136264
13883,6894.833356563712
13884,10456.195679357068
13885,9451.151294657207
13886,10179.92775709432
13887,10194.98818680706
13888,6662.778732178768
13889,10299.678916404733
13890,22124.03330303392
13891,12372.782079152157
13892,8215.68394187029
13893,3349.020960385621
13894,7242.356589549022
13895,10927.12923909397
13896,6342.0419357426645
13897,12582.963940926396
13898,21516.836879021874
13899,4340.560581449829
13900,6825.410565306373
13901,9496.05842735208
13902,6817.987278116841
13903,12220.913651641711
13904,8386.316402811519
13905,9926.461009853054
13906,4426.3250884959025
13907,7870.0694012585955
13908,7248.389585029491
13909,9800.186283572995
13910,10147.800309945162
13911,6049.85682859247
13912,6795.732611400424
13913,7991.57075719668
13914,6217.590224056608
13915,5852.48830351445
13916,8644.58267766142
13917,5756.638013720288
13918,6914.499873380238
13919,10126.576015563702
13920,7896.435168931825
13921,6753.8419787808725
13922,8995.84495055308
13923,8552.510431865328
13924,9092.93231293294
13925,8422.212270445436
13926,8597.284010479234
13927,6830.519263953778
13928,3844.152277249344
13929,7671.864917591621
13930,9582.065744497182
13931,6490.575392298643
13932,5249.399107461604
13933,11168.40203391664
13934,8871.25661348209
13935,10809.012292771053
13936,8579.854640799504
13937,6840.926682648867
13938,6490.42461264601
13939,5686.306450221143
13940,12603.763369469023
13941,5425.7482200450495
13942,8334.510419362796
13943,19631.669302313432
13944,8417.64837371808
13945,7789.695318263088
13946,5526.042130122673
13947,5814.50822044142
13948,7743.861363035351
13949,4235.403728774776
13950,7149.93376303383
13951,13514.492978817758
13952,5742.563949964541
13953,20133.31908494827
13954,17671.177625827724
13955,5421.537124757215
13956,8091.859730834615
13957,7104.074477180251
13958,8700.313678116392
13959,7520.221850151913
13960,12889.364196444174
13961,9286.528824658883
13962,12550.21484204988
13963,5044.371270579075
13964,8742.61196988333
13965,4805.106060843684
13966,8990.993069377007
13967,7816.534118503645
13968,7509.867542221648
13969,6883.555893064027
13970,6396.740822323964
13971,10320.232944586194
13972,12179.992020321586
13973,6065.37682974959
13974,13366.434962675867
13975,7584.269894199563
13976,11917.26131226015
13977,6370.730080243591
13978,6353.510585010232
13979,7077.136248390077
13980,12318.001609043506
13981,7248.4613791718
13982,9052.932931517022
13983,8251.64719124077
13984,11585.028220895272
13985,4839.357400029336
13986,11277.098271987808
13987,8733.5233454067
13988,5292.728870080584
13989,16602.450066627815
13990,18656.502340372586
13991,8809.08717483629
13992,9074.466621731613
13993,11771.626221761086
13994,13424.121765320693
13995,14399.692546664182
13996,7969.021392804251
13997,9890.891990746815
13998,7610.280615325179
13999,10083.740169292445
14000,5073.535121930113
14001,7631.7333253925835
14002,6862.832128804027
14003,6487.770800257439
14004,9197.740795668306
14005,5931.799561917507
14006,6195.102881265314
14007,7945.646039432576
14008,4028.117102741411
14009,5413.222937543365
14010,7379.919496147504
14011,7482.179005078998
14012,10872.27234971886
14013,9087.885000637152
14014,8324.001704739443
14015,6773.945162876951
14016,7321.476492802273
14017,14440.477706527636
14018,9722.772967942856
14019,7348.681780051868
14020,5185.3254739930235
14021,9199.741109916382
14022,5344.372305695385
14023,8721.285226341082
14024,4332.8886518628915
14025,6980.563367031383
14026,8929.36943084778
14027,6269.901912742254
14028,5859.2624046498995
14029,9697.977630553876
14030,11480.971456167996
14031,14096.520362602958
14032,8066.9489491021095
14033,10031.165627698208
14034,3853.829831712825
14035,6445.53851083889
14036,8235.003935325643
14037,5084.909755187545
14038,9420.118017598004
14039,6878.927644491636
14040,6356.870115286063
14041,10845.230740324381
14042,13740.616997963654
14043,8754.428416653735
14044,6435.868099799734
14045,6541.174440092253
14046,11122.461340237925
14047,8764.426836635696
14048,8311.822379441981
14049,5683.8514867298445
14050,8048.8874694288415
14051,13042.977792674723
14052,5265.21733004339
14053,8001.010808310464
14054,9345.039480541183
14055,10420.879586665724
14056,17275.598152590937
14057,6420.729693473159
14058,16794.794978086153
14059,7316.308742287294
14060,6856.23076917995
14061,4789.195421370331
14062,7967.714864870453
14063,6722.132197232202
14064,6565.357910669389
14065,7869.90404314703
14066,5366.225127524714
14067,5913.508358476819
14068,8372.244085982782
14069,4668.126566093227
14070,8744.95690716583
14071,7232.131787350378
14072,10122.947986788855
14073,10973.92856440411
14074,6220.520500666916
14075,11189.734082970175
14076,6964.708752964057
14077,6831.0096915781005
14078,5670.7885209087735
14079,6345.92066419636
14080,13026.824809095864
14081,8741.453340140393
14082,5875.089748627386
14083,9271.112411118622
14084,10402.557398062021
14085,9114.666403875852
14086,7588.930634771679
14087,10788.27640426501
14088,6247.48334534261
14089,6120.446973215296
14090,7291.8390739832585
14091,9840.927009162571
14092,7233.573212330659
14093,7958.399189263093
14094,6571.535950128103
14095,6408.370876497316
14096,4496.536393605623
14097,5335.851226833522
14098,8353.293753480797
14099,10785.172534379411
14100,13208.507710634845
14101,14002.000200525994
14102,9866.927046830771
14103,7015.125083085906
14104,6336.972311399284
14105,12736.748561229897
14106,12414.918960881401
14107,8155.739543304221
14108,11026.238279901692
14109,11980.686307100268
14110,6762.641941173116
14111,5171.358575847562
14112,12349.4975253851
14113,7130.8072741765445
14114,9094.874208573365
14115,6992.682097413933
14116,3593.1914712908792
14117,14942.308296095647
14118,5901.103017729297
14119,7538.763300443842
14120,5845.266491637373
14121,6284.181680969591
14122,10248.840362417766
14123,10552.204328435964
14124,7174.59947638143
14125,6032.1421245965585
14126,5415.772605387863
14127,5587.630398457474
14128,4127.678314478281
14129,8790.046502190815
14130,19107.16944518037
14131,6036.594591934577
14132,6791.53074906413
14133,9085.154172716675
14134,7315.723446155645
14135,7331.347265302768
14136,5444.394304683695
14137,5824.71038962557
14138,7875.566362350215
14139,8152.484821846884
14140,4875.2817829200485
14141,10258.735952384273
14142,6928.085622255727
14143,5941.796836003787
14144,10893.312754043276
14145,10686.343426892183
14146,11942.27073442313
14147,7586.227674218985
14148,8621.748088163027
14149,5147.777068419194
14150,7247.581532293438
14151,18493.13755403414
14152,10738.162463292745
14153,7912.769137854969
14154,7183.350810804851
14155,4976.0985710288
14156,6042.641070803927
14157,6024.882099708638
14158,11989.348359857475
14159,5895.621884349825
14160,6454.829594767071
14161,8450.874014753595
14162,5389.6985408316805
14163,6970.890247538778
14164,9029.73647077661
14165,8738.348705347325
14166,7901.261830662202
14167,5794.537594094874
14168,6291.766881966979
14169,6672.517219458741
14170,11388.259794777201
14171,9274.723035347346
14172,8292.057493763123
14173,5457.053210186427
14174,8536.842831571039
14175,8122.108853839011
14176,5622.542244717662
14177,9084.871903527963
14178,8812.234822281267
14179,7846.675220591627
14180,7454.7656002579815
14181,9227.293007776503
14182,7233.415034933461
14183,6856.723542847304
14184,8597.620845494721
14185,6908.376979995121
14186,7912.248356337364
14187,9895.868672823384
14188,6549.5535422432595
14189,6323.397161455906
14190,14673.362699477817
14191,7327.675966908954
14192,4195.770129893961
14193,10915.440297364446
14194,11699.487593245347
14195,13318.089523549608
14196,5857.288862181609
14197,8008.912824104961
14198,6961.673201102518
14199,8767.573451720064
14200,7577.770841653023
14201,10791.859745998625
14202,3976.8393437296977
14203,8728.103687945995
14204,7588.60656437891
14205,7004.693044177743
14206,6338.793815123197
14207,8184.288704339734
14208,11449.659636209008
14209,6901.792101258475
14210,10251.814104428657
14211,7310.144879859118
14212,10939.819152663282
14213,4801.059962796123
14214,7626.667072133209
14215,7445.345464036567
14216,9074.42848234129
14217,10756.157834489422
14218,4538.6502095242995
14219,9173.153286565625
14220,8499.775935818288
14221,9827.318083210437
14222,5441.398951565847
14223,4824.236453964972
14224,9281.261408797121
14225,8010.0111479931775
14226,10778.932446583973
14227,7789.390462872258
14228,7601.7980701656525
14229,9475.442758254438
14230,9334.641758938731
14231,8792.838857955292
14232,9311.028145600096
14233,7531.860854959321
14234,11146.628822892359
14235,13805.063365626374
14236,9576.120623514733
14237,5878.158727027248
14238,6777.718083997951
14239,4639.272640288632
14240,4387.130654856952
14241,11004.82780238337
14242,5639.216886276234
14243,12316.05145452333
14244,4857.717274786859
14245,6934.431343356203
14246,6999.049719478278
14247,12246.351056001558
14248,5430.824361207713
14249,5974.067681598943
14250,7437.501648487433
14251,9420.127964897201
14252,6000.818225948563
14253,8700.75943193178
14254,7523.911911119476
14255,10639.347017032736
14256,8498.139279247738
14257,8533.458791961095
14258,6839.872392309656
14259,5984.806766039658
14260,5577.017283300287
14261,14626.747416678072
14262,11495.75829767981
14263,8881.972444847128
14264,16804.015432356304
14265,7199.858806394543
14266,6148.741195689282
14267,8703.475572526695
14268,10433.319579209141
14269,11501.291197543267
14270,8451.284002077393
14271,10401.264520306251
14272,10524.214429022633
14273,10210.232831956679
14274,6907.312679798481
14275,6835.862133841036
14276,6680.709909661804
14277,5561.328235314295
14278,5212.625589085492
14279,7135.007895914123
14280,9190.018927265173
14281,19773.488098739555
14282,7976.616827087557
14283,5817.098298125517
14284,9816.506993218165
14285,4241.207358936717
14286,7383.72588991786
14287,4766.835271122394
14288,10838.540780067153
14289,7155.839634861586
14290,7964.602580914628
14291,18104.00455463823
14292,12898.203177318715
14293,6942.224141681448
14294,7782.526818144514
14295,4717.098892712698
14296,6005.3594095990675
14297,7108.325706999641
14298,9163.60281748956
14299,5923.636698134009
14300,4614.469396899626
14301,7494.965116056559
14302,6415.9970276412305
14303,10274.77732785759
14304,8812.133054925993
14305,4065.1809221350845
14306,8365.234427052139
14307,11396.187524497218
14308,9426.33969895003
14309,7071.964390631259
14310,5354.236278084216
14311,10240.324557332657
14312,5182.899219474129
14313,11968.06417486522
14314,5763.495595376611
14315,6415.530009397404
14316,8235.539879766788
14317,7345.638999806416
14318,5064.398716775841
14319,6389.422269126381
14320,8129.846797219156
14321,10908.531378125243
14322,12684.711927949655
14323,6677.846990613003
14324,5210.427897038823
14325,6404.774328494606
14326,8118.142557646377
14327,6528.338022207135
14328,6971.698470785675
14329,7735.810303113608
14330,12903.549942949177
14331,8196.23398842756
14332,7961.381839234344
14333,9776.528191199513
14334,5581.608969485355
14335,10918.124792582477
14336,7232.545030794868
14337,15109.564190783543
14338,7572.425314189897
14339,5590.947801682108
14340,7004.13015734694
14341,5180.788121173221
14342,8688.788535324911
14343,20329.133006240783
14344,5569.2343745184535
14345,5064.476739342874
14346,12721.250334538507
14347,8437.287286880333
14348,8291.299426372118
14349,9854.24832318787
14350,8240.115470392033
14351,5017.704443688091
14352,5711.113476457467
14353,11697.144684611209
14354,7229.306948012895
14355,9224.97331254498
14356,8365.530523221658
14357,5288.842425479841
14358,7988.737694745798
14359,7934.573392016218
14360,4571.926492063454
14361,11223.644384388472
14362,11186.30145222698
14363,5117.074152318583
14364,9041.437466856769
14365,7643.603095892182
14366,5699.173656669756
14367,10138.982297934725
14368,7137.59839547479
14369,8837.957979214229
14370,5626.754671947631
14371,6543.790345292889
14372,8129.594169260509
14373,4287.976452871914
14374,8683.419837880509
14375,6128.69793201483
14376,7420.571584946589
14377,6048.63549186962
14378,6762.085810258772
14379,7620.894041250288
14380,8568.58980760424
14381,8355.828777014942
14382,8972.280264800966
14383,6538.552241026682
14384,9384.919191115967
14385,7054.056848615859
14386,11250.996388465646
14387,10204.49984189157
14388,8316.047183939007
14389,3668.171565999207
14390,6768.916800589899
14391,9502.381443418299
14392,4958.2761592254865
14393,12154.761779777327
14394,6303.750468976666
14395,8928.729477355824
14396,13455.397222229018
14397,8414.311259682172
14398,5200.710993920534
14399,11770.761738618225
14400,11996.807052683771
14401,6493.350983642648
14402,11503.67202242157
14403,11699.22311639018
14404,6235.017466662226
14405,6697.957438166003
14406,9002.319540526967
14407,7058.076215773324
14408,6715.294794680206
14409,8095.191758968941
14410,6024.977108315614
14411,7901.19715324659
14412,8656.81178275304
14413,8774.74542811255
14414,10369.860537461796
14415,8245.069401078978
14416,8796.38574344242
14417,4713.089158242725
14418,8172.150448424187
14419,8735.375113019214
14420,7637.373855333768
14421,8019.568297705337
14422,8674.241640700775
14423,11958.708539758603
14424,6994.550526782896
14425,6436.259251359765
14426,7391.842442986073
14427,8020.143155832402
14428,9327.727064875537
14429,5642.641320271453
14430,5438.32845107876
14431,8593.464410118144
14432,7436.077884897759
14433,7161.295152182214
14434,10170.795294449588
14435,7207.33078263471
14436,9333.170137152098
14437,5925.478222599614
14438,4921.018054464016
14439,8020.6079112180105
14440,8421.644922682137
14441,9848.570793261764
14442,11222.320630188466
14443,10984.924193949977
14444,5953.777897084558
14445,9916.369217266176
14446,4797.180466677319
14447,3927.2787387872727
14448,9943.167300593022
14449,14237.004418356373
14450,8412.49950267424
14451,9488.191756873633
14452,5986.810336909302
14453,8832.733270921626
14454,11637.954607667858
14455,7644.713198493897
14456,9640.666447813664
14457,6881.22139346088
14458,5704.229211238542
14459,6031.024507785971
14460,6483.690339483393
14461,7424.0149370164245
14462,6365.23572102627
14463,6086.718061279318
14464,5107.502621107461
14465,7738.818526873168
14466,9564.971167613698
14467,5651.5723152755345
14468,8119.5997438688355
14469,8934.59573199843
14470,7380.498825597069
14471,6834.416641277562
14472,10280.315293975731
14473,9527.884842060368
14474,5936.960756715046
14475,5066.2052436297945
14476,15880.098583770528
14477,6278.8548144887145
14478,6578.892799323923
14479,9677.056908872753
14480,9730.560229766894
14481,10038.685131478596
14482,7538.289453750257
14483,8720.985889506326
14484,11503.800018627333
14485,15798.876948164312
14486,7222.994782032526
14487,6575.057705130963
14488,5876.196579058795
14489,8369.761515601253
14490,6683.771944080305
14491,8072.001523711996
14492,11413.257475969514
14493,6832.264488920959
14494,5499.663109705184
14495,7399.54763002582
14496,10068.72379594334
14497,6468.732641621486
14498,8947.185631585471
14499,4676.233744888117
14500,7261.036268861003
14501,9171.198961871414
14502,8975.3652870887
14503,12205.480033609223
14504,8263.054195559967
14505,4437.48602426229
14506,7375.384017888636
14507,8510.73821751623
14508,10918.384809219495
14509,9349.902329338662
14510,8561.78635533042
14511,7673.7972677815505
14512,5713.0347053025835
14513,12594.276495080401
14514,4756.3409802641545
14515,12201.866200688599
14516,6511.382352903815
14517,4977.2429502147925
14518,9123.047484751947
14519,7166.1421188931845
14520,8560.401554973283
14521,10377.609129697525
14522,5502.356185657595
14523,5111.6377828881405
14524,9410.854285536254
14525,11012.291270985854
14526,10745.094122108163
14527,6334.799422160128
14528,7379.239001333225
14529,8196.373642135099
14530,7895.45374330991
14531,6998.5882315223525
14532,12451.096261329933
14533,10991.010272640991
14534,12851.503842189886
14535,4871.685800578894
14536,7268.901489353218
14537,9938.904108124452
14538,9781.91207523961
14539,7485.084524523307
14540,13098.861290789993
14541,7716.4002538722925
14542,6598.322208200741
14543,5810.7580243775965
14544,6710.8388882142735
14545,6541.214022904309
14546,7555.426248456479
14547,5697.867315231069
14548,6545.494506718592
14549,11313.266382563848
14550,8030.079085021312
14551,25005.01391568118
14552,6694.095135973587
14553,5434.170803920525
14554,11481.122832991721
14555,15573.017862349498
14556,9443.456647868798
14557,11115.119160641047
14558,7134.045261909146
14559,11605.655310183929
14560,12663.97720777019
14561,7904.239942955317
14562,8181.797237521663
14563,10816.0810596165
14564,10670.266561086724
14565,11070.80492666258
14566,10576.013038076648
14567,9469.524162689295
14568,6683.926763265099
14569,8562.769282788064
14570,17373.258659968968
14571,16614.30703202576
14572,17663.304916922025
14573,13540.60984513758
14574,7051.726207640243
14575,7812.1871125325615
14576,5863.790649584118
14577,12911.831524821293
14578,18766.157878335616
14579,11835.73243318242
14580,10423.403221390345
14581,9106.940433737744
14582,5501.391703274124
14583,8579.587024522161
14584,16759.362245602668
14585,10496.149758516749
14586,7331.646106498161
14587,8789.521027542587
14588,11691.284537483109
14589,4886.104861268961
14590,10775.878285031764
14591,6497.221231608516
14592,9707.51292015534
14593,11525.291241423036
14594,8010.240473259365
14595,10510.387247727622
14596,11669.206972320495
14597,6901.630325191078
14598,9660.637323548935
14599,11194.097700741044
14600,16787.915947402576
14601,7996.2444094240245
14602,11959.327905246326
14603,10473.163040798463
14604,13280.103306596284
14605,9854.967541886048
14606,15328.04175185142
14607,8332.44187887017
14608,6845.260719591915
14609,9936.387384044496
14610,8447.856364931204
14611,13738.334976842949
14612,12141.499229481244
14613,8626.536686191635
14614,10684.695407167628
14615,8271.61268665857
14616,14583.726020591583
14617,5361.1658609659
14618,19226.312175889696
14619,7826.5056588531515
14620,7701.944050183163
14621,13462.534125417345
14622,7188.740580139998
14623,9849.130255260467
14624,9040.594339810012
14625,12238.761676336582
14626,8003.426274924816
14627,7673.297917105803
14628,10571.2614442054
14629,12730.934812328172
14630,13956.977443025542
14631,7136.701592590096
14632,10189.454374317993
14633,16663.74496326323
14634,10013.776282568291
14635,7254.291129283174
14636,10756.872384122244
14637,7382.656173301192
14638,9403.535714767717
14639,9690.83803209407
14640,5906.363663552686
14641,14760.385619139965
14642,8774.665896946828
14643,11429.91035187664
14644,12672.687670369096
14645,6510.700160801809
14646,9568.031337092507
14647,8879.031637683796
14648,13062.905179161173
14649,13339.997110035214
14650,6660.842538587583
14651,6693.026425492621
14652,9825.5275010461
14653,8787.917630928918
14654,8919.622432435512
14655,11569.4038301056
14656,9569.29972326692
14657,11309.07903042344
14658,8534.878573997594
14659,6029.841204339799
14660,11291.705933699943
14661,10617.889860449566
14662,10681.459574974084
14663,13537.917000592672
14664,13584.098703490135
14665,8640.615688913009
14666,13617.11604999068
14667,9299.247427096796
14668,11231.55062207087
14669,13817.120621982309
14670,10629.566541370836
14671,14822.756792995393
14672,10443.856699124952
14673,12354.152255125604
14674,8185.578895301044
14675,10308.196347005982
14676,13533.21454460502
14677,11327.751386386364
14678,5047.128648709794
14679,8190.054167670486
14680,12113.546549339484
14681,8918.345245030214
14682,6525.466525123714
14683,14342.940862117144
14684,7808.14447496522
14685,7672.093216605858
14686,7710.349402542048
14687,8682.391398013264
14688,12776.700239550732
14689,10979.14945255185
14690,11252.700742170124
14691,7856.282571390867
14692,7754.065955735875
14693,10897.851868903614
14694,5591.761399212742
14695,9790.14182419705
14696,8437.17645985792
14697,11958.86108307153
14698,9832.44898461076
14699,7505.891429549003
14700,15039.091434839813
14701,8400.92469534926
14702,6191.749782420797
14703,16045.805638278052
14704,9925.74384711487
14705,12823.645354304954
14706,10788.007939860434
14707,7441.60246597761
14708,8059.094283527581
14709,6845.332967940819
14710,13296.729330281269
14711,18294.01946968363
14712,10222.657549234906
14713,4827.776955999952
14714,7173.293594072112
14715,14134.264539439328
14716,14758.577647590257
14717,9528.381137937686
14718,10930.00326564182
14719,6756.735890394471
14720,6602.751939433172
14721,4466.762085747794
14722,6808.99416315057
14723,8690.457181263218
14724,10820.021739737967
14725,9227.519387650234
14726,9871.027442953413
14727,10846.978211227257
14728,14174.542476580675
14729,12542.415598841564
14730,7042.460445127064
14731,13092.26032892557
14732,19627.320361655886
14733,9722.237082411475
14734,11690.403702151496
14735,8201.424362998505
14736,9657.459329332933
14737,7022.973850921465
14738,11701.654189520448
14739,9866.438957870987
14740,11977.96639827337
14741,10576.049107067747
14742,13402.980196936149
14743,12452.850069242671
14744,7781.030867271199
14745,14002.458830965505
14746,23672.487379181348
14747,16241.362595543176
14748,10364.098292627472
14749,4759.21379676621
14750,8551.835245034075
14751,15524.281387807288
14752,8348.035760264602
14753,13194.877838735916
14754,23161.67998519748
14755,5325.050192665117
14756,8466.129185187392
14757,11045.863305006393
14758,7799.889404632905
14759,15839.055200783949
14760,11445.186626244318
14761,12732.099010910853
14762,5019.191817795539
14763,10450.197907513351
14764,9131.679861721761
14765,11624.64816899144
14766,16846.29863754385
14767,8118.219670710272
14768,7742.737827038966
14769,9805.982944599476
14770,7750.580573592495
14771,6616.765423079404
14772,10290.589340624208
14773,9106.153903441762
14774,8576.1086645464
14775,12520.766422612514
14776,8115.727753670661
14777,8252.766642782834
14778,9785.678966962321
14779,11033.900102468631
14780,12150.294163989345
14781,11755.417059537287
14782,10284.326720033461
14783,7324.2730660008165
14784,5694.611046257044
14785,9020.542737618644
14786,11019.094121048247
14787,9217.712199745009
14788,6011.458163820167
14789,14731.861249308995
14790,11064.321399297749
14791,16783.600435542616
14792,9434.481162662345
14793,8577.827463297801
14794,8050.601021586875
14795,6696.7784871389895
14796,16078.228991555106
14797,7192.643727296131
14798,11972.0035305669
14799,21647.258064581474
14800,10252.18490824375
14801,8844.959125484156
14802,6938.559994075479
14803,6585.909521644389
14804,11204.80580356722
14805,6005.031122042275
14806,8285.857625751954
14807,14452.725877382267
14808,7553.523375256215
14809,23315.742034561183
14810,19571.250107138098
14811,6155.53705745224
14812,10684.167539512777
14813,8595.187028844071
14814,10350.112236334438
14815,8527.252587364179
14816,15308.047245656573
14817,12128.77221839946
14818,15962.529848278484
14819,6460.4197220431815
14820,9965.742943967452
14821,6397.819071281324
14822,12737.923254881953
14823,11040.324186868647
14824,9259.4383867466
14825,9239.480788192872
14826,6091.269845457884
14827,12983.959611140628
14828,14593.917121986056
14829,7148.898881135563
14830,17689.52504406338
14831,9120.8949358161
14832,14191.311569411588
14833,6976.8452034108295
14834,7957.158610129553
14835,9139.316839035506
14836,16777.963935596257
14837,9018.626607746583
14838,12624.822240172593
14839,10325.564996483266
14840,15172.795071515031
14841,6064.109800744185
14842,13281.652201206572
14843,8940.152253413291
14844,6195.892959463799
14845,20438.876932492258
14846,21072.059771782642
14847,11917.138931730815
14848,13257.443914256746
14849,15586.277850080023
14850,16448.788070036575
14851,15373.360692194317
14852,10237.213717759123
14853,12456.715346965775
14854,9270.925591149396
14855,12177.876773573813
14856,5656.8552868214365
14857,9006.434183130645
14858,8828.62165626706
14859,8157.332885998181
14860,10676.872264843738
14861,6778.161474394186
14862,8204.83057280859
14863,9792.841558829672
14864,5052.854427125401
14865,6385.0118181662565
14866,8313.353325524406
14867,11485.625625423103
14868,14705.205517373588
14869,12054.636808735773
14870,9778.762025817072
14871,8756.499051790908
14872,8545.075245424085
14873,16375.41831621475
14874,12235.731326517973
14875,9081.986896080763
14876,6687.150548570173
14877,13873.49529326319
14878,5824.053339908263
14879,11921.454405119495
14880,5104.060804917396
14881,7526.054522057075
14882,13579.663866924047
14883,8807.185311532758
14884,8383.380753778638
14885,12626.219545336271
14886,14168.315090516644
14887,14902.47681631732
14888,8869.581854344606
14889,13589.410300660911
14890,4469.310385594265
14891,7325.237737226301
14892,9596.113860450567
14893,6435.131675844313
14894,10913.974778921249
14895,8338.688818106695
14896,6907.076702195837
14897,13254.477662032048
14898,16618.709245818794
14899,12474.386969208515
14900,7964.138815420162
14901,8103.787513336928
14902,15370.592502195472
14903,9992.05229781846
14904,9171.050414982537
14905,7785.986892154054
14906,10325.514661225207
14907,15159.383731702228
14908,6375.190675964526
14909,8956.087891732126
14910,12208.73022899864
14911,12805.975447964402
14912,18005.155704232737
14913,7979.577918893845
14914,18019.131260421636
14915,9308.04811906338
14916,7677.822893370891
14917,5507.829131882355
14918,8995.426607500543
14919,8713.932077187086
14920,8111.264107897243
14921,10422.796413880926
14922,6901.093986128276
14923,7935.723275117161
14924,10852.762970108728
14925,5566.4058964375445
14926,10186.610278732087
14927,10565.452404720665
14928,12641.50726997894
14929,14900.813002613666
14930,8467.908328983161
14931,12327.107492520063
14932,7711.571171375567
14933,7430.767441753575
14934,6847.910767538317
14935,7735.976229834548
14936,17005.08813111588
14937,10463.970816626412
14938,6678.057686921354
14939,12322.886508954669
14940,14694.25410660134
14941,12913.267313804174
14942,10489.76309748123
14943,12963.993239141919
14944,6617.261645044967
14945,6335.984959717703
14946,9479.31586652136
14947,12331.472361058388
14948,9792.210100514934
14949,9858.222620900391
14950,9679.216649171256
14951,8627.66372186652
14952,6051.207024573816
14953,7462.348668079938
14954,12398.228633577412
14955,13007.988130688542
14956,14964.765117023093
14957,18106.52041220989
14958,12280.992061195117
14959,9040.16201208222
14960,6642.323806435943
14961,13834.329502039667
14962,16507.789629502393
14963,13250.914629334478
14964,12804.274562748291
14965,13913.820635803531
14966,8027.893026991283
14967,5517.554799625775
14968,14778.763924862817
14969,10051.61058210739
14970,11901.988247529149
14971,8691.56832237646
14972,5159.517871743528
14973,18196.65219181891
14974,8365.024189358957
14975,8573.971233943077
14976,5965.337348632034
14977,7340.304187079849
14978,11425.699700549274
14979,15457.464322006463
14980,9061.88605945772
14981,6652.023143313117
14982,7764.988634932846
14983,7158.830643398575
14984,4617.316784257558
14985,10059.755832023742
14986,21198.013538852236
14987,6980.078672339307
14988,8103.548637512891
14989,10885.775985219165
14990,7872.524403177088
14991,8854.70908277065
14992,7027.657395050019
14993,7087.563171001101
14994,10980.09303072508
14995,11686.594570657513
14996,5565.598898399485
14997,13737.826929059891
14998,11408.224453884215
14999,7576.363375857159
15000,14350.203199827756
15001,13158.080106996074
15002,13689.023458023852
15003,8690.80405095771
15004,10144.903847776508
15005,6345.800072555584
15006,9241.974245486641
15007,19640.857841478643
15008,15057.90966838753
15009,8693.270907532478
15010,8531.816552509266
15011,6603.924151297554
15012,7635.938599491491
15013,6624.499169253977
15014,14064.534442296615
15015,6823.807744360851
15016,7204.107709196461
15017,11232.71699335353
15018,6882.453052154945
15019,9258.559878352617
15020,10943.593411835469
15021,11522.197087294442
15022,11333.718590015154
15023,6915.62717162395
15024,6872.5078339446445
15025,10537.393090769849
15026,13987.471702950319
15027,12919.058549251635
15028,9999.411467657997
15029,6735.919833436656
15030,10482.875577433331
15031,8480.837371592988
15032,6640.102534109814
15033,11416.815709036708
15034,11474.336318626478
15035,9234.550026802657
15036,9499.367914649465
15037,11268.557901141152
15038,9993.35801156089
15039,8478.3403789084
15040,9821.408848525476
15041,8765.821059348073
15042,12947.937824823068
15043,12543.28182421822
15044,7593.935832786796
15045,7202.227795975934
15046,18011.561487536645
15047,10040.797430065839
15048,4582.923751262872
15049,11822.274626147988
15050,12463.089727479588
15051,16124.771043685225
15052,6177.259914808152
15053,9981.826147185626
15054,7905.980108471529
15055,10863.444898236377
15056,8345.379349411054
15057,15105.978381729688
15058,4929.096138371603
15059,11705.993815806454
15060,9169.314046298769
15061,7362.449871279065
15062,7917.092018578974
15063,9045.102152905007
15064,14435.470762078423
15065,6707.680530618167
15066,11993.400776261664
15067,12435.94518416588
15068,14268.737896290584
15069,6700.594106918522
15070,9567.425555305923
15071,8424.719898162812
15072,11307.893759227702
15073,14167.015242305952
15074,6055.965595380065
15075,9237.647463926844
15076,11886.468048050185
15077,13680.300141986696
15078,6424.237719137311
15079,5719.602853148948
15080,13869.72213284394
15081,10437.750841315195
15082,12878.393441609322
15083,9995.495875875318
15084,7881.659228261311
15085,13900.7520033146
15086,11541.939008667585
15087,13056.030303906595
15088,10735.050491640679
15089,10337.206177134109
15090,12922.775629844551
15091,18952.01734304358
15092,10927.679893141682
15093,6893.997102379493
15094,9797.147360802428
15095,6328.329674145489
15096,4996.300849447252
15097,14108.837333189165
15098,8004.03384983345
15099,14784.89023503861
15100,7225.731728032309
15101,10034.048670972476
15102,9528.157328381012
15103,15792.382296204345
15104,7089.800334180042
15105,7710.705680658144
15106,10512.37977668336
15107,10466.498918337964
15108,7504.342636116477
15109,10969.28728004494
15110,10194.18773165734
15111,12370.749014797926
15112,10950.218356471776
15113,9672.241272727391
15114,7608.912625176377
15115,6739.528704264799
15116,7145.861465703153
15117,17978.115283883697
15118,14602.046426131032
15119,12066.249486842054
15120,17501.36740549863
15121,9355.87365587107
15122,7217.121015596072
15123,12115.088697698246
15124,12195.058502377782
15125,17176.26213367593
15126,10380.284330260918
15127,12989.972334931994
15128,13985.94201801257
15129,9814.30645283064
15130,10417.631598448117
15131,9667.110897079056
15132,8168.483235271386
15133,7136.9625391372265
15134,5696.5473151774295
15135,9347.726105080626
15136,13799.822578695868
15137,23291.774981419316
15138,9442.337745415858
15139,6274.237332027217
15140,12560.930900576337
15141,6223.813504431273
15142,8774.430631286508
15143,5488.2495397366065
15144,13425.543552453264
15145,8719.87723391792
15146,9857.643259456265
15147,21731.530460200986
15148,14205.143029481815
15149,9125.293237523314
15150,9740.573162251887
15151,5434.271998445884
15152,6279.297263584586
15153,7494.637291464829
15154,12304.953468116999
15155,7829.907777973395
15156,6226.841122090392
15157,8084.648901532232
15158,7600.085189231004
15159,12778.919359106272
15160,12112.602005557901
15161,3930.8790546991627
15162,10623.414430380088
15163,14300.936593805975
15164,11959.12371812835
15165,9512.289846504807
15166,7450.601065832094
15167,11854.198109441022
15168,6472.637879094198
15169,14633.176708161636
15170,6745.587055071398
15171,8149.950179714605
15172,10812.404241940545
15173,10135.533505851889
15174,6247.775480067432
15175,9549.046803962925
15176,11213.566563039718
15177,13398.188254336907
15178,15442.826501991298
15179,8193.390562932282
15180,5698.083036739897
15181,6737.022440471856
15182,11289.19151613379
15183,7001.641792939349
15184,10220.86349337186
15185,7947.094305271433
15186,16257.320623882311
15187,13623.722894438286
15188,8525.061787266579
15189,10809.105229856707
15190,6278.301673525476
15191,13905.788802543675
15192,8035.732751906896
15193,17676.647185389174
15194,9171.472784615582
15195,7976.069219283502
15196,9535.912983679746
15197,5047.525301451362
15198,9918.779512358993
15199,23715.354951614794
15200,7168.953840628442
15201,6221.998494713156
15202,16819.191643505965
15203,10580.069279114861
15204,11734.338264715072
15205,11927.13905450175
15206,11494.838273534246
15207,6505.118697853896
15208,6787.430190207415
15209,13675.2886218126
15210,8800.675747882959
15211,10244.719682683677
15212,10756.757408211164
15213,5814.607596471146
15214,10170.673186097523
15215,8260.096493273984
15216,5278.965006533796
15217,13428.02647263598
15218,13071.027300261574
15219,5243.2679685092735
15220,11232.77417647639
15221,10065.264026068648
15222,7161.805429482172
15223,13075.319696121187
15224,8987.766311000203
15225,11876.017076335322
15226,6961.449183272894
15227,7276.603899641094
15228,9044.19926219288
15229,5665.045622279284
15230,10738.401828443355
15231,8266.211648709586
15232,7928.0841132521455
15233,6621.894448386586
15234,8883.299986600716
15235,7260.829553855051
15236,9421.207068010946
15237,10859.283652664046
15238,12555.023137397457
15239,9717.652584557496
15240,12657.060871545502
15241,7993.566118538608
15242,13317.404775887957
15243,12395.32463620428
15244,9705.55394302212
15245,4852.166260397494
15246,7716.67020733014
15247,11909.472172201073
15248,5940.868940090909
15249,15215.595390642953
15250,8313.228579758035
15251,11148.198372140658
15252,16320.123048317237
15253,7967.400699078498
15254,7443.81602128661
15255,14891.40449049277
15256,15534.177776743447
15257,6966.846478939568
15258,13627.937036135632
15259,14698.365240814268
15260,8226.341677081666
15261,7163.615927200434
15262,10712.776594164487
15263,8516.247633922581
15264,6803.774008508689
15265,10388.87440976016
15266,7233.71459443008
15267,8329.362252358002
15268,12708.804380697165
15269,11246.045003459829
15270,15136.110755192069
15271,8963.200703748884
15272,11760.339893340572
15273,6394.768773387902
15274,10905.6646187527
15275,11520.621065391646
15276,9482.65799700872
15277,9004.66618121382
15278,10618.900805035051
15279,13901.091344233702
15280,9110.633462088224
15281,7792.377357063886
15282,9630.1608156856
15283,9417.96825228162
15284,11122.734388026553
15285,6059.555483950952
15286,6209.2957782771
15287,10539.447166564541
15288,7309.422893551149
15289,8543.144003582182
15290,13618.37891585415
15291,8066.279576897136
15292,13031.212823219135
15293,8067.076345457524
15294,5515.52143476829
15295,9876.180705831053
15296,9609.303969756125
15297,11861.452564175228
15298,13486.542720577956
15299,13562.57196417501
15300,6443.093712970902
15301,13710.894752796234
15302,5159.683475858512
15303,4364.857835756505
15304,12888.30085418669
15305,16301.309091203355
15306,12186.581734153737
15307,11896.767063065938
15308,8915.685496255832
15309,11341.87654690802
15310,15061.81376333748
15311,10077.608325106112
15312,12250.237776745505
15313,7542.877869774872
15314,6272.882952755257
15315,7271.765825018516
15316,7387.128171844051
15317,8277.145110592024
15318,8978.852576071564
15319,8464.653628475824
15320,5649.629028603023
15321,9540.46955862994
15322,12332.770450564958
15323,8337.508734283194
15324,8999.066744985073
15325,11434.476587869238
15326,8207.550316399098
15327,6772.682362346905
15328,13681.368759651707
15329,12057.710434402383
15330,8172.353715651336
15331,6384.081049331835
15332,19923.814182010374
15333,9035.174786075484
15334,10111.23717989426
15335,16539.786962713075
15336,11959.50890790089
15337,13836.907104897158
15338,8712.459138557913
15339,10118.984449350786
15340,15587.769281497292
15341,21641.640815517727
15342,10016.252188502385
15343,7988.051371285442
15344,7254.864367992477
15345,10376.12440986406
15346,8579.621078626527
15347,12302.69018432631
15348,15749.386343573116
15349,7469.649342405426
15350,6948.550095378153
15351,9521.506360720241
15352,13796.97605023873
15353,7317.770299537643
15354,12247.666675707513
15355,5325.269159135566
15356,11372.317095970177
15357,11196.407300732066
15358,11677.046563257749
15359,14830.685680819415
15360,9864.887364376711
15361,6079.940393598811
15362,8517.484968666071
15363,11445.546155293978
15364,12285.626792018937
15365,12371.84503769956
15366,10798.97473815433
15367,9774.945739291132
15368,6723.837577550801
15369,14902.939903757471
15370,5863.157191719461
15371,14171.794549968934
15372,7796.242969516033
15373,6486.720668050446
15374,11211.873812377287
15375,8203.948216877285
15376,9709.778941663375
15377,11799.932895640337
15378,7071.641765595929
15379,6886.942596061977
15380,12269.867607045422
15381,13927.283987074617
15382,13973.148597835347
15383,6782.7578455634675
15384,8429.621449847262
15385,10904.956807257726
15386,9049.43860561016
15387,8190.674897779193
15388,15283.878837453221
15389,14078.068109863481
15390,15158.513114175372
15391,6240.379350001778
15392,10437.579933576786
15393,9882.97437168808
15394,14503.43570346964
15395,9037.05991308429
15396,16992.339053681666
15397,9324.269151613118
15398,7928.8979709415535
15399,7669.601659054497
15400,8752.876744492614
15401,7644.768697216773
15402,11609.425720899026
15403,7327.659894678094
15404,8616.939797632973
15405,15667.2098447548
15406,9037.616755343475
15407,26197.821115564617
15408,9907.783780154812
15409,0.0
15410,0.0
15411,0.0
15412,0.0
15413,0.0
15414,0.0
15415,0.0
15416,0.0
15417,0.0
15418,0.0
15419,0.0
15420,0.0
15421,0.0
15422,0.0
15423,0.0
15424,0.0
15425,0.0
15426,0.0
15427,0.0
15428,0.0
15429,0.0
15430,0.0
15431,0.0
15432,0.0
15433,0.0
15434,0.0
15435,0.0
15436,0.0
15437,0.0
15438,0.0
15439,0.0
15440,0.0
15441,0.0
15442,0.0
15443,0.0
15444,0.0
15445,0.0
15446,0.0
15447,0.0
15448,0.0
15449,0.0
15450,0.0
15451,0.0
15452,0.0
15453,0.0
15454,0.0
15455,0.0
15456,0.0
15457,0.0
15458,0.0
15459,0.0
15460,0.0
15461,0.0
15462,0.0
15463,0.0
15464,0.0
15465,0.0
15466,0.0
15467,0.0
15468,0.0
15469,0.0
15470,0.0
15471,0.0
15472,0.0
15473,0.0
15474,0.0
15475,0.0
15476,0.0
15477,0.0
15478,0.0
15479,0.0
15480,0.0
15481,0.0
15482,0.0
15483,0.0
15484,0.0
15485,0.0
15486,0.0
15487,0.0
15488,0.0
15489,0.0
15490,0.0
15491,0.0
15492,0.0
15493,0.0
15494,0.0
15495,0.0
15496,0.0
15497,0.0
15498,0.0
15499,0.0
15500,4161.030822336931
15501,0.0
15502,0.0
15503,0.0
15504,0.0
15505,0.0
15506,0.0
15507,0.0
15508,0.0
15509,0.0
15510,0.0
15511,0.0
15512,0.0
15513,0.0
15514,0.0
15515,0.0
15516,0.0
15517,0.0
15518,0.0
15519,0.0
15520,0.0
15521,0.0
15522,0.0
15523,0.0
15524,0.0
15525,0.0
15526,0.0
15527,0.0
15528,0.0
15529,0.0
15530,0.0
15531,0.0
15532,0.0
15533,0.0
15534,0.0
15535,0.0
15536,0.0
15537,0.0
15538,0.0
15539,0.0
15540,0.0
15541,0.0
15542,0.0
15543,0.0
15544,0.0
15545,0.0
15546,0.0
15547,0.0
15548,0.0
15549,0.0
15550,0.0
15551,0.0
15552,0.0
15553,0.0
15554,0.0
15555,0.0
15556,0.0
15557,0.0
15558,0.0
15559,0.0
15560,0.0
15561,0.0
15562,0.0
15563,0.0
15564,0.0
15565,0.0
15566,0.0
15567,0.0
15568,2995.7676722012493
15569,0.0
15570,0.0
15571,0.0
15572,0.0
15573,0.0
15574,0.0
15575,0.0
15576,0.0
15577,0.0
15578,0.0
15579,0.0
15580,0.0
15581,0.0
15582,0.0
15583,0.0
15584,0.0
15585,0.0
15586,0.0
15587,0.0
15588,0.0
15589,0.0
15590,0.0
15591,0.0
15592,0.0
15593,0.0
15594,0.0
15595,0.0
15596,0.0
15597,0.0
15598,0.0
15599,0.0
15600,0.0
15601,0.0
15602,0.0
15603,0.0
15604,0.0
15605,0.0
15606,0.0
15607,0.0
15608,0.0
15609,15782.379290687646
15610,31006.707796116472
15611,0.0
15612,0.0
15613,0.0
15614,0.0
15615,0.0
15616,0.0
15617,0.0
15618,7212.799088641549
15619,0.0
15620,0.0
15621,0.0
15622,0.0
15623,0.0
15624,0.0
15625,0.0
15626,0.0
15627,0.0
15628,0.0
15629,0.0
15630,0.0
15631,0.0
15632,0.0
15633,0.0
15634,0.0
15635,0.0
15636,0.0
15637,4965.024437013015
15638,0.0
15639,0.0
15640,0.0
15641,0.0
15642,0.0
15643,0.0
15644,0.0
15645,0.0
15646,0.0
15647,4025.189356352566
15648,0.0
15649,0.0
15650,0.0
15651,0.0
15652,0.0
15653,0.0
15654,0.0
15655,0.0
15656,0.0
15657,0.0
15658,0.0
15659,0.0
15660,0.0
15661,0.0
15662,0.0
15663,0.0
15664,0.0
15665,9541.007548872609
15666,0.0
15667,0.0
15668,0.0
15669,0.0
15670,0.0
15671,0.0
15672,0.0
15673,0.0
15674,0.0
15675,0.0
15676,0.0
15677,0.0
15678,0.0
15679,0.0
15680,0.0
15681,0.0
15682,8634.364565309608
15683,0.0
15684,0.0
15685,0.0
15686,0.0
15687,0.0
15688,0.0
15689,0.0
15690,0.0
15691,0.0
15692,0.0
15693,0.0
15694,0.0
15695,0.0
15696,0.0
15697,0.0
15698,0.0
15699,0.0
15700,0.0
15701,0.0
15702,0.0
15703,0.0
15704,0.0
15705,0.0
15706,0.0
15707,0.0
15708,0.0
15709,0.0
15710,0.0
15711,0.0
15712,0.0
15713,0.0
15714,0.0
15715,0.0
15716,0.0
15717,0.0
15718,0.0
15719,0.0
15720,0.0
15721,0.0
15722,0.0
15723,0.0
15724,0.0
15725,0.0
15726,0.0
15727,0.0
15728,0.0
15729,0.0
15730,0.0
15731,0.0
15732,0.0
15733,0.0
15734,0.0
15735,0.0
15736,0.0
15737,0.0
15738,0.0
15739,0.0
15740,0.0
15741,0.0
15742,0.0
15743,0.0
15744,1860.2992845602748
15745,0.0
15746,0.0
15747,0.0
15748,0.0
15749,0.0
15750,0.0
15751,0.0
15752,0.0
15753,0.0
15754,0.0
15755,0.0
15756,0.0
15757,0.0
15758,5680.523587765212
15759,0.0
15760,0.0
15761,0.0
15762,0.0
15763,0.0
15764,0.0
15765,0.0
15766,0.0
15767,0.0
15768,0.0
15769,0.0
15770,0.0
15771,0.0
15772,0.0
15773,0.0
15774,0.0
15775,0.0
15776,0.0
15777,0.0
15778,0.0
15779,0.0
15780,0.0
15781,0.0
15782,0.0
15783,0.0
15784,0.0
15785,0.0
15786,0.0
15787,0.0
15788,0.0
15789,0.0
15790,0.0
15791,0.0
15792,0.0
15793,0.0
15794,0.0
15795,0.0
15796,0.0
15797,0.0
15798,0.0
15799,0.0
15800,0.0
15801,7440.3500415439485
15802,0.0
15803,0.0
15804,0.0
15805,0.0
15806,0.0
15807,0.0
15808,0.0
15809,0.0
15810,0.0
15811,2881.759981010902
15812,0.0
15813,0.0
15814,0.0
15815,5640.399836559763
15816,0.0
15817,0.0
15818,0.0
15819,0.0
15820,0.0
15821,0.0
15822,0.0
15823,0.0
15824,0.0
15825,0.0
15826,0.0
15827,0.0
15828,0.0
15829,0.0
15830,0.0
15831,0.0
15832,0.0
15833,0.0
15834,0.0
15835,0.0
15836,0.0
15837,0.0
15838,0.0
15839,0.0
15840,0.0
15841,0.0
15842,18886.65648205246
15843,0.0
15844,0.0
15845,0.0
15846,0.0
15847,0.0
15848,0.0
15849,0.0
15850,0.0
15851,0.0
15852,0.0
15853,0.0
15854,0.0
15855,0.0
15856,6239.280065959848
15857,0.0
15858,0.0
15859,0.0
15860,0.0
15861,0.0
15862,0.0
15863,0.0
15864,0.0
15865,0.0
15866,0.0
15867,0.0
15868,0.0
15869,0.0
15870,0.0
15871,0.0
15872,0.0
15873,0.0
15874,0.0
15875,0.0
15876,0.0
15877,0.0
15878,0.0
15879,0.0
15880,0.0
15881,0.0
15882,0.0
15883,0.0
15884,0.0
15885,0.0
15886,0.0
15887,0.0
15888,0.0
15889,0.0
15890,0.0
15891,0.0
15892,0.0
15893,0.0
15894,0.0
15895,0.0
15896,0.0
15897,0.0
15898,0.0
15899,0.0
15900,0.0
15901,0.0
15902,0.0
15903,0.0
15904,0.0
15905,0.0
15906,0.0
15907,0.0
15908,0.0
15909,0.0
15910,0.0
15911,0.0
15912,0.0
15913,0.0
15914,0.0
15915,0.0
15916,0.0
15917,0.0
15918,0.0
15919,0.0
15920,0.0
15921,0.0
15922,0.0
15923,0.0
15924,0.0
15925,0.0
15926,0.0
15927,0.0
15928,0.0
15929,0.0
15930,0.0
15931,12347.19241705855
15932,0.0
15933,0.0
15934,0.0
15935,0.0
15936,0.0
15937,0.0
15938,0.0
15939,0.0
15940,0.0
15941,0.0
15942,0.0
15943,0.0
15944,0.0
15945,0.0
15946,0.0
15947,0.0
15948,0.0
15949,0.0
15950,0.0
15951,0.0
15952,0.0
15953,0.0
15954,0.0
15955,0.0
15956,0.0
15957,0.0
15958,0.0
15959,0.0
15960,0.0
15961,0.0
15962,0.0
15963,0.0
15964,0.0
15965,0.0
15966,0.0
15967,0.0
15968,0.0
15969,0.0
15970,0.0
15971,0.0
15972,0.0
15973,0.0
15974,0.0
15975,4471.361957606101
15976,16366.413977933276
15977,0.0
15978,0.0
15979,0.0
15980,0.0
15981,0.0
15982,0.0
15983,0.0
15984,0.0
15985,0.0
15986,0.0
15987,0.0
15988,0.0
15989,0.0
15990,0.0
15991,0.0
15992,0.0
15993,0.0
15994,0.0
15995,0.0
15996,0.0
15997,0.0
15998,0.0
15999,0.0
16000,0.0
16001,0.0
16002,0.0
16003,0.0
16004,12045.472042951651
16005,0.0
16006,0.0
16007,0.0
16008,0.0
16009,0.0
16010,0.0
16011,0.0
16012,0.0
16013,0.0
16014,0.0
16015,0.0
16016,0.0
16017,0.0
16018,0.0
16019,0.0
16020,0.0
16021,0.0
16022,0.0
16023,0.0
16024,0.0
16025,0.0
16026,0.0
16027,0.0
16028,0.0
16029,0.0
16030,0.0
16031,0.0
16032,0.0
16033,0.0
16034,0.0
16035,0.0
16036,0.0
16037,0.0
16038,0.0
16039,0.0
16040,0.0
16041,0.0
16042,0.0
16043,0.0
16044,0.0
16045,0.0
16046,0.0
16047,0.0
16048,0.0
16049,0.0
16050,0.0
16051,0.0
16052,0.0
16053,0.0
16054,0.0
16055,0.0
16056,0.0
16057,0.0
16058,0.0
16059,0.0
16060,0.0
16061,0.0
16062,0.0
16063,0.0
16064,0.0
16065,0.0
16066,0.0
16067,0.0
16068,0.0
16069,0.0
16070,0.0
16071,0.0
16072,0.0
16073,0.0
16074,3201.9900828092814
16075,0.0
16076,0.0
16077,0.0
16078,2560.353831065545
16079,0.0
16080,0.0
16081,0.0
16082,0.0
16083,0.0
16084,0.0
16085,0.0
16086,0.0
16087,0.0
16088,0.0
16089,0.0
16090,0.0
16091,0.0
16092,0.0
16093,0.0
16094,0.0
16095,0.0
16096,0.0
16097,0.0
16098,0.0
16099,0.0
16100,0.0
16101,0.0
16102,0.0
16103,0.0
16104,0.0
16105,0.0
16106,0.0
16107,0.0
16108,0.0
16109,0.0
16110,0.0
16111,0.0
16112,0.0
16113,0.0
16114,0.0
16115,0.0
16116,0.0
16117,0.0
16118,0.0
16119,0.0
16120,0.0
16121,0.0
16122,0.0
16123,0.0
16124,0.0
16125,0.0
16126,0.0
16127,0.0
16128,0.0
16129,2633.2547628073653
16130,0.0
16131,0.0
16132,0.0
16133,0.0
16134,0.0
16135,0.0
16136,0.0
16137,0.0
16138,0.0
16139,0.0
16140,0.0
16141,0.0
16142,0.0
16143,0.0
16144,10938.050228091302
16145,0.0
16146,0.0
16147,0.0
16148,0.0
16149,0.0
16150,0.0
16151,0.0
16152,0.0
16153,0.0
16154,0.0
16155,0.0
16156,0.0
16157,0.0
16158,0.0
16159,0.0
16160,0.0
16161,0.0
16162,0.0
16163,0.0
16164,0.0
16165,0.0
16166,0.0
16167,0.0
16168,0.0
16169,0.0
16170,0.0
16171,0.0
16172,0.0
16173,0.0
16174,0.0
16175,0.0
16176,0.0
16177,0.0
16178,0.0
16179,0.0
16180,0.0
16181,0.0
16182,0.0
16183,0.0
16184,0.0
16185,0.0
16186,0.0
16187,0.0
16188,0.0
16189,0.0
16190,0.0
16191,0.0
16192,0.0
16193,0.0
16194,0.0
16195,0.0
16196,0.0
16197,0.0
16198,0.0
16199,0.0
16200,0.0
16201,0.0
16202,0.0
16203,0.0
16204,0.0
16205,0.0
16206,0.0
16207,0.0
16208,5240.260284169425
16209,0.0
16210,0.0
16211,0.0
16212,0.0
16213,0.0
16214,0.0
16215,0.0
16216,0.0
16217,0.0
16218,0.0
16219,0.0
16220,0.0
16221,0.0
16222,0.0
16223,0.0
16224,0.0
16225,0.0
16226,0.0
16227,0.0
16228,0.0
16229,0.0
16230,0.0
16231,0.0
16232,0.0
16233,0.0
16234,0.0
16235,0.0
16236,0.0
16237,0.0
16238,0.0
16239,0.0
16240,0.0
16241,0.0
16242,0.0
16243,0.0
16244,0.0
16245,0.0
16246,0.0
16247,0.0
16248,0.0
16249,12316.298883739819
16250,5670.376051976267
16251,0.0
16252,0.0
16253,0.0
16254,0.0
16255,0.0
16256,0.0
16257,0.0
16258,0.0
16259,0.0
16260,0.0
16261,0.0
16262,0.0
16263,0.0
16264,0.0
16265,4256.265305147354
16266,4039.599942678441
16267,7147.860758961073
16268,3481.1467458099105
16269,6533.593552228493
16270,4492.925954584244
16271,6396.422522170909
16272,6273.686511128949
16273,4403.223410101281
16274,3307.453472294157
16275,6197.6199100570775
16276,4949.2115919319795
16277,4728.922492389679
16278,5736.30363033818
16279,4693.018851401374
16280,3506.393140538575
16281,4498.2966662796625
16282,7478.139003448893
16283,8653.015435023228
16284,7257.822980250186
16285,7631.806809002179
16286,4051.7694073953176
16287,5845.734593220996
16288,2264.190065189417
16289,8453.982280566961
16290,8194.567564779712
16291,9483.532139136953
16292,6229.742181717846
16293,3025.8139429931293
16294,4726.340497431518
16295,6085.709910120398
16296,8104.66401958863
16297,3955.45648492989
16298,5595.44156371984
16299,4608.26821704233
16300,6110.54186698002
16301,2573.3525345337744
16302,7282.575615684983
16303,4318.53889661963
16304,7155.735711484892
16305,6396.015222925444
16306,4010.330703707136
16307,8293.117729902007
16308,6194.228679398848
16309,4616.379483958434
16310,3608.177980916335
16311,8337.058339252875
16312,10218.866068620457
16313,5680.92397635812
16314,5141.7286678009805
16315,9624.431936874616
16316,7448.8687363512945
16317,5381.341618918953
16318,6715.265053211606
16319,2240.468888808369
16320,2743.0852330907173
16321,4841.065760787494
16322,6797.3555626847065
16323,7973.394315132236
16324,7234.575466028719
16325,3954.845520677198
16326,8060.518448865784
16327,7888.612501891025
16328,5147.353476117118
16329,2944.503990738171
16330,11356.01850590148
16331,3637.9617776092055
16332,4328.37858131211
16333,7572.762528584589
16334,3678.3595532563036
16335,5849.015227028925
16336,2817.558227326707
16337,5705.497371591553
16338,5047.027619081951
16339,5854.094760241281
16340,7688.513621840278
16341,8699.059054368683
16342,6413.775868855342
16343,3409.235474656352
16344,7097.056474147091
16345,12607.833222740133
16346,5820.456105596345
16347,3437.6161342749856
16348,5973.494231121082
16349,5561.144337203294
16350,6663.702403560425
16351,9148.950863007096
16352,2186.7995394688587
16353,8787.065778096632
16354,4951.700168704635
16355,5321.489398908548
16356,8128.066041899661
16357,2821.2484226834854
16358,5098.948997160936
16359,4676.796985495919
16360,7582.652554286254
16361,7221.521816745163
16362,4032.2698667102904
16363,4581.292830885557
16364,6802.336418882963
16365,5891.210017909959
16366,5003.451580106751
16367,6787.079071466844
16368,3983.2925363134796
16369,6283.214405033549
16370,4619.5151871304215
16371,3117.03194042189
16372,5462.836447407296
16373,6027.348956787124
16374,6381.108164884022
16375,7121.873844793348
16376,8089.817302163216
16377,3995.7385111217327
16378,8655.2519562674
16379,3183.355355697705
16380,3587.740393788192
16381,7432.210019853261
16382,6445.446792046793
16383,7253.37106817997
16384,9261.666143208156
16385,6486.338437006595
16386,4928.382485376172
16387,6870.485381684048
16388,6912.004197566473
16389,3837.4776107982534
16390,2597.3070810629306
16391,5589.751158653674
16392,4507.486872100962
16393,5219.082641692092
16394,3188.888376825769
16395,5686.593840691709
16396,6597.867556362728
16397,6181.855612130145
16398,6014.772087678434
16399,2818.1023732606363
16400,6717.483129313337
16401,7348.096671372341
16402,3334.528913792936
16403,5519.424752290498
16404,3635.41540714026
16405,5564.380217192688
16406,3510.772607911232
16407,4574.026311485737
16408,4911.454878874061
16409,7011.358673630903
16410,6103.754578215817
16411,6620.840374328382
16412,13083.968544074753
16413,4145.113665034993
16414,4558.871163482592
16415,10433.446358619294
16416,5562.509766389103
16417,8076.12910178014
16418,6749.573830342297
16419,5673.869124521929
16420,5956.203236193095
16421,4255.614946291071
16422,5014.372426190439
16423,8189.984842211025
16424,5840.06300072052
16425,2867.310132753984
16426,3699.6590852208165
16427,7721.17611544083
16428,9702.069971545794
16429,6036.471175246849
16430,6223.882167064921
16431,4503.057027778982
16432,2251.709884897558
16433,1811.9986975956044
16434,3658.710576767381
16435,6054.288173848733
16436,6455.795580458231
16437,4689.954041419021
16438,4248.88710036862
16439,8025.274997846493
16440,7783.448631288543
16441,8203.51155384866
16442,4737.6625351500115
16443,7920.004151669216
16444,9290.367839496497
16445,3419.2725496866788
16446,5658.777510925828
16447,5380.156758855595
16448,6650.762154713972
16449,2750.0084176563146
16450,5521.069796043131
16451,4771.781847925162
16452,8038.4273435428995
16453,6058.733933443241
16454,7198.2113336826105
16455,7564.378002069804
16456,5205.944011698194
16457,7506.442688627735
16458,17599.94954121962
16459,8272.207824550536
16460,3728.482767875547
16461,3431.210652392771
16462,6474.309503693219
16463,9007.410290764043
16464,4394.613465574102
16465,8858.615543976612
16466,17769.313713224445
16467,4854.83430419345
16468,2584.4003042487966
16469,10893.80163869319
16470,3337.233580605729
16471,6201.274993176361
16472,3303.98081659372
16473,6127.986765510328
16474,3814.8352617163423
16475,6512.04659189795
16476,5012.749211494061
16477,5540.01319767019
16478,9143.182595476323
16479,5761.858669367805
16480,6233.978613178316
16481,7405.370425705133
16482,5398.456331436564
16483,6040.224908924113
16484,8742.809836298895
16485,5434.01267724501
16486,5261.565919000215
16487,4177.442524922023
16488,3398.851116525917
16489,5745.9717474125255
16490,4485.460020774481
16491,4591.288799519515
16492,7833.803480010957
16493,9114.259539706434
16494,7200.068785032578
16495,4623.361787614758
16496,4163.024505105529
16497,4348.429455615969
16498,5211.568127956609
16499,6760.600352537935
16500,2762.8049914925923
16501,6975.283777022419
16502,5286.149412055074
16503,9368.354659094699
16504,5369.551992232952
16505,4066.273750983738
16506,3312.6515255834233
16507,2988.0146935526022
16508,8457.002035491445
16509,5595.5897972502535
16510,6736.903763726002
16511,13043.455154147394
16512,7394.437901037574
16513,4348.05046297989
16514,5526.099919635591
16515,2597.675855706083
16516,4562.029207856104
16517,4401.94979022342
16518,3734.000911802201
16519,8956.641816470428
16520,4693.515280067249
16521,9448.97224938715
16522,10940.54502212277
16523,5312.114707084636
16524,5070.163841217641
16525,5227.499620787649
16526,5575.032376459889
16527,4882.172967536426
16528,11040.496844489477
16529,6025.41136800966
16530,7464.3857953222405
16531,3276.6035846416066
16532,5516.867528184809
16533,5446.55243497012
16534,8669.62051400377
16535,6290.744889657721
16536,5478.195300424074
16537,7108.745797820425
16538,4594.719102823527
16539,8362.972814531899
16540,7278.41588957757
16541,6104.899179116864
16542,9391.223222327904
16543,7115.717691870037
16544,8670.947164805768
16545,3488.751222300031
16546,5656.936153960661
16547,5189.92007385053
16548,8357.928719491172
16549,6862.824825551062
16550,7073.220470899558
16551,5759.405946658263
16552,8107.176537616694
16553,4504.5887028696125
16554,7620.371362249262
16555,6650.545953042845
16556,3135.2148002118256
16557,13611.263369732578
16558,15458.957082268833
16559,7298.594005472869
16560,6659.995193024464
16561,7439.009887839575
16562,8208.478034978463
16563,8275.40159833974
16564,3238.603833263697
16565,4410.177781067216
16566,5743.717860318276
16567,8099.10758552994
16568,2577.630814139369
16569,4452.478521395207
16570,5612.8713866579765
16571,5098.73610003439
16572,4736.702702399263
16573,2952.741013794805
16574,2861.524528487568
16575,7070.858308677203
16576,3533.9497458566516
16577,4383.409501532474
16578,5575.783623875452
16579,5820.880550830145
16580,8577.685199942012
16581,10746.484772890975
16582,4737.186836922503
16583,6896.961351534168
16584,6484.63321132196
16585,10639.870115951167
16586,4944.415318469436
16587,2814.047144626342
16588,4966.255144728669
16589,13720.596629940399
16590,4239.233547029718
16591,7538.310646688975
16592,2074.728664770762
16593,3684.72927613091
16594,5574.764266501662
16595,6358.893020413317
16596,5353.940909362657
16597,8602.70897699113
16598,8789.503598846299
16599,8001.56087433312
16600,4202.709557802436
16601,11280.076551387736
16602,2057.5495109488306
16603,3439.198332651681
16604,6968.785099448656
16605,4513.258098356992
16606,10750.497972851741
16607,2652.1903516146094
16608,5031.588364821258
16609,5436.126034613419
16610,7593.045144059029
16611,9627.271242970903
16612,4735.925601284041
16613,3206.2051232811887
16614,9367.250393518989
16615,9436.800382378797
16616,4640.46417556761
16617,5204.762001415607
16618,8346.590027713351
16619,6142.086370697139
16620,4612.430831320589
16621,3590.210087360516
16622,7189.967611664832
16623,4216.690206971082
16624,12903.316361731611
16625,8004.6824747026
16626,13611.459074572313
16627,6489.683543002076
16628,4768.361499348944
16629,2170.5915341523623
16630,6599.997114171339
16631,5690.4571563501395
16632,4973.72650519414
16633,9699.896483626646
16634,5311.7608731421105
16635,2798.75508591391
16636,7457.66556645972
16637,3659.0998525458626
16638,8714.877814858426
16639,7211.511681945903
16640,6911.847671394802
16641,8330.631593492843
16642,4334.634195896782
16643,7014.845865363292
16644,7173.9999855300375
16645,5094.396131819012
16646,6228.105163105677
16647,4081.3243749593416
16648,8625.865446467888
16649,5816.116698076193
16650,3362.4014209355378
16651,4991.077258645323
16652,8088.038522119826
16653,6164.467058790344
16654,3574.9417058106405
16655,5181.079092804366
16656,5058.215556151684
16657,4728.771828948347
16658,5045.047694224421
16659,9981.769362456082
16660,4974.566524923971
16661,3539.3066672241007
16662,5583.839582436054
16663,6132.295229745255
16664,3352.19602960025
16665,5141.805852615765
16666,7972.908949005126
16667,7993.273588167904
16668,10661.072528502595
16669,8481.591921892536
16670,7976.551135454135
16671,6644.9181136427715
16672,4539.877467874541
16673,10174.326342784987
16674,8059.724622970523
16675,6532.363179678862
16676,5117.526287496591
16677,5561.054030148838
16678,4455.849980462973
16679,2177.017351341297
16680,12089.555402532393
16681,5996.137083961871
16682,6035.672840448078
16683,4668.327313326866
16684,1432.6180106781376
16685,8203.066250216094
16686,6291.097499760612
16687,4839.953875087971
16688,3834.8858760309713
16689,5799.154959392845
16690,5850.17307528189
16691,3888.46111863587
16692,9235.85052314689
16693,4617.609322848638
16694,4914.808454351234
16695,3620.3163725474215
16696,2790.7806777037954
16697,4640.480392197145
16698,12910.131257432618
16699,4586.080180378779
16700,5634.818376738271
16701,5000.2082152020785
16702,3922.853913403281
16703,3468.378444232218
16704,5650.736040295524
16705,2873.839052380308
16706,9189.418043877431
16707,5911.839442493423
16708,2678.3864833403254
16709,7904.8930532633385
16710,2267.413428132663
16711,4248.985029351089
16712,9975.531478883273
16713,7870.021393727691
16714,9200.8053191456
16715,2378.2040259533537
16716,4711.121975025383
16717,4666.181811940796
16718,4766.302684218646
16719,16621.946246045845
16720,10927.234632693824
16721,5319.260416691844
16722,2857.9209754228054
16723,5196.059973248178
16724,4268.441262534216
16725,2534.3357949299248
16726,8209.316805500506
16727,4769.501383835003
16728,5507.112734990501
16729,7634.739000614646
16730,4400.708060060716
16731,5162.120987213863
16732,5935.381163449121
16733,6414.645023236525
16734,6149.365405033078
16735,2862.404848122982
16736,5487.080175615007
16737,6219.892101475046
16738,7703.288804848251
16739,5812.4072865083635
16740,6834.004259598974
16741,2210.0192787439964
16742,8688.416226579977
16743,5233.191489660887
16744,3028.8764671880485
16745,4537.046787967905
16746,4301.136229561866
16747,4767.182108962489
16748,6442.5211060315805
16749,3978.770671954535
16750,5984.4276514964495
16751,5188.74547552614
16752,7936.288897505309
16753,7805.948106767185
16754,4753.505300413811
16755,7227.228701236762
16756,6048.7518635634115
16757,2669.0649025531575
16758,10791.97560632363
16759,4110.089055387047
16760,3453.48870010364
16761,6594.796304532654
16762,9297.473345505845
16763,9325.25941523908
16764,4214.990952704269
16765,5092.038678558164
16766,6484.513559000649
16767,7072.800925739326
16768,4382.79145564656
16769,8760.004928931216
16770,2943.1150354506326
16771,5022.649894469491
16772,3658.786630460203
16773,3182.3326611039347
16774,2700.076360196231
16775,6680.278794808262
16776,6658.638898028989
16777,5241.571184531236
16778,4736.619868796013
16779,7695.183986554904
16780,7956.147529669764
16781,4854.653404238844
16782,5261.400367795899
16783,5044.217394541589
16784,6631.144697876629
16785,5394.70913082099
16786,1898.8331666492813
16787,5997.511025106674
16788,6558.328143787803
16789,6428.061644095641
16790,5939.523540286549
16791,2696.5105418141793
16792,9636.801187162891
16793,2608.450399859002
16794,9020.709416415544
16795,4927.189262623926
16796,4535.078912034433
16797,7915.39299512742
16798,3820.4049193755045
16799,4329.522265555584
16800,8447.69023909386
16801,2683.3423831217688
16802,7039.823118403807
16803,9789.556312329378
16804,6293.505385813802
16805,2354.0253111461648
16806,4895.161661728133
16807,3512.8905769329835
16808,2186.1004258714606
16809,5061.554358537119
16810,6347.377522708576
16811,5090.642847120405
16812,4363.567290828965
16813,4876.364652851658
16814,4731.043594299297
16815,9706.511804985468
16816,4893.390443426832
16817,5682.890384807123
16818,4228.925616802025
16819,5517.011535435253
16820,5655.736106229204
16821,6456.167762689309
16822,8817.929430947821
16823,8010.515524057795
16824,7669.53383705046
16825,5623.42805062783
16826,5522.942974742728
16827,2726.3464133462553
16828,5306.061136965687
16829,8883.28485619794
16830,6422.505242478596
16831,7324.619917901201
16832,14069.176694210646
16833,3212.3909324618817
16834,4592.215922275194
16835,4410.8461486767865
16836,8247.900981052937
16837,9542.237686923641
16838,7034.6473789680485
16839,7290.751941688691
16840,7769.07607451019
16841,7487.127852376299
16842,6339.706131250695
16843,5061.326734495244
16844,2154.774367897443
16845,4634.106419047228
16846,3235.0444202991207
16847,3107.108004013896
16848,7334.636099864587
16849,18163.825705874762
16850,4959.803338223878
16851,2848.0854628626726
16852,4838.807423503354
16853,4251.194570217313
16854,6112.601424386963
16855,1995.2888564748293
16856,6089.154215629569
16857,6346.443765960821
16858,3682.306118268059
16859,11722.448151460878
16860,11038.046142554591
16861,3360.704015225126
16862,5406.066192116982
16863,3996.7860126672563
16864,3654.529769071301
16865,4269.399576203464
16866,8017.284428484249
16867,3854.8904968757533
16868,4494.819739531244
16869,4843.644223915762
16870,4936.713806321374
16871,5252.649385549455
16872,7622.637194630353
16873,2892.794592713369
16874,7747.507460488588
16875,7279.313491511821
16876,4512.100204290977
16877,4057.1473649331424
16878,3992.97889903725
16879,4681.016237462424
16880,4556.492558750346
16881,9518.742003707717
16882,4317.143635640378
16883,3979.4634039340513
16884,6658.140924147707
16885,5740.1262951896115
16886,5332.6609937198145
16887,5286.720398512407
16888,5604.123397650961
16889,9588.747454260854
16890,6500.1942522409045
16891,5742.400975322029
16892,3787.546056600069
16893,4326.0205349859025
16894,6503.082264316345
16895,3707.54903212428
16896,4832.727548936662
16897,5323.771945980608
16898,11489.184204356525
16899,8374.985974346755
16900,4756.932605430579
16901,5955.509832528497
16902,4743.881834166058
16903,7028.576170918452
16904,5302.514482924049
16905,9475.396721443765
16906,6346.0549817394185
16907,4983.256463444307
16908,4125.321553701314
16909,1808.425347086632
16910,4016.789931686536
16911,19130.05411777453
16912,2071.4270310921597
16913,4776.867411461872
16914,6224.6064135656725
16915,7550.650444471186
16916,7721.3766102423015
16917,7856.980032253359
16918,5688.943957312054
16919,5668.3359071441755
16920,2554.085415740022
16921,7375.918748548872
16922,3759.2059638076776
16923,6574.69214994512
16924,9230.124718631796
16925,3694.614874757665
16926,7789.81201092423
16927,6766.176252926527
16928,3445.6765250292246
16929,6768.696484243314
16930,7019.619893925228
16931,2631.2258530430363
16932,8740.16014602567
16933,6059.442664787096
16934,5133.38579061964
16935,8988.302616714289
16936,7944.217681917777
16937,6818.229343557103
16938,4446.80668719014
16939,3570.2722733586556
16940,5759.3866793681955
16941,3363.615994811508
16942,5642.4054397258105
16943,2629.102422235429
16944,5222.491335338765
16945,2767.1078122211356
16946,5230.799161964836
16947,5692.95236961087
16948,4642.831762221584
16949,4964.5896826106455
16950,9357.959106340195
16951,5245.789033479827
16952,8020.157115835046
16953,5275.867574540056
16954,5769.154378604938
16955,8089.89144414966
16956,7738.107553751173
16957,3937.9483070759097
16958,5051.524931116374
16959,5471.029266778743
16960,4484.924256042851
16961,11769.157384619692
16962,5337.70340432691
16963,5947.249665332563
16964,8378.91433689021
16965,6628.442246944668
16966,1885.056696455564
16967,9133.679276347266
16968,8729.28737116152
16969,6642.168398730271
16970,7318.511309924526
16971,7769.773058393712
16972,7995.160873683316
16973,5132.103728537329
16974,4069.1083020873293
16975,3275.2696243073387
16976,5738.574126364159
16977,7978.513223334387
16978,2667.655512588852
16979,7630.271391135059
16980,6778.423349097458
16981,5019.440779986362
16982,7419.436606075852
16983,4943.181822697003
16984,8324.30643327463
16985,3590.2613272168487
16986,4359.60435576349
16987,4846.584714678609
16988,4002.49565035605
16989,6094.878101619722
16990,6509.838894991266
16991,7788.17474182198
16992,6132.761381231647
16993,4025.611541892784
16994,5548.182784318279
16995,6561.7968202802695
16996,7792.296848879198
16997,3048.486338751988
16998,2746.3174515280125
16999,8432.275704832098
17000,5886.023677917494
17001,0.0
17002,7649.784188674342
17003,6750.038434861855
17004,6551.344874506476
17005,5094.589614185873
17006,1810.7231314021546
17007,5576.57172496618
17008,6112.454060923083
17009,5175.270755254182
17010,8188.753123404485
17011,6496.493724063425
17012,3374.3813160984987
17013,5860.381821174999
17014,3001.3937863949895
17015,1016.5948742077421
17016,6195.83992990564
17017,9183.209672733043
17018,5525.170725454861
17019,4222.412059011709
17020,2934.495605676778
17021,4956.988128878126
17022,8117.07414657427
17023,6058.629309952463
17024,7828.871693216549
17025,4039.888997933283
17026,4487.743013603378
17027,3261.794805700183
17028,6263.471801323349
17029,3358.9467723197663
17030,2523.5091718560675
17031,3947.0303834028596
17032,3592.199669293894
17033,6890.7354036300385
17034,4107.893500075913
17035,4996.561404216182
17036,5336.308595923148
17037,8547.958901533186
17038,5111.4262092164345
17039,4089.0313266807866
17040,10167.641110486224
17041,7159.96955961466
17042,6257.599006019327
17043,2054.5390064420476
17044,4963.720873280689
17045,5206.283025741443
17046,4190.354286987852
17047,7734.965669942158
17048,8712.715974978071
17049,6617.312321304167
17050,6789.984262292983
17051,5921.246527888874
17052,7836.219694254435
17053,11002.58214142383
17054,3378.9479158489034
17055,3803.6931379672105
17056,4790.739818173829
17057,5865.859266885871
17058,5717.458219116282
17059,8811.00685739481
17060,6947.292483651207
17061,6195.106600133127
17062,2729.2817661686913
17063,5800.5025046712135
17064,7526.090682936958
17065,3197.0009416130083
17066,6480.73088228696
17067,3109.951332442685
17068,6673.362835857043
17069,5236.536949688785
17070,5246.491174191369
17071,6288.191511234843
17072,4097.385431900691
17073,4517.449004771069
17074,7367.399899496886
17075,5006.656095832084
17076,8467.404407418133
17077,5680.21501570286
17078,8002.09911988355
17079,5173.587305606543
17080,3592.1670968305825
17081,8380.478424022986
17082,2856.6452196889254
17083,9503.320240844676
17084,5561.296437031795
17085,4467.226622535873
17086,7006.415592174992
17087,4997.871872142889
17088,3693.502217803129
17089,6258.416193195956
17090,3215.1534921071648
17091,2931.764104854209
17092,5339.62197200742
17093,5649.536506445612
17094,9813.334789605906
17095,5524.58780738007
17096,5234.006811606545
17097,3376.6479703578375
17098,5921.448453516414
17099,3109.2838150893645
17100,10328.862214592717
17101,7475.289230700088
17102,13131.91576704936
17103,5556.803820987062
17104,5352.1206846287005
17105,7181.933182807934
17106,7874.005518505158
17107,2791.590447132969
17108,8869.8398063994
17109,6494.99204322144
17110,5093.555342481019
17111,5637.532642580979
17112,4904.7429234007695
17113,3063.0212519481283
17114,5074.178458943937
17115,3637.037053401595
17116,2741.4657429937133
17117,7303.2743388104955
17118,6078.549898093174
17119,23751.518354510477
17120,7413.410147202116
17121,3800.9066415348725
17122,5993.023583617184
17123,10194.785199014972
17124,5256.840842208852
17125,6819.519135989667
17126,5000.081537341285
17127,7362.810856400712
17128,6190.636431988868
17129,4117.625432406095
17130,5087.20296954037
17131,6696.246036481409
17132,6488.820614421157
17133,6964.2621897593035
17134,7077.987334063674
17135,4099.031268336925
17136,4586.204403257555
17137,4708.942550905159
17138,9227.367400885938
17139,10336.343184492
17140,8362.166498031698
17141,7223.143075102629
17142,3636.357528367717
17143,5836.139734691784
17144,3248.0767389855578
17145,7933.350765321111
17146,9487.329927987299
17147,8674.791541397877
17148,5126.425463440894
17149,4386.906738637728
17150,3804.387478745289
17151,5995.807830125625
17152,9403.275186963856
17153,5496.255519210137
17154,4640.399928500464
17155,4302.949303747596
17156,7122.229006164131
17157,3358.7798543536283
17158,6502.650072077668
17159,3736.117342759337
17160,6277.255014327091
17161,5959.6128794787555
17162,5541.075893718253
17163,7309.179776016771
17164,5835.216626102618
17165,4136.123257824868
17166,6089.15583364649
17167,7155.860741832648
17168,10217.727246048966
17169,5636.188600461364
17170,6143.993835109673
17171,8203.636796483204
17172,8595.391502900811
17173,5764.630465680305
17174,8204.367675471412
17175,3447.02545543491
17176,4359.8082761020505
17177,5469.137976758346
17178,6906.999182707549
17179,8449.37866451724
17180,6592.196945174887
17181,4499.577264489916
17182,6716.797518560513
17183,6255.122100274689
17184,8026.064869285469
17185,3547.9085703848264
17186,12028.41100812322
17187,4244.980151677749
17188,5395.161007665261
17189,7807.347063150011
17190,3793.4003188095376
17191,5392.860511222066
17192,5856.213384247258
17193,6588.263821157521
17194,5054.527024201548
17195,5011.341799998013
17196,7084.6772435806
17197,8251.301530893115
17198,6713.97652336254
17199,4529.918110208574
17200,6866.333908899744
17201,11509.95176826359
17202,6886.893497204606
17203,4733.814305129364
17204,5733.482537112031
17205,5591.735128917648
17206,5835.82869083366
17207,7142.440981625899
17208,3611.1447673865855
17209,7703.887643701779
17210,5366.255907102044
17211,5966.154218468753
17212,8115.146003261103
17213,5537.079998402295
17214,5583.386839050176
17215,3955.8265817460515
17216,6964.619323204674
17217,8012.552879255697
17218,4400.59689821772
17219,4271.022561480672
17220,6068.288138304145
17221,5364.848040095251
17222,4645.884675913568
17223,8191.12825649731
17224,5682.678888902629
17225,6725.3002079762155
17226,4907.481643185268
17227,4513.383064989853
17228,5381.492363955681
17229,7612.26637988891
17230,6316.305886018379
17231,7596.521142306657
17232,7826.86523477907
17233,5059.601813694439
17234,8550.85669045544
17235,5009.524498374789
17236,5450.94476625501
17237,7645.486301545585
17238,5609.969322581677
17239,9016.960395535985
17240,7572.187303139043
17241,6290.0959207015085
17242,5232.524680732713
17243,7016.821649883321
17244,6341.043251177224
17245,5220.156044082524
17246,3143.86925396981
17247,5212.300081116718
17248,6275.239658954035
17249,5255.739382794355
17250,3761.3602150389966
17251,7278.673236199883
17252,5607.016306345492
17253,5815.107041814836
17254,5091.529405511539
17255,4747.396106491893
17256,6555.385337249382
17257,6757.8552941414555
17258,5185.897015446449
17259,5179.27338385074
17260,5071.489957128159
17261,6416.152129277415
17262,3094.02208327192
17263,6669.187727977018
17264,4285.660617035859
17265,7741.7899552973
17266,6426.660053722121
17267,5197.1420032732085
17268,10067.950893986595
17269,3840.6666125590855
17270,4511.50843956811
17271,9835.684603841686
17272,6563.571314527045
17273,7571.932919219444
17274,7655.807463621215
17275,5602.086196033722
17276,5627.402692848787
17277,4928.367829321086
17278,7155.243050423168
17279,9246.585337026538
17280,6743.8566641861
17281,2708.502461379712
17282,4534.3267299346735
17283,7621.074236477526
17284,9055.288893050172
17285,5378.6171328370065
17286,6235.999755445612
17287,4780.100286719509
17288,4346.9594744298265
17289,3025.6855972509206
17290,4379.044380831859
17291,6325.591692826128
17292,6062.190243508961
17293,5411.920113208395
17294,5894.348343582809
17295,7768.788043167715
17296,8153.361256610256
17297,7978.829407443472
17298,4245.473553808297
17299,8536.68357534455
17300,9665.890355438456
17301,4541.235501223659
17302,7062.326159316146
17303,5010.1364573749015
17304,6666.901484264204
17305,3278.9917389476404
17306,6045.950456191865
17307,4666.772673645963
17308,7840.0940953591335
17309,7220.107580567533
17310,7466.1235619108975
17311,7852.964977752597
17312,5627.211639993763
17313,6939.014192378734
17314,16627.266033187127
17315,8775.149092762085
17316,4508.408428050585
17317,2605.7172228239992
17318,6051.039977500959
17319,8475.103311083103
17320,5725.28767834044
17321,11509.319292264952
17322,19639.472109687456
17323,3479.7592989202785
17324,4308.167662006462
17325,8492.065992144024
17326,4482.669429618802
17327,7411.668672922442
17328,5179.783732647262
17329,6727.367617538458
17330,4606.827441873304
17331,5754.20097882478
17332,5934.775892944723
17333,7178.231560758616
17334,7485.702435466025
17335,5781.165154595168
17336,5952.001354858455
17337,6321.425115057855
17338,4193.7830950655925
17339,4595.051767920007
17340,6908.476783906706
17341,5405.985206282782
17342,5039.48383932808
17343,6586.614685460926
17344,5053.749498594375
17345,5179.417580721494
17346,6113.85854751811
17347,5578.425109755221
17348,8346.453878478807
17349,7900.594726079861
17350,6634.345918067556
17351,5542.468942012655
17352,3463.4772995848934
17353,5338.908516156572
17354,6483.62814415761
17355,5656.2849709424845
17356,4071.2144053543316
17357,7655.80421831387
17358,5627.3629526683635
17359,10468.155182229095
17360,6112.70166973608
17361,4684.78179057566
17362,4689.939884813655
17363,5009.914775496219
17364,8921.854476913222
17365,4890.784765277482
17366,9222.191241411745
17367,13679.741606064219
17368,6787.8885737645915
17369,5419.354769157181
17370,4790.280157768506
17371,4460.914963781718
17372,7459.092445024571
17373,3797.812905898606
17374,4977.295263851602
17375,9791.243436019993
17376,5217.222407634267
17377,13237.222739074803
17378,11444.388976401942
17379,4776.9285181927
17380,5516.688109385907
17381,5915.463061973711
17382,6426.3205999492275
17383,5245.100822488928
17384,10388.843244160935
17385,6903.2924926651285
17386,7925.0363180316635
17387,4086.076127714954
17388,7113.081623075106
17389,5068.65263928055
17390,8557.98725752703
17391,5804.891044261741
17392,5604.7413123327615
17393,6969.79253420722
17394,5871.908920810343
17395,7785.492665884858
17396,9179.982942248444
17397,5449.269474261029
17398,9504.102702470742
17399,6356.655664373827
17400,8570.708977835575
17401,5142.641158054985
17402,4454.924269542728
17403,4781.944455051066
17404,7518.436179223056
17405,6033.041808492005
17406,7156.017983582892
17407,5527.999870368749
17408,8649.633612285723
17409,4215.197993766483
17410,8879.79908914007
17411,6360.016963394922
17412,3747.786557596831
17413,12455.024061237864
17414,14698.420324942088
17415,6169.463396891193
17416,6823.50066933382
17417,8403.159737691425
17418,9464.251219680715
17419,10539.27249166117
17420,6229.714876427879
17421,6579.81724079987
17422,5814.942013395336
17423,7769.702762606952
17424,4100.188940052426
17425,5119.06897679241
17426,5285.929482036958
17427,5293.839825271981
17428,6917.284937810302
17429,4345.945759134002
17430,3519.856141581279
17431,6361.336449322501
17432,3465.4737600374897
17433,3822.5229371853857
17434,5135.731880142463
17435,6238.358855977288
17436,8120.438932316262
17437,7912.7996951189925
17438,5963.256041966133
17439,5992.4332621262665
17440,6225.070164318893
17441,10461.813095114372
17442,6196.9441382124705
17443,5433.100235177913
17444,4295.736704132359
17445,11021.673934921266
17446,4264.1593185914135
17447,7320.048537032364
17448,3123.645043842145
17449,4151.054080018775
17450,5484.436232415391
17451,6222.651941899578
17452,5293.101873691655
17453,8224.947167903756
17454,9429.899128027639
17455,10941.487088985912
17456,5631.836986607104
17457,10098.91566297035
17458,2817.98834403003
17459,4939.391006298357
17460,6873.634010631831
17461,3495.266581524735
17462,8505.907573656386
17463,4808.473429405862
17464,4774.63768721052
17465,8341.366192077276
17466,8992.52398436411
17467,7294.858957332596
17468,4941.224069051049
17469,4783.127825282316
17470,9745.167242145322
17471,7335.204596194729
17472,5009.444465063206
17473,4980.728980869434
17474,6029.881060940349
17475,7834.906371509093
17476,3918.833226924008
17477,5147.171201412752
17478,6695.703466312566
17479,7460.210472297451
17480,11774.404277303367
17481,6125.381002574646
17482,12175.55704854616
17483,5993.395525454348
17484,5358.318647228284
17485,3098.0778220960956
17486,5641.528801568935
17487,5745.612122805723
17488,4942.819798276022
17489,8447.451560013524
17490,4629.487618274243
17491,4363.389986108002
17492,7067.723128407843
17493,3311.9596161951054
17494,6859.017836781829
17495,6242.824057628546
17496,6709.990962036916
17497,8222.643375326583
17498,4281.209956630467
17499,8396.317255687578
17500,5803.586089026012
17501,4968.228201191724
17502,5204.8170669315605
17503,4751.66770776521
17504,9164.160136252096
17505,6409.174216344846
17506,4007.6956367713406
17507,6499.963570565747
17508,7917.155603228726
17509,7189.18937446291
17510,4942.174014641246
17511,8059.625288353061
17512,5025.182255330825
17513,6226.482449250181
17514,5422.139873479979
17515,9501.771804843109
17516,5231.814012590665
17517,5373.035509240254
17518,4844.93229015228
17519,5612.811842715111
17520,4064.196243289972
17521,5094.796544982707
17522,7564.670389742155
17523,8658.242842624833
17524,10825.128462966808
17525,10069.912100328665
17526,8223.231893328357
17527,6654.574220491587
17528,5104.3604875660785
17529,10243.994933168278
17530,10090.253374900967
17531,6131.824286986739
17532,7306.322908023484
17533,8771.135433967904
17534,4921.976498929067
17535,3119.4136753454322
17536,10412.465242135311
17537,5017.64069029762
17538,6215.67034238983
17539,5413.49923035185
17540,1840.9888840080996
17541,9906.96651420514
17542,6244.098763013471
17543,5171.183483214117
17544,5208.197262146144
17545,5051.165177712384
17546,7205.860636882962
17547,5462.144384420142
17548,6231.985757947735
17549,5135.292179060005
17550,4636.698763002087
17551,3512.650777867589
17552,2899.968509618769
17553,6439.949240402317
17554,15777.866300036643
17555,4357.091145882419
17556,5732.558138214799
17557,6051.258192714672
17558,5472.579661390524
17559,5004.46817520601
17560,4870.611856061582
17561,3926.778659166347
17562,6967.977342421579
17563,6383.371243565396
17564,3292.935676128697
17565,7582.9759263342885
17566,3986.6204752221015
17567,5078.346181121767
17568,9486.180033090188
17569,7024.906227809737
17570,9594.406958534466
17571,4251.0761430098555
17572,5498.774775275575
17573,4372.346979800077
17574,5992.916637584563
17575,13179.067988855155
17576,9376.980605331088
17577,6598.82506389094
17578,4200.862790255753
17579,4247.972982204677
17580,5830.972496991657
17581,4205.206016287309
17582,8860.85234994007
17583,4647.054619225989
17584,4739.2765033178775
17585,7471.694837088203
17586,4277.358772303685
17587,5875.169215555676
17588,5863.027251014357
17589,6516.9571329760365
17590,5776.575150149181
17591,3809.680765388213
17592,4986.066947598709
17593,5573.196463861429
17594,7734.319811673753
17595,8171.814755288257
17596,6496.229128072897
17597,3650.5391944196376
17598,7178.965549173559
17599,5576.195936035506
17600,4588.018967032027
17601,7177.150902156891
17602,6889.779519392365
17603,6008.056617009515
17604,5273.660884766563
17605,6272.284989572078
17606,6184.448320725262
17607,5632.193212709121
17608,6709.699344515536
17609,6602.258248060431
17610,4393.990159639873
17611,8318.10600824457
17612,5907.111544140926
17613,4485.858583002379
17614,11134.28037328675
17615,5548.133409740251
17616,3073.700746433169
17617,7565.16704370828
17618,8613.798767365757
17619,8554.707770839244
17620,4535.679902154369
17621,6128.943200066629
17622,5536.7836609279675
17623,6769.861573255769
17624,5611.328477996977
17625,8376.354254866968
17626,2845.3742901002047
17627,5710.583606428876
17628,5248.196113186541
17629,4292.6360695743815
17630,4419.703503942429
17631,5928.19179202537
17632,6704.2104383812075
17633,5206.338359378675
17634,6660.231061437884
17635,5945.672922614155
17636,7625.723949438856
17637,4985.043571711537
17638,5808.472753287839
17639,5381.172479653303
17640,6720.676683426509
17641,8954.384973917357
17642,3064.081406897114
17643,7933.373712757264
17644,6565.416513039271
17645,7210.641119487648
17646,4947.213665605088
17647,3247.1820041922037
17648,7139.338260888798
17649,5005.065056717246
17650,8403.43827746764
17651,5769.099191310068
17652,4864.4861165987095
17653,7712.130872810484
17654,5328.316548832629
17655,4649.391275115224
17656,6641.435884240856
17657,4779.005408740031
17658,8532.865303490813
17659,10468.074759750267
17660,6345.39921807342
17661,4051.842360297801
17662,4425.12905465099
17663,3865.237594487942
17664,2844.397781707281
17665,7432.543180261049
17666,5448.954244065572
17667,9060.796559899434
17668,3931.9770174094074
17669,5261.096471091172
17670,5815.486650560624
17671,8511.401571684535
17672,4608.331560323002
17673,5118.197787246076
17674,4831.68371052216
17675,6520.648536307735
17676,5185.318423056276
17677,6931.560031065378
17678,8311.799566119897
17679,8169.911609311302
17680,6788.682766204057
17681,7156.5688208867
17682,6130.071067757942
17683,4163.857897644228
17684,4950.614306531163
17685,10543.176209751031
17686,7716.051289082413
17687,8167.191017508318
17688,15226.257458027581
17689,5106.810938993008
17690,4286.68901226305
17691,5977.886504105874
17692,8226.976630919948
17693,9149.540014856633
17694,6190.73558213049
17695,7145.365919842798
17696,7765.394582081752
17697,6340.623951526428
17698,6048.481385727603
17699,5290.995538653472
17700,4521.1444758303205
17701,4389.465213857047
17702,3244.7393022186625
17703,4493.205272037828
17704,7942.699550570533
17705,15394.775872347962
17706,5467.822526305317
17707,4088.9338685859348
17708,6868.0227838928
17709,3694.500888988631
17710,6277.362578658567
17711,3999.907718468175
17712,7796.111975547605
17713,5971.1625130688535
17714,6503.797197051658
17715,12153.48662111942
17716,12785.01232171355
17717,4609.008940555543
17718,6282.259602207866
17719,3761.7145354056547
17720,4803.183362357932
17721,5080.202589027269
17722,7498.32822402584
17723,4520.3885376610715
17724,4331.787523992399
17725,4844.3008031200425
17726,4848.022444096037
17727,7001.381724247033
17728,6543.651883182039
17729,3693.054170835523
17730,6782.548949373721
17731,8011.77626478357
17732,5933.257015616455
17733,3999.4330789316487
17734,3784.376068141203
17735,6962.877674523012
17736,4322.619275992104
17737,9710.997210159718
17738,4164.359937992189
17739,5079.996936233972
17740,6297.170157172439
17741,6256.876490938057
17742,4145.191076650572
17743,5670.546549811537
17744,5682.045284186954
17745,8766.332984183577
17746,7934.107398380443
17747,5433.832673198824
17748,3899.7592024377436
17749,4831.31551014643
17750,6197.651543213503
17751,4700.817548498602
17752,5277.998867862717
17753,5702.6945471995705
17754,10362.418149709336
17755,7358.362022224827
17756,6136.54906106294
17757,6744.130276635072
17758,3888.5617802821344
17759,9158.601398223931
17760,4741.749983441797
17761,11376.783760166398
17762,5695.174926733325
17763,4878.417689826333
17764,5151.729938174261
17765,3694.8132816629686
17766,6284.525474294202
17767,17772.004997482538
17768,3966.7819722806403
17769,4918.227825397429
17770,9200.244685216143
17771,6506.055059029541
17772,9104.266007578382
17773,7343.489027129412
17774,5755.818893322399
17775,4902.6453218768675
17776,3828.607805786901
17777,8209.765610692251
17778,5192.991890054023
17779,6480.894166912217
17780,7242.762089883786
17781,3909.4187156921435
17782,6968.062487694579
17783,6415.932201338639
17784,3825.063548545974
17785,8606.370008581198
17786,9921.342042124288
17787,3898.9549934950455
17788,7582.007845875587
17789,5971.2782383728145
17790,5270.613091135605
17791,8517.603849501818
17792,6404.7969744747215
17793,8039.171719462299
17794,4448.726572179585
17795,4391.343581906781
17796,6436.051711851084
17797,3517.7871669775373
17798,6567.854032908394
17799,4037.945419571871
17800,5591.1083316640625
17801,4565.759496590851
17802,5239.1544052264135
17803,5693.820338991106
17804,6338.581813797201
17805,5602.153061850895
17806,8715.057204793675
17807,5239.969505075685
17808,7631.637815719016
17809,5353.416643717663
17810,7631.863825809656
17811,7900.6369751772145
17812,7067.485249675231
17813,3298.528925070209
17814,5308.77749022654
17815,6629.698345578819
17816,3857.4966470451654
17817,11034.264273400693
17818,4755.544500788669
17819,6353.288911749761
17820,9642.185560086331
17821,6512.594325338431
17822,3418.0035858861474
17823,9790.828454370758
17824,9762.62917086229
17825,5456.585302898714
17826,6912.893764313236
17827,9594.606764784714
17828,6127.144423720419
17829,4864.734401112993
17830,6653.598669553324
17831,4838.532977407302
17832,5333.73540561857
17833,7332.906314100244
17834,4179.06823238513
17835,6500.441439138323
17836,6728.286701859991
17837,6073.105589176869
17838,7049.612166185853
17839,6003.145602445724
17840,6718.2745814914415
17841,4448.156387188206
17842,6369.692073224821
17843,6831.812911653732
17844,6309.511644445804
17845,5640.096048831257
17846,5830.09246645196
17847,8370.536384519752
17848,5843.470973899012
17849,4361.886161885935
17850,5399.03611329096
17851,6701.080779989036
17852,6752.302986421793
17853,4472.43893122025
17854,3747.6288541345034
17855,6338.179001532414
17856,7052.797001102517
17857,4956.75598695324
17858,7621.378342394879
17859,6475.376100490224
17860,5898.491519865252
17861,5109.344612113016
17862,3054.1748872479316
17863,5622.935683228253
17864,6837.68090257282
17865,6163.730079201295
17866,7637.058983949105
17867,6965.014180634238
17868,4547.487306583149
17869,7995.3091280204235
17870,3239.8629176755717
17871,2349.600409567235
17872,7265.143188457176
17873,10557.50523175557
17874,7165.086190563106
17875,6411.848500840843
17876,3439.09003415337
17877,5983.850381686781
17878,7409.077260372333
17879,5107.8039803343545
17880,6849.723458458945
17881,4379.737360960712
17882,4336.744788462792
17883,4648.569526666546
17884,5533.257265238804
17885,5365.031230477871
17886,4507.490993139434
17887,4090.3463578750684
17888,3874.233107419572
17889,5849.842700261746
17890,6077.213714734631
17891,4597.580977184236
17892,5902.392317684039
17893,7358.591117454692
17894,4893.460584704318
17895,4995.8091354397375
17896,8843.63662537549
17897,6604.810883009816
17898,5456.876654671662
17899,3474.6500770130287
17900,10940.275961050751
17901,5836.822684508403
17902,5106.329809657126
17903,6993.544500527663
17904,7042.360590802836
17905,6730.914764204402
17906,6189.873822655533
17907,6441.655504605984
17908,9366.184813533442
17909,10736.368054551205
17910,4882.22259871529
17911,4020.139717237864
17912,4973.4177370240195
17913,6073.063282254877
17914,5683.47955731701
17915,7376.858257516946
17916,8226.469777108927
17917,5283.816865004694
17918,4013.1638410429664
17919,5015.56833988789
17920,9648.399535190258
17921,4591.099303388164
17922,6863.787080341591
17923,3473.67775178004
17924,6602.542565476527
17925,6341.5538902488415
17926,6702.506183134695
17927,7542.014720644454
17928,5994.766408963787
17929,3670.5479339987933
17930,6631.982476784129
17931,7330.294305709184
17932,8081.969335378392
17933,7291.395188748062
17934,7010.0968824097545
17935,5230.931186445713
17936,4110.801984041193
17937,9609.59040823919
17938,4291.085421866822
17939,9804.700770144043
17940,5675.70835664855
17941,3900.6267774822227
17942,6276.411748718935
17943,5586.14755939056
17944,6153.259641935628
17945,7906.205887871966
17946,3938.160403907611
17947,4486.3858497457395
17948,5626.064811508484
17949,6799.935352665443
17950,9234.059597728841
17951,4957.356439496098
17952,5403.822623895294
17953,4334.3656695406935
17954,6199.469079850715
17955,4868.868978607304
17956,10114.573236689954
17957,7753.050419454775
17958,10736.698977103126
17959,4145.140721951388
17960,6112.4726733830985
17961,8579.806529425057
17962,8248.150702288056
17963,4356.19509722352
17964,9405.712111493991
17965,5672.000461487423
17966,4663.242822323552
17967,4663.985464757012
17968,4635.707366827129
17969,4741.738350525762
17970,4639.42807966432
17971,4220.90470803504
17972,4356.052280814161
17973,7525.752854637785
17974,6349.874921938142
17975,21151.920160563994
17976,6432.865111531601
17977,3457.7288544491134
17978,5240.5419224380585
17979,8542.437845349148
17980,5714.5388606956185
17981,5981.760578606736
17982,4516.702092116154
17983,6838.1875839986815
17984,5850.731706384299
17985,3577.407409648535
17986,4572.620340175823
17987,5767.748590764116
17988,6185.833791638016
17989,6004.8120183049405
17990,8674.104655784091
17991,3419.4279105693845
17992,3849.105538982455
17993,4003.2703786062034
17994,7210.098191292111
17995,8448.211800759525
17996,6929.11869673592
17997,6037.609891825869
17998,3757.9638957668412
17999,4990.524173780628
18000,3028.9052759622614
18001,6513.292675023681
18002,7857.885713848237
18003,7828.0519291746095
18004,4054.788549476134
18005,3806.2502117671993
18006,3686.374978696656
18007,5389.599284330627
18008,7909.229200671369
18009,4622.298959342932
18010,3980.402655385827
18011,3629.781774589602
18012,6550.146115471924
18013,3154.600398791623
18014,5699.404748918753
18015,3084.0432116440547
18016,5494.436372223853
18017,5282.071602028419
18018,4904.0620117911
18019,6191.939514870154
18020,5371.788480366827
18021,3839.930992437201
18022,5592.613248164994
18023,5888.555544569473
18024,8320.131110270764
18025,4908.922582200769
18026,5939.074092951265
18027,7274.516544587187
18028,7159.841077957646
18029,4996.717250549283
18030,6665.767641786917
18031,3164.349571597785
18032,4428.133501805304
18033,4840.771761481483
18034,5859.287290345991
18035,7096.190320518295
18036,5617.760804461847
18037,4014.9914652237035
18038,5715.153145333908
18039,5390.975047125289
18040,7218.473918128522
18041,3143.1539745658642
18042,10549.29214863537
18043,3548.838197034019
18044,5089.472790908589
18045,6364.272523435187
18046,3548.5093129344677
18047,4559.488229540441
18048,4768.014687730876
18049,5751.730417598721
18050,4208.91325211047
18051,4489.284096116159
18052,6332.162055797981
18053,6875.068274917047
18054,5150.700801552056
18055,3965.9609526692534
18056,6088.398338472844
18057,9665.83915705909
18058,5807.763057445139
18059,4858.486242527388
18060,4860.207510541479
18061,5257.796600465721
18062,5069.128961807036
18063,6027.565513676454
18064,3153.7622816816743
18065,6173.524188500537
18066,4992.973831662827
18067,5041.610899486459
18068,7111.117993425527
18069,3548.7653409473105
18070,4559.788068906869
18071,3266.157333365648
18072,6206.755174328992
18073,7188.223807705559
18074,4068.8702047922297
18075,3716.8910116289153
18076,5428.459967023914
18077,4499.641061285498
18078,4207.597646786455
18079,6987.730229065271
18080,5090.89525824051
18081,6262.202095423143
18082,4319.173776025632
18083,3774.6433330745203
18084,4502.062800289047
18085,7304.333004069118
18086,5793.235694283654
18087,6191.049478113041
18088,6118.858258242567
18089,4688.709571658612
18090,7495.619044511931
18091,4082.275120864752
18092,4823.834470494941
18093,6811.870163873416
18094,4645.166350786915
18095,8175.143664998249
18096,6419.8051549719785
18097,5585.852134624974
18098,4688.880495600746
18099,5842.865090672858
18100,5238.030195810915
18101,4559.534435658113
18102,2976.79671431854
18103,4549.8291478041
18104,5833.353831373685
18105,4447.633611549848
18106,3218.226695204621
18107,6475.739571674071
18108,5413.605618541168
18109,5293.282714459578
18110,4524.882163796344
18111,4193.374874790349
18112,5658.640186984505
18113,5849.106936428996
18114,4831.196831047159
18115,4296.192220045691
18116,4841.838316620616
18117,5141.716787754119
18118,2865.512666819334
18119,5572.813723175927
18120,3605.355825060336
18121,6467.170228873256
18122,5814.563976554363
18123,4972.005752966251
18124,8651.285565401004
18125,3875.373398292711
18126,3862.076801929458
18127,7875.65586690918
18128,5117.180356836281
18129,6368.7749963179285
18130,6106.711850431559
18131,4618.321429395799
18132,5107.773137025948
18133,4602.158883488497
18134,6835.71486304462
18135,8543.24684290623
18136,6666.046581445523
18137,2239.5691524139775
18138,3982.300160413928
18139,6481.823726840289
18140,6560.543223087627
18141,4539.482757694388
18142,5036.920700773493
18143,4145.192753732679
18144,4392.780498153325
18145,2784.3914422580997
18146,4094.5875065264195
18147,5432.179326745718
18148,5484.646458789738
18149,4970.9096802621425
18150,4553.492112413113
18151,6556.16581513632
18152,6739.380771600707
18153,6435.8227746530665
18154,3545.314014789705
18155,7467.801369754897
18156,7379.697953708948
18157,3994.857326181083
18158,5831.463925381161
18159,4165.2066493295
18160,5378.533870573822
18161,2680.2668428089255
18162,5748.078942155925
18163,3651.9999608296657
18164,7198.398797892762
18165,5943.905567530395
18166,6206.745731383164
18167,7083.373422706971
18168,5045.135197463602
18169,5910.039104030306
18170,15947.871613030207
18171,7407.502072931153
18172,3952.364314866015
18173,2104.0660419933765
18174,4818.02863941233
18175,6941.020471702191
18176,5132.298897183169
18177,10926.48337515314
18178,17674.34117610712
18179,3118.589552631453
18180,3910.6919381409098
18181,8853.62118548184
18182,3609.119294966763
18183,6131.592977243693
18184,4682.009109584463
18185,5966.084960460351
18186,3937.5422308307743
18187,4958.5851271070815
18188,4743.645037751418
18189,6454.851590230633
18190,6383.15095735151
18191,5113.95382279366
18192,5052.053912394515
18193,5923.723888930181
18194,3647.1963613584626
18195,3894.3584754346334
18196,6275.455999186993
18197,4860.39456362285
18198,4444.7659393224985
18199,5340.106063510717
18200,4819.735923478891
18201,4800.482910792959
18202,5574.670091640835
18203,5109.454051712521
18204,7063.3383352120545
18205,7255.942793115358
18206,5788.389296320453
18207,4988.775108635924
18208,2755.5637374893995
18209,4812.329011810248
18210,5543.373055293962
18211,4835.454728081158
18212,3776.243702018296
18213,6562.40910002371
18214,5124.6604011660565
18215,9000.175718683948
18216,5560.734293623432
18217,4059.227379010499
18218,4273.7369339269235
18219,4439.630630185928
18220,7335.295791255801
18221,3918.8659041601427
18222,7468.253606331421
18223,12874.678494112688
18224,5908.663256090564
18225,6549.630140492113
18226,3970.840312963566
18227,3821.149964187535
18228,5950.997670205953
18229,3236.789972863279
18230,4740.696947905677
18231,8948.522247914483
18232,4404.052944643291
18233,11841.070043803666
18234,10629.58235743523
18235,4030.1051238352416
18236,4928.341484367803
18237,5389.8622763266685
18238,5971.92504883655
18239,4290.21633125768
18240,9109.5775914432
18241,5838.281536983494
18242,7251.897932724439
18243,3887.376399516731
18244,6469.793328103374
18245,4196.766877312438
18246,7473.550039793158
18247,4845.3136204631155
18248,4566.464364915551
18249,5966.946540103742
18250,5282.51534786731
18251,6049.606430894857
18252,8836.413262106744
18253,4615.059712596843
18254,7580.734250764296
18255,5444.623279826838
18256,8095.620662369968
18257,4553.065755620511
18258,3901.518473392978
18259,3934.8321505783456
18260,6202.857044943953
18261,5040.870447201804
18262,6015.949150042224
18263,4747.649528785456
18264,6854.406942651888
18265,3589.6647359576173
18266,7900.575123291164
18267,5961.569752820524
18268,3308.0289566183087
18269,10837.513930485136
18270,13762.604429028583
18271,5221.140049607743
18272,5371.989013871544
18273,6713.055178748425
18274,8208.435275858707
18275,10147.706944399315
18276,4904.150170103979
18277,6032.363825364523
18278,4665.707136069195
18279,6182.307333858232
18280,3369.4396570365934
18281,4537.290798996043
18282,4154.606244477069
18283,4754.078739689264
18284,6106.321114785235
18285,4110.85318698688
18286,3162.5094909865093
18287,5337.474449723286
18288,2977.6998247965075
18289,3306.0499356589035
18290,4878.809773001937
18291,4930.884985382827
18292,6735.464757247451
18293,6721.927355011668
18294,5772.169595213575
18295,5177.93287631788
18296,5211.028183508438
18297,10002.907178981313
18298,5477.9131667394295
18299,3889.648898836981
18300,3879.447978348551
18301,8429.69355611835
18302,3908.284260479444
18303,5767.102421114707
18304,2827.7660602681326
18305,3861.354438927941
18306,5117.373974330906
18307,5502.530460558915
18308,4596.00327043423
18309,7453.988283102464
18310,8115.420405659166
18311,11139.846986366332
18312,5184.576590282322
18313,8122.138653181251
18314,2638.230395219293
18315,3951.1903809223563
18316,5061.617142956689
18317,2942.886574000933
18318,6594.870538700871
18319,4049.1102451473275
18320,4414.388597597428
18321,7013.675101977781
18322,8434.231949313062
18323,8097.226210916158
18324,4300.12808017656
18325,4236.58761720195
18326,9007.0795740776
18327,6325.4606204376705
18328,4734.12997065707
18329,4209.83570979456
18330,5073.111219233165
18331,7597.240875518753
18332,3229.326002634058
18333,4959.084752814709
18334,5599.538566644521
18335,6142.334828849276
18336,10967.296923521599
18337,4813.606256727867
18338,10215.119866016326
18339,5368.322252687995
18340,4478.334683702436
18341,2755.1631824550077
18342,4749.184198973455
18343,5147.061583640749
18344,4166.750299462188
18345,6378.205047916804
18346,3892.921633385479
18347,3782.461868875997
18348,5949.41527165397
18349,3046.745531427536
18350,6428.162208677142
18351,5274.902975477174
18352,6053.149532728323
18353,6659.521397524187
18354,3729.486271437436
18355,7196.1743282680945
18356,5518.191365748811
18357,4240.560539594248
18358,4616.895130840636
18359,4343.6730835572525
18360,7632.002180476643
18361,5163.59624417032
18362,3670.595585698742
18363,5537.760519203392
18364,6481.677160496672
18365,5678.712788742963
18366,4371.4667739668
18367,6485.53397356057
18368,4604.06479646592
18369,5014.316270013103
18370,4911.291378255532
18371,6983.084984692016
18372,5106.733364454501
18373,4848.2841137624455
18374,3852.396221135144
18375,4599.609272602574
18376,3606.570662144231
18377,4205.072306180034
18378,6595.392752117835
18379,8291.830792701807
18380,8538.973405862715
18381,8113.0687398864075
18382,6914.320697700189
18383,6417.953831222311
18384,5143.833796060576
18385,9024.864685952123
18386,8780.285625293078
18387,5163.500298526675
18388,6793.334704530513
18389,6483.933451953007
18390,4503.712979326746
18391,3104.0191097689963
18392,9064.794502650628
18393,4783.580164682721
18394,5201.470229362042
18395,5100.169127060541
18396,1879.7668314799805
18397,8729.46081565511
18398,5769.633460734496
18399,4488.070633194233
18400,4314.546104656777
18401,4439.683527031797
18402,5685.728669659735
18403,5285.394391013109
18404,5193.950528550727
18405,5293.571661439393
18406,3960.9105403752887
18407,3043.5563296623013
18408,2624.797035392542
18409,5443.274888339012
18410,14940.647728137508
18411,3861.491237249119
18412,4787.642568167684
18413,5098.432002443313
18414,4549.591330605861
18415,4073.9350917122624
18416,3935.4559858835632
18417,3132.6777944670575
18418,5963.162792271881
18419,5455.405979921006
18420,2955.0689572735723
18421,6587.0799083184875
18422,3643.1950792283524
18423,4331.909027373461
18424,8204.160490943752
18425,5670.547739379293
18426,8930.568221037463
18427,3878.529310045255
18428,5164.8182596145325
18429,3779.7203759536833
18430,4719.3077041936
18431,12056.937835060202
18432,7935.042246485842
18433,5762.872068582072
18434,3806.3794569257284
18435,3663.533962017385
18436,4676.663621096753
18437,4451.526281883942
18438,10213.443694417403
18439,4190.742092458724
18440,4588.393763526392
18441,6058.643825221296
18442,3455.576800481036
18443,5480.971270105656
18444,5400.047518992184
18445,5606.850821474364
18446,4927.3226823442255
18447,3264.707168661094
18448,4815.225221692568
18449,4774.247079598361
18450,6754.826703264955
18451,6814.5629792265445
18452,5329.284516612548
18453,3311.0044314934635
18454,6438.537856786422
18455,4795.665792820859
18456,4011.3863592152243
18457,5632.71936576862
18458,6115.028338889681
18459,5363.1760923997
18460,4676.388014844378
18461,4893.11951900612
18462,5179.150637349596
18463,4976.539198465657
18464,5736.890024677991
18465,5604.2234765622725
18466,3727.730985925717
18467,7599.060455232927
18468,5086.8082444775
18469,3662.693257034655
18470,8910.411881506214
18471,5083.328177565191
18472,2830.73008663549
18473,6005.519661576567
18474,6844.354381191924
18475,7410.233174059631
18476,4456.084776818937
18477,5016.427604285114
18478,5030.852045774696
18479,5969.515161645527
18480,4625.064168218561
18481,6594.786599873917
18482,2539.751884840429
18483,4390.814594295792
18484,4670.896300607497
18485,4040.2372187064757
18486,3866.1076391136758
18487,4943.911934809874
18488,5499.0535415503855
18489,4704.105419796452
18490,6253.218830401384
18491,4940.847961867053
18492,6557.47930420402
18493,4172.238995963959
18494,5194.984237341417
18495,5192.1825183912415
18496,6071.547178626259
18497,6475.7457411526975
18498,3876.2655235197212
18499,7266.2363780710975
18500,5622.445741536926
18501,5823.7625245994095
18502,4104.381635436027
18503,3197.977728357077
18504,6186.3297935561
18505,4537.1432305552735
18506,7148.083978729125
18507,5250.4916721140435
18508,4498.823791041757
18509,6315.079614811749
18510,5003.975756668844
18511,4196.727118242066
18512,6084.853195961884
18513,4351.339396074012
18514,7840.139816720692
18515,8142.295662868672
18516,5599.100888129068
18517,3547.641555210591
18518,3834.722178746925
18519,3374.5701060201663
18520,2634.7935497404733
18521,6372.987635513402
18522,4565.665686408228
18523,6995.677461334352
18524,3311.7445567986333
18525,4744.377372496363
18526,5162.668162428757
18527,7035.60381922062
18528,3869.8974769311494
18529,4353.485141449223
18530,3927.6316873412284
18531,6103.355679005638
18532,4504.669757683295
18533,5901.777873253286
18534,7033.839238373936
18535,7358.802387711978
18536,5938.0468223789385
18537,6238.5175246006975
18538,5391.711526222179
18539,3654.430055197231
18540,3985.7408465317744
18541,8180.381201435497
18542,6751.647244231332
18543,7967.166555408296
18544,13559.555485956627
18545,4442.564958367008
18546,4007.2893686852694
18547,4880.808732938666
18548,6972.975704289992
18549,7619.683888029278
18550,4978.64778035035
18551,6153.732010427915
18552,6158.529471693899
18553,5832.675864390558
18554,5116.57357907912
18555,4204.3238759939095
18556,3760.4063339448467
18557,3842.767015764033
18558,3082.0256181186587
18559,3859.7410083900395
18560,6474.604202099304
18561,12980.358036322228
18562,5158.79136995709
18563,3876.4767432824574
18564,5570.3687131710185
18565,3306.8825815135665
18566,5497.278056362668
18567,3573.597495065592
18568,7512.738113724115
18569,5289.163075991833
18570,5530.256432741052
18571,10632.17018974016
18572,10335.997951382746
18573,4360.623871818456
18574,5988.210780534026
18575,3478.6735574665827
18576,4462.667114659008
18577,4779.6822741951055
18578,6747.134551603283
18579,3660.972980586232
18580,3645.799884912784
18581,4749.547903489707
18582,4311.162128800945
18583,5310.92631986655
18584,5472.418591224624
18585,3493.4944081657904
18586,5636.092120233754
18587,6539.357610572814
18588,5141.478818917118
18589,3262.8148033235884
18590,3046.84681315654
18591,6615.481473434076
18592,3619.3808758331684
18593,7996.562935277123
18594,3575.628708626215
18595,4263.636992125241
18596,5327.994597536712
18597,5367.846969183277
18598,3639.351427053504
18599,4917.9360103750305
18600,5146.540496509428
18601,7294.187917385824
18602,6858.834048384608
18603,4611.4939437846415
18604,3469.423385610371
18605,4717.444041872986
18606,5375.825972422595
18607,3845.3818259633617
18608,4777.999545724673
18609,5333.469831941862
18610,9287.552577189335
18611,6304.603234431446
18612,5532.717391832642
18613,6386.397230353838
18614,3689.121783154842
18615,7756.517511587642
18616,4407.114900063119
18617,9944.772005652521
18618,4675.645458762991
18619,4055.7011750861616
18620,3910.0285296765364
18621,3002.212300792638
18622,6227.916590569655
18623,15411.654748083667
18624,3049.8991772814684
18625,3925.0700586342823
18626,7306.709499750331
18627,5314.055086092397
18628,8456.201826013155
18629,6111.470939834104
18630,4689.347250200977
18631,4240.189371881834
18632,3555.3683957817993
18633,7463.334878626489
18634,4369.784038691335
18635,6015.038003023441
18636,6218.513604399282
18637,3810.8195710339905
18638,6357.2769850620325
18639,5046.723601095598
18640,3380.7830355924903
18641,7918.997349454366
18642,8140.906465800376
18643,3513.467469958875
18644,6300.331065102326
18645,5017.111096918708
18646,4754.86593597571
18647,6985.9806757994065
18648,5385.743806581846
18649,6499.761636114839
18650,3710.4178563068454
18651,3537.62147504776
18652,6127.493894422208
18653,3127.0642961202752
18654,6203.016539976664
18655,3213.7392895736366
18656,4798.1625907832995
18657,3931.7842406199948
18658,4774.278099226518
18659,5318.926257379998
18660,5527.303669648497
18661,4847.431568305791
18662,6745.97949785447
18663,4547.18020834913
18664,5961.513234345785
18665,5260.641846130569
18666,5806.773966128409
18667,7165.811260907989
18668,6611.073701224171
18669,2561.186028412806
18670,5034.214970737161
18671,6227.615061535541
18672,3830.995594152616
18673,9506.596700949647
18674,4271.557714091566
18675,5566.43070827521
18676,7948.974598852105
18677,5937.535258374377
18678,2813.9379655544894
18679,8953.749704161848
18680,8431.363002561438
18681,4955.714780208795
18682,6072.740636230525
18683,9349.624332526419
18684,4863.957150981472
18685,4082.6360953948233
18686,5184.607177647714
18687,4351.3380628180785
18688,4702.470080800717
18689,5937.626885284013
18690,3802.6840363083597
18691,5235.295784834366
18692,5235.43327178284
18693,5378.314865950509
18694,5667.739528494247
18695,5168.255537467992
18696,5727.260337290241
18697,4798.23953771147
18698,5808.28997488514
18699,5331.848311663953
18700,5835.692920303979
18701,5091.239856748252
18702,4803.025306346209
18703,7336.2961735476965
18704,4441.8497944517585
18705,4202.651114821912
18706,4756.611006073911
18707,5896.706974703315
18708,5815.752341533375
18709,4011.931521654563
18710,3234.8117497925764
18711,5875.461917924221
18712,6352.245345192303
18713,4277.580902861507
18714,6062.73117463068
18715,5589.0414263241655
18716,4837.3466158806805
18717,4144.453367108862
18718,2845.9154940437115
18719,4762.32340411927
18720,5258.224417609693
18721,4797.5943630884685
18722,6961.323601486062
18723,6241.829541983665
18724,3969.262681998158
18725,7517.976314864696
18726,3234.6140779365624
18727,2481.4933088684593
18728,6073.621619765563
18729,9852.126354188436
18730,6628.316832738649
18731,5359.96023009432
18732,3241.2514864404584
18733,5016.231744582028
18734,6397.071511387692
18735,4296.795474988152
18736,5892.429074207009
18737,3573.35820631581
18738,4266.786010352643
18739,4292.645331167271
18740,4353.634614804736
18741,4492.147771951959
18742,3683.884467894032
18743,3270.1606643223545
18744,3294.019790225102
18745,5528.959578352619
18746,4870.289053498302
18747,3718.184073957024
18748,5392.535861612434
18749,5752.271195295629
18750,4615.460908127518
18751,4876.0001867399915
18752,6887.568033980719
18753,5564.549220957466
18754,4809.317926617468
18755,3077.8619001053744
18756,8756.45860392575
18757,4982.042256622992
18758,3995.9171723120817
18759,5966.058457261243
18760,5976.421928508999
18761,5598.109987081632
18762,5104.278744944105
18763,5743.82035579102
18764,6823.810660825497
18765,9713.164041303842
18766,3752.692275831434
18767,3344.0899288788355
18768,4122.551719583004
18769,5593.5512241681445
18770,4828.720636114164
18771,6322.941240178939
18772,6970.4522552899525
18773,4793.209261402353
18774,3224.829826316297
18775,4563.438135093516
18776,9444.666477032366
18777,3456.810007565258
18778,5778.633396700323
18779,3250.7699787269908
18780,5545.9832324024665
18781,5862.820692250778
18782,5872.848918175591
18783,6612.475918874022
18784,5375.14135056986
18785,3119.431430115132
18786,5781.613534715119
18787,5784.523927445533
18788,6870.3105975251265
18789,6021.8764192926465
18790,6206.2364945190975
18791,4491.756547570868
18792,3659.0555378999807
18793,7635.572304759642
18794,3868.9688091393414
18795,8452.450642365755
18796,5131.742066708933
18797,3273.1233117112447
18798,5420.58456200624
18799,5344.631117158257
18800,5485.678845896639
18801,7080.91148966375
18802,3319.7540303349215
18803,3707.338508563504
18804,5240.8262180013035
18805,5904.0722193337615
18806,8208.089897021368
18807,4181.497145274943
18808,5007.454799583359
18809,3997.893297907715
18810,5171.035461224403
18811,4307.424314682429
18812,7785.737309162153
18813,6806.608343041474
18814,9635.594982936522
18815,3578.721342598516
18816,4642.764301518721
18817,7916.963981307781
18818,8278.996847746728
18819,3530.063604147428
18820,8345.207583015628
18821,5348.622321429788
18822,3997.4037943231174
18823,4050.810744718462
18824,3621.51148266309
18825,4551.700098808755
18826,4000.154873808281
18827,3867.912765089661
18828,3749.9354083696544
18829,6343.840333934035
18830,6354.527647620356
18831,19413.380244729844
18832,5233.634171568347
18833,3359.058918776013
18834,5219.824350057261
18835,8249.726045540316
18836,4911.6072079721625
18837,5770.964604744158
18838,4512.146334364015
18839,7249.698747847107
18840,5937.009036530548
18841,3476.6590634619747
18842,4440.417121995624
18843,5417.115259809575
18844,6057.356487825022
18845,5688.156744442466
18846,7584.069356893811
18847,3328.6805308061607
18848,3661.6215419901364
18849,3842.5255776234326
18850,7162.036305656339
18851,8252.160106743084
18852,6846.6485386589075
18853,5855.185019636294
18854,3220.1875397889144
18855,4819.179697862143
18856,3142.23374881456
18857,6238.0387262093345
18858,7641.797008913165
18859,7709.474835669107
18860,3982.9485799492813
18861,3774.5395181215044
18862,3504.924937168478
18863,5194.036306615956
18864,8216.333100936161
18865,4584.192821647407
18866,3476.3597882347412
18867,3531.099321999594
18868,6335.092888823141
18869,2988.4001659166197
18870,5628.861153133032
18871,2925.227255714591
18872,5147.304499113831
18873,5054.304695622019
18874,4838.7005002561045
18875,5738.492709918713
18876,5206.7960069638275
18877,4145.0640258320645
18878,5468.550538749306
18879,5711.127376839913
18880,7915.627851735569
18881,4568.5997882528245
18882,5768.646372303365
18883,7384.251551284235
18884,6852.879300251245
18885,4844.071102709636
18886,6461.635334783971
18887,3051.416942837225
18888,4222.719818330136
18889,4680.630591437639
18890,5589.783288325761
18891,6929.887966938544
18892,5195.358147921783
18893,3936.161774667341
18894,5104.96795160053
18895,5545.828600084605
18896,6665.085220191086
18897,3230.229101087562
18898,10832.139101579069
18899,3476.6703295297116
18900,5135.101203057705
18901,6077.914834870268
18902,3323.4194926417626
18903,4295.564199641689
18904,4449.522418804074
18905,5493.761773865925
18906,3975.031078285628
18907,4418.152510864026
18908,6075.791792054357
18909,6687.244633784355
18910,4869.9752601400205
18911,3954.1272414927553
18912,5854.083993304335
18913,9451.876687348695
18914,5724.12923413323
18915,4850.794791427219
18916,4545.010952151102
18917,5309.006861210906
18918,5074.055364780219
18919,5844.038574733333
18920,3027.388816385891
18921,5970.758117485655
18922,5325.069310582095
18923,4844.098592944396
18924,7435.7343074641885
18925,3571.710316747109
18926,4038.1230937444266
18927,3272.3609869574484
18928,5876.080312167007
18929,7059.228645455935
18930,3956.056013933213
18931,3538.45113129368
18932,5066.563519697034
18933,4285.761023850179
18934,4130.868233247059
18935,7045.137137711948
18936,5143.56022759801
18937,5822.440194435479
18938,4069.6341401392933
18939,3772.4806689741386
18940,4295.224602723399
18941,6705.886029411951
18942,5699.20491402168
18943,5901.020544618857
18944,6000.051983167059
18945,4714.857230530426
18946,7151.986411736006
18947,4320.963690996828
18948,4785.959369765975
18949,6394.939748536031
18950,4514.799963257297
18951,8014.183011100672
18952,6463.892277202052
18953,5288.64372160504
18954,4287.06727518021
18955,5621.17395268966
18956,4956.247695336199
18957,4571.258903750241
18958,3026.669313527653
18959,4357.859137751615
18960,5962.471088560785
18961,4167.79771312517
18962,3169.839617011484
18963,6287.033556699628
18964,5421.194542390736
18965,5470.080163374677
18966,4108.759817349241
18967,3970.113461315687
18968,5230.429879681793
18969,5276.659588688428
18970,4712.716232683215
18971,4013.7845471007254
18972,5085.825938350832
18973,4931.652264733054
18974,2766.8789396462216
18975,5352.5917741383655
18976,3539.989298902844
18977,6338.723955572666
18978,5783.491086708905
18979,4952.280421338135
18980,8263.895832378908
18981,4382.709793588996
18982,3818.6972829722145
18983,7896.624484381619
18984,5080.656467681627
18985,5787.193864959659
18986,5867.938609848244
18987,3911.2329896468323
18988,4861.78014171311
18989,4603.189631883658
18990,5820.369184998536
18991,8658.800030690496
18992,5878.934288836233
18993,2192.5560689395907
18994,4445.735437750888
18995,6494.041500979454
18996,6564.25962070796
18997,4410.235643580934
18998,4992.695112282955
18999,3784.428005484861
19000,4173.074366626529
19001,2741.6395911141935
19002,3966.4467947725193
19003,5139.393633256473
19004,5341.397697803203
19005,4922.766872886014
19006,4659.285992938
19007,6454.742276454738
19008,6085.928306117493
19009,6225.756275372535
19010,3589.116737493885
19011,7204.997067204029
19012,7153.651756343402
19013,3788.4276323081826
19014,5781.288637376842
19015,3790.9302075521127
19016,5159.337550935056
19017,2462.6865525194908
19018,5591.717757652854
19019,3614.395060658216
19020,7073.368469820499
19021,5527.751586624582
19022,5872.88600230485
19023,6921.228776155555
19024,4754.710592956214
19025,5897.7059588726825
19026,15756.031684790527
19027,7199.764054947106
19028,3799.4377164760417
19029,2046.294084259569
19030,4633.570586791352
19031,6588.676821930663
19032,5056.948474408177
19033,10788.145382900002
19034,16970.64757447084
19035,3156.6833243023248
19036,3746.4935824983395
19037,6871.796326149707
19038,3969.1084255862716
19039,5924.0466591852755
19040,4360.801058772497
19041,5694.471510106841
19042,3697.62545359023
19043,5096.142598702287
19044,4977.17425286896
19045,6451.027851409382
19046,6228.1637479738965
19047,4734.418437774705
19048,4755.477145257177
19049,5730.467914698142
19050,3757.5019152772647
19051,3949.640345219031
19052,6194.1851058490465
19053,4432.982853079768
19054,4302.528605362076
19055,5353.843224032306
19056,4447.03084814123
19057,5059.613980729138
19058,5271.437219083775
19059,5035.064321462784
19060,6788.303408737244
19061,7501.025679461754
19062,5332.604777770702
19063,5087.468561737819
19064,2623.4976145053697
19065,4786.4283547331725
19066,5114.715231860113
19067,4546.770498264111
19068,3693.897437863027
19069,6659.744834487334
19070,4955.7839372072
19071,8951.767069443651
19072,5216.510738513075
19073,3779.8322578614666
19074,3874.685934518801
19075,4230.496221320282
19076,6885.216379087308
19077,3890.2064326808045
19078,7130.675496800089
19079,12173.511785822206
19080,5532.191978561394
19081,4829.873201514077
19082,3558.0643619615394
19083,3714.518427988765
19084,5602.213567622225
19085,3037.683481839484
19086,4445.589782378459
19087,8099.419934895147
19088,4104.911944618694
19089,11749.054535974634
19090,10264.174067211403
19091,3943.21515820115
19092,4844.483521872964
19093,5192.829242153666
19094,5836.915218176564
19095,4054.1117660828036
19096,9141.310333336509
19097,5295.381854782846
19098,6586.357166794746
19099,3866.144286521737
19100,6252.750490784835
19101,3941.9481818973527
19102,7557.617020875982
19103,4514.613930091638
19104,4456.577998701927
19105,5581.975087644849
19106,5173.879181386699
19107,5942.6951063173
19108,8138.967720182027
19109,4490.586656373991
19110,7356.397812046726
19111,4996.34049112472
19112,7713.322915040001
19113,4480.579078230076
19114,3880.109392595694
19115,3846.5627719971653
19116,6203.659693656897
19117,4775.978178532193
19118,5453.475227610332
19119,4603.8577825512675
19120,6636.490161975629
19121,3542.740030118616
19122,7263.669245133903
19123,5454.424164929058
19124,3109.004033903834
19125,11215.769734757685
19126,13103.699547390646
19127,5175.570315239863
19128,5229.904563146071
19129,6636.240666392659
19130,7869.902921699099
19131,9264.438723554678
19132,4564.641567467457
19133,5927.52938065599
19134,4435.0651141691205
19135,5795.982924953388
19136,3240.232933624873
19137,4464.580891383416
19138,4223.235402309613
19139,4610.318034603092
19140,5950.17715451086
19141,4084.048815555125
19142,3061.4648987493492
19143,5055.136800761526
19144,2833.914354832266
19145,3449.5639130406867
19146,4501.30141100895
19147,5220.15435639525
19148,6374.531286570991
19149,6485.173172195289
19150,5460.724176682828
19151,4651.495964065101
19152,4980.4318167864685
19153,9196.146958512627
19154,5314.981219289397
19155,3803.8703695978957
19156,3844.9552318780793
19157,8069.644555034506
19158,4031.7361298348105
19159,5626.699929019457
19160,2541.918137138493
19161,4115.980767630326
19162,4968.980438242846
19163,5298.885997957589
19164,4476.205568750522
19165,7347.382543281428
19166,7151.810899565025
19167,10718.649005281546
19168,4965.93684547619
19169,7771.046239226824
19170,2630.980825328573
19171,3983.5796793762397
19172,4699.88115623962
19173,2810.913773146477
19174,6636.3329887488835
19175,3755.941740208186
19176,4483.489208069617
19177,6895.62251998878
19178,8295.600884770492
19179,6765.066376102405
19180,4178.303015203366
19181,4037.6238630721564
19182,10452.850901431751
19183,6567.231554530405
19184,4417.9027115706585
19185,4162.091964675667
19186,4935.847539813999
19187,6873.230207852891
19188,3417.923206495666
19189,4847.633079234027
19190,5436.959511408625
19191,6009.662412039919
19192,10201.53761481113
19193,4526.742526374868
19194,10557.353135469826
19195,5001.36335250841
19196,4073.4986288984787
19197,2483.076115056119
19198,4868.10223475017
19199,4717.447058460466
19200,3927.010205708086
19201,6106.432465145728
19202,3905.2117142949955
19203,3280.9877647102876
19204,5693.732703986408
19205,3059.917648820995
19206,6370.459704446856
19207,5124.404940906019
19208,5819.579069933302
19209,6318.643172725335
19210,3518.973246782012
19211,6922.456396454941
19212,5651.36984623221
19213,4253.882580179797
19214,4750.83264957901
19215,4861.62859620467
19216,7405.45273034636
19217,4742.187257097733
19218,3574.115878814405
19219,5623.331031274549
19220,6131.911181569015
19221,5367.964800006076
19222,4386.598916387813
19223,6622.439777623897
19224,4531.989871646856
19225,4873.850009472807
19226,4755.578303321381
19227,6696.022105192858
19228,4468.489837902526
19229,4544.714359251757
19230,3754.3097638126974
19231,4493.847828468219
19232,3733.3550262432273
19233,3755.204991899012
19234,6099.3002346467365
19235,7832.7400268945175
19236,8537.118102812383
19237,7906.169460697971
19238,6425.212918492563
19239,6507.905192668267
19240,4647.795452298218
19241,9345.975350208691
19242,8163.56824194544
19243,5043.994894627516
19244,6535.1311499395515
19245,5903.102438990377
19246,4408.12599620203
19247,3091.937414041047
19248,9108.47503116783
19249,4806.284923758712
19250,5096.281386281458
19251,5038.5246564273975
19252,1833.7459269823771
19253,8247.931765036055
19254,5568.1608082875155
19255,4447.423566079662
19256,4004.747026667414
19257,4362.435906866396
19258,5395.0051076711625
19259,5167.041227983257
19260,4853.081977693191
19261,5351.090224609034
19262,3810.7722312811484
19263,3217.9151550133993
19264,2398.350921752216
19265,5169.155835622114
19266,14793.289152243407
19267,3614.8025183016116
19268,4583.82381407206
19269,5187.503548405438
19270,4146.875456120267
19271,3872.5456595172477
19272,3745.9452932682284
19273,2995.2228571802093
19274,5595.35653669824
19275,5202.14997468847
19276,3022.9454646164854
19277,6440.574604282313
19278,3534.3167552103014
19279,4265.188669787041
19280,8250.618331708112
19281,5497.997507107988
19282,8601.676774724472
19283,3674.8477491379936
19284,5038.47284010686
19285,3700.451712131814
19286,4407.629188150671
19287,12638.485631668858
19288,7873.9434239701195
19289,5530.780221296381
19290,3764.845987787702
19291,3520.0802383739756
19292,4594.272867920829
19293,3444.0253576876075
19294,8159.963264302756
19295,4136.780908980974
19296,4495.5935634736425
19297,5865.89953443325
19298,3456.3886947139094
19299,5201.420409655972
19300,5330.827083341549
19301,5313.53786738248
19302,4799.790405441857
19303,3152.1904832776295
19304,4912.228152280332
19305,4488.036731193804
19306,6609.741220603457
19307,6321.6189748307415
19308,5059.552781276438
19309,3381.3530720256917
19310,6224.087501998167
19311,4539.007400360778
19312,3922.8180645254947
19313,5282.7028497901165
19314,5615.715222285311
19315,5144.971063494674
19316,4475.169907121761
19317,4697.998074660352
19318,5144.393576928012
19319,4810.187511070074
19320,5540.583814613757
19321,5528.430719251895
19322,3716.960177609947
19323,7134.937018618763
19324,4979.048540762511
19325,3579.3847235697367
19326,8886.835848717119
19327,4504.822339148173
19328,2983.2639423595524
19329,5754.724476507001
19330,6544.810558140768
19331,7262.8254571892785
19332,4356.65810250393
19333,4908.561109693572
19334,5100.353345909994
19335,5891.3697258580005
19336,4429.596320523833
19337,6220.113608531628
19338,2435.3314720073367
19339,4140.068030364768
19340,4399.678557196503
19341,3906.3978172490997
19342,3635.7703808615533
19343,4934.06644197561
19344,5420.823682386338
19345,4711.944838064165
19346,6048.975282658984
19347,4751.445414074172
19348,6459.672274289563
19349,4191.80518293222
19350,5298.764518415849
19351,5124.656820212031
19352,5750.947164668141
19353,6299.298868415582
19354,2423.2380877463415
19355,7082.043737245386
19356,5428.71698506198
19357,5292.812681371435
19358,3983.5322512311004
19359,3148.5253811278135
19360,5937.874609294622
19361,4445.828667904956
19362,6855.358527286157
19363,4847.308849705008
19364,4364.043292907779
19365,5716.141568289623
19366,4692.748406238092
19367,3857.196234260982
19368,5878.262353786983
19369,3853.136798447535
19370,7285.678839817731
19371,7871.613607775795
19372,5575.073161791426
19373,3458.630041741691
19374,3733.025318912487
19375,3366.690720331675
19376,2530.5474506015694
19377,6007.492793705168
19378,4414.760345392812
19379,6364.133416450211
19380,3127.567421689702
19381,4623.3461059199935
19382,4965.223071204674
19383,7354.542354908763
19384,3916.7524980861062
19385,4406.394967212056
19386,3686.002355608399
19387,5821.711140359748
19388,4147.639970517765
19389,5845.6581121618165
19390,6715.216250950048
19391,7310.1339962038
19392,5528.192901627582
19393,5659.6920385535905
19394,4956.017340088871
19395,3536.66902223898
19396,3752.7618835723633
19397,8069.365210233396
19398,6704.876625987251
19399,7753.280682793061
19400,13348.782692022061
19401,4147.295510836136
19402,3685.5388335782554
19403,4488.6927776106195
19404,6683.135071334773
19405,7533.202733014237
19406,4804.635989908564
19407,5815.767642462574
19408,5853.163859810521
19409,5769.899582537362
19410,4830.224780035523
19411,3860.0898592416197
19412,3576.1226740828874
19413,3793.5715471984504
19414,3058.9184810801867
19415,3600.9253118231622
19416,6096.573586977306
19417,12480.559459468283
19418,5086.268881251165
19419,3814.0800751719526
19420,5460.767958766253
19421,3045.9843132603382
19422,5502.5007366022055
19423,3294.9473325055014
19424,7086.3027710504375
19425,5270.599949339805
19426,5371.8770586384635
19427,10489.658953283017
19428,10539.613388741598
19429,4088.059310054591
19430,5627.355433976948
19431,3114.7731593691333
19432,4575.348603731577
19433,4796.793315800199
19434,6372.993582608126
19435,3636.811851965721
19436,3496.9473940696007
19437,4706.14068395924
19438,4105.991404067834
19439,5057.608696750382
19440,5005.484183843521
19441,3508.9933710402206
19442,5299.575679857461
19443,6133.5309552924755
19444,4947.198102654243
19445,3208.870676801444
19446,3106.777369046067
19447,6348.22372624049
19448,3523.8169416563637
19449,7771.103254316409
19450,3196.250065582142
19451,3993.101345258506
19452,5178.032094713983
19453,5125.916627209763
19454,3601.4716259358597
19455,4848.488986635475
19456,5114.622181687237
19457,7364.04413405345
19458,6752.023236531814
19459,4410.838800869449
19460,3346.483060587977
19461,4638.816290806735
19462,5327.1147155620365
19463,3584.222626011927
19464,4483.289722991534
19465,5290.701446240286
19466,9374.486139298515
19467,6077.577449023995
19468,5457.640087006756
19469,6307.650239135104
19470,3602.7613598191233
19471,7401.1947976254905
19472,4121.655082400867
19473,9353.461241507315
19474,4418.4817307284975
19475,3880.0612123073247
19476,3889.3229463822845
19477,2698.8472963935337
19478,6164.173194908165
19479,15595.194323484302
19480,3281.184673660671
19481,3776.9182836148466
19482,6827.031337984151
19483,5051.646276282975
19484,8541.757777785397
19485,6011.52330838635
19486,4398.824471500149
19487,4151.298769556747
19488,3286.5339288653126
19489,7574.7194924060595
19490,4261.404576943634
19491,5615.969084872314
19492,6200.501176261239
19493,3916.7199757509125
19494,6248.742121829864
19495,4648.085615551733
19496,3371.4959329444
19497,7602.437849915404
19498,7697.357205206808
19499,3523.853590838678
19500,5803.480401453037
19501,4678.523325732555
19502,4570.471380430875
19503,6736.359612288601
19504,5076.868012257234
19505,6074.295471163223
19506,3528.4927651272897
19507,3434.542884406114
19508,6743.252818912744
19509,2802.9580644962434
19510,5947.6988194099995
19511,3212.3309320799603
19512,4729.960175884137
19513,3862.980001708522
19514,4680.7590564759885
19515,5739.879021490209
19516,5424.8216428126325
19517,4639.780848586959
19518,6229.95779888661
19519,4437.67595758332
19520,5475.711517706854
19521,5509.246610613992
19522,6117.183576779712
19523,7031.4945048504005
19524,6459.965383892869
19525,2627.0336633293346
19526,5048.133761614873
19527,6201.254143711813
19528,4149.053681973112
19529,9470.28302463557
19530,4143.661251992775
19531,5153.697925825218
19532,7487.009020373091
19533,5272.711621973357
19534,2711.6140158472226
19535,9089.021086716402
19536,8476.526717750257
19537,4934.652980329761
19538,5849.625306603195
19539,8074.739240132358
19540,4584.0809240489225
19541,4123.952441479014
19542,5001.0866601688995
19543,4279.624556384434
19544,4800.881825485942
19545,5673.314388582273
19546,3611.725944753324
19547,5284.424627631135
19548,4994.478757979134
19549,5140.32457598667
19550,5367.446505057328
19551,5095.954598289685
19552,5488.03674324612
19553,4070.4926238874223
19554,5616.707993145147
19555,5260.673141315806
19556,5288.241697364252
19557,5063.590201476998
19558,4647.437663023661
19559,7057.869203525684
19560,4291.044751663906
19561,4246.194508091505
19562,4348.00211074031
19563,5675.231873264909
19564,5707.974162099524
19565,4117.4168902683505
19566,3041.4649421902277
19567,6576.607979631716
19568,6101.147352752829
19569,4169.910165113347
19570,5721.911781757694
19571,5582.202334983681
19572,5128.938421316573
19573,3937.9720508161436
19574,2629.876137281216
19575,4669.8428673352655
19576,4908.644752234818
19577,4471.042706778552
19578,6878.112028096382
19579,6637.2441880629285
19580,3936.4625289045002
19581,6106.383622753516
19582,3248.524480681578
19583,2357.751038618933
19584,5651.950820567202
19585,10144.137682892206
19586,5764.7038100011805
19587,5356.403169959848
19588,3186.4247605458863
19589,5032.702510429084
19590,6182.484863327632
19591,4196.027745807111
19592,5526.756692465703
19593,3484.0329469042117
19594,4189.735637004503
19595,4317.287347480328
19596,4008.7963335569407
19597,4351.697498007938
19598,3521.025725283108
19599,3163.8871685471877
19600,3234.6580199873
19601,5563.28635807864
19602,4702.556366193326
19603,3660.8090689461515
19604,5199.774573997507
19605,5739.817205836944
19606,4437.950785040828
19607,4942.208058214585
19608,6578.812630540849
19609,5435.884129739653
19610,4465.63579978678
19611,2948.578740142845
19612,8306.933933105478
19613,4617.8397919087865
19614,3874.530574634681
19615,5775.624669938698
19616,6253.868636948056
19617,5281.927691905636
19618,5029.69268312443
19619,5500.196241323421
19620,6858.756846862202
19621,9626.950755561711
19622,3594.446808737427
19623,3325.4054041135223
19624,3707.654610368697
19625,5050.929127586103
19626,4591.781635471604
19627,6686.6414848046525
19628,6307.49877471688
19629,4754.07774726989
19630,2901.626915867505
19631,4425.351482697311
19632,8437.821444169525
19633,3484.8414438868804
19634,5566.634934288732
19635,3195.7635466948996
19636,5237.205556983314
19637,5481.657865076804
19638,5595.7155150933995
19639,6705.622434892734
19640,5366.775940239392
19641,3033.3532019756976
19642,5431.743726754366
19643,5896.554617669651
19644,6394.069655961855
19645,5714.754043332655
19646,5833.536931255143
19647,4089.096797262257
19648,3478.580540570785
19649,7361.682717698056
19650,3673.4733396634374
19651,8224.198467649125
19652,5089.386177996383
19653,3243.184107313383
19654,5216.525843402091
19655,5094.586919560205
19656,5522.47563938804
19657,7245.633624675594
19658,3020.121447951992
19659,3469.4373329416285
19660,5250.819712380572
19661,5762.921554550439
19662,8414.676066761578
19663,4338.52989274238
19664,4600.494369320914
19665,3861.9260667682015
19666,4793.639813768748
19667,4015.7829697730836
19668,7518.0314051520545
19669,6839.423379883599
19670,9973.133928781595
19671,3633.4914684882897
19672,4415.140780755326
19673,7584.816700064422
19674,7924.035994507482
19675,3380.930171993924
19676,8073.714777062483
19677,5323.95036055429
19678,3939.1146506888813
19679,3802.806740686072
19680,3513.112372133735
19681,4510.260792230137
19682,3922.1657732853546
19683,3773.090140121998
19684,3674.320678376865
19685,6131.617141795051
19686,5947.613194818246
19687,19585.069377177944
19688,4940.855553984798
19689,3407.143956117609
19690,5386.681315861311
19691,9470.128142869562
19692,4935.3046370095435
19693,5934.913766844675
19694,4577.660318446098
19695,7004.843532932389
19696,6069.237907855016
19697,3378.504572728031
19698,4706.382300804488
19699,5503.669943973154
19700,6278.791574529923
19701,5776.25458827249
19702,7786.210100471993
19703,3389.8420077554697
19704,3706.3853799752487
19705,3636.748537680185
19706,7070.942919371625
19707,8462.26219122718
19708,7086.313830699469
19709,5952.910880038857
19710,3648.305475971906
19711,4822.729327772783
19712,3201.277250669737
19713,6390.450479608189
19714,7680.290434473327
19715,7662.4217398656565
19716,3923.258750475011
19717,3707.7764836596325
19718,3782.95954957854
19719,5203.2716535009695
19720,7894.707636304825
19721,4682.7376750339645
19722,3275.3702234869183
19723,3513.0636668733323
19724,6286.150442662845
19725,3028.9881463448505
19726,5530.0758988124835
19727,2774.1722161702446
19728,5085.170972237381
19729,5112.5802776247165
19730,4876.164508430697
19731,5793.341326627935
19732,5178.080069115893
19733,4016.788268495997
19734,5946.552573610762
19735,5469.752822615051
19736,7743.726940450072
19737,4622.757270269531
19738,5875.01154035836
19739,7191.794291474226
19740,7115.106636582804
19741,4863.101048407205
19742,6504.533346661218
19743,3024.4196040121415
19744,4700.543971975019
19745,4691.673089647555
19746,5609.792338427378
19747,6976.873948526659
19748,5175.645182133647
19749,4058.4668601132144
19750,5016.585666176748
19751,5490.309364493226
19752,6753.539102345486
19753,3159.60131387579
19754,10625.353961600365
19755,3423.828179269148
19756,5160.656492288746
19757,6078.20408213623
19758,3529.8438585828335
19759,4079.246153478703
19760,4639.405676309009
19761,5605.7001258935215
19762,3985.303281520391
19763,4320.74733978322
19764,6165.578835013153
19765,6951.301389735771
19766,4855.783932065013
19767,3763.8763854242593
19768,5847.657824853899
19769,9488.045022094026
19770,6116.695842943656
19771,4896.377822497201
19772,4414.150686529044
19773,5308.8637324385245
19774,5172.312413085007
19775,5904.790778657893
19776,3046.476996611908
19777,6106.688190282834
19778,5412.145929536396
19779,4939.235670443147
19780,7401.229447642009
19781,3825.3689411783266
19782,4023.022255447836
19783,3180.14042649045
19784,5845.5159037249
19785,7233.966786411259
19786,4056.416095140241
19787,3568.436697942325
19788,5089.201661813981
19789,4153.0908742931715
19790,4059.504873309531
19791,6979.9151246262645
19792,5214.788045723777
19793,5806.307258852147
19794,4209.241336297821
19795,3808.7940682758713
19796,4198.070477864123
19797,6826.035929574801
19798,5891.95790808446
19799,5807.927610449134
19800,5792.890283558007
19801,4773.537774625883
19802,7287.228061560937
19803,4115.733866449077
19804,4829.620090059521
19805,6412.890106860349
19806,4520.508295611473
19807,8260.841146128409
19808,6167.020659963679
19809,5479.045421554788
19810,4282.868770383855
19811,5895.259943487906
19812,4980.705735549813
19813,4506.253550832334
19814,3138.788095955901
19815,4520.975356413082
19816,5850.325857684287
19817,4286.665477421347
19818,3165.457621517245
19819,6522.5753201724965
19820,5541.606211237143
19821,5410.328382807847
19822,4176.7533647594455
19823,3945.7977702333956
19824,5500.705019592156
19825,5335.532150413566
19826,4756.213308771587
19827,4079.8321350263514
19828,5175.800871365251
19829,4921.416157851797
19830,2818.8889580500418
19831,6374.866317942571
19832,3413.9466280308825
19833,6186.053926389839
19834,5815.465507185383
19835,4972.361165565474
19836,8274.046124644296
19837,3974.71773193789
19838,3760.999833327942
19839,7945.648396168137
19840,4974.553275094042
19841,5706.8792582308215
19842,6129.313418489946
19843,3699.514075791631
19844,4844.0753411840515
19845,4658.389115098562
19846,6379.774015567052
19847,8738.309072782835
19848,6395.838724780326
19849,2134.5836042128535
19850,4031.68804271437
19851,6426.061372991277
19852,6461.250194800837
19853,4381.818344931522
19854,5204.836533346485
19855,3756.537072125389
19856,4261.960335880289
19857,2809.572953537578
19858,4084.2169261735426
19859,5176.573566358882
19860,5287.964783389042
19861,4998.602788090369
19862,4759.569087190554
19863,6510.445393341598
19864,5952.926960866009
19865,6371.424518509172
19866,3475.7331672347195
19867,7258.495040495723
19868,6983.682342563651
19869,3767.605238893383
19870,6090.293217854258
19871,3737.604906987814
19872,5092.123862746218
19873,2427.2884371269324
19874,5580.907452109909
19875,3485.8505434122876
19876,7095.946484108677
19877,5668.71358021536
19878,5806.250298349494
19879,7149.227627420417
19880,4856.47768798679
19881,5820.135721309069
19882,15969.626085534788
19883,7167.609530347526
19884,3959.880771359443
19885,2002.4279460996052
19886,4581.035207849868
19887,6543.5931350963265
19888,5234.470164809034
19889,10679.945911884326
19890,16705.56899480506
19891,3212.0690521518177
19892,3639.7827773876206
19893,6857.074983575245
19894,3548.757466040272
19895,5990.862899116084
19896,4426.157751540326
19897,5886.094634958864
19898,3702.5323725788644
19899,5138.708829566059
19900,5043.356855127527
19901,6620.270787013483
19902,6044.405100883172
19903,4640.237255935724
19904,4714.150987718596
19905,5712.054845757012
19906,3771.784108155985
19907,3779.7337263983995
19908,6196.04101789941
19909,4397.199115409545
19910,4266.692844586028
19911,5471.286600346058
19912,4752.89622545541
19913,4900.191821174995
19914,5338.13459310064
19915,5126.491487826308
19916,6705.35152740409
19917,8002.424266127434
19918,5641.388323960258
19919,5190.792443871904
19920,2584.036964135638
19921,4845.42730502852
19922,5290.456803185032
19923,4477.329786324421
19924,3833.001381697512
19925,6838.555266235559
19926,4965.669944432493
19927,8937.82319853426
19928,5311.592208500325
19929,3731.400734009361
19930,3896.4860914753035
19931,4228.5146493382645
19932,7035.191930118617
19933,3844.495633215509
19934,7387.525039447486
19935,13036.905239734911
19936,5567.217799299061
19937,5040.33959425762
19938,3473.181795923931
19939,3696.4898618099223
19940,5607.00410168527
19941,2953.6832360438116
19942,4408.749901127044
19943,8368.934753203455
19944,4021.586838972857
19945,12056.176502959019
19946,10154.867407621647
19947,3794.2995183043063
19948,4878.352235640329
19949,5401.368713146746
19950,6114.991341546362
19951,4119.380136107064
19952,9299.550054524267
19953,5294.872013861391
19954,7162.8005150583695
19955,3941.4171503747284
19956,6368.66235537103
19957,3868.732364981685
19958,7683.842411645708
19959,4458.782962472722
19960,4404.67830528791
19961,5596.446873352175
19962,5088.734995756604
19963,5898.107744197154
19964,8594.378361442747
19965,4499.561999842299
19966,7241.727959215075
19967,4828.334989289857
19968,8182.975115919812
19969,4546.117112359368
19970,3845.91938002049
19971,3761.0669908540335
19972,5982.58660910958
19973,4707.1459363874355
19974,5417.984258327059
19975,4497.41238818114
19976,6725.441422264074
19977,3528.0728133459147
19978,8561.987761833972
19979,5753.238066385139
19980,3017.390133477238
19981,11102.499597027077
19982,13105.736721559968
19983,5094.645529664067
19984,5394.261661283676
19985,6747.882470971829
19986,8252.765592112686
19987,9687.335335782574
19988,4796.837902856468
19989,5977.154465282856
19990,4354.024871613999
19991,5662.900724454
19992,3373.2590260286265
19993,4458.482098868215
19994,4202.803101399031
19995,4511.507288358306
19996,6190.79893030079
19997,4128.284385952794
19998,3050.4443890057114
19999,4900.606914158148
20000,2888.1726993797356
20001,3396.4971397783606
20002,4632.310816498384
20003,4820.815707335249
20004,6138.638725646089
20005,6546.937476064357
20006,5644.730996104328
20007,4588.280986460621
20008,4904.56276748168
20009,9427.191870125193
20010,5484.5526453502225
20011,3765.8528658502605
20012,3841.85609184383
20013,7957.511026902021
20014,3983.729444708089
20015,5667.585483181716
20016,2600.9123459348357
20017,3993.4151287770305
20018,5043.309349171423
20019,5353.112557394321
20020,4460.5766383091095
20021,7309.101447529727
20022,7265.115876437292
20023,10737.59587072358
20024,5311.516776495824
20025,7462.419218658296
20026,2654.7182204542332
20027,3999.044754226073
20028,4723.93041898847
20029,2702.491657210813
20030,6621.510689333295
20031,3735.063776387249
20032,4657.022009115337
20033,6921.471730129007
20034,8396.974165382699
20035,6573.275467869585
20036,4214.479186298009
20037,4273.255861415351
20038,9972.786473012808
20039,6065.243040653141
20040,4741.168782679057
20041,4102.268471808182
20042,4892.013198705397
20043,7179.307567370982
20044,3315.3954024661048
20045,4972.1697325630175
20046,5316.731426649659
20047,5933.276579487429
20048,10659.88766774332
20049,4444.168332057733
20050,10754.283035274791
20051,5238.866152774155
20052,4128.924760936643
20053,2637.3645989560237
20054,5099.062905041195
20055,4914.826811412561
20056,3851.1107573483173
20057,6008.212762498329
20058,3941.018380321712
20059,3250.7633607188445
20060,5607.410482428726
20061,3156.882401077698
20062,6538.897610568314
20063,5134.412367092598
20064,6058.01514437598
20065,6379.501812661672
20066,3494.4157416572607
20067,7231.343988233571
20068,5714.2129768392815
20069,4254.513662076947
20070,4778.517366103807
20071,4361.413196253457
20072,7559.620175176536
20073,4824.375737665884
20074,3632.3373305909395
20075,5469.960175741758
20076,6167.815556126949
20077,5456.3826215813215
20078,4362.711573164495
20079,6793.371583976622
20080,4631.521430996124
20081,4857.433094370128
20082,4860.933015929903
20083,6401.408503209767
20084,4736.905026531725
20085,4641.123321443266
20086,3640.1331500148476
20087,4501.763010909408
20088,3833.2669220629614
20089,3633.4016119547077
20090,6049.866007294834
20091,8367.244346661837
20092,8424.960083366612
20093,8000.403849693597
20094,6806.72492444929
20095,6796.51780043105
20096,4885.451764926367
20097,9616.63115882291
20098,8472.471940014102
20099,4887.6636212658905
20100,6584.873846554921
20101,6591.402411194313
20102,4351.001166927288
20103,3267.3474861805835
20104,9194.399523571332
20105,4776.1401595589805
20106,5189.416113300895
20107,5163.896018223504
20108,1772.8388401379382
20109,8099.314470713028
20110,5642.574534261867
20111,4418.970814063674
20112,4144.873047006495
20113,4354.798282251884
20114,5930.538167028081
20115,5118.500753376136
20116,4824.746787383944
20117,5533.821282696525
20118,3719.213708769259
20119,2858.516298698665
20120,2539.8125066715634
20121,5174.092335553018
20122,14583.572599471496
20123,3745.870126599623
20124,4593.369520532631
20125,5087.816596026432
20126,4329.83218575809
20127,3902.9269372585627
20128,3692.8963646125594
20129,2910.688669667703
20130,5627.249514264461
20131,5023.680149590682
20132,3034.046946604949
20133,6536.0012027842295
20134,3535.986402624683
20135,4471.60033344703
20136,8211.761563052758
20137,5503.472534298851
20138,8927.573826670447
20139,3666.826550963804
20140,5088.656878578227
20141,3613.1140059991963
20142,4611.20300271293
20143,12267.796003150863
20144,7824.159472089347
20145,5660.874325932997
20146,3727.737076014552
20147,3538.453010457145
20148,4596.865139851816
20149,3556.7030152075035
20150,8673.679696726267
20151,4223.07345066932
20152,4514.900127609838
20153,5823.142552727465
20154,3417.134916762458
20155,5219.863307246378
20156,5512.639361644479
20157,5395.689111103485
20158,4798.287176511678
20159,3238.457124989843
20160,4876.724760431932
20161,4416.619785009313
20162,6623.719525497406
20163,6652.343175225846
20164,5035.365843065721
20165,3359.72067769938
20166,6254.473856782724
20167,4724.4449265129015
20168,3922.1939556825323
20169,5458.598045294381
20170,5722.671892726311
20171,5255.614196919497
20172,4462.341966914461
20173,4663.346703043042
20174,5233.9495744817605
20175,5101.9438347214145
20176,5658.989718552841
20177,5531.320703784395
20178,3694.584803777338
20179,7495.985811119605
20180,4827.51122607365
20181,3482.02390531387
20182,8762.503908871415
20183,4686.328509700514
20184,2903.8832829532994
20185,6339.535744450452
20186,6610.529216602504
20187,7376.138918417022
20188,4418.544677635634
20189,4969.398461226375
20190,5097.818518858646
20191,6005.917928698055
20192,4663.389390052523
20193,6271.42755451561
20194,2539.67659909863
20195,4246.08933956983
20196,4630.676432900113
20197,3875.3424231614013
20198,3632.278002217501
20199,4935.122899763323
20200,5279.161573039677
20201,4721.263839585332
20202,6050.18436857925
20203,4704.29441994602
20204,6675.101159187435
20205,3915.8253437969533
20206,5392.875217812775
20207,5173.514380663466
20208,5789.030921667996
20209,6166.789130231244
20210,2511.6800266035602
20211,6861.866513316797
20212,5521.262125646062
20213,5488.602087767161
20214,3974.782502812639
20215,3299.734153914266
20216,5955.533689310145
20217,4626.942152978558
20218,6825.4296802008175
20219,4897.755713088632
20220,4545.869831344363
20221,5650.227648721476
20222,4900.1696144343905
20223,3948.8317096861915
20224,6047.731104182993
20225,3918.1108190230475
20226,7609.621615175147
20227,7749.952929774186
20228,5903.910223547801
20229,3520.8326848610677
20230,3751.779309762086
20231,3316.8812491776384
20232,2666.4571970973325
20233,6245.924097632673
20234,4336.900461542772
20235,7066.76720991698
20236,3093.0829714485963
20237,4614.16101730773
20238,5195.308447405025
20239,6903.791133657357
20240,3889.2453324887215
20241,4355.027802969043
20242,3785.753039559824
20243,6007.77406274181
20244,4313.1211655799925
20245,5569.671761785989
20246,6883.821465767666
20247,7369.2761672433435
20248,5525.955036354041
20249,5824.266167347497
20250,5206.879408945013
20251,3467.1484762230566
20252,3703.772265490423
20253,8214.447410440076
20254,6638.444067864562
20255,8220.30892116296
20256,13790.110204158798
20257,4337.183639356334
20258,3782.935634870062
20259,4654.65142189796
20260,6727.203266620765
20261,7241.8506954290715
20262,4695.102105727242
20263,5980.866164516679
20264,5678.452812952727
20265,5817.714465433196
20266,4734.466578982424
20267,3726.7874888933475
20268,3665.0184698960593
20269,3700.0827954250476
20270,3091.305314287351
20271,3568.829155056055
20272,6232.474323315933
20273,12791.630330113961
20274,5085.777879450078
20275,3713.6270657222403
20276,5291.2279080245635
20277,3012.604317431681
20278,5440.3949049068415
20279,3236.855321250457
20280,7428.990655305013
20281,5192.4623938887125
20282,5748.411407251978
20283,10426.201766430853
20284,10569.90477076603
20285,4168.853050261509
20286,5764.303447779921
20287,3117.051327093793
20288,4486.574856509496
20289,4917.381630677794
20290,6400.275301045291
20291,3573.678134682301
20292,3436.3707515495125
20293,4857.18689914194
20294,4160.237406546441
20295,5543.7132834779195
20296,4995.377022802329
20297,3681.2245704261845
20298,5199.671087483062
20299,6402.176748570582
20300,4968.464928050671
20301,3134.91864179624
20302,2912.3603055746894
20303,6657.247574450471
20304,3547.392880964481
20305,7822.768599184535
20306,3133.2044217036073
20307,3962.182951406489
20308,5186.014434062573
20309,5086.712095040969
20310,3589.617565334985
20311,4638.540991846093
20312,5000.30426386676
20313,7305.6978747693165
20314,6593.388838754915
20315,4325.416633298066
20316,3431.012916384117
20317,4621.574441829035
20318,5472.434049152434
20319,3784.605775567657
20320,4587.604767702048
20321,5414.544805548209
20322,9492.153764882185
20323,6344.02383764358
20324,5686.59691584998
20325,6290.576681657461
20326,3624.0691676781753
20327,7565.315685348026
20328,4299.967802908836
20329,9197.611539709365
20330,4409.350905717428
20331,3861.3919894476403
20332,3868.7286802146
20333,2723.981495720186
20334,6303.533712951359
20335,15804.259297659442
20336,2927.765039174992
20337,3661.9154246845515
20338,7511.886414802072
20339,5302.235498474489
20340,8622.034642192837
20341,5852.9205652659175
20342,4341.2344931497755
20343,4050.76430552395
20344,3408.461439356786
20345,7811.678766028122
20346,4250.438819561938
20347,5726.7663278070995
20348,5987.509464163219
20349,4001.466250732299
20350,6385.124212139112
20351,4913.023866031424
20352,3284.457956648686
20353,8056.670081742832
20354,8906.29404661269
20355,3592.0221247763143
20356,5839.870356534392
20357,4612.880731627011
20358,4472.71254612197
20359,6743.787279493654
20360,4818.325315345661
20361,6204.810046069665
20362,3485.0908268085514
20363,3305.270961486755
20364,6421.929630560478
20365,2856.4009527574995
20366,6163.505321812024
20367,2958.692238111616
20368,4926.767744921895
20369,4014.9784052626414
20370,4686.37211210335
20371,5718.437125090891
20372,5660.4279111853
20373,4605.276488067511
20374,6319.007125892413
20375,4480.445858915203
20376,5656.2869216025865
20377,5304.172165695154
20378,5758.702173122627
20379,7112.746366828271
20380,6876.753932973889
20381,2444.8556235058295
20382,5100.046855916592
20383,6593.431341635367
20384,4183.423408231277
20385,9464.861072593845
20386,4198.82953777287
20387,5474.477914564497
20388,7515.868833454646
20389,5852.499454791326
20390,2700.0129953758187
20391,9523.902988685775
20392,8674.165624241488
20393,4997.231042587446
20394,5976.474247304858
20395,9305.215907470758
20396,4536.517313889612
20397,4317.812614828344
20398,5115.956386732282
20399,4245.7550254767075
20400,4660.805692390708
20401,5577.014512901934
20402,3633.350277528328
20403,5818.582798965956
20404,4992.134520240193
20405,5228.610214875673
20406,5155.396443950061
20407,5322.716961080575
20408,5747.292118910053
20409,4316.1591642472395
20410,5761.67107781348
20411,5332.025906499874
20412,5378.943829631496
20413,5223.5308525560395
20414,4791.738358209398
20415,7383.684838942496
20416,4112.941715507944
20417,4289.429195477926
20418,4376.579622003136
20419,5398.762786223324
20420,5990.381363071912
20421,4202.366737210807
20422,3103.8663082356966
20423,5868.624034895387
20424,6117.453687354783
20425,4204.216084320007
20426,6039.131284843847
20427,5559.1875944851345
20428,4661.805738582792
20429,3731.831643232457
20430,2540.4394252481197
20431,4675.500363315143
20432,4998.0236312361285
20433,4890.625358884526
20434,6975.2672338553175
20435,6301.334975084676
20436,3951.8514594596836
20437,6341.990763392432
20438,3230.9448004846704
20439,2448.6229813128575
20440,6024.411287770577
20441,10363.947177149594
20442,5876.439562353668
20443,5283.037489604482
20444,3231.2562075154037
20445,5091.430180529086
20446,6193.733780941433
20447,4274.576729653818
20448,5906.078894462023
20449,3430.0797653648087
20450,4377.6704807916685
20451,4354.598074864783
20452,3900.585118225058
20453,4399.216188707119
20454,3436.4070239315884
20455,3097.1318230715615
20456,3345.1411749438885
20457,5626.278671011107
20458,5120.655358318677
20459,3521.2804674504196
20460,5660.526106222628
20461,5726.326505809681
20462,4404.256760293068
20463,4902.728301568089
20464,6417.335741454551
20465,5526.41020018522
20466,4388.83078370151
20467,2976.446618273363
20468,8987.495765261983
20469,4537.296802977868
20470,4046.780835160597
20471,5836.175255741364
20472,6166.804050492846
20473,5297.153713310145
20474,5076.835515984551
20475,5502.884684486922
20476,7216.927065334401
20477,9219.669370685177
20478,3597.6126471069715
20479,3273.3547031353237
20480,3620.9680164995393
20481,5084.163088620466
20482,4442.069201191533
20483,6292.710792196919
20484,6481.429478728272
20485,4728.188381338209
20486,2878.7788454194433
20487,4725.848676847279
20488,9250.896887324243
20489,3440.39226814864
20490,5520.386465723393
20491,3196.2556797526795
20492,5155.531417352076
20493,5544.710919425161
20494,5574.156126333958
20495,6558.006674396617
20496,5655.857346972852
20497,3041.312663087988
20498,5449.883985705799
20499,6339.248795037654
20500,6549.068243974371
20501,5729.57880494504
20502,5768.706478174318
20503,4083.5487751568053
20504,3547.115304316084
20505,7619.267356673765
20506,3707.2389589445133
20507,8549.856564217836
20508,5088.680863649784
20509,3154.41376584826
20510,5197.239950038145
20511,5344.520159266569
20512,5525.516701295189
20513,7550.125614355263
20514,3117.6673729144463
20515,3475.6599926779595
20516,5205.409345977429
20517,5890.864375809749
20518,8208.773026888417
20519,4290.754473983265
20520,4911.173055718771
20521,3907.685020482245
20522,4869.465590700112
20523,4051.4687869286695
20524,7450.00728914233
20525,7101.335633999939
20526,10033.446755696308
20527,3669.066102292533
20528,4373.6757999606125
20529,7394.628415306682
20530,8558.902040129133
20531,3678.021784800106
20532,8427.086923313514
20533,5377.899049575775
20534,3842.228440185592
20535,3864.820150528246
20536,3443.314161879801
20537,4810.790648532078
20538,3906.779545331373
20539,3883.6479047604366
20540,3924.841992267686
20541,5993.1070746920495
20542,6018.876081545442
20543,19536.34210974179
20544,4750.478893720836
20545,3658.2995265646055
20546,5416.200662905606
20547,10221.066839964788
20548,5289.124871091565
20549,6631.190414581227
20550,5165.007151068889
20551,7615.8991384686415
20552,6427.900686355193
20553,3575.078226413715
20554,5131.849466247644
20555,5881.550298489295
20556,6583.500908210863
20557,6111.241833012774
20558,8664.421520315595
20559,3701.226263640613
20560,4077.8564260888875
20561,4176.770744743064
20562,7730.13397797305
20563,9347.016297743094
20564,7472.878919767821
20565,6586.541711299101
20566,3442.8447253441027
20567,5186.829458188153
20568,3522.662538151311
20569,7266.930475875977
20570,8437.261428781825
20571,8781.21903590976
20572,4307.472120095493
20573,4003.038135980989
20574,3803.2171622846136
20575,5901.687641283422
20576,8544.504383909964
20577,5074.742440340263
20578,3872.3165319275445
20579,3873.0192013811966
20580,6605.9174103593705
20581,3408.2388636344303
20582,5912.121484484822
20583,3190.808507990819
20584,5952.305722756278
20585,5936.0561768593725
20586,5282.481579692379
20587,6352.971658193679
20588,5535.326847079643
20589,4371.728966259875
20590,6233.562896661641
20591,6064.276685546905
20592,8447.10745837224
20593,5259.130358539129
20594,6268.640199179125
20595,7788.086780220877
20596,7438.1466785192915
20597,5418.738444099112
20598,7031.595349562974
20599,3378.772313029133
20600,4924.965368835365
20601,5049.111614592955
20602,6448.458723201155
20603,7916.9656949620885
20604,5933.4085882275685
20605,4472.082315981861
20606,5817.707405617363
20607,6279.908608615045
20608,7230.957795250531
20609,3453.279836964598
20610,10916.093950930746
20611,3750.096675776797
20612,5697.42412507234
20613,6761.649170951034
20614,3733.914122294879
20615,4394.353195059986
20616,4907.979961896717
20617,6080.210160095114
20618,4556.474322909273
20619,4667.5267631142415
20620,7275.136635139482
20621,7496.172133163914
20622,5419.1522503703945
20623,4377.276242491055
20624,6568.157490217968
20625,10659.53530930699
20626,6703.997794553484
20627,5497.352615731288
20628,5048.684273118595
20629,5990.164355705332
20630,5827.101522211532
20631,6631.47771867692
20632,3429.3109559838203
20633,7122.014643749259
20634,5954.865765201969
20635,5592.126548584363
20636,8577.932614628546
20637,3872.9491420978998
20638,4550.341358064739
20639,3628.8133211469217
20640,6282.393487857857
20641,7768.407119370941
20642,4560.623222161912
20643,4051.707375034671
20644,5689.273614598505
20645,4500.851017783796
20646,4313.758421679257
20647,7824.4843746044
20648,5711.182548759658
20649,6431.977753651904
20650,4528.627012660807
20651,4219.484112632403
20652,4764.734103479104
20653,7605.781065488753
20654,6430.978829459557
20655,6524.002305389302
20656,6754.345332860175
20657,5184.452488559206
20658,8255.002977223006
20659,4407.605407486256
20660,5143.893889452852
20661,7651.173618901862
20662,5159.451543099035
20663,8613.471817677868
20664,6734.35922101208
20665,5947.63915864802
20666,4700.078861099798
20667,6344.137525768489
20668,5569.623841674117
20669,4979.4441227086
20670,3367.4127174057808
20671,4769.966601639025
20672,6351.483575306649
20673,4635.623100842049
20674,3359.905292246017
20675,7092.750101473828
20676,5947.09106556495
20677,5975.875372489181
20678,4258.404436672007
20679,4350.3633439880705
20680,5876.254535952177
20681,5921.161818552888
20682,5040.341506846714
20683,4446.109982737201
20684,5638.942647603557
20685,5398.202221180538
20686,3173.1417170994564
20687,6268.755629352177
20688,3829.100397696621
20689,6885.30647100245
20690,6326.6961207132335
20691,5496.970764087171
20692,9103.461597939691
20693,4167.160409779035
20694,4140.658089316324
20695,8838.722289122916
20696,5397.693770564545
20697,6570.723041473213
20698,6692.02479479295
20699,4231.577223223102
20700,5291.433301545127
20701,5144.688779738993
20702,6826.423445122372
20703,9358.557021492321
20704,7272.9577258969175
20705,2358.7592402037003
20706,4511.388536890423
20707,6941.290717746585
20708,7156.889208441051
20709,4728.604713393141
20710,5741.115815821543
20711,4159.53952496371
20712,4375.903783536319
20713,2990.19712236056
20714,4235.419366190199
20715,5651.071974473284
20716,5874.066986585997
20717,5330.635754457159
20718,5448.214842808056
20719,7000.560966383468
20720,6851.299685157649
20721,7110.377719532271
20722,3881.635252166264
20723,7988.278647665318
20724,7715.209830098297
20725,4189.092465006885
20726,6651.832846360297
20727,4379.444273753522
20728,5662.008489750024
20729,2871.174776379126
20730,5642.386974085584
20731,3838.888716760264
20732,8222.113100561755
20733,6251.174896413703
20734,6769.149867585441
20735,7944.569766407227
20736,5352.581604575172
20737,6558.322556399984
20738,17025.213534511535
20739,7712.285714997172
20740,4511.3186930719385
20741,2172.571117637285
20742,5065.89932149017
20743,6840.351806934723
20744,5868.47819260139
20745,11502.213523008279
20746,18428.884534512676
20747,3518.653206020558
20748,4007.9338376694036
20749,7541.092270714412
20750,4057.425637921342
20751,6615.398681957385
20752,4809.494802434322
20753,6410.232175260368
20754,4115.215147399375
20755,5870.658463976505
20756,5421.995213849984
20757,7344.444263250846
20758,6842.6953189865335
20759,5205.8881510452475
20760,5248.734057082966
20761,6330.711028627237
20762,4116.338247115583
20763,4307.800380068989
20764,7235.864207069037
20765,4969.951539179108
20766,4910.797133505655
20767,5827.2797970149295
20768,4853.09174589865
20769,5009.5339205147275
20770,5853.530917231972
20771,5478.972793477837
20772,8250.278651444178
20773,10009.155999304498
20774,5869.6675307189125
20775,5408.018009222135
20776,2872.7654973279864
20777,5174.025437500383
20778,5959.251172450416
20779,5024.817136232949
20780,4222.894085633645
20781,7177.433949505206
20782,5221.308507057231
20783,9647.00023267247
20784,5723.735731938462
20785,4175.451074524176
20786,4426.874220573164
20787,4893.8531627888815
20788,7659.728264661695
20789,4358.322020931472
20790,8097.472154744183
20791,13828.704900767007
20792,6124.880293220587
20793,5202.973175954996
20794,3975.663730068578
20795,4092.2824600634417
20796,6045.527290941648
20797,3231.9603317236165
20798,4890.123815982129
20799,9160.127426628147
20800,4521.707822674927
20801,12223.598475569077
20802,10850.358281810715
20803,4212.034970951337
20804,5454.750164948195
20805,5806.650572813629
20806,6350.178255751164
20807,4576.966880976272
20808,10063.735916325986
20809,5781.163565684855
20810,7695.369397605833
20811,4335.1136695285795
20812,6610.279740080515
20813,4282.173744552586
20814,8394.531578291797
20815,4972.925042504681
20816,4870.207530178847
20817,6243.178264964226
20818,5578.1208313955385
20819,6627.996090919937
20820,9523.349298436011
20821,4860.272454110985
20822,8042.816430540991
20823,5711.86190492522
20824,9454.725402279706
20825,4761.328978148798
20826,4318.616398444916
20827,4293.698908546372
20828,6550.065881415899
20829,5376.673847575105
20830,6000.852398709822
20831,5118.758297335008
20832,7356.387355600394
20833,3972.811215643375
20834,8660.51641174941
20835,5884.724855199387
20836,3463.4772373563596
20837,11319.036778561447
20838,14292.85972230867
20839,5882.775060835018
20840,6009.062111459457
20841,7094.2769682599355
20842,8731.326442041485
20843,10311.661631221708
20844,5241.191974186787
20845,6499.848465038039
20846,4839.362171299942
20847,6392.174927277187
20848,3629.8082601984174
20849,4673.237957330464
20850,4626.051445777815
20851,5044.915170915872
20852,6609.886229036895
20853,4282.4461911395165
20854,3367.759120431582
20855,5346.641937514967
20856,3183.616573065046
20857,3697.3848341820435
20858,4777.01614540044
20859,5097.015598038871
20860,7100.737980300346
20861,7422.172445929724
20862,6278.332660880107
20863,5364.313237877875
20864,5532.295778462839
20865,10216.146551770657
20866,5861.327642492789
20867,4091.1370117051483
20868,4256.668935338134
20869,9166.102754073949
20870,4423.808408076298
20871,6418.841098397715
20872,2897.8242733171946
20873,4189.438403552227
20874,5644.775377646548
20875,6000.368301353127
20876,4978.903311074585
20877,8393.612039819278
20878,8322.35213553108
20879,11363.54383114505
20880,5539.545821073207
20881,8729.763102327704
20882,2833.6545394818604
20883,4252.555520020478
20884,5283.427795846157
20885,2979.3620578845607
20886,7168.656590206612
20887,4097.80826062873
20888,5324.97033709666
20889,7386.290242978065
20890,9059.411395085679
20891,7151.873956067927
20892,4662.553741126932
20893,4605.354001304301
20894,12005.671652711762
20895,6716.575744933624
20896,4941.725698233575
20897,4623.507513141201
20898,5555.514673863626
20899,7591.43006804154
20900,3580.2289439418373
20901,5543.12521961573
20902,5941.973232658948
20903,6420.7747235339075
20904,10949.763253646024
20905,5206.224560146238
20906,10950.011916776106
20907,5915.558192727268
20908,4708.532746916121
20909,2814.1136941936993
20910,5402.7381203563655
20911,5469.009318862551
20912,4373.375637737034
20913,7042.148579102974
20914,4258.999124857301
20915,3778.4820137569022
20916,6062.577069739373
20917,3495.976303320274
20918,7282.495445023633
20919,5579.834495664244
20920,6445.329946336475
20921,7132.695102388038
20922,3990.080802552645
20923,7630.263305121644
20924,6221.092176130004
20925,4836.047876750299
20926,5233.945483826859
20927,4797.332173470199
20928,8691.831761850686
20929,5895.552554622405
20930,3957.151437076614
20931,5994.6881954740775
20932,7256.731141077919
20933,5910.497565287818
20934,4700.216609914113
20935,7332.344082234429
20936,5160.681106313843
20937,5406.188940463672
20938,5177.73343616086
20939,7192.435618582845
20940,4855.568307803569
20941,5036.127442619233
20942,4054.061223311866
20943,5163.200656430068
20944,4186.369920795888
20945,4098.136008223743
20946,6984.560400092643
20947,8979.731537418249
20948,9095.459776790041
20949,8623.750129943106
20950,7586.420743784651
20951,7720.981107638945
20952,5271.333491853344
20953,10337.896246599114
20954,9293.559679513237
20955,5392.689221735593
20956,7023.027091011921
20957,6902.987520283923
20958,4688.2697354091415
20959,3690.94828062546
20960,10215.690889939782
20961,5463.045150749073
20962,5646.122989490365
20963,5578.744130058997
20964,1800.702320073214
20965,8701.771981948446
20966,6290.176148295251
20967,4821.90923525974
20968,4417.594495768383
20969,4607.114108647245
20970,6412.758818519552
20971,5618.338717231731
20972,5491.190885769251
20973,5881.713522700051
20974,4259.198134072944
20975,3243.5955329843464
20976,2715.055297581492
20977,5489.250494175819
20978,15718.989564193216
20979,4136.435701125255
20980,5195.438044430153
20981,5435.017255931545
20982,4631.360587355161
20983,4536.939337638539
20984,4203.063698122251
20985,3184.7761180629427
20986,6444.426905939121
20987,5592.698433197862
20988,3187.5459551758663
20989,7366.198679592705
20990,3756.4986421681037
20991,5074.124270934524
20992,9824.723622722757
20993,6171.928781952599
20994,9768.934684296955
20995,4024.7808787918607
20996,5261.626666738525
20997,3794.634744315311
20998,5360.301311758101
20999,12808.66052180906
21000,8863.555648378519
21001,6188.8284115201195
21002,4227.4651749550185
21003,4032.28215164963
21004,5063.857395271133
21005,3780.7981856053225
21006,9427.982282506895
21007,4565.85410614927
21008,4932.901185148724
21009,6555.326787657534
21010,3674.1201452828714
21011,5499.613611584059
21012,5588.690052817137
21013,6422.392017836853
21014,5219.493203474173
21015,3487.8416507444244
21016,5322.094643294483
21017,5188.07107605236
21018,7338.806263893098
21019,7077.226086839544
21020,5708.032863416896
21021,3682.684634582492
21022,7092.519912075633
21023,4922.342202900977
21024,4487.742862124107
21025,5848.736227929905
21026,6340.95196016861
21027,5590.539066371284
21028,4849.602617661129
21029,5423.763072209464
21030,6334.774994361414
21031,5555.956325243917
21032,6357.274803396392
21033,6156.680272550466
21034,3925.476600040643
21035,8316.191572644599
21036,5081.684854031808
21037,3586.572426123571
21038,9690.597412059551
21039,5091.172130486154
21040,2771.8766921644647
21041,6534.638646507868
21042,7435.965532652289
21043,7730.026353042919
21044,4638.685789297289
21045,5583.6310670827215
21046,5771.212004612982
21047,6657.577440494681
21048,4977.721329146452
21049,7233.392814928806
21050,2656.0082574010953
21051,4775.497340344605
21052,5077.931873258223
21053,4248.752600469838
21054,4078.723750225909
21055,5713.299906288886
21056,5997.873634401367
21057,4889.8579487657125
21058,6398.658274423589
21059,5262.969349093664
21060,7709.51230655999
21061,4466.681841756332
21062,5836.160461730718
21063,5428.626254835622
21064,6370.221953956946
21065,6970.212179434353
21066,2655.5553679155855
21067,7496.0045651421815
21068,6578.702194351088
21069,6112.9241099960955
21070,4382.005615069256
21071,3367.6996622214847
21072,6603.315554326857
21073,4715.335289367638
21074,7594.008022789641
21075,5594.212459018964
21076,4846.704886636525
21077,6483.018403534153
21078,5120.994689272962
21079,4147.876271123149
21080,6697.194621449239
21081,4060.9022456176385
21082,8279.785035772078
21083,8385.794021293388
21084,5844.191133008456
21085,3829.084206147913
21086,4107.093991636904
21087,3648.0836627975395
21088,2724.5175271490143
21089,6944.612003595959
21090,4927.363952703739
21091,7409.551106977568
21092,3479.2848119406244
21093,5089.084954776426
21094,5509.9763700698395
21095,7555.584948018047
21096,4127.004972787051
21097,4809.47269136864
21098,4118.029845862794
21099,6477.834313584161
21100,5188.005700049049
21101,6182.251295715522
21102,7357.211925661706
21103,8165.992727552388
21104,6127.2965485112445
21105,6456.143387416598
21106,5710.948134596684
21107,3810.725365899705
21108,4257.575111877286
21109,8741.159534176033
21110,7158.973243050664
21111,9719.14650669003
21112,14447.78916036402
21113,4364.872096565322
21114,4200.276658968152
21115,5138.795870940504
21116,7031.516292012942
21117,8340.358024758312
21118,5322.544100929846
21119,6467.530907767242
21120,6701.056114086216
21121,6365.563306270507
21122,5121.070214994821
21123,4136.242859659308
21124,4154.231537812905
21125,4017.266816110204
21126,3517.3500658447083
21127,3914.084647240395
21128,7029.042425064033
21129,13556.197401204601
21130,5438.87680101209
21131,4160.797237802467
21132,5727.6861907266475
21133,3446.968995677457
21134,6069.6931179785815
21135,3405.041702550005
21136,8447.642954704805
21137,5764.395543123316
21138,6177.1258272284385
21139,11655.698565473167
21140,11477.94546460571
21141,4457.76936319149
21142,6324.002881882101
21143,3351.236505557909
21144,4861.990278810944
21145,5549.1346400935145
21146,7356.880992654633
21147,3921.609280026455
21148,3786.7762545272344
21149,4995.113123504385
21150,4634.922055113565
21151,5712.718869370358
21152,5658.608778280062
21153,3766.2049357664873
21154,6054.290969861913
21155,7051.9902830433375
21156,5369.188572382809
21157,3557.689496093956
21158,3013.2283291715194
21159,6866.4190746826225
21160,3886.9181809192864
21161,8753.439899488556
21162,3732.457438716036
21163,4622.486198270213
21164,5703.835367441827
21165,5786.809612046212
21166,3892.0897174870474
21167,5406.640978801726
21168,5285.768575306093
21169,8450.318636163005
21170,7041.069403456988
21171,4822.905210574256
21172,3904.094181046987
21173,5109.855092974118
21174,6392.948146819545
21175,4207.768096070531
21176,5127.6300906694205
21177,5613.9539217632255
21178,10285.593108676514
21179,7433.354918852797
21180,6031.0361381429275
21181,6511.779459981557
21182,3952.768415921014
21183,8479.207656804892
21184,4560.940219519373
21185,9424.659285511158
21186,4899.342922433122
21187,4220.886067438389
21188,4513.2696809763065
21189,2658.932435760991
21190,6798.820980494429
21191,17544.722149947425
21192,3407.8258570996304
21193,3940.4654827141217
21194,7874.0565839964
21195,5671.653903149061
21196,8507.756725490439
21197,6744.916661503731
21198,4847.142044002127
21199,4749.86896328488
21200,3738.002091615849
21201,8308.75113048524
21202,4568.456769269419
21203,6288.066362259886
21204,6715.054101797433
21205,4405.886303119845
21206,7261.366152955245
21207,5104.775769789461
21208,3438.2844447441053
21209,8615.108497523293
21210,9292.28395989137
21211,3746.250747060644
21212,6489.877741106397
21213,5274.88117031223
21214,5003.516654633834
21215,7913.578905827498
21216,5643.177689082886
21217,7191.237318309389
21218,4128.381106965612
21219,3798.4628560157303
21220,6675.632177895755
21221,3101.6942635448436
21222,6514.302591375279
21223,3352.987889381863
21224,5516.740112295393
21225,4383.414177920556
21226,5306.451144281709
21227,5811.355113909033
21228,5974.024525451908
21229,5081.208183456814
21230,7186.025796057086
21231,5007.219909961951
21232,6689.504310530564
21233,5490.444399528744
21234,6133.738114655751
21235,8068.630646187173
21236,7237.393912922344
21237,2861.244177139472
21238,5556.657608464494
21239,7085.001899216913
21240,4897.608845400181
21241,10787.900735744033
21242,4731.430545987201
21243,6125.727990601474
21244,8567.95781958154
21245,5576.473720105584
21246,3147.0937315576903
21247,10371.587098427195
21248,9628.255585568337
21249,5286.698022739989
21250,6317.7738216126645
21251,9614.135707703228
21252,5308.567666765659
21253,4574.78674054632
21254,5426.441650192041
21255,4769.2914600726135
21256,5040.790506060071
21257,6092.822284234834
21258,3938.4413389568476
21259,5563.403081124941
21260,5455.957118646691
21261,5835.365143074067
21262,5685.6134233322055
21263,5836.465332275999
21264,6377.988443875757
21265,4806.054906347478
21266,6084.6027437603625
21267,5745.723809751061
21268,5972.298430115529
21269,5643.163674489701
21270,5176.504532232739
21271,8229.269320057774
21272,4760.296439012454
21273,4573.5681095343925
21274,4831.6990090600875
21275,6003.242015900137
21276,6603.848143857635
21277,4523.066999934792
21278,3503.3136755094265
21279,6263.670195309691
21280,6775.054101536635
21281,4692.712959573358
21282,6560.745490083242
21283,6163.296688099249
21284,5117.17957387321
21285,4179.114498006976
21286,2993.3470702107343
21287,5010.341610441184
21288,5510.437947379249
21289,5017.386209415072
21290,7640.636299781865
21291,6989.825601808631
21292,4437.3331145778375
21293,7266.257936262211
21294,3202.668865880911
21295,2582.720889964218
21296,6342.791111653074
21297,11040.739064801364
21298,6250.564758444607
21299,5615.47368456129
21300,3485.49714952356
21301,5403.962362452657
21302,6658.923504481239
21303,4420.990462024581
21304,6402.814383246455
21305,3652.381754309147
21306,4872.992070535777
21307,4805.788260611708
21308,4582.747330712767
21309,4912.6266767066545
21310,3741.546659410573
21311,3714.169932407392
21312,3605.6857881610085
21313,5997.374168210342
21314,5227.922629075336
21315,3971.8505666227256
21316,5885.011125961326
21317,6413.982840297197
21318,4709.436982357294
21319,5328.502283731579
21320,7552.706945039418
21321,6092.413849618257
21322,5143.821188249859
21323,3355.4167327414434
21324,9229.899134574642
21325,5131.884696794203
21326,4379.527927063197
21327,6660.157451796416
21328,7129.376579391694
21329,5953.094969848836
21330,5563.8495217529335
21331,6093.70668993238
21332,7241.994426053878
21333,10003.657855432282
21334,3764.872984147893
21335,3721.830126462562
21336,4078.4328072172207
21337,5641.816017738496
21338,5234.56822740046
21339,7200.0917704993335
21340,7148.19669504897
21341,5026.026978398303
21342,3315.7044420712336
21343,5185.288451113047
21344,9935.820546889932
21345,3874.6993034712855
21346,6045.2057326643935
21347,3397.7200601170466
21348,6046.070594801368
21349,5838.61430854879
21350,6255.044013539718
21351,7265.82069858589
21352,6031.563835160887
21353,3285.8958715918347
21354,6133.696977604935
21355,6457.594703725124
21356,7115.467269458689
21357,6382.4607357367395
21358,6347.38875816173
21359,4381.0698065685665
21360,4112.259189509344
21361,8415.356587659362
21362,3958.0258632057694
21363,9157.094190769569
21364,5519.697845361557
21365,3597.429554202879
21366,5683.1081558299
21367,5597.556149256876
21368,6009.752795839503
21369,8016.76339414221
21370,3650.453232198985
21371,3775.8512239799943
21372,5477.523556545629
21373,6486.9041952435955
21374,9487.255670481181
21375,4606.5243259297295
21376,5311.659407859592
21377,4387.947856209859
21378,5443.020524428538
21379,4254.2056709691915
21380,8050.438663212092
21381,8117.770235789859
21382,10973.03838174169
21383,4068.8927980426906
21384,4953.5632109976705
21385,8249.161669203138
21386,9857.094753413823
21387,3745.5911279326233
21388,9319.315679917836
21389,5956.974497743964
21390,4180.165603364633
21391,4383.129966688196
21392,3862.710237653449
21393,5158.506300670197
21394,4120.549883052335
21395,4204.676216759564
21396,4439.806216573226
21397,6713.617892742465
21398,6413.43499723934
21399,21239.065808642827
21400,5311.021036437834
21401,0.0
21402,0.0
21403,0.0
21404,0.0
21405,0.0
21406,0.0
21407,0.0
21408,0.0
21409,0.0
21410,0.0
21411,0.0
21412,0.0
21413,0.0
21414,0.0
21415,0.0
21416,0.0
21417,0.0
21418,0.0
21419,0.0
21420,0.0
21421,0.0
21422,0.0
21423,0.0
21424,0.0
21425,0.0
21426,0.0
21427,0.0
21428,0.0
21429,0.0
21430,0.0
21431,0.0
21432,0.0
21433,0.0
21434,0.0
21435,0.0
21436,0.0
21437,0.0
21438,0.0
21439,0.0
21440,0.0
21441,0.0
21442,0.0
21443,0.0
21444,0.0
21445,0.0
21446,0.0
21447,0.0
21448,0.0
21449,0.0
21450,0.0
21451,0.0
21452,0.0
21453,0.0
21454,0.0
21455,0.0
21456,0.0
21457,0.0
21458,0.0
21459,0.0
21460,0.0
21461,0.0
21462,0.0
21463,0.0
21464,0.0
21465,0.0
21466,0.0
21467,0.0
21468,0.0
21469,0.0
21470,0.0
21471,0.0
21472,0.0
21473,0.0
21474,0.0
21475,0.0
21476,0.0
21477,0.0
21478,0.0
21479,0.0
21480,0.0
21481,0.0
21482,0.0
21483,0.0
21484,0.0
21485,0.0
21486,0.0
21487,0.0
21488,0.0
21489,0.0
21490,0.0
21491,0.0
21492,3527.144725610885
21493,0.0
21494,0.0
21495,0.0
21496,0.0
21497,0.0
21498,0.0
21499,0.0
21500,0.0
21501,0.0
21502,0.0
21503,0.0
21504,0.0
21505,0.0
21506,0.0
21507,0.0
21508,0.0
21509,0.0
21510,0.0
21511,0.0
21512,0.0
21513,0.0
21514,0.0
21515,0.0
21516,0.0
21517,0.0
21518,0.0
21519,0.0
21520,0.0
21521,0.0
21522,0.0
21523,0.0
21524,0.0
21525,0.0
21526,0.0
21527,0.0
21528,0.0
21529,0.0
21530,0.0
21531,0.0
21532,0.0
21533,0.0
21534,0.0
21535,0.0
21536,0.0
21537,0.0
21538,0.0
21539,0.0
21540,0.0
21541,0.0
21542,0.0
21543,0.0
21544,0.0
21545,0.0
21546,0.0
21547,0.0
21548,0.0
21549,0.0
21550,0.0
21551,0.0
21552,0.0
21553,0.0
21554,0.0
21555,0.0
21556,0.0
21557,0.0
21558,0.0
21559,0.0
21560,2628.512777496412
21561,0.0
21562,0.0
21563,0.0
21564,0.0
21565,0.0
21566,0.0
21567,0.0
21568,0.0
21569,0.0
21570,0.0
21571,0.0
21572,0.0
21573,0.0
21574,0.0
21575,0.0
21576,0.0
21577,0.0
21578,0.0
21579,0.0
21580,0.0
21581,0.0
21582,0.0
21583,0.0
21584,0.0
21585,0.0
21586,0.0
21587,0.0
21588,0.0
21589,0.0
21590,0.0
21591,0.0
21592,0.0
21593,0.0
21594,0.0
21595,0.0
21596,0.0
21597,0.0
21598,0.0
21599,0.0
21600,0.0
21601,15661.751893307608
21602,29163.199364340526
21603,0.0
21604,0.0
21605,0.0
21606,0.0
21607,0.0
21608,0.0
21609,0.0
21610,7288.210185914038
21611,0.0
21612,0.0
21613,0.0
21614,0.0
21615,0.0
21616,0.0
21617,0.0
21618,0.0
21619,0.0
21620,0.0
21621,0.0
21622,0.0
21623,0.0
21624,0.0
21625,0.0
21626,0.0
21627,0.0
21628,0.0
21629,4671.26143488155
21630,0.0
21631,0.0
21632,0.0
21633,0.0
21634,0.0
21635,0.0
21636,0.0
21637,0.0
21638,0.0
21639,3127.159033051266
21640,0.0
21641,0.0
21642,0.0
21643,0.0
21644,0.0
21645,0.0
21646,0.0
21647,0.0
21648,0.0
21649,0.0
21650,0.0
21651,0.0
21652,0.0
21653,0.0
21654,0.0
21655,0.0
21656,0.0
21657,7783.346712258087
21658,0.0
21659,0.0
21660,0.0
21661,0.0
21662,0.0
21663,0.0
21664,0.0
21665,0.0
21666,0.0
21667,0.0
21668,0.0
21669,0.0
21670,0.0
21671,0.0
21672,0.0
21673,0.0
21674,8460.109867577467
21675,0.0
21676,0.0
21677,0.0
21678,0.0
21679,0.0
21680,0.0
21681,0.0
21682,0.0
21683,0.0
21684,0.0
21685,0.0
21686,0.0
21687,0.0
21688,0.0
21689,0.0
21690,0.0
21691,0.0
21692,0.0
21693,0.0
21694,0.0
21695,0.0
21696,0.0
21697,0.0
21698,0.0
21699,0.0
21700,0.0
21701,0.0
21702,0.0
21703,0.0
21704,0.0
21705,0.0
21706,0.0
21707,0.0
21708,0.0
21709,0.0
21710,0.0
21711,0.0
21712,0.0
21713,0.0
21714,0.0
21715,0.0
21716,0.0
21717,0.0
21718,0.0
21719,0.0
21720,0.0
21721,0.0
21722,0.0
21723,0.0
21724,0.0
21725,0.0
21726,0.0
21727,0.0
21728,0.0
21729,0.0
21730,0.0
21731,0.0
21732,0.0
21733,0.0
21734,0.0
21735,0.0
21736,1634.7171038680303
21737,0.0
21738,0.0
21739,0.0
21740,0.0
21741,0.0
21742,0.0
21743,0.0
21744,0.0
21745,0.0
21746,0.0
21747,0.0
21748,0.0
21749,0.0
21750,5202.097568153611
21751,0.0
21752,0.0
21753,0.0
21754,0.0
21755,0.0
21756,0.0
21757,0.0
21758,0.0
21759,0.0
21760,0.0
21761,0.0
21762,0.0
21763,0.0
21764,0.0
21765,0.0
21766,0.0
21767,0.0
21768,0.0
21769,0.0
21770,0.0
21771,0.0
21772,0.0
21773,0.0
21774,0.0
21775,0.0
21776,0.0
21777,0.0
21778,0.0
21779,0.0
21780,0.0
21781,0.0
21782,0.0
21783,0.0
21784,0.0
21785,0.0
21786,0.0
21787,0.0
21788,0.0
21789,0.0
21790,0.0
21791,0.0
21792,0.0
21793,7059.0257223006565
21794,0.0
21795,0.0
21796,0.0
21797,0.0
21798,0.0
21799,0.0
21800,0.0
21801,0.0
21802,0.0
21803,2346.739446486994
21804,0.0
21805,0.0
21806,0.0
21807,5754.4458204878165
21808,0.0
21809,0.0
21810,0.0
21811,0.0
21812,0.0
21813,0.0
21814,0.0
21815,0.0
21816,0.0
21817,0.0
21818,0.0
21819,0.0
21820,0.0
21821,0.0
21822,0.0
21823,0.0
21824,0.0
21825,0.0
21826,0.0
21827,0.0
21828,0.0
21829,0.0
21830,0.0
21831,0.0
21832,0.0
21833,0.0
21834,18026.8935774044
21835,0.0
21836,0.0
21837,0.0
21838,0.0
21839,0.0
21840,0.0
21841,0.0
21842,0.0
21843,0.0
21844,0.0
21845,0.0
21846,0.0
21847,0.0
21848,5975.418271750244
21849,0.0
21850,0.0
21851,0.0
21852,0.0
21853,0.0
21854,0.0
21855,0.0
21856,0.0
21857,0.0
21858,0.0
21859,0.0
21860,0.0
21861,0.0
21862,0.0
21863,0.0
21864,0.0
21865,0.0
21866,0.0
21867,0.0
21868,0.0
21869,0.0
21870,0.0
21871,0.0
21872,0.0
21873,0.0
21874,0.0
21875,0.0
21876,0.0
21877,0.0
21878,0.0
21879,0.0
21880,0.0
21881,0.0
21882,0.0
21883,0.0
21884,0.0
21885,0.0
21886,0.0
21887,0.0
21888,0.0
21889,0.0
21890,0.0
21891,0.0
21892,0.0
21893,0.0
21894,0.0
21895,0.0
21896,0.0
21897,0.0
21898,0.0
21899,0.0
21900,0.0
21901,0.0
21902,0.0
21903,0.0
21904,0.0
21905,0.0
21906,0.0
21907,0.0
21908,0.0
21909,0.0
21910,0.0
21911,0.0
21912,0.0
21913,0.0
21914,0.0
21915,0.0
21916,0.0
21917,0.0
21918,0.0
21919,0.0
21920,0.0
21921,0.0
21922,0.0
21923,12631.123502348604
21924,0.0
21925,0.0
21926,0.0
21927,0.0
21928,0.0
21929,0.0
21930,0.0
21931,0.0
21932,0.0
21933,0.0
21934,0.0
21935,0.0
21936,0.0
21937,0.0
21938,0.0
21939,0.0
21940,0.0
21941,0.0
21942,0.0
21943,0.0
21944,0.0
21945,0.0
21946,0.0
21947,0.0
21948,0.0
21949,0.0
21950,0.0
21951,0.0
21952,0.0
21953,0.0
21954,0.0
21955,0.0
21956,0.0
21957,0.0
21958,0.0
21959,0.0
21960,0.0
21961,0.0
21962,0.0
21963,0.0
21964,0.0
21965,0.0
21966,0.0
21967,4097.989656587163
21968,15541.609567950123
21969,0.0
21970,0.0
21971,0.0
21972,0.0
21973,0.0
21974,0.0
21975,0.0
21976,0.0
21977,0.0
21978,0.0
21979,0.0
21980,0.0
21981,0.0
21982,0.0
21983,0.0
21984,0.0
21985,0.0
21986,0.0
21987,0.0
21988,0.0
21989,0.0
21990,0.0
21991,0.0
21992,0.0
21993,0.0
21994,0.0
21995,0.0
21996,11415.95175766262
21997,0.0
21998,0.0
21999,0.0
22000,0.0
22001,0.0
22002,0.0
22003,0.0
22004,0.0
22005,0.0
22006,0.0
22007,0.0
22008,0.0
22009,0.0
22010,0.0
22011,0.0
22012,0.0
22013,0.0
22014,0.0
22015,0.0
22016,0.0
22017,0.0
22018,0.0
22019,0.0
22020,0.0
22021,0.0
22022,0.0
22023,0.0
22024,0.0
22025,0.0
22026,0.0
22027,0.0
22028,0.0
22029,0.0
22030,0.0
22031,0.0
22032,0.0
22033,0.0
22034,0.0
22035,0.0
22036,0.0
22037,0.0
22038,0.0
22039,0.0
22040,0.0
22041,0.0
22042,0.0
22043,0.0
22044,0.0
22045,0.0
22046,0.0
22047,0.0
22048,0.0
22049,0.0
22050,0.0
22051,0.0
22052,0.0
22053,0.0
22054,0.0
22055,0.0
22056,0.0
22057,0.0
22058,0.0
22059,0.0
22060,0.0
22061,0.0
22062,0.0
22063,0.0
22064,0.0
22065,0.0
22066,2620.0562011904276
22067,0.0
22068,0.0
22069,0.0
22070,2420.2519923727773
22071,0.0
22072,0.0
22073,0.0
22074,0.0
22075,0.0
22076,0.0
22077,0.0
22078,0.0
22079,0.0
22080,0.0
22081,0.0
22082,0.0
22083,0.0
22084,0.0
22085,0.0
22086,0.0
22087,0.0
22088,0.0
22089,0.0
22090,0.0
22091,0.0
22092,0.0
22093,0.0
22094,0.0
22095,0.0
22096,0.0
22097,0.0
22098,0.0
22099,0.0
22100,0.0
22101,0.0
22102,0.0
22103,0.0
22104,0.0
22105,0.0
22106,0.0
22107,0.0
22108,0.0
22109,0.0
22110,0.0
22111,0.0
22112,0.0
22113,0.0
22114,0.0
22115,0.0
22116,0.0
22117,0.0
22118,0.0
22119,0.0
22120,0.0
22121,2705.231086924985
22122,0.0
22123,0.0
22124,0.0
22125,0.0
22126,0.0
22127,0.0
22128,0.0
22129,0.0
22130,0.0
22131,0.0
22132,0.0
22133,0.0
22134,0.0
22135,0.0
22136,11000.001698969418
22137,0.0
22138,0.0
22139,0.0
22140,0.0
22141,0.0
22142,0.0
22143,0.0
22144,0.0
22145,0.0
22146,0.0
22147,0.0
22148,0.0
22149,0.0
22150,0.0
22151,0.0
22152,0.0
22153,0.0
22154,0.0
22155,0.0
22156,0.0
22157,0.0
22158,0.0
22159,0.0
22160,0.0
22161,0.0
22162,0.0
22163,0.0
22164,0.0
22165,0.0
22166,0.0
22167,0.0
22168,0.0
22169,0.0
22170,0.0
22171,0.0
22172,0.0
22173,0.0
22174,0.0
22175,0.0
22176,0.0
22177,0.0
22178,0.0
22179,0.0
22180,0.0
22181,0.0
22182,0.0
22183,0.0
22184,0.0
22185,0.0
22186,0.0
22187,0.0
22188,0.0
22189,0.0
22190,0.0
22191,0.0
22192,0.0
22193,0.0
22194,0.0
22195,0.0
22196,0.0
22197,0.0
22198,0.0
22199,0.0
22200,4384.892799426286
22201,0.0
22202,0.0
22203,0.0
22204,0.0
22205,0.0
22206,0.0
22207,0.0
22208,0.0
22209,0.0
22210,0.0
22211,0.0
22212,0.0
22213,0.0
22214,0.0
22215,0.0
22216,0.0
22217,0.0
22218,0.0
22219,0.0
22220,0.0
22221,0.0
22222,0.0
22223,0.0
22224,0.0
22225,0.0
22226,0.0
22227,0.0
22228,0.0
22229,0.0
22230,0.0
22231,0.0
22232,0.0
22233,0.0
22234,0.0
22235,0.0
22236,0.0
22237,0.0
22238,0.0
22239,0.0
22240,0.0
22241,11557.835406251757
22242,5245.931011482452
22243,0.0
22244,0.0
22245,0.0
22246,0.0
22247,0.0
22248,0.0
22249,0.0
22250,0.0
22251,0.0
22252,0.0
22253,0.0
22254,0.0
22255,0.0
22256,0.0
22257,3975.1074775213738
22258,3661.084775230295
22259,6420.220672379096
22260,3216.347976479633
22261,6253.032209466703
22262,4299.764377015907
22263,5614.193413391463
22264,5941.827002193479
22265,4315.394740710716
22266,3239.1257915379906
22267,5444.167593192769
22268,4811.662006497037
22269,4063.0391791206325
22270,5848.167425352647
22271,4522.994299408552
22272,3309.5477371921656
22273,4339.858355965337
22274,6654.02287230209
22275,7553.8888978773075
22276,6570.601355106146
22277,7045.2903453910785
22278,3465.638507596455
22279,5344.328797366674
22280,2264.397964972367
22281,7560.6548419028695
22282,7607.172399685633
22283,8945.664402570626
22284,5621.091578171615
22285,2816.4861793748114
22286,4707.498847812007
22287,6092.619859292607
22288,7492.907581151408
22289,3940.569801169187
22290,5261.4002001673525
22291,4499.789397639573
22292,5500.726935212796
22293,2550.516421593118
22294,6862.785700657564
22295,3914.8710849501977
22296,7228.792836729309
22297,6376.323751373394
22298,3525.4386909873656
22299,7589.218306213211
22300,6032.359268360822
22301,4592.683704101294
22302,3662.907914922596
22303,7191.481691104893
22304,9653.276143733987
22305,5734.2093953205485
22306,4796.187006492675
22307,8164.392985760795
22308,6825.423091624395
22309,5088.223122231867
22310,5818.466357946124
22311,2183.1264022144114
22312,2646.0274330786033
22313,4409.319757787778
22314,6028.074362300524
22315,7724.062964132222
22316,6762.85143068901
22317,3966.374217885379
22318,7729.524769421878
22319,7904.382665676419
22320,4898.138481606578
22321,2813.789385758816
22322,10393.307762248827
22323,3400.3458495859227
22324,4261.80363687742
22325,6751.293782913334
22326,3325.024102554017
22327,5344.0126013990775
22328,2663.466316435328
22329,5461.662202582412
22330,4790.46173077997
22331,5435.38198757263
22332,7726.347924110102
22333,7096.46895755491
22334,5249.536557016102
22335,3164.1563141553083
22336,6622.502353133738
22337,12437.151805192138
22338,5091.372533249706
22339,3154.047195235262
22340,5833.666333819183
22341,5468.810276106386
22342,6315.946268494998
22343,9038.289417484371
22344,2089.5687306385794
22345,7560.315639984428
22346,4572.39794464698
22347,4869.9821473250095
22348,6990.812766570199
22349,2413.3630197960993
22350,4215.293686073954
22351,4681.18868210711
22352,7000.511812154783
22353,6953.5838585475185
22354,3781.925467476776
22355,4214.539211388052
22356,6558.731350389797
22357,5621.855401765549
22358,4802.504334951019
22359,6502.856717748735
22360,4159.116449351597
22361,5639.023047826584
22362,4130.9995522526915
22363,2922.766135592746
22364,5064.880061675069
22365,5968.384010813649
22366,5845.242934881771
22367,6500.287688425627
22368,7375.868850100921
22369,3915.41672029496
22370,7835.697091514435
22371,2915.635659751234
22372,3391.004226467801
22373,6961.514606189389
22374,6480.541436925069
22375,6987.543874774108
22376,9056.202149875398
22377,6286.6990596657315
22378,4721.415313494866
22379,6288.546487228766
22380,6493.243630570091
22381,3803.893620320431
22382,2672.60371422818
22383,5080.866991547609
22384,4384.380507265641
22385,5073.049553746957
22386,3025.11167588748
22387,5317.582629766111
22388,6568.120820784849
22389,6141.637222946708
22390,5662.531766138216
22391,2700.256334131606
22392,6035.660002222932
22393,6574.550332505324
22394,3238.375351845032
22395,4900.379053756557
22396,3531.7340015859177
22397,5021.548093182294
22398,3389.1793869124785
22399,4228.487815783172
22400,4636.684503055326
22401,6518.213132350452
22402,5863.4951084403065
22403,6578.555718981009
22404,13391.22771635939
22405,3989.75058785508
22406,4569.23777936055
22407,9526.060971751689
22408,5058.836701895615
22409,7311.139214244838
22410,6156.034142340734
22411,5155.73946444012
22412,5905.440746765862
22413,4389.87422767286
22414,4457.91242465712
22415,7686.536747154121
22416,5309.272560638573
22417,2619.131666721513
22418,3319.552002318903
22419,7194.010974115756
22420,8904.63225082846
22421,5979.204522946559
22422,5663.379170992601
22423,4075.0771930483843
22424,2088.2076572039414
22425,1706.5942156507006
22426,3400.6491195661333
22427,5421.113392197081
22428,6446.240130450933
22429,4479.604773637749
22430,4637.319804294376
22431,7674.02516212767
22432,7087.3876533595385
22433,6936.561687948771
22434,4770.664170532271
22435,7220.112692901359
22436,8388.89871013481
22437,3295.272219851913
22438,5008.5544038480375
22439,5023.543419949641
22440,6172.540098024614
22441,2615.1527420406496
22442,5060.968862966242
22443,4372.376719445589
22444,7553.710118606377
22445,5425.591709760095
22446,6569.960270012235
22447,6730.2842662727435
22448,4647.414434995518
22449,6971.021300271877
22450,16417.193575247373
22451,8092.724392881211
22452,3488.0376138696265
22453,3156.7253235571934
22454,5991.05782142634
22455,7330.076016455701
22456,4495.752556221084
22457,8652.074932596259
22458,16608.074123036055
22459,4904.0947249262135
22460,2494.4580466488446
22461,9790.6699877973
22462,3017.5249729501134
22463,5644.6818683634665
22464,3127.837211539232
22465,5770.479453180967
22466,3711.213880230666
22467,6534.655270060455
22468,4950.397376325911
22469,4971.536074307902
22470,8791.088651876029
22471,5467.54505380685
22472,5820.40965550093
22473,7098.636109069504
22474,5301.29571309324
22475,5882.045121274083
22476,8695.670597201908
22477,4985.740651696283
22478,5182.715756525082
22479,3947.96030362138
22480,3135.7026520510803
22481,5345.172967547268
22482,4299.597499738144
22483,4478.0145032213095
22484,8289.823693053946
22485,8633.638934442282
22486,6416.426567663452
22487,4297.57717078447
22488,3577.745737380691
22489,4078.4040436262762
22490,4683.214414227746
22491,5989.719059607951
22492,2725.918347283957
22493,6540.889646978944
22494,5184.626374915716
22495,8018.602259802373
22496,4832.3912780279
22497,3917.078438960911
22498,3145.3804701990007
22499,2642.5015869261542
22500,8064.483505344872
22501,5683.806446406696
22502,5778.523632245294
22503,11354.544759756978
22504,7045.519155362073
22505,4211.723551982646
22506,5249.909316845482
22507,2430.60429701163
22508,4068.340834859495
22509,3905.1926599254343
22510,3373.4914827771254
22511,8125.862916907874
22512,4380.442773079879
22513,8368.426727770187
22514,9867.991634550366
22515,5227.918691148055
22516,4854.85772002614
22517,4704.350218327157
22518,5119.581328672888
22519,4455.897997831861
22520,11053.539617965705
22521,5590.737192794181
22522,6477.401487155897
22523,3169.7381386234124
22524,5267.582348995151
22525,5064.836748013329
22526,8257.765226401372
22527,5970.6941609224195
22528,5130.337776065782
22529,6429.6910447029595
22530,4675.135944858409
22531,7895.532433874771
22532,6454.0294004949965
22533,6019.322219584153
22534,8483.30020378845
22535,6580.458501138194
22536,7736.97557097907
22537,3404.4844709496024
22538,5346.774038882733
22539,4601.608591081604
22540,7799.177030944225
22541,6561.043793282745
22542,6584.564430356851
22543,5403.5025118002895
22544,7442.325623136888
22545,4459.258352844575
22546,6728.28270135091
22547,6172.14099212085
22548,2907.334967647981
22549,12507.24234145604
22550,14742.493702359334
22551,6983.06554987693
22552,5938.488552156114
22553,6499.268463494326
22554,7584.725470152008
22555,7820.458685203621
22556,2844.6250384496166
22557,4221.64301588432
22558,5323.708534346476
22559,7430.244537761441
22560,2362.203801919009
22561,4257.637310836411
22562,4923.6428842501855
22563,4890.041398250912
22564,4577.776328423757
22565,2715.788116335037
22566,2699.6640973447984
22567,6706.184832402695
22568,3446.27656269891
22569,4431.976009417288
22570,5239.719842624614
22571,4953.151294765879
22572,8048.832335664334
22573,10584.864866709622
22574,4442.857556543188
22575,6562.524685199188
22576,5997.57774841001
22577,10016.340558947635
22578,4516.824587931776
22579,2655.661428174829
22580,4884.307540649306
22581,11522.392411293666
22582,4127.511161633017
22583,6481.4569050791
22584,1884.0385704800296
22585,3560.650016509625
22586,5608.504939983938
22587,6096.831474051249
22588,5184.628046566322
22589,8755.915366664634
22590,8121.578300549859
22591,7673.854738704272
22592,3816.1497827943754
22593,11148.626061674897
22594,1901.3103853314678
22595,3233.651279797963
22596,6245.726642666712
22597,4422.835271901347
22598,10087.725031872389
22599,2496.770966567462
22600,4771.969835924938
22601,5136.741373745213
22602,7212.186352044056
22603,8998.67858998793
22604,4453.423609043622
22605,3025.3812534986655
22606,8955.422104457642
22607,8833.064185710473
22608,4223.45635548919
22609,5221.874089888056
22610,8106.672858269181
22611,5540.76282570567
22612,4497.865639774108
22613,3466.3666785106275
22614,6732.229394391445
22615,4025.5874107385234
22616,11988.816333808227
22617,7079.2960797818605
22618,12272.847777124936
22619,6436.675346819532
22620,4246.391589637202
22621,1983.6623912843477
22622,6121.4762207550775
22623,5855.846273247306
22624,4652.911072466577
22625,9065.173014410304
22626,5371.83728220516
22627,2506.0365156507737
22628,6631.566257380044
22629,3388.2628169661243
22630,8603.63779446153
22631,6483.145991776892
22632,6398.567402329261
22633,7465.597241849925
22634,4428.264205065716
22635,6433.7466265841595
22636,7188.7647431823425
22637,4738.231852063276
22638,6478.561135323901
22639,3885.9451554045863
22640,8004.149772880089
22641,5087.715662344569
22642,3252.6199350544443
22643,4583.6536072259805
22644,7615.820744442424
22645,5447.7494172045135
22646,3529.1578137288952
22647,4821.825904524847
22648,4943.2860868554935
22649,4694.2047061456715
22650,4885.601269696396
22651,9239.22866880227
22652,4394.306780355712
22653,3299.0779403750703
22654,5611.392072675526
22655,5274.27344192104
22656,3154.3581663063533
22657,4674.787935619667
22658,7866.8418646030395
22659,6930.835192215489
22660,9924.386423923459
22661,8045.967162108578
22662,7036.688915699545
22663,6827.999103564233
22664,4471.739259187549
22665,9412.275958411285
22666,7295.262745922736
22667,6572.157642971615
22668,4966.094672753192
22669,5023.093418922247
22670,4161.14239411505
22671,2140.0225703620713
22672,11606.96500657028
22673,6012.824439679975
22674,5255.576772136402
22675,4676.070558502758
22676,1269.7786730267796
22677,7534.432643100216
22678,6134.578720531953
22679,4761.091657738931
22680,3712.285400997091
22681,5683.959943761809
22682,4730.7739940304145
22683,3798.835789102594
22684,9244.606246369605
22685,4814.505305939066
22686,4458.963523389894
22687,3200.673404907507
22688,2540.812891348036
22689,4419.430195181833
22690,12146.118437806546
22691,4101.7329796739505
22692,5384.043663344168
22693,4684.602849940669
22694,3777.2791446780866
22695,3007.8743108497456
22696,5494.91485434749
22697,2496.6632218726195
22698,8977.279025767175
22699,5578.839404360075
22700,2598.6511670985496
22701,7654.756055100682
22702,2318.777580029989
22703,3785.5940756335226
22704,9738.987118174771
22705,6987.545276647688
22706,8177.706261397282
22707,2235.1103244325645
22708,4547.8188602119935
22709,4238.524989073809
22710,4040.2405122221385
22711,16103.408365823965
22712,10841.71001576287
22713,4833.13444085878
22714,2822.529190030994
22715,5193.5990226481235
22716,3922.7389632046697
22717,2316.535059771639
22718,7492.487111123037
22719,4609.857900108607
22720,5478.716673247799
22721,6613.428368285998
22722,4308.660351360529
22723,4458.840681238659
22724,5562.026051728795
22725,6251.669491311806
22726,6325.618509180216
22727,2683.300722987964
22728,5550.6230663361175
22729,6392.780010794467
22730,7274.08715247414
22731,5185.888068007259
22732,6412.763796367444
22733,2109.2350190081743
22734,8636.733577705614
22735,4701.94052770586
22736,2861.992531082951
22737,4069.482058368493
22738,4090.4719519056734
22739,4447.354641699771
22740,6001.839665977949
22741,3444.4779725666117
22742,6040.119960886935
22743,4504.914703402696
22744,7320.291595162157
22745,7831.755885402448
22746,4651.818829643254
22747,7236.648939197844
22748,6090.489942936165
22749,2480.0290165536467
22750,10105.888927192778
22751,3617.994036958368
22752,3012.029549168542
22753,5638.63497016745
22754,9759.285242974924
22755,8752.240761610583
22756,4193.779077943902
22757,4409.701576576778
22758,6409.3126904638575
22759,6669.730838696829
22760,4166.768857255445
22761,7771.492546176458
22762,2693.6624678755416
22763,4285.900381924127
22764,3666.3325805589634
22765,2986.8714644613906
22766,2547.6604110676726
22767,6305.499406242544
22768,5779.5563110197745
22769,5475.057657271539
22770,4600.971194774739
22771,7123.840274655322
22772,7241.252914058005
22773,4764.3986773695715
22774,5105.717916592161
22775,5121.674488612301
22776,6374.711317448369
22777,4730.299059571488
22778,1739.8878628015036
22779,5817.423234464421
22780,6449.32364829766
22781,5578.1635115421
22782,5359.316064045816
22783,2762.5955484893097
22784,9078.139346624004
22785,2648.41419890674
22786,8489.625104109893
22787,4727.218752307318
22788,4354.399312551516
22789,7277.076158197627
22790,3519.840688524615
22791,3981.1084755574298
22792,8303.07216620303
22793,2494.225287702379
22794,6490.475937594275
22795,8529.328526579111
22796,6238.044736463681
22797,2289.6670671668244
22798,4800.459863668579
22799,3492.3058457735824
22800,2107.8636747336895
22801,4486.8671213832
22802,6015.090652069621
22803,4551.359781856489
22804,4264.500041750095
22805,4785.206806475989
22806,4550.293062804374
22807,8677.929547242195
22808,4908.958078652404
22809,5824.942731177655
22810,3876.974164390172
22811,5220.482974888417
22812,5756.49744118526
22813,5726.251453152584
22814,7599.985854467148
22815,7166.674603676955
22816,7158.5738330780605
22817,5229.518313019399
22818,5112.041143302528
22819,2596.8742486887754
22820,5258.626668651783
22821,8243.389468748857
22822,6111.128108550652
22823,6766.249860828329
22824,13364.782499694993
22825,2877.324800569989
22826,4418.541004434227
22827,3897.67981362815
22828,7901.116865220187
22829,9059.148698385363
22830,6658.075400016214
22831,6538.424468341125
22832,7024.266377262195
22833,7187.868495276885
22834,5638.290383510511
22835,4686.708281052422
22836,2021.2453507456582
22837,4692.643240296383
22838,3083.873962704148
22839,2971.5291701064107
22840,6468.375598597622
22841,16724.900461559955
22842,4905.486551256198
22843,2786.16773486022
22844,4478.992290819465
22845,3827.682194785861
22846,5696.757291206863
22847,1877.91426745585
22848,5935.168457450887
22849,6385.975416563625
22850,3525.346868303506
22851,10252.753360097902
22852,10644.28771613272
22853,3328.97273738023
22854,5264.285794532337
22855,3528.684774075488
22856,3588.2579912024407
22857,3967.3678496372995
22858,7670.981147915208
22859,3426.7743114851323
22860,4130.467650356157
22861,4686.653947200481
22862,4766.3532057024995
22863,4496.242745080389
22864,6905.842168362245
22865,2894.182130717466
22866,7140.730689948343
22867,6400.145997053149
22868,4355.036363888581
22869,3792.74281708909
22870,3438.243148576535
22871,4550.142450367687
22872,4482.918422967266
22873,8626.144055120487
22874,4054.0254646714575
22875,3620.352634908502
22876,6208.893805590633
22877,5254.366187923493
22878,5516.14760204866
22879,4887.020324534091
22880,5546.843811498528
22881,8735.320696027575
22882,6201.026684619793
22883,5530.6786033680855
22884,3364.375855513831
22885,4222.095398792539
22886,6231.9942069504605
22887,3264.4230298781868
22888,4348.307984971466
22889,4853.659163820026
22890,11119.713232094527
22891,7145.895542730742
22892,4309.880791933848
22893,5360.540530878832
22894,4693.449130211975
22895,6259.77640818689
22896,5055.190707910878
22897,8610.885493194772
22898,6048.536833026313
22899,4430.42790642954
22900,4115.761997488881
22901,1748.695929479891
22902,3719.7439724612627
22903,19606.91906474118
22904,1852.7910074959266
22905,4661.626021909052
22906,5857.692025065572
22907,6552.347341575757
22908,5788.867532641036
22909,7277.4292645402575
22910,5255.728751227823
22911,5487.798390613722
22912,2438.8078429639613
22913,7242.2610560437315
22914,3670.024865021521
22915,6058.386802857374
22916,8574.663575954015
22917,3747.7874759220426
22918,7843.226992020319
22919,6100.309140354561
22920,3098.857843103522
22921,5884.276605170567
22922,6264.577326749309
22923,2522.1819860333267
22924,8244.275933003595
22925,5803.662894979878
22926,4790.300501981842
22927,8409.545910690991
22928,7592.902904679576
22929,6209.077832799245
22930,4176.056763811572
22931,3432.5434773263346
22932,5252.554863047189
22933,3221.1141651678886
22934,5513.388316185846
22935,2315.3425086641478
22936,5065.106932360872
22937,2649.392356747321
22938,5357.195871110542
22939,5334.2088398810065
22940,4391.210491205841
22941,4757.07688866114
22942,7935.562113081235
22943,5083.214634907062
22944,6750.217627169037
22945,5161.883398718545
22946,5529.5285986486615
22947,8039.609346469941
22948,6863.74329841697
22949,3918.9376557642204
22950,5080.946928181173
22951,5045.490445047183
22952,4517.368043251446
22953,11574.672326218444
22954,5426.511380338992
22955,5411.76263989726
22956,7852.514181997073
22957,6420.154517707773
22958,1805.7263876908594
22959,10198.457477132295
22960,7828.392410874503
22961,6133.036174177216
22962,6692.824424273119
22963,6550.125066164696
22964,7835.391768080495
22965,4810.397289153084
22966,3871.5253439975463
22967,3070.632688618196
22968,5751.729008416454
22969,7360.520680196832
22970,2540.7011445851176
22971,7348.738499721526
22972,6269.866950172813
22973,4654.005738778074
22974,6493.139600269752
22975,4282.915984684212
22976,6887.499803194524
22977,3697.3657976234585
22978,4391.220025002522
22979,4465.37593117591
22980,3459.5240574006934
22981,5834.616412161322
22982,6101.002438585425
22983,7303.709748186195
22984,5734.950855226954
22985,3984.210231153381
22986,5512.143809468947
22987,6294.385899518181
22988,7168.876705589755
22989,2899.9874618654144
22990,2523.7136012406145
22991,8074.409632599532
22992,5799.332511362866
22993,3598.3556457407917
22994,6733.638365610566
22995,6627.20162425014
22996,5775.823857257267
22997,4562.906123228531
22998,1543.165609877061
22999,5490.82976524847
23000,5447.510475936881
23001,4643.246949055706
23002,7752.567720349206
23003,6094.5361464372
23004,3196.1334054140566
23005,5183.908720529797
23006,2672.5083955509713
23007,953.7943096135659
23008,5442.549656218376
23009,8967.974232298731
23010,5174.794119569064
23011,4082.2380800149353
23012,2967.1047114560615
23013,4627.268231403344
23014,7594.129108030552
23015,5357.303790218134
23016,8036.545135852015
23017,3525.021515644165
23018,4258.992780121045
23019,3271.536712284263
23020,5840.859080001899
23021,3116.3379752970354
23022,2373.0842228362453
23023,3896.989234261739
23024,3381.270749466544
23025,6809.671914288068
23026,3816.9832759294363
23027,4607.223359298878
23028,5055.569022130904
23029,7271.380015223457
23030,4654.300612102208
23031,4066.1841402718455
23032,8980.60232261169
23033,6378.800959515271
23034,6220.957771210362
23035,1912.1613593516938
23036,4452.103312869729
23037,4808.265205032035
23038,3586.9693688365924
23039,7482.397001177744
23040,8314.294910131608
23041,5970.907665746935
23042,5980.636345120482
23043,5565.586527494263
23044,6889.39864426931
23045,10128.385519287902
23046,3019.6613343914414
23047,3461.9439711497926
23048,4588.1598282777295
23049,5430.5582076498895
23050,5624.731623431914
23051,8919.04015930559
23052,6135.236246687946
23053,6097.33852704443
23054,2414.0048938125005
23055,5604.513087497081
23056,6953.425880220218
23057,2991.647379277985
23058,5644.562114103948
23059,2979.48920116717
23060,5990.320587565028
23061,4737.891298465429
23062,4936.42586357598
23063,5435.111608359146
23064,3914.3029041437317
23065,4369.158435296903
23066,6741.2033982899575
23067,4552.408624284556
23068,7622.300434497634
23069,5049.0121115653255
23070,7835.819138086308
23071,4823.715891952794
23072,3469.5917290813077
23073,7646.095073762707
23074,2713.246730569684
23075,8939.627764642975
23076,5613.131005721702
23077,4381.368030021871
23078,6412.478113376069
23079,4534.568879953463
23080,3845.1876111476704
23081,5893.538149268858
23082,2861.5902619509197
23083,2690.984550633084
23084,5284.862113568326
23085,5368.898626641206
23086,9584.554195164314
23087,5509.3034772244455
23088,4848.1862261501
23089,3234.135390411694
23090,5315.993401262712
23091,3033.7963825289
23092,9174.493832823828
23093,6802.192304421773
23094,12637.368742581659
23095,5565.306947608456
23096,4730.292202918015
23097,6792.099336835114
23098,7600.4346762330015
23099,2712.2824793028694
23100,8277.13243476391
23101,6215.041632918727
23102,4858.651891315739
23103,5585.405245971485
23104,4410.7538541068525
23105,2986.809378225231
23106,4876.143166429484
23107,3457.2725176081776
23108,2656.772570316367
23109,6898.586403954335
23110,5651.472715431374
23111,22030.55296191222
23112,6704.392086311512
23113,4043.4236014457597
23114,6981.383089198379
23115,10231.125296671533
23116,5704.777388832942
23117,7120.963239044481
23118,5359.710390818671
23119,7544.7212961190535
23120,7766.103348986454
23121,5556.26032474139
23122,5683.848301675545
23123,7358.450547553791
23124,7424.310393193203
23125,6983.308145980129
23126,7700.261686164409
23127,5742.76865220547
23128,5013.325780034094
23129,5729.139276619872
23130,9797.054825648665
23131,9487.372807194115
23132,9380.242988297636
23133,7701.072271705264
23134,3936.372899915484
23135,6447.132930682055
23136,4233.028057585477
23137,7850.9734296728775
23138,10736.608207501735
23139,8874.961365996827
23140,5780.538165930589
23141,4858.528831085513
23142,4425.284175900296
23143,6719.940525405531
23144,9895.676258648742
23145,6777.906969021445
23146,5301.4208103741785
23147,5565.2310880023415
23148,7359.559730440144
23149,3706.4696039021114
23150,7533.229164633799
23151,4311.2758371082
23152,7578.116588758209
23153,7850.93520898073
23154,5860.832099360462
23155,7757.65028168853
23156,6553.687790390849
23157,4867.404424576545
23158,6449.6598483109565
23159,7955.216043924075
23160,11570.275119593027
23161,6421.93229644693
23162,7231.959592952845
23163,7559.512744882392
23164,8991.092357307602
23165,6427.135628801123
23166,8895.30275001105
23167,4414.525026273315
23168,4866.997593147197
23169,5543.925628062106
23170,6736.8830310779595
23171,9371.032602070585
23172,7849.623240574246
23173,5484.045285856049
23174,7723.732445799498
23175,6656.674984936421
23176,9418.09524593234
23177,3974.0417718944523
23178,12632.623963372847
23179,4848.503056018194
23180,5855.728079675476
23181,7917.292575904246
23182,4421.39010899684
23183,6196.006948892378
23184,6715.376030145351
23185,7549.175084727182
23186,5785.720816469376
23187,5656.791998076302
23188,7893.071405711344
23189,8461.90073647443
23190,6818.47031764505
23191,5108.901772125984
23192,7011.097669666629
23193,12124.84438648148
23194,6708.6926935645115
23195,4725.782831828959
23196,7121.597136886006
23197,5883.921932083759
23198,6352.23208988686
23199,7883.679848736171
23200,3943.92006387361
23201,8553.752449490361
23202,5955.109628278081
23203,7089.813038107988
23204,7868.693673089211
23205,4864.425744286348
23206,5581.402415400136
23207,5257.84810249799
23208,8186.627519355868
23209,9318.745224372784
23210,4649.152271189035
23211,4729.50629358597
23212,6514.239330430971
23213,6104.028896918998
23214,5792.73131350709
23215,9198.526870279375
23216,6910.636290894671
23217,7122.178744509223
23218,5209.686406889497
23219,4561.524157060005
23220,6265.235495696248
23221,8689.793121758012
23222,7339.284882683713
23223,8681.359671699302
23224,8351.760099970039
23225,6293.528400572297
23226,9338.102929802695
23227,5614.049990899345
23228,7189.988269980333
23229,8522.567332540264
23230,7008.445923511854
23231,10039.994620958782
23232,8596.424465510076
23233,8116.338535134733
23234,6169.764248662978
23235,7379.8930776783145
23236,8334.36945890556
23237,6252.114533907054
23238,3849.238425911225
23239,5205.944741903115
23240,7669.005424679401
23241,6220.798574016773
23242,4440.96977520856
23243,8297.637713861772
23244,6076.010939235299
23245,6369.229017835017
23246,5764.520218261325
23247,5089.38370470915
23248,6841.177362322615
23249,6884.767223815472
23250,6588.437866323688
23251,5662.851563337119
23252,5411.916908756218
23253,6519.141183666674
23254,3889.9943084226975
23255,6989.719765408369
23256,5320.957085460373
23257,8353.542738969918
23258,7104.340291521124
23259,5841.4738585659015
23260,11187.97071392242
23261,4731.312165161462
23262,5130.380135937971
23263,10243.53016745383
23264,7065.187406634286
23265,8433.414227262767
23266,7498.564522362159
23267,6053.447561437721
23268,6265.084230386972
23269,5763.484534253233
23270,7496.002017047787
23271,10597.402316186777
23272,6794.206176451897
23273,3518.931462152294
23274,4880.357779035344
23275,8869.48402207876
23276,9549.445521961072
23277,6843.083324665601
23278,6695.2981236695005
23279,4483.229794275462
23280,4724.724970523342
23281,3221.000846920738
23282,4791.282000490416
23283,6562.240918531372
23284,7104.465536067588
23285,6183.333161421377
23286,7650.662876393327
23287,8435.082882606699
23288,9106.42159353776
23289,7733.684960067695
23290,5562.328235936349
23291,8650.35145028402
23292,10487.493768384726
23293,5877.748848650244
23294,7255.664708834233
23295,5658.35670108494
23296,6772.009724596705
23297,4357.127886755371
23298,7188.394907328871
23299,5500.037496130254
23300,8330.477003438473
23301,7106.764625673285
23302,8516.423382889165
23303,7929.428258143675
23304,5863.321705589321
23305,8416.939097608672
23306,17604.804561543857
23307,10248.09716974231
23308,5285.8593246764285
23309,3415.7224561452285
23310,6491.577927921674
23311,8242.62422912288
23312,6531.412871388153
23313,11732.38023606981
23314,20160.055850881206
23315,4007.4135637688337
23316,4904.494073008574
23317,8588.327866598205
23318,4967.416570019015
23319,8053.929508445096
23320,6521.48732878154
23321,7409.403342309523
23322,4566.892420831044
23323,7139.486159088879
23324,7002.230746148741
23325,7284.8944268779305
23326,9288.876394309591
23327,6305.048399485969
23328,6370.398485132024
23329,6822.0888237676645
23330,5376.63728131518
23331,5154.751260019244
23332,8021.191646256543
23333,6332.553625066533
23334,6008.3741711157245
23335,7256.901676721213
23336,5579.050903738189
23337,5799.13644499408
23338,6708.123201037729
23339,6769.8451533107445
23340,9997.636926762529
23341,8090.789053596396
23342,7072.457239678924
23343,6092.566829950163
23344,3993.2705251339803
23345,6115.981832174372
23346,6473.020704487457
23347,5991.5350602752405
23348,4585.700642229118
23349,8653.654732562753
23350,7111.6171367649595
23351,10550.726078715543
23352,6038.716058320356
23353,5650.769824760259
23354,5134.96526575257
23355,4870.132859285013
23356,10011.363264204765
23357,5845.9392955534495
23358,8845.423260515327
23359,14094.37609947475
23360,7503.759508514184
23361,6081.207005649716
23362,5442.164021858751
23363,4515.496879393839
23364,8081.194422917926
23365,4199.133852495709
23366,5076.746527915887
23367,9837.653326558453
23368,5752.50082577594
23369,15129.865561451168
23370,12737.910630349348
23371,5132.561159004323
23372,6800.097267973898
23373,6177.909024769308
23374,7127.86993482716
23375,5389.555349603907
23376,11604.982737886545
23377,7855.133288777402
23378,8727.054605399378
23379,4703.042326771124
23380,7352.772079456713
23381,5316.514250559319
23382,9129.341917066502
23383,7185.248429026135
23384,6378.458251617457
23385,7199.232955904143
23386,5857.460197296847
23387,8770.225693217752
23388,9289.702370707473
23389,5882.164754946559
23390,9901.85875397862
23391,6630.644180222173
23392,8732.129976185897
23393,5577.882001757605
23394,5286.637793897942
23395,5515.332532009916
23396,9628.931037271266
23397,6895.289022064384
23398,8353.607414012486
23399,6516.2321225393725
23400,9124.512908919758
23401,4741.794755801591
23402,9211.8513185819
23403,6307.682880638061
23404,3950.8598564246345
23405,14162.178288899939
23406,16084.916175366743
23407,7709.955674150148
23408,7620.756885741654
23409,8643.946925545668
23410,10080.181485594412
23411,10560.988947370417
23412,6318.221621196775
23413,7325.819525816106
23414,6148.66824130112
23415,8687.289707933603
23416,4065.530325480979
23417,5825.721951929105
23418,6150.138577719014
23419,5857.910338668384
23420,7610.781449987883
23421,4675.376743180682
23422,4588.696126063544
23423,6922.71296963498
23424,4207.619521335563
23425,4650.490483667945
23426,5981.05241957436
23427,6621.044940852874
23428,9323.140425513877
23429,8634.599704359747
23430,6507.353006504941
23431,6504.504029152805
23432,6413.212017491957
23433,10980.02985683644
23434,6927.780541644145
23435,5851.890417239955
23436,4689.420079236339
23437,10183.27347162908
23438,4690.984226326232
23439,6969.5452101798655
23440,3246.861738534531
23441,4739.676111767578
23442,7239.438691980781
23443,6843.865180631791
23444,6406.200062516373
23445,9667.792917703955
23446,9506.285104800192
23447,11451.65002517627
23448,5714.319672714408
23449,10856.861940073582
23450,3081.589045472531
23451,5319.15611857516
23452,6884.449440542722
23453,4409.535906928783
23454,8337.222678990252
23455,5218.55048530959
23456,5084.743033897813
23457,8912.446991117744
23458,9942.008589673387
23459,8281.7798886434
23460,5509.760858724578
23461,5862.7723239107645
23462,10356.127404569572
23463,7914.514837105635
23464,5324.94030516749
23465,6050.21236444235
23466,6948.565294800104
23467,8817.36350196316
23468,4539.604285979489
23469,5556.046171620232
23470,7986.660766758149
23471,8719.301290991509
23472,11911.140177287789
23473,6269.300478507133
23474,12565.175870629526
23475,7252.741544348045
23476,5183.885035580165
23477,3480.782248611952
23478,6087.735868782072
23479,6923.082177888104
23480,5616.978099946325
23481,8948.338368930561
23482,5444.2258997863
23483,4388.5526514211515
23484,8049.532979860063
23485,3796.7745581642407
23486,7706.570976757981
23487,7000.941432072005
23488,7741.8518038587345
23489,8990.425859727007
23490,5654.046405428056
23491,9230.253729659713
23492,6231.191509215735
23493,5135.633277709974
23494,5877.519799267751
23495,5648.222713616136
23496,9516.614453430224
23497,5656.751880757953
23498,4407.7222900258585
23499,7192.811596357687
23500,9225.018922611822
23501,7420.147095662323
23502,6169.488766222293
23503,8654.085492409546
23504,5302.040684176174
23505,6197.369574926133
23506,6508.264404353358
23507,9863.685506162057
23508,5867.781718912813
23509,6242.395329882499
23510,6006.480463677035
23511,5984.006294845351
23512,4430.565496567333
23513,5786.517039739172
23514,8649.153774178976
23515,8943.30159958942
23516,11023.913876948192
23517,11265.600921747699
23518,8934.663753221867
23519,7029.401868813199
23520,5113.664119620366
23521,10042.554561095692
23522,10541.419991306346
23523,8222.419697629053
23524,8015.392807251005
23525,8728.41378010392
23526,5292.548818745315
23527,3514.4664326440648
23528,10902.839692145768
23529,6053.336555786342
23530,6297.700637463933
23531,6590.505319655268
23532,2844.4963562691523
23533,11074.516225444615
23534,6675.620643829713
23535,6351.765086857386
23536,5232.143578491219
23537,5624.66070958743
23538,5965.13499569924
23539,7670.333217824922
23540,6925.443340953559
23541,5042.978838051914
23542,5418.952721601377
23543,3623.0081081357935
23544,3317.4085451663695
23545,7229.634593161714
23546,16991.469819214795
23547,4288.230394913644
23548,6244.114473723692
23549,6487.32270831228
23550,5798.876476963228
23551,4906.124277600364
23552,5419.329416429247
23553,3729.112089713625
23554,8004.301128282768
23555,7485.091005329596
23556,4132.3702329141315
23557,8773.925075598532
23558,5725.668195210983
23559,5161.293938442071
23560,10238.557844242428
23561,7547.273585966387
23562,9187.60044372284
23563,5070.039001705281
23564,6514.69658848721
23565,4854.765166080173
23566,5616.561159908023
23567,14124.627570110471
23568,10673.074679112422
23569,6989.491202192811
23570,5436.256526335419
23571,4891.6813793899055
23572,6126.631389040351
23573,4178.165177721472
23574,9201.132541570234
23575,5129.226957301315
23576,5428.892010910969
23577,8162.562626310088
23578,5083.845406079436
23579,6283.302927678234
23580,6541.592404217675
23581,8031.708528297988
23582,7654.135602476421
23583,4180.1241154481695
23584,5566.275144726008
23585,7362.806890328597
23586,8336.42249607281
23587,8510.67988995271
23588,7116.282884944884
23589,4519.514292983498
23590,8019.620953100606
23591,5905.7002029109635
23592,4940.534527317805
23593,7225.641938041878
23594,7283.186808907911
23595,6540.246319619029
23596,6099.299215347338
23597,5852.519273748338
23598,7455.8458196241
23599,5731.066323609429
23600,6700.923225804656
23601,7723.496041361664
23602,6319.620639352697
23603,9641.069863708763
23604,6794.936173397022
23605,4998.601319986355
23606,11922.472237096106
23607,5977.9416414690595
23608,3340.9368223721717
23609,7912.007815364856
23610,9153.835443391581
23611,9512.197442857267
23612,5048.244893625985
23613,6409.067259375319
23614,6358.4516572879265
23615,7203.005542696348
23616,6376.521310676577
23617,9025.2452279716
23618,3431.9722231531887
23619,5770.418217751953
23620,6369.904600411694
23621,4928.832754897122
23622,5070.219904955633
23623,6591.87208294818
23624,8037.052307217271
23625,5564.463213778725
23626,7702.141247951619
23627,7368.906501727823
23628,8678.3090078964
23629,5657.992100644603
23630,6790.150758262002
23631,6276.773644086763
23632,8018.247851856183
23633,8653.762006736993
23634,3621.3385967013523
23635,8313.800833140962
23636,8073.431715724754
23637,7143.9086329941065
23638,4770.02378278123
23639,3964.2097541866833
23640,8296.441757579672
23641,6284.862632827972
23642,8868.902803512345
23643,7225.3353014649565
23644,5544.864794809428
23645,8556.430990119132
23646,6134.596640219751
23647,6640.321641145632
23648,7887.183213472643
23649,5728.698836262594
23650,8688.581021250347
23651,10575.983984704118
23652,7566.745991613437
23653,4725.452713138297
23654,5834.268364570169
23655,4947.0081870048225
23656,3467.344922205265
23657,7981.433739643173
23658,6215.539145978188
23659,8705.71971633766
23660,5013.369809263597
23661,6603.78780954
23662,6689.737055401604
23663,8918.590111578396
23664,5433.209558681317
23665,6226.182556651024
23666,5919.916347903861
23667,7541.689556562861
23668,5904.185548380914
23669,7449.1721099751485
23670,8494.496162247508
23671,8274.266359657284
23672,7720.871691028554
23673,6931.834388400586
23674,6364.572086543381
23675,4739.263365545118
23676,5437.949503381513
23677,10884.128524300864
23678,8820.10380602363
23679,8177.614125657821
23680,15622.958847393687
23681,5839.570518186011
23682,5188.422817297067
23683,5797.369810282781
23684,8935.728423172439
23685,10598.766275006556
23686,7154.156395751888
23687,7152.025164430374
23688,8288.559800253515
23689,6968.001243630331
23690,6831.1950053152705
23691,6098.1808808185815
23692,5035.597537194112
23693,5490.081264193426
23694,3652.0284795808293
23695,5332.516384975068
23696,8682.661273853098
23697,16402.786310361356
23698,6270.490743751721
23699,4709.028189924753
23700,7714.204294533101
23701,4296.1167065189475
23702,6877.580100460558
23703,4276.739466017475
23704,8500.93448938374
23705,6806.388596148593
23706,7056.806076543429
23707,13143.70975997372
23708,12344.838654336725
23709,5374.747993190455
23710,7063.917862879344
23711,3843.938227520751
23712,5157.369369670249
23713,5238.28321986972
23714,8500.963909033331
23715,4763.0663668056295
23716,4968.823511987484
23717,5875.645013542558
23718,5494.696849180493
23719,7470.5861429300685
23720,7140.71719581731
23721,3607.640981627797
23722,7519.144832643064
23723,8023.206867226367
23724,7711.821756036705
23725,5217.479174154099
23726,4485.064154069601
23727,7729.132753849877
23728,4779.971181873114
23729,9486.553855752663
23730,4778.484667786125
23731,5568.235761030358
23732,7564.170977595573
23733,6965.356934231429
23734,4814.455935729931
23735,6719.089476003221
23736,7106.175795189726
23737,9251.061517780221
23738,9489.08296187328
23739,5925.117967236068
23740,3798.1238684264526
23741,5248.676090932551
23742,6880.652288795305
23743,4515.458640715928
23744,6271.851544882651
23745,6125.96896282309
23746,11053.295479265984
23747,8232.936277553581
23748,6602.400029240283
23749,7060.259944167824
23750,4490.790073699254
23751,9301.471562638699
23752,5512.967320562135
23753,11935.065564161101
23754,6540.970017483013
23755,5539.245183323272
23756,6405.602003924346
23757,4679.112185695987
23758,6692.968446216308
23759,20529.372579807186
23760,4121.908848995603
23761,5398.600520394752
23762,10453.502827934573
23763,6444.553688301628
23764,7376.81163394304
23765,8127.072238950162
23766,6244.457517096661
23767,5369.527949486086
23768,4305.716639491557
23769,9303.480051560804
23770,5940.982080313817
23771,6880.9997230099525
23772,7636.549387867477
23773,4505.443195860289
23774,7835.040573727641
23775,6422.603625052981
23776,3967.128168688531
23777,8524.45666081985
23778,9929.110944407901
23779,4190.671881624448
23780,8196.270638489797
23781,7395.745448104607
23782,5357.5479330388425
23783,9242.198739921489
23784,6735.258561033063
23785,8579.803447521574
23786,4641.67930207677
23787,5179.389822534749
23788,6361.12981842985
23789,4186.6489584454985
23790,7414.8890842827395
23791,4057.2282285549427
23792,5980.532530715106
23793,4759.291913370472
23794,6301.346762505485
23795,6002.747860585019
23796,6823.882824707119
23797,6773.837301561677
23798,8733.235096570143
23799,6474.836634372072
23800,6986.34702012106
23801,5910.212462330445
23802,9269.828826202427
23803,8716.092628637742
23804,7010.342860657085
23805,3988.818417209206
23806,5980.571830870049
23807,7272.890657311959
23808,4518.301339348019
23809,11981.238409864465
23810,5780.695701794249
23811,6640.156968411152
23812,10025.625973549144
23813,6581.283865947935
23814,4440.738897529302
23815,11416.93614763314
23816,10145.662281889678
23817,5793.014246589317
23818,8177.740142297175
23819,9738.85051788187
23820,6789.87348042487
23821,5272.658722599489
23822,7125.226470548448
23823,5447.230082465198
23824,5803.168853229942
23825,7800.04350991258
23826,4782.446576828555
23827,7392.569077153082
23828,7850.985212022772
23829,6481.871051357403
23830,8100.743656898452
23831,5819.346239181824
23832,6643.75436006271
23833,4564.328025410943
23834,7749.861858786547
23835,7430.846341071449
23836,6483.768328455379
23837,6276.676614786673
23838,7157.323954481324
23839,8781.54573915394
23840,6478.055581814504
23841,5166.1833356173365
23842,6816.123771711777
23843,7359.71377210339
23844,7248.381362810318
23845,4563.795135141573
23846,3959.773288180076
23847,7414.083852778509
23848,7002.542183482209
23849,5654.705848575326
23850,8152.528374682497
23851,7164.3821642817065
23852,6116.75223066338
23853,5695.111667867209
23854,3044.1035302103687
23855,7010.693154410854
23856,6820.4314678840665
23857,6616.338742860139
23858,8744.427986150708
23859,8111.005774537224
23860,4813.0082340301515
23861,8061.112816162363
23862,3675.450512117202
23863,2788.0912191385696
23864,7220.620718196372
23865,11944.581790305068
23866,7983.932894961613
23867,6946.721745057035
23868,4659.144675564909
23869,6819.910370355614
23870,8446.626075698405
23871,5772.351484681967
23872,8307.334756361432
23873,4947.617691101388
23874,4657.6032286885375
23875,5347.339975338256
23876,5893.542675086806
23877,5593.4522388571995
23878,5317.730423580576
23879,5189.766036458142
23880,4036.631035968585
23881,6930.435780872811
23882,7640.337447436032
23883,5604.965139500194
23884,6213.382808215362
23885,7831.884972883965
23886,5643.427303016155
23887,5447.985585826499
23888,9697.844115365973
23889,7130.898135535727
23890,6172.043462338472
23891,3828.2148448591456
23892,11999.565690553287
23893,6565.751871597054
23894,5628.887657589159
23895,8792.736723603022
23896,7781.700088877119
23897,7164.3017596418695
23898,6455.921303321295
23899,6755.479904517478
23900,10293.937932529263
23901,12844.997834612312
23902,5400.712745901399
23903,4668.291302145407
23904,5503.851584620869
23905,6205.459146557485
23906,6537.102293694285
23907,8465.602718164995
23908,8756.081125682475
23909,5975.610791904764
23910,3829.7901997601443
23911,5927.788603842354
23912,9195.584830598644
23913,5110.8947444662435
23914,7465.579789997723
23915,3990.337427940179
23916,7772.130344675503
23917,6729.157732106189
23918,7499.107346397156
23919,8038.535174456598
23920,6731.606274915374
23921,4419.547532267566
23922,6924.00710903314
23923,8196.82912127141
23924,8305.379472282537
23925,7596.090024608188
23926,7911.4900355830505
23927,6187.628397727378
23928,4562.034031738164
23929,9460.848047403666
23930,4560.429273874035
23931,9849.501655391374
23932,6710.017551370986
23933,4436.981337156829
23934,6735.6515891063245
23935,6031.315862885172
23936,7162.969546345602
23937,8331.980553684927
23938,3893.092019818569
23939,4771.14704486345
23940,7072.127939380266
23941,8200.91755191412
23942,10124.388466803966
23943,5686.013991064953
23944,5472.895854370791
23945,5951.545943382905
23946,6280.12626722367
23947,5458.8065924888615
23948,10336.920195321047
23949,9011.348961398646
23950,11372.886710771323
23951,4597.574311362467
23952,6017.393486459747
23953,8507.800331878356
23954,8903.97773166621
23955,5395.067729688686
23956,10658.797380182561
23957,6476.943728178203
23958,5533.905971608698
23959,5794.115466558531
23960,5048.739092591431
23961,5333.108270762392
23962,6175.692220593144
23963,5001.327320820486
23964,5092.563453829816
23965,9149.26817347028
23966,6692.939890096279
23967,22383.00171662368
23968,7016.734439746131
23969,4135.718072177517
23970,7248.785590875005
23971,10201.57063711796
23972,7212.9748645270265
23973,7156.025733425676
23974,5207.220843203267
23975,7908.186599970719
23976,7992.220657149486
23977,5261.84479483939
23978,5570.6248121323815
23979,7111.508427134385
23980,7464.343238715842
23981,7041.064850486561
23982,9381.039207262313
23983,5440.407932473928
23984,4722.734444075635
23985,5537.211289461497
23986,9436.581902596705
23987,10414.164251142534
23988,9866.721933297133
23989,7607.245549885401
23990,5021.268782288915
23991,5978.000954629553
23992,4165.4512445698965
23993,7995.897806145354
23994,10797.779921959305
23995,8850.04182883994
23996,5716.910731972182
23997,5160.201163095664
23998,4684.185227441663
23999,6670.870194298602
24000,10439.782211612543
24001,6562.190318490646
24002,5328.642817536096
24003,5336.125130679389
24004,7789.028220667858
24005,3578.390229803408
24006,7089.393603216625
24007,4216.650689618121
24008,6855.311096339835
24009,7689.274382456102
24010,5696.239989070466
24011,7475.02472145778
24012,6711.214952213761
24013,4900.943098907324
24014,6653.117116897062
24015,7675.335617590838
24016,11737.6699169829
24017,5995.254796719616
24018,7578.872241628745
24019,7716.390769146993
24020,9062.06971357087
24021,6421.560137850263
24022,8981.58149239156
24023,4553.878878925436
24024,5101.14412650622
24025,6051.916128817488
24026,6382.740506637548
24027,9167.372962398971
24028,7542.570313512396
24029,5503.056085499925
24030,7507.29308375972
24031,6107.201818375901
24032,9825.921264359447
24033,3751.5427942589486
24034,13056.563679346309
24035,5044.329607846693
24036,5776.361339208471
24037,8294.348267719395
24038,4623.878078014078
24039,6373.249636385232
24040,6097.720041166992
24041,7691.165876685654
24042,5609.838323179968
24043,5544.188916144463
24044,7677.086202845651
24045,8223.553742074015
24046,7105.468897394454
24047,5013.33728889948
24048,6828.462783033309
24049,11551.608238353501
24050,6465.563276939343
24051,5136.5012411609005
24052,6757.599336690486
24053,5663.395103445496
24054,6146.595081317016
24055,7221.34133209547
24056,3855.121100630171
24057,8112.956593293925
24058,5929.279253499634
24059,6831.154393377638
24060,8085.892932263026
24061,3958.6145196812236
24062,6358.993866118936
24063,4938.734955669341
24064,8163.502057510408
24065,9443.897186969973
24066,4785.077632046461
24067,4836.897097715999
24068,6672.592919337426
24069,5882.7462011551115
24070,5965.236465382346
24071,8533.776894597195
24072,6393.641185329953
24073,7608.033570481219
24074,5535.521707329981
24075,4337.888623744893
24076,6315.784389353121
24077,8985.3398975715
24078,7966.077533825005
24079,8378.460475508933
24080,8039.882473100343
24081,6206.857915937719
24082,9581.58042766787
24083,5585.356704824649
24084,7365.370061040009
24085,9014.032271886208
24086,6389.054983688676
24087,10380.843431584206
24088,8099.999255519648
24089,7683.469995808489
24090,6171.274536685937
24091,7029.889422393812
24092,7892.404758793338
24093,6205.337221130905
24094,3717.514272997736
24095,5483.05961866217
24096,7690.260652734224
24097,5965.075382710921
24098,4236.226023191473
24099,8505.99287104641
24100,6252.318100597922
24101,5935.8363374191185
24102,5647.491738940411
24103,5312.059741054818
24104,7671.114208660195
24105,7114.78071234908
24106,6886.13450329848
24107,5529.5447022241515
24108,5506.520593818423
24109,6519.606990196553
24110,3929.5175373765046
24111,6285.524512870952
24112,5281.599660107569
24113,8364.845814854416
24114,6837.873787726857
24115,5864.483732655528
24116,10883.309439425457
24117,5281.290946248369
24118,4865.619322690173
24119,10396.414392247027
24120,6504.782601068957
24121,8391.744530774813
24122,7307.266489136198
24123,5855.869898712916
24124,6311.348125582388
24125,5370.191390905433
24126,8485.915892291434
24127,11096.712085880292
24128,7410.106115777669
24129,3235.244596788865
24130,4733.578445867199
24131,8680.252096208449
24132,8666.419660291494
24133,6717.920564257763
24134,6831.842453120983
24135,4712.258474086869
24136,5270.4726681028405
24137,3180.02757293003
24138,5120.903059618156
24139,6405.177642698474
24140,6910.787674484548
24141,6354.924900429133
24142,7257.636114126562
24143,8224.993665619699
24144,9085.676203235476
24145,7608.271297588423
24146,5068.429524952771
24147,9146.747602014084
24148,10408.120791681955
24149,5877.151352684423
24150,7517.1343107618095
24151,5682.73047145348
24152,6439.883262769602
24153,4009.192090672429
24154,7964.344123972515
24155,5138.730889476556
24156,8733.110591432735
24157,7047.295684799838
24158,8692.712205521733
24159,8496.175034583377
24160,5730.234877034279
24161,8415.505555082209
24162,18625.733812542483
24163,10539.921146211931
24164,5708.663032053453
24165,3016.006486145785
24166,6074.946756446315
24167,9123.319700594035
24168,6132.012159764931
24169,11855.664469221781
24170,19346.822319147086
24171,3620.6833516606466
24172,5151.864653540568
24173,10218.113314757615
24174,4762.404415627934
24175,8601.84053608246
24176,6768.252834452785
24177,7712.091463340976
24178,4240.31607353605
24179,6539.681572822443
24180,6235.120752442833
24181,7395.405494106497
24182,9370.402589854155
24183,6009.1634510906315
24184,5988.240726790482
24185,6963.097216261547
24186,5102.676587124213
24187,4808.318435137236
24188,7551.568312500962
24189,6489.646157002727
24190,5780.1205495628565
24191,6942.850131282495
24192,5927.2113910316875
24193,6128.8653533748875
24194,6979.0388081560795
24195,6755.927150154916
24196,9405.636263009728
24197,8227.891057294533
24198,7061.215237224034
24199,5695.511164228039
24200,3727.8521103910803
24201,6286.531487714271
24202,6861.884459959213
24203,6120.137737111288
24204,4513.748426933259
24205,8947.164910560208
24206,7677.760622486427
24207,10350.562544035636
24208,6460.9840964901005
24209,5549.908229120159
24210,5448.732825135618
24211,4697.616612141301
24212,10025.81244081017
24213,4865.240877055963
24214,8253.71147122148
24215,14916.381312416466
24216,7441.47707462307
24217,8406.392067144017
24218,4989.514692943437
24219,4492.308489918267
24220,7268.784986301123
24221,4164.690455482678
24222,5677.190123517222
24223,10792.471949185803
24224,5428.127345495266
24225,16241.948992405365
24226,13824.260847051315
24227,4778.904344381987
24228,6764.573122374388
24229,6462.083465741687
24230,6949.36459887431
24231,5423.314338283355
24232,11444.363002175267
24233,7574.905783326102
24234,9759.077065473466
24235,4658.387210589811
24236,7348.755219852942
24237,4805.500163820205
24238,9231.276214670856
24239,6903.522115631904
24240,6086.778217246081
24241,6868.884178635392
24242,5731.8473120522485
24243,8112.5254658539525
24244,10249.584138104778
24245,5451.969122371353
24246,9829.896369171147
24247,6637.956369950465
24248,9691.881367366399
24249,5614.447635757956
24250,5355.496969549034
24251,5486.867448439386
24252,9898.862032339508
24253,6369.6357057599425
24254,8185.210651337573
24255,6642.482876536205
24256,9049.908392584892
24257,4381.034067516569
24258,9453.543273190191
24259,6983.338494369179
24260,4103.974954163116
24261,14025.892293340927
24262,16936.404363099693
24263,7377.149228414396
24264,7225.881989195219
24265,9228.187912127867
24266,10393.951428862527
24267,11234.004206836544
24268,5939.6451300378085
24269,7466.30768154688
24270,6043.402595540397
24271,8343.263166082792
24272,3896.636455734728
24273,6070.202171911611
24274,5609.739130427792
24275,5849.553605775909
24276,7260.826389302039
24277,5051.909594173654
24278,4730.792362511077
24279,6819.68470402758
24280,3906.522389709891
24281,4447.2131841239425
24282,6348.522900701412
24283,6500.846895327951
24284,9119.043833350235
24285,8352.084011078336
24286,7073.879608230249
24287,6209.857871349165
24288,6188.213042239242
24289,11894.179265148943
24290,7519.958243154848
24291,5266.082164810504
24292,4701.319444726773
24293,9683.67362753772
24294,4392.503803942255
24295,6951.02640613056
24296,3436.792612603404
24297,5083.232616732986
24298,7458.108961424769
24299,6592.894443335548
24300,5787.273106383426
24301,9680.790860612695
24302,10207.896945505696
24303,12075.272051528471
24304,5837.377722729999
24305,9911.362305528992
24306,3033.535162907999
24307,4934.859793877444
24308,6454.842495234367
24309,4349.65466129093
24310,7898.02338753967
24311,5297.013563624493
24312,4951.467845355116
24313,8614.202669510876
24314,10900.956040857567
24315,10388.18387879496
24316,5354.926696205526
24317,5907.4490694268925
24318,10713.086180698714
24319,7464.742655912095
24320,5995.109120990034
24321,5497.570861132193
24322,6578.106389833052
24323,10194.819380905477
24324,4285.909587572307
24325,6006.130165607991
24326,7551.185549822648
24327,8067.36687560646
24328,13153.859895789228
24329,5728.603739766225
24330,12550.864147875298
24331,7062.667278543442
24332,5095.982974136279
24333,3799.840323479407
24334,6155.488847559936
24335,6632.301059056231
24336,5632.206315814242
24337,7625.1672677877605
24338,4948.472475677377
24339,4841.929337048194
24340,7636.361984040015
24341,3570.354855935018
24342,7563.754905908391
24343,6642.238434008407
24344,7953.547817760193
24345,8888.199875056673
24346,5613.125075568563
24347,8905.494647611677
24348,6188.196100938658
24349,5160.521142168508
24350,5249.664668672536
24351,5534.311267275976
24352,10152.172905060044
24353,6064.183839682361
24354,4661.548388774142
24355,7312.963922172865
24356,9095.154711681942
24357,7510.1435919356145
24358,6074.991952735909
24359,8560.379398655565
24360,5080.221562808963
24361,5658.66228257944
24362,6511.421042545168
24363,8917.408541724099
24364,6681.712798849842
24365,6420.147415447233
24366,5432.1830314812
24367,5702.002285839796
24368,4248.002858962844
24369,5563.24832209983
24370,8383.309054530153
24371,9235.61129989442
24372,10547.902399108183
24373,11328.51339298918
24374,8420.421732501094
24375,7055.925837887461
24376,5323.921073834113
24377,10256.708638817308
24378,10403.077988272811
24379,7671.676919408329
24380,8597.122746930774
24381,8310.030344675715
24382,5231.960241405936
24383,3691.359455286662
24384,10617.493569434551
24385,6342.695834374362
24386,6535.027847185266
24387,6368.624504729691
24388,3050.4991641342594
24389,12017.06719412208
24390,6604.598041490112
24391,6371.8178213530055
24392,4646.40031414064
24393,5335.454611831227
24394,6182.226916938376
24395,8302.670783806503
24396,6447.105102166381
24397,5230.27996195645
24398,5218.259371471217
24399,3958.664808073475
24400,3285.038539284309
24401,7035.72019863046
24402,16901.274447121337
24403,4636.742372741467
24404,5929.593843616252
24405,6412.848424387731
24406,5506.750595710052
24407,5226.440457285293
24408,4843.039404086859
24409,4023.087397847775
24410,7216.655260011236
24411,7404.845977310972
24412,3927.918398355372
24413,8516.929588261388
24414,5692.988306543677
24415,4978.103953207339
24416,10252.258708294556
24417,7764.8505839926265
24418,9989.0997197979
24419,5306.218384497256
24420,6902.61726451959
24421,4774.525632773655
24422,5539.155820084972
24423,14769.543608387206
24424,10525.331303132825
24425,6540.866064406035
24426,5871.272758404337
24427,4522.9595958448335
24428,5532.015220476061
24429,5437.050105673487
24430,11804.579377967557
24431,5197.161137085901
24432,5573.716170979828
24433,7656.183027281654
24434,4475.97744052982
24435,6436.360763490967
24436,7205.323833980633
24437,7737.407356160061
24438,7160.135349335317
24439,4100.999385621372
24440,5503.123224653376
24441,6793.994361737462
24442,8878.882016597123
24443,8564.656418647794
24444,6659.00823181905
24445,4461.622901413144
24446,7559.747717320932
24447,6067.676988337158
24448,4672.931821622602
24449,7050.417341591031
24450,7307.210651589274
24451,6483.8841804289505
24452,6106.053421603049
24453,6015.481818102428
24454,6805.815891657274
24455,5791.570227943441
24456,6729.998751205687
24457,6696.237052495767
24458,6280.678088538549
24459,9814.128434179047
24460,6331.026502109235
24461,4734.517478272594
24462,11838.919058201163
24463,6813.980339273802
24464,3479.540341824578
24465,7643.344020551262
24466,8910.263464131116
24467,10372.776780080034
24468,5279.131065458717
24469,6114.261128053499
24470,5993.751015188711
24471,7209.670369720696
24472,6023.644055335086
24473,8993.794113267948
24474,3374.3247907046175
24475,6040.26584107129
24476,6363.380005950943
24477,5347.156326692048
24478,5033.714668962461
24479,6293.924791597054
24480,8091.517885062078
24481,5645.3652286350525
24482,8303.672728671812
24483,7243.007566344787
24484,8592.96675690016
24485,5023.442592933247
24486,6605.0246056174165
24487,6301.229398968955
24488,8034.551928777848
24489,7993.269500265294
24490,5367.64646614885
24491,8130.369473094831
24492,7974.186853498118
24493,7566.689149194751
24494,4693.681608325629
24495,4255.040678485316
24496,8139.78768761727
24497,6390.497632597326
24498,8888.794211579701
24499,7121.724517831142
24500,5917.544701840003
24501,8793.23549993147
24502,6750.841528948565
24503,6850.755605313578
24504,7741.851275606258
24505,6015.362139104555
24506,9204.660840526214
24507,10619.737628123728
24508,7554.660011438531
24509,4700.621745762329
24510,5754.249121701805
24511,4695.3568037587165
24512,3366.1641112116417
24513,8381.4658584849
24514,5553.555834818474
24515,8503.7245625145
24516,4665.10299823946
24517,6540.448477789222
24518,6301.306977760942
24519,9526.937127593017
24520,4909.269827834575
24521,5470.629925099322
24522,5857.4734075581255
24523,7528.825447588557
24524,5779.223938566956
24525,7251.537093916082
24526,7718.681441376795
24527,8716.759786749557
24528,7553.528141998471
24529,7180.051213507298
24530,6089.193623854652
24531,4638.702822524375
24532,5101.027012857983
24533,10462.305303832085
24534,9357.500052458206
24535,8737.32278796501
24536,14816.544641975972
24537,6015.662547435669
24538,5346.901470639069
24539,6276.795887561636
24540,8670.437551734596
24541,10443.231354255815
24542,6788.089089680106
24543,7877.945402734524
24544,8135.0558519072965
24545,6924.251361636127
24546,6775.594365415149
24547,5773.991851682678
24548,4823.649906559543
24549,5150.510282429439
24550,3974.0093832213433
24551,5509.552871414435
24552,8823.195785388734
24553,16349.998085357387
24554,6160.611458551324
24555,4864.494176910454
24556,7496.006220722938
24557,4277.792768763118
24558,6529.920244019522
24559,4311.472157404983
24560,9238.727477140204
24561,6460.735942748306
24562,6394.075550294592
24563,13486.053064006104
24564,11352.885456983617
24565,5802.0765310122815
24566,7093.075042837271
24567,3861.895453645757
24568,5197.315642798645
24569,5366.147156970322
24570,8571.338740720948
24571,4731.408635625352
24572,4538.259372506206
24573,6164.963970480917
24574,5521.979992265369
24575,6915.453488354841
24576,7191.8363360860685
24577,3491.8891371124596
24578,6891.994796927318
24579,8070.457348453612
24580,7803.053246947675
24581,5018.282515249836
24582,4398.693451106702
24583,8155.027560209587
24584,4524.282741464355
24585,9546.10866308239
24586,4825.445237548068
24587,5471.339664583189
24588,7272.617498311656
24589,7255.150380263143
24590,4725.67520713126
24591,6631.750035033097
24592,7298.012342463449
24593,8769.633528064198
24594,9659.157722611153
24595,5674.26159237786
24596,3880.295062446202
24597,5324.803700671798
24598,7005.766324873463
24599,4730.290083944576
24600,6565.253603953574
24601,6020.4534585104075
24602,11112.448998956672
24603,8262.720167354883
24604,6410.891784522056
24605,7626.194686815064
24606,4675.288843025585
24607,9353.443362325166
24608,5975.60211784851
24609,13640.033541923343
24610,6097.802004645819
24611,5350.674064629307
24612,5798.505706825002
24613,3942.0348896230303
24614,7113.743990651979
24615,19175.5148629973
24616,4071.5140428123245
24617,4818.812173493777
24618,10155.112005085004
24619,6485.50841192631
24620,7644.602579616907
24621,7786.173587465619
24622,6189.015024874158
24623,4945.343496672365
24624,4667.189188516253
24625,9599.57627983449
24626,5784.82745414651
24627,7186.01005798522
24628,7333.274675066533
24629,4438.375266150648
24630,7522.548499532264
24631,5927.817799115218
24632,4010.4936903165576
24633,9099.545872664223
24634,9022.629593580861
24635,4360.913520740042
24636,8042.317253103643
24637,6997.331603423661
24638,5117.982884160705
24639,8752.613297098787
24640,6353.12216382577
24641,8368.94440113378
24642,4485.5260741493
24643,5055.685410303384
24644,6644.362305406917
24645,4224.343724879845
24646,7453.2818258587495
24647,4292.591780930967
24648,5610.318608153751
24649,4606.004707369521
24650,6258.36428632393
24651,6182.333055709513
24652,6937.211736076463
24653,6808.069121682121
24654,8110.562566183622
24655,6132.691569216048
24656,7268.1441213360795
24657,6335.758832087773
24658,8286.171243205212
24659,8697.387267258291
24660,7044.676232408911
24661,3652.377076247197
24662,5854.12390312621
24663,7399.037900633752
24664,4380.67097665699
24665,11498.470150732182
24666,5561.946071
24667,7214.968192991558
24668,10459.74306785734
24669,6861.584107440517
24670,4331.312286821394
24671,11930.315833165849
24672,9975.203477726365
24673,5575.172026049429
24674,8923.072480569292
24675,10850.730141430638
24676,5882.800064035353
24677,4962.019679117624
24678,6539.408866905227
24679,5669.6411155651285
24680,5593.939507207055
24681,7097.767460296634
24682,4912.714956660331
24683,6417.197143200296
24684,7345.299885490865
24685,6909.681033861699
24686,8353.448837595413
24687,5848.893266504231
24688,6982.152858258839
24689,5254.451608970827
24690,7500.516744496808
24691,6831.260781101652
24692,6488.600529781658
24693,6280.136362497604
24694,6795.155477392128
24695,9163.676936106785
24696,5750.491111720735
24697,5402.013914041571
24698,6684.989679970463
24699,7223.362706692836
24700,7377.719688236281
24701,4440.41087844819
24702,4048.6094630297475
24703,7434.269822046434
24704,6675.7019689331555
24705,5483.8130133040895
24706,8053.149338420122
24707,6659.443874292422
24708,6441.495223503121
24709,5500.134959118376
24710,3636.6569554212515
24711,6887.545409260686
24712,6233.206700390477
24713,6422.521229009479
24714,9364.147559310033
24715,8639.32590713742
24716,4624.445147654043
24717,9169.258215884827
24718,3996.8960850329445
24719,3179.072913513169
24720,7563.3586735218705
24721,11822.122701181119
24722,8482.438851622257
24723,6997.899353359327
24724,4806.296284070685
24725,6465.858751806447
24726,9209.014721931053
24727,6079.917240812133
24728,8409.05894932452
24729,4951.5401480630235
24730,4890.342296304271
24731,5261.680471654428
24732,5348.003534862024
24733,5438.321319258644
24734,5028.450257090846
24735,5014.507792011627
24736,3907.3271940468067
24737,6913.1119498777025
24738,6943.660914590002
24739,5446.563415120195
24740,6349.49831785566
24741,7291.633690064099
24742,5837.897232994641
24743,5391.310862864893
24744,9170.288935127563
24745,7430.551437613612
24746,5952.37277506119
24747,3801.038316951804
24748,11490.383714364067
24749,6440.584276043237
24750,5625.852751110031
24751,8638.01156380708
24752,7513.272430683184
24753,7525.134777479447
24754,6021.599475183048
24755,6898.264312283922
24756,9128.84705823773
24757,13515.845408802235
24758,5113.881406751121
24759,4656.3656763826675
24760,5356.272865179401
24761,6977.651969759544
24762,6158.395112332686
24763,8731.766487251281
24764,9019.126151084207
24765,5886.08430762092
24766,4085.1835533081485
24767,6104.401250074473
24768,10297.285723930276
24769,4549.799972955293
24770,7488.662088284698
24771,4066.996214537215
24772,7388.6680455709
24773,7213.586673291101
24774,7579.1189028578665
24775,8531.677519464376
24776,6572.203838556971
24777,4080.6556128546486
24778,6668.547056722037
24779,7444.753276439912
24780,8326.303536746564
24781,7615.0392429707645
24782,7807.139553821267
24783,6434.481905805066
24784,4518.7656635331705
24785,9607.217693864919
24786,4515.731548598621
24787,9682.583055334673
24788,6459.023743963555
24789,4178.582618856086
24790,6985.849435115145
24791,6356.224467796091
24792,7110.858947940992
24793,8484.121145692783
24794,4069.599391405156
24795,4598.671248336176
24796,7484.990460649697
24797,8661.27767861134
24798,9658.14688796871
24799,5138.368105352357
24800,5930.59283926395
24801,6597.472632863228
24802,6140.952242963155
24803,5729.374889787153
24804,9688.19523748992
24805,8629.086590526547
24806,11095.878422588641
24807,4290.4875285453745
24808,5918.056541508
24809,8557.361708463422
24810,9689.17557145652
24811,5210.755453063498
24812,10762.020880680495
24813,6558.8832978081655
24814,5283.189450653616
24815,5474.816563249306
24816,5023.464350708157
24817,5424.838990482922
24818,6156.932419394031
24819,4913.522394091833
24820,4984.904015867351
24821,9393.904865156745
24822,7066.321815998919
24823,22389.460735445795
24824,6747.910818771916
24825,4294.063843004782
24826,7679.488640873828
24827,10386.283016175901
24828,6475.252932014248
24829,7378.196761479189
24830,5343.2320055758855
24831,8630.921377962399
24832,8312.654979808634
24833,5653.06785108656
24834,5752.896092449515
24835,7171.536475200433
24836,7831.797495695624
24837,7245.363161268835
24838,9008.316461397482
24839,5554.42495101984
24840,4704.053236103334
24841,5625.2814637866595
24842,10000.210120691658
24843,10520.477610181631
24844,10022.3384045834
24845,8181.652065704686
24846,4597.574488430117
24847,6110.759423363426
24848,4476.542913804573
24849,8332.965785899843
24850,10950.821926024206
24851,9304.469747409124
24852,6114.677111377168
24853,5665.796161678445
24854,4493.412214264826
24855,6649.38863713377
24856,11499.969037010673
24857,6831.616081855796
24858,5085.023133836917
24859,5466.739263250828
24860,8262.577002553317
24861,3699.266351752472
24862,7531.269283034733
24863,4246.3147357883
24864,6655.880934589376
24865,7528.495864730183
24866,5845.280893591764
24867,7405.401991532407
24868,6829.8546678191115
24869,5260.250505576347
24870,7033.707664840269
24871,7667.519376121754
24872,11252.292603040445
24873,5869.994499033138
24874,7978.67998236052
24875,8105.675990806014
24876,9104.323628007729
24877,6557.454942307108
24878,9233.795832024442
24879,4603.870865496062
24880,4959.443445734047
24881,6427.1225982649785
24882,6365.595588505215
24883,9350.101966340373
24884,7555.554923005796
24885,5734.323159818447
24886,7202.499883331072
24887,6496.263685025173
24888,9390.117602365359
24889,4095.5315482355163
24890,14570.06594262453
24891,5238.5905692376
24892,5990.990324206247
24893,8626.728775482967
24894,4733.898830097409
24895,6617.996248318658
24896,6160.848488581334
24897,7851.673292391336
24898,5428.873022716133
24899,5904.403898848877
24900,7762.260098781493
24901,8412.191924820387
24902,7634.749831436627
24903,5123.838872425605
24904,7009.880568739192
24905,11587.140356314325
24906,6504.569966007259
24907,5453.2299697253675
24908,6732.191968015289
24909,5725.318134115932
24910,6231.704953777401
24911,7560.933633916912
24912,4087.295718980009
24913,8377.868899263047
24914,6429.429159659758
24915,6898.459772765476
24916,8834.707921077825
24917,4293.811731172308
24918,5888.00491054765
24919,5308.760767870309
24920,8296.714391218695
24921,9460.007234279883
24922,4820.036749314425
24923,4827.872404293882
24924,6773.686032518002
24925,5957.691429850685
24926,6189.736508192589
24927,8855.05708315682
24928,6727.519768676017
24929,7686.769718485078
24930,5627.958551865419
24931,4633.476444275661
24932,6405.240680434814
24933,8554.373344793376
24934,8066.157614633567
24935,8568.222023108021
24936,8679.083091594219
24937,6410.97426701044
24938,9620.522986744045
24939,6521.083959595248
24940,7983.729278894343
24941,8927.260018296523
24942,6611.5077979890875
24943,10730.994861924502
24944,8608.66476877559
24945,7808.138997120494
24946,5991.175269652025
24947,7401.746136927147
24948,7913.237939325669
24949,6452.629914803734
24950,3948.0674846704856
24951,5531.692499102859
24952,8127.278509523714
24953,6165.403893878401
24954,4400.6301207660235
24955,8676.81244427157
24956,6502.741454671315
24957,6246.818203109202
24958,5795.7378341027825
24959,5506.400099133356
24960,7840.335088803225
24961,7173.73925410536
24962,6913.8900822475825
24963,5532.907721117151
24964,5867.105691093454
24965,6796.208616469054
24966,3998.5086697285424
24967,6329.226617016193
24968,5472.97008819185
24969,8545.940664932317
24970,7299.083729520224
24971,6036.575769168486
24972,11321.52941970949
24973,6563.527223266655
24974,5001.282518646302
24975,11011.274909231948
24976,7223.035040350288
24977,8368.797131548728
24978,7622.145782011208
24979,5249.856494546294
24980,6269.5474453612815
24981,5479.746991243087
24982,8033.964581754474
24983,11702.538906283191
24984,6934.073679938535
24985,3401.8229609210225
24986,5587.538990812222
24987,9270.550308052298
24988,9177.699910260071
24989,7025.9372563386705
24990,7087.08010247769
24991,4702.989229059808
24992,5271.053284423084
24993,3384.6023838440146
24994,5252.945281489853
24995,6310.026128100414
24996,7189.564683802997
24997,6578.781358346891
24998,7987.5027053083495
24999,8520.690553942462
25000,9037.754925854773
25001,7778.397263803078
25002,5324.424215454084
25003,9226.4706740627
25004,11341.137131886635
25005,5918.768320374258
25006,7616.568344638634
25007,5534.22794801713
25008,6860.475507295497
25009,3994.682813621414
25010,8220.164823257353
25011,5699.478013240771
25012,8787.8099345836
25013,7088.788270279914
25014,8563.76253848881
25015,8578.689729586878
25016,5598.364601738781
25017,8922.710287470214
25018,18639.124317762944
25019,10880.827870830955
25020,6118.729006314681
25021,3276.714055394966
25022,6464.181709619173
25023,9114.210017720465
25024,6158.148174892448
25025,11838.513596185201
25026,19188.250646175784
25027,3876.5173127396292
25028,5229.366043851143
25029,8649.805231634955
25030,5549.852183765259
25031,9087.746400116413
25032,6764.494257363925
25033,8160.31275902277
25034,4214.971289390015
25035,7118.564644301946
25036,6698.28513768047
25037,7587.996951205871
25038,9664.782355325842
25039,5817.65172501736
25040,5881.856042616593
25041,7173.024324450086
25042,5683.441619999835
25043,5121.565624782931
25044,7808.138486490879
25045,6315.680044941496
25046,5811.824689449119
25047,7647.516346141132
25048,5797.376653738541
25049,6740.048717720222
25050,7135.312933242887
25051,7100.796364310448
25052,9407.756245695315
25053,8525.146617207543
25054,6817.746214469305
25055,5851.220189830831
25056,3900.5064172888087
25057,6672.578296494797
25058,6912.583389957466
25059,6195.366496873754
25060,4565.365189622673
25061,9226.128778022052
25062,7673.345366071398
25063,10836.386745233742
25064,6838.9245953910395
25065,5553.723273899771
25066,5362.694621419918
25067,4753.04746295856
25068,9875.822843296415
25069,5165.003629580383
25070,8331.217681320391
25071,14733.464382871094
25072,7397.918951893011
25073,6503.490823496118
25074,4733.008177076683
25075,4839.290023351971
25076,7505.920114622914
25077,4319.56949556247
25078,5527.380706802496
25079,10394.332562578087
25080,5533.438130694683
25081,17084.45435637537
25082,14152.986880777842
25083,4773.7133801498985
25084,6880.970386278787
25085,6588.499390835609
25086,7101.471291178481
25087,5731.8526723888945
25088,11648.800112290739
25089,7674.3813154708505
25090,9528.71919921802
25091,4860.828420464956
25092,7804.740834634489
25093,4798.635551120439
25094,9448.25936660962
25095,6674.773731876029
25096,6196.951865945519
25097,6729.03029080053
25098,5694.91253315686
25099,8752.569046819845
25100,9710.489690095896
25101,5658.804103948457
25102,10562.944170524044
25103,6417.333773671175
25104,9776.164320188542
25105,5679.300285609687
25106,5744.834201466729
25107,5579.754963134951
25108,10489.486103617679
25109,6368.699638258915
25110,7742.701001502789
25111,7030.966656996164
25112,9439.99214577705
25113,4412.234586356918
25114,9166.485526746597
25115,6677.481765324676
25116,4127.638586298977
25117,15482.321124904438
25118,16604.603045184645
25119,7875.182579825587
25120,7536.1886824368885
25121,9293.738467865673
25122,10626.130002531969
25123,11539.911931541796
25124,6034.842812427007
25125,7882.359124713288
25126,6155.538922619941
25127,8250.55053241332
25128,4004.0556915900343
25129,6384.981568488364
25130,5936.002509947672
25131,5967.644564252374
25132,7769.522623930598
25133,5355.372586866126
25134,4876.451828955757
25135,6909.089944956473
25136,3880.4346892507
25137,4766.586822624086
25138,6215.537733057364
25139,7667.493890266575
25140,9062.228087703914
25141,8446.294606795813
25142,7032.691826125914
25143,6081.086028842226
25144,6285.00836931601
25145,11686.894256003818
25146,7851.955809972871
25147,5613.9948849224165
25148,4839.019334425203
25149,10001.021400011903
25150,4572.1001960643025
25151,7325.030600430609
25152,3354.5671288053454
25153,5877.223394041443
25154,7656.534041513219
25155,6784.6668753395
25156,5939.055026953774
25157,9803.663260631643
25158,9622.224817588678
25159,12338.83990458747
25160,5756.103121147106
25161,9759.51089366652
25162,3320.996517860699
25163,5199.865603239728
25164,6565.979027290655
25165,4423.05088607105
25166,8419.965338517888
25167,5472.095705439865
25168,5207.179971513056
25169,9182.731178451875
25170,10986.716111124993
25171,9062.61032077872
25172,5334.796197840483
25173,5847.673067104816
25174,12824.115618163174
25175,7997.233916162115
25176,5980.368617625593
25177,5467.945102948918
25178,6814.232316810339
25179,9734.74597048467
25180,4738.663059260897
25181,6335.381088167122
25182,7915.842748202568
25183,8902.648839698339
25184,13020.72683382571
25185,5822.893281394604
25186,13847.733577280984
25187,7142.605368223944
25188,5075.986181279012
25189,3586.7115690124792
25190,6555.038323507153
25191,6500.971455167483
25192,5546.060652877779
25193,7458.387780197417
25194,5155.296421751072
25195,4586.405242472157
25196,7700.0886443260615
25197,3872.499042494285
25198,7796.66965463348
25199,6977.973112439331
25200,8100.237846003471
25201,9118.04639014795
25202,5458.9870431722775
25203,8856.790486249789
25204,6491.69131369481
25205,5363.101921731878
25206,5553.629230694392
25207,6548.177112897813
25208,10095.275118924696
25209,6005.745903288701
25210,4816.783585237439
25211,8161.140992258772
25212,9111.120263979454
25213,7571.307115686507
25214,6296.35884459553
25215,9174.7300101714
25216,5222.136374431998
25217,5665.600679747466
25218,6719.773425133767
25219,9021.392281132812
25220,6421.267951600806
25221,6340.800433706969
25222,5787.433657940878
25223,5811.198038981445
25224,4570.080670982208
25225,5249.272976850529
25226,8102.762193361912
25227,9065.490366994612
25228,11029.57493646599
25229,11335.349774721284
25230,8226.590455370695
25231,7665.147168675232
25232,5227.757258326543
25233,10836.009226319045
25234,10372.025832282232
25235,7993.194472817272
25236,8808.05715218315
25237,8409.479014081515
25238,5413.36906942626
25239,3704.9250530172517
25240,10963.962564532052
25241,6714.304531127443
25242,6890.151931137289
25243,6455.3424134500065
25244,3327.7832079904983
25245,12111.971000568114
25246,6606.661961229554
25247,6766.322313425487
25248,4692.922096882507
25249,5522.31124792698
25250,6217.037394080083
25251,8962.849249816922
25252,6342.167874706706
25253,5446.616450286964
25254,5371.448787474519
25255,4840.763881653122
25256,3236.682183372086
25257,7137.22325158204
25258,17172.04608005044
25259,4730.306279221488
25260,5993.175976123898
25261,7304.219035124417
25262,5343.559826273617
25263,5464.462859302099
25264,4935.924491636105
25265,4366.7467327147815
25266,7409.1407979309
25267,7407.649573000562
25268,4280.550838590664
25269,8810.566604528667
25270,6044.85308749835
25271,5004.048481564088
25272,10623.211421707158
25273,8216.780199233155
25274,9833.054193508327
25275,5615.2495971863245
25276,6946.001598234308
25277,4933.990503885044
25278,5619.518955339044
25279,16494.351246847153
25280,10688.872596976398
25281,6434.793288557825
25282,6004.010207224358
25283,4518.050284449476
25284,5665.473343220302
25285,4560.3661847478015
25286,9902.31044730155
25287,5370.377693507648
25288,5665.840202862168
25289,7634.026606658973
25290,4692.744876887928
25291,6397.571737453592
25292,7394.111768098435
25293,7738.063798806711
25294,7191.757573412378
25295,4331.2885674334975
25296,5750.632393652393
25297,6661.463244672163
25298,9105.097332725398
25299,8583.389945510009
25300,6680.772044508935
25301,4751.042031833932
25302,7787.171246145249
25303,6393.440492626063
25304,4674.729836391059
25305,6929.205371026052
25306,7356.518650017038
25307,6822.45346879277
25308,6322.086965809004
25309,6232.464248769096
25310,7042.330748738734
25311,5905.26037357363
25312,6898.7965092937175
25313,6831.810681742472
25314,6683.433914211121
25315,9549.772009500748
25316,6509.884424674995
25317,5107.139440070914
25318,12343.18039877313
25319,6501.821694548792
25320,3967.144520403695
25321,7759.401022864413
25322,9057.57241713836
25323,10455.05623992997
25324,5335.753749728635
25325,6126.053540378253
25326,6347.960223870715
25327,7853.44649140689
25328,6103.556164842728
25329,9304.640857583774
25330,3312.2517985484546
25331,6289.298475684494
25332,6285.820140094395
25333,5507.675342339536
25334,5051.35500504043
25335,6541.73108475551
25336,8685.601141832309
25337,5657.133618736032
25338,8438.126969346706
25339,7440.0995555196905
25340,8701.39704670241
25341,5175.958187849365
25342,6972.101666766909
25343,6492.919609274273
25344,8000.636904080219
25345,8765.215560629296
25346,3697.3447046069864
25347,8069.726490937925
25348,8061.463278588801
25349,7578.859804050969
25350,4998.04391901327
25351,4320.377052832775
25352,8577.31253625427
25353,6759.460074699373
25354,9425.96778876482
25355,6986.928597721156
25356,6086.247139148073
25357,8278.702464105827
25358,6872.482046615952
25359,7045.787670692041
25360,8074.398684764759
25361,5980.426040361811
25362,9153.56563369604
25363,10858.955365329863
25364,7776.086154277316
25365,4765.893172846065
25366,6016.1406057571
25367,4822.106874165253
25368,3454.972510670422
25369,8524.020654923173
25370,5770.112289608035
25371,8733.267354037082
25372,4654.607020298402
25373,6600.236520901144
25374,6419.61889573244
25375,10564.70801151176
25376,5108.107425613005
25377,5828.715826195853
25378,6261.068061219241
25379,7629.211249308484
25380,5655.185738803581
25381,7686.151734683579
25382,7747.353432547915
25383,8861.582421267984
25384,7595.699294305434
25385,7087.481119732101
25386,5777.574388513922
25387,4790.192351424518
25388,4839.87472579837
25389,11045.68644740463
25390,9566.638729207045
25391,8995.625037427373
25392,14993.62076957642
25393,6019.342081194231
25394,5185.052647639498
25395,6373.774881699227
25396,8842.005515520294
25397,10646.59525507254
25398,7096.549820060385
25399,7776.29956272945
25400,8386.270579851098
25401,7272.289549765362
25402,6979.804533090078
25403,5670.8513821924125
25404,4889.12806989377
25405,5387.535078366595
25406,4236.5261838627885
25407,5736.017115991832
25408,8795.39658973085
25409,16688.101547753384
25410,6403.08542116389
25411,4887.01485605047
25412,8232.476042544948
25413,4143.133438184536
25414,6728.395789068061
25415,4293.108612279439
25416,9182.193891165964
25417,6606.183848711267
25418,6502.941711148072
25419,13670.674068789605
25420,11822.582484896324
25421,5855.436658941427
25422,7064.111564968269
25423,3898.20831293534
25424,5348.261060105986
25425,5562.174691419684
25426,8321.466913848613
25427,4902.606958528231
25428,4571.342465204186
25429,6378.728462486365
25430,5436.157189733587
25431,7144.526672041825
25432,7292.186577647324
25433,3542.37065106858
25434,6911.25803804786
25435,8435.525959855544
25436,8111.666273430684
25437,5249.21077849403
25438,4869.888591622396
25439,8318.893472453608
25440,4845.969786623274
25441,9864.983821017579
25442,4663.881229547183
25443,5390.915776001665
25444,7318.437458583175
25445,7523.137315031512
25446,4811.183998458843
25447,6745.073142737064
25448,7915.6742364039255
25449,9061.37441731526
25450,10555.044836153373
25451,5749.8766233516235
25452,3802.639158936238
25453,5368.231863004572
25454,7096.760127678632
25455,4688.07499877359
25456,6527.419026535422
25457,6089.9826836995535
25458,11700.127691440226
25459,8661.805905009325
25460,6318.690137330575
25461,7903.524415030388
25462,4870.664444701563
25463,9609.235389494872
25464,5971.1034773410065
25465,14317.878503199143
25466,6250.778584185605
25467,5542.662938993822
25468,6275.52310467039
25469,3875.6839701920785
25470,7284.357272299484
25471,19659.058463772028
25472,4886.100931821171
25473,4803.832038356424
25474,9925.332316378383
25475,6902.300257980162
25476,7835.8485821694185
25477,8222.180067045054
25478,6274.0569550470445
25479,5169.586109859052
25480,4572.214275468906
25481,9895.014963469883
25482,5880.851629491564
25483,7277.398967355841
25484,7981.557882909477
25485,4779.210733033659
25486,7874.706792363869
25487,6011.732259911727
25488,4209.939826678437
25489,9138.67492802481
25490,9033.408274483383
25491,4465.93901000329
25492,7973.310813875662
25493,6723.149800801018
25494,5184.592976864718
25495,8810.775390408655
25496,6191.669739292654
25497,8164.583695835672
25498,4508.073364055425
25499,5065.610724475962
25500,7721.14963051241
25501,4092.185057847941
25502,7388.3511157370485
25503,4955.198801870988
25504,5820.666312649941
25505,4840.632366756054
25506,6445.760165435592
25507,6717.086942680299
25508,7204.722129048636
25509,6774.544831367004
25510,8129.5548390246095
25511,6270.261332628903
25512,7403.710181686178
25513,6813.028092345891
25514,9677.656637177288
25515,8987.706729819387
25516,7046.692943206135
25517,4122.774419895445
25518,5993.97721108796
25519,7618.408762016945
25520,4826.769061968207
25521,11731.63451601565
25522,5636.612495762204
25523,7052.348771214113
25524,10481.341632962502
25525,6510.844814537156
25526,4368.269228150283
25527,12262.729715016218
25528,10332.09323065985
25529,5743.875064456298
25530,9156.410547719717
25531,9920.963106601972
25532,5870.572175526407
25533,5584.344610497599
25534,6927.719413201756
25535,5883.286476061699
25536,5890.099391336023
25537,7362.1140296651765
25538,4944.766050198868
25539,6671.372027187549
25540,7616.360408705257
25541,7094.9852965464
25542,8603.8596154563
25543,5971.850362606499
25544,7258.27274113119
25545,4957.778557234401
25546,7421.317187674525
25547,7219.785395896647
25548,6221.8374954535875
25549,6862.100646763857
25550,7124.580219736344
25551,8966.08906712122
25552,5998.048400032739
25553,5744.300115686386
25554,6449.904903590962
25555,7445.76347780657
25556,7707.013375393082
25557,4621.114357107122
25558,4058.7377953132877
25559,8470.06487544368
25560,6772.815643843769
25561,5645.148348558013
25562,8074.409986014023
25563,6788.828425608154
25564,7593.907699839572
25565,5428.6350264901885
25566,3520.108826558845
25567,7323.886850192431
25568,6464.63215632324
25569,6584.396722563105
25570,9417.07969554126
25571,9767.291444885088
25572,5017.356722629161
25573,8259.115197265408
25574,4125.2812535862995
25575,3153.9939954481947
25576,7715.126349603641
25577,12396.69794416307
25578,7868.694003165754
25579,7472.065311894893
25580,4984.660895435721
25581,7056.880649466888
25582,9211.54449275017
25583,6537.669140680226
25584,8028.921309862838
25585,5271.265661968455
25586,4881.107731775465
25587,5398.834900136505
25588,5467.297073635115
25589,5914.715726284626
25590,5345.68914919431
25591,4954.537501923489
25592,4092.100706027722
25593,7344.416097153822
25594,7128.749054996743
25595,5752.149658931166
25596,6335.572218288691
25597,7545.684593431251
25598,6077.82552830325
25599,5693.292717025101
25600,9470.584372865329
25601,7719.3005349196965
25602,5733.815595487611
25603,4071.9504310776333
25604,11635.22381197361
25605,6306.582159630265
25606,5848.481334844923
25607,8702.528569708462
25608,8245.35128765523
25609,8008.809202477844
25610,6128.256741249142
25611,7014.12330497129
25612,9684.547676023454
25613,14206.396135309104
25614,5436.25339841163
25615,4965.521421702833
25616,5073.412461884156
25617,6784.710752435808
25618,6187.6103537188565
25619,10132.804201950701
25620,8963.925178869313
25621,6125.662602764653
25622,4057.861606345037
25623,6128.425492545375
25624,9972.033337499472
25625,4862.0279778074
25626,7598.142053746639
25627,4121.655628552719
25628,7261.477170321683
25629,7426.0015643340985
25630,7685.459008045277
25631,9322.628384073349
25632,6758.2467982126545
25633,4127.889256980775
25634,6341.848963699339
25635,7846.3707776733645
25636,8505.280700081836
25637,7772.428329332447
25638,7721.784857704388
25639,6249.072113520179
25640,4658.5021637209375
25641,9857.97638783991
25642,4569.188167671101
25643,10071.61489105371
25644,6466.9827284746525
25645,4474.991307729519
25646,7263.036768861567
25647,6330.390397267938
25648,7737.101197403407
25649,8711.394819637399
25650,4082.7658660312927
25651,4640.646172410153
25652,7996.224738782926
25653,8743.895213363188
25654,10214.203512485172
25655,5611.65431911795
25656,5698.105129413995
25657,6636.928771923655
25658,6064.602766524308
25659,5616.39767502691
25660,10012.12600561055
25661,9032.580709043927
25662,11617.599842548738
25663,4560.763054494996
25664,6169.848878966407
25665,8408.772230809382
25666,9432.486025177746
25667,5450.785272875842
25668,10376.352441261646
25669,6945.55227757059
25670,5426.5860836698575
25671,5360.596539109025
25672,5281.494152106084
25673,5472.510924275299
25674,6456.172667725132
25675,5142.236546751877
25676,5106.192999731122
25677,9501.523878004722
25678,6809.418175218885
25679,22603.869890523787
25680,6844.349302600276
25681,4516.676326307635
25682,8470.072696905287
25683,12179.333394987058
25684,7366.782696699537
25685,8204.255504534309
25686,5879.916893899731
25687,8574.28135793235
25688,8878.6809816306
25689,6084.5885947365805
25690,6546.8805585569235
25691,7677.37898995828
25692,8342.176262026032
25693,8160.625947030631
25694,9239.352705134665
25695,6364.332609621737
25696,5152.818579876734
25697,6038.085195050983
25698,10802.078881384743
25699,11793.486853714478
25700,11591.588011907988
25701,9192.827765943844
25702,5940.91480671331
25703,6455.003807816699
25704,4683.28221103289
25705,9138.144960669677
25706,12183.197129583841
25707,9458.649267796689
25708,7044.473954666974
25709,6024.92044169
25710,5165.773987167868
25711,6721.815341012748
25712,11631.06744277848
25713,7708.425991421815
25714,5274.228063142171
25715,5885.082626822893
25716,8394.18194903219
25717,3954.2356366214026
25718,7987.0727913403125
25719,4605.256990299873
25720,6835.243969255896
25721,7892.377910838988
25722,6403.31304744191
25723,8007.582642336666
25724,7570.953464106458
25725,5262.368576365494
25726,8099.076946227739
25727,7883.485661145113
25728,11819.377693497816
25729,6269.309843945242
25730,8737.5570910784
25731,8210.554923215279
25732,10071.631629392867
25733,7303.158319546725
25734,10659.670401337877
25735,5338.611000415515
25736,5735.222679055324
25737,7314.112742406299
25738,6600.309915772073
25739,9828.525487192033
25740,8173.481854022303
25741,6729.093948963754
25742,8036.859722405062
25743,6712.411324566528
25744,10627.812217665049
25745,4459.540980493945
25746,15627.07723594801
25747,5866.776486108728
25748,6559.470153584744
25749,9316.151232246832
25750,5275.571710622938
25751,7344.992650721903
25752,7145.202894618943
25753,8737.348896214895
25754,5904.658603649948
25755,6101.506650478101
25756,7845.070043738978
25757,8755.767295148305
25758,8387.228426723796
25759,5420.065837721676
25760,7504.394036929824
25761,12053.801731757258
25762,7327.578769745164
25763,5721.001271139181
25764,7278.659510066535
25765,6108.332004591452
25766,6625.907346755133
25767,7868.88197162129
25768,4469.931533410908
25769,9217.091696804602
25770,6943.542131107575
25771,7507.101907134104
25772,9007.132729611805
25773,4928.075774489617
25774,6839.655380557791
25775,5650.066690310411
25776,8881.03525030993
25777,10254.191958963587
25778,5177.600338606557
25779,5394.095621411154
25780,7110.480882298977
25781,6203.702200188148
25782,6769.477290143966
25783,9363.690364851616
25784,7271.471125833056
25785,8079.844989136606
25786,6468.268557477408
25787,4993.32054698822
25788,7424.348189089739
25789,8728.561689263393
25790,8770.48583576667
25791,9013.620982251457
25792,9086.980598779575
25793,6816.860244369713
25794,9961.36965744735
25795,7275.157228450164
25796,8659.116451407159
25797,9725.8120188265
25798,7001.54394576417
25799,12072.499700897255
25800,8556.25979444727
25801,8830.523932241593
25802,6624.730043427264
25803,8147.132795296596
25804,8880.928405184035
25805,7267.736746505551
25806,4166.511297359487
25807,6158.080478596267
25808,8831.001301743561
25809,6672.72356112448
25810,4904.9008570029055
25811,10022.145454413454
25812,6724.731517049242
25813,6430.087421455276
25814,6225.769340054059
25815,6418.53023325008
25816,9012.103680316368
25817,7560.963604206634
25818,7807.418424385739
25819,5853.371229797339
25820,6561.029712423647
25821,7609.851985978931
25822,4326.835198131608
25823,7798.366719810926
25824,5842.445102119006
25825,9251.338448735105
25826,7848.461991909659
25827,6357.50587997689
25828,11807.967611151778
25829,6627.506402875644
25830,5072.427043992618
25831,11903.378922306158
25832,7421.204174345779
25833,8821.41211933644
25834,8336.542372414659
25835,5554.349071071617
25836,6846.221686843169
25837,5785.181423487397
25838,8913.587366007352
25839,13087.95122833522
25840,7731.478406686123
25841,3516.4331628366585
25842,5332.070285150596
25843,9829.881126463186
25844,9788.419240031526
25845,7535.66965142153
25846,7796.284643879206
25847,4855.681897500926
25848,5820.10756069331
25849,3712.862868630464
25850,6109.888613409356
25851,6812.717446529149
25852,7527.470533075096
25853,7351.875979278301
25854,9031.41228243394
25855,8865.891333215062
25856,9726.21151250334
25857,8018.803005644236
25858,5484.588417674731
25859,10149.710179006097
25860,12844.05133020362
25861,6917.616864230132
25862,8480.562825903851
25863,5965.4862465784445
25864,7340.1868599511
25865,4518.925262187211
25866,9032.800366048219
25867,6299.8206747424465
25868,9147.416147560503
25869,7490.442432363889
25870,9297.804389318231
25871,9136.880302941057
25872,5876.181643603421
25873,9555.248261953739
25874,20399.20401743009
25875,11995.436812372725
25876,7345.462370326881
25877,3310.4465961813494
25878,6722.002028150364
25879,10795.425088528977
25880,6585.68912121029
25881,12476.555185925883
25882,20048.417963033993
25883,4057.839638951856
25884,5967.187337874013
25885,9090.429883547626
25886,5514.243613902721
25887,10661.73218169279
25888,7825.827987304961
25889,9065.64464142218
25890,4286.801166782586
25891,7677.308247617471
25892,7192.516424492397
25893,8048.843563658555
25894,10394.249679343447
25895,6087.851694116191
25896,6114.709228170775
25897,7599.542233709704
25898,6292.4191600214335
25899,5248.4338802950415
25900,8208.756528365442
25901,6806.927026646027
25902,6379.460322872594
25903,8891.024064294654
25904,6836.046103579304
25905,7155.065943734003
25906,8092.059938343933
25907,7843.882586880784
25908,9631.259906111227
25909,8757.151285616344
25910,7453.580342793115
25911,6098.53902850416
25912,4134.358951851868
25913,7306.883810986281
25914,7454.887476280506
25915,6521.833235532682
25916,4989.990907778209
25917,10754.635146770017
25918,8657.055165951011
25919,11256.664556520029
25920,7213.591705021503
25921,6383.429712581946
25922,5967.489027028166
25923,5011.968746424196
25924,11339.137272495442
25925,5309.249071639607
25926,8647.718788168087
25927,16362.497490479196
25928,7809.189706932943
25929,7458.187336030063
25930,4969.498645427469
25931,5275.339511701043
25932,8267.58292614482
25933,4663.659201552052
25934,6158.028553382903
25935,11436.226151304103
25936,5697.131080659616
25937,18279.230880973773
25938,15831.045662947608
25939,5009.415940792839
25940,7414.216437513204
25941,7404.855482371682
25942,7807.868806501645
25943,6433.718008509061
25944,12405.185734005468
25945,8342.945209499241
25946,10950.014545175763
25947,5361.365053301723
25948,8294.84769190816
25949,4932.2366327834725
25950,9955.179581306744
25951,7475.968958590742
25952,6920.050102721732
25953,7149.532155967547
25954,5798.072328562509
25955,9353.874089830924
25956,10538.696959451268
25957,5764.646446488025
25958,11500.860223222386
25959,6602.058824566455
25960,10840.258797348264
25961,6455.331402720221
25962,6015.761229431983
25963,5966.108183411494
25964,11215.33483010299
25965,6912.278607724264
25966,8315.480118025771
25967,7582.336941045007
25968,10244.09269621402
25969,4493.709904279241
25970,10485.736051939288
25971,7971.549300348892
25972,4436.551831058702
25973,16479.400069132218
25974,17235.86185873223
25975,8530.241717053008
25976,8177.161031608185
25977,10884.272959284452
25978,11875.972509547464
25979,12520.7782168895
25980,7158.707237093927
25981,8941.095162689458
25982,6709.074346971483
25983,8940.392669650775
25984,4522.197681681719
25985,7382.628285252044
25986,6190.431424563185
25987,6354.386966313362
25988,8418.719288934148
25989,5625.878861691053
25990,5602.544843547749
25991,7242.880051211666
25992,4106.801360854765
25993,4982.429640106007
25994,6882.917394917859
25995,7944.840710006978
25996,9674.220126562612
25997,8747.964957963182
25998,7413.411927735452
25999,6259.101502440299
26000,6672.031612675309
26001,12736.293783872366
26002,8575.073806528739
26003,6396.039943669892
26004,5043.601049085758
26005,10203.925533834707
26006,4672.075183044998
26007,7471.167056279733
26008,3789.1239318200023
26009,6554.494815892186
26010,8634.73261503177
26011,7041.422675647757
26012,6106.674616905361
26013,10113.624106200847
26014,10432.88308998446
26015,12974.385289047703
26016,6585.564394663252
26017,9870.976181835333
26018,3575.26852165848
26019,5522.937575881127
26020,7118.074477521117
26021,4815.2036287728315
26022,8723.3328046064
26023,6110.0204932076285
26024,5527.21579652436
26025,9934.817177425137
26026,12238.977050617812
26027,9330.89373695159
26028,5670.878690615552
26029,6547.477677481979
26030,12386.380014352104
26031,8022.720164264713
26032,7188.220648518651
26033,5811.511732221721
26034,7281.450084282289
26035,11597.680392581682
26036,4788.208461660186
26037,6879.767145047611
26038,8579.42007441675
26039,9651.536344829477
26040,15107.069417572482
26041,6000.440755189717
26042,15098.801004940728
26043,7452.2764482442
26044,5360.844409226374
26045,4195.158794685513
26046,7464.16333018845
26047,6983.742826761106
26048,6020.256371305134
26049,7641.254752417256
26050,5479.695264590215
26051,4975.404730423624
26052,8141.221168327081
26053,4153.872456835312
26054,8188.773987036745
26055,7592.643845615452
26056,9040.08296698742
26057,9941.016264887307
26058,5801.700307783343
26059,9871.329672777312
26060,6640.529014805281
26061,5692.328210635672
26062,5637.043840827353
26063,6198.4788273141485
26064,11137.640062361445
26065,6590.474810716449
26066,5271.290716299538
26067,8366.762950398883
26068,9687.978632685235
26069,8444.016305416168
26070,7303.556651914766
26071,9726.753978847795
26072,5548.629777210046
26073,5815.597533650898
26074,7304.3437339811735
26075,9181.429131018935
26076,7830.74516387789
26077,7449.565586154367
26078,6206.391509081637
26079,6188.705296857253
26080,4833.180681470621
26081,5507.664870262896
26082,8282.18595512023
26083,9907.914291650131
26084,11754.564310634361
26085,12954.729777088814
26086,8959.299420720989
26087,7795.106627350395
26088,5595.585962646491
26089,11694.596822432364
26090,11690.014546264025
26091,8616.663325682786
26092,9714.239479031783
26093,10074.675876367332
26094,5808.236631552155
26095,4274.811417127765
26096,11788.03679134653
26097,7203.165844029273
26098,7759.895777504819
26099,7086.956286048709
26100,3535.5028064158755
26101,13429.819747939724
26102,6841.0762157028885
26103,8004.710823524105
26104,4969.987487360882
26105,5755.782095667608
26106,7147.710798576137
26107,10262.1165080264
26108,6557.887645584504
26109,5842.997598615308
26110,5641.943648827231
26111,4792.480449547278
26112,3510.490312677804
26113,7803.560408866179
26114,18033.385375018683
26115,5289.021057446234
26116,6341.461609308963
26117,7890.713039896978
26118,6140.129398423995
26119,6125.919340850474
26120,4935.195721685679
26121,4929.6587449240105
26122,7865.85755343015
26123,7784.100653899263
26124,4620.412666634231
26125,9451.176346573562
26126,7158.434596705063
26127,5537.314792584786
26128,10955.43865695989
26129,8971.485410628513
26130,10768.152866401077
26131,6720.3035926587945
26132,7827.803100874816
26133,5203.548135859331
26134,6070.486019948306
26135,16899.66570809253
26136,11074.397438598086
26137,6817.351953924914
26138,6510.553020490224
26139,4670.55148388184
26140,6081.257049323182
26141,5236.851223170263
26142,11392.073270380017
26143,5912.945652576443
26144,6084.0883069968495
26145,7872.76515194925
26146,4877.464526561046
26147,7187.673104461106
26148,8275.821124073422
26149,8386.629436194326
26150,7712.712401342205
26151,5220.313405917209
26152,6128.884632774491
26153,6980.206608192784
26154,10373.128015743097
26155,9516.435242737056
26156,7428.945721938352
26157,5183.696287465103
26158,8007.046091834052
26159,7067.901835655394
26160,4907.422580150802
26161,7851.514040827647
26162,8062.1447728450285
26163,7737.8763797656875
26164,6782.587682912733
26165,7003.987953111123
26166,7569.389065274989
26167,6572.15794415282
26168,7238.947472124311
26169,7105.817625494499
26170,7752.834658895076
26171,10197.408001070946
26172,6685.3825807319345
26173,5667.607496981924
26174,13321.139921008647
26175,7743.617593448976
26176,4112.189170976327
26177,8700.466974835712
26178,9227.29764232863
26179,11770.209845921227
26180,5603.177742752618
26181,6869.924087106567
26182,6853.843660870073
26183,8484.377602405108
26184,6906.661125157305
26185,9698.07510895044
26186,3562.1219231798823
26187,6995.542379998262
26188,7088.420292869598
26189,6099.595517525022
26190,5812.970347524593
26191,6885.345699078216
26192,9777.74877376161
26193,6085.686960941412
26194,9546.886321986865
26195,8262.556332555578
26196,9434.845232856012
26197,5196.503560195069
26198,7542.163877161571
26199,6983.895859682135
26200,8411.420319711706
26201,9029.440095840066
26202,4194.724159577008
26203,8257.09409799248
26204,8455.163075760953
26205,8161.488757087713
26206,5166.092983146182
26207,4723.348963601808
26208,9478.230771673723
26209,7748.797676771069
26210,9903.296628996988
26211,7912.087146665486
26212,6915.613451323814
26213,9061.750621280527
26214,8341.829262343585
26215,8495.383841305716
26216,8433.459231191217
26217,6982.252040091081
26218,9720.585652189275
26219,11740.746448252818
26220,8619.806246046845
26221,5492.808545928814
26222,6609.718692070533
26223,4992.583021502597
26224,4097.859528166309
26225,9424.924262659975
26226,5998.127244362793
26227,10315.599975288536
26228,4927.94746769731
26229,6940.232943860929
26230,7019.605694025708
26231,10985.231705804274
26232,5261.687023111008
26233,6062.64001218827
26234,6925.813945349369
26235,8411.489916965822
26236,5911.519101640174
26237,7934.697362011742
26238,7870.330024970927
26239,9571.594799746725
26240,7862.797597335612
26241,7672.094956864218
26242,6284.2899757838395
26243,5305.558309809472
26244,5228.927127362876
26245,12946.31451747431
26246,10557.359886020598
26247,9351.859796130342
26248,15420.03709227714
26249,7209.397618084645
26250,5657.889890018492
26251,7340.0078280765665
26252,9522.448125767756
26253,11569.700940607623
26254,7728.066652953872
26255,8766.841557783857
26256,8954.156555741982
26257,7752.673047819614
26258,7451.248356304119
26259,6435.808318105488
26260,5793.525628447154
26261,5605.38069674444
26262,4555.022388601999
26263,6581.9368445848695
26264,9590.7750567544
26265,18221.234840746325
26266,7030.287577384586
26267,5171.437383162946
26268,8774.917064441148
26269,4321.128973789088
26270,6875.459985638465
26271,4717.436270148798
26272,10232.948332552713
26273,6827.719300456221
26274,7346.274679471058
26275,15318.233170776633
26276,11500.350885621934
26277,6450.818317062955
26278,7590.760704376267
26279,3980.259116556253
26280,5534.733757478839
26281,5907.564368474598
26282,8600.963685632774
26283,5513.593581683727
26284,4766.257832682237
26285,7188.473305540331
26286,5724.150479384844
26287,8436.949080071041
26288,7864.240324869165
26289,3767.670769446761
26290,7619.962997240518
26291,9620.756649128749
26292,8765.925555804788
26293,6115.788028700238
26294,5278.470113339763
26295,9529.406409548039
26296,5064.980030093735
26297,10771.61212803316
26298,4869.472954816935
26299,5758.75356250627
26300,7773.425327662547
26301,8257.167426565875
26302,5076.876928144109
26303,7091.924915544471
26304,8465.524314462093
26305,9796.709953406767
26306,11702.58510432024
26307,6054.6910752727545
26308,4205.468684105526
26309,5622.795816437299
26310,7753.050236389517
26311,5448.500309359152
26312,7317.4637587552215
26313,6645.95497720978
26314,12457.188711968922
26315,9515.327183833375
26316,7064.477371938012
26317,8204.601378999427
26318,5284.625154518416
26319,10508.966130169862
26320,6689.391883145226
26321,15538.10003636066
26322,6807.380455797598
26323,5986.325747188977
26324,7053.463045631806
26325,4570.3492496644085
26326,7857.973883185521
26327,20444.753808448662
26328,4740.316954127161
26329,4849.40070197546
26330,12087.545579546284
26331,7462.922932562184
26332,8281.973766106714
26333,8725.531598961767
26334,7038.338483671546
26335,5068.200627384883
26336,5351.773925359746
26337,11053.288613703218
26338,6616.457382487245
26339,7761.685338236807
26340,8354.251946206516
26341,5173.177452521632
26342,8213.784977104564
26343,6752.985918407301
26344,4382.28795000957
26345,9955.952399154725
26346,10367.729134280427
26347,4579.698565171981
26348,8690.77078492269
26349,7271.147030370565
26350,5351.571229342677
26351,9420.59043490007
26352,6532.155383029107
26353,8878.266487777648
26354,4719.9214363345245
26355,5639.979819374909
26356,7563.700326310597
26357,4331.294909370868
26358,8033.621930425726
26359,5171.068018289846
26360,6615.1119228747975
26361,5614.722347944347
26362,6926.388980937144
26363,7065.384121699836
26364,8061.264569676692
26365,7676.449970461882
26366,8597.339864348025
26367,6757.637291272618
26368,7876.299215088094
26369,6875.855246302117
26370,10258.15704040375
26371,9393.944293121425
26372,7442.808536536995
26373,3742.8369272990385
26374,6628.727368167862
26375,8487.71952326815
26376,4926.609186630459
26377,11774.75859090229
26378,6110.797945373099
26379,8065.079629542089
26380,11451.811288264918
26381,7733.359932804791
26382,4886.363634611989
26383,13405.854160229597
26384,10952.949413352533
26385,6071.475205324009
26386,10622.320841501501
26387,11816.480070770785
26388,6039.841974440348
26389,6133.920208515908
26390,7850.656598379666
26391,6559.106648011297
26392,6189.456648344416
26393,7805.21649346184
26394,5531.19529642917
26395,7477.323477602336
26396,8128.726011818072
26397,8160.630554856182
26398,9345.91691035893
26399,6499.943159289194
26400,8042.875644424234
26401,5192.45518816692
26402,7885.811841791633
26403,7823.608246050116
26404,6879.6117725309405
26405,7372.038961427159
26406,7816.520721586522
26407,10550.848867133132
26408,6502.513377776414
26409,6376.959458097151
26410,7123.85585756192
26411,7489.773714845675
26412,8394.904557586073
26413,4847.663932513647
26414,4607.359756511911
26415,8087.535327217568
26416,6864.086216392859
26417,6525.678536406984
26418,8924.54334967262
26419,7141.751662723615
26420,7891.628913165602
26421,5680.998126106513
26422,3909.890157433581
26423,7795.82852746404
26424,7203.288421462477
26425,8477.588367311353
26426,9973.28304742418
26427,10282.460081809866
26428,5436.605819648491
26429,9092.687713084042
26430,4304.42938619702
26431,3686.145183218713
26432,8497.594187128969
26433,13207.936001915346
26434,8591.846668088048
26435,8341.615910286086
26436,5811.096435469997
26437,8161.988473305746
26438,10322.767116837173
26439,7357.676857880062
26440,8694.043539479579
26441,5783.846151559455
26442,5155.290692651456
26443,5847.342302444699
26444,5849.965042984596
26445,6572.914421990418
26446,5824.033955071419
26447,5532.480466146867
26448,4394.121698454935
26449,7898.224936937656
26450,8721.265387228974
26451,5968.80349357099
26452,7532.110886321775
26453,8114.329169054898
26454,6641.472856913718
26455,5966.444982546351
26456,9439.618469785417
26457,8362.073661747752
26458,5823.548884760425
26459,4571.230833786931
26460,14755.58018880064
26461,6766.625703603668
26462,7198.64866729186
26463,9571.991267295012
26464,8555.025004455389
26465,9003.339117736112
26466,6522.718210160278
26467,7598.1259188879885
26468,11850.301448188296
26469,15471.901800729594
26470,6447.307048674812
26471,5770.953402782046
26472,5300.388498361183
26473,7366.192007506235
26474,6586.9684669736225
26475,9747.380764299149
26476,10153.431689285162
26477,6497.429759178698
26478,4404.425308787107
26479,7050.478218625252
26480,10575.440550775631
26481,5492.313352416579
26482,8191.074746194397
26483,4472.754885656297
26484,7898.589308529215
26485,7942.928245499415
26486,8445.36800516246
26487,10528.729446403004
26488,7712.382070740822
26489,4307.32518245934
26490,6669.471125611956
26491,9124.704637882847
26492,9044.089563943762
26493,8218.97602863289
26494,8013.359769119367
26495,7159.1709032608405
26496,5005.298457102119
26497,11146.398028254413
26498,4800.58345411299
26499,11424.890732617076
26500,6909.721299797635
26501,4632.953263870676
26502,8001.414428643276
26503,7011.196195289051
26504,8179.876602419689
26505,9412.087342505583
26506,4508.646425537539
26507,5198.875098569694
26508,8916.258604554156
26509,10330.886595595011
26510,10475.497698920142
26511,5935.004096412129
26512,6295.396729178929
26513,7787.536247630575
26514,6587.414217174685
26515,6405.155113186185
26516,11130.428057417246
26517,9835.95688275762
26518,12123.56671317724
26519,4787.391878804792
26520,6901.898469826027
26521,8777.660242303375
26522,9979.734980251415
26523,6960.540685911099
26524,11808.317341957325
26525,7287.8235491440455
26526,6143.170948095083
26527,5733.925335464056
26528,5955.278442538171
26529,5948.466988838186
26530,7396.810872829763
26531,5769.863580978103
26532,5956.665275220265
26533,10578.96506371344
26534,7146.7627466015465
26535,23702.293968226822
26536,7239.875966274707
26537,5309.299313258495
26538,9961.202211981752
26539,14159.588988996036
26540,8894.662101827586
26541,10903.34021890685
26542,7033.022843855012
26543,10075.69505519081
26544,10746.349533922321
26545,7517.677330048225
26546,7822.208160031561
26547,9320.610745555035
26548,9784.535986575933
26549,10058.981378556353
26550,10567.610445757518
26551,8222.806447772673
26552,6206.358539228253
26553,8317.555981719468
26554,13878.482490858323
26555,13947.094731197847
26556,14279.62784235084
26557,12514.102543067169
26558,6353.628267663872
26559,7854.242688666624
26560,5568.644947636799
26561,11252.782565598342
26562,16344.532516180185
26563,10984.746875317493
26564,9404.386344759558
26565,8050.366446317494
26566,5329.664089393254
26567,8611.575676341397
26568,14295.294931690905
26569,9411.692378118
26570,6951.715473417594
26571,7813.155483409881
26572,9656.02398281525
26573,4696.135056937455
26574,9865.509670278425
26575,6237.135136218815
26576,8889.048964632508
26577,10038.065238414263
26578,7765.5603104787415
26579,10016.270385231986
26580,10154.23430681388
26581,6372.485997024658
26582,9503.362731906593
26583,9907.92634102127
26584,15120.227923479682
26585,7609.158810283098
26586,10948.726067527892
26587,8984.707909121324
26588,11493.009070697264
26589,9560.952397142353
26590,13757.713885044785
26591,7311.77550817455
26592,6525.639630488852
26593,8982.632580358677
26594,8216.633465949822
26595,12913.57054602655
26596,10900.368950090193
26597,8442.789960645652
26598,10374.216738610101
26599,7919.785101721719
26600,13238.325439545451
26601,5370.647794383758
26602,18377.02708178339
26603,6944.698837479579
26604,7769.812799363072
26605,11509.862706516347
26606,6041.047353603186
26607,9698.921668197692
26608,8503.012266137135
26609,11522.787457657134
26610,7496.1008303693825
26611,7753.135799583988
26612,10252.83835746014
26613,10509.192731958852
26614,10934.050239113856
26615,7111.3948286522755
26616,8997.634755166233
26617,15425.524918344337
26618,8739.995199840976
26619,6818.271346435427
26620,9317.514389569174
26621,7202.281951009107
26622,8085.5267578104995
26623,9279.356778158755
26624,5427.906054067329
26625,13048.393470152825
26626,8359.229404599913
26627,9568.087890978479
26628,11432.390117251667
26629,5236.967608507346
26630,8705.32829144832
26631,7582.301536077386
26632,11211.193779141191
26633,11773.261767009108
26634,6192.5016791060125
26635,6810.945031440689
26636,8868.303190282997
26637,7701.995836233704
26638,8531.172740541255
26639,10962.164970431226
26640,8799.75042308418
26641,9603.480368061399
26642,7838.943507787051
26643,5965.113315914308
26644,9744.006016822806
26645,10535.98321780534
26646,9880.142249430364
26647,11823.536886479325
26648,12000.141276062819
26649,8165.927648375959
26650,13110.94210787932
26651,8707.932684899453
26652,10788.855013824823
26653,13067.637822275292
26654,9167.342582213358
26655,14552.965787355484
26656,9420.105484518494
26657,11702.208599361054
26658,8144.797128163567
26659,9605.629894750213
26660,11583.29279566943
26661,9417.327047505167
26662,4707.418279230916
26663,7251.268255774052
26664,11125.649050345797
26665,8265.6163996602
26666,5889.06231406813
26667,13454.183390852742
26668,7646.530805507248
26669,7469.215197778754
26670,7025.041925595783
26671,8414.338544892598
26672,11163.074733542564
26673,9338.807841988517
26674,9719.128607825163
26675,7758.111625182652
26676,7906.779696597139
26677,9705.688043679682
26678,5314.7301008768545
26679,8995.780027154131
26680,7974.394923588234
26681,11063.463610434403
26682,9245.98217005154
26683,7220.222707212988
26684,14432.64484630827
26685,8103.075750615319
26686,6079.659616935012
26687,14447.11156413691
26688,8902.09509556582
26689,11756.364095742338
26690,9540.654428757513
26691,7026.5326993892995
26692,8526.184444703411
26693,6871.649447886863
26694,10863.844391598768
26695,17198.80266661874
26696,9428.266013931012
26697,4314.508130656046
26698,6321.5248297824655
26699,12481.274781517688
26700,12801.417370817862
26701,9385.407956210818
26702,9641.289157200828
26703,5603.635923985498
26704,6604.083460493092
26705,4395.322116204045
26706,6985.647192160042
26707,8423.3397740435
26708,9759.578119413458
26709,8446.286862114908
26710,10665.708413246375
26711,10640.321899358523
26712,12046.55858305092
26713,9807.05756735675
26714,6855.250431083074
26715,11798.745894409296
26716,17412.12440448858
26717,8905.669131821596
26718,10150.19400514197
26719,7844.143930513195
26720,9049.427995887221
26721,6726.8889640873585
26722,10493.230878235738
26723,8569.822180907193
26724,11073.806497473355
26725,9042.608828899718
26726,12449.876345997236
26727,10977.023423405508
26728,7273.843932882163
26729,12854.612566806676
26730,22878.306219882994
26731,15506.674990373189
26732,9500.156355785257
26733,4001.103823871027
26734,8448.85361924086
26735,13033.146813857567
26736,7985.334549524797
26737,12985.614139442607
26738,21387.51536596208
26739,4823.183022790468
26740,7591.066492738629
26741,11220.001482454953
26742,6926.372309418848
26743,13674.989641329044
26744,9899.960815447595
26745,11984.201894487478
26746,4741.214040612713
26747,9342.438087459024
26748,8764.89276583501
26749,9978.01625800412
26750,14793.473012757422
26751,7692.60669758979
26752,7501.014656057773
26753,8985.515652098586
26754,7563.78843046176
26755,6448.2635171829315
26756,10037.640608640373
26757,9019.674999818528
26758,8491.613431800215
26759,11339.449713272743
26760,7788.041029435781
26761,8171.579758212278
26762,9687.48048133996
26763,9932.855435098743
26764,12693.042952330465
26765,11396.761770209345
26766,8419.442894903845
26767,7035.603306122782
26768,5149.965111876412
26769,8621.375190896651
26770,8928.125519171415
26771,8895.420378367899
26772,5857.173634624704
26773,13008.960835006223
26774,10892.344000308234
26775,14615.71799874929
26776,8690.72855765051
26777,8504.956604025258
26778,7687.672514600704
26779,6000.139523456656
26780,15075.733178486696
26781,6679.7740957917085
26782,10150.094766406455
26783,19189.742867896217
26784,9643.440361022393
26785,8684.966078360014
26786,6533.416445162014
26787,6265.61027238746
26788,10417.914748384266
26789,5440.671344222237
26790,7314.722746949712
26791,13033.197764126955
26792,7355.593086993707
26793,21510.384039304998
26794,17894.496161445546
26795,6198.040568655373
26796,8911.299130275764
26797,7814.391441034642
26798,9676.225306544822
26799,7728.034524092386
26800,14704.352162440142
26801,10889.883033372535
26802,13397.024218321238
26803,6394.764902397698
26804,9781.656793543716
26805,5933.843919236181
26806,11506.17388596097
26807,9509.544684463466
26808,9009.65868354367
26809,8693.943247460738
26810,6256.267454083271
26811,12244.780585131262
26812,12666.160862303765
26813,7005.835187935358
26814,15526.694295417701
26815,8360.455617518326
26816,13318.710847385295
26817,6667.114290927674
26818,7356.4256726346775
26819,8155.025403417697
26820,15486.043417844896
26821,8495.279284742008
26822,10602.33215208267
26823,9877.176028894619
26824,13417.095351906077
26825,5529.203877674884
26826,11127.138851303233
26827,9027.354004104654
26828,5566.855126795139
26829,19202.287791818093
26830,19312.87664497913
26831,11075.999475170061
26832,10962.758780983828
26833,13418.630245299173
26834,15242.300270955566
26835,14290.00779541851
26836,8912.917340258815
26837,12055.699685495641
26838,8794.550850564761
26839,11034.837671771944
26840,5187.7746663048765
26841,9122.525196437995
26842,7786.630585329101
26843,7548.192198532944
26844,10246.813579233196
26845,6613.486519457217
26846,7887.760643101002
26847,9201.198852413068
26848,5071.319553397871
26849,6263.149041833225
26850,7807.221631566253
26851,10262.09075840369
26852,13323.34785558878
26853,11047.257818021726
26854,8835.373895489247
26855,8165.208596749309
26856,8417.733371161332
26857,15485.197161428634
26858,10395.374086582004
26859,8262.071320676938
26860,6268.509715185944
26861,12596.18537535782
26862,5418.134207364694
26863,9536.952348147792
26864,4593.440513988049
26865,7757.3008426618635
26866,11291.295724419957
26867,8791.062100219178
26868,7816.520216885609
26869,12760.86176173353
26870,12710.147930890247
26871,14931.393909646562
26872,7726.781691447059
26873,12198.850341561989
26874,4316.843015009332
26875,6694.615837534324
26876,8688.08825944732
26877,6045.316205590394
26878,9898.69069469217
26879,7634.034083274199
26880,6692.607962582872
26881,12736.180387804536
26882,14510.373290869053
26883,11428.351291908006
26884,6959.777127726853
26885,7844.20502675699
26886,14681.466631586556
26887,9088.547404959718
26888,8513.291386288434
26889,7560.556143229621
26890,9317.558012991905
26891,13576.011008427278
26892,5615.927001381985
26893,8737.768333683394
26894,11165.260916514733
26895,12016.20905944535
26896,16692.847741724057
26897,7955.880558597762
26898,17221.06471892658
26899,9114.022525782188
26900,6523.5628401227505
26901,4851.996270763577
26902,8938.265270081667
26903,8787.915720508974
26904,8192.592202078265
26905,9309.701763047802
26906,6566.541115089736
26907,6839.4042140111
26908,9710.310118232273
26909,5048.365171410231
26910,9422.279019866983
26911,9840.29398164926
26912,10392.824897459288
26913,12936.46660937675
26914,7825.549344511262
26915,11154.839291222814
26916,7533.55173080234
26917,7007.333441841977
26918,6656.281995514772
26919,7346.016270648873
26920,13434.434502192626
26921,8289.354747303465
26922,6282.593729230229
26923,11042.809359532905
26924,12872.59333214989
26925,10782.201486217664
26926,8972.645739329108
26927,12074.896133894003
26928,6414.434341544237
26929,6328.07371091224
26930,8844.265444673183
26931,11279.00234003422
26932,9460.40743470037
26933,9469.823180682803
26934,8507.85162075207
26935,7939.567816783332
26936,5613.794302276447
26937,6809.10360413779
26938,10433.530542068765
26939,12219.868591270133
26940,14096.478228266562
26941,16250.782019491604
26942,11231.57008352935
26943,9121.870749074045
26944,6384.328545824592
26945,13693.272709544013
26946,14739.597371714872
26947,11274.649001458654
26948,12114.007752019364
26949,11845.318409633717
26950,6974.3201923282095
26951,5238.182866793348
26952,13254.158281139587
26953,9587.052860558671
26954,10006.627317468174
26955,8419.96042692691
26956,4514.40777847251
26957,16934.298215755935
26958,8493.653654459084
26959,9768.977720877947
26960,5677.172290161227
26961,7205.456187800127
26962,8162.062981949467
26963,13518.955827529291
26964,8001.710856952529
26965,6741.903374590828
26966,7247.815411032261
26967,6263.790301215896
26968,4029.6370187190437
26969,9615.11674620936
26970,19707.03397850179
26971,6118.096207282769
26972,7930.713790288072
26973,10016.950406151862
26974,7046.924366844449
26975,7716.204309362035
26976,6291.949322852633
26977,6075.245493088045
26978,10113.938814915142
26979,10202.500503542235
26980,5405.524983457539
26981,12506.457998016147
26982,9673.830874899035
26983,6694.801771121019
26984,13858.151278421443
26985,11698.119747430988
26986,12375.935250814593
26987,8184.857824214814
26988,9400.804475203811
26989,6227.319535666387
26990,7304.008421550064
26991,19448.60524444711
26992,14388.15761018962
26993,8421.494473156012
26994,8369.29680435677
26995,6114.8561782990955
26996,7096.949476302338
26997,6007.30962224474
26998,12992.780098964844
26999,6511.78481185309
27000,7226.9530348540075
27001,9864.576067627886
27002,6109.8251977054915
27003,8601.694008987737
27004,9246.894251567188
27005,10801.264308517455
27006,9721.903795495682
27007,6857.95192194773
27008,7029.354621183329
27009,9251.134081761873
27010,12782.070929617865
27011,11477.836585710505
27012,9472.918505533384
27013,6286.280130639566
27014,9631.152836107995
27015,7919.907429792161
27016,6049.5615638284335
27017,9343.074366192286
27018,10539.452960510554
27019,9667.88524898381
27020,8972.633719473337
27021,8262.113333005223
27022,9873.533003530065
27023,7821.659335888497
27024,8733.737165462317
27025,8450.922794111073
27026,10637.510713093257
27027,12414.246594297701
27028,7880.866156890678
27029,6821.541930648575
27030,16697.077216306378
27031,9529.168359917967
27032,4302.088221365045
27033,9753.105407012288
27034,11450.889772893252
27035,13612.337313087715
27036,6271.876869726366
27037,8750.90047012601
27038,7968.7776258099075
27039,10381.7654166779
27040,8383.546343659078
27041,13600.875164020033
27042,3967.25122164991
27043,9192.850322654573
27044,8943.130276096901
27045,7348.505982788056
27046,7534.00007532474
27047,8565.037209159793
27048,12666.014584125447
27049,6601.171316685488
27050,11085.42845378684
27051,10820.587658416613
27052,13017.335730853938
27053,6211.032387974587
27054,8939.6833021454
27055,8003.535156176532
27056,10485.350880053222
27057,11973.280944544065
27058,5309.878252352339
27059,8827.80337745163
27060,11251.080495121963
27061,10494.601039204452
27062,6047.349904803299
27063,5079.746594899009
27064,12008.499767053687
27065,9830.181858408938
27066,12148.091192566746
27067,10085.807117768914
27068,7835.4395062457115
27069,11774.631276967884
27070,10656.981191801202
27071,11731.260011824248
27072,9539.187753566152
27073,9224.358832057207
27074,11233.659972705898
27075,14954.4598357813
27076,9421.305221616076
27077,6428.118548315598
27078,8491.691307857216
27079,6064.960200339284
27080,4687.8364614294205
27081,12591.803858549292
27082,7495.871744094057
27083,12595.183035591415
27084,6637.732970683944
27085,8886.60023999874
27086,8439.545352625371
27087,13170.122616892493
27088,6489.485091096864
27089,7345.831309448467
27090,8922.371176501285
27091,9910.744111499102
27092,7326.646412387159
27093,9626.389091010893
27094,9009.24988123994
27095,11214.174696924027
27096,10148.43789026087
27097,9261.46807000006
27098,7429.824857307159
27099,6346.199412286846
27100,6298.640457301666
27101,16593.09860570129
27102,13254.216075362956
27103,11320.660911713376
27104,16828.296811610504
27105,8655.331510119828
27106,6948.794270408312
27107,9296.260653858351
27108,11445.710543100717
27109,14956.793956541733
27110,9730.031706320266
27111,10578.05330089196
27112,12115.410920783906
27113,9001.20310170704
27114,9884.915738656076
27115,8337.415430793917
27116,7387.704755783495
27117,7104.3868757697965
27118,5767.935346437173
27119,9065.064427713824
27120,12532.154185181489
27121,20448.887753871528
27122,8938.252418462795
27123,6210.370553067954
27124,11197.954118250922
27125,5896.488386770423
27126,8701.740918938027
27127,5050.048478664125
27128,12148.236852404345
27129,8988.726346870268
27130,9282.723717841047
27131,19017.722328123673
27132,13246.48915324499
27133,8564.255163687025
27134,9389.100872678127
27135,4721.112480720414
27136,6245.625264046278
27137,7058.06424855916
27138,11059.287530863534
27139,7063.95845773111
27140,5921.345469280322
27141,7925.71574765574
27142,7101.381761005565
27143,10368.200179988684
27144,10727.215354281618
27145,3996.49475594752
27146,9720.52270575358
27147,12194.337184955746
27148,11445.506767433859
27149,8822.278838940867
27150,6725.052873400457
27151,11697.717820319327
27152,6220.984768524521
27153,13138.33051516736
27154,6534.203897208057
27155,8043.320550656594
27156,9680.663539257703
27157,10358.418061859915
27158,5983.069509966944
27159,9449.226412398277
27160,10782.442130525784
27161,11857.835503564747
27162,14985.692692804458
27163,7659.552312318804
27164,4934.019004977572
27165,6631.6294272783625
27166,9269.783513945173
27167,6317.833729340678
27168,9694.586023343893
27169,7835.765601122814
27170,14364.672675286927
27171,12346.902521137792
27172,8371.376554483135
27173,9726.891895762486
27174,6144.935973571951
27175,13180.098130551736
27176,7764.215408442908
27177,17242.742918701406
27178,8810.458193238259
27179,7432.015432202347
27180,9239.473060767283
27181,5012.914838327342
27182,9370.225641876048
27183,23840.93462166474
27184,6469.340015770719
27185,5814.797405038768
27186,14598.276111991996
27187,8966.168341172543
27188,9636.288919777877
27189,10775.694482859524
27190,9349.411180394238
27191,6475.63581887821
27192,6347.491318430058
27193,12875.960761968261
27194,8149.698063529547
27195,9265.062223793839
27196,10176.429210391832
27197,6118.3540635696845
27198,10203.704271113
27199,7810.267881227713
27200,4782.906306021224
27201,11652.489257424517
27202,11799.992629842567
27203,5276.13512156573
27204,10571.84296806263
27205,9595.34868790486
27206,6786.044521446045
27207,12272.599437639576
27208,8208.435206322882
27209,11268.522926546102
27210,6180.674764342688
27211,7223.930077397623
27212,8626.610251950518
27213,5429.0678021217445
27214,9614.029645843642
27215,6831.8105885584755
27216,7984.91645635314
27217,6755.7558598546475
27218,9272.642854388601
27219,7843.749102065357
27220,9559.502180531095
27221,9962.652094254147
27222,10753.928885404552
27223,9028.863081411042
27224,10004.739661209676
27225,7569.031459332206
27226,12950.089109580878
27227,11638.03531589515
27228,8696.248604335251
27229,4822.494846718834
27230,7681.6972779339085
27231,10527.29310898503
27232,5945.332498477044
27233,14989.00242292534
27234,7727.233540966388
27235,10320.945695245093
27236,13876.396893927227
27237,7934.672466732797
27238,6560.432457135677
27239,15806.167202537279
27240,13574.307715290934
27241,6932.435579436057
27242,11696.371754273483
27243,13268.786599468995
27244,7595.676765852101
27245,7162.614743659618
27246,9706.857014035202
27247,7784.442032251561
27248,6797.1916516951815
27249,9818.893201228466
27250,6920.018920826901
27251,7913.910395702595
27252,10522.477087313067
27253,10291.444266904646
27254,13024.431523681023
27255,7687.26901826595
27256,9834.286668278693
27257,5813.3601029413785
27258,9117.91700035383
27259,9805.855366749016
27260,8317.70400548362
27261,8697.445373964354
27262,9728.941436310757
27263,12776.512061432391
27264,8738.602728316348
27265,7402.482611757394
27266,8965.114850231299
27267,9306.109919908948
27268,10244.59360851269
27269,5580.465347582334
27270,5554.045226452774
27271,8940.501725358366
27272,7407.42925928871
27273,8150.2079586937825
27274,10925.344627988252
27275,8267.211745376631
27276,10302.042958731656
27277,7387.367405779975
27278,4527.2073450306325
27279,9904.92611310101
27280,8746.666119405292
27281,10518.77657835384
27282,11981.790636106804
27283,12399.82081706315
27284,6328.005466631314
27285,11429.050001932901
27286,4484.715552482347
27287,4145.606704323952
27288,10507.689559939763
27289,14754.809678112957
27290,10486.362231619927
27291,10797.315777899932
27292,7809.998757380427
27293,10454.598598760262
27294,13268.887232081008
27295,9096.105956533245
27296,10424.6403489662
27297,6877.508070430256
27298,6053.400166756771
27299,6928.551414242107
27300,7332.395997380293
27301,7907.620786461355
27302,8224.543852384884
27303,7799.85082555507
27304,5212.853336226547
27305,8938.538867225921
27306,10623.24333662533
27307,7902.80465392424
27308,8656.980255768867
27309,10023.98341262034
27310,7888.095774990902
27311,6774.287670309232
27312,12458.513788196542
27313,10317.387398584142
27314,7574.852429795857
27315,6010.968891216234
27316,17230.64701642141
27317,8650.799185342246
27318,9618.974325130235
27319,13319.010620914674
27320,10514.106870101628
27321,12056.788257903783
27322,7995.7896002661855
27323,8919.778930434508
27324,14137.211114788006
27325,18821.776854273226
27326,8395.533582659376
27327,7732.295352885351
27328,6505.1180399909335
27329,9106.52155003406
27330,8534.200765657277
27331,11466.501060305336
27332,13526.28647838292
27333,7378.514010379793
27334,5531.4371270013635
27335,8457.880621347738
27336,12799.951622975159
27337,6983.423493244001
27338,10417.345572651135
27339,4831.44078522087
27340,10139.249549429158
27341,9186.718304463146
27342,10910.30253549191
27343,12659.832027981685
27344,9614.209758973877
27345,5576.411468555442
27346,8317.549656101959
27347,10697.509765675193
27348,10946.527128565822
27349,10444.670711523275
27350,10252.486668014317
27351,8859.957925509982
27352,6633.855491051169
27353,13093.316543612142
27354,5490.827519204137
27355,13053.099686012692
27356,8433.69260719914
27357,6009.825926351042
27358,10067.94748408447
27359,8108.703576724025
27360,10110.5180896842
27361,10859.884430958464
27362,5574.254900916232
27363,6867.594065927075
27364,10997.454864713507
27365,12294.85507958528
27366,12677.471324622551
27367,6866.391347624525
27368,7356.226827176925
27369,10250.346178279107
27370,8253.566149823275
27371,7721.462762477397
27372,13834.766787675802
27373,12945.91509778418
27374,13928.00771420931
27375,5699.624206549895
27376,8854.025438821565
27377,9261.46481451228
27378,12838.420275540753
27379,8392.79065388284
27380,15673.566258319883
27381,8644.558715777883
27382,7574.202705671838
27383,7131.737786910845
27384,8160.719514079191
27385,7100.026854422876
27386,9540.66061429171
27387,7195.763464761577
27388,7778.151316861587
27389,15063.151405226445
27390,8360.910001498472
27391,25568.087266405237
27392,9567.286819685374
27393,0.0
27394,0.0
27395,0.0
27396,0.0
27397,0.0
27398,0.0
27399,0.0
27400,0.0
27401,0.0
27402,0.0
27403,0.0
27404,0.0
27405,0.0
27406,0.0
27407,0.0
27408,0.0
27409,0.0
27410,0.0
27411,0.0
27412,0.0
27413,0.0
27414,0.0
27415,0.0
27416,0.0
27417,0.0
27418,0.0
27419,0.0
27420,0.0
27421,0.0
27422,0.0
27423,0.0
27424,0.0
27425,0.0
27426,0.0
27427,0.0
27428,0.0
27429,0.0
27430,0.0
27431,0.0
27432,0.0
27433,0.0
27434,0.0
27435,0.0
27436,0.0
27437,0.0
27438,0.0
27439,0.0
27440,0.0
27441,0.0
27442,0.0
27443,0.0
27444,0.0
27445,0.0
27446,0.0
27447,0.0
27448,0.0
27449,0.0
27450,0.0
27451,0.0
27452,0.0
27453,0.0
27454,0.0
27455,0.0
27456,0.0
27457,0.0
27458,0.0
27459,0.0
27460,0.0
27461,0.0
27462,0.0
27463,0.0
27464,0.0
27465,0.0
27466,0.0
27467,0.0
27468,0.0
27469,0.0
27470,0.0
27471,0.0
27472,0.0
27473,0.0
27474,0.0
27475,0.0
27476,0.0
27477,0.0
27478,0.0
27479,0.0
27480,0.0
27481,0.0
27482,0.0
27483,0.0
27484,4146.513792769048
27485,0.0
27486,0.0
27487,0.0
27488,0.0
27489,0.0
27490,0.0
27491,0.0
27492,0.0
27493,0.0
27494,0.0
27495,0.0
27496,0.0
27497,0.0
27498,0.0
27499,0.0
27500,0.0
27501,0.0
27502,0.0
27503,0.0
27504,0.0
27505,0.0
27506,0.0
27507,0.0
27508,0.0
27509,0.0
27510,0.0
27511,0.0
27512,0.0
27513,0.0
27514,0.0
27515,0.0
27516,0.0
27517,0.0
27518,0.0
27519,0.0
27520,0.0
27521,0.0
27522,0.0
27523,0.0
27524,0.0
27525,0.0
27526,0.0
27527,0.0
27528,0.0
27529,0.0
27530,0.0
27531,0.0
27532,0.0
27533,0.0
27534,0.0
27535,0.0
27536,0.0
27537,0.0
27538,0.0
27539,0.0
27540,0.0
27541,0.0
27542,0.0
27543,0.0
27544,0.0
27545,0.0
27546,0.0
27547,0.0
27548,0.0
27549,0.0
27550,0.0
27551,0.0
27552,2776.8629980360274
27553,0.0
27554,0.0
27555,0.0
27556,0.0
27557,0.0
27558,0.0
27559,0.0
27560,0.0
27561,0.0
27562,0.0
27563,0.0
27564,0.0
27565,0.0
27566,0.0
27567,0.0
27568,0.0
27569,0.0
27570,0.0
27571,0.0
27572,0.0
27573,0.0
27574,0.0
27575,0.0
27576,0.0
27577,0.0
27578,0.0
27579,0.0
27580,0.0
27581,0.0
27582,0.0
27583,0.0
27584,0.0
27585,0.0
27586,0.0
27587,0.0
27588,0.0
27589,0.0
27590,0.0
27591,0.0
27592,0.0
27593,16492.288882788274
27594,29283.749483536045
27595,0.0
27596,0.0
27597,0.0
27598,0.0
27599,0.0
27600,0.0
27601,0.0
27602,7527.360370803426
27603,0.0
27604,0.0
27605,0.0
27606,0.0
27607,0.0
27608,0.0
27609,0.0
27610,0.0
27611,0.0
27612,0.0
27613,0.0
27614,0.0
27615,0.0
27616,0.0
27617,0.0
27618,0.0
27619,0.0
27620,0.0
27621,5288.260449730083
27622,0.0
27623,0.0
27624,0.0
27625,0.0
27626,0.0
27627,0.0
27628,0.0
27629,0.0
27630,0.0
27631,2939.6480799677192
27632,0.0
27633,0.0
27634,0.0
27635,0.0
27636,0.0
27637,0.0
27638,0.0
27639,0.0
27640,0.0
27641,0.0
27642,0.0
27643,0.0
27644,0.0
27645,0.0
27646,0.0
27647,0.0
27648,0.0
27649,7913.387195387036
27650,0.0
27651,0.0
27652,0.0
27653,0.0
27654,0.0
27655,0.0
27656,0.0
27657,0.0
27658,0.0
27659,0.0
27660,0.0
27661,0.0
27662,0.0
27663,0.0
27664,0.0
27665,0.0
27666,8295.91147394952
27667,0.0
27668,0.0
27669,0.0
27670,0.0
27671,0.0
27672,0.0
27673,0.0
27674,0.0
27675,0.0
27676,0.0
27677,0.0
27678,0.0
27679,0.0
27680,0.0
27681,0.0
27682,0.0
27683,0.0
27684,0.0
27685,0.0
27686,0.0
27687,0.0
27688,0.0
27689,0.0
27690,0.0
27691,0.0
27692,0.0
27693,0.0
27694,0.0
27695,0.0
27696,0.0
27697,0.0
27698,0.0
27699,0.0
27700,0.0
27701,0.0
27702,0.0
27703,0.0
27704,0.0
27705,0.0
27706,0.0
27707,0.0
27708,0.0
27709,0.0
27710,0.0
27711,0.0
27712,0.0
27713,0.0
27714,0.0
27715,0.0
27716,0.0
27717,0.0
27718,0.0
27719,0.0
27720,0.0
27721,0.0
27722,0.0
27723,0.0
27724,0.0
27725,0.0
27726,0.0
27727,0.0
27728,1602.494808203345
27729,0.0
27730,0.0
27731,0.0
27732,0.0
27733,0.0
27734,0.0
27735,0.0
27736,0.0
27737,0.0
27738,0.0
27739,0.0
27740,0.0
27741,0.0
27742,5841.377433158653
27743,0.0
27744,0.0
27745,0.0
27746,0.0
27747,0.0
27748,0.0
27749,0.0
27750,0.0
27751,0.0
27752,0.0
27753,0.0
27754,0.0
27755,0.0
27756,0.0
27757,0.0
27758,0.0
27759,0.0
27760,0.0
27761,0.0
27762,0.0
27763,0.0
27764,0.0
27765,0.0
27766,0.0
27767,0.0
27768,0.0
27769,0.0
27770,0.0
27771,0.0
27772,0.0
27773,0.0
27774,0.0
27775,0.0
27776,0.0
27777,0.0
27778,0.0
27779,0.0
27780,0.0
27781,0.0
27782,0.0
27783,0.0
27784,0.0
27785,7119.28024238383
27786,0.0
27787,0.0
27788,0.0
27789,0.0
27790,0.0
27791,0.0
27792,0.0
27793,0.0
27794,0.0
27795,2081.582356231283
27796,0.0
27797,0.0
27798,0.0
27799,6322.216403996702
27800,0.0
27801,0.0
27802,0.0
27803,0.0
27804,0.0
27805,0.0
27806,0.0
27807,0.0
27808,0.0
27809,0.0
27810,0.0
27811,0.0
27812,0.0
27813,0.0
27814,0.0
27815,0.0
27816,0.0
27817,0.0
27818,0.0
27819,0.0
27820,0.0
27821,0.0
27822,0.0
27823,0.0
27824,0.0
27825,0.0
27826,18189.352152002448
27827,0.0
27828,0.0
27829,0.0
27830,0.0
27831,0.0
27832,0.0
27833,0.0
27834,0.0
27835,0.0
27836,0.0
27837,0.0
27838,0.0
27839,0.0
27840,6082.688978694287
27841,0.0
27842,0.0
27843,0.0
27844,0.0
27845,0.0
27846,0.0
27847,0.0
27848,0.0
27849,0.0
27850,0.0
27851,0.0
27852,0.0
27853,0.0
27854,0.0
27855,0.0
27856,0.0
27857,0.0
27858,0.0
27859,0.0
27860,0.0
27861,0.0
27862,0.0
27863,0.0
27864,0.0
27865,0.0
27866,0.0
27867,0.0
27868,0.0
27869,0.0
27870,0.0
27871,0.0
27872,0.0
27873,0.0
27874,0.0
27875,0.0
27876,0.0
27877,0.0
27878,0.0
27879,0.0
27880,0.0
27881,0.0
27882,0.0
27883,0.0
27884,0.0
27885,0.0
27886,0.0
27887,0.0
27888,0.0
27889,0.0
27890,0.0
27891,0.0
27892,0.0
27893,0.0
27894,0.0
27895,0.0
27896,0.0
27897,0.0
27898,0.0
27899,0.0
27900,0.0
27901,0.0
27902,0.0
27903,0.0
27904,0.0
27905,0.0
27906,0.0
27907,0.0
27908,0.0
27909,0.0
27910,0.0
27911,0.0
27912,0.0
27913,0.0
27914,0.0
27915,12853.94048604551
27916,0.0
27917,0.0
27918,0.0
27919,0.0
27920,0.0
27921,0.0
27922,0.0
27923,0.0
27924,0.0
27925,0.0
27926,0.0
27927,0.0
27928,0.0
27929,0.0
27930,0.0
27931,0.0
27932,0.0
27933,0.0
27934,0.0
27935,0.0
27936,0.0
27937,0.0
27938,0.0
27939,0.0
27940,0.0
27941,0.0
27942,0.0
27943,0.0
27944,0.0
27945,0.0
27946,0.0
27947,0.0
27948,0.0
27949,0.0
27950,0.0
27951,0.0
27952,0.0
27953,0.0
27954,0.0
27955,0.0
27956,0.0
27957,0.0
27958,0.0
27959,4780.468770831802
27960,15284.568592367015
27961,0.0
27962,0.0
27963,0.0
27964,0.0
27965,0.0
27966,0.0
27967,0.0
27968,0.0
27969,0.0
27970,0.0
27971,0.0
27972,0.0
27973,0.0
27974,0.0
27975,0.0
27976,0.0
27977,0.0
27978,0.0
27979,0.0
27980,0.0
27981,0.0
27982,0.0
27983,0.0
27984,0.0
27985,0.0
27986,0.0
27987,0.0
27988,11379.17220263578
27989,0.0
27990,0.0
27991,0.0
27992,0.0
27993,0.0
27994,0.0
27995,0.0
27996,0.0
27997,0.0
27998,0.0
27999,0.0
28000,0.0
28001,0.0
28002,0.0
28003,0.0
28004,0.0
28005,0.0
28006,0.0
28007,0.0
28008,0.0
28009,0.0
28010,0.0
28011,0.0
28012,0.0
28013,0.0
28014,0.0
28015,0.0
28016,0.0
28017,0.0
28018,0.0
28019,0.0
28020,0.0
28021,0.0
28022,0.0
28023,0.0
28024,0.0
28025,0.0
28026,0.0
28027,0.0
28028,0.0
28029,0.0
28030,0.0
28031,0.0
28032,0.0
28033,0.0
28034,0.0
28035,0.0
28036,0.0
28037,0.0
28038,0.0
28039,0.0
28040,0.0
28041,0.0
28042,0.0
28043,0.0
28044,0.0
28045,0.0
28046,0.0
28047,0.0
28048,0.0
28049,0.0
28050,0.0
28051,0.0
28052,0.0
28053,0.0
28054,0.0
28055,0.0
28056,0.0
28057,0.0
28058,2622.786147087224
28059,0.0
28060,0.0
28061,0.0
28062,2443.2849133369523
28063,0.0
28064,0.0
28065,0.0
28066,0.0
28067,0.0
28068,0.0
28069,0.0
28070,0.0
28071,0.0
28072,0.0
28073,0.0
28074,0.0
28075,0.0
28076,0.0
28077,0.0
28078,0.0
28079,0.0
28080,0.0
28081,0.0
28082,0.0
28083,0.0
28084,0.0
28085,0.0
28086,0.0
28087,0.0
28088,0.0
28089,0.0
28090,0.0
28091,0.0
28092,0.0
28093,0.0
28094,0.0
28095,0.0
28096,0.0
28097,0.0
28098,0.0
28099,0.0
28100,0.0
28101,0.0
28102,0.0
28103,0.0
28104,0.0
28105,0.0
28106,0.0
28107,0.0
28108,0.0
28109,0.0
28110,0.0
28111,0.0
28112,0.0
28113,2866.483751576125
28114,0.0
28115,0.0
28116,0.0
28117,0.0
28118,0.0
28119,0.0
28120,0.0
28121,0.0
28122,0.0
28123,0.0
28124,0.0
28125,0.0
28126,0.0
28127,0.0
28128,10912.876014589228
28129,0.0
28130,0.0
28131,0.0
28132,0.0
28133,0.0
28134,0.0
28135,0.0
28136,0.0
28137,0.0
28138,0.0
28139,0.0
28140,0.0
28141,0.0
28142,0.0
28143,0.0
28144,0.0
28145,0.0
28146,0.0
28147,0.0
28148,0.0
28149,0.0
28150,0.0
28151,0.0
28152,0.0
28153,0.0
28154,0.0
28155,0.0
28156,0.0
28157,0.0
28158,0.0
28159,0.0
28160,0.0
28161,0.0
28162,0.0
28163,0.0
28164,0.0
28165,0.0
28166,0.0
28167,0.0
28168,0.0
28169,0.0
28170,0.0
28171,0.0
28172,0.0
28173,0.0
28174,0.0
28175,0.0
28176,0.0
28177,0.0
28178,0.0
28179,0.0
28180,0.0
28181,0.0
28182,0.0
28183,0.0
28184,0.0
28185,0.0
28186,0.0
28187,0.0
28188,0.0
28189,0.0
28190,0.0
28191,0.0
28192,4581.83599958665
28193,0.0
28194,0.0
28195,0.0
28196,0.0
28197,0.0
28198,0.0
28199,0.0
28200,0.0
28201,0.0
28202,0.0
28203,0.0
28204,0.0
28205,0.0
28206,0.0
28207,0.0
28208,0.0
28209,0.0
28210,0.0
28211,0.0
28212,0.0
28213,0.0
28214,0.0
28215,0.0
28216,0.0
28217,0.0
28218,0.0
28219,0.0
28220,0.0
28221,0.0
28222,0.0
28223,0.0
28224,0.0
28225,0.0
28226,0.0
28227,0.0
28228,0.0
28229,0.0
28230,0.0
28231,0.0
28232,0.0
28233,11752.906145761172
28234,5444.659417451555
28235,0.0
28236,0.0
28237,0.0
28238,0.0
28239,0.0
28240,0.0
28241,0.0
28242,0.0
28243,0.0
28244,0.0
28245,0.0
28246,0.0
28247,0.0
28248,0.0
28249,4153.903976950842
28250,3728.7949421182
28251,6851.531421245458
28252,3071.031558015388
28253,6190.154346689892
28254,4586.9377537102755
28255,5553.548250662108
28256,6044.371247383299
28257,0.0
28258,3215.8013462403414
28259,5674.166440729989
28260,4933.589493200682
28261,4089.046392718844
28262,0.0
28263,4780.76477085309
28264,0.0
28265,4377.761494587127
28266,6953.281664901397
28267,7776.619703877159
28268,6721.0859941554845
28269,7105.106718088589
28270,3516.8299020209874
28271,5372.337892568577
28272,0.0
28273,7564.650302585658
28274,7752.155279547007
28275,0.0
28276,5760.931191679442
28277,2845.22717308471
28278,4908.067136664164
28279,0.0
28280,7549.3384706579145
28281,3992.6484334222005
28282,5305.695510952783
28283,0.0
28284,5528.169914437871
28285,2396.652930381983
28286,7037.159325041009
28287,4124.421982324216
28288,0.0
28289,0.0
28290,3470.4001191733732
28291,7773.444112100434
28292,6664.03468472945
28293,4561.638117493067
28294,3609.164276145763
28295,7382.19245525922
28296,9835.79299798153
28297,5703.5521684924
28298,4909.006617257247
28299,8349.328577362481
28300,7238.4093819424825
28301,5276.228858507527
28302,6129.40759762476
28303,2163.740756469108
28304,2473.6830138708965
28305,4488.713870903317
28306,6068.857364879679
28307,6220.979167373716
28308,7080.4826236409235
28309,4000.5443537580218
28310,7688.626151426155
28311,0.0
28312,4742.282168765069
28313,2766.438997768867
28314,10301.601479710047
28315,3556.2051093144796
28316,0.0
28317,6949.222771815319
28318,3649.1313178681844
28319,5571.530933260797
28320,2696.9691832622016
28321,5477.143603501775
28322,4950.11380101276
28323,0.0
28324,0.0
28325,7026.411712279894
28326,5340.795054643832
28327,3095.7901614178
28328,6929.920043010174
28329,0.0
28330,5157.302794652684
28331,3204.6835542959475
28332,6136.179604658963
28333,5612.725283035393
28334,0.0
28335,0.0
28336,2064.5341492849893
28337,7691.202774275114
28338,4561.785914864172
28339,4913.795434230651
28340,7658.327931102871
28341,2374.003698631396
28342,4312.576626034202
28343,5258.778049306719
28344,7371.548094504488
28345,0.0
28346,3979.6938632726738
28347,4224.3861144669845
28348,0.0
28349,5886.495593551639
28350,0.0
28351,0.0
28352,0.0
28353,5991.961217511699
28354,4240.547149230872
28355,2891.8882700287018
28356,5234.222979963336
28357,0.0
28358,0.0
28359,6641.880076054435
28360,7408.345273960948
28361,0.0
28362,8003.341421200628
28363,2947.677466917557
28364,3579.467135846874
28365,7455.543457214899
28366,6499.14739127493
28367,7044.391290217988
28368,9057.566734625285
28369,5533.685218592884
28370,4928.655060285595
28371,6371.1696754190025
28372,7024.885329119917
28373,3825.2286428757175
28374,0.0
28375,5171.192869938716
28376,4392.240561007555
28377,5513.0585121067425
28378,3173.738903090699
28379,5268.450697459591
28380,0.0
28381,0.0
28382,5833.036950950879
28383,2645.0443465486146
28384,6088.4033445613295
28385,6735.035743988438
28386,2786.8252943109314
28387,5189.042693671766
28388,0.0
28389,5197.203209257924
28390,0.0
28391,4204.527083134784
28392,4889.39985276272
28393,6623.204240605409
28394,0.0
28395,0.0
28396,0.0
28397,4123.8692551549275
28398,4554.077649057241
28399,9376.90307119068
28400,5118.025657697025
28401,7442.589704733746
28402,6193.206562710469
28403,5206.341533984336
28404,6090.631776066445
28405,0.0
28406,4533.209425458207
28407,7731.501041735424
28408,5503.1005043835985
28409,2736.881518238921
28410,3347.4794733588183
28411,7298.604472243916
28412,8841.01327294202
28413,0.0
28414,5956.789541892593
28415,4173.779505625176
28416,0.0
28417,1649.1836323869597
28418,3424.9660813579603
28419,5350.546775477298
28420,6564.448570599987
28421,4621.819439252877
28422,4258.740152018291
28423,7653.425048759774
28424,7467.788891561354
28425,7007.850968637057
28426,0.0
28427,7421.380412917514
28428,8353.0547027074
28429,3502.7277173210387
28430,5244.784127377097
28431,4966.224357854596
28432,6172.539114513063
28433,2916.182688607029
28434,5172.636839580719
28435,4583.513189486639
28436,8120.8297357148085
28437,5483.454585538524
28438,7018.347625463213
28439,6845.636999090478
28440,4531.805147548103
28441,7380.2358596293125
28442,16431.911312645636
28443,8301.689384390145
28444,3588.4079432129593
28445,3201.6962245332497
28446,6071.475776706969
28447,7393.436577391812
28448,0.0
28449,8873.321505806662
28450,16817.031109989995
28451,0.0
28452,2471.0590738766086
28453,9666.723721612581
28454,3177.0612631907775
28455,5798.250193717989
28456,3209.939011645128
28457,5710.537024195563
28458,3786.8243617932158
28459,0.0
28460,0.0
28461,4909.946176439804
28462,9031.207584012885
28463,5495.767795387942
28464,5806.351059654357
28465,0.0
28466,0.0
28467,6157.452892007065
28468,0.0
28469,0.0
28470,5454.382184467401
28471,3897.374487396792
28472,3201.8194117850503
28473,5522.517163945881
28474,4338.466949591376
28475,4543.224795108141
28476,0.0
28477,8988.653868114143
28478,6831.6989208246405
28479,4157.287599067742
28480,3947.8822472401494
28481,4491.29298774359
28482,4832.220641522734
28483,6119.006837598488
28484,0.0
28485,7012.248463585386
28486,5360.315127574695
28487,8089.495885659722
28488,5026.299960911796
28489,4137.061000589168
28490,3158.7897685167477
28491,2662.0612359401307
28492,7995.056514090944
28493,0.0
28494,5637.8222490657745
28495,11523.345167592272
28496,7375.057764449697
28497,4238.238168679775
28498,5453.77843559993
28499,2385.1508262496864
28500,3887.9719460715623
28501,3997.8784095569454
28502,3522.1602421019193
28503,8331.966355018052
28504,4369.2003001107705
28505,8422.006086381574
28506,10115.38539452021
28507,5366.562448066508
28508,5136.475369652877
28509,4838.435955151683
28510,5022.206102119284
28511,4540.176943266688
28512,0.0
28513,5712.726112366387
28514,6754.775088456171
28515,0.0
28516,5188.721679636711
28517,5031.085685516772
28518,0.0
28519,6411.196828003286
28520,5219.390237652569
28521,6413.313292053935
28522,4601.190133664783
28523,7872.329130449795
28524,6573.596182381713
28525,6157.98626404653
28526,8464.727341799691
28527,6749.855240653981
28528,8041.892312730308
28529,3474.4324880491795
28530,0.0
28531,4732.702676691605
28532,8181.437357786972
28533,6958.847850659906
28534,6731.379428506058
28535,5782.957575706776
28536,7511.944695959581
28537,4536.853064665304
28538,6798.459666970542
28539,6283.213616533377
28540,2990.608950807895
28541,12127.238729369252
28542,15380.61214411108
28543,0.0
28544,6121.635393520208
28545,6591.419850836842
28546,7682.244004490128
28547,7834.150806390821
28548,2854.783763214696
28549,4099.925816977089
28550,5305.933895227529
28551,7804.988222946634
28552,2376.053392684956
28553,4384.493156823497
28554,5089.7995258793435
28555,0.0
28556,4493.406367165042
28557,2682.772395808671
28558,2778.5674067063387
28559,6924.482377866531
28560,0.0
28561,4493.000497633362
28562,5491.276310679441
28563,4901.826415075202
28564,8546.206302768685
28565,0.0
28566,0.0
28567,6846.88462015324
28568,6161.36032229905
28569,9815.533541685325
28570,4682.111613245059
28571,2636.7986088493467
28572,0.0
28573,11657.919819164115
28574,4012.572402561654
28575,6671.864534364136
28576,1924.1818235214469
28577,3542.1783081948097
28578,6635.626168724778
28579,0.0
28580,0.0
28581,0.0
28582,8111.5717890745855
28583,7672.234806073102
28584,3832.347518469153
28585,0.0
28586,1877.3700164713305
28587,3295.935141402454
28588,6414.934454218767
28589,4711.348318697895
28590,10099.67453527831
28591,2494.7964838403673
28592,4626.744892917366
28593,4992.3745835992695
28594,7593.922000064945
28595,9184.80822761546
28596,4786.844359312692
28597,3062.0075514930886
28598,9233.878972285056
28599,8783.91624926526
28600,4289.279989087739
28601,0.0
28602,8397.821974215343
28603,5532.794428756385
28604,4674.204005758006
28605,3430.2677904189895
28606,7097.1945842312625
28607,3963.9477082903977
28608,12170.760690592988
28609,7086.887213089293
28610,11619.581766066975
28611,0.0
28612,4365.822139356145
28613,1983.2540602586425
28614,6167.878251438363
28615,0.0
28616,5110.903763156874
28617,8950.206731812978
28618,0.0
28619,2533.0805426212582
28620,6818.64561076011
28621,3326.8010013757444
28622,0.0
28623,6619.830780894729
28624,6922.95075601651
28625,7694.755270181041
28626,4480.977741480414
28627,6838.897747337837
28628,0.0
28629,4973.373600318676
28630,0.0
28631,0.0
28632,8558.06840385591
28633,5557.893814967096
28634,3304.169914931894
28635,4730.952451619976
28636,7629.1390367737595
28637,5632.654272946754
28638,3645.5296984387287
28639,4799.966020753369
28640,5029.210232828516
28641,6042.6442094378945
28642,0.0
28643,9075.083233348845
28644,4335.082720117692
28645,3464.7776088375545
28646,5143.661486803229
28647,5462.970521556154
28648,3190.1989049533368
28649,4797.025208962119
28650,8500.38803849326
28651,7021.404824934789
28652,9863.086782293834
28653,8254.201549503141
28654,6980.866739273508
28655,7211.729726802131
28656,4313.903666052544
28657,9152.80815295952
28658,7374.6071190312105
28659,6355.352112021234
28660,4878.0983806221375
28661,5027.742967000283
28662,4294.953204898385
28663,2085.47930069761
28664,0.0
28665,0.0
28666,5418.7923964291285
28667,0.0
28668,1451.2349997248207
28669,7690.901977619291
28670,0.0
28671,5547.965035199773
28672,3600.3872854543124
28673,5717.875816955649
28674,4971.456359253001
28675,3984.1941827924543
28676,9292.327854226796
28677,4661.214906761257
28678,0.0
28679,3275.2863288053354
28680,2726.5859848590776
28681,4466.974263533476
28682,12735.723540193663
28683,4123.467871523605
28684,5487.901614104648
28685,4774.692166633839
28686,3829.035302373917
28687,3170.0484039414305
28688,5756.164051236171
28689,2559.5249331028417
28690,0.0
28691,5573.4903810956175
28692,0.0
28693,7769.103719984733
28694,2251.415931564792
28695,3801.781054118821
28696,9831.180586370796
28697,7213.742297237745
28698,8364.58274019241
28699,2275.282863320158
28700,4622.691455309602
28701,4424.899779151518
28702,4064.4020283105506
28703,16199.155281229825
28704,0.0
28705,4693.778105970803
28706,2975.58172207416
28707,5208.689376033773
28708,3938.56350322147
28709,2262.9221243656284
28710,7584.282370215109
28711,4695.4954621657525
28712,0.0
28713,6734.099183961446
28714,4507.291407458204
28715,4599.886683613212
28716,5543.578285799277
28717,0.0
28718,6423.064465226507
28719,2686.7094183968416
28720,0.0
28721,6503.70249753851
28722,7541.6522271302365
28723,5229.728625972235
28724,6852.479985230047
28725,0.0
28726,0.0
28727,4753.382632733715
28728,2848.2012526964963
28729,4239.358312380752
28730,4019.6563072616455
28731,4384.957040677564
28732,6443.668288243358
28733,3593.3750036286856
28734,0.0
28735,4506.23493411518
28736,7344.43337603908
28737,0.0
28738,4804.615290643615
28739,0.0
28740,0.0
28741,2527.620738565749
28742,10212.690940462227
28743,3631.8949395064733
28744,3061.3017014840816
28745,5690.442625960109
28746,0.0
28747,8920.393561218898
28748,0.0
28749,4496.116319371568
28750,0.0
28751,6691.05381170081
28752,4158.66700025886
28753,7967.312428724069
28754,2767.277931919078
28755,4287.268440807261
28756,3690.6312498163097
28757,3045.4496100411707
28758,0.0
28759,6554.667796780997
28760,6180.1032622996945
28761,5339.038695832346
28762,4706.027574737343
28763,7415.305189677244
28764,7197.367485158393
28765,0.0
28766,0.0
28767,0.0
28768,6729.21427017293
28769,4921.706986902577
28770,1730.2636770694578
28771,5876.298212209345
28772,0.0
28773,5660.450104594674
28774,5283.515290297625
28775,2836.247954133275
28776,0.0
28777,2699.304279494129
28778,8368.229044840939
28779,4925.132984744993
28780,4302.383550431746
28781,7453.978421904195
28782,3551.789250683295
28783,4180.229515271617
28784,0.0
28785,2492.295998185993
28786,6537.1063272143565
28787,8826.21042266231
28788,6376.562605222503
28789,2325.598818772802
28790,0.0
28791,0.0
28792,2098.7213963921695
28793,4564.194072697387
28794,0.0
28795,4614.2314143087415
28796,0.0
28797,4889.422725321727
28798,0.0
28799,8791.012829899058
28800,4941.528773403987
28801,0.0
28802,3990.2983486717417
28803,5430.049648897422
28804,0.0
28805,5910.23621437012
28806,7389.115689152171
28807,7320.4804098632285
28808,7738.870547002062
28809,5176.424732929443
28810,5067.910078077355
28811,2650.3682349130117
28812,5287.295013661917
28813,8290.683314147824
28814,6300.7365457973865
28815,7468.241607492632
28816,13336.813508592973
28817,2834.9962482812925
28818,0.0
28819,3920.675272155139
28820,7832.392702938996
28821,0.0
28822,7041.428414525438
28823,7126.699631927723
28824,7077.6485432043555
28825,0.0
28826,5893.468596678541
28827,4909.743300074609
28828,2010.7625593162688
28829,0.0
28830,3211.589991745681
28831,2960.5262406099437
28832,6572.269583054353
28833,17082.84722692431
28834,4895.175244504163
28835,2866.1913869726004
28836,4568.729564110521
28837,3882.56497718276
28838,5728.101640989244
28839,1939.0586102599493
28840,6055.5126241688085
28841,0.0
28842,3409.731282634807
28843,10202.505227938744
28844,10771.044995338085
28845,3229.1286798746123
28846,0.0
28847,3620.154568501271
28848,3606.866995696971
28849,3931.1998995832478
28850,0.0
28851,3655.7203506244273
28852,4200.898604711903
28853,0.0
28854,4890.198521440308
28855,4550.188373842743
28856,7077.379560463069
28857,2875.081448994536
28858,7539.871141130764
28859,6519.826839825438
28860,4514.73635105731
28861,3922.9135511332565
28862,3562.9618809018934
28863,4464.826499135303
28864,0.0
28865,8665.454560718732
28866,4094.3415729918165
28867,3703.643246255853
28868,6383.206774600931
28869,5978.140496928472
28870,0.0
28871,0.0
28872,0.0
28873,9066.871897398058
28874,6464.902469588105
28875,5617.980112766468
28876,3439.4315021012467
28877,4230.1507279466605
28878,0.0
28879,3259.1030770582156
28880,4386.319593244419
28881,4822.445141775081
28882,0.0
28883,7404.949665247815
28884,4155.170229444953
28885,5275.932830278967
28886,0.0
28887,6219.305362701861
28888,5237.516888821865
28889,8600.639264601183
28890,6341.687669820951
28891,4546.453530314334
28892,3932.182561401002
28893,1813.2568302171228
28894,3776.693902278388
28895,0.0
28896,1898.2787766634906
28897,4858.055172437521
28898,5991.484785235921
28899,6688.054248893277
28900,5739.144022667126
28901,7623.040669632416
28902,5388.413496462146
28903,0.0
28904,2576.5549526125105
28905,7366.597002303483
28906,3802.255910965152
28907,6160.401960656885
28908,8837.025971142146
28909,0.0
28910,0.0
28911,6067.448808796503
28912,3138.9391949804576
28913,5964.609132797418
28914,6486.584616618574
28915,2481.5557039937908
28916,7958.426297764147
28917,6203.762325730217
28918,4895.845086560492
28919,8601.447294300691
28920,8011.049221066836
28921,6108.745981369854
28922,4352.732859073257
28923,3562.365958861832
28924,5375.856958592223
28925,0.0
28926,5535.386446380831
28927,2346.9467573127295
28928,5151.622226857953
28929,2580.7790249741374
28930,0.0
28931,5328.386592671068
28932,4431.999772878402
28933,5074.740241240878
28934,7943.700757234416
28935,0.0
28936,7040.743380909704
28937,0.0
28938,5664.012994162058
28939,8013.593977703228
28940,6837.381906462093
28941,4459.68822939232
28942,0.0
28943,4908.9301192826515
28944,0.0
28945,0.0
28946,0.0
28947,5569.444185712498
28948,8147.400113349931
28949,6322.197581690433
28950,1986.4139715192318
28951,0.0
28952,7798.0331876762675
28953,6036.29483621815
28954,7069.097046028714
28955,6485.739352192259
28956,0.0
28957,4797.812677784676
28958,3844.815580850757
28959,0.0
28960,0.0
28961,7355.248530607916
28962,2557.0031594429856
28963,7512.8415250860235
28964,6485.597473188565
28965,5047.833063987341
28966,6785.200155390834
28967,4346.131242682433
28968,7153.491666043115
28969,3868.3447629399284
28970,4981.154382601754
28971,4538.383284650102
28972,3464.0638524524343
28973,5816.001501864256
28974,6242.100415359122
28975,7592.540334235564
28976,5904.826524912639
28977,0.0
28978,5867.235031085211
28979,6318.907810275439
28980,7393.670655629123
28981,2881.7875514290977
28982,2557.298346821514
28983,8232.90288963944
28984,5631.800492768316
28985,3638.9918741529023
28986,6858.78611113924
28987,0.0
28988,5864.096510708497
28989,4715.748487662205
28990,1745.396637751863
28991,5930.59516271521
28992,5612.190086041867
28993,4786.364316118362
28994,7967.966832273336
28995,6507.290298500273
28996,3171.196000540091
28997,5248.946663878199
28998,2713.4951392954217
28999,981.255214485735
29000,5696.853712970777
29001,0.0
29002,5235.105078980014
29003,4152.665615518146
29004,2509.784016288506
29005,4744.03171746921
29006,7557.7833561712705
29007,5575.700834848583
29008,8115.995518734961
29009,3660.4353790738987
29010,4332.686459800012
29011,0.0
29012,5854.68288661931
29013,3139.711228430579
29014,2318.8452887034036
29015,4156.255584517291
29016,3507.3066075584456
29017,0.0
29018,3792.2653776154766
29019,0.0
29020,5169.015605970063
29021,7454.003363941774
29022,4672.390578693421
29023,0.0
29024,9240.468591755587
29025,6823.746009046121
29026,0.0
29027,1894.2518175653806
29028,4425.780108996022
29029,4928.638565798641
29030,3644.095786368786
29031,7495.606843393164
29032,8473.431858812462
29033,6095.473991365974
29034,6038.509991085237
29035,5684.141031627867
29036,6945.757686380956
29037,10719.157175871933
29038,3011.7498109758703
29039,3519.0766353740496
29040,4695.199532303265
29041,5460.780210941002
29042,0.0
29043,8866.500704995118
29044,6267.6079052762325
29045,0.0
29046,2521.5937965933545
29047,5783.669446879656
29048,7409.777418153867
29049,3098.409937666856
29050,5818.52854460292
29051,0.0
29052,6357.100790291735
29053,4855.172079308117
29054,5016.28005509613
29055,5745.421938098078
29056,3794.963513195357
29057,4583.410802754811
29058,6683.784126401045
29059,4585.442456602538
29060,7633.791846206597
29061,5108.631663626083
29062,7998.91455844537
29063,5022.744630155692
29064,3433.7235607861166
29065,7718.495028916293
29066,0.0
29067,8804.762865809278
29068,0.0
29069,4425.034911306516
29070,6790.961219765163
29071,4430.152265874204
29072,4032.6363496368376
29073,5869.8433441268835
29074,2833.65893654992
29075,2644.2442044767736
29076,5411.58609785133
29077,5844.466659464982
29078,0.0
29079,5773.702051183259
29080,5108.657590076234
29081,3494.028888693538
29082,5697.842231578318
29083,2999.14666609834
29084,9342.810337905068
29085,6778.174181673623
29086,0.0
29087,0.0
29088,4751.193488544736
29089,6762.135608820881
29090,8002.179303823614
29091,2783.95781454427
29092,8182.738003936582
29093,0.0
29094,5319.700643700672
29095,0.0
29096,4736.125278955559
29097,2916.9980438514044
29098,5411.502020231096
29099,0.0
29100,2738.156533636936
29101,6798.123844604654
29102,5592.392894952129
29103,22807.867814592835
29104,6903.249542840554
29105,3799.96892038512
29106,5803.682446344399
29107,9879.52755147772
29108,4868.676539008101
29109,6417.074186337902
29110,5093.060833181656
29111,6705.280196878016
29112,6134.106360685722
29113,4150.904636430048
29114,4781.78274681438
29115,6178.913881725961
29116,6735.979819982486
29117,5985.8839407644655
29118,7022.715618886122
29119,4260.570251713002
29120,4442.369598799746
29121,4674.417204616983
29122,8497.269845728744
29123,8902.506470879387
29124,7648.9226590325325
29125,6657.448976078131
29126,3277.8951955711063
29127,5517.374780800756
29128,3462.668646367957
29129,7059.087604500514
29130,8946.991129734504
29131,8507.730611387922
29132,4663.336707778349
29133,4007.4489809246948
29134,3960.3144388524097
29135,6422.44024858347
29136,8672.040943159971
29137,5535.139487601785
29138,4522.19889356447
29139,4499.80700944145
29140,6077.5897252481145
29141,3114.605858448102
29142,6678.389271230538
29143,3618.452485060263
29144,6806.605091547728
29145,6522.674240436584
29146,5061.202163019123
29147,7024.454725673296
29148,5822.974043684649
29149,4169.902306795425
29150,5750.547305500165
29151,6516.959085509298
29152,10044.734017968314
29153,5797.178042590792
29154,6123.96030276736
29155,7412.866071564598
29156,8424.065229876687
29157,5668.230037420797
29158,7682.12501206291
29159,3409.3324376824557
29160,4065.009385885984
29161,5084.307417933499
29162,6358.71530322073
29163,8732.523580548414
29164,6592.9356042251875
29165,4630.907882588208
29166,6751.9553278677595
29167,6534.69094594407
29168,7700.90035430173
29169,3374.211540561394
29170,11278.793660274057
29171,3994.7293137814436
29172,5510.131523439354
29173,7078.239079584685
29174,3727.610324384428
29175,5105.561547697449
29176,5580.019667441999
29177,6384.518139973847
29178,4905.929821041004
29179,4903.428070868738
29180,7443.428077349282
29181,7006.459506078186
29182,5526.063544524503
29183,4415.464607320923
29184,6580.70550487332
29185,11959.656720005652
29186,5979.686233761915
29187,4540.023502799576
29188,6047.8185420649925
29189,5761.740958767714
29190,6085.880787189057
29191,7497.752183501977
29192,3355.691575731481
29193,7014.488271819788
29194,5064.693483398892
29195,5807.62253608303
29196,8627.545530976791
29197,4609.1431548579785
29198,4746.479446770341
29199,4234.756274887648
29200,6848.469041655884
29201,8308.302027458887
29202,4259.2711913429985
29203,3973.3463730308085
29204,6018.17375499919
29205,5391.924013218328
29206,4746.673533046835
29207,8388.936987005667
29208,6091.5344698028375
29209,6387.366881152852
29210,4443.682244086241
29211,4169.349605242909
29212,5304.592523493182
29213,8316.458452695746
29214,6407.724515727677
29215,7211.195806210621
29216,7212.94348789833
29217,5554.495719093089
29218,8258.564944602453
29219,4469.450862173024
29220,5479.469368732158
29221,7865.103851506369
29222,5929.183088284095
29223,8660.43091230416
29224,7877.868841130396
29225,6790.512904652496
29226,5405.037350307504
29227,6539.658117353556
29228,6623.170974362867
29229,5264.07885510703
29230,3464.27222145437
29231,4811.091399069922
29232,6517.931563232528
29233,5502.7416459511305
29234,3743.644532738077
29235,6822.596374037052
29236,5802.3217298245945
29237,6009.590119826637
29238,4985.046322451135
29239,4292.852284740371
29240,5872.308804186416
29241,5897.318066134641
29242,5383.691178007832
29243,4820.098103202828
29244,4967.622813058823
29245,5787.799871893369
29246,3392.96700488523
29247,6188.145831666437
29248,4329.683825267303
29249,7410.216281417058
29250,6532.488627214049
29251,5369.547377591126
29252,10896.509910180046
29253,3873.070387738025
29254,4653.869583505887
29255,8768.235840002824
29256,5873.26313645186
29257,7326.4960151248915
29258,6755.030584149346
29259,5117.176784818657
29260,5689.422604270391
29261,5309.391714767016
29262,6561.792629123101
29263,9116.669786552518
29264,6655.811306078625
29265,2704.2048091700553
29266,4202.305978692147
29267,7274.029864529774
29268,8310.49964990142
29269,5637.897207693905
29270,5779.503028465532
29271,4177.698108530353
29272,4156.781616643069
29273,2746.5730222940033
29274,4015.293831790824
29275,5847.25383772299
29276,6207.271322682585
29277,5400.065309004201
29278,5865.012297129899
29279,7510.019418545069
29280,8157.607597401374
29281,6883.408814668245
29282,4514.056183361053
29283,8016.2722037799
29284,8575.756506081285
29285,4691.882412729139
29286,6457.465936883453
29287,4439.5171008682155
29288,6044.105415222386
29289,3523.9028950540187
29290,5790.581278988474
29291,4337.816690837983
29292,7817.0651494782915
29293,6268.755848880673
29294,7444.92184247258
29295,7249.838064523752
29296,4938.704254884249
29297,7009.011216259303
29298,16015.776043397203
29299,8761.526029428402
29300,4220.5796595062475
29301,2626.419883871228
29302,5633.199993925109
29303,6877.0093025747765
29304,6103.950397599313
29305,11660.241251516087
29306,19192.537591778662
29307,3834.065633842809
29308,4271.88139646171
29309,7907.07540020149
29310,4233.516534855492
29311,6758.441413907508
29312,5194.600954400888
29313,6337.70178048221
29314,4635.9383471604115
29315,6073.591889004533
29316,6188.242121124688
29317,6496.438365392666
29318,7698.5473003845
29319,5725.033151107183
29320,5554.732535859547
29321,6320.0404633208345
29322,4393.369936703213
29323,4749.169026432161
29324,7173.452161028657
29325,5443.654263637387
29326,5310.8712276414435
29327,6101.330418009068
29328,4770.8102135193885
29329,4922.716086123761
29330,5959.9456633426835
29331,5709.7646495480985
29332,9366.26942435262
29333,8757.304753582612
29334,6322.275776631761
29335,5050.777781351063
29336,3279.8443642171087
29337,5549.650411817558
29338,5749.569783804551
29339,5200.516406689947
29340,4207.684844825854
29341,7823.274391318711
29342,5719.056193634405
29343,9376.687084521085
29344,5512.561269501825
29345,4799.3308926535055
29346,4413.222336683855
29347,4505.997295208731
29348,8456.05552496874
29349,5114.373322952841
29350,8067.697422918975
29351,12771.71989226992
29352,6971.635703415089
29353,5208.015148367584
29354,4866.352286081283
29355,4029.605695494142
29356,6469.731877665625
29357,3392.225508255142
29358,4745.153383466582
29359,8665.269577958781
29360,4776.810468371369
29361,12396.788269246432
29362,11006.17175158966
29363,4878.825283708162
29364,5656.657135517216
29365,5561.68508193694
29366,5927.92439441248
29367,4651.220951141756
29368,10599.497778319641
29369,6654.602513819972
29370,7195.5796802485675
29371,4060.866762448759
29372,6773.895190264032
29373,4814.31691245524
29374,8864.435558130974
29375,6095.5329595001
29376,5360.018134237287
29377,6407.259116666845
29378,5596.649291335413
29379,7448.789185923783
29380,8511.360578352553
29381,5566.425562005514
29382,8648.436081251231
29383,6202.459851622755
29384,7931.211679912857
29385,5179.787052991894
29386,4521.034544998108
29387,4500.223332718726
29388,7518.57171608238
29389,6150.326090052005
29390,6980.298403401068
29391,5512.018159825024
29392,8056.109963180965
29393,4446.246471339379
29394,8106.431188064385
29395,5852.9430970926305
29396,3561.207077980465
29397,11360.313771639547
29398,14946.925504803741
29399,6446.216325335431
29400,6328.4594684752365
29401,7480.340599942266
29402,8658.659426723494
29403,9476.11961945605
29404,5392.96669063421
29405,6164.144620759928
29406,5375.969285854463
29407,7689.6319801699865
29408,3649.087252653288
29409,4910.12782544746
29410,4929.631023752364
29411,5244.678319458199
29412,6564.558537663309
29413,4005.852546585364
29414,3443.1916954899993
29415,6268.864024841606
29416,3850.682514411064
29417,3958.0408554777646
29418,5027.889104607857
29419,5205.0734408913495
29420,8184.737756184856
29421,8440.278410413926
29422,5929.279033949495
29423,5999.476037192957
29424,6085.820361374043
29425,9333.57607857139
29426,5765.975141723646
29427,4957.833177641896
29428,4344.75365796778
29429,9628.261226533923
29430,4073.6591105221282
29431,6233.025325842134
29432,2861.812011699748
29433,3872.7368084843065
29434,5742.2312266495655
29435,6386.645378030847
29436,5660.413861931635
29437,9049.9798476007
29438,8535.247190694934
29439,10326.846161569774
29440,5293.594358212053
29441,10206.07257093651
29442,2595.1319139441043
29443,4712.926446193231
29444,6099.783391471602
29445,3574.729260622911
29446,7889.542817419101
29447,4401.902009878005
29448,4505.30694959
29449,7789.546102755479
29450,8822.902009380698
29451,7226.5749047465
29452,4974.891502526906
29453,4739.119863486274
29454,10658.180923600457
29455,7495.4835180842265
29456,4656.348303226304
29457,5364.23347688981
29458,6189.246361234472
29459,7234.79908411124
29460,4178.427709229165
29461,4788.616533295745
29462,6895.297067988569
29463,6904.054639847603
29464,11305.752175210897
29465,5697.327044412877
29466,10312.73961774053
29467,6461.2529092650675
29468,4579.79866148036
29469,2913.1110618272
29470,5381.968264715807
29471,5848.566842578928
29472,5032.089502704878
29473,8116.304344560139
29474,4857.884783863153
29475,3796.291730060274
29476,6613.595945269519
29477,3195.011504139115
29478,7091.836353196633
29479,5810.156839869104
29480,6769.852460763388
29481,7776.816694906561
29482,4413.36562146218
29483,8496.576863129281
29484,5917.747016743914
29485,4887.029276349072
29486,5516.598002141534
29487,4826.598365781079
29488,9007.574955475891
29489,5679.18528445803
29490,3888.7353383013865
29491,6142.606274454393
29492,7697.559807550711
29493,6485.243347889014
29494,5161.015448833745
29495,7675.977645605272
29496,5023.432260657437
29497,6003.834955799276
29498,5542.871790029314
29499,8685.204942877108
29500,4733.053784046182
29501,5451.623767564962
29502,5083.888495544059
29503,5169.5528633401955
29504,4100.693273774555
29505,4882.982234197844
29506,7914.639679380658
29507,8337.675363205402
29508,9939.63931811632
29509,9622.578434103341
29510,7712.303680068388
29511,7617.208127609948
29512,4609.8731238605105
29513,9322.449527040086
29514,9451.327033145859
29515,6564.570444716594
29516,6816.265659063619
29517,7908.652359561418
29518,4688.132558932927
29519,3076.2734509027546
29520,10484.055896747013
29521,5278.177074211011
29522,5587.901664356189
29523,5685.928047583135
29524,1943.38513142243
29525,9241.534837667898
29526,6264.669778326608
29527,5974.773442867127
29528,4626.017700333135
29529,5051.408993164246
29530,5954.620160872248
29531,5759.310344352857
29532,6498.679061500548
29533,4805.549052188586
29534,4539.077150522889
29535,3043.296193675514
29536,2794.1594203481923
29537,6353.22555691311
29538,15778.216634047534
29539,3844.3280585731327
29540,5552.791538640016
29541,5656.775691528826
29542,4938.040817439237
29543,4352.867354174322
29544,5000.616185178756
29545,3284.8643229462155
29546,7287.7999143942725
29547,6179.116712132072
29548,3374.4014912991283
29549,7714.322864265723
29550,4179.061110080347
29551,4510.177823087491
29552,9910.736824075426
29553,6667.262206950336
29554,8805.294918796424
29555,4130.717288546404
29556,5593.49414341463
29557,4260.940019792832
29558,4909.326760983258
29559,13134.319679429314
29560,9781.822277156363
29561,6000.654110187438
29562,4419.728425420519
29563,4434.988862835514
29564,5366.720856768755
29565,3665.344622562818
29566,8375.418787673036
29567,4673.912161159486
29568,4923.256930441407
29569,6807.909913101204
29570,4352.438514328149
29571,5365.441565912602
29572,5426.410769058775
29573,6968.784515535278
29574,6362.642431915975
29575,3523.0048824695186
29576,5286.369116144915
29577,6071.536627719702
29578,7499.5909750480005
29579,7566.658184290921
29580,6590.520946312872
29581,3745.4146095109686
29582,7562.572892577727
29583,5097.3645647000585
29584,4394.099974602062
29585,6596.771600485041
29586,6481.861105063239
29587,5349.45260519957
29588,5430.040946744755
29589,5397.481404647196
29590,6529.971576316193
29591,5003.457699745742
29592,6090.763232791138
29593,7041.222508973674
29594,4685.218642458511
29595,8989.005284778455
29596,6108.299629337676
29597,4202.171342504113
29598,10573.626306491957
29599,4931.809401476847
29600,2871.6940912204695
29601,6954.47690754099
29602,8653.846901537494
29603,8334.41280518227
29604,4560.887786328305
29605,5401.568642992358
29606,5820.530524927172
29607,6347.638867727413
29608,5330.444068533056
29609,7382.32162676059
29610,2735.81886716227
29611,4830.982690597762
29612,5281.8959107218025
29613,4097.24183022525
29614,4287.116306779039
29615,5863.271417800399
29616,6286.395154675972
29617,5355.72770279585
29618,6537.594604414319
29619,5724.077835631693
29620,7216.165727135151
29621,5203.904202112491
29622,5857.635459596396
29623,5612.479665009685
29624,7125.614235519359
29625,8121.4299735943505
29626,2858.650637400524
29627,7675.127627276181
29628,7006.800539933716
29629,6346.644822402295
29630,4568.038966596474
29631,3501.721319657822
29632,7150.7526807582935
29633,5125.642782092319
29634,7797.150729802448
29635,6030.4429672444285
29636,4564.269064217978
29637,7239.112678777239
29638,5078.934781177508
29639,4582.762969772261
29640,6996.395889073814
29641,4452.61108660366
29642,7687.560236111119
29643,9343.884450784159
29644,6604.004258936724
29645,4066.165701848267
29646,4677.9297560849145
29647,4253.792937771212
29648,2754.7102262242806
29649,6650.307207506093
29650,5541.280353520336
29651,8021.42494267982
29652,4224.613976137416
29653,5509.995965363823
29654,6059.008906812885
29655,7616.842265075988
29656,4850.738827139812
29657,5454.49213739373
29658,4320.800591636715
29659,6603.748529626958
29660,5798.215951691499
29661,6468.625497099684
29662,7232.83421659715
29663,7494.673450353385
29664,6772.309765556526
29665,6482.835468096007
29666,5659.630857587388
29667,4086.097620152275
29668,4999.072584998801
29669,9816.855943911885
29670,7535.837085921478
29671,8980.204367093094
29672,15173.371436587437
29673,4472.183308898164
29674,4341.730744886381
29675,5116.900575666375
29676,7951.2526061966855
29677,9330.474849116143
29678,6250.178212501639
29679,6765.956450386373
29680,7149.263509765826
29681,6467.1614155329125
29682,5735.100103113063
29683,4989.911655743092
29684,4293.54596354403
29685,4734.234584783338
29686,3119.7313267182685
29687,4233.171842772874
29688,7209.82665911499
29689,15027.805189670093
29690,5506.253736943117
29691,4247.70111364242
29692,6441.00542021129
29693,3485.528521160535
29694,5999.573502679714
29695,3877.136216322774
29696,7894.918194866159
29697,6327.06124357975
29698,6020.717619434077
29699,11121.052779288448
29700,12610.42815544016
29701,4429.235337688302
29702,6520.718559288411
29703,3464.111750844405
29704,4709.0059195226895
29705,4609.184195162131
29706,7924.651258720532
29707,4265.758953273916
29708,4272.293213240456
29709,5039.484661767842
29710,5009.081555257628
29711,6187.905422006511
29712,5935.237632344232
29713,3756.188349798627
29714,6854.226636095778
29715,7232.33100461838
29716,6093.27498800511
29717,3877.3590060035162
29718,3321.119911834881
29719,6695.889186138291
29720,4374.70342619641
29721,8846.532243880121
29722,3957.3733183731943
29723,4940.3052003633875
29724,6106.770821849137
29725,6509.812550173818
29726,4419.190001005233
29727,5714.417478152258
29728,5857.976483186238
29729,8393.764420808819
29730,7758.106813014968
29731,5444.042712982174
29732,3616.9187990774835
29733,4810.7795064216425
29734,6123.925019555966
29735,4151.120506259183
29736,4882.894271626783
29737,5281.262281472016
29738,10569.047076279494
29739,6765.861872907375
29740,5618.28908620869
29741,6335.122647280384
29742,4010.809593276405
29743,8194.38032003713
29744,4726.149917134008
29745,10499.684173740017
29746,5642.796401198873
29747,4505.869881528905
29748,4897.407625383668
29749,3883.581141192469
29750,5997.333663177741
29751,20293.8728241144
29752,3492.8448921104437
29753,4943.286688217622
29754,9079.87155321417
29755,5756.253227049609
29756,6224.198108036877
29757,7324.214892601157
29758,5363.703200740362
29759,5090.626360065984
29760,3705.206859876637
29761,8428.191382989447
29762,5134.4690295202045
29763,5939.293999105654
29764,7139.690921674365
29765,4135.991820589769
29766,7439.381774357708
29767,5627.528935725337
29768,3613.2420807700855
29769,7803.810199574223
29770,9872.798126034211
29771,3614.8259295605126
29772,6925.418535776171
29773,6372.445172358571
29774,5074.844060782611
29775,8347.741144552547
29776,6493.9293785319505
29777,7345.3895281124205
29778,4316.957496460102
29779,4314.0648589944685
29780,6245.336772037955
29781,3737.5312901803723
29782,6705.284907411381
29783,3501.8715321848404
29784,5490.145668922087
29785,4191.254151577143
29786,5660.699454750037
29787,5350.789079760881
29788,6065.683119891092
29789,5893.470223098684
29790,7903.6856514304545
29791,5482.706787524194
29792,6498.10710308877
29793,5426.555343610314
29794,7542.682650494849
29795,8149.586895355498
29796,6489.760230024212
29797,3903.4307863964395
29798,5610.894328133952
29799,6086.651321212316
29800,4044.7473716645227
29801,11910.729354094128
29802,5164.725002280878
29803,5924.484315181907
29804,9143.011678342757
29805,6081.852827142813
29806,3497.5382454349074
29807,11291.298749024641
29808,9015.642178207816
29809,5178.135994288165
29810,6776.815490810248
29811,8392.817494015313
29812,6456.700381308631
29813,4632.798125190199
29814,6220.257158014966
29815,4798.695159471735
29816,5381.673297527405
29817,6902.086307590884
29818,4035.2902946587924
29819,6738.178906050102
29820,6491.788616949725
29821,5975.472602652978
29822,6527.673084447076
29823,5193.941464138659
29824,6012.813560162948
29825,4847.194343713501
29826,6717.22524922426
29827,6455.612365014536
29828,5765.297740039438
29829,5341.5215524777095
29830,5843.697301972119
29831,8093.57299187819
29832,5525.21132208141
29833,4595.0682879521855
29834,5710.110042056047
29835,6634.9740589710145
29836,6631.960572670847
29837,4098.251496255488
29838,3495.3399240138183
29839,6455.503225316953
29840,6785.621734088485
29841,4894.518085946881
29842,6818.763132108899
29843,6888.515087939965
29844,5220.726627558179
29845,4625.637657564313
29846,2920.921979646143
29847,6024.246428743635
29848,6254.825123976484
29849,5595.813748798323
29850,7650.082686594927
29851,7039.180432585105
29852,4234.663285430999
29853,7261.936002964168
29854,3159.336152941406
29855,2233.246629005538
29856,6399.917910084227
29857,10892.885357419129
29858,6815.506542413453
29859,6038.753472191434
29860,3573.838114495333
29861,5742.687726111547
29862,6999.189588533153
29863,4677.5228320849665
29864,7620.48616178758
29865,4091.24315303121
29866,4287.8083488918055
29867,4672.890041961614
29868,5102.0716510590555
29869,4843.695943803784
29870,4134.922415924864
29871,4283.424619157022
29872,3772.1152782059803
29873,6343.28517563075
29874,5641.667104474532
29875,4395.810214412306
29876,5713.872650443873
29877,6669.679584447057
29878,4546.6131693171565
29879,4722.156359533118
29880,8340.135989666163
29881,6231.32176727238
29882,5809.420640318325
29883,3207.9703914359075
29884,10064.352854493085
29885,5822.124006974668
29886,4365.997100982424
29887,7216.384000782346
29888,6940.3918650123505
29889,6146.194105320888
29890,5537.4295627478605
29891,6194.120087043476
29892,8278.10253074286
29893,10974.474458696344
29894,4343.567372758426
29895,3728.7248652071867
29896,4798.26520209167
29897,5522.095745901429
29898,5960.713908558253
29899,7317.40792050003
29900,7455.8852334901085
29901,5443.927400844285
29902,3598.562822592289
29903,5105.252010402687
29904,9891.885573351403
29905,4303.226039800122
29906,6320.384940864402
29907,3573.430589880599
29908,6562.6073228993755
29909,6002.550190674971
29910,6432.62242874093
29911,6865.520284216745
29912,5664.133301878112
29913,3878.062422032794
29914,5957.5665852186485
29915,6706.551944802985
29916,7132.432784341327
29917,6500.194886717231
29918,7186.399459696909
29919,5117.504350368274
29920,3830.2285027686285
29921,8616.77774707018
29922,4130.730841270662
29923,8985.06209380438
29924,6197.72006188794
29925,3873.4700555320433
29926,6065.956144543743
29927,5209.3728066467565
29928,6327.616816489395
29929,7365.07503053165
29930,3462.4729468898727
29931,4048.5540136683708
29932,5637.700108917308
29933,7201.096417526731
29934,9328.310085605992
29935,5258.466212761516
29936,5140.6389891814915
29937,4500.034882575586
29938,5742.931915430546
29939,4494.588270365082
29940,9087.025694290913
29941,7577.68212549557
29942,11055.850545588493
29943,4412.953911824847
29944,5192.86047964663
29945,8087.143492372259
29946,8698.911946886335
29947,4162.356104461461
29948,8887.384358100971
29949,5908.483778632304
29950,4763.779792285278
29951,4987.051177305706
29952,4329.383695378001
29953,4617.010310210922
29954,4893.065468458877
29955,4261.739499069139
29956,4215.6752290575105
29957,7080.1820004259225
29958,5962.739843569472
29959,21573.457300438808
29960,6015.541702296646
29961,3625.6443615130943
29962,5562.371733341911
29963,9227.694756662147
29964,5665.757274514923
29965,6101.419031378759
29966,4863.497267812373
29967,6650.903540742202
29968,6070.906275286215
29969,3860.7406522913525
29970,4569.370583609763
29971,5782.941032331743
29972,6526.642161741007
29973,5701.967360682964
29974,8495.837284451938
29975,3890.509755937619
29976,3877.032737722439
29977,4317.609242475112
29978,7710.121332150176
29979,8982.898200273741
29980,7267.986740930482
29981,6189.897299942187
29982,3748.886675722741
29983,5022.442280227281
29984,3348.783949692892
29985,6554.023025446754
29986,8309.25082790392
29987,8055.432670256609
29988,4262.2669442926735
29989,4056.7098252123487
29990,4057.278184796885
29991,5820.679263065304
29992,8450.301244285993
29993,4950.794773106367
29994,4282.787945863562
29995,4091.4740332039637
29996,6239.115668800028
29997,2923.1888600513184
29998,6155.027467790367
29999,3416.161144976002
30000,5989.299992019341
30001,5948.552498146348
30002,4724.821262360055
30003,6363.627129018962
30004,5481.140452665488
30005,3980.005707122283
30006,5547.42226714793
30007,5989.111606040675
30008,9423.918518774177
30009,5324.009726063553
30010,6178.405355033465
30011,7303.901822622475
30012,7720.199160619408
30013,5376.444212677549
30014,7136.873320881308
30015,3342.118201723266
30016,4195.364954705996
30017,5110.153928738464
30018,5889.210352829002
30019,7845.919130886582
30020,6050.0066827064475
30021,4297.1928845976045
30022,6196.183474065537
30023,5611.604517126499
30024,7593.0083136887315
30025,3113.6145171517146
30026,11154.476490339044
30027,3852.406799376234
30028,5162.906171954909
30029,6815.433563087116
30030,3643.964563582459
30031,4851.258662881938
30032,4869.787597736228
30033,6115.496935530834
30034,4520.009512393393
30035,4581.958629564389
30036,6781.660013808579
30037,6462.467761358504
30038,5289.973504723743
30039,4133.767159770272
30040,6278.467890595584
30041,10675.915732342044
30042,5651.910226397054
30043,4939.286921521212
30044,5466.088595597043
30045,5492.591257856836
30046,5445.004322627278
30047,6328.021108802924
30048,3206.668624178692
30049,6267.084927178474
30050,4971.892962247615
30051,5199.036699407861
30052,8251.715711590776
30053,3519.572632049413
30054,4323.0634414343585
30055,3855.352574405442
30056,6502.395763540969
30057,7661.917503679875
30058,4181.400834019037
30059,3791.9887256720235
30060,5761.289603328909
30061,4942.092145505068
30062,4518.629917654074
30063,7293.880563495206
30064,5280.491846510527
30065,6395.186427879198
30066,4442.703765865187
30067,3729.957705345571
30068,4979.627592283534
30069,7763.757828422361
30070,6326.236080826496
30071,6574.862181568352
30072,6486.943910240641
30073,4975.646861101105
30074,7990.5983462335735
30075,4219.52032586355
30076,5273.631674284502
30077,7597.544902857693
30078,5110.214788586469
30079,8424.766328747286
30080,7128.5082049637695
30081,6069.104512543105
30082,4986.244062262558
30083,5919.433285166768
30084,6046.494386695171
30085,4936.575834701266
30086,3196.4929468205196
30087,4780.206752178925
30088,6287.113953676143
30089,4908.721210408102
30090,3456.583696189485
30091,6594.0810995951415
30092,5657.907539185381
30093,5509.772282605423
30094,4873.883230992907
30095,4253.4014226927675
30096,5951.916172077449
30097,5838.420609188763
30098,5226.386580762385
30099,4393.823585701386
30100,4809.38861744733
30101,5375.399804362031
30102,3098.57574882676
30103,5468.730505482689
30104,4062.58530436825
30105,6850.309018543596
30106,5883.222617128477
30107,5110.407529101001
30108,9355.014150536786
30109,4080.1077072412963
30110,4189.010218980422
30111,8194.00284590794
30112,5192.464692086211
30113,6804.182750302332
30114,6239.335767246063
30115,4778.825785932281
30116,5425.915633040334
30117,4904.2661613085265
30118,7000.718839446573
30119,9259.260238668889
30120,6954.584865136042
30121,2412.266842767828
30122,3968.560279403751
30123,6767.814769026144
30124,7090.846151804098
30125,5114.885629204005
30126,5522.985986370009
30127,4087.3578633667153
30128,4357.411455273774
30129,2610.494279324799
30130,4128.679707006116
30131,5419.563045990079
30132,5889.112633720736
30133,5166.862385713085
30134,5191.856868051607
30135,6913.747258416782
30136,7490.316066320417
30137,6570.542367774
30138,3965.6757258281177
30139,7681.719683032534
30140,7933.935128687774
30141,4355.141961140172
30142,6242.623164844251
30143,4248.2078903931415
30144,5484.775475789138
30145,3139.7549222954817
30146,5910.705150002342
30147,3888.6393248555105
30148,7819.401037665426
30149,5931.0009024962665
30150,6806.83566119413
30151,7303.221982267162
30152,4751.109583815169
30153,6358.7307297358875
30154,16156.449581521403
30155,8310.672199998784
30156,4236.48661107895
30157,2166.9874464961404
30158,5014.926656747579
30159,6814.863628279926
30160,5584.741476163554
30161,11642.854367779299
30162,17911.833038604065
30163,3429.718062499411
30164,4167.086962698895
30165,9141.817618525349
30166,3883.8731494027693
30167,6577.5527556734405
30168,5014.829077154153
30169,6207.694769027016
30170,4222.579892370206
30171,5340.375982503365
30172,5326.862157818297
30173,6381.136552547656
30174,6694.032634932468
30175,5320.862577705065
30176,5074.014871475879
30177,6039.156186649404
30178,3954.2518814269497
30179,4268.766488879566
30180,6617.461967780731
30181,4890.036116022641
30182,4919.026028671281
30183,5443.660390842967
30184,4811.361234379979
30185,5033.745605155296
30186,5777.528830712022
30187,5388.915212448597
30188,8079.517280821019
30189,8251.579508146013
30190,6077.263259500412
30191,4643.070864094408
30192,2881.6821113367987
30193,5334.404250105316
30194,5784.960651292849
30195,5011.1130358768105
30196,3944.7481826276585
30197,7422.469158115983
30198,5718.675371128903
30199,8755.775067515055
30200,5369.894609183495
30201,4491.630855181538
30202,4370.152827284284
30203,4413.357300116948
30204,7805.590914996276
30205,4194.639906598722
30206,6938.5219270638245
30207,13009.198248470266
30208,6572.69750281668
30209,6774.058688069618
30210,4480.806864012921
30211,3760.3245810053827
30212,5645.896113348285
30213,3225.9623488219604
30214,4800.912371078724
30215,8923.306165505175
30216,4396.895124021028
30217,12307.373884971035
30218,10929.791369607996
30219,4403.332576432031
30220,5235.018658495935
30221,5366.63321767776
30222,5659.519665858075
30223,4428.84581499197
30224,9863.839046403486
30225,6177.582625723837
30226,7291.500103073654
30227,3853.3242192079992
30228,6412.402532875796
30229,4308.088097672174
30230,8447.764387157584
30231,5503.100347415197
30232,4883.439871772101
30233,5933.7377712608095
30234,5455.579581575902
30235,6421.883369710625
30236,8931.642771023437
30237,5169.139299783075
30238,8001.0944536729685
30239,5827.8570398688635
30240,8059.497550048151
30241,4951.311716784949
30242,4307.155172664724
30243,4236.298897832763
30244,7090.593872352209
30245,5550.306769144006
30246,6597.579397975664
30247,5168.073425054245
30248,7371.968874764279
30249,3936.3586697022447
30250,8051.812925731782
30251,6158.335692599493
30252,3538.6278776739136
30253,10950.904811719003
30254,14786.742044286759
30255,5693.454879011651
30256,5636.478774410905
30257,7099.185888170636
30258,8524.926975649963
30259,9680.715081337961
30260,4840.945245742236
30261,6031.016427706865
30262,4864.592849737924
30263,6734.012588393277
30264,3373.2403768375407
30265,4910.359405696714
30266,4330.261628492694
30267,4846.042497105033
30268,6167.36531529207
30269,3973.52998640616
30270,3358.999190200982
30271,5826.030796543106
30272,3346.5091289908373
30273,3678.929064639047
30274,5053.750582088769
30275,4939.156654560575
30276,7401.565572243809
30277,7396.261619478368
30278,5943.361809941344
30279,5598.597449149488
30280,5616.768862068972
30281,9681.476180407984
30282,5814.929172278192
30283,4094.06249686091
30284,3996.363516780801
30285,8857.79197498337
30286,3794.69423759368
30287,5986.848737759408
30288,2848.954169642658
30289,3935.6532490559007
30290,5662.352221453079
30291,5883.6441407202165
30292,4866.30639331417
30293,8328.64813050896
30294,8270.561227102133
30295,10822.090785609525
30296,5280.6849241815125
30297,8803.181433849668
30298,2504.5519764207343
30299,4157.410517404996
30300,5423.658282914179
30301,3367.951146391291
30302,6982.589901370133
30303,4125.212399843519
30304,4332.043496626309
30305,6983.703714576227
30306,9274.410196293926
30307,8531.655259170586
30308,4639.024886750926
30309,4380.200568499978
30310,10820.170834627035
30311,6593.668739755979
30312,4851.011806277047
30313,4690.740146761206
30314,5612.61259764175
30315,7856.18445828321
30316,3614.1491863394017
30317,4881.257908788331
30318,6218.172079424215
30319,6117.944547091104
30320,11839.216512657466
30321,4924.378252484991
30322,9741.664614308576
30323,5891.237963684242
30324,4370.30977741053
30325,2879.7094717755435
30326,5000.839343825214
30327,5313.1776621382905
30328,4793.329271735508
30329,6634.492229829489
30330,4182.200553864421
30331,3859.6457105201275
30332,6053.440803571877
30333,2946.6461402001582
30334,6730.742378610484
30335,5319.367356145958
30336,6443.717898103873
30337,7155.619971687857
30338,4103.191660816357
30339,7599.258845090401
30340,5613.048877422065
30341,4679.130733465779
30342,4938.405601944821
30343,4456.033523563516
30344,8857.902106519135
30345,5667.401142130959
30346,3891.9991945827837
30347,5797.397408442414
30348,6953.617239111155
30349,5940.581089606453
30350,4838.2529837806605
30351,6864.65407703022
30352,4795.304182141468
30353,5353.012980905668
30354,5084.652573382398
30355,7382.9456442561095
30356,4982.7890416668815
30357,5261.66717241146
30358,4324.830399099298
30359,4647.835172601358
30360,3825.775625126355
30361,4592.09121952848
30362,7015.463739703031
30363,8040.511434184565
30364,9118.1558326806
30365,9053.917778635467
30366,7071.426506140567
30367,7427.010715970419
30368,4622.447012022367
30369,9237.417665330802
30370,8764.272873150336
30371,5674.056887916714
30372,6986.678421089275
30373,6729.249571508616
30374,4541.18333514859
30375,3197.106811909702
30376,9841.988766616649
30377,5075.78419713522
30378,5427.195987305369
30379,5289.084612197201
30380,1954.665997218957
30381,9409.526909330629
30382,5942.054765301107
30383,5234.178962920021
30384,3941.2355379070054
30385,4498.240921431111
30386,5746.08838871196
30387,5734.732940304393
30388,5720.339116363198
30389,5046.1933106658935
30390,3999.038505518967
30391,3144.4342432729127
30392,2723.721479121216
30393,5799.2115935600095
30394,15477.260275532757
30395,3955.9477867727783
30396,5224.500668453656
30397,5294.2703731786205
30398,4416.53409538457
30399,4276.002085318552
30400,4382.221402809635
30401,3309.514638467379
30402,6364.605452737892
30403,5846.688217534892
30404,3071.191697197909
30405,7020.069793372482
30406,3944.5698576705795
30407,4211.586487095318
30408,9367.130799119048
30409,6219.907997898303
30410,9170.57960551575
30411,3967.861855244708
30412,5431.06220785065
30413,3937.434388015387
30414,4550.643911909574
30415,13051.783087704467
30416,8707.414413105496
30417,5606.28149958265
30418,4403.750502607608
30419,3968.8595414563792
30420,4657.268275578603
30421,4424.333860703082
30422,10629.259596598515
30423,4568.962268858852
30424,4752.947035325409
30425,6229.328634267521
30426,3795.711884661304
30427,5227.33977337772
30428,5540.612209785318
30429,6202.905093665159
30430,5693.2205859271035
30431,3275.2093670932227
30432,4978.99489755459
30433,5296.63032558233
30434,7167.4539150493765
30435,6998.157200880029
30436,5947.510099237836
30437,3558.4695705706686
30438,6852.105723988066
30439,4778.381655157265
30440,4130.124712704789
30441,5871.622719587047
30442,6239.150887093408
30443,5148.399288643785
30444,5165.461540679628
30445,5123.9776821154355
30446,5723.954307484931
30447,4951.164027577564
30448,5724.587376967646
30449,6011.052291258366
30450,4236.74542160312
30451,8418.066545924426
30452,5489.063839032683
30453,3865.412113823874
30454,9790.138340995485
30455,5077.570842652609
30456,2841.2641886196116
30457,6245.293568534192
30458,7482.94247222132
30459,8207.880428531931
30460,4518.869878216504
30461,4893.58040346169
30462,5236.632720224039
30463,5981.766762360575
30464,4863.908010096636
30465,6933.0516196218705
30466,2685.306764510083
30467,4567.998497795646
30468,5058.333321976912
30469,4117.392778701491
30470,3960.8037651357154
30471,5377.848215126252
30472,5909.273950611713
30473,4993.791879176354
30474,6482.093593299298
30475,5268.206638614379
30476,6767.058064016833
30477,4657.834162311978
30478,5503.53980441949
30479,5357.9112485363285
30480,6817.220910227861
30481,6593.728903467459
30482,3957.789723976901
30483,7525.517723490735
30484,6431.792202637132
30485,6118.2522757875695
30486,4310.432510493094
30487,3595.983430962143
30488,6437.801735568107
30489,4840.700748475753
30490,7327.5218727990205
30491,5652.146050019646
30492,4604.356335584452
30493,6736.7952160877285
30494,5187.790443843593
30495,4345.4547418831135
30496,6356.373510781004
30497,4373.661703764139
30498,7651.30494319948
30499,8872.202930647487
30500,6070.603876990284
30501,3809.966462729601
30502,4258.897935966941
30503,3865.415184543282
30504,2597.73249525056
30505,6466.958369615533
30506,4729.653074108598
30507,7140.8058796591595
30508,3683.3680913554927
30509,5049.431862570032
30510,5383.440151240739
30511,7546.071711238277
30512,4225.239633901488
30513,4621.641592034479
30514,4036.9231676997447
30515,6249.820201912653
30516,5231.362463196789
30517,6020.5936678096505
30518,6384.522864032725
30519,7536.985148568739
30520,6337.849834609471
30521,6297.396146613779
30522,5322.724494295682
30523,3751.941805528187
30524,4525.937579718405
30525,8792.441432228334
30526,7291.817879665883
30527,9058.675160580724
30528,13916.647652304457
30529,4261.819879706359
30530,4192.565263168777
30531,5035.5229048098345
30532,7233.900916785193
30533,8229.788715094222
30534,5473.490384813556
30535,6807.49020729483
30536,6538.330017310923
30537,5925.480363508269
30538,5366.051571343297
30539,4551.012823028825
30540,3789.977730042617
30541,4208.760930859357
30542,3247.702942474368
30543,4101.873386810843
30544,6729.300179340591
30545,13938.822863855956
30546,5183.167512215648
30547,4100.679615467891
30548,5810.568431934728
30549,3240.948341316668
30550,5499.099326159084
30551,3877.8465413569284
30552,8037.1626439922165
30553,5793.0700830847845
30554,5371.743158559598
30555,10974.762246133409
30556,10898.140633665605
30557,4363.8109970525375
30558,6182.811075700938
30559,3475.406271729987
30560,4490.963643990296
30561,4618.147589730568
30562,7343.819011306518
30563,3900.1047173492534
30564,3761.076381185581
30565,4778.749857778693
30566,4782.276513519254
30567,5367.099684338345
30568,5720.237743771712
30569,3691.192716008649
30570,6072.9881870525605
30571,6803.770215564022
30572,5796.145075952051
30573,3592.9524091078174
30574,3133.41641069189
30575,6798.54078019152
30576,3837.476145746953
30577,8326.350064129138
30578,3694.876027802159
30579,4651.626359317805
30580,5541.239761500566
30581,5756.482525749381
30582,3942.042009521843
30583,5132.519711234245
30584,5584.691498984842
30585,7657.857166113996
30586,7326.043157297537
30587,4978.458626513585
30588,3612.80051619676
30589,4768.968218192343
30590,5752.936362940573
30591,3866.1850752353525
30592,4724.08532388866
30593,5012.557809698486
30594,9820.424914881361
30595,6221.137842186679
30596,5206.291455801723
30597,6376.280308329784
30598,3899.3722997042782
30599,7699.069377523297
30600,4678.102015932619
30601,10937.455040820554
30602,5049.485844637104
30603,4144.12796862575
30604,4393.535176115903
30605,3500.2292063027226
30606,6123.659860227702
30607,17757.296416834615
30608,3236.979638055191
30609,4217.307497648737
30610,8178.498523270062
30611,5509.146226973714
30612,6008.200827159405
30613,6633.94694265234
30614,4921.554128681686
30615,4514.975415257407
30616,3734.082814167353
30617,8091.220778120154
30618,4834.384091970451
30619,5841.365011740531
30620,6422.399277325898
30621,3944.4294108071645
30622,6833.168924799822
30623,4963.049421279583
30624,3568.5677057922676
30625,7724.29241925846
30626,8548.410527476919
30627,3471.7693511982893
30628,6456.351481192119
30629,5689.808190631563
30630,4851.957261308976
30631,7463.919551965079
30632,5874.8262017479665
30633,6671.792309282226
30634,3908.702628899454
30635,3974.285063798236
30636,6193.257936629067
30637,3428.1192309307253
30638,6377.314762489739
30639,3393.7594041461552
30640,5003.9173298585
30641,3830.3173180208714
30642,5300.232407948211
30643,5455.901208523464
30644,5801.268272693145
30645,5545.173503561664
30646,6706.391159903929
30647,4872.252374473243
30648,6125.473792296406
30649,5397.8277807752
30650,6152.475655353391
30651,7570.534071690692
30652,6340.563607314642
30653,3250.788743731673
30654,5151.733535212001
30655,5990.256598184136
30656,3879.1403193124065
30657,10479.426562136154
30658,4622.730601276109
30659,5871.135321722961
30660,8874.751853823474
30661,6084.018264227398
30662,3230.621790737225
30663,10904.65609556854
30664,8560.64979608788
30665,4986.873143114539
30666,6558.499398323536
30667,8934.81753328187
30668,5239.693157668478
30669,4233.087562806617
30670,5447.554428717052
30671,4691.240590893935
30672,4869.341198947875
30673,6101.41837314144
30674,3897.304280242686
30675,5571.156305917063
30676,5590.8724844809285
30677,6000.655380364438
30678,6113.103507949185
30679,5007.7263852881915
30680,5952.437556059265
30681,5294.000845267047
30682,6291.913915968054
30683,5664.866015642195
30684,5497.00768493146
30685,5187.671661499849
30686,5143.439474395977
30687,7813.081474183252
30688,4735.835760391734
30689,4419.626923793068
30690,5202.12018205828
30691,6288.159710550542
30692,6211.656211946062
30693,3911.2780086729194
30694,3338.47231659418
30695,6278.416546918896
30696,6548.117356902935
30697,4389.663369753087
30698,6344.622712192747
30699,6016.5915106023485
30700,5122.156506401206
30701,4272.061817337487
30702,3175.0723588184214
30703,5591.782623461252
30704,5567.3767834035225
30705,5046.359852042818
30706,7423.434530461434
30707,6926.064595035746
30708,3936.2874850515077
30709,7670.5063542015805
30710,3308.119626406916
30711,2439.0287599064595
30712,6307.977283465074
30713,10382.640111219795
30714,6847.14268795782
30715,5722.683930293515
30716,3628.151934092465
30717,5254.924730164911
30718,6929.984511346935
30719,4493.384402999863
30720,6634.91945672808
30721,3757.940535831963
30722,4380.902588877131
30723,4326.337933082858
30724,4538.539695548857
30725,4510.126474281285
30726,3664.085045896501
30727,3857.310073028032
30728,3515.6638904024344
30729,6054.03130269618
30730,4857.688415501844
30731,4041.397362767774
30732,5656.672262604258
30733,5896.192921843641
30734,4446.934002021603
30735,4583.038786092351
30736,7340.035016334499
30737,6036.4519021557135
30738,5260.928734526915
30739,3096.791282474732
30740,9011.50043436688
30741,5388.257604762722
30742,4060.7056791069645
30743,6579.9047644692855
30744,6393.450002768356
30745,5951.335886225346
30746,5037.261761568719
30747,6037.640241948559
30748,7025.7796116777035
30749,10657.842152357987
30750,3939.2011674769014
30751,3490.445421292142
30752,4445.444112312608
30753,5803.3263537205685
30754,5257.339554977472
30755,7067.316735204151
30756,7098.216873326599
30757,5042.322286356136
30758,3562.942118073599
30759,4913.189028310007
30760,10714.46813870584
30761,3808.156624945494
30762,5925.0111263998615
30763,3529.590939307406
30764,5998.354797192904
30765,5953.450929823786
30766,6160.1039670602295
30767,6843.78347877984
30768,5331.473795230514
30769,3490.3916491381347
30770,5723.546338267502
30771,5784.986782076908
30772,6739.817409202427
30773,6248.954299083024
30774,6695.631887350398
30775,4940.753831368528
30776,3598.591212501864
30777,7914.2258453178365
30778,3901.514553783665
30779,8593.319675749446
30780,5529.550097623368
30781,3414.2377147440975
30782,5841.860679512398
30783,5172.5629013045755
30784,6022.787139588525
30785,7233.041765004034
30786,3459.3237936292253
30787,3644.104757020349
30788,5607.380095805675
30789,6757.602350536447
30790,8639.677582779574
30791,4679.99686785692
30792,5246.930759931383
30793,4415.430358843418
30794,5436.555690396393
30795,4390.284007968185
30796,8089.112153190591
30797,6975.628800433168
30798,10246.61144209833
30799,3941.3278616421962
30800,4789.644738228751
30801,8048.199541368497
30802,9039.78845782069
30803,3753.8264544387625
30804,8531.660193057256
30805,5656.595607680553
30806,4337.247780395863
30807,4514.788571574287
30808,4040.868463006024
30809,4539.363189121882
30810,4510.651364830515
30811,3964.9164630982164
30812,3922.7479892814613
30813,6529.981545456529
30814,6214.645741520833
30815,20576.558694972082
30816,5444.292833495054
30817,3572.691147759442
30818,5625.418265463237
30819,9086.47062555968
30820,4931.624066064019
30821,6104.779505960178
30822,4752.740416698211
30823,7255.327959724045
30824,6076.0622134882415
30825,3624.6541412172483
30826,4530.7141860339325
30827,5439.685252574591
30828,6621.486758063282
30829,5611.8163467202885
30830,7743.4021816070335
30831,3628.4847291267897
30832,3766.9093253827004
30833,4084.229403178354
30834,7813.591564073419
30835,8548.38651870923
30836,7301.231310311637
30837,6267.826576425952
30838,3312.7684863022173
30839,4679.892346971438
30840,3401.8986065177432
30841,6651.462684517665
30842,8058.426381735438
30843,8192.1473755558
30844,4218.947419587721
30845,4176.144669288327
30846,3790.038061834944
30847,5569.5686095541405
30848,8953.324478195069
30849,4950.469966959751
30850,3750.348091156648
30851,3921.9049347664677
30852,6435.767617083133
30853,2986.3449751274165
30854,5969.728421959283
30855,3175.5717783895057
30856,5565.375861671732
30857,5610.818909756811
30858,4582.015915667716
30859,5994.856868627557
30860,5424.617034782219
30861,4186.540648589189
30862,5620.304762269764
30863,5562.3209695426585
30864,8592.494462066072
30865,4921.989811617842
30866,6106.429076442991
30867,7495.089065394578
30868,7627.474846447073
30869,5165.011894778654
30870,6973.178449557531
30871,3221.7486081624475
30872,3979.289383715687
30873,5119.269328488574
30874,5553.259275766065
30875,7594.742950960276
30876,5591.646745257924
30877,4149.892545351403
30878,5489.030864868638
30879,5846.930428434236
30880,6898.099558891827
30881,3246.0484470648307
30882,11486.246477536028
30883,3797.9039103787673
30884,5244.6434033978585
30885,6860.231782127441
30886,3599.838686251035
30887,4620.531714008311
30888,4768.435412063721
30889,5899.180967357236
30890,4197.673927217398
30891,4462.527226581748
30892,6706.797383594687
30893,6329.281254615118
30894,5285.923752512253
30895,4069.9652186422923
30896,6154.477974950289
30897,10397.905411182333
30898,5534.983672218475
30899,5030.151870865844
30900,5022.895348158519
30901,5510.9885361267525
30902,5445.337017852493
30903,6325.216724293749
30904,3209.4533513182982
30905,6083.7494802091605
30906,5107.4353864600025
30907,4975.660048060087
30908,8757.785003630202
30909,3755.6557460964204
30910,4204.651051921299
30911,3771.0586862317823
30912,6287.1725460122625
30913,7590.577934233667
30914,4097.26805263961
30915,3693.5945003736665
30916,5478.808277073277
30917,4647.118709076219
30918,4369.497968051844
30919,7361.218836268916
30920,5299.919907519736
30921,6328.47446706503
30922,4212.470986139375
30923,3861.542021655042
30924,4666.718528642762
30925,7081.245646805844
30926,6225.265329117479
30927,6348.197745919689
30928,6516.165147453984
30929,4940.96045654197
30930,7526.170366677235
30931,4455.753316674534
30932,5232.88438538285
30933,7028.40167457314
30934,4985.997396660886
30935,8511.240309812316
30936,7021.384049443083
30937,5806.010976522357
30938,4505.4151943350025
30939,5985.525963485121
30940,5582.456800658974
30941,4978.525324969941
30942,3270.8215488586798
30943,4570.23140155481
30944,6294.181485256077
30945,4867.2873435739675
30946,3436.999214460119
30947,6505.998875561321
30948,5740.414975918933
30949,5525.731580028731
30950,4684.928199833884
30951,4149.133497356305
30952,5768.303984878153
30953,5551.399497802879
30954,5057.676339834464
30955,4199.365373465857
30956,5066.13509060885
30957,5232.647067163192
30958,3049.5082716937295
30959,5252.843593772328
30960,3871.193405872952
30961,6604.324844324753
30962,6095.107195943917
30963,5137.854893232355
30964,9362.22233499056
30965,4483.98762970216
30966,4089.945745490722
30967,8302.394727565887
30968,5311.925015893937
30969,6303.113110705273
30970,6355.233143354029
30971,4060.345916617723
30972,5090.742193013988
30973,4851.736358208328
30974,6254.44947575468
30975,9221.140537914862
30976,6128.852922102064
30977,2331.4270234828646
30978,4372.567926444731
30979,6839.254193181804
30980,6970.012836171998
30981,4915.555709279913
30982,5387.703804053367
30983,3931.2079891852945
30984,4260.900413779388
30985,2720.820836169158
30986,4091.228724635745
30987,4978.173135145261
30988,5721.319819468098
30989,5126.386686069452
30990,5379.038838967749
30991,6882.0544247938315
30992,6777.014947306136
30993,6326.289384807277
30994,3853.7007360061434
30995,7679.604306377823
30996,7922.015176353872
30997,4055.856005066684
30998,6095.2797512797815
30999,3894.6553677299266
31000,5516.824354939374
31001,2793.183494049292
31002,5922.025933363196
31003,3838.151271524668
31004,7747.097000625917
31005,5734.600068355815
31006,6380.790181958309
31007,7215.619333927793
31008,4484.860678751319
31009,6349.057155114232
31010,16057.157229669732
31011,8078.571163069411
31012,4215.721744892166
31013,2204.232145548916
31014,5030.372824041514
31015,6634.468706140129
31016,5274.446696800041
31017,11128.82399306349
31018,17149.08683517451
31019,3535.8018278202458
31020,3953.7183609449444
31021,7316.021979766838
31022,4160.97479983977
31023,6620.1682202724205
31024,4737.632133439991
31025,6199.836645005733
31026,3828.9496048332226
31027,5514.48141272895
31028,5326.713165883385
31029,6266.273178516421
31030,6760.186064299588
31031,4878.3256645671645
31032,4659.0049717230495
31033,5985.938946337982
31034,3941.0919210363054
31035,4323.021701872607
31036,6648.704534283907
31037,4447.577947178028
31038,4714.904748073706
31039,5695.316086952476
31040,4617.880409904314
31041,5159.814274617907
31042,5491.714324625144
31043,5411.762266177245
31044,7681.916283852985
31045,8611.52819248353
31046,5725.023736683891
31047,4667.185807145244
31048,2805.6303527635027
31049,5377.066205401655
31050,5531.797105472814
31051,4806.503445090611
31052,3929.7520332559275
31053,7527.193189269437
31054,5361.008192222747
31055,9034.576470762537
31056,5453.3755151316
31057,4158.486334242155
31058,4102.231493403155
31059,4265.298151347414
31060,7297.087310833925
31061,4197.767649489244
31062,6877.25140699715
31063,12470.635098231212
31064,6207.244524516276
31065,5130.177771776852
31066,3982.0100567339073
31067,3873.6468366021218
31068,5576.4361204187
31069,3198.9315277778937
31070,4580.633199661401
31071,8453.5457605098
31072,4301.984485601565
31073,12370.724539256102
31074,10744.571069847245
31075,4074.0894278918304
31076,5106.696565316908
31077,5307.785501806259
31078,5481.022118570833
31079,4354.36090655126
31080,9655.752129706281
31081,5831.048630697216
31082,6938.218108819773
31083,3887.0043103751864
31084,6594.3828099338325
31085,4029.430651846662
31086,8283.061771880628
31087,5009.018955167754
31088,4774.505346761181
31089,5548.77369136189
31090,5311.116841525126
31091,6435.0375482737445
31092,8166.291164686414
31093,4998.726282021626
31094,8033.486641470128
31095,5346.596959957612
31096,7973.633398289589
31097,4776.113392370011
31098,4214.3763942430505
31099,4006.7247544574716
31100,6988.470178311586
31101,5235.733229066543
31102,5889.176550972783
31103,5054.33859432944
31104,7286.605654421273
31105,3812.612809087982
31106,7435.862143997553
31107,5746.015336711186
31108,3360.6994354487306
31109,11511.738396341287
31110,14154.5003262662
31111,5671.71986673709
31112,5567.306244629432
31113,6924.0591557954085
31114,8269.802792366694
31115,9604.921547870063
31116,4637.849900607659
31117,6069.727392871627
31118,4649.2316160346945
31119,6321.168076359107
31120,3372.908357577532
31121,4832.462960004589
31122,4226.746878862985
31123,4757.685400511873
31124,6372.170568561872
31125,4061.158989176745
31126,3197.184129682272
31127,5532.978007173986
31128,3199.8634830216497
31129,3646.9104508770515
31130,4718.2950019679765
31131,5171.168028764432
31132,6992.029582286375
31133,7183.18010591937
31134,5758.81316289711
31135,5094.911057187745
31136,5244.8854752552925
31137,9284.392367077362
31138,5731.733080475299
31139,4035.081974547446
31140,4102.976801092205
31141,8648.70774160908
31142,3799.7045220248456
31143,6001.390863566931
31144,2671.3053315689385
31145,4192.326386109206
31146,5596.730671729128
31147,5767.882715343015
31148,4719.717969156493
31149,8135.230867508898
31150,7622.913740229851
31151,10925.922171509723
31152,5029.361795725577
31153,8308.842390853391
31154,2711.7248883613024
31155,4227.123120828588
31156,5189.192952679345
31157,3195.6829393145263
31158,7078.940672086264
31159,4087.7494563803116
31160,4430.804016321651
31161,7223.628976286567
31162,9018.45141367402
31163,7024.739109607669
31164,4468.442329586514
31165,4024.3293561359746
31166,12430.117722803385
31167,7135.776884310439
31168,4720.156223192825
31169,4478.307913389289
31170,5500.9039857650005
31171,7225.032090260265
31172,3803.1654616802693
31173,5009.081734367816
31174,5958.9889080542225
31175,6401.332048132654
31176,11353.35899947237
31177,4678.644908766372
31178,10015.228753153853
31179,5551.159701919714
31180,4188.154388646898
31181,2635.48886686756
31182,5065.608391314389
31183,5007.479293099666
31184,4319.169936996841
31185,6109.093292095358
31186,4112.998932602319
31187,3506.142864392725
31188,5695.785211332889
31189,3023.085155813943
31190,6826.346893535738
31191,5189.212173589167
31192,6354.420519415587
31193,7046.324372101617
31194,3781.2451301696397
31195,7516.799650415614
31196,5900.866885974996
31197,4796.539650665908
31198,5057.449311644847
31199,4953.191257455053
31200,8459.020471370844
31201,5306.447573426845
31202,3809.6685449561214
31203,6075.763531433348
31204,6686.156780556665
31205,5686.035611359627
31206,4764.974186431892
31207,7095.685590365642
31208,4755.683752677871
31209,5088.930662749309
31210,5008.877719887034
31211,7036.379895516674
31212,4568.508633688863
31213,4897.555680285963
31214,4277.297066055189
31215,4460.756728840648
31216,3868.315285603423
31217,4050.372029818158
31218,6753.490459875395
31219,7563.688109097378
31220,9078.15576790361
31221,8748.561295793435
31222,6462.870795072601
31223,7746.067826693872
31224,4532.122249887426
31225,9425.441655151208
31226,8351.59267161925
31227,5604.178114271448
31228,6930.841870669567
31229,6464.041933217592
31230,4534.371108607238
31231,3198.132742986408
31232,9788.693099481905
31233,5095.636262172746
31234,5383.077928007625
31235,5159.478269313678
31236,2021.199047472553
31237,9108.214953246283
31238,5646.576608103441
31239,4886.060561384685
31240,3918.570057418254
31241,4480.429440751851
31242,5511.404426331438
31243,5735.584355869504
31244,5360.6042879030765
31245,5150.169847663309
31246,3901.5196945360135
31247,3415.1474686745487
31248,2564.2136969942403
31249,5669.623569369254
31250,15324.793820803741
31251,3881.21037553496
31252,4899.829784419072
31253,5546.737363125322
31254,4249.212283896211
31255,4109.097454141161
31256,4167.514371918639
31257,3247.1949539543316
31258,6068.307762702002
31259,5520.183430914375
31260,3182.1195354176903
31261,6860.459478910128
31262,3859.9382641773127
31263,4098.631341885854
31264,9393.992380824478
31265,6143.751214373501
31266,8937.278887007622
31267,3814.3022034281785
31268,5273.529466000119
31269,3768.013360421269
31270,4285.294325373572
31271,13750.316883539466
31272,8534.257886723324
31273,5298.061518481714
31274,4310.105585044204
31275,3716.3880888421745
31276,4604.788841173813
31277,3626.664501517715
31278,8444.547884429727
31279,4557.408751339564
31280,4664.757256291987
31281,5737.834291690192
31282,3682.3911916713605
31283,5070.794362153983
31284,5486.1815647727135
31285,5934.531383707414
31286,5347.681670469865
31287,3281.2568953442587
31288,5072.512097077785
31289,4985.116200848523
31290,7099.239737270547
31291,6741.948351807119
31292,5480.2824023412395
31293,3461.669172184594
31294,6821.432683914813
31295,4809.667811741072
31296,3949.4263225265763
31297,5685.793154270442
31298,5892.180416934983
31299,5161.881516033146
31300,4995.286031543396
31301,5028.1338260627945
31302,5698.112227520708
31303,4730.477638841962
31304,5667.197280928544
31305,5850.686314588627
31306,4164.271519636626
31307,7914.376301671258
31308,5238.266340492231
31309,3801.7744071263546
31310,9589.734203326776
31311,4641.875014429873
31312,3119.5929771355704
31313,6088.981853760364
31314,7565.628709622998
31315,8053.605464072168
31316,4473.971206897267
31317,4575.7266007757535
31318,5377.052897166257
31319,6173.623025136237
31320,4701.875040526507
31321,6767.0834283463155
31322,2561.2049036544413
31323,4526.560480439805
31324,4898.107847361659
31325,4048.5437151155515
31326,3767.612568294836
31327,5375.376391869744
31328,5961.519823980659
31329,4992.546865927212
31330,6451.56996224102
31331,5059.348954514541
31332,6599.660758848047
31333,4444.076421157798
31334,5521.331807187753
31335,5362.57641677381
31336,6345.715760180468
31337,6946.691712184471
31338,2601.684959679123
31339,7326.360643240551
31340,6155.0538237755145
31341,5809.233016176339
31342,4327.843297411976
31343,3511.439468528845
31344,6232.5262373362575
31345,4935.746723231486
31346,7378.874616314254
31347,5166.074794794581
31348,4545.400309336562
31349,6120.241233740346
31350,4990.640105050745
31351,4101.7274754604605
31352,6453.371253715854
31353,4029.522998098768
31354,7518.445218438958
31355,8737.681880210084
31356,6083.994315472377
31357,3711.3382997328877
31358,4145.045132881776
31359,3671.584612242396
31360,2645.1605789468204
31361,6436.159807038431
31362,4520.747912645471
31363,7109.873582233037
31364,3406.658550711803
31365,4871.442037237869
31366,5334.7858325773805
31367,7852.787262044833
31368,4208.154037718331
31369,4558.759642401628
31370,3989.98685410887
31371,6199.259378211262
31372,4726.047841915282
31373,5975.6309864800705
31374,6353.071353035801
31375,7518.81844693321
31376,6087.33142108563
31377,5992.67155759135
31378,4808.258117488892
31379,3695.9076370755506
31380,4135.643544975566
31381,8981.113342143575
31382,7255.912952948198
31383,8824.00901374066
31384,13948.117132759176
31385,4114.632326474455
31386,3905.1152927771536
31387,4889.450106633532
31388,7031.5498003217
31389,8148.878082029348
31390,5254.770523356884
31391,6324.110929391403
31392,6375.7601231829985
31393,6052.403579050184
31394,5096.890391574717
31395,4093.1387522163623
31396,3740.064545782903
31397,4088.4530260886054
31398,3268.7666273908144
31399,3995.590153342745
31400,6463.490925219379
31401,13844.181091229104
31402,5215.135972970186
31403,3970.89912811982
31404,5982.679584539857
31405,3034.4796894036394
31406,5375.66341655992
31407,3560.6555145072352
31408,7564.050010170775
31409,5565.016757477199
31410,5135.063751195689
31411,10703.098071739973
31412,11128.43216270065
31413,4397.786098311033
31414,5947.881712836354
31415,3341.8414900598254
31416,4688.036937909508
31417,4681.250798357864
31418,6999.327094783857
31419,3785.680934185709
31420,3667.835481743256
31421,4844.93169289506
31422,4453.1951842773515
31423,5345.7113101814475
31424,5359.533157900665
31425,3613.3472541888127
31426,5662.482437979031
31427,6679.42462050139
31428,5563.424765750207
31429,3482.8639958603203
31430,3159.4138401571863
31431,6528.9096692915655
31432,3831.5382948954193
31433,8210.717195088822
31434,3390.07617769453
31435,4323.8744013714295
31436,5240.016216277658
31437,5355.375846097964
31438,3885.818530132623
31439,4995.447077394112
31440,5522.333149476186
31441,7684.982387486919
31442,7405.725311382532
31443,4606.480196100115
31444,3498.086238640334
31445,4737.42030244586
31446,5778.513781084164
31447,3788.7540455109006
31448,4528.492518863252
31449,5024.337625509975
31450,10005.283398496349
31451,6182.340611294524
31452,4989.166203769068
31453,6386.85303862697
31454,3843.889730278246
31455,7658.45733368134
31456,4350.920524244523
31457,10811.113431431693
31458,4831.2864992946015
31459,4046.92951270012
31460,4372.7313541449
31461,3131.92481988631
31462,6151.33229877551
31463,17312.69925566406
31464,3471.195027678285
31465,4024.1576331304204
31466,7806.388962448255
31467,5524.624466011974
31468,6112.809647974421
31469,6588.339589266923
31470,4797.774888423225
31471,4441.830682879391
31472,3472.4021827538954
31473,7962.00577430771
31474,4620.298839749645
31475,5788.659020180651
31476,6598.778310225024
31477,4147.539599985566
31478,6726.183166580343
31479,4716.435824407806
31480,3615.737048417285
31481,7724.944018972801
31482,8080.447527430754
31483,3551.99841274265
31484,6024.116297184517
31485,5132.789341340494
31486,4705.655547029952
31487,7158.909440712076
31488,5410.5889444234235
31489,6334.11163592136
31490,3670.8925069228526
31491,3767.4693115475343
31492,6975.507794497086
31493,3059.6388265641217
31494,6363.667826713464
31495,3570.701305212467
31496,5008.267852964739
31497,3892.4647247850453
31498,5082.4231917595735
31499,5504.512517597819
31500,5738.716807293517
31501,5195.6792712663155
31502,6405.829458658665
31503,4595.191191177295
31504,6148.407663413855
31505,5621.8718264803065
31506,6704.676765680896
31507,7565.485623873937
31508,6256.46333110181
31509,3257.303038821115
31510,5219.931368972405
31511,5868.643922759771
31512,4202.426316183939
31513,10138.073844026418
31514,4501.725454149753
31515,5660.227267365607
31516,8414.587815420444
31517,5613.65637790985
31518,3109.6941322597313
31519,10904.283678919966
31520,8450.583166067192
31521,4964.771608191388
31522,6410.562264940502
31523,7908.750981313951
31524,4959.570021373996
31525,4326.149472665599
31526,5364.536968639119
31527,4600.166269172132
31528,4841.49669630609
31529,5936.468511402262
31530,3732.0963927376847
31531,5758.209365854697
31532,5428.921253486099
31533,5785.564822852196
31534,5907.559941541968
31535,4883.969452852131
31536,5827.9935019074765
31537,4797.794162285978
31538,6121.354697965697
31539,5702.517790992079
31540,4945.23878639435
31541,5307.989372935856
31542,5018.411916297995
31543,7518.738683022177
31544,4548.7992813814135
31545,4458.228568193169
31546,4704.051219523273
31547,6064.291511045579
31548,6185.065715124189
31549,3956.12386488901
31550,3206.532634552004
31551,6919.265622957576
31552,6203.771149589585
31553,4315.305789418834
31554,6143.388753035254
31555,5905.287348049673
31556,5544.13073990301
31557,4008.609165220844
31558,2800.814768967055
31559,5383.139591998969
31560,5324.721831757277
31561,4813.4306371398825
31562,7365.384072097241
31563,7328.033240099362
31564,4073.759601260204
31565,6577.505922280441
31566,3409.009832758593
31567,2392.356756041357
31568,6096.629156008838
31569,10662.991670519874
31570,6111.3133592121685
31571,5784.524146766787
31572,3502.5471049218354
31573,5317.453701714163
31574,6849.359026818438
31575,4489.584729979748
31576,6436.142462275842
31577,3787.2365515129477
31578,4272.633094795608
31579,4388.775991584196
31580,4257.452478140915
31581,4670.6328576984215
31582,3672.9473676138036
31583,3532.8545578617495
31584,3492.9824620448144
31585,6193.485314276219
31586,4838.479828070389
31587,3968.293127278866
31588,5415.128536427685
31589,5639.939142755402
31590,4356.641173187085
31591,4721.954778319658
31592,7010.9252799191
31593,6068.015400229713
31594,4876.230322509815
31595,3140.127947376527
31596,8786.299535148722
31597,5054.716362881701
31598,3879.6314310591415
31599,6452.632012907994
31600,6782.001600881607
31601,5860.437219093578
31602,4882.896076169435
31603,5891.330209503378
31604,7036.284514317061
31605,10639.987382469435
31606,3833.9160320887554
31607,3432.323147039674
31608,4012.917124474346
31609,5461.898889372736
31610,4891.201885536949
31611,7957.00187306319
31612,6773.71079866201
31613,5070.018568193267
31614,3289.6309253937807
31615,4761.072993563645
31616,9555.032960301758
31617,3677.3675190192257
31618,5668.61754642337
31619,3463.1514842737506
31620,5594.578088583213
31621,5846.406004266098
31622,6078.690954882687
31623,7036.119708039946
31624,5205.044326892599
31625,3403.4612096258866
31626,5205.587792171664
31627,5941.413020898521
31628,6542.238689649661
31629,6077.130557321005
31630,6220.250292034893
31631,4481.85097180132
31632,3578.16201923546
31633,7913.499465002515
31634,3865.949088525755
31635,8532.913759669373
31636,5248.700299091006
31637,3506.814965939921
31638,5752.249962333905
31639,5014.902875109702
31640,6267.906499220285
31641,7393.546523593334
31642,3309.69931181183
31643,3520.985984704533
31644,5612.332553217592
31645,6440.606529500445
31646,8838.799553769193
31647,4770.50003085812
31648,4924.236074480038
31649,4302.28050829305
31650,5069.28222473501
31651,4242.851905135447
31652,7926.711790739302
31653,6817.954263831852
31654,10367.967278278513
31655,3975.4983099675705
31656,4771.867434325071
31657,7627.785215936592
31658,8697.345150173742
31659,3687.7975916080118
31660,8139.228867093331
31661,5691.845897988394
31662,4186.988840666806
31663,4189.35665516319
31664,3935.506710267099
31665,4470.750782447273
31666,4466.73365395357
31667,3915.5004417097593
31668,3831.957153579733
31669,6501.710664649172
31670,5712.568136618535
31671,20023.814754246847
31672,5178.161977832985
31673,3743.3378406419033
31674,5783.239155481749
31675,10441.230418135598
31676,5277.495311761319
31677,6139.8995273338605
31678,5064.885687652571
31679,7133.039423269413
31680,6192.252608572472
31681,3775.836723523538
31682,4676.553007168212
31683,5619.49579762556
31684,6959.063995481763
31685,5630.588801236429
31686,7976.458658114795
31687,3761.241640924731
31688,3988.417919363577
31689,4167.254013962146
31690,7851.120654191271
31691,9285.64477707958
31692,7891.029251819688
31693,6288.6603538128775
31694,3754.3447397403415
31695,4831.085904480197
31696,3515.290887300792
31697,6719.397827705055
31698,8287.530794401377
31699,8343.215816438642
31700,4315.232775570483
31701,4102.764326193903
31702,4367.78673529449
31703,5861.130802351167
31704,8488.970956526213
31705,5183.9859659993135
31706,3782.6154602928264
31707,4066.049672859831
31708,6498.712009364162
31709,3081.52330850729
31710,6108.904416055116
31711,3271.206531280486
31712,5623.82188698175
31713,5748.285046495138
31714,4813.851600792593
31715,6292.861185022099
31716,5671.275260481779
31717,4337.60737407879
31718,6006.17533537204
31719,5461.705429879921
31720,8673.24971929498
31721,5077.820031692236
31722,6317.376980852128
31723,7543.151513870864
31724,8247.407826973607
31725,5343.444158717283
31726,7218.282442457171
31727,3464.7488739953706
31728,4511.291491442077
31729,5279.629487740206
31730,5655.2782643523215
31731,8016.0644232998175
31732,5854.087446111937
31733,4491.226951852604
31734,5721.139176227666
31735,6052.456562144619
31736,7231.855440474312
31737,3190.5958357504633
31738,11325.337926698929
31739,3984.307088703539
31740,5492.255814617531
31741,6990.865179388378
31742,3943.8826784818034
31743,4572.098188929268
31744,4836.411166664058
31745,5999.535360498938
31746,4294.207086432245
31747,4702.668033134825
31748,6910.788688590457
31749,6535.501368014353
31750,5390.542180589323
31751,4329.768782785898
31752,6426.743285295568
31753,10846.572555145889
31754,5959.427746076951
31755,5183.572698139888
31756,5143.001561139426
31757,5672.892083886493
31758,5764.620129408032
31759,6646.110307774234
31760,3199.3933552657763
31761,6300.382196436079
31762,5229.497089079835
31763,5343.266803665774
31764,8988.211242620737
31765,4111.774107439179
31766,4433.451113121996
31767,3856.3775442397146
31768,6505.360548761153
31769,8149.253953578412
31770,4351.126061228796
31771,3606.176941871618
31772,5730.689226185831
31773,4762.235953570719
31774,4645.965251947048
31775,7812.068796778257
31776,5630.298500564124
31777,6545.675613430236
31778,4554.23754448053
31779,3911.747165596653
31780,4919.41962351697
31781,7531.007091702855
31782,6733.563385668321
31783,6174.273078435266
31784,6219.5124850140255
31785,5233.411952732882
31786,7770.574976638473
31787,4338.269854613984
31788,5177.664282095531
31789,7504.523986424757
31790,5196.053086568077
31791,9012.38032773986
31792,7000.785262124245
31793,6246.429651245532
31794,4791.4417066714805
31795,6111.26331131475
31796,5843.3264914059355
31797,5155.668741558959
31798,3475.8994907863485
31799,4868.766097919371
31800,6608.702482523471
31801,4853.449183123623
31802,3602.0446789695784
31803,6703.389477625385
31804,6065.665058222491
31805,5731.607594832434
31806,4889.917407648229
31807,4194.861523473412
31808,6117.073520525439
31809,5702.302820985293
31810,5379.55357489495
31811,4415.331442834361
31812,5433.000692951289
31813,5344.48295276291
31814,3265.0121301568483
31815,6182.884378362542
31816,3980.827554077695
31817,6856.443578248909
31818,6428.763493745983
31819,5369.340556354464
31820,9830.72427781545
31821,4401.015297430276
31822,4087.605744007146
31823,8638.406168918376
31824,5273.3225928955235
31825,6408.064293406509
31826,6525.247947938991
31827,4081.304945147411
31828,5353.431504815575
31829,5108.824948359292
31830,6666.440144067046
31831,9469.411227462206
31832,6784.85469030752
31833,2438.599097114621
31834,4106.7596451824
31835,6712.0139924130535
31836,6961.651825938032
31837,5005.049566124647
31838,5652.306066958093
31839,4116.088976717385
31840,4597.824400915543
31841,2739.8268708894043
31842,4293.4663627051095
31843,5245.616011750028
31844,5776.166049708726
31845,5664.701010504471
31846,5259.077085967467
31847,6725.046342453145
31848,7102.428491026695
31849,6509.160004097434
31850,3951.4158308804267
31851,8214.070097033904
31852,7932.715825447671
31853,4317.661199548505
31854,6470.9604867361995
31855,3933.133435266252
31856,5382.19051671348
31857,2941.221317187118
31858,6119.675940921993
31859,3722.924206514776
31860,8080.481992783561
31861,6026.668217470376
31862,6612.888875799416
31863,7537.727384030875
31864,4595.623791690505
31865,6510.302012746477
31866,16433.408669054155
31867,8429.061820992136
31868,4460.145105291428
31869,2231.935432223606
31870,4861.522096406279
31871,7365.689006977616
31872,5663.532050177696
31873,11372.822663556037
31874,17244.789772687407
31875,3633.561403314305
31876,4186.151914981703
31877,7527.788152242584
31878,4024.4552002314085
31879,6772.631975342454
31880,5087.364074311064
31881,6252.0944771034165
31882,3896.5078969452484
31883,5708.752846548479
31884,5452.403788693938
31885,6490.359762662723
31886,7007.805807652108
31887,5060.512118024775
31888,4727.318342604318
31889,6233.087752261756
31890,4223.7540823644495
31891,4419.734830434312
31892,6831.132595012816
31893,4805.5973923025185
31894,4869.736694227295
31895,5797.802379197546
31896,5306.945515469551
31897,5278.475460088481
31898,5970.491685778297
31899,5665.3569061422695
31900,7909.961319491653
31901,9488.185266226048
31902,6218.316921490755
31903,4796.729585369658
31904,2898.0044790599536
31905,5624.962976051079
31906,6005.07035362141
31907,4985.483094795156
31908,4226.955246669005
31909,8110.631165303435
31910,5418.066777437387
31911,9257.911759944449
31912,5808.558050266986
31913,4374.982158362879
31914,4174.910205410041
31915,4413.638103918267
31916,7681.455549127715
31917,4246.556302990343
31918,7084.752914889899
31919,13690.554108321227
31920,6346.711601583923
31921,5235.771209492198
31922,4027.571447322169
31923,3848.707186635228
31924,5504.420510064016
31925,3195.233392351313
31926,4902.761980259472
31927,9081.417409424737
31928,4224.780352767885
31929,12089.6500603094
31930,11431.309373289263
31931,4171.959877923105
31932,5441.513729379128
31933,5850.050315407789
31934,5685.821022819195
31935,4409.92301712833
31936,10124.66870643619
31937,5735.698618919708
31938,7797.2115142358725
31939,4213.4770752454815
31940,6607.706781693983
31941,4088.3433085152797
31942,8771.06931655146
31943,5222.907205721292
31944,4726.641285608557
31945,5596.939116250876
31946,5370.471777766934
31947,6252.3003183649025
31948,8796.595660321047
31949,5069.173365693324
31950,7882.657448168774
31951,5513.843372872778
31952,8694.53821424914
31953,5250.544658449228
31954,4388.749985260538
31955,4072.6667059388074
31956,7028.5803962491245
31957,5386.335568020485
31958,5832.251229798511
31959,5168.589668094839
31960,7288.142115135058
31961,3905.4195611201712
31962,8746.574556945414
31963,6270.287438166188
31964,3448.1065972663887
31965,11422.00436081835
31966,14671.670194420674
31967,5866.196370501693
31968,5598.552297080343
31969,7587.894808835481
31970,8316.095790496407
31971,10297.79931625839
31972,4928.134732841108
31973,5933.397807563805
31974,4774.354815674207
31975,6574.072980922461
31976,3438.077740514604
31977,4984.517955784487
31978,4377.295548190047
31979,5020.79281643401
31980,6299.822104561073
31981,4231.5691419759
31982,3230.040025080254
31983,5684.510317523451
31984,3378.064922248185
31985,3698.933502209229
31986,5064.899810733805
31987,4765.025117632732
31988,7141.810199745515
31989,7636.047369183266
31990,6264.06815416779
31991,5229.167741095831
31992,5388.564481054159
31993,9925.251368633504
31994,5875.778481229416
31995,4081.950910109809
31996,4240.433638653575
31997,8799.01597593382
31998,3810.192650571382
31999,5785.425891976508
32000,2864.998809719304
32001,4105.262836752651
32002,5812.6938665198295
32003,5890.16661567595
32004,4922.772335163859
32005,8477.655987754873
32006,7669.817634261915
32007,11286.50172509603
32008,5441.497484974969
32009,8521.828901063504
32010,2710.3736931484123
32011,4377.622141820132
32012,5114.840943643525
32013,3241.041291412671
32014,7329.6485676567745
32015,4080.026180543538
32016,4639.102292726203
32017,7162.521985398469
32018,9523.718768318658
32019,7210.470581770178
32020,4734.682112944578
32021,4341.366042608448
32022,12377.76894057009
32023,6932.792284949912
32024,5060.740819323995
32025,4591.48041261434
32026,5704.852468789133
32027,7849.202284598448
32028,3806.868233717441
32029,4985.063337219838
32030,6128.798753622709
32031,6167.3574676537355
32032,12376.44184823726
32033,4754.490186952263
32034,10295.47536122577
32035,5823.8771493233535
32036,4336.501270974184
32037,2910.9899177224506
32038,5399.745788190444
32039,5242.797282356897
32040,4619.511771145241
32041,6112.052225951453
32042,4328.331181430193
32043,3490.8451535287663
32044,5723.129699454631
32045,3168.1224221026887
32046,7259.7396466720365
32047,5383.931770045161
32048,6986.204410735446
32049,6932.501729823406
32050,3841.966592608444
32051,8192.035011885175
32052,6146.443210257098
32053,4911.727940656422
32054,5248.057021230395
32055,4740.397420969071
32056,8995.324347841284
32057,5602.5212280507785
32058,4012.7163803578323
32059,5791.870916478563
32060,6624.045093773777
32061,6023.100672575976
32062,5070.589653669552
32063,7229.617363702459
32064,4957.474460701141
32065,5268.561233209955
32066,5294.9897713898
32067,6811.810799447732
32068,4964.210485017889
32069,5352.8384309796365
32070,4358.9540151561205
32071,4658.027951299813
32072,4113.604045033303
32073,4216.884739151848
32074,6993.426482156812
32075,8445.336621275548
32076,9131.718750281065
32077,9203.143113260301
32078,6804.008505045999
32079,8096.56722905605
32080,4794.434962967186
32081,9485.712445530788
32082,9086.413660588692
32083,5704.086155030134
32084,6964.657432918008
32085,7215.338346193294
32086,4733.8162113229055
32087,3482.882113595993
32088,10427.289624108269
32089,5369.81276519817
32090,5619.911611641491
32091,5538.742103584905
32092,2030.7046267297699
32093,9000.020437795441
32094,5895.0533329493455
32095,5174.535145622234
32096,4110.270832056072
32097,4644.316480227792
32098,6302.676350260552
32099,5951.115490972953
32100,5531.689948711149
32101,5318.804460802769
32102,4026.5591960403094
32103,3263.318137473939
32104,2763.3295293135016
32105,5808.3610271968455
32106,15472.955802575976
32107,4073.7522945437468
32108,4948.283362458659
32109,5357.611378310116
32110,4565.5993120932535
32111,4187.861238545062
32112,4269.234205064098
32113,3361.7256258195566
32114,6339.155179749832
32115,5468.210877323718
32116,3381.557156410021
32117,7163.819478568248
32118,4112.773839975932
32119,4328.039976604804
32120,9794.187950206773
32121,6473.785718876924
32122,9493.870227130983
32123,4088.987256592354
32124,5740.229736483969
32125,4049.9430541911497
32126,4557.724569891682
32127,13748.035242189446
32128,8879.769688699525
32129,5407.312439709602
32130,4577.198600042244
32131,3812.3710386459097
32132,4807.839477387352
32133,3704.2059949112745
32134,9497.751433957043
32135,4878.272265430602
32136,4928.041089240438
32137,5766.1987371756795
32138,3846.7481471818965
32139,5501.683840822805
32140,5945.110985059116
32141,6207.826227834893
32142,5544.02308140122
32143,3409.0351349943867
32144,5317.433670929803
32145,5098.487235786715
32146,7562.691063940033
32147,7054.699497239151
32148,5820.825034009242
32149,3683.841929526062
32150,6939.482339167207
32151,4875.99917330931
32152,3996.9252994305057
32153,5873.999238796938
32154,5956.69967779518
32155,5054.811013196732
32156,5260.2011878099665
32157,5316.038922947962
32158,5821.897999508842
32159,5092.029123487982
32160,5992.9080211446735
32161,6002.158341187133
32162,4427.257875414476
32163,8317.243133471913
32164,5330.76822473792
32165,3853.9841968572314
32166,9581.568125515967
32167,4954.1980373441875
32168,3025.010959688907
32169,6769.869734039109
32170,7793.956380052191
32171,8590.576498251108
32172,4776.304880270686
32173,4882.353004843785
32174,5623.712642194324
32175,6123.125994146172
32176,4822.813361191551
32177,6548.193530410104
32178,2770.9466985110726
32179,4673.881673965396
32180,4905.222883526937
32181,4204.303898020778
32182,3988.5475639603833
32183,5622.029347482789
32184,6025.380041771439
32185,5375.663544539525
32186,6825.286764462187
32187,5307.107412555947
32188,6858.3779435638735
32189,4347.062223726473
32190,5774.360988814735
32191,5649.599834167574
32192,6605.457034973853
32193,6657.208987910285
32194,2776.8572679654408
32195,7508.230379489687
32196,6389.315370239727
32197,5921.95199844407
32198,4468.151900607963
32199,3920.693484093619
32200,6639.415879619816
32201,4745.472274203591
32202,7051.810294461477
32203,5521.884078494632
32204,4746.512090988473
32205,5987.314307934879
32206,5275.497789625205
32207,4303.493627901666
32208,6712.808112412201
32209,4053.7260143633507
32210,8016.17956625708
32211,8518.490323327274
32212,6905.417690622667
32213,4001.058109192769
32214,4376.29321870874
32215,3832.652157569624
32216,2764.116369397743
32217,6510.586536304163
32218,4682.888166496888
32219,7746.096633417852
32220,3559.717138126137
32221,5101.733130727264
32222,5749.351158424932
32223,7950.422061586659
32224,4254.1343897431625
32225,4798.246278619801
32226,4036.8142967643694
32227,6828.3245429377
32228,5056.845441472372
32229,5758.524097317671
32230,6461.708177564809
32231,7943.69011540408
32232,6278.582758897137
32233,6247.883876239304
32234,5047.7759329570445
32235,3931.8057756392336
32236,4240.4215453486995
32237,9247.43607054868
32238,7464.921271084538
32239,9630.24809828537
32240,13704.733371684026
32241,4383.62470281842
32242,4073.792778722197
32243,5104.502452842507
32244,7077.324487125292
32245,8382.866105852454
32246,5373.373935427588
32247,6831.618251723727
32248,6177.6512524243535
32249,6478.82141690024
32250,5218.0760663345945
32251,4230.174689732518
32252,4095.557658218807
32253,4211.5914721797735
32254,3254.9443925212686
32255,4000.020061143352
32256,6594.459291879916
32257,14837.184117703662
32258,5422.928700436587
32259,4217.987984360705
32260,5822.248064714641
32261,3113.949217416349
32262,5338.329775364437
32263,3792.04456512431
32264,8341.705362899142
32265,5733.24555060734
32266,5514.7954360637705
32267,10881.112770228394
32268,10508.892928488878
32269,4298.623642658278
32270,6415.56705122812
32271,3424.548012702119
32272,4774.435542123438
32273,4884.7222615013725
32274,7352.213054037499
32275,3977.7463096110846
32276,3812.3920920377427
32277,5287.990053358889
32278,4782.1826610576645
32279,5787.388790530823
32280,5282.770255717292
32281,4090.9263086287224
32282,5947.623568201936
32283,6769.335050553669
32284,5550.931855381721
32285,3606.378150827139
32286,3154.7704602648464
32287,6718.35773768619
32288,4059.9922984963428
32289,8333.33848789444
32290,3536.6616395793485
32291,4529.899918014034
32292,5300.7979608452715
32293,5689.226515186481
32294,4047.703202813976
32295,5031.847081998521
32296,5581.831684680921
32297,8094.554946592815
32298,7398.768576373073
32299,4757.378097912189
32300,3745.282807825994
32301,4955.570964120211
32302,6212.8969154911465
32303,4069.2367046473246
32304,4858.816952744195
32305,5193.984568390169
32306,10609.63010793624
32307,6535.170420904876
32308,5297.361281051622
32309,6563.416934306519
32310,4113.234401654146
32311,7869.754543905896
32312,4859.103688025507
32313,10825.19722072372
32314,4974.746813485692
32315,4248.245630780153
32316,4351.615292574803
32317,3538.728691378911
32318,6489.727194930916
32319,17948.639728922186
32320,3194.9549569472974
32321,4044.1658032540618
32322,8710.876987378948
32323,5768.631766902109
32324,6301.8597690903725
32325,6667.635615232253
32326,4777.481837377448
32327,4384.247427191389
32328,3799.4412216175156
32329,8677.212410816996
32330,4838.315093185479
32331,6156.349588758225
32332,6743.775236708498
32333,4439.8080529380895
32334,7068.218755518235
32335,5182.486568943856
32336,3768.248631487938
32337,8281.691758717185
32338,9282.203038846535
32339,3714.49306919872
32340,5880.468687366634
32341,5347.267509610232
32342,4776.959094047131
32343,7423.440194663447
32344,5519.036588622956
32345,6389.657445760865
32346,3878.9732700276672
32347,3878.3677338859643
32348,6701.039881033548
32349,3276.7114136743703
32350,6814.9269967998
32351,3440.7876316092825
32352,5168.42314134052
32353,3933.2684411579903
32354,5408.483642504803
32355,5539.851591493092
32356,5875.316589370163
32357,5429.991709598353
32358,6705.725711449009
32359,4865.359879982132
32360,6488.8917422527165
32361,5707.932338671041
32362,6310.361917945303
32363,7938.808124889839
32364,6589.39182153003
32365,3276.322944153344
32366,5600.066036387304
32367,6314.8881875316865
32368,4329.431028349968
32369,10577.155275133415
32370,4670.989349139594
32371,6081.974586898279
32372,8920.217752610635
32373,6229.2000832499325
32374,3210.247517511785
32375,11468.955352556266
32376,8929.005851227676
32377,5031.435762489319
32378,7016.466618391877
32379,9282.846799102366
32380,5114.179443832999
32381,4638.139466692401
32382,5450.52092299084
32383,4814.659174469955
32384,4999.934221996407
32385,5775.027862759696
32386,3794.7600304040843
32387,6550.0341208705895
32388,5380.740482497214
32389,6036.46728814749
32390,5746.509897209256
32391,5207.141218372441
32392,6501.651015539837
32393,5146.624226936316
32394,6505.156073274395
32395,5746.420562157761
32396,5225.824760570144
32397,5374.696108902089
32398,5443.059613521964
32399,8333.16257093978
32400,4534.67801908051
32401,4790.138848080324
32402,5069.844736487087
32403,5892.683686640132
32404,6617.661586189833
32405,4075.634163948175
32406,3527.2417083714927
32407,6535.049523666709
32408,6234.463895240463
32409,4678.481382086042
32410,6261.405819648798
32411,6097.903400747611
32412,5150.286084960576
32413,3965.129796433847
32414,3107.2422351128703
32415,5527.369787106704
32416,5393.997119925484
32417,5216.309644796348
32418,7814.4377334855635
32419,7248.877570586825
32420,4056.2495035618763
32421,6872.555065736474
32422,3580.2474783880784
32423,2593.266213425562
32424,6361.142705698784
32425,11416.921131098412
32426,6124.159256211471
32427,5808.773306674015
32428,3735.116720336724
32429,5536.93951003595
32430,7181.906262663419
32431,4717.364226827077
32432,7048.952465007863
32433,3841.11215571383
32434,4534.807967177285
32435,4635.6674324135165
32436,4225.139109593062
32437,4498.398762885511
32438,3620.5387169001087
32439,3614.6921859805852
32440,3714.3645373919003
32441,6356.22283762192
32442,5265.627409807413
32443,4086.6640201067103
32444,5882.121380899212
32445,5700.281796078516
32446,4539.988051825415
32447,4908.254788447659
32448,6821.922253202042
32449,6078.864157215897
32450,5007.457436490768
32451,3094.7408576610546
32452,9720.804381730506
32453,5208.854560410355
32454,4181.442495957332
32455,6743.092699384463
32456,6917.449022218474
32457,5834.430429048311
32458,4908.673254442046
32459,6232.110679004215
32460,7555.079354208357
32461,11093.957698086791
32462,3921.1596466466017
32463,3559.2023278861625
32464,4036.7093610911907
32465,5580.4753449513455
32466,5054.721656709932
32467,7425.32089513365
32468,6958.528281299054
32469,5258.944073317001
32470,3376.3604217058833
32471,5259.826086486744
32472,10825.399182597022
32473,3749.147073847115
32474,5802.5814543566685
32475,3673.555410029137
32476,5747.90486028595
32477,6163.4862791771675
32478,6120.046505486592
32479,7262.360520587222
32480,5479.92320115578
32481,3517.5801583697403
32482,5265.33909018852
32483,6321.533597788637
32484,6891.742375764803
32485,5941.372684579592
32486,6383.683300722407
32487,4642.028709857661
32488,3768.0208091140744
32489,8292.704762383903
32490,4114.800732183547
32491,8890.840966550597
32492,5566.017164106373
32493,3555.629336960021
32494,5976.685968610859
32495,5430.6601154018645
32496,6114.026371643145
32497,7578.047018408637
32498,3459.0911608716383
32499,3630.1926778798525
32500,5801.420023241393
32501,6920.733972305403
32502,8920.9228534222
32503,4895.1164960444985
32504,5449.512463323753
32505,4606.877275998983
32506,5242.768573898368
32507,4225.375327805708
32508,8072.691421399364
32509,7262.791815445667
32510,11205.04030042978
32511,4217.883452992424
32512,4802.105757328959
32513,7694.294859601459
32514,9379.10311783739
32515,4006.7082384604973
32516,8665.839138984296
32517,6102.092982492904
32518,4395.902304460817
32519,4433.2303909959855
32520,3996.053836563605
32521,4790.339870791341
32522,4657.441676665528
32523,4193.655956800318
32524,4008.990251410037
32525,6456.8237006768595
32526,5811.429210716463
32527,20705.533820698078
32528,5327.429463365595
32529,4005.3571632558806
32530,5833.142808590346
32531,10975.766028129112
32532,5442.861717320773
32533,6774.00675266401
32534,5502.986492569746
32535,7586.953147520766
32536,6499.9719411624155
32537,3885.1694988032204
32538,4939.305011388881
32539,6130.5201355114705
32540,7288.250514670648
32541,6104.905679097919
32542,8517.650088230972
32543,4202.545772502491
32544,4246.285671252513
32545,4628.490494345732
32546,8322.665796398123
32547,10028.319497660976
32548,7979.049787400925
32549,6757.153565856993
32550,3607.357985287263
32551,5190.682541623401
32552,3782.05601178667
32553,7417.225490103616
32554,9029.248127777399
32555,9106.199978318506
32556,4746.498966269075
32557,4247.678973483902
32558,4192.776548628357
32559,6440.620371240732
32560,9058.022189149582
32561,5647.083323218301
32562,4315.615516550932
32563,4343.990090902737
32564,6709.922346705065
32565,3402.9877434772347
32566,6534.14861024595
32567,3575.4685555542123
32568,6404.261277774297
32569,6559.811189180735
32570,5105.175542002826
32571,6911.219482004444
32572,6045.200595776712
32573,4605.489440171928
32574,6202.448364909981
32575,6197.017979640412
32576,9448.437777580326
32577,5768.771471836287
32578,6778.812634068503
32579,7981.126575028136
32580,8572.655256094822
32581,6047.014315042243
32582,7599.549266437955
32583,3678.5911727442617
32584,4698.078570811335
32585,5628.146120122434
32586,6515.846048083293
32587,8863.716177927497
32588,6615.317179133162
32589,4951.700661461328
32590,6485.668334713127
32591,6644.988428884246
32592,7593.972044487668
32593,3437.2787655725715
32594,11661.660724259218
32595,4101.985024594074
32596,6089.591648095734
32597,7476.041812708087
32598,4131.08704754955
32599,4964.032888746103
32600,4979.514950668169
32601,6444.047354031356
32602,4605.107579397918
32603,5012.840983519416
32604,7866.58130107916
32605,7228.970378731586
32606,5999.970170755593
32607,4839.808761427035
32608,6982.502958406253
32609,11989.494610130716
32610,6504.254398432606
32611,5626.125557359757
32612,5760.9051808629965
32613,6260.62037208312
32614,6205.615752638362
32615,7221.671672731288
32616,3512.4936625506516
32617,7359.414669364476
32618,5867.430550035993
32619,6080.849576318079
32620,10168.269349436101
32621,3954.2908355536783
32622,4733.095904324813
32623,4168.861251263678
32624,7042.92981672012
32625,8392.96843045469
32626,4679.395036575346
32627,4010.179645270008
32628,6288.337811179917
32629,5258.553895895673
32630,4731.135902279574
32631,8334.98049928969
32632,6107.147088035224
32633,7050.787646972356
32634,4802.754084429585
32635,4197.94289679846
32636,5605.666250964306
32637,8217.562333593682
32638,6903.4728057891025
32639,6939.183333366322
32640,7136.739916174199
32641,5657.370629580448
32642,8663.284809938152
32643,4549.920358600002
32644,5446.408711177628
32645,8565.33417982537
32646,5732.596044652805
32647,9243.846327898083
32648,7462.903806312
32649,6644.347108519281
32650,5210.2355636157845
32651,6418.819391618146
32652,6511.15200377044
32653,5600.428701089541
32654,3646.4747966522787
32655,5184.14923016559
32656,6974.368080300154
32657,5278.77188312751
32658,3653.6729605798696
32659,7116.4900803535975
32660,6320.345103340414
32661,6252.028093486132
32662,5066.854343238954
32663,4533.727257454283
32664,6352.7536900042305
32665,6270.4513359981775
32666,5687.765913930034
32667,4791.574684302322
32668,5804.6784621883735
32669,5760.050593212712
32670,3554.4615321596334
32671,6195.576705651307
32672,4374.079941592439
32673,7472.449644602139
32674,6785.418008061252
32675,5798.597238551493
32676,10138.606790643002
32677,4551.17700615965
32678,4494.8741554827075
32679,9277.492423897138
32680,5734.584654278127
32681,7214.7038641426425
32682,6959.323026116939
32683,4631.08139989507
32684,5805.343340429222
32685,5549.5728305731045
32686,6910.154654626003
32687,10194.770516247805
32688,7512.337527835104
32689,2691.3550475037005
32690,4448.763573001081
32691,7080.561395883189
32692,7851.253214281716
32693,5436.629792345958
32694,6048.78767451085
32695,4377.718210241118
32696,4682.2752199063
32697,2957.354596062571
32698,4254.923036996445
32699,5914.858850574382
32700,6336.188378739284
32701,5916.505384656439
32702,5866.265285499213
32703,7217.145269741923
32704,7749.370053925202
32705,7259.743405625393
32706,4282.509563048312
32707,8697.09156542737
32708,8599.642474071514
32709,4706.542120386588
32710,6779.043503521381
32711,4382.684185806549
32712,5918.600257563852
32713,3334.2026583173833
32714,6235.983456202279
32715,4111.46122912542
32716,8840.256256010489
32717,6605.47351701249
32718,7543.484687192879
32719,8145.794008418802
32720,4963.64674935224
32721,7283.938724345234
32722,17321.74192982108
32723,8945.477012017589
32724,4829.464872555487
32725,2454.4660808855206
32726,5333.951782817399
32727,7494.814944275964
32728,6284.680715269417
32729,11984.504693237597
32730,19307.84449704012
32731,3853.5583750185006
32732,4386.87134156658
32733,8291.401460419016
32734,4290.948657922801
32735,7162.75478652724
32736,5414.921325074423
32737,6808.228955683689
32738,4346.969565410563
32739,6300.915740486115
32740,5887.06555298503
32741,7179.8924481625445
32742,7756.705116794711
32743,5593.78122929523
32744,5290.796338329221
32745,6692.216265665581
32746,4421.502346136158
32747,4811.797881426448
32748,7622.0109318140885
32749,5451.715213134524
32750,5515.8037137074325
32751,6186.1466712931915
32752,5345.591243454542
32753,5300.000402940398
32754,6233.211744305247
32755,6154.994756965727
32756,9082.488433068618
32757,11453.790255039741
32758,6273.332276052093
32759,5086.815669241872
32760,3135.359209487786
32761,5931.6068926245325
32762,6345.724590927053
32763,5439.065182365808
32764,4387.919521211134
32765,8359.899498291821
32766,5772.926759408015
32767,9460.922180133854
32768,6016.457037237759
32769,4756.8117007955425
32770,4545.879452637515
32771,4816.857150502354
32772,8329.690599791715
32773,4792.05921117254
32774,7693.410577661122
32775,14338.422568201182
32776,6873.966018777232
32777,5422.259323499142
32778,4580.883257367195
32779,4158.466286872733
32780,5948.048899495633
32781,3323.307594957784
32782,5198.242611435228
32783,9581.407101586397
32784,4634.842357179189
32785,11979.4881219552
32786,11943.571135007569
32787,4663.219425044519
32788,5884.7078964168895
32789,5980.726009364701
32790,6189.399678182895
32791,4797.676241268139
32792,10837.304978063623
32793,6144.737150449424
32794,8046.596089216902
32795,4469.808461149739
32796,6834.925962560755
32797,4493.983880691146
32798,9265.039534525502
32799,5775.467233263547
32800,5200.139774856806
32801,6255.362139256032
32802,5642.049222567124
32803,7002.765844509954
32804,9511.00445461374
32805,5375.359771158091
32806,8709.239193993566
32807,6250.546673394038
32808,9626.636861709789
32809,5126.324263112095
32810,4732.923751738002
32811,4468.621679847154
32812,7459.595012480347
32813,5932.777740760749
32814,6604.342859572862
32815,5831.411455439691
32816,7972.843156895172
32817,4347.198684927898
32818,8646.909659733037
32819,6234.698049148973
32820,3733.474482442804
32821,11604.518315970492
32822,15682.747828341422
32823,6632.7484645268105
32824,6226.212088850924
32825,7794.458332984999
32826,8779.612735493383
32827,10682.615958060143
32828,5259.547476571762
32829,6493.016220058874
32830,5192.89154058154
32831,7187.2006487076405
32832,3690.408088129825
32833,5043.391755380294
32834,4748.912136626911
32835,5502.7607995804865
32836,6707.785230258024
32837,4324.064832376713
32838,3485.8411373138047
32839,6087.775348650835
32840,3700.916394054301
32841,3986.5973925073436
32842,5185.861868136331
32843,5190.476773320866
32844,8004.351239124911
32845,8276.094930277704
32846,6785.694106472084
32847,6010.976590382583
32848,6031.841686808842
32849,10643.453593113247
32850,6124.911785265701
32851,4272.021864716867
32852,4596.133819526449
32853,10111.054163047376
32854,4179.49355607798
32855,6439.018739652959
32856,3113.287698011938
32857,4137.325611753087
32858,6148.044447397184
32859,6616.904952276817
32860,5276.630715859081
32861,9357.03304526691
32862,8597.222555737571
32863,11918.942556997752
32864,5509.358952120156
32865,9644.467606906697
32866,2749.524093839701
32867,4555.444311987403
32868,5654.380866724523
32869,3459.8916455269577
32870,7619.496723617055
32871,4256.41725383244
32872,5243.3083036804555
32873,7471.270730158994
32874,10132.535094946203
32875,7895.882253686927
32876,5133.9110309319585
32877,4658.42911762565
32878,13916.895065096824
32879,7690.256204084952
32880,5332.764204111075
32881,5066.262386283348
32882,6428.028810877156
32883,7989.064608004946
32884,4041.86022341577
32885,5581.284832372908
32886,6805.536875056464
32887,6533.176361355835
32888,12248.098059330003
32889,5547.435769731277
32890,10652.427551232602
32891,6414.685766102503
32892,4661.526606083343
32893,2949.2036268621196
32894,5693.495230584907
32895,5840.378484041472
32896,4992.510133777091
32897,7142.40610445745
32898,4707.884069286797
32899,3874.17213463361
32900,6191.517929533199
32901,3503.5627810710967
32902,7750.4837155954765
32903,5897.084491456416
32904,7124.688216798068
32905,7572.477285108367
32906,4312.909027745661
32907,8347.840233636345
32908,6497.544066441801
32909,5328.163142816119
32910,5543.7218770440295
32911,4976.16206615636
32912,9930.945184597767
32913,6384.762865654165
32914,4226.235279337294
32915,6316.371761462388
32916,7593.538390740758
32917,6383.6001903911665
32918,5505.188702345205
32919,7595.766477300286
32920,5432.767404087427
32921,5602.73510872366
32922,5512.48192123047
32923,7524.930671770078
32924,5176.084370534829
32925,5758.082636502504
32926,4827.733619600308
32927,5197.728522252025
32928,4463.121816919625
32929,4533.40348842682
32930,7703.032212080403
32931,8994.796912651444
32932,9881.202000272478
32933,9698.052584451967
32934,7708.739679365734
32935,8739.106629553427
32936,5086.011950716881
32937,10245.575617114691
32938,9712.622122429537
32939,6163.214679038606
32940,7261.434028237282
32941,7284.715249293609
32942,5010.953207340667
32943,3778.9518545750816
32944,11204.897093340169
32945,5852.306859517404
32946,6247.677372489077
32947,5923.1331558574275
32948,2108.0710673673734
32949,9482.14191090782
32950,6538.412126150342
32951,5465.8291428764005
32952,4395.340376662961
32953,5075.26364481344
32954,6506.295671693309
32955,6485.053878084669
32956,6313.483989317864
32957,5657.5954393903885
32958,4514.087758619447
32959,3407.65374837873
32960,2913.6067353874137
32961,6165.382787255956
32962,16588.757847962937
32963,4316.229153835617
32964,5547.036360295131
32965,5765.730505925038
32966,4734.831538948599
32967,4615.385441341566
32968,4782.952165274006
32969,3370.0730748733777
32970,7102.920985993215
32971,6042.3572168707515
32972,3451.9885573688853
32973,8058.689905567129
32974,4264.75846839262
32975,4806.209366525927
32976,11105.014884075676
32977,7088.988907852545
32978,10333.690489005414
32979,4414.68961159898
32980,5824.664582932843
32981,4294.672656613777
32982,5206.988653771185
32983,14076.092579763259
32984,9888.21642422247
32985,6050.55859568447
32986,4808.797834215125
32987,4376.109213610385
32988,5293.168711383933
32989,3877.7306120771505
32990,10005.650919007661
32991,4970.2911943808895
32992,5395.396467018681
32993,6483.5802226537835
32994,4097.148384384469
32995,5859.38337115752
32996,5842.593204155713
32997,7084.489541208622
32998,6003.678729611606
32999,3607.5212023469217
33000,5626.4961001263755
33001,5743.25854515791
33002,8089.671024560347
33003,7352.229661257582
33004,6485.711622587161
33005,3909.3727819040896
33006,7553.267902710865
33007,5131.825230937017
33008,4487.183621993419
33009,6025.61027033349
33010,6562.736218042277
33011,5429.025109106832
33012,5747.66053985952
33013,5842.811736728568
33014,6859.32347978169
33015,5476.239198544703
33016,6588.1164697251015
33017,6538.175781081122
33018,4644.148319953597
33019,9011.103086733083
33020,5544.638378982372
33021,3857.216251716979
33022,10635.09189423337
33023,5311.450150844493
33024,2912.3579225494227
33025,6807.886197367131
33026,8212.235102042854
33027,8861.533140207746
33028,4907.131392615224
33029,5502.488444453059
33030,6145.762679652142
33031,6640.243313238164
33032,5249.345669599298
33033,7351.150103744111
33034,2821.6237057595977
33035,5210.67154719896
33036,5415.061235782749
33037,4503.1573596336375
33038,4307.67234493014
33039,6294.420311644431
33040,6539.384569043082
33041,5386.480009631771
33042,6884.028184573741
33043,5834.364308573275
33044,7935.406623098792
33045,4865.542697703751
33046,6198.624340930273
33047,5946.958912473957
33048,7022.812055307391
33049,7401.683750715545
33050,2934.0834013180774
33051,7655.46609447712
33052,7447.9015929778725
33053,6477.747311241563
33054,4920.181720886934
33055,3740.123261166777
33056,7443.300972097503
33057,4828.586811987585
33058,7748.026717625595
33059,6154.568294219968
33060,4948.670134979074
33061,6825.493723208375
33062,5603.257923524412
33063,4501.104000363122
33064,7139.2327723970175
33065,4326.112076470115
33066,8391.119890788425
33067,9147.80151143999
33068,6636.654260144156
33069,4171.375505234112
33070,4717.876005930948
33071,4108.3365416549605
33072,2787.140097210582
33073,7152.60384778921
33074,5416.832024124784
33075,7775.930346074988
33076,3961.8257709220975
33077,5455.0601178153265
33078,6169.463812326768
33079,8478.443515188681
33080,4594.319467350561
33081,5210.1908478574605
33082,4309.71499329177
33083,7134.213342553882
33084,5895.022806959843
33085,6346.952619364702
33086,6951.608556305099
33087,8426.323630876272
33088,6727.831939321563
33089,6664.734060670315
33090,5523.12388726405
33091,4178.335909796943
33092,4839.769472604404
33093,9722.591730520022
33094,7697.185469377672
33095,11320.17457707843
33096,14121.36064095398
33097,4418.102341430334
33098,4483.7036618862685
33099,5516.460719933309
33100,7531.7569531297895
33101,9266.995948272024
33102,6064.183527974645
33103,7104.529142909441
33104,7074.046779074255
33105,6888.31843743077
33106,5751.910725356733
33107,4627.9029724840575
33108,4331.087951863819
33109,4492.109102789033
33110,3477.749222705846
33111,4334.936903221029
33112,7335.8161481384195
33113,15338.632294757044
33114,5909.212270704803
33115,4506.557242988858
33116,6226.636587275255
33117,3547.87459398459
33118,6066.968321794911
33119,3793.859769037616
33120,9098.5848644742
33121,6258.349605669464
33122,6105.101868768401
33123,11875.540804954091
33124,11508.722563409468
33125,4687.700785696147
33126,6937.049853819518
33127,3636.268688159589
33128,5165.43473423243
33129,5488.605059015287
33130,8136.964876477585
33131,4250.08884431579
33132,4102.402900452986
33133,5477.156070375017
33134,5127.360653051285
33135,5849.462156943888
33136,6092.947809361522
33137,3986.804183017107
33138,6776.488841679823
33139,7284.457270645341
33140,6007.190846116387
33141,4010.2627221988955
33142,3312.261351604921
33143,6940.99992411329
33144,4218.020240024287
33145,9141.999102553405
33146,4034.8139342862764
33147,5286.726654565421
33148,5943.578399819439
33149,6432.407802385869
33150,4367.383732545341
33151,5950.1870082700325
33152,5995.953148176642
33153,9027.567611029359
33154,7652.988759703885
33155,5274.461507054951
33156,4032.535842641191
33157,5419.248349729318
33158,6777.3433517410285
33159,4339.772337595587
33160,5536.196350139171
33161,5574.325755789238
33162,11127.337134854437
33163,7576.496133144827
33164,5780.981345194302
33165,6907.337394247175
33166,4204.720489642927
33167,8559.820342708534
33168,5180.527049495887
33169,10682.045975466428
33170,5532.777262861062
33171,4550.364932852684
33172,4791.327350545043
33173,3370.6681929134907
33174,6849.82579791573
33175,19591.19317212202
33176,3543.9808847467293
33177,4341.002972810614
33178,8908.113154958895
33179,6055.820628319972
33180,6661.609633953127
33181,7416.845653448847
33182,5364.411620056578
33183,5143.423381527641
33184,3996.1778151622357
33185,8933.317365566021
33186,5071.225295195846
33187,6545.058877404198
33188,7413.437853052283
33189,4673.177179294626
33190,7868.8006193230285
33191,5440.255156884975
33192,3776.252584367707
33193,8751.506908404863
33194,9617.303060394925
33195,3836.7485240482024
33196,6536.764948393835
33197,6058.5740747990485
33198,5279.372795005051
33199,8552.952359095512
33200,6291.417937501251
33201,7278.455050103991
33202,4329.191990649917
33203,4202.503065917627
33204,7042.207292833262
33205,3461.8481611121765
33206,7156.3002959091955
33207,3679.3717703835246
33208,5754.569262094537
33209,4224.443730057034
33210,5990.906289171519
33211,5674.032765477633
33212,6121.483734417247
33213,6110.222320151118
33214,7682.090239733294
33215,5507.76059546041
33216,7286.384291935631
33217,5858.3097961418825
33218,6636.613325836389
33219,8732.916124810748
33220,7090.461907666735
33221,3625.6855264547557
33222,5894.476715885268
33223,6845.983368098811
33224,4820.721382883063
33225,11981.05432146074
33226,5236.874626444729
33227,6672.631567978681
33228,9629.05829941386
33229,5846.424420119583
33230,3532.9454520873883
33231,12025.7140125407
33232,9730.68485186392
33233,5509.3407785465615
33234,7034.91863817026
33235,9625.514714917295
33236,5826.682857740512
33237,4906.452431072389
33238,5831.585440490514
33239,5225.042795106878
33240,5112.173207829593
33241,6476.669135427076
33242,4010.229923205973
33243,6269.989105429355
33244,5833.204376464105
33245,6681.343318129558
33246,6314.673718940042
33247,5673.849327041779
33248,6885.329472311907
33249,5344.041290780196
33250,6623.4111976686945
33251,6270.78286940443
33252,5798.011572235737
33253,5776.569188704328
33254,5857.140801622574
33255,8938.967382222543
33256,5171.723863579889
33257,4818.177200875215
33258,5482.775799687232
33259,6436.838591946742
33260,7152.444412882112
33261,4290.462128411763
33262,3708.164763755312
33263,6576.308039872156
33264,6747.466486324041
33265,5099.179459583706
33266,6830.451118194923
33267,6530.119402016903
33268,5473.86116978268
33269,4385.215137394634
33270,3305.732670971441
33271,6023.192026834632
33272,5896.626987261657
33273,5531.058478992626
33274,8472.981961848753
33275,7756.0794407837275
33276,4415.26676314152
33277,7641.912985543554
33278,3461.3571766788336
33279,2670.482715292639
33280,6710.249805073741
33281,11854.174820743281
33282,6649.200951328558
33283,6208.850807718691
33284,3897.6617030192415
33285,5825.505663261393
33286,7671.367069404374
33287,4896.232762608548
33288,7333.860613398364
33289,4122.873606584195
33290,4861.95573183261
33291,5000.809647029617
33292,4923.776856963699
33293,4924.941898472449
33294,3849.724165051988
33295,4281.545981581627
33296,3882.8148481362496
33297,6620.507777970999
33298,5364.232453037605
33299,4440.22529654718
33300,6141.057838545597
33301,6448.070324875652
33302,4714.565462819347
33303,5051.596070557851
33304,8148.8785573270625
33305,6429.559311251186
33306,5669.92528391386
33307,3435.9002887521087
33308,9720.846911228433
33309,5865.166656520073
33310,4570.193000236677
33311,7700.453821912828
33312,7796.391133932299
33313,6293.16469925567
33314,5500.011963856207
33315,6713.730360582897
33316,7572.935264741652
33317,11468.537219333324
33318,4022.3049201130875
33319,3964.418261731155
33320,4300.157426539215
33321,5965.978146500318
33322,5844.208962865534
33323,7967.956965601597
33324,7455.311816412055
33325,5432.997692866535
33326,3647.7458280583905
33327,5559.0659350844735
33328,11410.34022058613
33329,3959.250281931567
33330,6388.044768498514
33331,3754.9165438235673
33332,6648.441986419493
33333,6319.9425444817325
33334,6527.458710107884
33335,7547.485034571453
33336,6057.293578668272
33337,3770.309875255953
33338,5885.73008764909
33339,6332.210027883439
33340,7495.091667876927
33341,6458.067876978824
33342,6974.26735727407
33343,5080.415987190303
33344,4171.022999079879
33345,8749.82417229698
33346,4228.609457659293
33347,9427.437931328745
33348,5963.61305212928
33349,3905.284540566692
33350,6417.7888610197515
33351,5752.548823573775
33352,6583.534944696998
33353,7704.355373400565
33354,3745.5829564198075
33355,3922.632662103726
33356,6115.760386412586
33357,7391.97475658122
33358,10000.263172631532
33359,5100.984230027669
33360,5714.956034213579
33361,5110.858980622961
33362,5746.697287282933
33363,4296.471521423149
33364,8678.643874259129
33365,8137.550465463424
33366,11820.01803209275
33367,4513.6089971379315
33368,5186.603399210844
33369,8298.73030605775
33370,10362.442471219238
33371,3984.7284943419168
33372,9629.147264250973
33373,6501.237279678805
33374,4639.5661517389835
33375,4914.434148198225
33376,4257.1174750064665
33377,4975.75624438464
33378,4907.483619043876
33379,4469.613429264115
33380,4466.763868676348
33381,7113.621121419537
33382,6258.866186424327
33383,22977.88532565877
33384,5956.43751810756
33385,0.0
33386,0.0
33387,0.0
33388,0.0
33389,0.0
33390,0.0
33391,0.0
33392,0.0
33393,0.0
33394,0.0
33395,0.0
33396,0.0
33397,0.0
33398,0.0
33399,0.0
33400,0.0
33401,0.0
33402,0.0
33403,0.0
33404,0.0
33405,0.0
33406,0.0
33407,0.0
33408,0.0
33409,0.0
33410,0.0
33411,0.0
33412,0.0
33413,0.0
33414,0.0
33415,0.0
33416,0.0
33417,0.0
33418,0.0
33419,0.0
33420,0.0
33421,0.0
33422,0.0
33423,0.0
33424,0.0
33425,0.0
33426,0.0
33427,0.0
33428,0.0
33429,0.0
33430,0.0
33431,0.0
33432,0.0
33433,0.0
33434,0.0
33435,0.0
33436,0.0
33437,0.0
33438,0.0
33439,0.0
33440,0.0
33441,0.0
33442,0.0
33443,0.0
33444,0.0
33445,0.0
33446,0.0
33447,0.0
33448,0.0
33449,0.0
33450,0.0
33451,0.0
33452,0.0
33453,0.0
33454,0.0
33455,0.0
33456,0.0
33457,0.0
33458,0.0
33459,0.0
33460,0.0
33461,0.0
33462,0.0
33463,0.0
33464,0.0
33465,0.0
33466,0.0
33467,0.0
33468,0.0
33469,0.0
33470,0.0
33471,0.0
33472,0.0
33473,0.0
33474,0.0
33475,0.0
33476,4417.182908456433
33477,0.0
33478,0.0
33479,0.0
33480,0.0
33481,0.0
33482,0.0
33483,0.0
33484,0.0
33485,0.0
33486,0.0
33487,0.0
33488,0.0
33489,0.0
33490,0.0
33491,0.0
33492,0.0
33493,0.0
33494,0.0
33495,0.0
33496,0.0
33497,0.0
33498,0.0
33499,0.0
33500,0.0
33501,0.0
33502,0.0
33503,0.0
33504,0.0
33505,0.0
33506,0.0
33507,0.0
33508,0.0
33509,0.0
33510,0.0
33511,0.0
33512,0.0
33513,0.0
33514,0.0
33515,0.0
33516,0.0
33517,0.0
33518,0.0
33519,0.0
33520,0.0
33521,0.0
33522,0.0
33523,0.0
33524,0.0
33525,0.0
33526,0.0
33527,0.0
33528,0.0
33529,0.0
33530,0.0
33531,0.0
33532,0.0
33533,0.0
33534,0.0
33535,0.0
33536,0.0
33537,0.0
33538,0.0
33539,0.0
33540,0.0
33541,0.0
33542,0.0
33543,0.0
33544,3223.477921835594
33545,0.0
33546,0.0
33547,0.0
33548,0.0
33549,0.0
33550,0.0
33551,0.0
33552,0.0
33553,0.0
33554,0.0
33555,0.0
33556,0.0
33557,0.0
33558,0.0
33559,0.0
33560,0.0
33561,0.0
33562,0.0
33563,0.0
33564,0.0
33565,0.0
33566,0.0
33567,0.0
33568,0.0
33569,0.0
33570,0.0
33571,0.0
33572,0.0
33573,0.0
33574,0.0
33575,0.0
33576,0.0
33577,0.0
33578,0.0
33579,0.0
33580,0.0
33581,0.0
33582,0.0
33583,0.0
33584,0.0
33585,16077.155391616454
33586,29070.572664841795
33587,0.0
33588,0.0
33589,0.0
33590,0.0
33591,0.0
33592,0.0
33593,0.0
33594,7485.778072772837
33595,0.0
33596,0.0
33597,0.0
33598,0.0
33599,0.0
33600,0.0
33601,0.0
33602,0.0
33603,0.0
33604,0.0
33605,0.0
33606,0.0
33607,0.0
33608,0.0
33609,0.0
33610,0.0
33611,0.0
33612,0.0
33613,5479.858850852663
33614,0.0
33615,0.0
33616,0.0
33617,0.0
33618,0.0
33619,0.0
33620,0.0
33621,0.0
33622,0.0
33623,3257.521312522659
33624,0.0
33625,0.0
33626,0.0
33627,0.0
33628,0.0
33629,0.0
33630,0.0
33631,0.0
33632,0.0
33633,0.0
33634,0.0
33635,0.0
33636,0.0
33637,0.0
33638,0.0
33639,0.0
33640,0.0
33641,8088.253719994701
33642,0.0
33643,0.0
33644,0.0
33645,0.0
33646,0.0
33647,0.0
33648,0.0
33649,0.0
33650,0.0
33651,0.0
33652,0.0
33653,0.0
33654,0.0
33655,0.0
33656,0.0
33657,0.0
33658,8316.772630440239
33659,0.0
33660,0.0
33661,0.0
33662,0.0
33663,0.0
33664,0.0
33665,0.0
33666,0.0
33667,0.0
33668,0.0
33669,0.0
33670,0.0
33671,0.0
33672,0.0
33673,0.0
33674,0.0
33675,0.0
33676,0.0
33677,0.0
33678,0.0
33679,0.0
33680,0.0
33681,0.0
33682,0.0
33683,0.0
33684,0.0
33685,0.0
33686,0.0
33687,0.0
33688,0.0
33689,0.0
33690,0.0
33691,0.0
33692,0.0
33693,0.0
33694,0.0
33695,0.0
33696,0.0
33697,0.0
33698,0.0
33699,0.0
33700,0.0
33701,0.0
33702,0.0
33703,0.0
33704,0.0
33705,0.0
33706,0.0
33707,0.0
33708,0.0
33709,0.0
33710,0.0
33711,0.0
33712,0.0
33713,0.0
33714,0.0
33715,0.0
33716,0.0
33717,0.0
33718,0.0
33719,0.0
33720,1772.4859892463699
33721,0.0
33722,0.0
33723,0.0
33724,0.0
33725,0.0
33726,0.0
33727,0.0
33728,0.0
33729,0.0
33730,0.0
33731,0.0
33732,0.0
33733,0.0
33734,6587.883280060493
33735,0.0
33736,0.0
33737,0.0
33738,0.0
33739,0.0
33740,0.0
33741,0.0
33742,0.0
33743,0.0
33744,0.0
33745,0.0
33746,0.0
33747,0.0
33748,0.0
33749,0.0
33750,0.0
33751,0.0
33752,0.0
33753,0.0
33754,0.0
33755,0.0
33756,0.0
33757,0.0
33758,0.0
33759,0.0
33760,0.0
33761,0.0
33762,0.0
33763,0.0
33764,0.0
33765,0.0
33766,0.0
33767,0.0
33768,0.0
33769,0.0
33770,0.0
33771,0.0
33772,0.0
33773,0.0
33774,0.0
33775,0.0
33776,0.0
33777,7249.79825244248
33778,0.0
33779,0.0
33780,0.0
33781,0.0
33782,0.0
33783,0.0
33784,0.0
33785,0.0
33786,0.0
33787,2615.3666333158885
33788,0.0
33789,0.0
33790,0.0
33791,6787.811083342383
33792,0.0
33793,0.0
33794,0.0
33795,0.0
33796,0.0
33797,0.0
33798,0.0
33799,0.0
33800,0.0
33801,0.0
33802,0.0
33803,0.0
33804,0.0
33805,0.0
33806,0.0
33807,0.0
33808,0.0
33809,0.0
33810,0.0
33811,0.0
33812,0.0
33813,0.0
33814,0.0
33815,0.0
33816,0.0
33817,0.0
33818,18233.71413309261
33819,0.0
33820,0.0
33821,0.0
33822,0.0
33823,0.0
33824,0.0
33825,0.0
33826,0.0
33827,0.0
33828,0.0
33829,0.0
33830,0.0
33831,0.0
33832,6372.827341736703
33833,0.0
33834,0.0
33835,0.0
33836,0.0
33837,0.0
33838,0.0
33839,0.0
33840,0.0
33841,0.0
33842,0.0
33843,0.0
33844,0.0
33845,0.0
33846,0.0
33847,0.0
33848,0.0
33849,0.0
33850,0.0
33851,0.0
33852,0.0
33853,0.0
33854,0.0
33855,0.0
33856,0.0
33857,0.0
33858,0.0
33859,0.0
33860,0.0
33861,0.0
33862,0.0
33863,0.0
33864,0.0
33865,0.0
33866,0.0
33867,0.0
33868,0.0
33869,0.0
33870,0.0
33871,0.0
33872,0.0
33873,0.0
33874,0.0
33875,0.0
33876,0.0
33877,0.0
33878,0.0
33879,0.0
33880,0.0
33881,0.0
33882,0.0
33883,0.0
33884,0.0
33885,0.0
33886,0.0
33887,0.0
33888,0.0
33889,0.0
33890,0.0
33891,0.0
33892,0.0
33893,0.0
33894,0.0
33895,0.0
33896,0.0
33897,0.0
33898,0.0
33899,0.0
33900,0.0
33901,0.0
33902,0.0
33903,0.0
33904,0.0
33905,0.0
33906,0.0
33907,12536.805408677821
33908,0.0
33909,0.0
33910,0.0
33911,0.0
33912,0.0
33913,0.0
33914,0.0
33915,0.0
33916,0.0
33917,0.0
33918,0.0
33919,0.0
33920,0.0
33921,0.0
33922,0.0
33923,0.0
33924,0.0
33925,0.0
33926,0.0
33927,0.0
33928,0.0
33929,0.0
33930,0.0
33931,0.0
33932,0.0
33933,0.0
33934,0.0
33935,0.0
33936,0.0
33937,0.0
33938,0.0
33939,0.0
33940,0.0
33941,0.0
33942,0.0
33943,0.0
33944,0.0
33945,0.0
33946,0.0
33947,0.0
33948,0.0
33949,0.0
33950,0.0
33951,5036.485912873933
33952,15481.590884988595
33953,0.0
33954,0.0
33955,0.0
33956,0.0
33957,0.0
33958,0.0
33959,0.0
33960,0.0
33961,0.0
33962,0.0
33963,0.0
33964,0.0
33965,0.0
33966,0.0
33967,0.0
33968,0.0
33969,0.0
33970,0.0
33971,0.0
33972,0.0
33973,0.0
33974,0.0
33975,0.0
33976,0.0
33977,0.0
33978,0.0
33979,0.0
33980,11277.737768939574
33981,0.0
33982,0.0
33983,0.0
33984,0.0
33985,0.0
33986,0.0
33987,0.0
33988,0.0
33989,0.0
33990,0.0
33991,0.0
33992,0.0
33993,0.0
33994,0.0
33995,0.0
33996,0.0
33997,0.0
33998,0.0
33999,0.0
34000,0.0
34001,0.0
34002,0.0
34003,0.0
34004,0.0
34005,0.0
34006,0.0
34007,0.0
34008,0.0
34009,0.0
34010,0.0
34011,0.0
34012,0.0
34013,0.0
34014,0.0
34015,0.0
34016,0.0
34017,0.0
34018,0.0
34019,0.0
34020,0.0
34021,0.0
34022,0.0
34023,0.0
34024,0.0
34025,0.0
34026,0.0
34027,0.0
34028,0.0
34029,0.0
34030,0.0
34031,0.0
34032,0.0
34033,0.0
34034,0.0
34035,0.0
34036,0.0
34037,0.0
34038,0.0
34039,0.0
34040,0.0
34041,0.0
34042,0.0
34043,0.0
34044,0.0
34045,0.0
34046,0.0
34047,0.0
34048,0.0
34049,0.0
34050,3002.8841855637907
34051,0.0
34052,0.0
34053,0.0
34054,2784.086763795048
34055,0.0
34056,0.0
34057,0.0
34058,0.0
34059,0.0
34060,0.0
34061,0.0
34062,0.0
34063,0.0
34064,0.0
34065,0.0
34066,0.0
34067,0.0
34068,0.0
34069,0.0
34070,0.0
34071,0.0
34072,0.0
34073,0.0
34074,0.0
34075,0.0
34076,0.0
34077,0.0
34078,0.0
34079,0.0
34080,0.0
34081,0.0
34082,0.0
34083,0.0
34084,0.0
34085,0.0
34086,0.0
34087,0.0
34088,0.0
34089,0.0
34090,0.0
34091,0.0
34092,0.0
34093,0.0
34094,0.0
34095,0.0
34096,0.0
34097,0.0
34098,0.0
34099,0.0
34100,0.0
34101,0.0
34102,0.0
34103,0.0
34104,0.0
34105,3085.520182541531
34106,0.0
34107,0.0
34108,0.0
34109,0.0
34110,0.0
34111,0.0
34112,0.0
34113,0.0
34114,0.0
34115,0.0
34116,0.0
34117,0.0
34118,0.0
34119,0.0
34120,10918.786936084474
34121,0.0
34122,0.0
34123,0.0
34124,0.0
34125,0.0
34126,0.0
34127,0.0
34128,0.0
34129,0.0
34130,0.0
34131,0.0
34132,0.0
34133,0.0
34134,0.0
34135,0.0
34136,0.0
34137,0.0
34138,0.0
34139,0.0
34140,0.0
34141,0.0
34142,0.0
34143,0.0
34144,0.0
34145,0.0
34146,0.0
34147,0.0
34148,0.0
34149,0.0
34150,0.0
34151,0.0
34152,0.0
34153,0.0
34154,0.0
34155,0.0
34156,0.0
34157,0.0
34158,0.0
34159,0.0
34160,0.0
34161,0.0
34162,0.0
34163,0.0
34164,0.0
34165,0.0
34166,0.0
34167,0.0
34168,0.0
34169,0.0
34170,0.0
34171,0.0
34172,0.0
34173,0.0
34174,0.0
34175,0.0
34176,0.0
34177,0.0
34178,0.0
34179,0.0
34180,0.0
34181,0.0
34182,0.0
34183,0.0
34184,4897.460140159522
34185,0.0
34186,0.0
34187,0.0
34188,0.0
34189,0.0
34190,0.0
34191,0.0
34192,0.0
34193,0.0
34194,0.0
34195,0.0
34196,0.0
34197,0.0
34198,0.0
34199,0.0
34200,0.0
34201,0.0
34202,0.0
34203,0.0
34204,0.0
34205,0.0
34206,0.0
34207,0.0
34208,0.0
34209,0.0
34210,0.0
34211,0.0
34212,0.0
34213,0.0
34214,0.0
34215,0.0
34216,0.0
34217,0.0
34218,0.0
34219,0.0
34220,0.0
34221,0.0
34222,0.0
34223,0.0
34224,0.0
34225,11920.198221605757
34226,5722.161725911409
34227,0.0
34228,0.0
34229,0.0
34230,0.0
34231,0.0
34232,0.0
34233,0.0
34234,0.0
34235,0.0
34236,0.0
34237,0.0
34238,0.0
34239,0.0
34240,0.0
34241,4114.146010291711
34242,3922.485686974786
34243,7407.808553168351
34244,3222.5404604527107
34245,6212.261089500345
34246,4681.278736058506
34247,5889.049030434808
34248,6203.89862223972
34249,0.0
34250,3331.7448539671827
34251,5970.6241882879785
34252,5206.693097097698
34253,4218.630836164756
34254,5654.43581977727
34255,5025.609256378465
34256,3474.4545043644825
34257,4509.64122969348
34258,7211.083624573631
34259,7824.8488991357035
34260,6760.278152974462
34261,7139.860108893386
34262,3778.987173862623
34263,5735.083205480245
34264,0.0
34265,7690.596986382677
34266,7867.31662741804
34267,9121.935643082337
34268,5884.642807441052
34269,2987.4894805692174
34270,5014.218055172872
34271,6224.022401188926
34272,7731.225410968011
34273,4147.6989999760335
34274,5490.487067920197
34275,4761.9014313293665
34276,5724.222329129701
34277,2426.359875792465
34278,7300.6627344551825
34279,4162.0497322978545
34280,7621.390083725781
34281,6659.070594292442
34282,3732.187295261749
34283,7735.271713948425
34284,6202.464014651778
34285,4717.920266004039
34286,3630.9243497045045
34287,7996.274721767807
34288,10036.263151634606
34289,6006.089907778772
34290,5305.074995186559
34291,8833.524927532664
34292,7468.39380137482
34293,5496.415912952452
34294,6254.494848785141
34295,2329.034336601936
34296,2672.562647619958
34297,4563.472103227991
34298,6556.338240365827
34299,8024.709243028238
34300,7074.194872032859
34301,4320.759998068973
34302,7827.364201668681
34303,8089.0407231207
34304,5043.124740791342
34305,2846.2245693633768
34306,10422.097335153743
34307,3659.691731037669
34308,4404.526758910654
34309,6999.521808386142
34310,3785.0074945306333
34311,5733.411017415725
34312,2797.361562996266
34313,5641.505552055472
34314,5092.079415005729
34315,5400.898973666709
34316,8062.895663273266
34317,7367.175847321054
34318,5630.731838106811
34319,3375.1877151389126
34320,7042.970702859409
34321,12491.003521890509
34322,5475.136212611012
34323,3578.9814861761033
34324,6258.897000062915
34325,5694.491511736562
34326,6847.0779259091805
34327,9067.477012839294
34328,2187.0585095678016
34329,7929.514578225197
34330,4746.917942376103
34331,5254.942742732198
34332,8530.304824781013
34333,2588.063058266172
34334,4235.001063971407
34335,4992.403116212013
34336,7346.5062462904725
34337,7313.812134759268
34338,3975.8743616148604
34339,4282.677991238644
34340,6862.470327303291
34341,5989.660955271981
34342,5090.857919883787
34343,6864.452753525854
34344,4471.429442822845
34345,6074.396922153942
34346,4390.97461213397
34347,2988.219095370411
34348,5330.604394938371
34349,6306.67072157214
34350,0.0
34351,6798.384604147124
34352,7493.584211775675
34353,4247.987279833881
34354,8214.937840751007
34355,3102.5995344960947
34356,3755.9576660520743
34357,7576.499363435709
34358,6888.954032749979
34359,6923.173839186197
34360,9613.395095621603
34361,6645.1478234658725
34362,4975.03420790651
34363,6384.262183186041
34364,7018.993410442267
34365,4073.774920055637
34366,2943.8055779653682
34367,5384.59707862736
34368,4730.257224635906
34369,5314.991238349009
34370,3310.607126816356
34371,5453.46919213542
34372,6859.726362308134
34373,6332.784071620158
34374,5728.130939258583
34375,2742.803214628733
34376,6179.802175063232
34377,6723.1249342203
34378,3464.1218946586505
34379,5184.440373978929
34380,3652.4677020423205
34381,5236.786631734807
34382,3660.2820199824537
34383,4417.5390790523825
34384,5037.040867801434
34385,6801.359705125675
34386,6103.969496317456
34387,6737.27723368592
34388,13315.061590616991
34389,4432.973919539734
34390,4853.349746328196
34391,9660.252308875337
34392,5207.4198041768705
34393,7572.021215993894
34394,6349.935293360393
34395,5495.559380967038
34396,5995.62251501107
34397,4621.74597899676
34398,4559.368187053182
34399,8076.1343644796825
34400,5997.14448276208
34401,2885.9586145521075
34402,3651.811479367122
34403,7291.68387338952
34404,8967.137935824356
34405,0.0
34406,6122.678040454535
34407,4226.235084454452
34408,2106.7011306324102
34409,1727.5343571759968
34410,3413.160180876178
34411,5703.412540065264
34412,7003.322319267964
34413,4808.92308075313
34414,4260.130104325307
34415,7927.685999919169
34416,7659.047184170581
34417,7324.7701136942005
34418,5109.15896356981
34419,7629.0695748660955
34420,8561.992054129676
34421,3639.714539748771
34422,5509.296618820853
34423,5088.668600310908
34424,6241.8875052755475
34425,3017.3524506028198
34426,5544.16990478478
34427,4616.722612671215
34428,8177.891585731693
34429,5640.192444154323
34430,7218.287610225709
34431,7094.642610962715
34432,4912.0942872001415
34433,7562.976494883134
34434,16762.077895149814
34435,8575.402772918625
34436,3736.562765533923
34437,3217.8036564889244
34438,6165.776055134806
34439,7735.305385839995
34440,4721.149479085213
34441,8728.45655866653
34442,17214.06706220264
34443,5106.89394888049
34444,2571.598131118425
34445,10235.20200899057
34446,3255.3894069686835
34447,5610.841100382198
34448,3367.3800604226626
34449,5949.3865055482
34450,3841.7157356419375
34451,6598.083277781914
34452,5316.68768735558
34453,5214.867010016912
34454,9076.271310810349
34455,5706.370991451847
34456,6153.55250185189
34457,7346.417431809178
34458,5544.201207223496
34459,6063.758816888476
34460,8864.1072479649
34461,5198.699910499817
34462,5584.863044355532
34463,4074.577149602301
34464,3318.5038128741517
34465,5582.649006663637
34466,4439.673937112814
34467,4839.860943742824
34468,8503.747557625646
34469,9727.549161534167
34470,6888.022693214208
34471,4359.316335574577
34472,3943.014431102487
34473,4903.996315092369
34474,5016.77437972734
34475,6124.043472489684
34476,2929.023457689092
34477,7384.8286432847235
34478,5603.473156517702
34479,8317.378692311178
34480,4975.830319897331
34481,4182.096834235712
34482,3296.0379969464434
34483,2903.3560356868447
34484,8180.016875415815
34485,5902.278609789087
34486,5960.484925568707
34487,11896.364081728017
34488,7487.349432727035
34489,4328.735599635052
34490,5565.620937836072
34491,2493.98936535505
34492,4030.442391549678
34493,4002.9637227690455
34494,3520.9754172893995
34495,8433.928183347205
34496,4409.3655757510405
34497,8595.338747766786
34498,10393.794610294623
34499,5390.780915556503
34500,5346.5196828634025
34501,4874.734447976549
34502,5358.553050593325
34503,4607.312913611182
34504,10981.769830635114
34505,5913.851359878066
34506,6825.932437540071
34507,3341.691569635997
34508,5393.8722787439265
34509,5169.755034740338
34510,8829.462212611697
34511,6595.638511065681
34512,5361.914103681855
34513,6836.4947856970875
34514,4627.157778744207
34515,7938.062568778699
34516,6867.04146353099
34517,6425.930039201015
34518,8717.916561822252
34519,6863.58123521311
34520,8134.391367899428
34521,3657.0288023991566
34522,0.0
34523,4896.573628976226
34524,8631.563466862568
34525,6965.789960299111
34526,6924.774558540881
34527,5878.414708927913
34528,7774.848605498585
34529,4775.939442543224
34530,7383.557957407491
34531,6415.749267410855
34532,3067.0255034031543
34533,12418.251625420067
34534,15793.876495994435
34535,7429.722775663183
34536,6390.785653106329
34537,6907.7660382925005
34538,7794.517970735395
34539,7859.495160569123
34540,2946.622827515542
34541,4174.645209367256
34542,5451.615353001068
34543,7903.459172152461
34544,2510.591157874019
34545,4452.554450310541
34546,5453.074913073849
34547,5114.579837168967
34548,4614.1358458278
34549,2850.295788776274
34550,2923.6039376516324
34551,7087.606306229498
34552,3837.4323896897295
34553,4643.430719531604
34554,5379.0691500642215
34555,5003.170166877574
34556,8669.87998377863
34557,11400.94125387497
34558,4758.270430611391
34559,6885.956800312163
34560,6218.524361932113
34561,9906.246988390585
34562,4774.707255075607
34563,2761.9856863324176
34564,5019.429592634697
34565,12647.255860113943
34566,4178.1131141141905
34567,6588.388120811105
34568,2019.7805112393132
34569,3680.0109478839568
34570,5969.5089357643465
34571,6494.237487105818
34572,5351.146566771547
34573,9075.719105691898
34574,8156.012822584705
34575,7644.376294843266
34576,4131.648309086901
34577,11386.731157271908
34578,1903.837050672049
34579,3525.4586395284214
34580,6547.418233941989
34581,4815.161143271949
34582,10333.360868510397
34583,2533.7721870572936
34584,4849.129325084448
34585,5066.828761510356
34586,7717.783740555549
34587,9461.613292338334
34588,4781.968286821411
34589,3267.685490499111
34590,10505.181945899767
34591,9720.210938628423
34592,4417.175978492948
34593,5459.224868710578
34594,8525.466626433032
34595,5906.272331729866
34596,4758.603944733684
34597,3549.106295561716
34598,7088.416080783799
34599,4104.4164801762645
34600,12254.166492353972
34601,7496.407017504404
34602,11853.000915193823
34603,6836.703187207531
34604,4412.463668827637
34605,2069.078174089405
34606,6145.635783453407
34607,5804.141895183244
34608,5116.780915452835
34609,9737.110212913007
34610,5486.440102350486
34611,2606.041484742071
34612,7125.711219485971
34613,3574.5572837252225
34614,8944.03294238708
34615,6910.895127653249
34616,6891.471544042972
34617,7670.450296192413
34618,4682.669748630243
34619,6907.352403456871
34620,7436.455646467532
34621,5021.778491442417
34622,6471.67532930189
34623,3988.003413823075
34624,8812.124334549124
34625,5693.191551421083
34626,3525.6725046915244
34627,4890.93462319321
34628,7709.284415065619
34629,5876.310608706673
34630,3708.5422302949355
34631,4830.278670938213
34632,5130.051006716142
34633,4798.701872353117
34634,4961.000450450132
34635,9259.942589319031
34636,4307.824250299721
34637,3564.64834312247
34638,5974.154034731255
34639,5683.244606451663
34640,3458.257162213765
34641,5027.397295218893
34642,8271.397212071044
34643,7341.862844461772
34644,10060.469862332995
34645,8316.593977633318
34646,7458.569912515511
34647,7798.481838376279
34648,4484.278790753772
34649,9208.930501659717
34650,7724.612248337114
34651,6751.706299011534
34652,4997.840292846767
34653,5097.244858403591
34654,4565.793365332171
34655,2245.468301498843
34656,12036.836680869366
34657,6228.5461907409535
34658,5699.113595442259
34659,4906.97478957298
34660,1375.790195755159
34661,7801.531980532542
34662,6153.909524953408
34663,4257.931510953543
34664,3763.952697265043
34665,5785.442803915374
34666,5196.747982434438
34667,4043.1608272797757
34668,9651.902274797574
34669,4695.137309284543
34670,4516.232818890784
34671,3520.7589498885545
34672,2688.557358677837
34673,4642.57332195216
34674,12999.999323454636
34675,4240.411442556412
34676,5753.627625520749
34677,4882.883920227708
34678,3932.794790628797
34679,3196.2172679222886
34680,5601.016458845302
34681,2717.7604453657573
34682,9179.60897542532
34683,5772.092907575104
34684,2743.1006765904835
34685,8269.49875734113
34686,2393.914165988223
34687,3953.111362063214
34688,9993.35491167478
34689,7271.666505334213
34690,8798.283401216871
34691,2307.101247149094
34692,4739.187610567753
34693,4420.9877678590765
34694,4284.902688410936
34695,16086.637852471607
34696,11053.241171414878
34697,5124.65859081993
34698,3139.549837533957
34699,5427.056246030371
34700,4136.820771252948
34701,2357.8230757718834
34702,7906.411335973633
34703,4750.995301979599
34704,5590.805348735164
34705,7300.557292416921
34706,4552.786240966286
34707,4629.142051246861
34708,5717.189905409109
34709,6656.758707288165
34710,6761.495976735876
34711,2861.4887793876064
34712,5772.3928961970705
34713,6615.1581989440265
34714,7509.856004773623
34715,5403.614900229494
34716,7009.975288268229
34717,2410.345229511869
34718,9002.876558507225
34719,4769.69258519721
34720,3018.8618494804027
34721,4421.453038544973
34722,4192.147654043099
34723,4350.6246221323945
34724,6420.48288153599
34725,3748.396281413762
34726,6022.910566234658
34727,4694.979509816731
34728,7427.512767904562
34729,8020.31600409288
34730,5005.415239474474
34731,7760.398657505381
34732,6263.7465719084885
34733,2568.7337215336443
34734,10339.052136392562
34735,3714.3733734598904
34736,3031.3528734990305
34737,5914.378530609256
34738,9767.217141576926
34739,9495.349727733068
34740,4255.726694727433
34741,4740.867279032961
34742,6587.3617907231255
34743,6662.097990698756
34744,4331.485803396435
34745,8095.148338343857
34746,2848.426741170935
34747,4544.984005927312
34748,3778.294045620516
34749,3173.7501878707685
34750,2634.0344457387196
34751,6602.482118201459
34752,6370.9139995237065
34753,5914.854630143911
34754,4794.7701464931
34755,7536.479203253276
34756,7389.043711140046
34757,5049.163564736411
34758,0.0
34759,5232.482424093957
34760,7210.447492752349
34761,5082.312727222817
34762,1938.9179938095042
34763,5862.310656754115
34764,7005.082874561155
34765,5847.7915942128575
34766,5475.283522128794
34767,3049.5788571571024
34768,9277.007829376469
34769,2835.091287970507
34770,8413.379013027381
34771,5000.480619421983
34772,4486.33044676122
34773,7485.095786795796
34774,3633.6945494631173
34775,4207.4230020340465
34776,8399.253697721844
34777,2589.5977512007807
34778,6676.02936430097
34779,9034.116908099017
34780,6623.027191252579
34781,2489.235757851272
34782,5102.9577696780925
34783,4082.383940736658
34784,2159.821646997518
34785,4795.5587283563045
34786,6304.993853829957
34787,4701.655179257908
34788,4713.825890298072
34789,5134.317257215141
34790,4933.514347691355
34791,8993.464631166686
34792,5164.07654484378
34793,5915.311469457487
34794,3996.681944915756
34795,5617.873279704878
34796,6277.723280731237
34797,6313.365411724272
34798,7692.220750426929
34799,7526.6794594249295
34800,7722.450678949057
34801,5303.5299378551135
34802,5316.184664310224
34803,2721.8487438652064
34804,5653.103749331417
34805,8377.958595340157
34806,6408.612997731424
34807,8270.474531846425
34808,13453.07121867527
34809,3010.661839492575
34810,4581.584903627828
34811,4013.1697227696027
34812,7891.277466098574
34813,9442.467801829896
34814,7134.525748451682
34815,7231.812369742531
34816,7189.19124556429
34817,7374.291315958139
34818,5937.201922242192
34819,4992.780016792417
34820,2086.9760384019332
34821,5026.494389889487
34822,3235.3279075378155
34823,3176.7944526432884
34824,6657.246108331291
34825,17250.036020948068
34826,5053.6512561456875
34827,3018.393984239282
34828,4700.86912514878
34829,3938.80966034685
34830,6130.983972439713
34831,2105.724919723099
34832,6513.583416202582
34833,6819.501401294504
34834,3776.0480086710572
34835,10660.543929523634
34836,10515.50822548764
34837,3370.3993158945887
34838,5624.289734851941
34839,3672.892676663571
34840,3616.045509085619
34841,4027.523015044612
34842,8073.960877906455
34843,3697.8523949426203
34844,4435.401646105432
34845,4840.1723780673965
34846,5104.1908527962605
34847,4795.443846430191
34848,7254.973955284325
34849,3075.9866040417705
34850,7481.621678177876
34851,6686.806678839394
34852,4724.679544907957
34853,3912.695734589967
34854,3746.340906126791
34855,4567.017619741542
34856,4692.784795686724
34857,8785.985488657916
34858,4275.296112262681
34859,4001.106737811339
34860,6676.810850310918
34861,5153.967786115653
34862,5546.477571740201
34863,5231.85094297718
34864,5994.045382911682
34865,9326.333783822256
34866,6363.702146763299
34867,5731.491296599866
34868,3596.548651763096
34869,4392.399000708063
34870,6606.932725362662
34871,3374.0686746262804
34872,4354.061039216297
34873,5021.954678410254
34874,11575.337421489974
34875,7610.042064172011
34876,4450.509125532264
34877,5499.978999895432
34878,4801.076713227955
34879,6294.449566869476
34880,5233.220104783146
34881,8702.812188106147
34882,6305.002127394156
34883,4622.126843073745
34884,4020.1615126263005
34885,1866.2955534651605
34886,3854.9744179575896
34887,20753.73812885073
34888,2076.9257555831678
34889,4955.377318729945
34890,6067.412716963487
34891,6697.599062488461
34892,5967.31079459566
34893,7762.875694315726
34894,5375.501639571335
34895,5744.347900311421
34896,2650.4420668988682
34897,7712.019140567674
34898,3944.46193219926
34899,6330.609239052031
34900,8759.604418072748
34901,3902.022695233856
34902,7923.397687003421
34903,6293.2169997571145
34904,3296.8159150434262
34905,6277.619337097818
34906,6972.021285702256
34907,2605.4821638690973
34908,7735.193156723059
34909,6585.209145957121
34910,5197.815494660293
34911,8639.252867879946
34912,8107.58112014599
34913,6245.4441613189
34914,4386.701503567037
34915,3669.1080756099777
34916,5716.142087995966
34917,3549.3125658284216
34918,5899.143987003991
34919,2430.7557681877656
34920,5358.201474348657
34921,2703.9108895944646
34922,5607.682051016105
34923,5326.313651116597
34924,4507.909937154797
34925,5404.672586615842
34926,8211.596921356586
34927,5433.586975426111
34928,7157.245474998843
34929,5468.221976367474
34930,5746.715776847287
34931,8490.53673115214
34932,7182.265478340351
34933,4573.3731292255015
34934,5330.313879710407
34935,5245.466774640366
34936,4455.08257605919
34937,12132.462861620796
34938,5820.5813466415475
34939,5671.769177985307
34940,8259.014917637129
34941,6400.20933692837
34942,2070.7719018737635
34943,0.0
34944,8322.925563477269
34945,6247.986006965025
34946,7201.72450975534
34947,6784.627557916591
34948,8018.911473835494
34949,4980.717726314372
34950,3985.802509756658
34951,0.0
34952,5733.233291159118
34953,7422.2340223611745
34954,2646.0715685752043
34955,7543.476285856818
34956,6588.977864897801
34957,5455.836870841967
34958,7028.862535470026
34959,4539.804552592486
34960,7295.491764819151
34961,4226.822292566174
34962,4684.749122603596
34963,4681.304253790733
34964,3754.2608522637706
34965,5882.88471336752
34966,6440.944812850063
34967,7637.165652223702
34968,5994.331823960876
34969,4260.938556111294
34970,5822.4680437985035
34971,6507.592907155356
34972,7490.788828098824
34973,3053.777855331178
34974,2636.1552873249707
34975,8435.870796841753
34976,5759.439293442987
34977,3814.06681071995
34978,6942.112618147947
34979,6904.265544809373
34980,6018.924099908656
34981,4683.2203987130315
34982,1916.8043285912547
34983,6198.537855227582
34984,5766.699202279948
34985,4854.255586773843
34986,8448.039328109287
34987,6661.9165569343795
34988,3309.8150088741895
34989,5351.5671739203035
34990,2972.8958513528937
34991,1019.1288653169356
34992,5768.553575653665
34993,9345.538363741167
34994,5357.778504324992
34995,4270.5568225885445
34996,3139.32054532023
34997,4941.33720451767
34998,7749.9025105322135
34999,5675.769840459755
35000,8547.770088838519
35001,3847.2716384593655
35002,4455.619158536171
35003,3489.649128031696
35004,6073.883631888008
35005,3141.9884302782207
35006,2433.324472409622
35007,4328.895373778949
35008,3676.246432020763
35009,7077.142500704883
35010,3911.303733780911
35011,4785.700030573685
35012,5208.469029335076
35013,7930.743210444629
35014,4736.784954020313
35015,3852.713395813261
35016,9590.070887813663
35017,6835.652232835431
35018,6517.9382941311915
35019,1988.4709410989578
35020,4639.915754204751
35021,5101.83172684204
35022,3826.278056557672
35023,7976.358216502789
35024,8728.409371542239
35025,6285.176871736719
35026,6336.24895937029
35027,5844.8298192797765
35028,7175.116040406451
35029,10782.516192918727
35030,3140.229563907012
35031,3596.5128418634868
35032,4890.451836788289
35033,5561.909648020769
35034,5919.577751224671
35035,8815.503993291253
35036,6376.520992307465
35037,6280.644686389197
35038,2577.6327474810464
35039,5889.416684759896
35040,8190.096776191654
35041,3277.5273648524926
35042,6144.375827822284
35043,3180.6439676508626
35044,6614.42715736188
35045,5014.932306278139
35046,5165.323424767714
35047,6016.670102182391
35048,4106.397082385311
35049,4852.170947516186
35050,7109.070300040172
35051,4638.33688444506
35052,7805.559699714635
35053,5345.462364161535
35054,8228.349010613365
35055,5050.8913659003165
35056,3598.0946661055214
35057,7726.361196622695
35058,2783.8375738881955
35059,8809.645365402259
35060,5679.052982748811
35061,4529.262839387588
35062,6890.632348618827
35063,4354.889233529708
35064,4150.892732350854
35065,6004.63055599962
35066,2821.9325845887543
35067,2808.758090986209
35068,5633.977873064257
35069,6192.45888062576
35070,10042.954126672183
35071,5771.675454486351
35072,5226.477239432867
35073,3521.523248609691
35074,5636.6362821257935
35075,3059.531493481426
35076,9481.227088054002
35077,7307.550814115379
35078,13187.001585616616
35079,5730.804909412631
35080,4883.623469749714
35081,6766.884843238446
35082,8267.466266036394
35083,2931.6505879187407
35084,8516.283682773685
35085,6578.061300524426
35086,5257.277378502007
35087,5916.742402834545
35088,4872.128342893483
35089,3116.0338346895874
35090,5243.5509924555345
35091,3655.508259039011
35092,2797.9361058218733
35093,6850.306686428457
35094,6024.893324801371
35095,23138.948273688035
35096,6872.570338166632
35097,4507.765956461524
35098,7498.2265207340915
35099,11632.46656454933
35100,5968.818103178467
35101,7345.825407796863
35102,5889.359027223268
35103,8137.00880457367
35104,8106.052332453622
35105,5864.771366340296
35106,5782.057106381274
35107,7879.74940745762
35108,8120.815247961982
35109,7287.085532827307
35110,8086.156568664055
35111,6258.344331443803
35112,5418.409846519729
35113,6109.783723404753
35114,10651.110049740113
35115,10256.738535493418
35116,9828.48766460215
35117,7961.735531492919
35118,4212.209053585709
35119,6759.187571646177
35120,4696.031298568352
35121,8166.45566092611
35122,11010.58164584158
35123,9684.366083708484
35124,6093.871713193545
35125,5265.641103083499
35126,4835.013477882418
35127,7268.215808681983
35128,10202.343707462202
35129,6861.5609930759
35130,5741.291531559596
35131,5982.138900531637
35132,7655.597041688579
35133,3627.2782672538688
35134,8316.605172837628
35135,4830.756700767816
35136,8150.87631059169
35137,8145.706659646291
35138,6183.386042066793
35139,8388.845292872084
35140,7209.240926322725
35141,5213.793293697645
35142,6498.266585135373
35143,8422.798242862815
35144,12384.881399694099
35145,6801.115213731286
35146,7924.814276250964
35147,8542.880054649308
35148,10289.891593344875
35149,7032.4735694668125
35150,9702.466099680865
35151,4763.401365478498
35152,4788.438591139424
35153,6002.587526493467
35154,7349.131008360406
35155,10147.400493615467
35156,8286.99457234155
35157,5898.4531972407885
35158,8360.926548973057
35159,7161.688392527376
35160,9776.26900572409
35161,3965.5588700662825
35162,13148.83967247508
35163,5197.450009795389
35164,6307.070363166208
35165,8535.219712608052
35166,4982.4433596657445
35167,6805.4457730744325
35168,7031.42402127711
35169,7815.230832892755
35170,6077.104576629308
35171,5988.1921801597755
35172,8476.444660343794
35173,8582.023902201245
35174,7438.979335987296
35175,5579.401937962687
35176,7607.881313383843
35177,13186.665240269695
35178,7126.631291426479
35179,5488.8607357691
35180,7789.684185414298
35181,6169.614200579382
35182,7022.209157161511
35183,8542.257559198668
35184,3985.0954524608615
35185,8970.494486156404
35186,6053.08852617814
35187,7449.35683563712
35188,10047.613153452075
35189,5245.58671491757
35190,5928.656651520686
35191,5695.091078877164
35192,8725.547323024135
35193,10087.662345276318
35194,5152.589614157099
35195,4697.721841966393
35196,7117.611809468109
35197,6629.5352645561625
35198,6306.386724369521
35199,9746.872599465745
35200,7518.423627678824
35201,7722.64763644544
35202,5814.752016058667
35203,4652.1496715568055
35204,6797.904785879451
35205,9553.141538110329
35206,7929.339768546336
35207,8900.893650414515
35208,8620.663116598776
35209,6803.539088863702
35210,9916.09232495752
35211,5822.050826066073
35212,7400.899887966413
35213,9392.937227642811
35214,7569.569085631507
35215,10292.266589106745
35216,9428.244763897796
35217,8674.714034981924
35218,6536.28476812997
35219,7424.049844633293
35220,8998.460938286862
35221,6771.518302157125
35222,4264.914255592038
35223,5752.158783994727
35224,8439.234475125755
35225,6509.8152719699565
35226,4789.894989763281
35227,8402.266949064287
35228,6405.616915875501
35229,6795.577348701645
35230,6149.097032953911
35231,5210.522413074246
35232,7188.722692881604
35233,7207.113880552453
35234,7134.007055365401
35235,6217.150195300943
35236,5926.665912401943
35237,6664.823572692878
35238,4299.294164547128
35239,7594.2650267164545
35240,6060.909441972489
35241,8982.15615733391
35242,7602.288020755916
35243,6231.726066700013
35244,12303.586535674272
35245,5376.166569120833
35246,5713.805575089301
35247,10459.78885081919
35248,7369.484126287711
35249,8969.477866774892
35250,7965.137170791644
35251,6501.045819652521
35252,6483.878875610603
35253,6171.121527360331
35254,7676.53105758633
35255,11277.822843629476
35256,7850.566868177614
35257,3844.194542325639
35258,5218.052354585573
35259,9076.021840730804
35260,9928.776402745114
35261,7672.840404167559
35262,7084.606278697459
35263,5134.970346403088
35264,4978.266033135576
35265,3271.024731238566
35266,4888.883538174461
35267,7018.741315410537
35268,7685.482049784094
35269,6656.154383665646
35270,6579.863491506299
35271,8879.79156350736
35272,10187.019239607882
35273,8289.723031872754
35274,5984.2489115289
35275,9556.887524580992
35276,10899.819125026996
35277,6314.301958236327
35278,7765.575568034529
35279,5681.061964070406
35280,7034.965899436329
35281,4859.395308670168
35282,7892.214861858766
35283,5754.9006984179805
35284,9138.354055164556
35285,7571.214552820406
35286,9426.292707690602
35287,8698.48642457054
35288,6147.687633990443
35289,9387.089083980733
35290,18479.21086668981
35291,11392.90662399641
35292,5776.361851221379
35293,3597.3034657784847
35294,6719.762191822081
35295,9129.623168765287
35296,6836.019585054711
35297,12335.74959900866
35298,20637.72802601579
35299,4425.290212393312
35300,5354.5197459213105
35301,9308.840310047848
35302,5384.296626812324
35303,8234.840820433355
35304,6975.381306690216
35305,7717.107219358632
35306,5034.941421671017
35307,7480.154029551062
35308,7678.229236156609
35309,7879.873185674311
35310,10114.911005774684
35311,6710.2959612933755
35312,6555.511243222976
35313,7431.292943661676
35314,5624.028512385819
35315,5554.325450471796
35316,8354.745847004717
35317,6614.461958572742
35318,6489.608194027694
35319,7203.837804013338
35320,6034.267141121693
35321,6314.910417866676
35322,7220.308032291106
35323,7403.768121830779
35324,10690.712094917497
35325,10106.434987056173
35326,7897.0667881505415
35327,6046.064768665624
35328,4378.392364841721
35329,7173.017774856753
35330,7345.521140760093
35331,6612.493515764742
35332,4969.903528957326
35333,10157.272987843222
35334,7349.099567676797
35335,11279.168901951634
35336,6538.253690017182
35337,6147.410203992238
35338,5495.573343675519
35339,5433.852063816526
35340,10250.41122542173
35341,6150.992673974095
35342,9279.185872010026
35343,15077.48248727478
35344,8216.382891975909
35345,6085.978166940536
35346,6054.395656685647
35347,4809.775971140929
35348,7904.625574567806
35349,4361.342258838816
35350,5573.679355595641
35351,10370.738484796166
35352,5734.893663380505
35353,15437.700180425018
35354,14049.620303497979
35355,5595.232371745016
35356,7256.083469575293
35357,6550.1162010791795
35358,7480.366321379406
35359,5669.341640263545
35360,12437.902334381432
35361,8098.109895039332
35362,9526.741953312414
35363,5060.140308471911
35364,7738.7460306729445
35365,5711.417165923529
35366,10267.57650639621
35367,8051.983072181739
35368,6685.823264831516
35369,7637.821376242506
35370,6054.470456872315
35371,8996.821459139695
35372,10060.23898886202
35373,6580.851788504269
35374,10282.081272310123
35375,7254.537949082495
35376,9714.314737268434
35377,6280.728480580799
35378,6015.342315350936
35379,5899.701509731893
35380,10922.009832031768
35381,7529.6407099445205
35382,8542.371815796825
35383,7153.317912248344
35384,9559.567454974604
35385,5343.054869932056
35386,10045.388926809926
35387,6663.977210064572
35388,4390.023348012223
35389,14731.920106226946
35390,17903.947323338416
35391,8508.382816722391
35392,8023.457853644815
35393,9308.906924774188
35394,10122.257550034747
35395,10990.594854309571
35396,6406.6829588813125
35397,7152.703548318797
35398,6302.643451004752
35399,9424.58001224146
35400,4232.429246865907
35401,6356.9743586684535
35402,6593.5261471102285
35403,6376.187574524468
35404,7794.627845211868
35405,5073.152950981339
35406,4741.653554112948
35407,7610.701996546069
35408,4812.51203786306
35409,5230.7134233410325
35410,6495.230064829898
35411,6742.03994209262
35412,10363.756036863648
35413,9713.645042100718
35414,7109.002807536982
35415,6985.0949057648695
35416,6692.399545048232
35417,11190.891226392238
35418,7264.995263074481
35419,6261.225323019892
35420,5230.2201301161285
35421,11384.865756281959
35422,4773.660921555094
35423,7208.593670745714
35424,3554.0101591020743
35425,4875.59861003989
35426,7786.2016576815295
35427,7300.418794724785
35428,6734.908354062439
35429,10483.908362678025
35430,9902.673384199354
35431,11793.952922438904
35432,6420.551101826333
35433,11636.543055646962
35434,2962.7046843124876
35435,5848.109022767618
35436,7174.532507654736
35437,5096.864732398177
35438,9347.83398338649
35439,5496.133224273233
35440,5179.377961829064
35441,9134.554433731257
35442,10747.033054572037
35443,9265.594653649996
35444,5917.34327556525
35445,6006.549685847746
35446,12711.144169913227
35447,9580.415102675086
35448,5757.720174985579
35449,6605.674304541982
35450,7848.020527079007
35451,9521.659612754824
35452,5004.076823287643
35453,5620.812944058345
35454,8678.314465948277
35455,8817.663805492248
35456,13138.278299473333
35457,6849.102735169605
35458,12619.448377909688
35459,7881.088295593593
35460,5442.726747348497
35461,3617.9371133020077
35462,6174.945395461968
35463,7265.144423965601
35464,6293.497712455506
35465,9699.828844686861
35466,5774.214886509596
35467,4668.197140171338
35468,8412.37226801466
35469,4111.682972677607
35470,8162.676543194224
35471,7627.491230245616
35472,8555.710433425722
35473,9362.367777001473
35474,6061.062860990607
35475,10028.031794670816
35476,6636.461167004721
35477,5844.985786936294
35478,6096.91878637659
35479,5866.621404360586
35480,11014.048075153423
35481,6452.191383473209
35482,5075.453116796857
35483,7543.574503214529
35484,9346.103642443593
35485,8208.594071743011
35486,6542.215063658897
35487,9031.189625403338
35488,5576.1515710412505
35489,6447.812300507026
35490,6766.058649717706
35491,10360.665126820897
35492,5771.742682027358
35493,6764.150556696194
35494,6651.706982089515
35495,6389.961361714509
35496,5009.400827895737
35497,6328.731276387604
35498,9428.96222615255
35499,9480.273927466744
35500,11576.743616765467
35501,12033.880458072965
35502,9351.859394414148
35503,8957.680738290608
35504,5165.39745763983
35505,10074.431415150284
35506,11393.576415477302
35507,8758.648165134822
35508,8104.340961679529
35509,9355.808794923245
35510,6082.729340682079
35511,3640.401941954104
35512,11924.826809538825
35513,6656.470748019563
35514,6786.630770387355
35515,6944.618412689419
35516,3139.505776581496
35517,11899.47760259093
35518,7070.543670831317
35519,5749.1792456396215
35520,5331.837068219181
35521,5947.386937257305
35522,6932.016564137288
35523,8287.370127732804
35524,7840.8101118351615
35525,5280.781465629004
35526,5657.193340562303
35527,4036.119982206997
35528,3543.4128969883573
35529,7718.4203358125615
35530,18183.047886987573
35531,4525.29860738577
35532,6624.357449681957
35533,6864.2142850893515
35534,6097.301006808623
35535,5279.244300621268
35536,5815.258518096497
35537,4123.454361917826
35538,8554.474700601952
35539,7490.144677690513
35540,4564.858595686433
35541,9680.08955955343
35542,5924.1582667938455
35543,5378.785936979625
35544,11531.406945689454
35545,8376.050570736277
35546,10067.999736690532
35547,5398.451488056037
35548,6908.339960137602
35549,5232.900411046042
35550,5851.052544408368
35551,15276.141174957664
35552,11364.025233573984
35553,7336.811360564727
35554,6186.035925128704
35555,5361.818025350956
35556,6545.074236067248
35557,4286.332744637699
35558,10307.823096757698
35559,5599.957281350407
35560,5835.889903394176
35561,8655.183991696835
35562,5452.388020157951
35563,6480.946301865439
35564,7064.3431383611105
35565,8642.306545659769
35566,8327.629958369815
35567,4393.254730513376
35568,5938.514918157802
35569,7710.600647394497
35570,9166.412872626779
35571,8861.080543744236
35572,7904.547516280606
35573,4882.670613335503
35574,8689.292300006466
35575,6065.114794626864
35576,5323.00130507702
35577,7839.542176966883
35578,7403.376152777557
35579,6272.544643296993
35580,6716.03309179365
35581,6705.284448597925
35582,7537.511364949578
35583,6111.5353419512585
35584,6995.492310847862
35585,8190.6119820650965
35586,6901.598351619565
35587,10530.955974103155
35588,7081.88146099849
35589,5184.9492180924
35590,12972.628089507232
35591,6203.7022825249005
35592,3350.244077964826
35593,8503.751761633324
35594,10291.03482396829
35595,10674.92689218798
35596,5319.780868368974
35597,6711.244927086548
35598,6600.705652214224
35599,7292.0862893617705
35600,6394.157733000143
35601,9342.13772584333
35602,3544.7026670179707
35603,6366.591248161744
35604,6392.8732089668065
35605,5227.713199707158
35606,5369.588576185344
35607,7086.492098289685
35608,8674.6742220144
35609,6302.116200569598
35610,8300.43740880858
35611,8296.612003100614
35612,9109.511434021291
35613,6089.462542234531
35614,7280.898937045206
35615,6774.894541692197
35616,8940.58295290205
35617,9621.81448113528
35618,3929.9369609752803
35619,8597.40008455494
35620,9014.733331639674
35621,7680.999879990977
35622,5128.069465913455
35623,4693.587901056155
35624,9052.578519481627
35625,6526.575406076578
35626,8917.783266093229
35627,7650.431841161946
35628,5682.687619444095
35629,8796.762886713104
35630,6277.349416753697
35631,7118.475099376361
35632,8390.703795696423
35633,5807.346568024637
35634,8990.543641928278
35635,11398.17052060379
35636,8245.51873400545
35637,5262.554177840646
35638,6370.885780250151
35639,5592.708826401736
35640,3472.6044337646576
35641,8333.42331958314
35642,6594.359658128141
35643,9295.01978713088
35644,5552.505711702413
35645,6937.106026294793
35646,7440.727212287872
35647,9602.332411886926
35648,5916.158688528962
35649,6478.355867225557
35650,5975.452048097508
35651,7977.202191367148
35652,6485.604054385369
35653,8052.0455202214425
35654,8565.97488113942
35655,8935.305991671488
35656,8565.522940526585
35657,7245.734410026352
35658,6546.294883776117
35659,5082.380720719439
35660,6144.589059781308
35661,11596.726739075011
35662,9293.547893331954
35663,10224.789570766972
35664,16065.896334400233
35665,5909.705088002435
35666,5627.28963806288
35667,6366.050033241615
35668,9076.593679786736
35669,11419.842258927487
35670,7876.162420951685
35671,8130.596512664612
35672,8588.357148246238
35673,7539.396005407531
35674,7299.207124950924
35675,6414.277438499794
35676,5177.352481350893
35677,6021.674311818014
35678,3893.5838377234254
35679,5622.961227084597
35680,8851.833587947145
35681,18314.6787380504
35682,6747.7822105328805
35683,5113.010621105451
35684,8175.0715577996125
35685,4684.827032647594
35686,7186.173497933944
35687,4821.41683121389
35688,9656.483432908837
35689,7416.047841296215
35690,7658.039692535073
35691,14051.315197356558
35692,12531.108655310456
35693,5456.341974242622
35694,7734.615787442121
35695,4229.142386983467
35696,5378.618849713433
35697,5449.522208265165
35698,9409.586413856392
35699,5181.561111063086
35700,5332.525994992448
35701,6135.762024186267
35702,6054.4950015290915
35703,7674.043808427181
35704,7563.874893724292
35705,4008.9243744469377
35706,8156.2174497551905
35707,8344.758905822895
35708,7998.7913808648045
35709,5410.456386888159
35710,4797.1340270858545
35711,7902.927386375282
35712,5182.504150302202
35713,9896.103059632494
35714,5155.3982342580985
35715,6253.299520489999
35716,8010.471269336685
35717,6827.547879077463
35718,5206.668378429567
35719,7183.0267371122145
35720,7856.088081002648
35721,10244.231264661406
35722,10106.135319130102
35723,6348.124146241391
35724,4057.060095685196
35725,5564.2256490406235
35726,7522.717607470935
35727,4765.651604459552
35728,6387.6974497658875
35729,6234.732847046083
35730,12390.276890156149
35731,8734.521267814393
35732,6706.140240062654
35733,7500.891565516332
35734,4879.880515904099
35735,9461.81783039936
35736,5980.917571521766
35737,12783.922233975287
35738,7122.704652098492
35739,5917.504998133182
35740,5848.439886890751
35741,4890.919611706321
35742,7263.6241698178965
35743,22144.222310793262
35744,4396.880138926182
35745,5914.415255759445
35746,11064.149977399735
35747,7100.3942890554945
35748,7890.99644427732
35749,8787.055363853788
35750,6530.430396966453
35751,5832.216525833385
35752,4729.122570347431
35753,10278.957331301488
35754,6624.116379921079
35755,7323.335513746472
35756,8450.081209017893
35757,4872.017425970772
35758,8268.86971158235
35759,6774.662814246336
35760,4487.022583615713
35761,9456.06120791444
35762,10953.355085192332
35763,4613.998237962071
35764,7930.286959321343
35765,8278.722559010967
35766,6033.240658689685
35767,9870.639246430403
35768,7454.105073018374
35769,8646.526211869064
35770,5191.152845732143
35771,5531.3446603774155
35772,7024.459234700078
35773,4821.7677998074105
35774,8120.6751654314985
35775,4416.146138735906
35776,6276.719364989179
35777,4797.460472034889
35778,6877.090093955339
35779,5822.337153702859
35780,6996.661952215539
35781,7547.422455987336
35782,9378.617369200025
35783,6845.710774754482
35784,7673.227663591815
35785,6410.974237575745
35786,9743.594793253054
35787,9537.417993456698
35788,7497.048890330956
35789,4730.7440424809
35790,6578.288604325609
35791,7576.658237344444
35792,4510.678489767038
35793,13338.51332682537
35794,6182.28544418538
35795,7080.119275496042
35796,10937.092989041334
35797,6887.943214325933
35798,4766.234923369557
35799,12876.682179347694
35800,10852.22747547402
35801,5777.977002345282
35802,9260.56716354351
35803,10124.214496087574
35804,7352.492385725436
35805,5475.616242275813
35806,7473.632974627743
35807,6129.984463712975
35808,6070.718406177053
35809,7854.157667243973
35810,4961.855322383452
35811,8201.086239750102
35812,8164.350471465773
35813,7833.422464068113
35814,8759.021124935904
35815,6210.895990461477
35816,7611.154912234935
35817,5583.74958878858
35818,8391.081694770832
35819,7710.260657881863
35820,6853.894993864311
35821,6328.2633157461
35822,7747.670452602166
35823,9593.05948888814
35824,6622.201679712981
35825,5617.323865094928
35826,7057.836778725923
35827,7685.262167811571
35828,7796.6332185429765
35829,4866.209387473397
35830,4280.624412432805
35831,8089.6531734744
35832,7329.040468623535
35833,6130.284705144268
35834,8410.828493110415
35835,7580.55549441496
35836,6481.506410138612
35837,5731.820120626632
35838,3268.0755642540034
35839,7770.861126651577
35840,7321.6043466484825
35841,7074.368946714522
35842,9866.5695465595
35843,8908.453119812808
35844,4943.219775334803
35845,8456.501222355551
35846,4124.546755074772
35847,2740.4394738638975
35848,7924.073373522192
35849,12641.427661254258
35850,8276.247569517189
35851,7421.897002914767
35852,5021.8752522459945
35853,7097.6872586541
35854,9107.366044243356
35855,6511.140418658723
35856,9175.437129961272
35857,5342.364777701095
35858,4797.340812538936
35859,5739.163043661025
35860,6053.140227547641
35861,5522.590308279075
35862,5406.272790035668
35863,5707.567641719606
35864,4623.693802346717
35865,7547.321045304795
35866,7642.918884933693
35867,5987.7129318174675
35868,6476.965704973643
35869,8335.662333887069
35870,5959.85326526687
35871,5315.752094449241
35872,10481.202163201338
35873,7780.428945199724
35874,6609.152480119352
35875,3906.837950717759
35876,12840.608108541164
35877,7038.975653847702
35878,5760.228261573768
35879,9315.248978218882
35880,8448.124587052862
35881,7582.994756468417
35882,6802.608701371428
35883,7404.3843699529325
35884,10895.465041889458
35885,14504.523833839705
35886,5689.87085839613
35887,4828.446944038621
35888,5836.172563450734
35889,6598.503739196696
35890,7061.675620363474
35891,8846.85848206417
35892,9155.507753244321
35893,6414.468957322084
35894,4324.019922021317
35895,6455.020239451037
35896,10936.846533207323
35897,5532.97167308029
35898,8032.58988723202
35899,4278.2295859285705
35900,8348.965136873298
35901,7741.5043984834865
35902,7856.265123214264
35903,8838.266484619846
35904,7054.895043047664
35905,5028.95521198291
35906,7171.198160054353
35907,8001.630290799726
35908,8591.059185361564
35909,7832.115213496946
35910,8502.906262525312
35911,6869.176550866382
35912,4707.800054082779
35913,9868.812362498029
35914,5047.414004341076
35915,9818.117675206338
35916,6986.305164108934
35917,5023.562663889152
35918,7385.681892102452
35919,6074.736560509925
35920,7500.695358111316
35921,8454.217604856873
35922,4124.08717444337
35923,4893.6151801821325
35924,7961.420488965547
35925,9442.86748817297
35926,10819.291189621868
35927,6102.325348696387
35928,6024.696445668201
35929,6416.134287829341
35930,6688.870381535091
35931,5530.63108924944
35932,10893.32878832662
35933,9583.116683011709
35934,12256.956371450551
35935,5046.003166274877
35936,6298.546633042411
35937,8861.61308702749
35938,10023.997315466873
35939,5650.4124144856005
35940,10976.975830551648
35941,6954.137211574505
35942,6072.474763051993
35943,6199.2171520665715
35944,5791.183488760489
35945,5620.658842048106
35946,6776.711835104577
35947,5361.498047662322
35948,5167.586682024916
35949,8949.964275191136
35950,7109.812957628363
35951,24089.607893034838
35952,7427.665513227173
35953,4348.074882472764
35954,7462.3161756079
35955,11041.833834930345
35956,7089.149565457356
35957,7051.105447949326
35958,5598.380982118526
35959,8382.161241491114
35960,8032.717225444756
35961,5321.170482767178
35962,5501.731312998925
35963,7381.661990121065
35964,7773.801258569246
35965,7027.012312105256
35966,9103.703549283066
35967,5709.452258329161
35968,4858.458299402662
35969,5660.177737376189
35970,9671.537834420986
35971,10696.541276161424
35972,9755.363623902707
35973,7553.863947002759
35974,5340.425073876445
35975,6156.690077012751
35976,4464.300683372524
35977,7919.351991092552
35978,10411.072180816056
35979,9041.0660643452
35980,5802.089635224705
35981,5433.48165558529
35982,5103.906321529428
35983,6747.247461659826
35984,10202.04482226361
35985,6500.189386768188
35986,5524.3284690825285
35987,5416.064878913977
35988,7812.282760826637
35989,3423.970619401885
35990,7443.1028358387985
35991,4513.381539114691
35992,7000.562136037163
35993,7715.40159924182
35994,5970.093638743037
35995,7464.50960783112
35996,6777.503543291804
35997,4918.155061851138
35998,6595.501597978004
35999,7915.213731801502
36000,11634.256058271492
36001,6327.9401317144675
36002,7960.688650559533
36003,8571.539657045685
36004,9770.743307078881
36005,6718.683083144167
36006,9196.703063007108
36007,4622.1623484302245
36008,5025.832410594356
36009,6361.977148335999
36010,6865.175578576261
36011,9350.695137435301
36012,7586.357726197117
36013,5610.627252905649
36014,7682.016783284789
36015,6135.872752845033
36016,9750.868463583545
36017,3765.9882143129366
36018,13237.22582770352
36019,5339.868338719638
36020,5901.742752679296
36021,8641.674714348655
36022,5020.71428281661
36023,6605.278263558558
36024,6164.9347776835
36025,7703.933031126451
36026,5660.791650310365
36027,5472.732486224803
36028,7805.983913969743
36029,8167.4401865109085
36030,7228.961227468147
36031,5240.259010418159
36032,7236.403678938191
36033,11597.532049090463
36034,6731.005896220577
36035,5833.185504411096
36036,7007.558892028284
36037,5934.809967939045
36038,6484.409237527529
36039,7322.561905011461
36040,3789.2576106692377
36041,8176.8343297031415
36042,6000.538814782344
36043,6829.555819118705
36044,9831.183030855917
36045,4148.25350684616
36046,6282.950053773462
36047,5077.934670187843
36048,8191.5353217956235
36049,9362.586437254673
36050,4993.207769557659
36051,4707.8347527922815
36052,6767.77292279301
36053,5941.2173878285375
36054,5920.17631680055
36055,8637.130792067468
36056,6518.021787521636
36057,7855.389256324251
36058,5768.716022445171
36059,4356.611411069873
36060,6574.332688725099
36061,9075.482664159052
36062,8129.697714807286
36063,8234.243044288865
36064,7973.627729784308
36065,6287.181797507258
36066,9603.746574339613
36067,5655.4305007957855
36068,7247.928577979294
36069,9199.366349790618
36070,6490.298518891043
36071,10127.837649920604
36072,8840.901104203938
36073,7817.300863298684
36074,6185.286917994495
36075,6893.446684194488
36076,7982.669293823656
36077,6386.499222797066
36078,3858.5853866037055
36079,5920.007073801555
36080,8074.216157841146
36081,6053.627842923281
36082,4530.294560553317
36083,8213.59327798986
36084,6360.206549979933
36085,6100.298388368001
36086,5800.4246283722505
36087,5257.222388719976
36088,7734.257890308484
36089,7149.977051518547
36090,7009.91637252317
36091,5705.6340616959005
36092,5688.286208335159
36093,6494.126072783496
36094,4031.398871313757
36095,6541.318446680251
36096,5665.081840016464
36097,8631.277725784083
36098,6872.010010761591
36099,5874.804693417063
36100,10784.620224928329
36101,5636.792235594303
36102,5178.221613282751
36103,10248.334177129445
36104,6529.549779462515
36105,8528.304863389098
36106,7551.994493625746
36107,6107.848113499478
36108,6186.591429513407
36109,5453.501327522576
36110,8263.002204434384
36111,11434.013801860126
36112,8218.47596653186
36113,3515.972239967077
36114,5041.852247245016
36115,8409.89977969562
36116,8662.65802387358
36117,6897.074939519475
36118,6913.8929451528375
36119,4987.75157744259
36120,5258.454507916151
36121,3178.591468027163
36122,5039.2404245622865
36123,6643.192726312179
36124,7178.499816018931
36125,6473.3502921159115
36126,6045.479231793792
36127,8332.802217956594
36128,9652.187130126485
36129,7854.777110819376
36130,5230.922188693271
36131,9315.14259122218
36132,10228.213669717472
36133,6067.573396802313
36134,7790.949203318768
36135,5603.588175207274
36136,6386.522109211075
36137,4317.7081269224145
36138,8324.719741093262
36139,5267.616901447651
36140,8959.96359255155
36141,7222.716626235433
36142,8901.490127170724
36143,8856.03460197878
36144,6051.697256495644
36145,8844.869806995363
36146,18904.11554596328
36147,10930.302819661456
36148,6021.540232405309
36149,3088.1724920995407
36150,6132.03269130476
36151,9752.249622460575
36152,6212.13962720534
36153,12236.92482740818
36154,19121.40502306898
36155,3743.554765433382
36156,5374.257074504197
36157,10553.88421185121
36158,4948.178425313307
36159,8317.884359516049
36160,6924.765788765422
36161,7730.4688082076655
36162,4550.395032904354
36163,6564.680258289247
36164,6530.156421940864
36165,7833.183516052751
36166,9065.923925369541
36167,6124.227564790652
36168,6098.294851049477
36169,7048.586876608058
36170,5212.49472006857
36171,4883.368278179879
36172,7543.153562955223
36173,6248.688359538974
36174,5919.524464961439
36175,6858.100420496714
36176,6217.226014743927
36177,6442.590482942698
36178,7177.798773785571
36179,6968.082331024561
36180,9363.85899475407
36181,9775.193173325404
36182,7356.69194242877
36183,5650.212213944262
36184,3921.667072306101
36185,7085.855299104062
36186,7311.968716726754
36187,6279.162624155187
36188,4602.225904665963
36189,9888.559622279578
36190,7587.4302689321485
36191,10447.067268104096
36192,6579.0486948126
36193,5760.311057286765
36194,5598.45999755317
36195,5221.725961315095
36196,9695.680496242776
36197,4969.115873098708
36198,8296.324451247312
36199,15406.594762454144
36200,7781.1945086357655
36201,8166.942731200356
36202,5468.303921574903
36203,4657.809393266527
36204,7057.538658849565
36205,4205.246291715585
36206,5852.119349132392
36207,10641.991715173723
36208,5282.443550852302
36209,15944.37441409695
36210,14342.495722684269
36211,4962.871119800453
36212,6828.0718020273835
36213,6578.191482733342
36214,7123.78881092695
36215,5560.867702776051
36216,11262.511227899438
36217,7652.324025112065
36218,10022.770514658172
36219,4783.779169686526
36220,7489.369368352841
36221,5017.528801887374
36222,9579.512219221504
36223,7235.180296686363
36224,6218.206515122691
36225,7131.355553094474
36226,5873.64298770275
36227,7934.598826544541
36228,10616.917260116927
36229,5877.260155745799
36230,9859.257031341494
36231,6858.503258270216
36232,9867.904711871704
36233,6037.241387452918
36234,5680.808105381474
36235,5659.882571530973
36236,10315.431319832152
36237,6847.927550898543
36238,8058.246709798071
36239,6948.532871235673
36240,8832.914560889874
36241,4672.134875769823
36242,9871.755137554208
36243,7251.550477576052
36244,4307.609205661584
36245,14408.114366060436
36246,17742.183973215735
36247,7595.91336335736
36248,7261.002277349694
36249,9598.821703861951
36250,10135.246322678404
36251,11140.010590503014
36252,6044.2407180999435
36253,7101.133884376339
36254,6057.972885765354
36255,8410.996899572385
36256,3942.2164546212284
36257,6360.197026547053
36258,5944.594681409674
36259,5917.382173288882
36260,7379.012010885986
36261,5132.195418425454
36262,4716.431768427503
36263,7085.82024067449
36264,4206.014482355176
36265,4742.680524505096
36266,6333.671144392574
36267,6477.350329448273
36268,9444.683571318239
36269,8554.330699303426
36270,7156.658846078843
36271,6373.973268627657
36272,6432.037589819478
36273,11636.631350899332
36274,7360.379011264906
36275,5398.022606973733
36276,4771.6155634582365
36277,10715.131952828215
36278,4461.986852697681
36279,6764.4520902732165
36280,3624.0532752752083
36281,5103.113476702675
36282,7528.684383451121
36283,6759.434501627052
36284,5779.216863739057
36285,9600.364927078988
36286,9939.149365359439
36287,11964.903293684045
36288,6280.672338869711
36289,10043.832099222664
36290,2886.818861884066
36291,5243.804178638081
36292,6391.056709081885
36293,4697.072954574575
36294,8760.707664952948
36295,5342.891907539784
36296,5027.939829912383
36297,8453.005761956303
36298,11408.32533083295
36299,10801.582111261489
36300,5473.043921799053
36301,5921.733518858215
36302,12737.576579166602
36303,8904.212442978192
36304,6320.685038476379
36305,5691.411662086168
36306,6939.978669498856
36307,10352.587264436626
36308,4432.795496381581
36309,5823.410572760936
36310,7832.154465090501
36311,7870.460225004926
36312,14356.035519271963
36313,6214.555617006732
36314,12564.441445579743
36315,7177.542433204236
36316,5244.465493835668
36317,3853.3154936299557
36318,6222.804871630232
36319,6503.6923055478055
36320,5973.9845179181375
36321,8108.120075828992
36322,5029.429831275596
36323,4835.4154161281385
36324,7844.637860375382
36325,3824.8912851044724
36326,7559.48213126044
36327,6889.367986921154
36328,8403.134327957994
36329,8827.908478640053
36330,5642.624132853381
36331,9161.297761152511
36332,6114.202485412339
36333,5617.7966571667685
36334,5293.88553084874
36335,5611.147048841949
36336,11213.988692515417
36337,6611.222755172386
36338,4970.305247104883
36339,7335.736347017917
36340,8683.921798893653
36341,7742.747386295796
36342,6211.799272400975
36343,8502.241316362675
36344,5299.452303578182
36345,5751.670011147502
36346,6157.097032269093
36347,8860.370901939597
36348,6551.036839368143
36349,6671.541392278105
36350,5553.338432096169
36351,6010.738670747294
36352,4766.2968074234195
36353,6014.340877025815
36354,8503.057932119631
36355,9619.153824668996
36356,10471.159851092794
36357,11401.927246849124
36358,8763.48389663152
36359,8635.724570822511
36360,5132.347705849078
36361,10117.25611094789
36362,10572.934555102409
36363,7628.799523212878
36364,8568.469367667676
36365,8405.023025479588
36366,5573.187400759232
36367,3696.2964339119485
36368,10776.336351424323
36369,6291.784970081982
36370,6782.297124927141
36371,6441.9083103193525
36372,3192.4482818361043
36373,12134.114652568716
36374,6567.361682479172
36375,5566.617301112517
36376,4613.56664666891
36377,5352.135759408761
36378,6862.379177152955
36379,8498.39506360895
36380,6840.9331605572725
36381,5330.73178857463
36382,5254.079717767294
36383,4269.156650777953
36384,3483.9496547810686
36385,7290.899455036412
36386,17708.398599469772
36387,4845.675325903858
36388,6222.776421399878
36389,6519.035930654656
36390,5525.834930802513
36391,5396.81698809014
36392,5072.520700622524
36393,4323.227590016864
36394,7214.148677246148
36395,7220.441573891748
36396,4087.5933303903225
36397,8919.309527493117
36398,5553.113442981349
36399,5089.743586314905
36400,10800.70621081461
36401,8132.942077791477
36402,10537.009096087993
36403,5428.600947628478
36404,6955.704204984489
36405,4957.089070690829
36406,5612.166914146087
36407,15595.30794816682
36408,10344.845931979462
36409,6793.7415065439045
36410,6216.298049606096
36411,4732.119193029378
36412,5676.647588971459
36413,5240.8810739782775
36414,12664.130156749317
36415,5604.3490683210275
36416,5707.2122200803615
36417,7944.922598304549
36418,4685.3754309255755
36419,6430.989090331957
36420,7307.811505069786
36421,7930.505260221738
36422,7258.247038124799
36423,4243.064479003644
36424,5498.082799801954
36425,6712.864788168593
36426,9073.567262851298
36427,8356.375824594192
36428,7080.1992678668
36429,4704.95543354981
36430,7802.197454011998
36431,5983.439490997559
36432,4967.998765132647
36433,7412.084450962317
36434,7219.062000298263
36435,6249.386486689418
36436,6243.004879793617
36437,6501.468975074718
36438,6763.357781639226
36439,5979.162059317611
36440,6856.34461356189
36441,6821.367329689156
36442,6340.86638268717
36443,10011.498910873503
36444,6137.908166546142
36445,4879.59694099598
36446,12190.022816324405
36447,6810.385072374277
36448,3432.3866650708337
36449,7888.5667207189545
36450,8815.05138065754
36451,11152.856301642634
36452,5255.093560218949
36453,6227.805230090277
36454,5787.842361563678
36455,7153.214300859901
36456,5980.920224109566
36457,8933.044773624479
36458,3457.488356944742
36459,6389.003718585044
36460,6399.593238799516
36461,5394.368713242342
36462,5061.439364254441
36463,6497.142907466317
36464,8288.40954343832
36465,6011.872266941908
36466,8487.3333273377
36467,7518.360014834252
36468,8617.032155700941
36469,5334.435180805549
36470,6709.099463359849
36471,6279.148557634253
36472,8670.756337232768
36473,8300.386297939582
36474,5431.360103148956
36475,8111.235484527557
36476,8411.956199872158
36477,7566.096754905369
36478,5040.606564304136
36479,4899.080443156334
36480,8360.697463162765
36481,6489.328544848876
36482,8734.225162286235
36483,7199.835077643305
36484,5952.369886843684
36485,8608.283572302164
36486,6733.202256336654
36487,6907.740982117946
36488,7687.478444230591
36489,5818.134331318858
36490,9191.494279528179
36491,10714.989934779542
36492,7771.784832497299
36493,4955.0123501004755
36494,5753.70814442825
36495,5020.709346482363
36496,3313.360617682871
36497,8262.499018284267
36498,5656.50002536946
36499,8585.639350198362
36500,4846.863291488912
36501,6488.373762354225
36502,6520.873209533812
36503,9826.970469260712
36504,5054.431236767833
36505,5403.785039956535
36506,5689.450441948482
36507,7675.349468523436
36508,6023.205348700814
36509,7820.986291325845
36510,7644.821468671207
36511,9158.884336146439
36512,7922.692426573435
36513,7263.072805515024
36514,6186.872143228407
36515,4770.996573339746
36516,5523.074220814925
36517,10413.357860331653
36518,9136.470612184923
36519,10537.059211784364
36520,14508.736857354414
36521,6029.471843963976
36522,5433.486724662558
36523,6504.374696570019
36524,8335.245514670914
36525,10417.572838262755
36526,7053.688026503992
36527,8293.497389400236
36528,8077.579714972904
36529,6975.351216855607
36530,6809.017045216862
36531,5883.2556171777715
36532,4763.080550801707
36533,5353.324444375781
36534,3976.421873033191
36535,5644.058477380335
36536,8577.994070030416
36537,17516.87934950566
36538,6280.264218797958
36539,5131.450528432574
36540,7752.608682174006
36541,4391.546577014131
36542,6669.590463040658
36543,4758.578771587732
36544,9897.211391990026
36545,6535.5655292215315
36546,6683.134206255854
36547,13970.442983302959
36548,11057.052534584038
36549,5779.628667670865
36550,7296.6384926303845
36551,4067.510403124883
36552,5188.4507887319005
36553,5406.7501352262025
36554,8585.644041270063
36555,5041.771770990529
36556,4638.235597254072
36557,6045.847765289024
36558,5725.919092296965
36559,6917.119723543926
36560,7431.710123481692
36561,3859.9859498890823
36562,7156.407139971463
36563,8221.205913159858
36564,7794.5830772593035
36565,5058.1020716745215
36566,4605.721598896354
36567,8138.146208032172
36568,4514.862554562789
36569,9595.167664412045
36570,4941.602534256883
36571,6032.869464296763
36572,7430.921495797106
36573,6663.6484905261705
36574,4770.297028285105
36575,6823.184575247592
36576,7549.196601722231
36577,9194.183735538205
36578,9640.718681624086
36579,5918.088145335313
36580,4119.252906890102
36581,5445.854450901939
36582,7199.400170404279
36583,4757.985533698189
36584,6432.79381838906
36585,6074.745137013929
36586,11388.422995895422
36587,8556.15966521103
36588,6402.402388403699
36589,7588.947148180009
36590,4655.911567274356
36591,9182.451789286575
36592,5994.427648990152
36593,13932.209154331846
36594,6316.753885488807
36595,5548.725935461456
36596,5181.947818615517
36597,4295.723269320583
36598,7360.127908100809
36599,19488.056159024996
36600,4133.304435984211
36601,5141.338597412987
36602,10081.568158729258
36603,6774.095158236748
36604,7600.608755253697
36605,8237.031574254017
36606,6239.640284425023
36607,5090.07624689385
36608,4834.552864323022
36609,9992.114341530672
36610,6191.102457959809
36611,7416.2401622564985
36612,7707.68514124482
36613,4601.797892997165
36614,7550.310908892854
36615,5939.529329007375
36616,4359.69214960351
36617,9393.688174639308
36618,9489.266784290161
36619,4336.420150420511
36620,7751.047872360954
36621,7362.163591455662
36622,5666.117019712169
36623,8955.376182123007
36624,6701.756843072693
36625,8155.532591425104
36626,4755.7273087214935
36627,5258.7369602501685
36628,7153.664339947054
36629,4593.295427283193
36630,7647.579016285998
36631,4478.689314669165
36632,5840.413883571678
36633,4458.622007899754
36634,6389.792494945414
36635,6039.109586986143
36636,7064.020034438069
36637,7151.155096870172
36638,8166.043834435435
36639,6091.643638647731
36640,7651.826005147572
36641,6489.655759618637
36642,8354.135687306269
36643,8806.41390096332
36644,7395.6120796245805
36645,4050.4378357387386
36646,5916.7454073584795
36647,7534.0103681195005
36648,4333.8029382484365
36649,11624.397042384362
36650,5605.018681795816
36651,7466.710568523659
36652,10752.353754341408
36653,7101.512294665407
36654,4424.271320224785
36655,11693.076111353641
36656,10431.389376395562
36657,5689.722206179515
36658,9339.460019722355
36659,10666.87851960098
36660,5876.840311238671
36661,5225.472370073017
36662,6732.703293587414
36663,5960.933652090468
36664,5533.421317773331
36665,7032.718530677132
36666,4798.908270147981
36667,6631.420243486825
36668,7438.687955145759
36669,7901.270784576143
36670,8536.511906280133
36671,6122.38589265362
36672,7664.531758930676
36673,5984.827550611915
36674,7689.648182641371
36675,6828.1529351875215
36676,6730.02203173221
36677,6267.6295398694065
36678,6897.530816684597
36679,9446.346633154708
36680,5881.507742702414
36681,5488.653872549845
36682,6643.869953500847
36683,7233.467302641892
36684,7670.835442538557
36685,4572.788443507918
36686,4119.846113356473
36687,7824.763206855329
36688,6784.34263792204
36689,5675.167146777694
36690,8015.566345189554
36691,6730.893397360058
36692,6558.680716642471
36693,5440.790689463753
36694,4161.0125956019
36695,7221.4906203455785
36696,6421.559794725148
36697,6532.649913382554
36698,9920.339152929253
36699,9040.11770872595
36700,4639.309434572212
36701,9189.03462262703
36702,4285.292514196989
36703,3074.355517617277
36704,7779.834819632059
36705,11917.01955488149
36706,8568.807145252438
36707,7219.52387354447
36708,5021.301899487369
36709,6578.290175558381
36710,9422.34719033328
36711,6608.150737792816
36712,8712.383728177498
36713,5297.34725655122
36714,4954.456872039289
36715,5281.093776070749
36716,5441.397739950449
36717,5244.113115741953
36718,4940.918350029574
36719,5380.543974801796
36720,4249.886941890732
36721,7059.362496195295
36722,6776.915919786927
36723,5474.028514185463
36724,6493.25004843161
36725,7529.598056086238
36726,5911.088598295883
36727,5097.846257737916
36728,9588.454751226243
36729,7664.614849395366
36730,6015.621878030701
36731,3829.605149501219
36732,11876.862643850714
36733,6709.171786094974
36734,5660.854229806647
36735,8669.80430065582
36736,7617.97373289541
36737,7495.170796631878
36738,6226.7826963458465
36739,7215.016433726179
36740,9499.81299667245
36741,13849.294264609378
36742,5306.305836371874
36743,4802.064147537876
36744,5494.561584990164
36745,7175.00337018362
36746,6250.089570902317
36747,8523.648892575597
36748,9108.449147461319
36749,5887.420539372436
36750,4342.1049432727095
36751,6542.858643564907
36752,11778.216723365716
36753,4982.572642087525
36754,7682.7645399022995
36755,4264.141729205479
36756,7715.139300306123
36757,7660.4858964899595
36758,7635.363930162508
36759,8936.264713190494
36760,6805.177500190162
36761,4312.310827453185
36762,6844.5836139439025
36763,7172.194723390801
36764,8293.640700184447
36765,7592.946253613488
36766,7984.424276481432
36767,6833.451400233915
36768,4436.904998434988
36769,9632.194768770827
36770,4630.040648590298
36771,9506.114514198258
36772,6270.527293957262
36773,4352.907753636276
36774,7388.617233767006
36775,6192.004663065074
36776,7247.589610111378
36777,8328.435521822215
36778,4202.077712183701
36779,4549.398981311456
36780,7749.185030040877
36781,9113.765840643779
36782,9776.18989989741
36783,5507.060221860256
36784,6207.230015626073
36785,6706.770240043775
36786,6369.45031143432
36787,5606.314445639669
36788,9763.608066461444
36789,8892.388367691627
36790,11196.07687037846
36791,4454.060019696474
36792,5929.468676719415
36793,8555.426968889846
36794,10506.1169966419
36795,5209.374232754003
36796,10562.872976409093
36797,6665.993143985008
36798,5613.084327059507
36799,5596.871742083134
36800,5593.554554803191
36801,5508.076488204615
36802,6297.1391987502075
36803,4998.303069224397
36804,4957.954046615271
36805,8723.193869715209
36806,7387.842191170082
36807,22851.25683239487
36808,6682.440369617866
36809,4675.579919219769
36810,8034.298760221816
36811,11559.552495997375
36812,6698.488104485638
36813,7438.375736997524
36814,5909.5083765934105
36815,9380.864020072655
36816,8658.823711742483
36817,6053.121594178009
36818,5810.126456811387
36819,7595.953945385115
36820,8662.53402146375
36821,7310.39991293664
36822,9248.336407505365
36823,6095.871321982857
36824,5200.01006569417
36825,6072.757582582195
36826,10681.388580986873
36827,10923.882849738551
36828,10407.396794129212
36829,8248.928241811847
36830,4963.702909752869
36831,6459.228062574818
36832,5108.662563350559
36833,8371.099862354493
36834,10952.945067477893
36835,9864.840821404345
36836,6435.26127945225
36837,6192.747446308687
36838,5106.503334973022
36839,7136.0816723985345
36840,11671.444004727291
36841,6919.754670796034
36842,5538.925838168853
36843,5941.238602399966
36844,8620.383613885771
36845,3663.422146538265
36846,8280.492132077392
36847,4759.992975942307
36848,6970.745184708902
36849,8019.258468926698
36850,6268.181758038808
36851,7687.777683375147
36852,7299.678763565365
36853,5693.60247201017
36854,6907.762184619972
36855,8140.197757556671
36856,11695.618003593883
36857,6354.2703158892045
36858,8832.107179694547
36859,9434.969757559862
36860,10405.09678798035
36861,7231.708645355108
36862,9702.800089474915
36863,4992.190618575302
36864,5063.0443245046245
36865,6933.95405479363
36866,6952.064204273869
36867,9938.7949388916
36868,7944.151941711516
36869,6202.889686302426
36870,7685.132241609251
36871,6977.246503126625
36872,9590.41272322498
36873,4055.9491634657243
36874,14897.431438244468
36875,5640.42605142033
36876,6417.963031496796
36877,9187.514962017221
36878,5493.513778333757
36879,7056.219406838095
36880,6417.067349902866
36881,8111.792546918426
36882,5643.290321213752
36883,6055.894994813309
36884,8323.79591195531
36885,8624.019733885052
36886,8055.0730156549525
36887,5578.768825033659
36888,7576.1068577523965
36889,12450.156784756857
36890,7100.586046650648
36891,6284.972392342158
36892,7199.322437581169
36893,6242.148736496709
36894,7049.857708322883
36895,7971.587894901569
36896,4040.548654206172
36897,8711.95817572087
36898,6687.622805423068
36899,7163.4766377115775
36900,10907.0982809379
36901,4616.044708769375
36902,6081.863416825149
36903,5659.424777371586
36904,8767.40120146417
36905,9925.05990595037
36906,5335.325228746695
36907,4840.567308613023
36908,7139.4549415125375
36909,6365.971747294457
36910,6572.465593137445
36911,9337.743617190492
36912,7226.727424162388
36913,8265.37378954989
36914,6208.803025049201
36915,4693.673193603423
36916,6998.83869587458
36917,9150.74107036081
36918,8731.076596722436
36919,8604.731130023401
36920,8802.176738332644
36921,6839.896799928895
36922,10057.036274745835
36923,6744.786726648572
36924,7884.056773580018
36925,9409.912361525978
36926,7016.602329373765
36927,10860.060944113695
36928,9545.583155416494
36929,8408.24659332378
36930,6255.038882301659
36931,7399.354195026483
36932,8312.100112670378
36933,6939.830530876383
36934,4373.080447960967
36935,6202.672644123874
36936,8928.964930498114
36937,6453.446429627583
36938,4787.245418187769
36939,8642.5521673574
36940,6960.596019561814
36941,6649.627958378696
36942,6306.798251846743
36943,5662.494473658609
36944,8188.165160546266
36945,7464.6039800579465
36946,7453.847957748755
36947,6016.525401607517
36948,6280.556165064232
36949,6927.289642764259
36950,4387.008904577088
36951,6841.293012827137
36952,6257.987502089525
36953,9058.340165829537
36954,7801.961377237269
36955,6412.058332978711
36956,11825.029787697766
36957,7431.197594977917
36958,5547.701399999215
36959,11282.322392547378
36960,7555.842089040045
36961,8776.127894239951
36962,8124.184324558419
36963,5847.650860562954
36964,6435.81248214035
36965,5981.0462837491505
36966,8101.669585083972
36967,12842.529238622647
36968,7883.713875366789
36969,3772.6528361715973
36970,6057.203764133801
36971,9284.905176228815
36972,9368.055405724725
36973,7611.994763949875
36974,7416.120418827154
36975,5330.545633060137
36976,5527.344191056784
36977,3408.930429961683
36978,5351.36138495501
36979,6788.704490391414
36980,7684.515691625273
36981,7074.730340745968
36982,6578.706767137851
36983,8760.677030490366
36984,9694.793796666792
36985,8317.694962650003
36986,5774.150393271958
36987,9970.249821664995
36988,11433.47390274341
36989,6305.293230287872
36990,8253.021214795745
36991,5735.9418660667425
36992,6986.541650368411
36993,4395.6186428372075
36994,9119.211971512359
36995,6002.771612292058
36996,9672.0518412845
36997,7518.2245654414755
36998,9334.780833876566
36999,9288.015376915471
37000,6045.01910510782
37001,9702.164924673543
37002,19810.33127980962
37003,12020.888851565083
37004,6642.458975472033
37005,3370.8436884907373
37006,6640.423253197441
37007,10155.278072100291
37008,6411.9145079568625
37009,12552.237266474576
37010,19679.072784056607
37011,4305.400296588288
37012,5843.236369208743
37013,9399.780292011605
37014,6010.546794628554
37015,9022.668520475348
37016,7106.398948933236
37017,8198.324819072373
37018,4459.881939933743
37019,7516.426572714339
37020,7377.680940299331
37021,8332.569794774057
37022,9940.232354981476
37023,6211.585304616826
37024,6166.02625882845
37025,7613.165274370637
37026,5998.649620567626
37027,5574.16829963366
37028,8262.888314517573
37029,6530.0752277574
37030,6292.082919683747
37031,7528.396300802398
37032,6447.680484193936
37033,7066.315204754306
37034,7482.8366952084
37035,7735.729752302097
37036,9638.540132177906
37037,10216.26647797243
37038,7428.791125523081
37039,6004.330323785117
37040,4243.40597268882
37041,7643.779394684556
37042,7754.063577707561
37043,6649.826962628812
37044,4984.798991393661
37045,10607.306386865635
37046,7839.745156357157
37047,11358.744311987615
37048,7212.53730321867
37049,5954.171565352321
37050,5659.596271761698
37051,5382.823264672236
37052,10012.135784776357
37053,5542.63931642323
37054,8676.890010603202
37055,15834.103399881187
37056,8064.529860845808
37057,6528.603367450508
37058,5346.272175423221
37059,5058.15743923808
37060,7217.232278644811
37061,4458.7999688397485
37062,6199.227158280852
37063,10920.857218586661
37064,5540.555150084133
37065,17270.602034963336
37066,15642.74686217959
37067,5192.899276704027
37068,7285.359447227879
37069,7055.517304300927
37070,7468.315703696087
37071,5933.205984581058
37072,12312.651447578837
37073,7746.699752149313
37074,10181.35707911563
37075,5298.37081066558
37076,8047.1804784404085
37077,5167.92180955215
37078,10288.153934273383
37079,7370.375531473279
37080,6430.325397328944
37081,7094.0843339063285
37082,6002.164467060073
37083,8641.173969277766
37084,10363.51011464121
37085,6334.356072850894
37086,10798.132176357673
37087,7009.750798492769
37088,10556.770931417568
37089,6285.288807536698
37090,6419.128172713614
37091,5989.841988212713
37092,11610.70710177856
37093,7018.081480914658
37094,7870.607150140536
37095,7614.948755388098
37096,9457.963655085132
37097,5051.9385397818605
37098,9832.93225963629
37099,7204.666080268956
37100,4543.068799311289
37101,16372.339902794189
37102,18337.526772667836
37103,8558.210793871827
37104,8050.625262262407
37105,10150.476152585426
37106,10639.361741604167
37107,11795.386106787386
37108,6205.651825267165
37109,7622.957153755539
37110,6295.57052854524
37111,8905.701837677774
37112,4090.7833432658117
37113,6847.002946871245
37114,6428.31974754007
37115,6380.683525023017
37116,7850.352774618552
37117,5752.188972254049
37118,5047.459532652297
37119,7372.534061245714
37120,4353.441649049052
37121,5376.767978380888
37122,6577.081403451091
37123,7597.648802039333
37124,9967.514829532562
37125,9267.556997624897
37126,7639.97915482783
37127,6511.355823336115
37128,6706.542726488271
37129,12016.344929746056
37130,7968.834497178294
37131,5856.3759160104655
37132,5318.393901647841
37133,11220.00258095333
37134,4815.306333360473
37135,7287.955862568204
37136,3573.7665251040794
37137,5949.367011657024
37138,8087.917705563934
37139,7144.748251701689
37140,6258.532332821033
37141,10179.962088295697
37142,9655.451402521267
37143,12973.658350738056
37144,6447.561257989333
37145,10336.746138333972
37146,3237.134479121111
37147,5710.6354761497305
37148,6801.423553310836
37149,5029.534264582631
37150,9335.228370435076
37151,5693.0685465895385
37152,5429.671875517278
37153,9064.586631875638
37154,12309.406255849426
37155,10057.494690208983
37156,5763.258744569436
37157,6062.688866700099
37158,15192.460410788384
37159,10116.864558864594
37160,6617.318431775954
37161,5996.748904614233
37162,7693.086604633227
37163,10435.097138886447
37164,5180.3821938036845
37165,6434.489268720962
37166,8552.838274514454
37167,8792.263736892031
37168,14501.310627128818
37169,6520.996640310463
37170,13907.255823968593
37171,7534.366364303214
37172,5463.521794121977
37173,3735.2959415092123
37174,6770.192175588111
37175,6737.2293308834705
37176,6138.298060549439
37177,8101.65016523955
37178,5488.857295351591
37179,4757.432825594897
37180,8022.999911675634
37181,4211.503884103103
37182,8331.773730839068
37183,7517.803249042236
37184,9027.406593702633
37185,9222.053533306065
37186,5890.176720902305
37187,9752.787985354751
37188,6897.513102818949
37189,6216.015058272427
37190,5770.5264260395115
37191,6838.689802836209
37192,11766.739784554062
37193,6787.376197017058
37194,5505.967223263055
37195,8417.03418302281
37196,8924.319221739966
37197,8036.513079825363
37198,6764.849075932346
37199,9422.217163517671
37200,5619.26687701668
37201,5900.546056041525
37202,6778.284370889232
37203,9201.17959446326
37204,6443.225264517423
37205,6942.810110683612
37206,6075.11666778505
37207,6293.57072075143
37208,5162.7804348274185
37209,5920.314877260193
37210,8668.794722284305
37211,9717.227761338207
37212,11306.2383219055
37213,12056.748590056244
37214,8715.842915270205
37215,9275.13626678388
37216,5386.303359679696
37217,10630.133950270121
37218,10983.482194372029
37219,8278.514259024245
37220,8905.298756651851
37221,8621.315818196108
37222,6105.303434168572
37223,3942.120937499523
37224,12004.018774077374
37225,7133.171014953193
37226,7356.235255417482
37227,6944.572208577036
37228,3457.7435180305715
37229,12574.98164456315
37230,6885.90007155602
37231,5837.327705970372
37232,4929.73905724876
37233,5812.33524620941
37234,7153.018826197319
37235,9540.909555041928
37236,7092.278809682604
37237,5663.425639017063
37238,5581.779398287723
37239,5400.0568557177585
37240,3521.3158580348563
37241,7604.693893265759
37242,18529.026763758397
37243,5036.943797475337
37244,6435.975736927008
37245,7578.551220054797
37246,5744.957909407471
37247,5796.538183034038
37248,5391.57475199713
37249,4804.360537377438
37250,7733.928108985035
37251,7327.312865929067
37252,4679.897421151797
37253,9767.308354601983
37254,6277.616855659168
37255,5375.434315785638
37256,11599.130323501175
37257,8894.456519566926
37258,10945.345989323325
37259,5990.861537008312
37260,7300.323267927718
37261,5310.363709491626
37262,6014.870216842501
37263,17766.487877489086
37264,10935.081360017919
37265,6826.925986054134
37266,6700.181616048527
37267,4915.481928651887
37268,6131.009252533527
37269,4559.724362179263
37270,10987.317843822539
37271,5891.4062199405935
37272,6134.0830710940845
37273,8132.354746026153
37274,5045.973591804341
37275,6739.163071202049
37276,7785.203036303502
37277,8348.45210520743
37278,7605.724967565297
37279,4548.841079232825
37280,6133.336288520335
37281,6778.327180729717
37282,9769.605729586625
37283,8603.109517208659
37284,7491.52839896173
37285,5227.840553011576
37286,8607.399020631423
37287,6541.307333299074
37288,5197.530832353994
37289,7516.737797344091
37290,7372.234105106933
37291,6578.394085855478
37292,6855.912342309934
37293,7101.835717013469
37294,7131.83425932087
37295,6232.661315030914
37296,7246.978026537502
37297,7192.6787063595775
37298,7156.966309799678
37299,10120.421531222019
37300,6642.8315384202015
37301,5300.873239690959
37302,13179.58049787264
37303,6646.47374627606
37304,3982.7619419466587
37305,8165.632859726073
37306,9543.859737201552
37307,11980.966387911716
37308,5657.538795512805
37309,6442.569482238047
37310,6538.989551691565
37311,7768.027307552327
37312,6134.793105959831
37313,9577.693386029136
37314,3520.3576098700432
37315,6875.878870492234
37316,6645.209490000244
37317,5915.952822846114
37318,5394.688372205381
37319,6971.083153386677
37320,9256.196316988107
37321,6449.639272629668
37322,8890.674352137708
37323,8149.280607140798
37324,9052.385245950121
37325,5621.9995619492765
37326,7356.765621975617
37327,6785.413804536206
37328,8856.444224019999
37329,9428.954943690804
37330,3990.870417084109
37331,8435.116234204046
37332,8828.847214278025
37333,7834.742405031019
37334,5483.662263069803
37335,5165.067070469669
37336,9198.136988728846
37337,6929.329756982433
37338,9374.220902606448
37339,7196.591511519847
37340,6395.606041200005
37341,8421.851255657133
37342,7007.6249416432065
37343,7463.249135757431
37344,8541.468006186144
37345,5994.840710827066
37346,9584.926595820996
37347,11489.199360686182
37348,8458.791859083454
37349,5231.99781035384
37350,6439.668340257699
37351,5401.907770340147
37352,3539.356776264496
37353,8715.628724636153
37354,6001.691417293452
37355,8994.430323275516
37356,5123.056821838286
37357,6887.773428971167
37358,7022.942249132383
37359,11554.685441854648
37360,5621.823809963512
37361,6063.795846302244
37362,6335.66042048556
37363,8152.2729366354615
37364,6221.257053082699
37365,8449.659300260368
37366,7946.818669544407
37367,9799.752210855277
37368,8159.928484351332
37369,7249.010771624255
37370,6002.494047440492
37371,5204.024493634468
37372,5517.462250854573
37373,11283.220720284055
37374,9900.802427498684
37375,11024.549833191502
37376,15515.508032607991
37377,6235.034550388988
37378,5632.4407367014865
37379,6872.951991448023
37380,8712.855890826027
37381,11182.874413631513
37382,7670.66941106674
37383,8629.947996176894
37384,8677.110927034766
37385,7817.635165088099
37386,7153.724860183617
37387,6000.629899081532
37388,5178.506081613792
37389,5790.805225784325
37390,4330.79327360349
37391,6030.3790488867835
37392,8845.213034894568
37393,18382.26312309856
37394,7058.813467665237
37395,5507.025413166203
37396,8593.723859302569
37397,4407.080107441726
37398,7010.094045938069
37399,4690.4684079803
37400,9933.284494034102
37401,7138.873998618664
37402,7125.029475705746
37403,14679.13021857616
37404,11846.8987451573
37405,5831.098567669616
37406,7659.2255634769335
37407,4244.4338360247
37408,5690.714124396557
37409,5888.105127541755
37410,8843.028350363222
37411,5274.926281349582
37412,4962.963301023464
37413,6796.147524313761
37414,5899.432307493173
37415,7443.290081089972
37416,7574.945154665029
37417,3911.067936877434
37418,7520.774508245693
37419,8640.77908543712
37420,8286.80527296575
37421,5577.656709444962
37422,5432.903235420914
37423,8433.480310371684
37424,5133.551053047369
37425,10097.925876179961
37426,5114.0254634717685
37427,6143.848354355755
37428,7586.745248029082
37429,7134.499808689994
37430,5190.102121066868
37431,7266.367065098975
37432,8452.745686849625
37433,10070.001391537442
37434,10776.367105479423
37435,6147.715533750152
37436,4226.313277655853
37437,5815.128961959758
37438,7692.6586883314885
37439,4983.963316625074
37440,6680.755016972378
37441,6392.850134951986
37442,12858.340727061212
37443,9183.860792464437
37444,6512.112965923659
37445,8394.196541517373
37446,5153.214478953441
37447,9446.175106803807
37448,6487.033186133298
37449,14783.125793931256
37450,6781.5287637705605
37451,5944.061531439737
37452,5642.348219745939
37453,4225.610322911334
37454,7907.047896736717
37455,20539.026347235973
37456,5021.099040599007
37457,5191.768688628619
37458,10138.244580492255
37459,7363.231633000578
37460,8193.128553650562
37461,8875.20926648222
37462,6622.184938001376
37463,5597.232757985106
37464,4885.412689930087
37465,10750.668867974005
37466,6605.976946355244
37467,7819.457921669391
37468,8592.660821372498
37469,5190.653268542772
37470,8280.01466506192
37471,6209.24857074576
37472,4739.805984121819
37473,9746.331208708787
37474,9729.603304622231
37475,4791.920923552405
37476,7846.014101972516
37477,7479.090823099225
37478,5782.390445866909
37479,9324.078619842296
37480,6877.7330749842795
37481,8019.51821605286
37482,5029.545050077081
37483,5502.740807022448
37484,8733.657637419112
37485,4598.139807566321
37486,8211.854235848563
37487,5176.762157723563
37488,6208.496304841346
37489,4756.221316587863
37490,6991.513173428938
37491,6559.204565423194
37492,7300.564984744747
37493,7397.080826119955
37494,8427.233405081068
37495,6526.172524450471
37496,8173.2286096410735
37497,7365.5693965933
37498,10005.379358146989
37499,9696.114081883683
37500,7606.283502492382
37501,4574.0240456787105
37502,6488.53215051423
37503,7912.128069347501
37504,4940.770277112964
37505,12557.302384856428
37506,6025.787627110043
37507,7652.518677796178
37508,11295.072363934838
37509,6888.791344619107
37510,4699.448417939282
37511,13110.45556805968
37512,11149.422775988422
37513,6073.844443787187
37514,10106.98176258404
37515,10359.50905905472
37516,6195.950019679617
37517,5857.086043884546
37518,7088.16099962574
37519,6563.042612140091
37520,6192.939046884842
37521,7401.164696443114
37522,4992.947707636015
37523,7306.7943838487845
37524,7834.688430705655
37525,8425.857755717756
37526,9299.8545015166
37527,6415.971318462353
37528,8291.9330772985
37529,5821.236025525871
37530,8025.6783414861575
37531,7315.0867244042975
37532,6636.375475740745
37533,6867.884991127797
37534,7502.4431462001385
37535,9706.544783148796
37536,6324.002428616139
37537,6158.683249139519
37538,6646.576363726546
37539,7748.615879325102
37540,8371.806058294937
37541,4963.343441665351
37542,4357.783822088586
37543,9251.163115280633
37544,7085.8237758311225
37545,6199.797939884419
37546,8282.0870438161
37547,7331.354800943301
37548,8031.477463094142
37549,5639.235295843016
37550,3879.354137300464
37551,7852.962754057455
37552,6770.214473955636
37553,6965.032227221229
37554,10587.07541750944
37555,10673.854083004488
37556,4999.029677859957
37557,8375.771679963624
37558,4695.718918899741
37559,3159.397028355846
37560,8114.040792213433
37561,13372.995945875537
37562,8085.981009983403
37563,7831.987496812696
37564,5411.721329166892
37565,7156.370489947393
37566,10041.537899403802
37567,7297.676126314513
37568,8761.083883250401
37569,5888.216991210469
37570,5193.24782653757
37571,5821.9900574608455
37572,5602.330895463177
37573,5800.08226923243
37574,5430.97645842936
37575,5523.162682216323
37576,4655.419598274478
37577,7954.569872830958
37578,7250.643709700861
37579,6061.611337460395
37580,6738.470775089934
37581,8082.500941273615
37582,6379.258501227984
37583,5642.207818667231
37584,10116.155723898595
37585,8282.0779445119
37586,6146.463372447121
37587,4097.776436846644
37588,12264.340025646765
37589,6735.16183050563
37590,6068.306596622537
37591,9186.409284520914
37592,8935.087456262732
37593,8126.8757436037695
37594,6484.4202979856
37595,7660.337259224532
37596,10210.557444536766
37597,15837.858427655068
37598,5843.660612983769
37599,5236.086178210509
37600,5496.115897082831
37601,7176.970610076973
37602,6563.179322296225
37603,10098.22491498893
37604,9135.691842029075
37605,6546.51866980861
37606,4450.192519181253
37607,6734.62674822683
37608,11368.028349974244
37609,5394.236487193363
37610,7911.2449680150685
37611,4453.532866027974
37612,7917.20116095356
37613,8182.083435460242
37614,7975.464599060609
37615,10042.580295699885
37616,7186.331160296478
37617,4647.745216399803
37618,6809.198979630036
37619,7805.507805014819
37620,8829.225644771153
37621,7956.42545018892
37622,8082.969667308086
37623,6945.473287429729
37624,4817.954487943651
37625,10147.673199866844
37626,5061.190186312873
37627,9986.738317011512
37628,6547.131619041915
37629,4952.865877584405
37630,7851.304355894298
37631,6399.118368537698
37632,7789.912388432101
37633,8837.36368736596
37634,4266.421718613593
37635,4702.18422973907
37636,8686.79038323311
37637,9700.99188527563
37638,10821.369695567237
37639,6182.137469948624
37640,6290.485902947468
37641,7182.44566634815
37642,6536.054917229828
37643,5688.627095292926
37644,10256.874093344939
37645,9449.045942669049
37646,12541.979217741573
37647,5008.315036354915
37648,6400.578182646833
37649,8879.125547922069
37650,10690.551972877933
37651,5725.882111360018
37652,10846.322882077171
37653,7336.74197329795
37654,6027.559135622686
37655,5771.187429472561
37656,6002.771980615346
37657,5717.183445133124
37658,6994.105431746445
37659,5605.676818751896
37660,5287.763771823089
37661,9401.52192983091
37662,7328.5921863906615
37663,24050.383802447603
37664,7089.377321911154
37665,4763.419079684518
37666,8729.858946029637
37667,12987.016430173639
37668,7278.646105808441
37669,7957.97950367649
37670,6288.94252164834
37671,9085.687170524861
37672,9007.412048236813
37673,6151.282674755947
37674,6307.781209775284
37675,7938.6736448656275
37676,8837.019990216888
37677,7836.059884080108
37678,9073.564427079446
37679,6841.011642340367
37680,5428.353327815195
37681,6322.997685101564
37682,11231.000577111776
37683,11882.756196246966
37684,11719.569674017288
37685,9048.37413472225
37686,6076.721422649821
37687,6615.965624654217
37688,5051.924489553175
37689,8804.668285749463
37690,11962.997086462476
37691,9759.050520928908
37692,6976.097085757549
37693,6521.635054231556
37694,5552.134522272589
37695,7091.571388973808
37696,11608.60225222096
37697,7657.902291628205
37698,5578.390654964907
37699,6268.5901253726215
37700,8628.097296786013
37701,3800.346077474703
37702,8401.542572022421
37703,4942.3322794078495
37704,6945.76223378302
37705,8034.562395951871
37706,6609.070427605628
37707,8212.381557170933
37708,7813.030832948462
37709,5701.728489112201
37710,7613.345580400278
37711,8281.32883544598
37712,11869.228411830714
37713,6596.6074099277785
37714,9364.83206086693
37715,9110.713716799348
37716,11060.134667025972
37717,7715.516221454306
37718,10557.883598863491
37719,5635.674184523534
37720,5679.080339826683
37721,7512.788220448089
37722,7217.87499484989
37723,10140.428077688164
37724,8297.423714910852
37725,6862.361316876533
37726,8250.571188309757
37727,6940.709274879262
37728,10532.167033640808
37729,4130.875734212951
37730,15448.377332321079
37731,6079.488535309666
37732,6674.891499052305
37733,9764.168025686597
37734,5992.648011939081
37735,7542.642308441901
37736,6810.119292124872
37737,8597.883332211448
37738,6043.219724545256
37739,6299.579354970137
37740,8157.962914714743
37741,8655.784297891116
37742,8863.682563632654
37743,5776.01219117568
37744,8003.706717667705
37745,12433.841384565792
37746,7628.60212543497
37747,6505.753225527975
37748,7553.936999766469
37749,6508.374044162565
37750,7099.053494365494
37751,8084.984110864274
37752,4334.120020558145
37753,9366.117346966757
37754,6933.816671734925
37755,7754.388211536721
37756,10941.433296332592
37757,5117.652798957968
37758,6444.763234533754
37759,5968.477011922393
37760,9302.555691964806
37761,10256.905030608943
37762,5367.080920544225
37763,5141.773253695087
37764,7410.7335895275955
37765,6450.625523363466
37766,6888.229294940118
37767,9365.137647235799
37768,7457.278584006918
37769,8377.033393256314
37770,6720.664114206272
37771,4808.494275391825
37772,7782.813517839042
37773,8962.697230392707
37774,9131.892290505672
37775,8877.979687975543
37776,8838.54415307502
37777,7113.801956256258
37778,10202.614822849355
37779,7012.825423843308
37780,8410.03292181666
37781,9851.613168846636
37782,7236.184755995394
37783,11866.98743229982
37784,9254.600040445768
37785,9006.633586101816
37786,6754.0403972008635
37787,7827.960912458614
37788,9034.266968220194
37789,7588.261328155058
37790,4409.983764551062
37791,6701.312284372604
37792,9288.449769063578
37793,6840.76984085075
37794,5143.943278823796
37795,9611.15572012215
37796,6926.1097127199455
37797,6708.720133046426
37798,6479.821785421603
37799,6209.853516021075
37800,9030.133608332071
37801,7590.323227048091
37802,7996.238163162851
37803,6199.060753935074
37804,6731.037463171537
37805,7480.794372890386
37806,4539.893148682678
37807,8212.356271801787
37808,6440.598925770498
37809,9486.83668175113
37810,8165.32422295954
37811,6505.240739979498
37812,12153.757611667927
37813,7113.081710798546
37814,5398.742719489844
37815,11559.892358871002
37816,7545.911814127876
37817,8994.056736626922
37818,8532.920909427809
37819,5864.253015144388
37820,6853.058751290677
37821,6074.212559941181
37822,8841.49458018113
37823,13530.661383565883
37824,8637.731353211104
37825,3844.461959661334
37826,5651.938567629049
37827,9470.361835881073
37828,9837.155100302167
37829,7857.692275850607
37830,8051.829550811729
37831,5177.363112678941
37832,5856.9864582646005
37833,3601.830743724772
37834,5807.779895396416
37835,7217.97597768521
37836,7976.9379157194035
37837,7643.478870288099
37838,6944.338324823317
37839,8833.505857589249
37840,10047.054955489642
37841,8438.814915283921
37842,5823.465643746783
37843,10559.415677306632
37844,12525.068269899559
37845,7078.3765065984
37846,8794.333002032356
37847,5925.32008613202
37848,7194.79847186406
37849,4723.633679740877
37850,9535.754456057939
37851,6284.139539179927
37852,9665.130973236137
37853,7775.3409495440965
37854,9739.502918987973
37855,9778.587978497108
37856,6238.131925716656
37857,10145.03106372244
37858,20407.83606645842
37859,12529.634045720528
37860,7680.025818295961
37861,3536.832432091192
37862,6797.802077837044
37863,11190.69641559066
37864,6813.457859189408
37865,12531.028064674027
37866,19994.3830425838
37867,4307.9268351949995
37868,6226.374060955645
37869,9597.004497560294
37870,5987.984242647304
37871,10268.96651178677
37872,7903.096311504134
37873,8879.216922810783
37874,4355.76766016634
37875,7732.941568685197
37876,7538.483083197086
37877,8580.11194912201
37878,10398.253922645816
37879,6266.5705425502665
37880,6329.0380403552435
37881,7860.798833433788
37882,6370.264700673072
37883,5636.2943374690085
37884,8344.801469372384
37885,6743.504641659875
37886,6620.769492342039
37887,8633.119481953965
37888,7231.969766220242
37889,7242.3671357293615
37890,8195.092794628272
37891,8169.010689416534
37892,9478.152397454936
37893,10577.388787522432
37894,8037.577505153173
37895,6083.623600837176
37896,4314.803121201824
37897,7777.16123605478
37898,8212.98628053052
37899,7008.725936188828
37900,5186.6589245876685
37901,11608.340347982408
37902,8448.33326781226
37903,11673.593149965189
37904,7420.27674610482
37905,6439.211134540635
37906,6076.172198833721
37907,5593.412416651501
37908,11007.748947468921
37909,5539.609767418145
37910,8672.14708357355
37911,17338.59669396613
37912,8127.384810415865
37913,7140.7432448297395
37914,5477.584959869508
37915,5276.86783442606
37916,7845.105919875771
37917,4490.360094961627
37918,6476.203176478472
37919,11333.704705914235
37920,5521.812256388352
37921,18574.260131742496
37922,16741.349381001415
37923,5247.943051315532
37924,7696.047676232092
37925,7356.8872961461875
37926,7889.866825376417
37927,6516.216519350867
37928,12375.430614664689
37929,8326.925811489175
37930,11327.55067060096
37931,5502.330332556638
37932,8240.35134229214
37933,5245.625494154366
37934,10346.738713095832
37935,7771.80775817612
37936,6991.415866422875
37937,7349.308849500427
37938,5912.994638830911
37939,8993.423860519531
37940,10975.996782277967
37941,6213.235009523243
37942,11457.790152731603
37943,6918.682674184544
37944,11099.84623539946
37945,6667.542562755351
37946,6454.084166203436
37947,6331.62927882645
37948,11926.461003163471
37949,7240.488904430919
37950,8181.762777116833
37951,7962.742486041873
37952,10138.86271692123
37953,4969.425881867071
37954,11236.418101566385
37955,8131.887773369139
37956,4588.045245641976
37957,16659.05528112754
37958,18118.770962535742
37959,8705.248159799517
37960,8408.917582121137
37961,11260.449356734704
37962,11595.288526171124
37963,12430.043171655943
37964,7052.869806288593
37965,8409.195840708975
37966,6672.261242594706
37967,9154.338510075464
37968,4443.142278288357
37969,7551.723631733268
37970,6623.595163993286
37971,6522.760753856004
37972,8295.70309800248
37973,5755.991202566397
37974,5599.5601439439515
37975,7720.21505410595
37976,4497.57336807295
37977,5293.908462079706
37978,7095.152623542257
37979,7656.005309594751
37980,10250.054723318555
37981,9357.148271476557
37982,7792.538992565258
37983,6450.691792965289
37984,6972.299403400757
37985,12463.332216912697
37986,8399.153811803153
37987,6462.612514443595
37988,5339.978677964691
37989,11440.39790256928
37990,4764.299998206715
37991,7298.414272772269
37992,3853.1414222771414
37993,6174.917214510252
37994,8905.01179506351
37995,7350.449970576857
37996,6291.316252504566
37997,9896.055866164168
37998,10096.690674045134
37999,12887.288046467886
38000,7295.17330341864
38001,10178.90431101645
38002,3254.2874672344524
38003,5802.732168623004
38004,7001.005420092829
38005,5158.539953754816
38006,9165.058240261214
38007,6114.717235728058
38008,5692.377471032029
38009,9613.58504228914
38010,13294.427082008457
38011,10051.510634273116
38012,5999.4249585769385
38013,6578.172621393693
38014,14644.858016572069
38015,9266.382270396263
38016,7428.0408032974265
38017,6168.331934644323
38018,7795.419077541796
38019,12101.621049927082
38020,5148.49949200025
38021,6656.9838102088215
38022,8847.73267510433
38023,9041.392771680361
38024,16173.912193814094
38025,6670.537649422838
38026,14283.576927660206
38027,7793.122684901518
38028,5610.110924051148
38029,4022.637788753207
38030,7203.223472214721
38031,7030.634293919448
38032,6592.544824999749
38033,8025.24980784466
38034,5641.063401084874
38035,5027.041579034726
38036,8350.837721273921
38037,4293.079370733487
38038,8341.861837836857
38039,7683.204478771352
38040,9673.146865348068
38041,9686.075200655549
38042,6039.286669175784
38043,10607.716899164841
38044,6839.285206453941
38045,6201.881606715989
38046,5807.063747835315
38047,6216.780955718913
38048,12362.786839822356
38049,7172.660407758106
38050,5619.565350847516
38051,8342.143176979349
38052,9230.121860154472
38053,8754.359006240347
38054,7528.937221633394
38055,9441.500249438866
38056,5871.641753403534
38057,5963.163660253435
38058,7206.119939385131
38059,9164.922903444462
38060,7450.762162164112
38061,7541.191992987638
38062,6454.202050895028
38063,6596.319482934381
38064,5300.1114322334815
38065,6079.44926926624
38066,8427.579787575985
38067,10448.210241749732
38068,11695.428301643255
38069,12989.653893193818
38070,9284.730384480918
38071,9596.817247271292
38072,5459.005577634321
38073,11089.216070171482
38074,11835.331002016268
38075,8495.16924542734
38076,9441.85842647449
38077,10274.41500359152
38078,6510.107702633612
38079,4360.635443499694
38080,12234.832548513732
38081,7513.709295542544
38082,8102.047409446659
38083,7248.082489305602
38084,3528.253622883013
38085,13577.972042451564
38086,7072.791436340522
38087,6384.865667284284
38088,4950.900222375854
38089,5976.044502460872
38090,7933.374798461511
38091,10327.061875779567
38092,7307.006516938737
38093,5672.842366005832
38094,5665.769107790813
38095,4982.175544149329
38096,3712.4108840164704
38097,8132.838571542606
38098,18786.264736623554
38099,5393.172676928097
38100,6547.462252382644
38101,8026.417074187827
38102,6163.911871049151
38103,6278.198034048887
38104,5366.2870109746445
38105,5177.01147792248
38106,8105.763800414689
38107,7650.876975020085
38108,4826.892168194688
38109,10100.132789716215
38110,7179.298303581104
38111,5737.773885100998
38112,11716.12657934654
38113,9327.37601694589
38114,11533.097601833373
38115,6686.810207442442
38116,7991.285809917945
38117,5418.926476289166
38118,6353.909473968845
38119,17501.27864495112
38120,10958.828574255434
38121,7174.95589857292
38122,7048.342828638259
38123,4990.217856685756
38124,6238.945342018297
38125,5069.604766113014
38126,12038.963842732679
38127,6166.324038399617
38128,6302.549251894065
38129,8179.359654468325
38130,5204.180534699056
38131,7301.905887605689
38132,8648.966433655773
38133,8568.973457667624
38134,8158.510811152661
38135,5228.026426204409
38136,6247.620871024604
38137,6788.728252022307
38138,10575.250723310508
38139,9303.869444233325
38140,7819.246444480681
38141,5475.328101033195
38142,8509.771603311707
38143,6772.516750244025
38144,5165.742583778076
38145,8157.485841672523
38146,7891.396031629001
38147,7205.691251280808
38148,7239.475481561158
38149,7548.396552287892
38150,7222.261269855696
38151,6617.822332505166
38152,7485.558718552796
38153,7273.352345062716
38154,7997.958216108768
38155,10503.410021763346
38156,6399.881349099623
38157,5674.02111250946
38158,13543.910689274422
38159,7459.785746482026
38160,4007.7949199162053
38161,9218.002109034196
38162,9296.553688200118
38163,12826.994717124191
38164,5719.530870435167
38165,6845.346155188431
38166,6709.594570384842
38167,7875.055691750939
38168,6821.515084534504
38169,9846.923300236178
38170,3792.762094101917
38171,7471.521753205531
38172,7116.530667906041
38173,6282.012455199444
38174,5952.209379790327
38175,7278.122500924209
38176,10005.88407241947
38177,6919.667542312818
38178,9863.751084727603
38179,8662.7433699989
38180,9577.895470242782
38181,5535.683328264778
38182,7671.096611143269
38183,7091.522618547988
38184,9231.207214433838
38185,9625.964846323872
38186,4436.372071886342
38187,8429.553262409792
38188,9015.758686607394
38189,8507.001490069826
38190,5606.3567488475155
38191,5097.409722475632
38192,9736.174846661794
38193,7710.756061191555
38194,9454.18255956486
38195,7816.059444453511
38196,6804.807336494026
38197,8818.633887219043
38198,8301.08283352698
38199,8768.915138747821
38200,8521.2388865435
38201,6645.856188792055
38202,9728.195982378073
38203,11898.36218186216
38204,9104.443642724993
38205,5724.479211301729
38206,6914.667290298104
38207,5454.16127815795
38208,3984.4724784267655
38209,9451.340774375345
38210,6128.750131030882
38211,10457.563662344177
38212,5310.863162777295
38213,7032.950776603967
38214,7485.949092784485
38215,11164.745439017343
38216,5701.218649163799
38217,6126.542098801767
38218,6750.863284008273
38219,8680.22843561283
38220,6493.455208648682
38221,8280.51643556825
38222,7924.369820031107
38223,10065.48417569632
38224,8295.908991206788
38225,7639.978457910187
38226,6398.60036604022
38227,5590.289245463825
38228,5665.7705511381355
38229,12962.207606909311
38230,10347.480628698511
38231,11162.92230478468
38232,15576.565405998112
38233,7003.3330478339085
38234,5859.077653298478
38235,7729.062259286582
38236,8907.184257117198
38237,11603.62643116537
38238,8033.725247807529
38239,9280.671935628168
38240,8966.73489914149
38241,7942.326012033705
38242,7637.550455727241
38243,6519.801629077236
38244,5892.300972373238
38245,5891.655923488675
38246,4409.31786150649
38247,6663.224703786982
38248,9537.110150011309
38249,19573.04277646115
38250,7445.617892762943
38251,5495.463645994265
38252,9035.202815065197
38253,4491.986328858668
38254,7086.045973480797
38255,4875.337944505045
38256,10492.140684768978
38257,7168.568220016956
38258,7609.879075039519
38259,15592.94068009555
38260,11481.157129176936
38261,6347.4651141635195
38262,8030.601981084235
38263,4246.098172366467
38264,5639.519761525974
38265,6037.548264080179
38266,8826.907214869598
38267,5765.1246831860535
38268,5005.760290090587
38269,7210.2713124954735
38270,6060.6013709899
38271,8498.185207508435
38272,8075.052369983017
38273,4002.3729297230857
38274,7884.248877541155
38275,9638.974872811132
38276,8682.08443715193
38277,6294.806753559924
38278,5521.388359773838
38279,9390.798611606058
38280,5290.831770285638
38281,10617.87366349649
38282,5197.631354450478
38283,6615.82597652361
38284,7773.348332540335
38285,7242.398529288147
38286,5371.682868462533
38287,7177.407153727685
38288,8688.330838549906
38289,10245.004210903864
38290,11474.957931407285
38291,6350.888674713979
38292,4569.80130860735
38293,5853.502601114881
38294,7900.835042565095
38295,5414.851192261312
38296,7326.8296760948415
38297,6721.368702501879
38298,12897.165790366218
38299,9617.628595870889
38300,7074.341591775451
38301,8582.027804933885
38302,5360.390219292195
38303,10092.115268085392
38304,6825.785832283523
38305,15891.444889059792
38306,7173.91449132624
38307,6246.634883376487
38308,6088.598220940607
38309,4807.404599615297
38310,8191.726754277968
38311,20620.213921101324
38312,4776.702823726102
38313,5252.802201541751
38314,11980.052646469903
38315,7871.995219154064
38316,8251.014823121908
38317,9039.774084382081
38318,7198.131213499197
38319,5366.100617171341
38320,5495.880655713814
38321,11539.072771978774
38322,7082.189072456316
38323,8082.8512206247
38324,8787.564549955328
38325,5368.595267846773
38326,8517.551007775215
38327,7003.8420332587
38328,4650.199751816493
38329,10529.094491148493
38330,11001.139070477262
38331,4750.033406088197
38332,8246.465704482447
38333,7718.080989364163
38334,6023.094705517764
38335,9750.351792463201
38336,7063.443989610584
38337,8402.235097129675
38338,5072.035960664713
38339,5890.863309085614
38340,8123.580778682686
38341,4692.827093963226
38342,8465.578358199466
38343,5330.666401173918
38344,6693.357688081029
38345,5147.7489400103605
38346,7299.148942164242
38347,6700.92518359625
38348,7725.001019793659
38349,8090.900554993118
38350,8733.989030729259
38351,6951.269458301054
38352,8477.61834891935
38353,6993.702818105717
38354,10276.132352404153
38355,9843.358630385224
38356,7897.412005733711
38357,4288.464477561947
38358,6821.5755414099085
38359,8530.01157367967
38360,4916.394003219748
38361,12239.388567365779
38362,6324.829528671687
38363,8222.178420910637
38364,12225.43591805529
38365,7670.641860389151
38366,5104.873684673319
38367,14207.495073447943
38368,11343.49524379889
38369,6327.951727688485
38370,10875.725112702463
38371,11880.558373385617
38372,6217.147155648617
38373,6280.010380086332
38374,7900.016141689056
38375,6991.752572639672
38376,6280.948437748328
38377,7548.7262147644215
38378,5411.128620323857
38379,8011.89664511478
38380,8285.543136165026
38381,8960.417909296839
38382,9612.078702780516
38383,6848.384657676591
38384,8760.860523739426
38385,6096.0503778021175
38386,8230.44475676365
38387,7931.595578495493
38388,7122.544380559602
38389,7196.965582334777
38390,8180.781342767988
38391,10841.230999129259
38392,6534.53643910294
38393,6559.570102902514
38394,7219.167115772371
38395,7486.249557057317
38396,9016.879758661105
38397,5015.687329388067
38398,4740.572884969763
38399,8434.51926910169
38400,6985.960625463828
38401,6785.34020052628
38402,8814.281980118072
38403,7324.260664001767
38404,8341.106694847813
38405,5839.343729746751
38406,4178.097038685101
38407,8195.575407600685
38408,7212.177316354017
38409,8614.92072566907
38410,10749.12738758772
38411,10533.918064702317
38412,5284.137619371094
38413,9045.241286887305
38414,4607.91074820457
38415,3533.2709071265
38416,8728.556924296265
38417,13824.652419026372
38418,8375.391636711409
38419,8552.634710135433
38420,6105.119747064526
38421,8056.678071444637
38422,10778.93650451515
38423,7695.1980268245825
38424,9172.313444092102
38425,6075.5462546716635
38426,5377.620544211487
38427,6008.750689194559
38428,5821.865513779069
38429,6105.300681087592
38430,5770.036504534118
38431,5922.927529434919
38432,4763.895356658159
38433,7934.884607524111
38434,8494.504941843803
38435,6011.983063820689
38436,7477.274583521683
38437,8293.006946688012
38438,6745.414270285164
38439,5840.914452936665
38440,9971.084172365438
38441,8675.55208195566
38442,6095.299094703523
38443,4487.402163791665
38444,14953.60836653598
38445,6953.679435764549
38446,6938.681149933277
38447,9793.75675191168
38448,9210.68366382877
38449,8705.832732215511
38450,6798.212486748804
38451,8010.125405259939
38452,11744.719108208155
38453,16208.549211600146
38454,6511.914294790057
38455,5885.70166721065
38456,5438.020859008835
38457,7498.246153393169
38458,6789.227781886631
38459,9807.106875828662
38460,10161.552342020925
38461,6560.322300777804
38462,4645.617497955861
38463,7470.442625171996
38464,12083.765667618587
38465,5737.790781734742
38466,8629.166499038447
38467,4717.363579662173
38468,8103.997807407068
38469,8712.625826947131
38470,8354.86498919397
38471,11001.691773085511
38472,7766.88000246818
38473,4739.145599471213
38474,6996.852617217636
38475,8701.547439638105
38476,9144.350885131425
38477,8232.325929037448
38478,8189.074287156888
38479,7482.758915334925
38480,5015.056676113521
38481,11030.768922153995
38482,5054.197557815325
38483,10839.613679706952
38484,6656.847154009495
38485,4926.919881405786
38486,8503.030018938785
38487,6823.075067287549
38488,8128.763737398239
38489,9167.988986256425
38490,4503.312550989243
38491,5065.148600083082
38492,9477.675852427392
38493,10686.691428779384
38494,10714.324466170445
38495,6289.00845068875
38496,6749.53240951797
38497,7878.134527886161
38498,6787.599013732068
38499,6164.69341184286
38500,11134.217280539371
38501,9921.218007470594
38502,12631.11620534043
38503,5082.014907288451
38504,6938.898123135558
38505,8963.175501054704
38506,11091.035014858036
38507,6775.005392667349
38508,11753.503005821078
38509,7616.045984969584
38510,6563.969244268529
38511,6072.347410790593
38512,6671.279981761841
38513,6084.454438318443
38514,7676.1690395689075
38515,5924.678192135329
38516,5914.237646491835
38517,10192.45238475612
38518,7427.57632224449
38519,23923.523214371326
38520,7331.214352639997
38521,5553.195688938564
38522,10288.371561123753
38523,15578.444956522484
38524,9187.445978812302
38525,10673.066384746304
38526,7505.888739764709
38527,11142.30330401386
38528,11583.779140466344
38529,7629.250778452335
38530,7457.215731748419
38531,9797.013675792386
38532,10854.22840136478
38533,9860.814310472711
38534,10305.691606018281
38535,8708.012240015385
38536,6730.374445043599
38537,8524.29375302022
38538,14676.984683361394
38539,14583.437954282153
38540,14546.524937540136
38541,12756.848757633503
38542,6622.269337645852
38543,7974.658660873198
38544,6065.297124058352
38545,10764.497647671984
38546,15969.964286614144
38547,11361.199988744294
38548,9480.131908754614
38549,8690.915043037787
38550,5886.340316316916
38551,8936.9803887821
38552,14230.40359608603
38553,9364.409812924852
38554,7213.418504449382
38555,8102.911812740235
38556,10024.657394155754
38557,4666.517206967656
38558,10277.444920251468
38559,6615.862144299142
38560,8845.549714126999
38561,10519.03523368754
38562,8082.589934314712
38563,9827.44987512535
38564,10559.53856479256
38565,6986.368560716423
38566,8817.713240956738
38567,10261.13078638326
38568,15479.390133789519
38569,8049.19564528808
38570,12010.893462214714
38571,10427.064730582815
38572,12584.460234723358
38573,10101.951694193864
38574,13898.803663977667
38575,7757.376323612416
38576,6612.331130489392
38577,9535.523129505456
38578,8886.227584396891
38579,13145.248329716584
38580,10943.967460064505
38581,8715.676987525905
38582,10373.44455187677
38583,8347.876162805353
38584,13324.436186530202
38585,5037.083181580555
38586,18175.615350368735
38587,7119.220189756595
38588,8157.477745610524
38589,12193.277351620487
38590,6952.431137409152
38591,9823.485480067477
38592,8146.915665074429
38593,11466.355083659519
38594,7481.913386917492
38595,7526.645536981174
38596,10484.578575725789
38597,10693.555035934809
38598,11445.581258122993
38599,7608.008592027285
38600,9812.796826243697
38601,15869.197652953168
38602,9427.496225611485
38603,7529.966868315553
38604,9428.627635309835
38605,7627.63513015192
38606,8655.193088594298
38607,9302.399346269689
38608,5306.766994575264
38609,13735.448931656256
38610,8562.70459830644
38611,9904.919198726813
38612,13997.935025458555
38613,5618.848026551706
38614,8267.062126324867
38615,7853.664226544772
38616,11791.080215887554
38617,12346.703803747318
38618,6447.3200742403615
38619,6628.635285440416
38620,9231.217225266228
38621,7966.753229434834
38622,8758.341218892854
38623,11487.590605399122
38624,9108.323913147995
38625,10090.048183487077
38626,8284.425062789616
38627,5945.024797830526
38628,10445.023685232805
38629,10903.838738054996
38630,10675.310379439929
38631,11784.045273159287
38632,11998.841707394093
38633,8561.33712666522
38634,13526.659155429898
38635,8414.12424335237
38636,10774.832733826157
38637,13439.266092024172
38638,9538.64241133457
38639,14158.430534500207
38640,10074.740255468041
38641,12103.60002599863
38642,8072.272160931722
38643,9082.438244930978
38644,11699.122880726502
38645,10231.21411231984
38646,5190.549067905179
38647,7821.358799119951
38648,12123.457878539379
38649,8503.59212796171
38650,6019.843746526932
38651,13037.75473133929
38652,8072.288196689411
38653,7780.142875456096
38654,7612.862842297376
38655,8425.009573490035
38656,11584.397069560551
38657,9626.207433865984
38658,10185.880722338792
38659,7950.548401848545
38660,8734.984762161243
38661,9576.466792765117
38662,5717.9553666707425
38663,9566.892411288707
38664,8492.29151926596
38665,11208.719393149415
38666,9748.864768223719
38667,7656.654609709668
38668,14614.113497531489
38669,8772.471691061999
38670,6478.108855828772
38671,14151.423921194631
38672,9159.608407594995
38673,11954.876685400215
38674,9769.415644700206
38675,7396.591719619123
38676,8452.232676012518
38677,7311.475457365508
38678,10867.73094635129
38679,18284.477543551468
38680,10516.603431017336
38681,4598.339602619918
38682,6813.468083929473
38683,12487.13928241479
38684,12470.422444904883
38685,9503.519282016541
38686,10050.107722074683
38687,6318.94267644012
38688,6962.034162217708
38689,4141.699623391059
38690,6684.1380628333945
38691,8922.45864197702
38692,10381.58750100101
38693,8944.120755481625
38694,8641.414662795087
38695,10498.887424195633
38696,12471.9207736774
38697,10601.92968335483
38698,7169.561104951219
38699,12348.722138424237
38700,17667.8884072062
38701,8892.41802833271
38702,10477.350254643548
38703,7519.066492123222
38704,9128.959969809044
38705,6864.040316626523
38706,11433.791153031074
38707,8643.49698177486
38708,11512.478795905285
38709,9529.691946148114
38710,12694.30608482851
38711,11943.539702156784
38712,7625.057175995383
38713,13783.616584001391
38714,23800.764072891918
38715,16500.10574423292
38716,10210.315469829642
38717,4188.908249125297
38718,8291.065507944226
38719,14147.873106524496
38720,8282.308219104349
38721,13297.632784800311
38722,21700.38759752192
38723,5186.872114433872
38724,8420.43944653112
38725,11545.76762275947
38726,7309.068692036949
38727,13253.172927576466
38728,10052.248592760036
38729,12160.593627017872
38730,5100.711875271544
38731,9429.4812238962
38732,9160.944286016249
38733,10792.65258455439
38734,14762.916239320211
38735,8007.704906920528
38736,7671.850933585589
38737,9578.60562897757
38738,7776.835329855992
38739,6771.492742487043
38740,10227.114961727877
38741,9130.700973505845
38742,8637.7531595465
38743,11033.205105643487
38744,8206.7691554105
38745,8323.518302673523
38746,9603.526276322744
38747,10842.299666316227
38748,12291.759201977828
38749,13509.097276581642
38750,8843.734994706387
38751,7109.61142623978
38752,5136.297014375395
38753,9256.834201909593
38754,9961.838942323266
38755,9159.368932997617
38756,6282.968941704113
38757,14383.470517100634
38758,10856.413599351126
38759,15860.306772315824
38760,8892.283999234209
38761,8546.408536888746
38762,7814.809708145034
38763,6785.103686838809
38764,14824.031527541321
38765,6698.10447106899
38766,10343.173369368498
38767,20224.915254175714
38768,9853.531208715243
38769,8230.117766584817
38770,7112.811676713117
38771,6268.5053500873755
38772,9650.776814425977
38773,5364.560782016047
38774,7906.365882103173
38775,13360.640291402566
38776,7057.27037333527
38777,21337.29834020253
38778,18730.160869046085
38779,6525.713666707457
38780,9344.77295685368
38781,8194.197804573592
38782,10071.468357151589
38783,7851.252252528837
38784,14778.4603865631
38785,10691.518803916299
38786,14298.125080387452
38787,6625.8756414199115
38788,9767.362295075765
38789,6305.837319691226
38790,12254.518156466424
38791,9953.211910755039
38792,9060.806752265315
38793,9092.268597220667
38794,6587.029351251736
38795,12068.535804066458
38796,13427.223149965424
38797,7522.355426287478
38798,15804.873088007167
38799,8684.05633503307
38800,13664.230762319015
38801,7158.689356929759
38802,7949.857277952848
38803,8504.273486677113
38804,16400.33931526058
38805,8896.884875506255
38806,10671.800175061022
38807,10244.451064945893
38808,13045.887264726429
38809,6150.635521402199
38810,12372.340182167294
38811,9660.389301196048
38812,6015.292730094012
38813,19431.127286175783
38814,20852.73908322266
38815,11472.547413771306
38816,11314.839160048983
38817,14069.409189345062
38818,14963.254111355825
38819,14221.905424198338
38820,8911.497167814425
38821,11712.554525903128
38822,8612.244206139394
38823,11336.186130707612
38824,5159.620063459117
38825,9400.885294936132
38826,8208.84380098872
38827,7931.68426499139
38828,10144.888941368583
38829,6888.062411515964
38830,7610.902645566808
38831,9557.14341299741
38832,5449.87221234188
38833,6583.35439832986
38834,7975.462138378032
38835,9906.013524731221
38836,14073.8845351877
38837,11502.00563947229
38838,9536.676854349773
38839,8227.027142819778
38840,8558.940863713991
38841,15499.419409797696
38842,10632.937736356966
38843,8243.169068419997
38844,6607.671024698607
38845,14122.848682902379
38846,5722.571484658542
38847,9636.248504585072
38848,4761.9404318577845
38849,7272.600746858599
38850,12004.948037212187
38851,9134.722964736828
38852,7820.375229792227
38853,12445.658845148473
38854,12715.624173660133
38855,14689.854584658382
38856,8565.81575809
38857,12509.044784484619
38858,3980.6598466883715
38859,7134.807630972653
38860,8662.90963849492
38861,6481.355234059469
38862,10589.474178793045
38863,7647.560363900576
38864,6956.999388191765
38865,12283.736506710293
38866,15505.664638736072
38867,12089.92223332497
38868,7273.550948783234
38869,7762.921092838147
38870,17877.544092195083
38871,10683.842073767324
38872,8999.699740763923
38873,7838.259063264266
38874,9880.744733630214
38875,14017.963266805813
38876,5981.527148877104
38877,8557.727023234609
38878,11610.448119429639
38879,11666.962739555987
38880,17739.145771640247
38881,8450.170489225924
38882,16232.55514101421
38883,9478.589761342188
38884,6935.144904184674
38885,4883.078973458681
38886,8746.748980021564
38887,8856.833495066725
38888,8610.50075252823
38889,9962.384514287021
38890,6787.111439767278
38891,7139.278594854599
38892,10016.049950242901
38893,5432.499891107993
38894,9809.24005031541
38895,9942.775493472014
38896,11708.352963030464
38897,12915.080438303963
38898,8155.7205398193155
38899,12105.640076099478
38900,7921.046911687966
38901,7626.7409728538505
38902,6858.783789868013
38903,7594.3169209457055
38904,14960.657672850599
38905,9477.105153839286
38906,6801.52473002766
38907,11373.251818300312
38908,12402.666706424965
38909,11339.34817945637
38910,9302.971276276625
38911,12013.332156602031
38912,6755.569664751985
38913,6554.436676536131
38914,8665.751239168001
38915,11331.39653548201
38916,9351.213669577039
38917,9582.159845863527
38918,8805.65419941032
38919,8358.406386614612
38920,6225.113713278802
38921,7268.132550641855
38922,10576.626629857872
38923,13269.03902126092
38924,13763.760361580322
38925,16464.53970773466
38926,11649.836266990082
38927,10981.51484899103
38928,6507.080677562407
38929,12608.033268340942
38930,15046.367493465177
38931,11333.415332375269
38932,11811.851875023549
38933,11937.027529984667
38934,7699.738771604405
38935,5376.795347671094
38936,13980.358195413559
38937,9795.927841224744
38938,10600.274922938419
38939,8673.588836777852
38940,4670.641751076207
38941,17000.54736130358
38942,8641.374224939864
38943,7689.691624166998
38944,5897.010629133454
38945,7365.155905754229
38946,9281.20300767995
38947,13725.733305812271
38948,8616.227943651113
38949,6666.318245178595
38950,7165.108574569367
38951,6563.299311694669
38952,4211.259093904216
38953,9909.31724716371
38954,20776.017312793614
38955,6342.019722352971
38956,8206.938791783747
38957,10088.229346226311
38958,7359.68905142791
38959,7763.398048608328
38960,6612.678917011816
38961,6214.698615525139
38962,10313.173987843227
38963,10066.517669347702
38964,5710.457705574864
38965,13320.184753834566
38966,10031.471906000574
38967,7040.9304524860145
38968,15018.835603939571
38969,12358.968255027137
38970,13395.47819306076
38971,8372.900972620942
38972,10011.877917613077
38973,6515.165386510527
38974,7784.148221893201
38975,19837.63208056803
38976,14046.769332473543
38977,9045.290330310727
38978,8999.350500108409
38979,6556.501483246135
38980,7593.110816606214
38981,5867.790723269251
38982,14378.497905343766
38983,6936.836822862268
38984,7495.08015269811
38985,10442.942157973996
38986,6366.314707701636
38987,8792.095769817264
38988,9914.115733798684
38989,11201.024068415429
38990,10143.40129026968
38991,7012.464569515198
38992,7325.541267830183
38993,9154.001829077588
38994,13086.70167531458
38995,11318.575290156976
38996,9844.428449182633
38997,6826.607418648971
38998,10202.26644259641
38999,7982.011539965743
39000,6650.1568077712
39001,9592.777969038687
39002,10476.663963124174
39003,8954.441622923969
39004,9156.71959024651
39005,9552.948274311104
39006,9493.657337749612
39007,8038.2074594946025
39008,9228.196983231073
39009,8398.627340417648
39010,11266.455458947721
39011,12594.932078082411
39012,7567.091818427824
39013,6696.86164260737
39014,17331.26184926849
39015,9318.608595242451
39016,4254.81819862651
39017,10434.37073529424
39018,11304.779108010847
39019,15634.26912489999
39020,6693.014778016396
39021,9035.852463855135
39022,8001.119918773994
39023,9743.626299222138
39024,8275.352027850224
39025,13979.338146321548
39026,4108.530156199086
39027,10033.858047936614
39028,8872.52092096204
39029,7374.051982371768
39030,7878.525270814063
39031,8808.475247351354
39032,13254.199251594993
39033,7854.68093645614
39034,11351.934497610826
39035,11285.19578059896
39036,13037.894751088348
39037,6621.671433182551
39038,9371.21079163942
39039,8374.318322039446
39040,11319.556358323653
39041,12615.7263123228
39042,5550.616814727339
39043,9115.657898527948
39044,11855.847487079356
39045,11223.34706620855
39046,6461.405057526003
39047,5613.491251707886
39048,12927.992881539287
39049,9845.868693522705
39050,11717.399303645352
39051,9669.126399251256
39052,7677.977726826944
39053,11407.013754381776
39054,10674.16758891119
39055,12055.321610400308
39056,9964.866167481307
39057,9010.897272791719
39058,12458.996609397833
39059,15594.254947385241
39060,9906.245224650289
39061,6833.337390788923
39062,8726.683843004776
39063,6671.017982161681
39064,4466.426980258858
39065,12690.08884617837
39066,7717.502715765588
39067,12839.272156705109
39068,7031.620308516262
39069,9026.859961025672
39070,9361.159338090503
39071,13691.434896443474
39072,7012.192971023818
39073,7291.743271853446
39074,8737.200306795858
39075,10404.097265920625
39076,7874.992102688805
39077,10215.307853369539
39078,8964.194243573449
39079,12038.336026529343
39080,10618.16004229587
39081,9182.35117971573
39082,7602.606449479362
39083,6545.184019802077
39084,6806.893709638714
39085,16607.065091953387
39086,13365.38706817002
39087,13571.527653266614
39088,17010.001671638725
39089,8346.274022817748
39090,7111.326004089783
39091,10017.796747496617
39092,11140.63820265551
39093,15240.599508739078
39094,9946.116801554259
39095,11536.609153604222
39096,12686.040442381242
39097,9441.899514913077
39098,9825.349687594467
39099,8431.891067695042
39100,7603.438994223501
39101,7242.258027437594
39102,5528.272462368115
39103,9098.191441292825
39104,12241.47610524727
39105,21768.198367425262
39106,9402.16127694353
39107,6738.951416312384
39108,11596.931772065942
39109,5971.4446560922925
39110,9065.536526367543
39111,5360.065101092903
39112,12638.277408398317
39113,9264.006384739767
39114,9874.156751904433
39115,19975.25782241515
39116,13203.325380823637
39117,8143.133684260653
39118,10265.272679426322
39119,5187.883350006951
39120,6597.904673898857
39121,7353.853016537746
39122,11284.710691707834
39123,7260.997364258847
39124,6334.429285763444
39125,8204.878962039753
39126,7363.682315641
39127,10777.486076089786
39128,11127.701705360781
39129,4349.786971764668
39130,9850.31315344405
39131,12730.502232528965
39132,11679.21367946179
39133,9281.846179316533
39134,7119.076737501939
39135,11628.126739347816
39136,6666.764517369461
39137,13249.285263728714
39138,6645.903882555294
39139,9023.072776857813
39140,9999.986415893532
39141,9145.072157300188
39142,6144.051616894681
39143,9309.409186274608
39144,11089.941665153628
39145,12470.712977267936
39146,14459.211428516874
39147,7854.878321271792
39148,5400.3208124423645
39149,6992.229533176644
39150,9997.220235057155
39151,6436.2993485388715
39152,9707.35694345848
39153,7990.690210243171
39154,15499.748068998148
39155,13064.409772999066
39156,8480.98953378413
39157,10224.23910789819
39158,6311.46066401124
39159,12448.011977703274
39160,8066.191129243356
39161,17347.537658154568
39162,8959.068284183762
39163,7546.036834646387
39164,8188.2129580374585
39165,5512.330138159339
39166,9688.095565455593
39167,23101.18589927412
39168,6554.639189009284
39169,6281.440849821118
39170,14630.904159456828
39171,9454.786526068801
39172,9941.241853386104
39173,11331.337115863858
39174,9620.043936623573
39175,6639.282168628782
39176,6434.066797757036
39177,13664.586698019197
39178,8769.111105804934
39179,9787.770951353023
39180,9873.03775924076
39181,6436.016046224638
39182,10288.801455089586
39183,8170.605756508833
39184,5256.936516665895
39185,12519.311000947915
39186,13176.760573671447
39187,5601.454586607083
39188,9770.884240507894
39189,10073.363821443345
39190,7645.889744594941
39191,12051.260568960159
39192,8741.509814764771
39193,10336.029233518282
39194,6887.116257325011
39195,7464.238032726473
39196,9726.560422690227
39197,5961.183437255249
39198,10287.57827507855
39199,7043.330390786479
39200,7861.118135794068
39201,6233.489196715204
39202,9605.196250552877
39203,7343.028442563147
39204,8943.274134230203
39205,10731.550054204314
39206,10903.434378767604
39207,9444.784262743578
39208,10903.198762793236
39209,8223.674343388573
39210,12958.49159147998
39211,12375.928406212053
39212,9385.047025172462
39213,5030.327746163072
39214,8144.614176006654
39215,10917.229950500187
39216,5974.947695095826
39217,15038.700796105832
39218,7956.155585400049
39219,10518.125961755695
39220,14467.295120915167
39221,7801.005391420977
39222,6783.52477788042
39223,16549.399504925706
39224,14410.04675735056
39225,7183.973480545184
39226,12618.67435716271
39227,13437.380640109845
39228,7816.852431344666
39229,7183.817396782736
39230,9725.164135383608
39231,8368.859150658905
39232,7084.245289521158
39233,9636.106667721519
39234,6706.94342984748
39235,8462.132130235885
39236,10572.255072387252
39237,11130.073617915408
39238,13772.325008859732
39239,8250.114077184468
39240,10889.372327205798
39241,6658.881067366635
39242,9808.979995925061
39243,9935.629419880128
39244,8807.247227494752
39245,8415.349466876762
39246,10063.44176834025
39247,13450.967125949866
39248,8713.893088471665
39249,7835.400865815466
39250,8733.035889550356
39251,9319.135303140789
39252,10650.863907323685
39253,6083.476911659609
39254,5944.84292269551
39255,9457.21792694087
39256,7762.457515418484
39257,8736.800026235349
39258,11279.819934873318
39259,8335.22336800329
39260,10672.1230102079
39261,7513.524731875751
39262,5189.749504465158
39263,10217.937613916361
39264,8982.234684443425
39265,10692.613977479523
39266,13075.542612138363
39267,12694.453463877951
39268,6280.697012834078
39269,11641.946745733812
39270,5052.378771445331
39271,4107.6987762345525
39272,10897.743677784576
39273,15806.022351658237
39274,10367.120654433877
39275,11238.631253242607
39276,8166.812089404383
39277,10288.35480930754
39278,14005.55533607352
39279,9493.081226170134
39280,11388.066113665416
39281,7187.924315676581
39282,6331.8266894360095
39283,7372.1363952213715
39284,7280.899661539336
39285,7420.797142497151
39286,7896.340548999829
39287,8005.153740046186
39288,5781.32538303455
39289,9237.232066380751
39290,10900.052299861538
39291,8091.164154856432
39292,9098.878657195639
39293,10644.127049507833
39294,8077.474066718477
39295,6682.207894381123
39296,13011.78352385112
39297,10752.404427630374
39298,7614.984502209415
39299,5902.479214389775
39300,17587.089751757645
39301,8759.769268959248
39302,9445.184044835212
39303,13816.060296755384
39304,11100.134861751241
39305,12249.941088569412
39306,8434.940230145328
39307,9305.705220956363
39308,14181.499918742878
39309,20217.770433777543
39310,8493.316046960243
39311,7729.949547405468
39312,6913.18962120221
39313,9264.046202001267
39314,8706.51781297832
39315,10960.418398318157
39316,13425.080358286546
39317,7393.911944451004
39318,5959.184514053615
39319,8816.09185296527
39320,14912.06878577504
39321,7162.958904648805
39322,11163.568961477627
39323,5262.31720427981
39324,10362.771885739437
39325,10169.520410635723
39326,10925.914686177604
39327,13701.569506483287
39328,9918.174630164745
39329,6158.452660836433
39330,8610.612101719249
39331,10288.6801721168
39332,11007.5176767854
39333,10690.089927007679
39334,10439.07318338423
39335,9117.405827605444
39336,6788.109083765631
39337,12931.043899220618
39338,6076.37731655958
39339,12341.449268900049
39340,8187.060620855125
39341,6432.254921708199
39342,10461.883020083165
39343,7997.097578660952
39344,9882.888861834525
39345,10966.996965493166
39346,5803.209898700656
39347,6762.082002073912
39348,11812.741211560015
39349,13153.939616059104
39350,13424.615551636893
39351,7108.127766822835
39352,7854.353594451023
39353,10762.112224296041
39354,8772.63998968032
39355,7474.178766367515
39356,13545.0624122614
39357,13454.021106952368
39358,14773.300699810736
39359,6081.686885143086
39360,9243.760200885352
39361,9806.871184409889
39362,14167.569397594672
39363,8320.72814263518
39364,15838.194407586356
39365,9227.385306785762
39366,7737.854883899546
39367,7339.656739361406
39368,8947.339637496141
39369,7341.114292949443
39370,10217.814725709874
39371,7397.9423568985085
39372,7730.092097603816
39373,14692.429239150206
39374,8951.031383975673
39375,26651.65002972455
39376,9327.596345586328
39377,0.0
39378,0.0
39379,0.0
39380,0.0
39381,0.0
39382,0.0
39383,0.0
39384,0.0
39385,0.0
39386,0.0
39387,0.0
39388,0.0
39389,0.0
39390,0.0
39391,0.0
39392,0.0
39393,0.0
39394,0.0
39395,0.0
39396,0.0
39397,0.0
39398,0.0
39399,0.0
39400,0.0
39401,0.0
39402,0.0
39403,0.0
39404,0.0
39405,0.0
39406,0.0
39407,0.0
39408,0.0
39409,0.0
39410,0.0
39411,0.0
39412,0.0
39413,0.0
39414,0.0
39415,0.0
39416,0.0
39417,0.0
39418,0.0
39419,0.0
39420,0.0
39421,0.0
39422,0.0
39423,0.0
39424,0.0
39425,0.0
39426,0.0
39427,0.0
39428,0.0
39429,0.0
39430,0.0
39431,0.0
39432,0.0
39433,0.0
39434,0.0
39435,0.0
39436,0.0
39437,0.0
39438,0.0
39439,0.0
39440,0.0
39441,0.0
39442,0.0
39443,0.0
39444,0.0
39445,0.0
39446,0.0
39447,0.0
39448,0.0
39449,0.0
39450,0.0
39451,0.0
39452,0.0
39453,0.0
39454,0.0
39455,0.0
39456,0.0
39457,0.0
39458,0.0
39459,0.0
39460,0.0
39461,0.0
39462,0.0
39463,0.0
39464,0.0
39465,0.0
39466,0.0
39467,0.0
39468,4962.461215002433
39469,0.0
39470,0.0
39471,0.0
39472,0.0
39473,0.0
39474,0.0
39475,0.0
39476,0.0
39477,0.0
39478,0.0
39479,0.0
39480,0.0
39481,0.0
39482,0.0
39483,0.0
39484,0.0
39485,0.0
39486,0.0
39487,0.0
39488,0.0
39489,0.0
39490,0.0
39491,0.0
39492,0.0
39493,0.0
39494,0.0
39495,0.0
39496,0.0
39497,0.0
39498,0.0
39499,0.0
39500,0.0
39501,0.0
39502,0.0
39503,0.0
39504,0.0
39505,0.0
39506,0.0
39507,0.0
39508,0.0
39509,0.0
39510,0.0
39511,0.0
39512,0.0
39513,0.0
39514,0.0
39515,0.0
39516,0.0
39517,0.0
39518,0.0
39519,0.0
39520,0.0
39521,0.0
39522,0.0
39523,0.0
39524,0.0
39525,0.0
39526,0.0
39527,0.0
39528,0.0
39529,0.0
39530,0.0
39531,0.0
39532,0.0
39533,0.0
39534,0.0
39535,0.0
39536,3543.6467026161476
39537,0.0
39538,0.0
39539,0.0
39540,0.0
39541,0.0
39542,0.0
39543,0.0
39544,0.0
39545,0.0
39546,0.0
39547,0.0
39548,0.0
39549,0.0
39550,0.0
39551,0.0
39552,0.0
39553,0.0
39554,0.0
39555,0.0
39556,0.0
39557,0.0
39558,0.0
39559,0.0
39560,0.0
39561,0.0
39562,0.0
39563,0.0
39564,0.0
39565,0.0
39566,0.0
39567,0.0
39568,0.0
39569,0.0
39570,0.0
39571,0.0
39572,0.0
39573,0.0
39574,0.0
39575,0.0
39576,0.0
39577,16248.645016877734
39578,31093.32903122616
39579,0.0
39580,0.0
39581,0.0
39582,0.0
39583,0.0
39584,0.0
39585,0.0
39586,7512.310029316775
39587,0.0
39588,0.0
39589,0.0
39590,0.0
39591,0.0
39592,0.0
39593,0.0
39594,0.0
39595,0.0
39596,0.0
39597,0.0
39598,0.0
39599,0.0
39600,0.0
39601,0.0
39602,0.0
39603,0.0
39604,0.0
39605,6141.298356416459
39606,0.0
39607,0.0
39608,0.0
39609,0.0
39610,0.0
39611,0.0
39612,0.0
39613,0.0
39614,0.0
39615,3844.5314458193047
39616,0.0
39617,0.0
39618,0.0
39619,0.0
39620,0.0
39621,0.0
39622,0.0
39623,0.0
39624,0.0
39625,0.0
39626,0.0
39627,0.0
39628,0.0
39629,0.0
39630,0.0
39631,0.0
39632,0.0
39633,8602.314679555318
39634,0.0
39635,0.0
39636,0.0
39637,0.0
39638,0.0
39639,0.0
39640,0.0
39641,0.0
39642,0.0
39643,0.0
39644,0.0
39645,0.0
39646,0.0
39647,0.0
39648,0.0
39649,0.0
39650,8649.212911102795
39651,0.0
39652,0.0
39653,0.0
39654,0.0
39655,0.0
39656,0.0
39657,0.0
39658,0.0
39659,0.0
39660,0.0
39661,0.0
39662,0.0
39663,0.0
39664,0.0
39665,0.0
39666,0.0
39667,0.0
39668,0.0
39669,0.0
39670,0.0
39671,0.0
39672,0.0
39673,0.0
39674,0.0
39675,0.0
39676,0.0
39677,0.0
39678,0.0
39679,0.0
39680,0.0
39681,0.0
39682,0.0
39683,0.0
39684,0.0
39685,0.0
39686,0.0
39687,0.0
39688,0.0
39689,0.0
39690,0.0
39691,0.0
39692,0.0
39693,0.0
39694,0.0
39695,0.0
39696,0.0
39697,0.0
39698,0.0
39699,0.0
39700,0.0
39701,0.0
39702,0.0
39703,0.0
39704,0.0
39705,0.0
39706,0.0
39707,0.0
39708,0.0
39709,0.0
39710,0.0
39711,0.0
39712,1979.4386497263
39713,0.0
39714,0.0
39715,0.0
39716,0.0
39717,0.0
39718,0.0
39719,0.0
39720,0.0
39721,0.0
39722,0.0
39723,0.0
39724,0.0
39725,0.0
39726,7212.222871749007
39727,0.0
39728,0.0
39729,0.0
39730,0.0
39731,0.0
39732,0.0
39733,0.0
39734,0.0
39735,0.0
39736,0.0
39737,0.0
39738,0.0
39739,0.0
39740,0.0
39741,0.0
39742,0.0
39743,0.0
39744,0.0
39745,0.0
39746,0.0
39747,0.0
39748,0.0
39749,0.0
39750,0.0
39751,0.0
39752,0.0
39753,0.0
39754,0.0
39755,0.0
39756,0.0
39757,0.0
39758,0.0
39759,0.0
39760,0.0
39761,0.0
39762,0.0
39763,0.0
39764,0.0
39765,0.0
39766,0.0
39767,0.0
39768,0.0
39769,7817.864080679121
39770,0.0
39771,0.0
39772,0.0
39773,0.0
39774,0.0
39775,0.0
39776,0.0
39777,0.0
39778,0.0
39779,3213.2618013367255
39780,0.0
39781,0.0
39782,0.0
39783,7115.214567733594
39784,0.0
39785,0.0
39786,0.0
39787,0.0
39788,0.0
39789,0.0
39790,0.0
39791,0.0
39792,0.0
39793,0.0
39794,0.0
39795,0.0
39796,0.0
39797,0.0
39798,0.0
39799,0.0
39800,0.0
39801,0.0
39802,0.0
39803,0.0
39804,0.0
39805,0.0
39806,0.0
39807,0.0
39808,0.0
39809,0.0
39810,19540.183993151542
39811,0.0
39812,0.0
39813,0.0
39814,0.0
39815,0.0
39816,0.0
39817,0.0
39818,0.0
39819,0.0
39820,0.0
39821,0.0
39822,0.0
39823,0.0
39824,6560.277684295883
39825,0.0
39826,0.0
39827,0.0
39828,0.0
39829,0.0
39830,0.0
39831,0.0
39832,0.0
39833,0.0
39834,0.0
39835,0.0
39836,0.0
39837,0.0
39838,0.0
39839,0.0
39840,0.0
39841,0.0
39842,0.0
39843,0.0
39844,0.0
39845,0.0
39846,0.0
39847,0.0
39848,0.0
39849,0.0
39850,0.0
39851,0.0
39852,0.0
39853,0.0
39854,0.0
39855,0.0
39856,0.0
39857,0.0
39858,0.0
39859,0.0
39860,0.0
39861,0.0
39862,0.0
39863,0.0
39864,0.0
39865,0.0
39866,0.0
39867,0.0
39868,0.0
39869,0.0
39870,0.0
39871,0.0
39872,0.0
39873,0.0
39874,0.0
39875,0.0
39876,0.0
39877,0.0
39878,0.0
39879,0.0
39880,0.0
39881,0.0
39882,0.0
39883,0.0
39884,0.0
39885,0.0
39886,0.0
39887,0.0
39888,0.0
39889,0.0
39890,0.0
39891,0.0
39892,0.0
39893,0.0
39894,0.0
39895,0.0
39896,0.0
39897,0.0
39898,0.0
39899,13018.05676910089
39900,0.0
39901,0.0
39902,0.0
39903,0.0
39904,0.0
39905,0.0
39906,0.0
39907,0.0
39908,0.0
39909,0.0
39910,0.0
39911,0.0
39912,0.0
39913,0.0
39914,0.0
39915,0.0
39916,0.0
39917,0.0
39918,0.0
39919,0.0
39920,0.0
39921,0.0
39922,0.0
39923,0.0
39924,0.0
39925,0.0
39926,0.0
39927,0.0
39928,0.0
39929,0.0
39930,0.0
39931,0.0
39932,0.0
39933,0.0
39934,0.0
39935,0.0
39936,0.0
39937,0.0
39938,0.0
39939,0.0
39940,0.0
39941,0.0
39942,0.0
39943,5479.81849124222
39944,16021.390702326535
39945,0.0
39946,0.0
39947,0.0
39948,0.0
39949,0.0
39950,0.0
39951,0.0
39952,0.0
39953,0.0
39954,0.0
39955,0.0
39956,0.0
39957,0.0
39958,0.0
39959,0.0
39960,0.0
39961,0.0
39962,0.0
39963,0.0
39964,0.0
39965,0.0
39966,0.0
39967,0.0
39968,0.0
39969,0.0
39970,0.0
39971,0.0
39972,11696.192081590798
39973,0.0
39974,0.0
39975,0.0
39976,0.0
39977,0.0
39978,0.0
39979,0.0
39980,0.0
39981,0.0
39982,0.0
39983,0.0
39984,0.0
39985,0.0
39986,0.0
39987,0.0
39988,0.0
39989,0.0
39990,0.0
39991,0.0
39992,0.0
39993,0.0
39994,0.0
39995,0.0
39996,0.0
39997,0.0
39998,0.0
39999,0.0
40000,0.0
40001,0.0
40002,0.0
40003,0.0
40004,0.0
40005,0.0
40006,0.0
40007,0.0
40008,0.0
40009,0.0
40010,0.0
40011,0.0
40012,0.0
40013,0.0
40014,0.0
40015,0.0
40016,0.0
40017,0.0
40018,0.0
40019,0.0
40020,0.0
40021,0.0
40022,0.0
40023,0.0
40024,0.0
40025,0.0
40026,0.0
40027,0.0
40028,0.0
40029,0.0
40030,0.0
40031,0.0
40032,0.0
40033,0.0
40034,0.0
40035,0.0
40036,0.0
40037,0.0
40038,0.0
40039,0.0
40040,0.0
40041,0.0
40042,3558.855118397212
40043,0.0
40044,0.0
40045,0.0
40046,2918.6403783688097
40047,0.0
40048,0.0
40049,0.0
40050,0.0
40051,0.0
40052,0.0
40053,0.0
40054,0.0
40055,0.0
40056,0.0
40057,0.0
40058,0.0
40059,0.0
40060,0.0
40061,0.0
40062,0.0
40063,0.0
40064,0.0
40065,0.0
40066,0.0
40067,0.0
40068,0.0
40069,0.0
40070,0.0
40071,0.0
40072,0.0
40073,0.0
40074,0.0
40075,0.0
40076,0.0
40077,0.0
40078,0.0
40079,0.0
40080,0.0
40081,0.0
40082,0.0
40083,0.0
40084,0.0
40085,0.0
40086,0.0
40087,0.0
40088,0.0
40089,0.0
40090,0.0
40091,0.0
40092,0.0
40093,0.0
40094,0.0
40095,0.0
40096,0.0
40097,3246.61721853017
40098,0.0
40099,0.0
40100,0.0
40101,0.0
40102,0.0
40103,0.0
40104,0.0
40105,0.0
40106,0.0
40107,0.0
40108,0.0
40109,0.0
40110,0.0
40111,0.0
40112,11298.482439675367
40113,0.0
40114,0.0
40115,0.0
40116,0.0
40117,0.0
40118,0.0
40119,0.0
40120,0.0
40121,0.0
40122,0.0
40123,0.0
40124,0.0
40125,0.0
40126,0.0
40127,0.0
40128,0.0
40129,0.0
40130,0.0
40131,0.0
40132,0.0
40133,0.0
40134,0.0
40135,0.0
40136,0.0
40137,0.0
40138,0.0
40139,0.0
40140,0.0
40141,0.0
40142,0.0
40143,0.0
40144,0.0
40145,0.0
40146,0.0
40147,0.0
40148,0.0
40149,0.0
40150,0.0
40151,0.0
40152,0.0
40153,0.0
40154,0.0
40155,0.0
40156,0.0
40157,0.0
40158,0.0
40159,0.0
40160,0.0
40161,0.0
40162,0.0
40163,0.0
40164,0.0
40165,0.0
40166,0.0
40167,0.0
40168,0.0
40169,0.0
40170,0.0
40171,0.0
40172,0.0
40173,0.0
40174,0.0
40175,0.0
40176,5421.109445077566
40177,0.0
40178,0.0
40179,0.0
40180,0.0
40181,0.0
40182,0.0
40183,0.0
40184,0.0
40185,0.0
40186,0.0
40187,0.0
40188,0.0
40189,0.0
40190,0.0
40191,0.0
40192,0.0
40193,0.0
40194,0.0
40195,0.0
40196,0.0
40197,0.0
40198,0.0
40199,0.0
40200,0.0
40201,0.0
40202,0.0
40203,0.0
40204,0.0
40205,0.0
40206,0.0
40207,0.0
40208,0.0
40209,0.0
40210,0.0
40211,0.0
40212,0.0
40213,0.0
40214,0.0
40215,0.0
40216,0.0
40217,12883.597902654059
40218,5785.858116072018
40219,0.0
40220,0.0
40221,0.0
40222,0.0
40223,0.0
40224,0.0
40225,0.0
40226,0.0
40227,0.0
40228,0.0
40229,0.0
40230,0.0
40231,0.0
40232,0.0
40233,4494.746995981157
40234,4487.6622373901255
40235,8221.825710818495
40236,3642.599421978237
40237,6764.6103461994235
40238,4947.552379383356
40239,6603.40168458658
40240,6607.603191549234
40241,4685.253971360191
40242,3618.122588609704
40243,6823.696530906085
40244,5738.5971683797015
40245,4664.515081609948
40246,5883.085969361711
40247,5309.967901717431
40248,3920.187099589104
40249,4929.95714436468
40250,8195.047017953391
40251,9018.247472387462
40252,7628.12342459433
40253,7872.91156940864
40254,4188.192454588741
40255,6164.571633101539
40256,2669.3622576336
40257,8749.353336864426
40258,8738.445936468876
40259,9982.446681984498
40260,6447.517218314841
40261,3547.3063447131185
40262,4733.352833360491
40263,6516.568692962646
40264,8419.987689662838
40265,4477.093325026111
40266,5870.746517675435
40267,5352.060278914506
40268,6484.777644760404
40269,2726.7038911220834
40270,8212.412139773087
40271,4583.581934510372
40272,8212.314940871556
40273,7189.438133281894
40274,4244.121028795716
40275,8293.591648157384
40276,6479.46219781112
40277,5097.693450767739
40278,3907.9168976866554
40279,8418.370216268462
40280,11033.680039492565
40281,6466.8521561640655
40282,5733.312345843209
40283,9797.308858592023
40284,7976.659614000262
40285,5966.295480557845
40286,6977.35874647104
40287,2698.3120479247264
40288,2909.4219783155754
40289,5149.103349971238
40290,7172.152050728957
40291,8696.270461881482
40292,7598.1855485802835
40293,4597.947844163166
40294,8472.077759116937
40295,8760.313531681662
40296,5619.524676295041
40297,3010.560192192394
40298,11462.79571268449
40299,3976.0636150401283
40300,4712.544220044635
40301,8189.258954559367
40302,4361.175592884168
40303,5818.217075230257
40304,2978.2687532547097
40305,6100.641663476314
40306,5320.5107745876
40307,5748.499699138111
40308,8541.977030888205
40309,8473.840775780007
40310,6599.816307543508
40311,3690.3433259723142
40312,8020.409438714517
40313,13847.996493441266
40314,6367.545241551818
40315,3991.8823803619844
40316,6886.848770967545
40317,6072.358315006561
40318,7523.755355711049
40319,9980.19709040263
40320,2473.4365993059764
40321,9328.978283633125
40322,5178.31524029012
40323,5805.101607265659
40324,10039.31167324887
40325,3206.1256236520426
40326,4778.542545186491
40327,5592.019167532696
40328,8332.833565815454
40329,7725.770087700094
40330,4348.870929239083
40331,4531.403609036855
40332,7406.667707681772
40333,6562.764189064446
40334,5231.524732110747
40335,7414.236305940897
40336,4758.00527069039
40337,6648.354926248488
40338,4937.564024238199
40339,3235.8065415629653
40340,6174.916021391277
40341,6570.630122997522
40342,6745.024613596163
40343,7535.9265205841875
40344,8738.018602769114
40345,4453.098463343918
40346,9013.609856013554
40347,3451.189321098942
40348,3786.3438824448003
40349,8269.517287054068
40350,7539.028828578075
40351,7427.645693176888
40352,9822.918114708842
40353,7206.881283853401
40354,5286.281518971921
40355,7153.206825374696
40356,7804.478222769092
40357,4536.3881156390635
40358,3041.290972845799
40359,5943.769391385386
40360,5228.434811577868
40361,5485.972807649058
40362,3603.719957899194
40363,5920.335474084313
40364,7119.973340971074
40365,6492.605957470481
40366,6601.413037593001
40367,3096.3797470915097
40368,7119.00508161349
40369,7873.5839745515495
40370,3790.4519536944995
40371,5490.102714206841
40372,3781.460741883689
40373,6013.850690525913
40374,3912.13334496856
40375,5208.590175922185
40376,5501.676949983495
40377,7361.06219924576
40378,6675.290195559359
40379,7121.880588616802
40380,14484.433666124878
40381,4587.46074392945
40382,5105.283005758857
40383,10304.643473062173
40384,5954.763338787206
40385,8344.38203967855
40386,7163.605954853098
40387,5834.910609130652
40388,6373.746874691326
40389,4817.903945719377
40390,5335.4716397317825
40391,8741.392292730676
40392,6738.982464773642
40393,3149.3652639925876
40394,4169.446816802183
40395,8139.924783007208
40396,9977.196474974166
40397,6656.397129011837
40398,6155.817365845198
40399,5001.933500383133
40400,2419.0796153378774
40401,1824.0372686946143
40402,3718.580750159253
40403,6423.7070032964275
40404,7395.277506674802
40405,5028.490277314579
40406,4745.396674532171
40407,7961.979364660236
40408,8726.092591345454
40409,8845.892941192882
40410,5342.363854639536
40411,8471.525087417265
40412,9866.662592880237
40413,3967.6766863663256
40414,5810.014228400233
40415,5640.540631409647
40416,6813.8680047847865
40417,3108.8523406722557
40418,6076.238117097198
40419,5174.974868777504
40420,8897.285680008436
40421,6521.767976153406
40422,7654.198378557019
40423,7892.374148944712
40424,5547.964790485315
40425,8175.057450589804
40426,17521.637433288575
40427,8812.628696072923
40428,4180.694079783932
40429,3535.2568205953125
40430,6491.677107722184
40431,8463.189083005105
40432,5000.9801331942335
40433,9307.686096545362
40434,19104.926851884837
40435,5529.300388754525
40436,3051.598817613766
40437,10751.692744284806
40438,3879.723447333795
40439,6391.922681521025
40440,3774.144627702389
40441,6589.679375010002
40442,4172.481888989559
40443,7223.3761367924035
40444,5669.331679369942
40445,6143.637874999248
40446,10049.673153322256
40447,6173.773742384631
40448,6532.398094843364
40449,7951.8609901497575
40450,5840.504788133576
40451,6488.803907971573
40452,9349.331880597187
40453,5568.4312267144205
40454,5805.203443091166
40455,4538.08049840762
40456,3744.174974101515
40457,5953.875745730818
40458,4677.795117266515
40459,5377.236362545643
40460,8632.977236142828
40461,10370.698162626673
40462,8011.907081643104
40463,4709.874201785596
40464,4162.178008753649
40465,4637.411108473751
40466,6048.5892725485555
40467,6626.8046876564695
40468,3148.4584005911042
40469,7306.9117017366325
40470,5790.322167308194
40471,9354.73182070302
40472,5590.282716002572
40473,4507.466238144778
40474,3566.630519737691
40475,3335.218048200645
40476,8993.07403569307
40477,6377.261776656863
40478,6655.62470515555
40479,13573.487282084805
40480,7971.970433982486
40481,4428.0875762043515
40482,5910.728666578551
40483,2805.8353142456453
40484,4363.996384316242
40485,4186.8107419778335
40486,4015.0620443268244
40487,9265.692077697166
40488,4885.5128366204835
40489,9906.429600387133
40490,11312.604161916059
40491,5509.497196705942
40492,5565.340997064855
40493,5343.1955786986755
40494,5779.667597684752
40495,5250.696908129474
40496,11980.625719712718
40497,6396.6828029042335
40498,8013.397612656289
40499,3581.4679125346097
40500,5799.604512057629
40501,5598.669603868356
40502,9885.007849747823
40503,7163.084892211324
40504,5529.841915525004
40505,7354.090728256881
40506,4984.978879441514
40507,8864.766408799565
40508,7845.235848887223
40509,6836.296700593722
40510,10168.16652971539
40511,7637.331637780752
40512,8757.94179981069
40513,3992.97251226585
40514,6194.605645401241
40515,5380.033365196924
40516,9298.499703579515
40517,7593.873415150205
40518,7707.382656296185
40519,6316.802502664218
40520,8587.057823391686
40521,5162.694870525281
40522,8177.459174191239
40523,6842.09689890726
40524,3546.065658770012
40525,12598.77807826744
40526,16497.295590141588
40527,7924.171576693654
40528,7130.683431345528
40529,7624.128550421947
40530,8505.199567664265
40531,8468.962507213466
40532,3452.416706600841
40533,4491.217134315722
40534,6154.840228588891
40535,8730.408519049948
40536,2791.177194645165
40537,4574.225808609751
40538,5875.76731172163
40539,5469.346816357423
40540,5041.612880173856
40541,3258.971228744727
40542,3179.9096495369026
40543,7382.688985607952
40544,3801.8352530832835
40545,4919.234931391521
40546,5739.26684399666
40547,5587.0155135623245
40548,9783.169272404057
40549,12084.280997081953
40550,5176.52523837595
40551,7575.138854454061
40552,6740.6661571676705
40553,10864.84248144494
40554,5284.524741894223
40555,3082.8486141176436
40556,5492.95659062895
40557,14314.27039216993
40558,4379.3811266953335
40559,7851.740255484925
40560,2326.202776412307
40561,3742.0907697164153
40562,6456.343880127885
40563,6803.803970597123
40564,5652.911213177909
40565,9494.565355252
40566,9287.798564022507
40567,7757.371716682734
40568,4755.594901987007
40569,11979.947601772696
40570,2013.7352978924575
40571,3922.305637590621
40572,7454.927461898917
40573,5247.168592927439
40574,10707.382694004249
40575,2800.0544723234266
40576,5242.212108234659
40577,5637.614282448565
40578,8425.169648775354
40579,10265.569738629156
40580,5237.956621234567
40581,3345.2420067187322
40582,11524.863898183421
40583,10610.06207030224
40584,4996.6852261455415
40585,5671.157281682754
40586,9307.78581367223
40587,6357.375816816506
40588,5134.156793980069
40589,3730.728214030733
40590,8002.3983268453885
40591,4465.35894901604
40592,13021.768319188885
40593,8238.447018113968
40594,12079.479858573519
40595,7199.520981108423
40596,5266.327562307166
40597,2362.383454666441
40598,6570.031453721569
40599,6299.645108116642
40600,5261.727662717384
40601,10779.264947995955
40602,5895.570746440706
40603,3118.4687579228657
40604,7816.826206646167
40605,3957.6673036462967
40606,9444.427012043901
40607,7450.9590945040945
40608,7905.582688519255
40609,8769.875764731949
40610,5157.312593239223
40611,7631.730929868552
40612,7694.901229929694
40613,5688.558819436383
40614,6857.865058966105
40615,4350.829771817654
40616,10216.319538596215
40617,6963.870872624818
40618,3939.4843890895704
40619,5112.682188926693
40620,8485.505463427378
40621,6632.811100506356
40622,4025.2083675311633
40623,5464.764834368402
40624,5539.785005556787
40625,5317.083438132547
40626,5485.410737089264
40627,9718.809637684044
40628,4670.031911142141
40629,4028.9027129164933
40630,6483.970621406961
40631,6457.629241851825
40632,3669.8055827835624
40633,5445.3132788201265
40634,8899.942367787615
40635,8078.339620393567
40636,11170.478587217694
40637,9173.149414601876
40638,8272.678990302862
40639,8223.27592467336
40640,4730.730009546639
40641,9897.676024820641
40642,8658.386476231342
40643,7196.458831428007
40644,5274.349206117527
40645,5845.006625470795
40646,5161.362465800721
40647,2412.099032529786
40648,12694.344994088606
40649,6739.845013939232
40650,6659.436860453005
40651,5126.089375641629
40652,1468.618904454051
40653,8346.512157892692
40654,6464.648785554425
40655,4435.824651367953
40656,4061.0538398285803
40657,6244.234689538342
40658,6869.861996346066
40659,4432.911956425326
40660,11142.311269279804
40661,4847.089961108668
40662,5009.310598391519
40663,3992.9094961020683
40664,3057.725170481716
40665,5271.243299014249
40666,14133.342116823744
40667,4764.504629857852
40668,6168.931983854016
40669,5419.306739308496
40670,4304.593824584514
40671,3694.2155428904366
40672,6215.049993200554
40673,3228.883995127024
40674,10050.478517794087
40675,6283.911326961059
40676,2939.1525982214757
40677,9097.550256194601
40678,2767.514165058248
40679,4555.252362541115
40680,10820.71053403389
40681,8349.56857675779
40682,9635.338427140974
40683,2676.8942454000526
40684,5186.691716370718
40685,4804.754700071603
40686,5416.860466703115
40687,16809.829945981623
40688,11560.318606515124
40689,5684.6911482215555
40690,3530.0250245557118
40691,5903.813670869151
40692,4674.7941571963775
40693,2802.639032985266
40694,8453.527032822809
40695,5115.541235637608
40696,5927.52708688548
40697,7719.043875029978
40698,4888.688726699277
40699,4901.78819950483
40700,6408.33953187466
40701,7478.213024363341
40702,7399.52069519572
40703,3070.3307893050865
40704,6001.31217006313
40705,6996.75503668898
40706,8209.363879434517
40707,6128.664854970414
40708,7789.62601696315
40709,2652.5943056097713
40710,9872.227151373409
40711,5228.187591635826
40712,3443.0529373220998
40713,4990.325151913865
40714,4622.000315353972
40715,4301.191467271676
40716,6990.992145266503
40717,4955.615256385697
40718,6389.511173365098
40719,5345.486312869825
40720,8382.534064328138
40721,8647.860885181526
40722,5649.686984520072
40723,7951.695494872631
40724,6468.439756578307
40725,2869.518390373539
40726,11449.398819318509
40727,4009.8165880695815
40728,3353.964171122375
40729,6421.410519636477
40730,10988.288482807531
40731,10176.59518514191
40732,4497.6500707498
40733,5564.878747540612
40734,7099.169714305597
40735,7096.166043315092
40736,4494.336583430665
40737,8935.949593072355
40738,3147.3988661436733
40739,5644.833517701036
40740,4138.320828708373
40741,3469.6997068285355
40742,3006.721228798342
40743,7261.800275013292
40744,7460.241204873465
40745,6466.19406167396
40746,5133.378982255591
40747,8540.790533722631
40748,8302.03961019124
40749,5296.103819976425
40750,5712.013393467681
40751,5711.3126249515735
40752,7661.6240629238
40753,5845.596616035028
40754,2175.530320892099
40755,6448.167014245252
40756,7389.219717630639
40757,6862.108795552112
40758,6048.743994687396
40759,3304.2403583341556
40760,10377.846782650464
40761,3209.998849231592
40762,9246.928144802716
40763,5204.635676322667
40764,4701.44518240646
40765,8428.61883647067
40766,4089.7256526960414
40767,4329.166960215073
40768,9296.938128629816
40769,2889.0099477447216
40770,7632.4950819424585
40771,10455.713839504297
40772,7176.344023293238
40773,2786.557053406751
40774,5723.894215135558
40775,4184.686485005397
40776,2309.8468621626293
40777,5108.147801688807
40778,6877.601227863895
40779,5744.310708763056
40780,5185.212677193421
40781,5524.669296754415
40782,5450.779135696475
40783,9901.637639589002
40784,5579.706913718853
40785,6462.668457187497
40786,4498.246175342506
40787,5892.735335797982
40788,6375.475108773744
40789,7005.428392131739
40790,8389.857782801475
40791,8036.186858781235
40792,8093.135195415322
40793,5739.749197948313
40794,5811.722122687586
40795,2910.3263087185755
40796,6326.370429524467
40797,9475.765305062723
40798,6847.629098521923
40799,8892.798165060101
40800,14093.822581015807
40801,3389.3549837044466
40802,4946.132791081179
40803,4884.181070760169
40804,8648.312265895522
40805,10186.706853532367
40806,7932.199354820729
40807,8439.577444711498
40808,8500.87914777356
40809,7944.436710432001
40810,6397.904618518607
40811,5534.758295148465
40812,2393.6845752949025
40813,5368.083313933996
40814,3435.8491800355314
40815,3472.527509366726
40816,7376.17344711116
40817,18772.98017645632
40818,5612.954893253178
40819,3285.0068957290337
40820,5168.4449313557225
40821,4347.620311639949
40822,6439.222182926588
40823,2246.903838149286
40824,7201.1258444448085
40825,6930.11886085813
40826,4159.643154624523
40827,12507.199534648193
40828,11386.8371154194
40829,3677.876360645635
40830,6001.201463402001
40831,4160.58765264758
40832,3900.6193609153493
40833,4481.438577087669
40834,8919.116347989371
40835,4001.2856919632436
40836,4793.79559402866
40837,5076.750911372268
40838,5585.532021682171
40839,5501.684411618002
40840,7897.091407120654
40841,3264.2233851472456
40842,8368.485248691597
40843,7624.8406160061895
40844,4841.420403174434
40845,4588.665161834719
40846,4263.869425815093
40847,4996.471976387303
40848,5084.319067111505
40849,10050.603840513848
40850,4798.853457501318
40851,4556.725146133462
40852,6884.511618549073
40853,5414.215919108093
40854,5930.668758689169
40855,5447.67450123849
40856,6182.171669821902
40857,10140.037312099004
40858,7104.951249450718
40859,6188.994206586896
40860,4022.690648480308
40861,4689.428883582062
40862,7195.6871499132085
40863,3895.0143178983
40864,4783.959223569447
40865,5287.061016370659
40866,12361.629566837775
40867,8415.590730532494
40868,4811.424065408646
40869,6113.162882776025
40870,5090.1559250928085
40871,6993.339067460847
40872,5642.844646235952
40873,9701.7261554569
40874,6475.3597638622105
40875,5143.354410416849
40876,4581.859597719652
40877,2180.602201567925
40878,4143.1784404337395
40879,21425.38473726726
40880,2329.5395205421573
40881,5065.684151112762
40882,6656.315937614452
40883,7416.205373288298
40884,7026.694400574001
40885,8755.368358532462
40886,6199.6271287612435
40887,6049.590860064023
40888,2890.49861898858
40889,8485.353024159274
40890,4367.377563351279
40891,6961.263959339097
40892,9454.321102254115
40893,4058.7840438591143
40894,8440.307482187673
40895,7006.754384824972
40896,3613.7673937645823
40897,7097.2114772183895
40898,7578.132087212003
40899,2831.918864881626
40900,8737.868707488185
40901,6933.516396051819
40902,5802.963100839647
40903,9180.554173979976
40904,8709.946401733023
40905,6794.679744558735
40906,5111.602117783809
40907,4168.64769234596
40908,6186.229517737035
40909,3674.296030231829
40910,6434.060858559405
40911,2969.725848415331
40912,5693.938499170997
40913,2907.825954790241
40914,5833.821816432472
40915,5442.198995102378
40916,4922.578333084872
40917,5860.650608606191
40918,9342.675471551618
40919,5850.77861465345
40920,8401.056649264605
40921,5828.735002779405
40922,6365.085928841218
40923,9151.356417132316
40924,8018.787180513415
40925,4254.420534024203
40926,5616.830038155439
40927,5709.296162843285
40928,4517.310430275463
40929,12532.789052322167
40930,6225.885609027522
40931,6383.33895719482
40932,9338.91060861021
40933,6720.114533042327
40934,2264.6132718125154
40935,10014.297920031084
40936,8914.513507821
40937,6670.459548049946
40938,7704.662718891478
40939,7450.309433105662
40940,8658.095346880078
40941,5277.249094949956
40942,4566.310861326632
40943,3825.969184469123
40944,6160.920768189867
40945,8154.945386832827
40946,2795.0957886601723
40947,8207.79691691411
40948,7230.2636589772055
40949,5702.040741330791
40950,8046.707567647831
40951,5465.493360505315
40952,8248.536434954185
40953,4390.919590953199
40954,5218.001050152988
40955,5206.111412151056
40956,4429.1595108691545
40957,6301.7543114809505
40958,6855.85945173412
40959,8534.564126618166
40960,6564.493023837426
40961,4643.3402193888205
40962,6185.858106432983
40963,7031.147478485781
40964,7943.437077085067
40965,3403.3386812097674
40966,2998.674960523436
40967,8962.93915669782
40968,6122.3916380337105
40969,4153.884696149081
40970,7941.765609350028
40971,7156.753024506527
40972,6981.190146501606
40973,5183.6174951561825
40974,2026.2609823416342
40975,6444.98051738142
40976,6610.687194587915
40977,5667.020312410951
40978,8931.219621952898
40979,7238.949730458252
40980,3681.104888886746
40981,6086.431388369973
40982,3231.747135305045
40983,1101.4612435369288
40984,6564.217345059619
40985,10315.101343262693
40986,5919.201284119437
40987,4831.377036035708
40988,3434.6533157450017
40989,5187.048885430371
40990,8614.290145659606
40991,6001.375742534628
40992,9777.684035438657
40993,4259.952055995965
40994,4612.5310516750515
40995,3709.518053247806
40996,6558.440730870183
40997,3599.1227666277596
40998,2704.18587047703
40999,4598.034636148441
41000,4212.240157268645
41001,7580.839691850188
41002,4248.25387154987
41003,5432.556895919402
41004,5573.284379753229
41005,9144.074837919678
41006,5191.924583268302
41007,4073.6642039345165
41008,10220.601246418631
41009,7259.756485843088
41010,7053.597391309843
41011,2216.450256643143
41012,5259.5429965965195
41013,5559.499284808987
41014,4215.454757584691
41015,8658.231060411988
41016,9420.145394419951
41017,7035.867388195662
41018,7183.535476731978
41019,6261.155474048986
41020,7518.998535926609
41021,12009.926698773632
41022,3729.21692664952
41023,4134.184101284179
41024,5349.054173105421
41025,6297.970998362105
41026,6359.359555051618
41027,9702.242911457504
41028,7276.562677477814
41029,6631.3781385193915
41030,3130.9932008545843
41031,6505.768701926009
41032,9203.472000299014
41033,3520.6872678389177
41034,6894.91669602461
41035,3512.2578460740674
41036,7127.41402915129
41037,5596.137538233183
41038,5448.717151980195
41039,6833.001580497382
41040,4413.901904073537
41041,5363.925159013032
41042,7853.423468950034
41043,4892.747002334107
41044,8806.666275482214
41045,5958.0204001511165
41046,9089.55650728765
41047,5486.82349910015
41048,3875.416437899187
41049,8778.918434822985
41050,3076.2265558912036
41051,9429.96150932329
41052,5794.740108226562
41053,5049.6340828537595
41054,7764.3890847205175
41055,4857.701950389071
41056,4172.801450162599
41057,6328.19105682865
41058,3482.1392994556545
41059,3051.1543592800076
41060,6054.321257653942
41061,6527.828039348068
41062,10554.035007594002
41063,5884.588686701768
41064,5895.964704639794
41065,3740.3759861701496
41066,6583.38978867047
41067,3293.0898170325822
41068,10856.63969323854
41069,7997.853895706817
41070,13524.033552790408
41071,6262.484246693395
41072,5772.168855196263
41073,7604.686358680153
41074,8978.67629528302
41075,3272.4032570333416
41076,9065.965438275236
41077,7059.48343635882
41078,5425.369685683946
41079,6371.913013040476
41080,5440.653544010711
41081,3350.1393649351467
41082,5947.137923877901
41083,3906.365307287569
41084,3003.3925865465435
41085,7380.069294410292
41086,6611.769476876977
41087,24035.119141340456
41088,7435.500892854429
