Id,Sales
1,3993.1993817226034
2,7483.0085065429475
3,8758.779589967446
4,7203.930211689004
5,6631.482616599763
6,5611.55333955666
7,7281.866651896747
8,7763.705606379458
9,3571.8274923276763
10,5418.173283279563
11,6409.515026758007
12,7990.307816665642
13,6990.052937548371
14,7690.465924429661
15,5698.086008612527
16,3890.024798340222
17,5676.350692246528
18,9156.398632550532
19,10221.323527239476
20,9854.953776241748
21,7824.66286072524
22,4680.9631337646615
23,5595.568357996136
24,2833.5439148710143
25,7506.952018563225
26,10380.50845429131
27,8279.673472966479
28,5644.7599832610695
29,4863.273889952866
30,4244.593317427547
31,4679.215629341023
32,9994.685527259064
33,6421.646250126052
34,5010.433518825039
35,4144.358665564399
36,7712.881111030162
37,3667.311557907026
38,7546.033000411385
39,4220.606844101099
40,5438.941492978586
41,6023.68081493238
42,5208.326099178962
43,7957.915071569531
44,5073.049497748076
45,4870.273845885367
46,6246.2933589229215
47,6952.498081419734
48,11485.769578588452
49,5691.4314119244855
50,8039.7846176692665
51,6429.258545132198
52,8552.545688543896
53,6258.449987785598
54,9118.714147648976
55,3308.2184119578715
56,4948.699482840239
57,5795.406281993379
58,5747.6210148095515
59,7262.024436997381
60,7821.544716605335
61,5232.697478273265
62,7360.633029333126
63,5408.371929285405
64,10030.418204341471
65,3778.8071633281033
66,12785.70690642707
67,4897.476289849539
68,5256.6555353215535
69,8133.762821095012
70,4995.398863389129
71,6012.006681954744
72,5874.909205004638
73,7430.2276389977405
74,5650.811330248092
75,4349.35165664804
76,6158.269865779339
77,7333.9403485630955
78,7144.052176867512
79,5042.708432280396
80,6965.3756645191115
81,9111.796380117396
82,6210.870221051468
83,4257.204915208542
84,6328.99821682797
85,5797.744674760896
86,5451.239003032011
87,6307.746590872551
88,3856.5752436831276
89,7762.31684903346
90,5885.530999116052
91,6976.722686891203
92,6493.09917341337
93,4050.1801742691696
94,5745.544450813224
95,3775.9686092965985
96,8052.49610431475
97,6802.140804273134
98,4993.903141038865
99,4579.31775660811
100,5235.986631496118
101,5889.206145632239
102,4545.3743444506545
103,6306.767225663132
104,5167.734901311045
105,7475.677959606408
106,5601.1000683567545
107,4147.279107983635
108,7281.951075560517
109,6967.526482827575
110,6414.645748580153
111,8522.816976503878
112,7748.208173614265
113,4493.091625124527
114,8443.805243204743
115,5294.0938950665095
116,7408.318273400383
117,8645.019991722926
118,4616.167179643321
119,10143.518846483285
120,7353.0718354097335
121,5731.83242767181
122,5974.857688654957
123,6749.294846188565
124,8080.710725519856
125,4660.075594855601
126,3220.533977773791
127,5338.717511454952
128,7618.628924861598
129,5891.146506651975
130,4499.969973444325
131,8292.384471355836
132,5649.542923918984
133,4627.365044427334
134,6139.757373225786
135,5077.607536498104
136,7247.173780339361
137,6965.23363273816
138,4868.289405519937
139,5495.920333019648
140,4345.598410409424
141,6050.286103957336
142,2947.0543115441938
143,5606.7396522156205
144,4936.696057881154
145,8462.85364866894
146,5802.501052289687
147,5547.441133886006
148,8059.230389847539
149,4711.400545283986
150,5346.562461520299
151,9460.33541598973
152,6284.664467526927
153,8688.053441070831
154,7420.9284986804605
155,5369.866254937354
156,6101.345415162216
157,4585.062787112899
158,8194.955169430608
159,10799.059392280593
160,5836.36852586074
161,3320.697413579254
162,4311.946242591842
163,8796.571691333891
164,8670.730224317193
165,4400.006911513553
166,6575.551855844868
167,4975.059309436863
168,4588.359090089898
169,3406.084514256703
170,4995.691861051962
171,5857.478667125012
172,7432.342705986597
173,6870.228097115633
174,8860.420845697594
175,7778.54539097223
176,8902.979169170718
177,7408.346800619598
178,3543.6722031427194
179,8999.868856415527
180,10233.466192932194
181,5795.869038881246
182,7310.147020253332
183,5203.391447567232
184,6265.401878951074
185,3979.4789350026263
186,5215.876485393376
187,5075.72822069438
188,9104.046331173959
189,6890.35396664504
190,8519.595373984788
191,7578.56988212399
192,5361.426277312976
193,8560.604071163689
194,18266.949863674214
195,9373.33717409896
196,5561.057556310509
197,3072.4408266203804
198,5833.995684662643
199,8453.190161050466
200,4653.7163025399095
201,13114.4671471549
202,18591.183073630396
203,3410.449575599499
204,5170.004929435839
205,8615.761134245236
206,4835.071622076512
207,8280.695023483644
208,6865.735705401476
209,6964.033944787923
210,4462.095317761102
211,5676.376123508369
212,4547.9922731643765
213,7040.569145026252
214,6933.790731406114
215,6231.560497915869
216,5848.5971794449315
217,5632.24602928383
218,3765.6063425763855
219,5053.416034674398
220,6807.089987814366
221,4615.5944738246235
222,5526.396363746631
223,6981.318772456002
224,6132.999381766246
225,5570.472981767956
226,7048.038116423609
227,6915.285955634638
228,6967.862709069299
229,6535.238637491151
230,7755.868152092294
231,5624.8127714121165
232,3702.6360153669034
233,5900.302704893063
234,6929.91173593435
235,5874.160173662979
236,3735.351219436121
237,8347.48557609515
238,6902.859560300747
239,8636.335485210062
240,6719.844659356318
241,5686.168960338322
242,5355.220038991881
243,4300.236169696843
244,9438.341834310388
245,4211.3212896099985
246,7652.274483662133
247,15084.18808939727
248,7334.698894599194
249,8141.463704067501
250,5319.949602914944
251,4465.182587634678
252,6957.0686660553365
253,3824.093487300613
254,5731.621131610611
255,10692.000616618145
256,5208.424598362131
257,16307.445137622322
258,13479.433942673655
259,4835.304151015792
260,6505.094907409211
261,6143.748798739453
262,6397.072792013327
263,5515.123540064449
264,9036.911397797301
265,7767.878362838707
266,9304.73795259371
267,3495.121721065054
268,7356.293333851021
269,5451.285283276911
270,6769.753647482597
271,6669.99914367495
272,5796.647267940612
273,6116.455704585152
274,6370.949539645408
275,7964.574214404959
276,9723.48099937456
277,5958.5957549720115
278,9806.814935672071
279,6394.23658794121
280,10045.014038918229
281,5535.935992541741
282,3964.5870646686208
283,5375.577146336431
284,10284.449889810377
285,6405.224623222393
286,7689.143924094404
287,6399.066188365288
288,8688.936360447082
289,4722.2134437629265
290,8368.145900722258
291,6959.2224131390185
292,4090.0324504119203
293,13727.376058809377
294,17517.983591875847
295,5118.005243298997
296,7273.099907726306
297,8791.743077635112
298,9943.894140233555
299,11242.134461610383
300,5542.899665120782
301,7330.983946240576
302,5764.341697983264
303,8038.152941079483
304,3824.85301542822
305,5760.188952260435
306,5257.670103160963
307,4397.114957377647
308,7184.182871617191
309,5189.094919769077
310,4883.741493882092
311,6958.630703872429
312,3023.9647745906523
313,4413.079733970482
314,6193.646131190036
315,6055.276829983593
316,8832.764289894465
317,7451.638805264557
318,6065.410440952392
319,6448.284899829992
320,5853.568986230659
321,11483.073748819454
322,7467.3508812153295
323,5136.777920894509
324,3952.273144289312
325,7306.671738726777
326,4520.7461711008755
327,6908.796537917982
328,3446.17045836445
329,4797.816384425675
330,6202.057218072985
331,5137.4783242636795
332,4373.75692956116
333,7315.964903903016
334,8985.933580762137
335,11919.476553844484
336,5786.362617472151
337,7731.697987214548
338,2774.0679735650797
339,4940.3216970857675
340,6366.125547350074
341,4269.240393223335
342,7193.404376337463
343,5259.351644596282
344,4932.323801306004
345,8497.476054411929
346,10858.103268198072
347,8717.039460543934
348,5438.098814210616
349,4910.2940591856495
350,7692.907626339645
351,7585.997768374099
352,5738.572013266593
353,4078.7441309245464
354,6552.691343118868
355,9565.106823800998
356,4308.510845544904
357,5960.259511808315
358,7626.778057249263
359,7998.423453530022
360,13375.550891132072
361,4685.469651017067
362,14077.711447074687
363,5416.9825322713505
364,4993.89846746568
365,3566.083953999396
366,5870.893776928677
367,4896.115599223031
368,5802.555768950283
369,6587.087724288678
370,4046.088291729375
371,4706.571648201433
372,7142.489186053733
373,3486.020809248259
374,6789.871602678093
375,7077.4197588809475
376,6066.915573300242
377,8579.39549339539
378,5260.976928582124
379,8621.048873682521
380,5662.965706494672
381,5262.775267287454
382,4791.366177563821
383,4462.01847241881
384,10189.430044709494
385,6419.585956124905
386,4527.497665627169
387,7160.917807447803
388,8515.491627687383
389,6818.666582004263
390,6007.985008361122
391,7979.8046058521095
392,5513.145243283663
393,5645.648257778729
394,4829.322950859272
395,8171.237689516492
396,6223.037855462673
397,5924.025725894271
398,4071.3239411300597
399,4879.787019401006
400,3670.658136976614
401,5421.11134135045
402,6963.906476664086
403,8310.928444207011
404,10085.690151573463
405,10999.398561917773
406,8041.019053088669
407,5896.846504731435
408,5123.2270998621525
409,9718.468787929234
410,10457.22445875515
411,5668.311108092506
412,8390.120836803982
413,8037.451545235441
414,5612.410464779926
415,3763.594951856093
416,9154.725028263749
417,4456.311933380813
418,5971.3725829059895
419,4856.320317775488
420,3056.4746952411165
421,11379.37036006549
422,4843.804093322825
423,4979.795674961913
424,4896.897248961897
425,5290.38977574341
426,6259.350771636724
427,8260.87441560869
428,6204.425166498638
429,5172.003424050079
430,4381.41625543398
431,4044.1977874126783
432,3276.0537040819872
433,6740.094775391668
434,16874.245134264504
435,4841.802264627039
436,5623.806102662773
437,6642.884636855276
438,5421.759061055798
439,5537.820871974852
440,5135.4123222194075
441,3891.4489417095265
442,6267.971488902359
443,6833.696585058025
444,3347.9842856650375
445,8044.4823139466735
446,3839.500723201031
447,4612.742510677589
448,8289.009315127822
449,7741.649956836928
450,9297.008812944357
451,5336.938598965607
452,6523.28563504837
453,4769.174210222156
454,5086.956964695838
455,14318.524673367641
456,7740.925657398391
457,6400.4716515481605
458,5734.031763702991
459,4803.431184190352
460,5964.916286038035
461,5322.392816603996
462,10765.847950880465
463,4920.783531095311
464,4804.260946521831
465,6995.779393968625
466,4580.65429252647
467,6413.038799417052
468,7081.231240070097
469,6258.1984084684545
470,6827.647990511972
471,3982.647223396381
472,4952.782808813367
473,5256.8710872528845
474,8633.73372708565
475,8365.096663364062
476,6725.418553268548
477,3291.3301513902557
478,6856.598779423637
479,5847.600437133502
480,4556.200976860535
481,7040.607981585461
482,7133.652459189186
483,6492.734258121932
484,5964.806577665342
485,5940.913718093604
486,6388.229892113927
487,5521.962840046612
488,6283.781176557941
489,5604.238226424644
490,4212.961009287883
491,7288.780439245264
492,4821.7932399891115
493,4513.883328991971
494,11752.259509428482
495,6340.832083981207
496,3231.2988429164275
497,7734.63072612323
498,7175.07945862968
499,9592.713906926023
500,4274.591376937794
501,5730.2912431629575
502,4938.114049010678
503,6738.288713624191
504,5488.256300707059
505,8755.052516224037
506,3499.344056825215
507,5855.349000292514
508,5895.564699465667
509,5469.930398682292
510,3933.8839066026517
511,6946.764449272557
512,7799.71434419701
513,5510.923563996001
514,8118.554168504202
515,6757.00708015981
516,8539.792827354573
517,3743.5701974719914
518,4817.219366359602
519,4981.992075143241
520,8076.193300415515
521,7758.021523571265
522,5352.588353113473
523,8427.644711167271
524,5986.206754935292
525,7469.6719325401855
526,3898.472538940197
527,3825.9778626301622
528,6069.978583506057
529,6033.390945647441
530,8651.179517491582
531,6899.6927809570525
532,5687.864513276844
533,8113.974061911481
534,6733.356152564874
535,6681.370620143377
536,6512.062193753165
537,5866.057384410032
538,8747.286098843713
539,10485.97965764931
540,7130.370733207789
541,4708.097836666163
542,4110.9679265352215
543,3296.278312320095
544,0.0
545,8073.715051585902
546,4374.566380421643
547,8151.730227869435
548,3590.1498536814042
549,5016.642557757928
550,4589.065259126527
551,8812.9393170829
552,5182.809652013447
553,4227.874612050249
554,5517.0694516576095
555,7468.465653135133
556,4394.50623811519
557,6878.068013219909
558,7552.536267886825
559,8279.460818919195
560,7570.721906261724
561,7007.920287219354
562,5772.8287084308995
563,4526.823116804713
564,4882.988038952881
565,10105.384198180296
566,9039.085446038924
567,6423.4892803876255
568,15141.226775608258
569,5770.62589855087
570,4186.214460915416
571,6167.0947335051005
572,8183.333648668681
573,7541.559666041397
574,6277.246901550201
575,8392.35564074567
576,7698.380530891173
577,9980.715496122655
578,6614.010693707706
579,5896.435429380187
580,5287.613329578551
581,3913.72050757377
582,3925.687040078494
583,5258.859926286327
584,8157.709751837409
585,15733.116289989279
586,6818.743912083205
587,5129.9096165326255
588,6919.565421634885
589,4620.469325668174
590,6147.800056465393
591,4247.858226950518
592,9218.711115069673
593,5069.078007286487
594,5925.136896037735
595,13203.737898828533
596,11609.114372638653
597,5848.914182470791
598,5454.202050204024
599,4092.90662243113
600,5596.510432142313
601,5334.570201554895
602,6939.808614058426
603,4820.096863871829
604,4303.19249162312
605,4849.186007839323
606,5520.014179173875
607,7267.249135916953
608,7032.038491742529
609,3446.8036308878864
610,6820.936329776853
611,7605.756484818099
612,7605.2829985440185
613,4848.9489652394195
614,4171.317774987189
615,8147.496081299963
616,3085.8911429750524
617,8720.535958359193
618,4732.169795663095
619,4873.459902602492
620,6546.198960935468
621,5623.591819807787
622,4146.517946293454
623,4953.344878388603
624,4861.726488282936
625,9093.71316159922
626,9062.587899574137
627,5606.955231106126
628,3912.4798214108187
629,5630.43596992887
630,5797.601545679555
631,4801.70641776226
632,6114.677479822721
633,5986.409393382065
634,9310.146822819665
635,7190.984123732626
636,6299.79295484355
637,7500.5854686251105
638,3812.456455177383
639,8543.454813799657
640,6061.12183901362
641,12612.996230252451
642,5745.341250226609
643,5246.477262251399
644,5186.9457141797875
645,4330.70736603011
646,7177.233017614396
647,16028.567728316277
648,4052.4473476880253
649,4893.599242764718
650,10217.311211001817
651,6212.233465673012
652,5918.636216173684
653,7894.995578273656
654,6231.775374028511
655,4398.6565029254525
656,4600.026877544298
657,9002.258087066482
658,5764.96671158072
659,6889.194430856228
660,7064.710099630641
661,3968.4595589720902
662,5935.182577974366
663,5688.520727698905
664,3843.548783707046
665,8413.04080072921
666,8093.353691027769
667,4406.179377982189
668,7223.407990573682
669,6671.747334050731
670,4537.645219311717
671,8867.92495921342
672,6312.215386657228
673,8314.730335390866
674,4867.733882388491
675,5075.967238142174
676,5853.866212680471
677,0.0
678,7350.573753873947
679,4095.7959227609135
680,5951.052794468208
681,4410.712389725076
682,4644.922252534379
683,6073.377952520076
684,6509.6766895844285
685,6468.553621786134
686,8018.029052561374
687,4271.5803792743
688,6864.354333619094
689,5248.210829276373
690,8110.04700143049
691,9680.267249010647
692,6611.048437231639
693,3293.041410947402
694,4654.092259950792
695,7033.3633993159465
696,4122.036069127004
697,9897.070226432697
698,4702.328096166401
699,6847.5178017863545
700,10672.006636930008
701,6654.785709307763
702,4307.2497884070335
703,7741.240708507148
704,9187.115000235479
705,5079.503314516791
706,8030.3155865658355
707,9972.064051283147
708,5315.990602682077
709,4819.461862204084
710,6466.2282868352495
711,4256.4183528481035
712,4604.500124132345
713,7170.677194571693
714,4937.090272902847
715,6036.075349059099
716,7177.363806216605
717,6381.888308447838
718,7799.555690462167
719,5819.808862892603
720,6079.944481557731
721,4542.645535224041
722,6155.512891377033
723,6768.413685217863
724,6106.598020897754
725,6294.903212619391
726,6712.853424825538
727,9267.138594525586
728,5523.448515729364
729,4019.926068274533
730,6353.429716244412
731,6907.68763910991
732,5984.245244994039
733,4485.202493089957
734,4310.874367279176
735,7383.417951254113
736,7465.568323383866
737,5402.097025997343
738,7695.930098757115
739,5473.083085069185
740,6125.237580823957
741,5378.610611683171
742,3519.2284842048916
743,6893.7210359350065
744,6091.412337840223
745,6185.21474096033
746,9056.024606341674
747,7698.238383352374
748,4531.0418767289275
749,8852.510746820488
750,3905.509163882709
751,3138.4873960058712
752,7813.366194196404
753,9797.982642763509
754,7984.69581694106
755,6589.3705643660605
756,3477.010921871723
757,6508.042146833901
758,8447.4125009365
759,5944.31786619253
760,8406.270078653191
761,4946.197491056702
762,4324.257615464998
763,4389.671214751156
764,5367.066528204824
765,5282.703149021001
766,4625.412977932691
767,4893.351447820653
768,4150.856677565169
769,5758.737378661793
770,6990.571269339355
771,3972.4000978692034
772,5918.060536128501
773,6928.125843626917
774,5731.551408098741
775,5613.00453711445
776,8535.403112119384
777,7563.837972621639
778,4740.0641214519355
779,3640.1407638667943
780,11641.567549210291
781,6620.873735371882
782,5413.857785152382
783,6889.841803945758
784,6902.173792494492
785,7213.159471842648
786,5687.1363065598025
787,6989.262747363779
788,9187.746331378437
789,9683.79799937155
790,4827.135490380738
791,4589.043469145199
792,5536.2880791318685
793,6344.095054759541
794,4818.302166266668
795,6815.144791727899
796,8751.805167356453
797,4924.781913052398
798,4180.5997915793805
799,5899.001115393798
800,8073.519502365452
801,4466.013426876098
802,7100.438459246211
803,3332.6174906796937
804,7358.400107531054
805,7512.400929075686
806,7168.822248785785
807,8567.032565440742
808,6127.036788881906
809,3479.384697292089
810,6299.5939599634185
811,6987.18962911823
812,8392.496936937156
813,7117.872498177626
814,8459.654608552843
815,6374.943153693186
816,4361.122105347077
817,8754.319853556353
818,3633.234288395854
819,9235.870440403776
820,4906.993210789953
821,4342.216491909224
822,6679.728661219881
823,6121.2462747228155
824,7207.2588460199995
825,7983.953816281246
826,4089.554101358724
827,4484.87356596815
828,7633.5755845100275
829,7952.789508648543
830,8208.102652648677
831,5072.098647316642
832,6023.507735107593
833,6524.249650064288
834,6521.636345770456
835,5685.910772702761
836,9302.907028722248
837,8280.430704230324
838,9620.848163528834
839,3552.646148717269
840,5855.531413261605
841,0.0
842,8270.660994475005
843,5130.503053895457
844,10268.731538283571
845,5495.055804346953
846,5347.7862803248145
847,4346.333802932615
848,4949.736965176656
849,5149.76686800787
850,4308.011886714069
851,3889.090737316445
852,5045.579844218124
853,8861.91763806531
854,7063.624586764902
855,20172.01018884308
856,6536.740647670971
857,4269.389266981181
858,8025.791362358136
859,9092.659513721115
860,6536.629400157004
861,6892.910239209475
862,5807.983203390039
863,8257.165371500745
864,8360.532623943229
865,3814.9623245352655
866,5573.32177814447
867,6451.42321917737
868,8599.33474573595
869,7223.683945754938
870,7348.899659745261
871,5731.925435016059
872,3974.5742950237795
873,5761.222560993344
874,9942.024021325376
875,10340.931320401269
876,10545.805826515425
877,8478.744726948778
878,4298.43570912118
879,5639.696611086736
880,3140.080587281796
881,7864.580257469118
882,10663.684435975925
883,8677.744627353894
884,6042.773224546889
885,5472.102201497076
886,4151.772703682009
887,4663.193756976981
888,11357.360543600604
889,6647.366924753043
890,4783.15264657552
891,4213.700891644855
892,8380.32429196677
893,3804.2204567601802
894,8073.355398355979
895,4225.002119251842
896,5229.820333732508
897,5905.586235530934
898,5444.074254727702
899,7814.1781922762275
900,5284.113746478387
901,5521.9049084193575
902,6655.1137272315555
903,6888.231634329622
904,11125.367282056008
905,5622.750236377154
906,8688.635008960182
907,6998.058393679133
908,8912.810229731356
909,6517.308254708071
910,9515.970385082323
911,3373.9881763817034
912,4848.095391040644
913,6270.277495697793
914,5715.96011157568
915,7388.171549685349
916,7848.127243023749
917,5492.971214322703
918,7069.212624739036
919,5881.93290264281
920,9797.431989680446
921,3990.5185168686253
922,14497.962639103893
923,5160.363517626937
924,5481.730213398682
925,8674.30334972223
926,5283.34772118457
927,6289.6914196001035
928,6037.416191486123
929,7630.906102181886
930,5532.538305422065
931,4582.985885225929
932,6224.418398807081
933,7580.04457095874
934,7755.535825268885
935,5293.082836554518
936,7175.6755277607845
937,9215.600885070779
938,6369.437846196108
939,4431.915789380813
940,6252.659766993569
941,5992.615302148898
942,5760.893875631756
943,6547.698227005286
944,4031.288431354571
945,8098.817162184448
946,6421.556753472058
947,7154.083469523102
948,7262.985666699096
949,4374.282143651847
950,5578.8632796132115
951,4054.9374550249336
952,8434.271655115075
953,7004.115220714817
954,5166.810345250607
955,4562.3060939109255
956,5287.072662784038
957,5971.186715324181
958,4783.288610564789
959,6632.119187836225
960,5533.228651725635
961,7734.301955453233
962,5767.792608128111
963,4456.090009383669
964,7506.228532248046
965,6562.1387125648425
966,6796.723337998029
967,8681.98042728622
968,8365.67170241445
969,4682.769037206095
970,8671.55275362038
971,6244.88758707295
972,8025.088451163975
973,8663.884558220432
974,4738.236781702008
975,10708.34155001809
976,7843.938495272281
977,5836.340194140438
978,5786.882403419819
979,7144.215398735212
980,8114.670538475475
981,4867.668517061823
982,3451.3030840043
983,5480.295061892012
984,8378.039474368565
985,6077.893391340989
986,4735.836632741326
987,8625.262066990588
988,6073.982724585761
989,4807.597176222125
990,6419.125877283834
991,5347.094966887825
992,7605.479435147587
993,7072.362383403076
994,5027.7225981291285
995,5542.454161882596
996,4660.006069953046
997,6342.942775215864
998,3016.554166947498
999,5666.342437120671
1000,5133.068200628821
1001,8677.80408085939
1002,6293.176240538788
1003,5828.814256594422
1004,8376.215455502032
1005,6190.735618914616
1006,5504.192141113701
1007,10369.30278867341
1008,7124.949341841115
1009,8706.065186558744
1010,7801.574195006513
1011,4776.2767946259455
1012,6151.147416490443
1013,4749.09899540286
1014,8023.431306275757
1015,11966.00606321326
1016,5652.767085072549
1017,3458.2909947933335
1018,5183.364679742817
1019,9456.596990419865
1020,9122.650469065711
1021,4514.651356401415
1022,6994.9750246646545
1023,5056.663175883688
1024,4613.174355439079
1025,3557.5061117534915
1026,5220.6444295432
1027,5820.44836959319
1028,7666.08208199821
1029,7262.024365235519
1030,9826.581461147558
1031,7962.114641273171
1032,8815.489483414794
1033,7580.959940267521
1034,3689.1980101136724
1035,9462.62111722243
1036,11328.071082252362
1037,5868.948645031467
1038,7723.459437349091
1039,5073.332949779206
1040,6672.210751658528
1041,3878.9834932371527
1042,5577.08619315334
1043,5674.958494207222
1044,9573.604363745864
1045,7008.134415523552
1046,8676.531685135882
1047,7817.1912814623765
1048,5134.540287695861
1049,9193.008463744995
1050,19037.98539605012
1051,9916.987312298645
1052,5970.014660982445
1053,3264.6166376390333
1054,6054.235996656075
1055,8817.940304638829
1056,4572.087078436872
1057,13074.44692833199
1058,18789.21758270752
1059,3586.346835077876
1060,5452.339015882235
1061,7292.213911838307
1062,5809.692719836753
1063,8948.59919496203
1064,6910.199558125292
1065,7378.542624488752
1066,4346.711689672292
1067,6319.677599846122
1068,4776.912570801343
1069,7282.966368661561
1070,7393.640906422431
1071,6013.49698870046
1072,5711.976074830535
1073,5847.858501221544
1074,4138.497551255582
1075,5502.691796728229
1076,7086.802212587339
1077,4425.755253889098
1078,5607.758782013309
1079,7663.519516093463
1080,6197.753446483494
1081,6280.752589263902
1082,7145.198105066075
1083,7384.094691925775
1084,6836.141037984876
1085,6756.822538644064
1086,7620.4519177396905
1087,5817.431895049673
1088,3887.8575546740954
1089,6365.770912498199
1090,7092.271548671776
1091,6097.020486257758
1092,3831.6584906348007
1093,8916.821069774225
1094,7008.9536261805315
1095,9319.339600564197
1096,7263.923383506699
1097,5611.206264568474
1098,5329.960885575894
1099,4324.89135032175
1100,9424.731561009015
1101,4419.848452104613
1102,7886.500665037449
1103,15125.824515831824
1104,7450.238008686582
1105,6388.212059686822
1106,4908.879046772297
1107,4847.919647454216
1108,6950.691291929387
1109,3979.961802176183
1110,5958.433611432141
1111,10669.447938839832
1112,5313.802219370559
1113,18009.999232435624
1114,14414.43339855554
1115,4843.5550961770205
1116,6961.376389046031
1117,6436.719652018772
1118,6611.115899765317
1119,5753.322520106531
1120,9207.711884939648
1121,7787.856284134025
1122,9340.756827317644
1123,3660.7346518220997
1124,7800.308814012833
1125,5305.8341964501615
1126,7073.184663308601
1127,6528.622584791169
1128,5883.6976922415915
1129,6059.655276131784
1130,6316.254930310971
1131,8344.145146247185
1132,9209.257045731138
1133,6124.586299906805
1134,10526.472669534418
1135,6287.93418422512
1136,10557.76573062624
1137,5604.749674844166
1138,4268.765809668487
1139,5555.154135871515
1140,11227.896207723907
1141,6295.223867007272
1142,7220.222299432809
1143,6750.578616244351
1144,9008.156376684134
1145,4807.370999570509
1146,8166.470277573301
1147,6937.130811854374
1148,4151.0534555312715
1149,15656.439413055625
1150,17682.230269568685
1151,5503.212433019794
1152,7708.041240622068
1153,9333.191956229437
1154,10321.84314356044
1155,11648.221359467409
1156,5641.998538474205
1157,7865.532948118653
1158,5841.138253157379
1159,8120.187172479303
1160,3871.3444435882575
1161,6253.344789537053
1162,5639.647057777294
1163,4494.888491390635
1164,7602.139258701806
1165,5691.850876910249
1166,5111.873801311415
1167,7000.172149715251
1168,2919.316914118669
1169,4811.45939054055
1170,6164.946387299986
1171,7245.7959867815
1172,8895.853047676877
1173,7661.448372546816
1174,6140.130721376995
1175,6282.554103927108
1176,5914.097802807583
1177,11453.961127246628
1178,7963.009306290383
1179,5458.7544573515415
1180,4134.743311180422
1181,7517.192424817143
1182,4694.091745572763
1183,7306.391234115853
1184,3475.045410368308
1185,5625.169273581767
1186,6485.369957498233
1187,5152.39732352974
1188,4473.476747840899
1189,7449.578840400143
1190,8698.25611039823
1191,12478.477183762492
1192,5895.116398314484
1193,7679.935939621722
1194,3052.9134537359605
1195,5296.631380536684
1196,6505.709623404413
1197,4302.56516712455
1198,7810.287810941224
1199,5535.582255010365
1200,5271.094148472267
1201,9104.5666553528
1202,11453.339926639488
1203,7460.540310089795
1204,5587.334030743615
1205,4964.748708182982
1206,9297.118890121123
1207,8489.98830037294
1208,5935.842810907954
1209,4018.2436961479
1210,6925.174930273766
1211,9616.863809408318
1212,4841.735023720497
1213,6413.346452419495
1214,8069.576978939511
1215,8856.238287885468
1216,13432.683193625193
1217,4735.923475578666
1218,15218.962632718916
1219,5241.727653598225
1220,5066.196908207254
1221,3379.4193388822887
1222,6306.115663795108
1223,4802.720833423001
1224,5839.8958626565145
1225,6387.502504292168
1226,4211.81282879692
1227,4573.1753934024255
1228,7092.338583184327
1229,3834.452682813673
1230,7125.071467330783
1231,7417.195962162773
1232,6343.398791785553
1233,8905.224410894743
1234,5192.714736450794
1235,8933.401243648095
1236,6109.056741614152
1237,5607.292978191611
1238,5041.039500199253
1239,5420.674500155001
1240,10591.598075558919
1241,6545.512228065938
1242,4756.233810221351
1243,8246.546824557827
1244,8592.20975530227
1245,7032.192310418791
1246,6357.30746774053
1247,8857.200826695303
1248,5742.918691186124
1249,5572.41092844899
1250,4990.4483846497515
1251,8275.574000951934
1252,6123.08094695993
1253,6087.550271278094
1254,4229.215402008891
1255,4985.988875242456
1256,3936.2956674572197
1257,5081.287537910666
1258,6744.443714465148
1259,8462.284967421625
1260,10641.057364154267
1261,11491.147044448418
1262,7827.859796468219
1263,6125.577799724132
1264,5229.403469368977
1265,10227.600272499361
1266,10688.952183547262
1267,5916.674254470897
1268,8740.628643835826
1269,8209.194307977195
1270,5882.2450024718955
1271,3883.9608680054557
1272,9473.695201460827
1273,4767.878647165943
1274,6301.266809713908
1275,5008.593834429623
1276,3288.994502518978
1277,11613.890457027792
1278,4766.318014457621
1279,5168.796188010634
1280,5019.592642468814
1281,5593.669672663012
1282,6394.950006234388
1283,9300.56157950821
1284,5962.79156952883
1285,5420.927732650378
1286,4461.6955729060655
1287,4973.121080757621
1288,3209.6111833791565
1289,6889.7641603643215
1290,17174.634477881882
1291,4889.58232223284
1292,5642.307126611678
1293,7575.000501307694
1294,5454.08646219092
1295,5790.335117684375
1296,5184.239447980086
1297,4199.94056519548
1298,6194.800921467729
1299,6805.55589186475
1300,3585.3915548294212
1301,8431.018019471885
1302,4029.5664892568348
1303,4707.652283673681
1304,8586.076240434826
1305,8299.115278255184
1306,9381.825897864948
1307,5669.853739540255
1308,6691.8999595517735
1309,4903.645831832202
1310,5176.537972459884
1311,16489.477945427763
1312,8011.318756734587
1313,6197.23297860828
1314,5998.098098385553
1315,4710.034603077929
1316,6199.404459594154
1317,4418.267225360216
1318,9120.681781725778
1319,5189.05810958927
1320,4891.009388337236
1321,6855.002405474479
1322,4786.1512413024775
1323,6579.609891330354
1324,7325.975610499415
1325,6194.963906730646
1326,6832.196686762343
1327,4191.052576323673
1328,5275.957066485604
1329,5109.0322446778
1330,9109.817995868172
1331,8414.24001492538
1332,6792.513161126051
1333,3542.2517263195195
1334,7086.855668561018
1335,6216.024455137673
1336,4562.5600592353085
1337,7138.224750882325
1338,7176.899121662594
1339,6786.9757341458635
1340,6260.216163801577
1341,6322.092434884298
1342,6570.767184962217
1343,5717.044372109624
1344,6476.871802978131
1345,5620.450216172763
1346,4391.018778402782
1347,7097.786157623686
1348,4889.922497599314
1349,4862.331724793532
1350,12398.816750181297
1351,6130.253921203239
1352,3814.1332725530974
1353,8040.6172234176
1354,7500.537337380863
1355,10135.566494085222
1356,4429.406231187788
1357,5778.656670117579
1358,5278.938900471347
1359,7274.535706203822
1360,5519.477194791889
1361,9078.855495201971
1362,3519.6384844287422
1363,6201.10109720502
1364,6030.002362818995
1365,5862.938480513089
1366,3950.4483301001824
1367,7291.674913042663
1368,8528.594616402896
1369,5820.664675474364
1370,8544.485862648382
1371,7048.099476543435
1372,8771.355484559794
1373,3742.4932612189446
1374,5103.358181866543
1375,5133.0396943092555
1376,8073.790725430832
1377,8709.200672805653
1378,3636.7969932586407
1379,8631.422864830658
1380,6115.958616432067
1381,7535.584686512469
1382,4194.414989874024
1383,4037.9844999510437
1384,6424.410307775688
1385,6444.886677112261
1386,9074.942411062491
1387,6673.098122777463
1388,5942.074582325407
1389,7966.291886680091
1390,6920.658634826295
1391,6956.195956241498
1392,6900.890901109522
1393,5822.744938774331
1394,9178.574608240631
1395,10963.298656850473
1396,7566.524611151064
1397,4835.94610187031
1398,4274.545034560876
1399,3311.584908657963
1400,0.0
1401,8360.097408619054
1402,4372.669427950859
1403,8501.89899351204
1404,3529.9565275646496
1405,5033.797929155183
1406,4680.5920915088755
1407,10170.781335040587
1408,5452.686768600064
1409,4415.38858763715
1410,5908.356360893051
1411,7678.72441558317
1412,4123.793491643322
1413,7314.255208880917
1414,7638.741354331334
1415,8803.525585349542
1416,7619.750354743822
1417,6874.382367327476
1418,5459.115448198648
1419,4760.52807951547
1420,4633.399971033576
1421,10818.496750230288
1422,9736.68033400839
1423,6613.818359045322
1424,15378.286649650894
1425,5989.047558253321
1426,4005.6822159271533
1427,6367.644691341047
1428,8261.860193879249
1429,7759.338681067161
1430,6529.822453238189
1431,8475.194516504613
1432,8076.3796606633705
1433,10651.266391319312
1434,6706.948661618174
1435,5698.48085850289
1436,5541.756850769246
1437,3945.0699053694034
1438,4205.353496994298
1439,5526.754957140842
1440,8320.472172216749
1441,16429.683265926637
1442,7326.027365407167
1443,5387.464247880704
1444,7812.37095973339
1445,4525.270437814475
1446,6274.37595709993
1447,4177.622828345799
1448,9153.839968149732
1449,5157.742317051261
1450,6088.538626403623
1451,13670.412016059016
1452,12135.548635969199
1453,5940.899816101003
1454,5465.877292840481
1455,4143.016145203695
1456,5898.155896025911
1457,5651.065698485549
1458,6833.26775616863
1459,5070.162115908708
1460,4415.67560812766
1461,5066.144273572936
1462,5503.425305168326
1463,7744.289641110522
1464,7064.853100614337
1465,3498.8073237175
1466,6813.028101636537
1467,7909.766328085117
1468,7883.371568760466
1469,5193.046816668688
1470,4594.049067778022
1471,8283.201197511593
1472,3254.297462684752
1473,9169.38585613034
1474,4696.657156604287
1475,4793.3302172938575
1476,6615.706111045744
1477,5860.0716496362365
1478,4265.404660971003
1479,5123.635821613449
1480,5326.089658290954
1481,9677.439904021692
1482,10048.065964491989
1483,5644.413361350677
1484,3893.821832400724
1485,5786.363930543134
1486,6056.828754709364
1487,4844.188577270839
1488,6307.673132679868
1489,6140.699086221318
1490,9849.537758446106
1491,7609.246505999841
1492,6292.731947537289
1493,8048.029926106917
1494,3974.169051977028
1495,8787.271081737366
1496,6226.592068850544
1497,13663.472593583665
1498,5852.906738609498
1499,5475.2543479602455
1500,5529.452627393304
1501,4007.035068167463
1502,7642.331549351538
1503,16545.084309943148
1504,4834.203664255722
1505,4844.918729274708
1506,10065.01133137634
1507,6716.221223065205
1508,6213.024114080163
1509,8386.934459609882
1510,6410.537294523965
1511,4609.700214081675
1512,4554.65426835042
1513,9450.222242607442
1514,5968.688027698837
1515,7136.7708599737925
1516,7673.717942844794
1517,4257.845426417003
1518,6189.665563260489
1519,5742.004498151886
1520,4129.194558894783
1521,8544.459653160295
1522,8162.776711971047
1523,4748.66774119489
1524,7106.9885641131705
1525,6365.531653330091
1526,4620.018674432243
1527,8952.782639687297
1528,6231.6049006627645
1529,8123.242327008647
1530,4812.744031930328
1531,5154.257383414985
1532,7149.7227080445255
1533,0.0
1534,7553.173327277846
1535,4816.869561554121
1536,6159.067051138269
1537,4580.751581216799
1538,4750.710615627564
1539,6443.083734410949
1540,6775.36401444557
1541,6458.320007034884
1542,7963.446336360339
1543,4267.85383073974
1544,7325.068810081727
1545,5811.689041868735
1546,9697.843072743268
1547,10129.48157626228
1548,6538.11810231156
1549,3399.5681638706214
1550,4850.480826903576
1551,7223.664845789178
1552,4465.757391430619
1553,10090.026672983236
1554,4787.331326488897
1555,6952.058681739907
1556,10984.16667676459
1557,6395.165388238128
1558,4461.010474580284
1559,8208.935176102144
1560,9659.785710468968
1561,5383.232869693677
1562,8594.851735193366
1563,9504.024468834863
1564,5242.19646807561
1565,5389.61236290332
1566,6802.663895636098
1567,4458.2234306204455
1568,4876.1512892715
1569,7259.037376556167
1570,4941.669153005531
1571,6466.299642161668
1572,7330.3164812117375
1573,6590.798991799289
1574,8365.105657819162
1575,5936.064304599997
1576,6438.3430606657585
1577,4083.2176143600796
1578,6203.644099938865
1579,7170.129049858209
1580,5814.845191522571
1581,6784.828688661797
1582,7032.972943699684
1583,9410.38497577887
1584,5732.2853907392655
1585,4312.07576134998
1586,6041.247837837022
1587,7026.326872960916
1588,6218.4156388076
1589,4754.023601728932
1590,4408.940958218092
1591,8740.164972796674
1592,7410.200749708724
1593,5653.691926663596
1594,7871.748471840951
1595,5712.434221360895
1596,7363.739770662742
1597,5374.916347048469
1598,3442.7362970231884
1599,7260.183974270166
1600,6213.008160073946
1601,6364.649535506489
1602,9582.601763629846
1603,9244.254030256554
1604,4851.343197997669
1605,7979.303270281109
1606,4375.256174343676
1607,3045.6253646331256
1608,8046.711550250577
1609,10505.917868273697
1610,7499.881599734513
1611,7117.912688160576
1612,3581.7052143199107
1613,7043.194837852081
1614,8795.6178698364
1615,6374.705106246767
1616,8407.567094938498
1617,5319.661481261836
1618,4444.034841009299
1619,4592.617902553422
1620,5376.459817923352
1621,5724.321441759016
1622,5003.986056342822
1623,4803.199155718995
1624,4415.552805605541
1625,6123.500750123709
1626,7411.540088587019
1627,4235.776249717902
1628,6006.678672173511
1629,7219.7000374404315
1630,6118.984117088438
1631,5899.746691071219
1632,8742.546960733713
1633,8017.036037538908
1634,4472.44561186925
1635,3905.5624998559606
1636,12183.828895115059
1637,6373.856070551202
1638,5691.499678753929
1639,7012.104041202586
1640,7914.813525426811
1641,7677.452168672265
1642,5857.344205041962
1643,7233.230538251308
1644,9855.385003850346
1645,10727.122018298182
1646,5183.395923153641
1647,4862.974015160213
1648,5307.331068223811
1649,6159.903621748764
1650,4677.784558145109
1651,7941.591210077741
1652,8773.123156338084
1653,5173.9712349525325
1654,4153.473668092177
1655,5994.673742695051
1656,7796.713209898672
1657,4763.52746839585
1658,7140.90488141673
1659,3451.384060485748
1660,7376.971665284515
1661,7909.168693169361
1662,7389.917575573399
1663,9486.244109157393
1664,6387.98218333927
1665,3567.408492157825
1666,5941.866340533497
1667,7592.67122926002
1668,8646.566025418853
1669,7401.948954337291
1670,8396.181454822448
1671,6267.419024597147
1672,4524.439970427716
1673,9199.749832416177
1674,3760.4733124102013
1675,9468.372737313224
1676,4886.306643192116
1677,4721.650142028566
1678,7064.231575048152
1679,6148.716463394704
1680,7727.255451447568
1681,8463.668304656034
1682,4083.1790853954767
1683,4581.065350824121
1684,8374.224359611502
1685,8420.153685380375
1686,8766.802411342513
1687,5586.158889075213
1688,5957.6593807672825
1689,6861.556590567591
1690,6505.0948538803705
1691,5646.900793298255
1692,9595.148645630527
1693,8689.183965270466
1694,10309.298861298337
1695,3805.1918902203192
1696,6153.447646543269
1697,0.0
1698,8275.658703944331
1699,5445.797649226909
1700,10306.782428802986
1701,5809.044620911501
1702,5583.881770200832
1703,4166.43831504827
1704,5171.532638944653
1705,5240.128107361256
1706,4497.449081226609
1707,4119.583881863181
1708,5278.250421871668
1709,9325.834734940681
1710,6727.833396680974
1711,20633.757107092133
1712,6663.569798709608
1713,4513.008558191318
1714,9185.041664937806
1715,11167.222248565082
1716,7761.377230093654
1717,7675.655404804133
1718,6487.943259731626
1719,8261.079296477385
1720,9152.256481077526
1721,4115.358701275751
1722,6146.344228656758
1723,7129.471341974379
1724,9440.65072061827
1725,8138.661831563308
1726,7701.258801002995
1727,6989.766269554359
1728,4377.537835367806
1729,6285.827918498551
1730,10721.4752414011
1731,11392.040107084249
1732,11992.11415717126
1733,9552.799102008887
1734,5531.485192722209
1735,6017.027648013586
1736,3379.355151915356
1737,8563.865660359505
1738,11830.200610792084
1739,8866.80930525233
1740,6708.057788254651
1741,5937.913691780278
1742,4880.371289580563
1743,4873.4528681773545
1744,11645.918511921389
1745,7768.512403000955
1746,4951.739518627724
1747,4606.337131552039
1748,8595.850710312896
1749,4202.26924923561
1750,8639.545698337453
1751,4621.110563224057
1752,5331.363736553724
1753,6121.344766823212
1754,6003.816518884637
1755,8659.963638945444
1756,5756.737313405709
1757,5797.39944861748
1758,7628.147393337097
1759,7234.404214714383
1760,11977.981605293047
1761,6182.554321804913
1762,9553.053231961465
1763,6997.70063554705
1764,10124.26365428883
1765,7184.2667321423705
1766,10803.805627729098
1767,3945.4668065587557
1768,5701.363997859423
1769,6983.060029777729
1770,6067.57967456021
1771,7859.813449906521
1772,8675.020736859135
1773,6459.564585822723
1774,7933.694981819648
1775,6075.2960146565265
1776,11089.389059498768
1777,4451.857286414548
1778,15094.116836019446
1779,5786.959508503997
1780,5915.631739878012
1781,9439.443883471227
1782,6220.776144294886
1783,7002.980013491339
1784,6987.554898243609
1785,8592.231052875413
1786,6119.949732943726
1787,4854.755199057155
1788,6500.522799458626
1789,8102.297307526884
1790,8664.27470842759
1791,5891.2670384104695
1792,7835.09904789093
1793,9604.4650713139
1794,7231.098462386851
1795,4699.2695065042435
1796,6959.700153946735
1797,6306.37335897691
1798,6044.481288384563
1799,6890.564716250341
1800,4517.045523118701
1801,8941.174997695674
1802,6987.879171836719
1803,7977.64355591135
1804,7459.672399699119
1805,5231.592420741661
1806,6194.195169266105
1807,4355.651127369112
1808,9349.203760137361
1809,7801.352534598155
1810,5488.924922481389
1811,4957.252940345838
1812,5744.47706616454
1813,6473.189568538325
1814,5078.255476718648
1815,6902.041333436593
1816,5963.751885095405
1817,8275.47912539026
1818,6560.6810124896765
1819,4755.97687921028
1820,8580.324446188206
1821,6835.858571085773
1822,7530.597641911301
1823,9309.929250589606
1824,8911.665964204814
1825,5138.83707119554
1826,9224.107856412245
1827,6788.58922636799
1828,8998.251383493227
1829,9615.717646402267
1830,5193.037611657032
1831,12359.924064191991
1832,7976.320479896564
1833,6528.716813335419
1834,6463.651989390679
1835,7860.749609463777
1836,9144.191827955192
1837,5380.990363074187
1838,3808.3456719446094
1839,5862.97760483098
1840,9116.839663788844
1841,6689.748311700369
1842,5194.12547622628
1843,10049.738640474472
1844,6398.539069100025
1845,5055.5863760727725
1846,7157.429063028132
1847,6106.282506030112
1848,8822.192027959964
1849,7527.324465804385
1850,5615.33328131411
1851,6247.237263295526
1852,5283.4930097785555
1853,7013.993069621533
1854,3320.4272273617694
1855,7394.53826222362
1856,5761.620779272915
1857,9329.081855218094
1858,6827.089173810904
1859,6193.482396844626
1860,8803.01122298868
1861,6098.72912018593
1862,5632.503957993154
1863,11036.495134454683
1864,7317.002678360951
1865,9286.754328035688
1866,8370.009285670303
1867,5006.605205965669
1868,6618.593987089349
1869,5084.019053159029
1870,9056.36287695237
1871,13275.759199518352
1872,6299.699379994215
1873,3757.791470400127
1874,4867.431858638855
1875,10389.554666566197
1876,9971.81037172115
1877,4974.6720842371915
1878,7953.221642207713
1879,5412.475403691744
1880,5344.510931533298
1881,3858.047171080507
1882,6057.5893674948775
1883,6346.202108594009
1884,8292.983687490001
1885,8208.8200126287
1886,11329.549434166074
1887,8617.794195060023
1888,9648.739425751486
1889,8140.439269916959
1890,3939.7791600058
1891,10252.098211651139
1892,12960.978728884971
1893,6840.760986856994
1894,8658.58139706654
1895,5529.53744009466
1896,7250.893235636962
1897,4532.050735822331
1898,6356.537171593464
1899,6199.108748396997
1900,10287.327653302162
1901,7609.4109533979
1902,9455.474141414274
1903,8582.949611216503
1904,5479.314039239653
1905,10212.936212678787
1906,20236.681263777602
1907,10923.887231402166
1908,7010.033048597273
1909,3594.5404381392223
1910,6402.067588001807
1911,10048.39018454972
1912,5076.939419761582
1913,13428.50506836278
1914,19502.736264398125
1915,3789.8999646459793
1916,6207.075156176406
1917,7642.3820111202895
1918,5824.855180014386
1919,10118.027322564833
1920,8019.240354624765
1921,8254.508064787033
1922,4605.938487309455
1923,6702.291298319924
1924,5376.328846242461
1925,7876.534756991304
1926,7839.403723085674
1927,6251.722488594169
1928,6053.87733241785
1929,6299.493782700726
1930,4671.208608311498
1931,5882.72046133188
1932,7657.125508679343
1933,4759.707650724555
1934,6069.738940294043
1935,9071.909138011413
1936,7379.318752927335
1937,6700.272235325858
1938,8043.07860897317
1939,8111.465364718712
1940,7043.106824913919
1941,7261.4077764784215
1942,8914.959293571512
1943,6074.596793437118
1944,4241.448539890467
1945,6863.255426579777
1946,7888.335783384497
1947,6670.763145153351
1948,4241.924382973019
1949,10036.687925244136
1950,8056.902773677352
1951,9839.47848464841
1952,7872.144414803742
1953,6437.642850919874
1954,5928.831948402709
1955,4601.002198244478
1956,10858.898386292321
1957,4560.507321426502
1958,8203.954600038203
1959,16991.69026114373
1960,7815.1127455705255
1961,7295.081765177322
1962,5241.716196696723
1963,5301.87737773584
1964,7679.76297366495
1965,4277.127251370732
1966,6483.176018996387
1967,11680.291861362306
1968,5556.739897108669
1969,19705.723271655414
1970,15535.13954940564
1971,5103.993607284199
1972,7613.821906471556
1973,7361.99835933768
1974,7344.131632117143
1975,6395.623078403231
1976,10039.825276840806
1977,8557.344822618286
1978,11034.56278627067
1979,4249.783914683417
1980,8432.613187580293
1981,5598.121659468001
1982,7701.098962731892
1983,7351.047795463587
1984,6491.268854920555
1985,6439.2536545842495
1986,6554.056093642082
1987,8969.762595654993
1988,10372.007361822107
1989,6468.055393664911
1990,11276.655383307272
1991,6437.835415412631
1992,11694.491517825147
1993,6596.241426533221
1994,4578.166894790869
1995,6029.908502571905
1996,12202.460729844453
1997,6812.798486935057
1998,7866.187644190624
1999,7248.717450932241
2000,10013.140662396709
2001,5170.075005051965
2002,9734.357427382476
2003,8167.59219682227
2004,4616.124444325675
2005,16400.974140143127
2006,18344.0123827126
2007,5810.202452330779
2008,8313.75368438916
2009,10743.849885065074
2010,11613.351742403105
2011,12760.252129745573
2012,6614.695790589603
2013,9025.282487307823
2014,6392.018031764519
2015,8931.757858116061
2016,4405.260449923233
2017,7075.499223614685
2018,6097.231662056472
2019,4758.902397368609
2020,8290.974110324534
2021,6099.232739942031
2022,6018.599280548262
2023,7594.075056757152
2024,3210.0633374915237
2025,5202.675785503573
2026,7087.474330065782
2027,7351.877954069098
2028,9630.578414445185
2029,8267.660036653211
2030,6585.05150562835
2031,6671.273569514153
2032,6303.808494849105
2033,12497.006422427743
2034,8971.902948170738
2035,6176.396578711899
2036,4385.8301997506405
2037,7790.181195084792
2038,4918.289804907498
2039,7730.990473514643
2040,3935.64156457653
2041,6187.961030425043
2042,7274.819203069209
2043,5362.585396458792
2044,4654.628610436726
2045,7733.866676007787
2046,9387.29841747519
2047,13091.054806176506
2048,6701.932785745355
2049,7877.980436525793
2050,3337.928581852598
2051,5791.124729836482
2052,7085.464956108098
2053,4855.763250939486
2054,8104.153085704717
2055,6113.21403467325
2056,5637.514548953036
2057,9907.471776967233
2058,12708.42156333026
2059,7730.316109670273
2060,5994.62707459446
2061,5641.880306728694
2062,9237.21467706912
2063,8225.247578826262
2064,6786.801899990618
2065,4396.95771186915
2066,7421.749650914166
2067,11276.123434998346
2068,4989.3564233539055
2069,7089.0741567733185
2070,8703.22088770676
2071,9647.732618368387
2072,15299.23683671376
2073,4855.176525914815
2074,16493.43039996686
2075,5877.491061759264
2076,5372.182029409156
2077,3955.0753104049363
2078,7001.453589628803
2079,5270.056105059146
2080,6585.376274549537
2081,6409.370089299978
2082,4594.533395879011
2083,5129.539382271716
2084,7670.337050202534
2085,4267.438781330364
2086,7674.049313945084
2087,8297.297606332257
2088,7104.676896935382
2089,10081.135275761437
2090,5770.488339033006
2091,10179.111125999298
2092,6377.21047757818
2093,5886.739891060355
2094,5335.711836732824
2095,4969.478670066322
2096,11500.323406583559
2097,7175.316783718217
2098,5347.058490361841
2099,8584.44295115578
2100,9377.829421319931
2101,8034.923983358368
2102,7396.228783250307
2103,9410.244884002806
2104,6053.927162645128
2105,5748.841323606551
2106,5598.061050209307
2107,8711.136485412979
2108,7433.453709290739
2109,7075.8379855302055
2110,4543.560616815798
2111,5374.323972184374
2112,4405.033463156803
2113,5458.663329882935
2114,7051.945881896479
2115,9405.273644147175
2116,11321.976268840519
2117,12880.467501676936
2118,8645.94694259555
2119,6687.45545367641
2120,5712.768555040338
2121,10827.063051361007
2122,11852.807000256977
2123,6245.749146705978
2124,9722.46929624421
2125,10031.497050904274
2126,6345.878037164123
2127,4646.618537729027
2128,10234.862634970108
2129,5186.004182917982
2130,6969.169687080469
2131,5597.092959857593
2132,3624.3816322152807
2133,12901.997851293592
2134,5070.777591007726
2135,6029.431021032693
2136,5420.854967699115
2137,5805.104385107877
2138,7605.300900167988
2139,10451.180574908243
2140,6363.36320295092
2141,5830.569864672642
2142,4707.311059990223
2143,4946.57151833315
2144,3541.0780524177435
2145,7592.073899686422
2146,18015.51604969463
2147,5411.142112812293
2148,6080.561442218767
2149,7983.507328821341
2150,6468.203327021389
2151,6434.903008177984
2152,5485.420573950798
2153,4793.5855653841
2154,6625.735048920504
2155,7407.436227561267
2156,3874.2516875939377
2157,9216.527426516775
2158,4626.528148367138
2159,5319.461677502751
2160,9341.613580697887
2161,9134.089473615591
2162,10313.866456934044
2163,6672.270493669039
2164,7687.882557593549
2165,5463.466181384172
2166,5631.975535642846
2167,16619.615478829997
2168,8356.051026229195
2169,6748.975780971286
2170,6840.552893926105
2171,5012.248046494674
2172,6758.379677191224
2173,5097.142986003922
2174,10447.110429071572
2175,5745.032939870313
2176,5313.298489415323
2177,7172.659091060752
2178,5200.095187356627
2179,7397.749488132222
2180,8407.10304382665
2181,6658.24950776286
2182,7582.625597172074
2183,5033.042565565197
2184,5612.528145014385
2185,5509.3927956229145
2186,10119.276577799126
2187,9394.750461099022
2188,7417.451908017123
2189,3908.212042341905
2190,7400.716587314307
2191,6763.437353089259
2192,4882.3009317829665
2193,8066.126589723082
2194,7898.730693870501
2195,7670.233017422714
2196,6835.235277456958
2197,6941.017887245602
2198,6816.3665850964635
2199,6587.920898766418
2200,6932.632613678816
2201,5863.400854679975
2202,4881.011381965996
2203,7814.396952848804
2204,4990.861817144628
2205,5383.8047201557465
2206,13406.080947081713
2207,7071.560243223869
2208,4021.656909764502
2209,9264.582736171178
2210,7964.99410650915
2211,11153.146582777059
2212,4621.596885192592
2213,6391.395575124546
2214,5637.527606986501
2215,7746.013735607063
2216,6338.203013804192
2217,9803.324154206528
2218,4057.3783801540726
2219,6897.921004125668
2220,6755.0085597820425
2221,6523.925308659535
2222,4671.78183628842
2223,7984.227739111038
2224,9622.759030615272
2225,6287.367897507591
2226,9521.699442333209
2227,7800.821432717445
2228,9703.69544779626
2229,3726.1594360519953
2230,5785.626503671461
2231,5611.915101891188
2232,8950.69388302809
2233,9020.036756566404
2234,4360.534751787512
2235,8863.110191316482
2236,6529.890341033435
2237,8534.990109711252
2238,4507.333627772836
2239,4511.95544555267
2240,7080.099653029051
2241,7502.1762809404245
2242,9740.990452067432
2243,7537.179233677485
2244,6648.787771496961
2245,8751.499566638726
2246,8293.176226165317
2247,8708.510863138798
2248,7320.054658268111
2249,6675.424371221785
2250,10008.20464483266
2251,11884.127118399141
2252,8631.353881568912
2253,5580.486817844629
2254,4679.277393231621
2255,3607.1125846778828
2256,0.0
2257,9624.517304966012
2258,4563.705664487644
2259,10059.491557674828
2260,3828.206178126735
2261,5397.798206680997
2262,5296.26008979147
2263,10237.849501568824
2264,5716.825678416814
2265,4664.061684723121
2266,6722.283205719771
2267,8717.988808254186
2268,4425.740594328679
2269,7369.580038692
2270,7835.872612374406
2271,9344.310232823782
2272,8234.372477502844
2273,7594.434811496108
2274,5954.813911856893
2275,5304.256868993026
2276,5104.726467722488
2277,12586.930752273569
2278,10602.990112775442
2279,7250.200333730127
2280,15739.889241644018
2281,6652.340486303447
2282,4514.849784304511
2283,7257.558893754155
2284,9093.301545597304
2285,8199.030142146321
2286,7110.051012717771
2287,9848.49117247999
2288,8783.330839317128
2289,11503.779203822245
2290,7347.245072611148
2291,6478.950360280995
2292,6457.326229003009
2293,4190.57788802352
2294,4644.416868612549
2295,6226.0476689207
2296,9171.750561996912
2297,17756.032400265747
2298,8128.270984840864
2299,5627.427997068051
2300,8272.927758312546
2301,4950.677822101834
2302,6560.24129548844
2303,4624.051190009734
2304,10466.564671297727
2305,5494.108463286894
2306,7058.049446787079
2307,15007.285007767498
2308,12196.488460024977
2309,6580.971997834481
2310,5962.791015675921
2311,4425.226036502344
2312,6207.544784478171
2313,6109.930896969427
2314,7329.469501463889
2315,5752.491578273386
2316,4743.0616744486815
2317,5572.3030141097715
2318,5823.904624362175
2319,9178.51884486608
2320,7792.608439444035
2321,3680.85168950674
2322,7426.560017206413
2323,9098.384434016885
2324,8680.276515248277
2325,6127.696308351025
2326,5052.346968644854
2327,9543.666826880075
2328,3510.0747060818658
2329,9928.878332830118
2330,4954.589119604581
2331,5221.134275637513
2332,7094.829691030187
2333,6414.563279489742
2334,4631.77308219857
2335,5330.537672997915
2336,5708.250252386539
2337,10350.786771824985
2338,10950.958487625812
2339,5979.790021686603
2340,4348.227102553524
2341,6145.118654936234
2342,6556.565679216715
2343,5609.412227470609
2344,7214.545249308052
2345,6766.392259167215
2346,10381.415980561173
2347,8114.113842691102
2348,7085.713411150343
2349,8666.436101096802
2350,4383.810345936503
2351,9677.172436041688
2352,7113.223924819676
2353,14561.88934979164
2354,6626.970718213546
2355,5994.5842699695495
2356,6107.668147743093
2357,4976.145309460934
2358,8266.487092677246
2359,17415.637756219283
2360,4919.94400289881
2361,5107.436535945503
2362,12484.158796574864
2363,7485.022561118029
2364,6753.222908478806
2365,8972.871635171216
2366,7151.822409999803
2367,4628.291393530274
2368,5385.055526683247
2369,10575.485118636921
2370,6787.201898890798
2371,7688.596917792652
2372,8217.999170856661
2373,4650.014819587656
2374,6534.971482182156
2375,6728.980458643354
2376,4532.264494772272
2377,9735.417932153392
2378,9473.356767536528
2379,5023.466867915672
2380,7777.709168971091
2381,7008.23830024826
2382,4902.506000437184
2383,9736.913818191653
2384,6618.242812482182
2385,8727.16132311687
2386,5256.8191818084
2387,5649.558164716322
2388,6968.76739622118
2389,0.0
2390,8391.176141963377
2391,5161.919437384017
2392,6775.872477621979
2393,5255.547732734066
2394,5220.852364228716
2395,6853.459659324265
2396,7584.5892008054525
2397,7481.058428167744
2398,8622.002968543384
2399,4649.174664152108
2400,7838.7349183811075
2401,5834.175505163375
2402,10229.969634835914
2403,10920.397215874336
2404,7042.195566896354
2405,3516.029693283452
2406,5287.389610096196
2407,8159.326720523088
2408,4562.873954875031
2409,10140.055014683436
2410,5171.535189111274
2411,7675.6179813111585
2412,12140.526607256083
2413,7467.434308395005
2414,5133.258733344161
2415,9039.637606032382
2416,10304.66439663598
2417,5621.088940279256
2418,9787.736326625438
2419,11461.34403202929
2420,5399.891635784739
2421,5970.572178381963
2422,7654.977334366554
2423,5072.298122511716
2424,5159.008235760806
2425,7720.151539451614
2426,5672.475030337076
2427,7441.072965059009
2428,8080.2414804277905
2429,7644.629649973722
2430,9055.319789403926
2431,6609.1367828359525
2432,7132.716936661033
2433,4527.419715143129
2434,6872.45502640061
2435,7973.707938529302
2436,6374.808665123173
2437,7336.3226265197
2438,7953.803045820145
2439,10750.194104766057
2440,6298.970297514856
2441,4810.3680847021815
2442,6992.797951946033
2443,7130.948197460921
2444,6948.053005331668
2445,4999.378344147021
2446,5077.726552200429
2447,8268.907435409676
2448,7555.998749656829
2449,6454.261293498204
2450,8884.79961358128
2451,5921.671307300243
2452,7443.125868604731
2453,5764.934120441164
2454,3928.6740974230256
2455,8168.584624461553
2456,6956.904049015731
2457,8110.320688935868
2458,10147.80589409809
2459,9591.248971073752
2460,5278.404774237012
2461,8858.006656836182
2462,4599.987051452468
2463,3738.4701000621953
2464,9131.782096828261
2465,11090.825253463927
2466,8106.159418422294
2467,7844.383705568193
2468,4225.288672595581
2469,8042.989236622559
2470,9428.991393437887
2471,7050.487747534505
2472,9205.21692232424
2473,5764.340646433142
2474,4781.59888523294
2475,5133.345617678338
2476,5711.226980359568
2477,6192.597801674853
2478,5611.4154827190205
2479,5464.609633047668
2480,4773.553877730876
2481,6571.751698208003
2482,9051.02304819756
2483,4466.773744906402
2484,7163.818242002463
2485,7740.659474613618
2486,6562.66747132044
2487,6396.232962566589
2488,9071.31395418519
2489,8756.926141138154
2490,4688.7209974723955
2491,4242.997765590334
2492,15174.000338603159
2493,6880.238785593481
2494,6879.827840801163
2495,7585.159292224795
2496,8202.988394962762
2497,8518.442364110348
2498,6274.6328373127335
2499,7832.794985007017
2500,11643.577789432431
2501,11152.05019552678
2502,6294.984062783711
2503,5636.186552454235
2504,5720.405446749003
2505,6690.729469477327
2506,4963.47753270878
2507,7712.201335583418
2508,9986.388656123967
2509,5470.418745667082
2510,4586.500764115524
2511,6846.259682786012
2512,8595.311634598775
2513,5465.615766286907
2514,8020.1121579625815
2515,3807.3916241305183
2516,7772.705597586564
2517,8802.859041101949
2518,7966.863235860972
2519,10514.366077204195
2520,7357.406660967224
2521,3939.0284170748696
2522,6229.01625946127
2523,9004.449078933396
2524,9406.770793747808
2525,7744.831368729484
2526,9018.513014002378
2527,7031.151344814424
2528,4977.2148747175415
2529,9972.101515100168
2530,4085.462286874282
2531,10530.209628199615
2532,5119.145483917761
2533,5145.456208779912
2534,7866.551784401264
2535,7039.461008270496
2536,8346.842983917339
2537,9242.020408484083
2538,4678.063688176434
2539,5198.753609448561
2540,9600.003219723452
2541,10117.95634020552
2542,9085.560622153027
2543,6129.356541613839
2544,6789.44982837969
2545,7782.5724301032615
2546,7105.210569774015
2547,6338.759243188857
2548,10666.558468338913
2549,9656.663261687268
2550,10753.665268578718
2551,4051.717789532836
2552,6894.523391985062
2553,0.0
2554,8951.217509599275
2555,6745.243193507197
2556,11699.705496783747
2557,6305.0685511892725
2558,6386.558650603954
2559,4567.750812114937
2560,5951.881827414276
2561,5898.928862756608
2562,5156.588287854588
2563,4681.453126437778
2564,6091.711241077789
2565,10326.503167800722
2566,7079.080990361627
2567,21750.23765131019
2568,7172.820195922801
2569,4993.393299437644
2570,10010.062351236666
2571,12413.675205990707
2572,8879.447368125713
2573,9564.933381033825
2574,7415.456031508972
2575,9014.341463897064
2576,10607.292528436568
2577,4661.633071653104
2578,7212.508466672472
2579,8496.430996352345
2580,10878.836704013496
2581,9770.991012408627
2582,8587.0613290971
2583,8211.64836012793
2584,4859.1119249959675
2585,8174.982179868754
2586,13107.317869456905
2587,13068.95382756463
2588,13674.362878830138
2589,12767.268351628241
2590,5648.999014451985
2591,7029.346756386422
2592,3753.128072108765
2593,9981.150063043462
2594,14857.196780410948
2595,9886.274927132563
2596,8705.863771346307
2597,7495.776280117643
2598,4863.9958798894
2599,6076.260175948345
2600,13816.528532219905
2601,9045.633417879208
2602,6259.136752807267
2603,5303.027909836134
2604,9429.885019580359
2605,4946.723235598377
2606,10376.164228094127
2607,5968.433180071794
2608,6812.293860492279
2609,7331.183754331699
2610,7080.132710730808
2611,10128.145635321765
2612,7092.8452584604875
2613,6581.455642207589
2614,8484.450815159322
2615,8984.398440615521
2616,14974.623603351449
2617,7280.9818602643345
2618,11401.257877141214
2619,7568.863077736887
2620,11054.028482052827
2621,9069.192611054888
2622,12796.885614516745
2623,4590.720637381594
2624,6321.347930368432
2625,8292.14160822235
2626,7214.979255216975
2627,9648.388751280874
2628,10726.138799278218
2629,7886.948262663105
2630,9901.877762957982
2631,7044.206911673723
2632,13109.89434252986
2633,5268.5112582890815
2634,17457.00602986431
2635,6512.210541382616
2636,6646.898143094781
2637,10976.352425596926
2638,7225.828038580714
2639,9009.038620139894
2640,8064.418498999614
2641,11181.22251869282
2642,7270.431203384301
2643,5579.083232558074
2644,8193.470896386109
2645,9381.616997699766
2646,10746.811176577086
2647,7565.3947536004725
2648,9192.629791126034
2649,11673.97487642439
2650,8224.68624159868
2651,5412.9584564017905
2652,8502.498878156204
2653,7277.0569686040535
2654,7313.0949257712355
2655,7927.425818685348
2656,5297.013222131838
2657,12220.793446913522
2658,8061.065167395999
2659,9593.621708132428
2660,9322.476830242653
2661,5301.538028052969
2662,7577.362831349953
2663,5047.322152160371
2664,11621.405682585886
2665,8812.51116259944
2666,6298.6330456321
2667,5953.266867653349
2668,6721.056453243446
2669,7633.282739242883
2670,5968.323079015336
2671,7921.246830828808
2672,6903.499962230443
2673,9371.186800200005
2674,7673.07052088253
2675,5563.605209541119
2676,11000.746660317744
2677,8201.403284250871
2678,8367.535742954587
2679,11763.135142270756
2680,11429.365558243779
2681,5625.38560875628
2682,11591.628083417407
2683,7830.530631698811
2684,10627.662548009705
2685,12429.955445329862
2686,6745.985779220584
2687,13810.370731858562
2688,8777.030283093676
2689,8286.629244713415
2690,7587.6485801672925
2691,8704.17264015361
2692,11423.30506507767
2693,6234.354125980949
2694,4062.4029449552927
2695,6544.6278384156
2696,11237.535737120763
2697,7699.8766291359625
2698,5920.312000237225
2699,13004.649471156194
2700,7090.959910706969
2701,5484.015968889815
2702,7924.052878889424
2703,7871.408869420648
2704,10602.164648166961
2705,9066.948634264869
2706,6481.872628965519
2707,7640.620449938265
2708,6198.831259979505
2709,8638.83592593516
2710,3594.933278694933
2711,7942.3854037064875
2712,6961.737784217944
2713,10618.476939587394
2714,7569.602773702012
2715,7003.551287324886
2716,10334.809895709297
2717,7320.391184078651
2718,6670.823213626459
2719,12670.363294061479
2720,8434.593067142509
2721,11884.420280877373
2722,9203.92494439493
2723,6217.596225799098
2724,7913.264699183531
2725,5795.159606623971
2726,10909.105591298676
2727,16950.143534780807
2728,7256.265131144592
2729,4334.160171882527
2730,5611.985232100098
2731,12640.742519898935
2732,12276.958458898247
2733,5684.633803509728
2734,9486.272202416383
2735,6100.9716683592815
2736,5604.131748543131
2737,4436.870922183102
2738,6585.796971405318
2739,7626.763197451237
2740,10432.392984640503
2741,9156.397657938482
2742,13210.174180945307
2743,9981.173979661073
2744,11651.193931731901
2745,9673.707750612124
2746,4691.270851967656
2747,11479.186979659133
2748,17385.519697494143
2749,8540.898269500316
2750,10048.62986610813
2751,6823.633041384281
2752,8742.136909968005
2753,6357.8165959447015
2754,6996.769401515389
2755,8120.4113448920525
2756,11590.893022718587
2757,8876.852130375355
2758,11766.818886553363
2759,9579.127553896942
2760,6528.877090395323
2761,13101.592727108422
2762,22597.664659002123
2763,13945.356989637257
2764,8968.55249810009
2765,4378.4496584148665
2766,7610.62848546662
2767,11418.836656568728
2768,5717.203312659274
2769,14063.3449279918
2770,20562.46077033181
2771,4143.223551264903
2772,7541.609166909128
2773,8801.784935771682
2774,6978.395958539074
2775,12493.778536989832
2776,9997.561913485692
2777,10689.699786421728
2778,4875.40702616243
2779,7971.362675114985
2780,6286.203528464822
2781,9354.852417594255
2782,10349.478106541872
2783,7841.109734165961
2784,7081.629029759589
2785,7134.564579803569
2786,5131.504300609989
2787,6914.624701234658
2788,8979.367408024207
2789,5898.047943574445
2790,7720.83017761556
2791,10921.324419402803
2792,8098.421130440833
2793,7644.133831244134
2794,9091.808001515488
2795,10223.650497152352
2796,9005.96812501292
2797,9288.469448351581
2798,9306.573285819335
2799,6873.936378875787
2800,5171.844133747403
2801,7880.299438170622
2802,8985.503286126786
2803,8555.201956905912
2804,4816.671271308227
2805,11328.439520748389
2806,9961.356933247615
2807,12195.615257134034
2808,8788.61545516752
2809,8096.643332855247
2810,7327.102784890682
2811,5480.27391310175
2812,13647.296916427797
2813,5402.2349610088
2814,9127.877474845725
2815,19369.838405784252
2816,9395.703901461578
2817,8142.712114807568
2818,6517.902274600957
2819,6098.706793578208
2820,9020.117679017168
2821,4929.35363120376
2822,7380.917356274634
2823,13042.674308351889
2824,6728.695556525438
2825,22157.195079959707
2826,17065.997985277758
2827,5956.196591134995
2828,8749.817897990002
2829,7997.521993057594
2830,8822.91855526146
2831,7234.093588703999
2832,11814.426893540158
2833,10610.274155522218
2834,12828.91209916922
2835,4962.089333702724
2836,9528.05107648123
2837,6768.021603011962
2838,8827.209433625374
2839,9107.152891963578
2840,8021.549132446089
2841,7817.0972605851675
2842,6961.226675961181
2843,11132.696476574827
2844,11850.51032499125
2845,7665.3999968564285
2846,14705.757581778833
2847,7902.669964769194
2848,13632.543254430848
2849,6987.541538322183
2850,5416.192027302332
2851,7941.28883051346
2852,15741.51497145232
2853,8365.750829492183
2854,9638.121509382447
2855,8980.004188244115
2856,12411.182883713986
2857,6226.721875445927
2858,9771.69764576513
2859,9035.053189956343
2860,5731.766361626147
2861,17974.70719945954
2862,20612.032851984357
2863,7071.289725136548
2864,10535.437747879674
2865,12666.82006932955
2866,14464.804299092411
2867,14295.20109051258
2868,8077.640041342003
2869,11885.96598395903
2870,7829.046571828974
2871,10540.149038065458
2872,4806.073078089537
2873,8306.008902205025
2874,7124.4362402584575
2875,5407.271793997671
2876,9567.186739746807
2877,6907.596875485715
2878,7787.3273952672325
2879,9163.870782470964
2880,3445.2043492278103
2881,6132.304604393424
2882,7769.8739447227845
2883,9175.178042367508
2884,12483.218906557864
2885,9887.285324761468
2886,7557.848734602892
2887,8268.993129687255
2888,7527.175886991666
2889,14660.779744282676
2890,10365.48827552241
2891,7386.738689319727
2892,5055.652967619183
2893,9305.972156445368
2894,5690.521136120155
2895,9645.544286842623
2896,4634.795517764934
2897,6936.778504761889
2898,8386.047209386832
2899,6680.491185591864
2900,5715.533968798774
2901,9560.561401989642
2902,10984.913127356445
2903,14487.928758140257
2904,7708.474427874697
2905,9472.49883579446
2906,3897.626540299202
2907,6792.8964907747495
2908,8415.649104101747
2909,5732.6915675653
2910,8892.635869742133
2911,7230.602014853862
2912,6649.984515740991
2913,12242.922387816043
2914,14316.474303717663
2915,9084.673541306573
2916,6917.62763346052
2917,6666.242436160332
2918,11113.188483294867
2919,9459.40272099155
2920,7632.035875202572
2921,5393.608331843103
2922,9110.898029158221
2923,12561.732568586493
2924,5815.43254120489
2925,8690.012784118837
2926,10715.888672172903
2927,11536.772032963356
2928,16476.196407563115
2929,6056.580846907252
2930,18428.125765428285
2931,7044.6363193770585
2932,6238.290988457587
2933,4364.434802709917
2934,8040.93450132772
2935,6297.4826811865705
2936,8365.838675333696
2937,7700.667365351624
2938,5163.358286450782
2939,6691.84275552968
2940,9019.789897475746
2941,4905.9885618276285
2942,8449.270635606643
2943,10491.333367655077
2944,7849.719159238008
2945,12532.773771157561
2946,7420.005658188827
2947,10969.701835271182
2948,7000.914058818463
2949,6811.3802949962155
2950,6026.229471758741
2951,5739.331522015559
2952,13342.759155661111
2953,8947.500247828157
2954,6076.350385260358
2955,10896.424559714482
2956,11893.148067318129
2957,9833.10146496489
2958,8681.454174906748
2959,10941.775716543503
2960,6826.356861112533
2961,5973.883373788861
2962,6296.5242065133125
2963,10309.08192204558
2964,8713.617396702208
2965,8624.090671391135
2966,5590.196940601379
2967,6476.460599797863
2968,5098.234437341654
2969,6272.130031535928
2970,8664.956804986827
2971,11056.70023103238
2972,12877.732933703022
2973,15896.792949833149
2974,10335.35919618417
2975,7973.967490931264
2976,6265.6334919963765
2977,11949.233183910754
2978,14801.862875810402
2979,7722.716941144797
2980,11275.233446624541
2981,11060.777404666285
2982,7155.254059819316
2983,5348.767723577883
2984,11274.672227973531
2985,5982.286179511676
2986,8748.467144086777
2987,6254.014410693912
2988,4450.385949676916
2989,15707.087744936569
2990,5957.707589613995
2991,6854.458170650249
2992,6100.475637095889
2993,6894.252593706748
2994,8271.818474010173
2995,13367.225421842866
2996,7560.396622878685
2997,6539.529070025392
2998,5661.240666319539
2999,6340.227967446446
3000,3819.927037324928
3001,9067.755073550885
3002,19609.52022106909
3003,6013.19495485816
3004,7241.274727212068
3005,9783.279742834267
3006,7158.448629347458
3007,7825.514968884601
3008,6595.049184826464
3009,5865.062421818152
3010,8288.567050132498
3011,9424.536938491754
3012,4103.124590298653
3013,11513.875398760356
3014,5126.151584530447
3015,6091.991111426288
3016,11591.397101655333
3017,11324.237091237777
3018,11231.77360593714
3019,7908.38174750629
3020,8931.876203625507
3021,6194.778145550321
3022,6453.384052187778
3023,18317.722886619704
3024,10268.764078253884
3025,8084.677043431144
3026,8478.108597170694
3027,6157.838649576918
3028,7873.6876675759195
3029,5722.328951808984
3030,11822.03536721091
3031,6111.539022021963
3032,5938.777244256792
3033,9098.83881074912
3034,6097.941693586085
3035,8502.499040467688
3036,9135.685129043077
3037,8368.648195758913
3038,9236.130136785205
3039,6279.860978845306
3040,6218.04581958885
3041,7121.052066561882
3042,11897.176502871662
3043,10678.517924239037
3044,8933.488809441813
3045,4245.474981690415
3046,8714.494254111882
3047,7261.819885006846
3048,5967.404122863123
3049,8954.862123702975
3050,9846.498315916355
3051,9235.689548779608
3052,8317.086449948512
3053,8344.596592054964
3054,8544.800673393433
3055,7405.571378891015
3056,8109.220639584825
3057,7001.662465973316
3058,5539.183278919
3059,9398.818235131792
3060,5317.227755544418
3061,6179.137502182544
3062,16545.740149008754
3063,8279.85683872163
3064,3946.019955761978
3065,9778.157373876827
3066,9429.282596908057
3067,12558.51729507617
3068,5063.527224664698
3069,8025.498896920215
3070,6337.113508430239
3071,9156.110962012113
3072,7456.934267964073
3073,13247.205607731428
3074,4180.085148810582
3075,8494.570621834622
3076,8220.408330534263
3077,7415.383950065423
3078,5411.101390711097
3079,9326.649000122787
3080,11950.920128619928
3081,6826.085585949966
3082,10658.860538332761
3083,9817.64272782594
3084,12534.39569363492
3085,4298.3427074371675
3086,6745.495289130217
3087,5951.125725927096
3088,10838.16862719842
3089,11213.455641961222
3090,5304.886297306206
3091,9198.192929971796
3092,8209.11149365832
3093,10548.466332773423
3094,4941.563011728825
3095,4686.434444899074
3096,8745.540166066985
3097,8774.936069237321
3098,11610.668980670458
3099,9128.96566739782
3100,7317.254411281101
3101,10846.816759115174
3102,10229.151937493085
3103,11549.146824516045
3104,8059.526098405216
3105,8363.773947311676
3106,11399.492717062845
3107,14585.465120598234
3108,9036.798810046812
3109,6580.81299856067
3110,5379.732897656788
3111,4144.4727391995575
3112,0.0
3113,12140.102534963109
3114,5468.417090256129
3115,11911.772990595031
3116,4814.929411763771
3117,6491.61986913304
3118,6157.517357550938
3119,12171.55451362421
3120,7034.503203144628
3121,5288.654319914259
3122,8261.7123433593
3123,9891.8021295241
3124,5582.167685420348
3125,8810.518919777696
3126,8739.741757453903
3127,10818.836749778882
3128,10250.893531629881
3129,8967.497257574765
3130,6912.80918129757
3131,6024.671421167466
3132,5967.008036898823
3133,15592.450291909325
3134,12728.592349377304
3135,8926.49091235174
3136,16389.466141327954
3137,7672.306971075241
3138,5231.391957910838
3139,8821.59573804206
3140,10723.943058367176
3141,10028.646882395624
3142,8558.712128118714
3143,11617.56641806954
3144,11558.421099389443
3145,12466.423845683265
3146,9159.893754863797
3147,8014.41292367317
3148,8025.065626500269
3149,4855.740843613421
3150,5376.318921132188
3151,8289.028802384977
3152,11173.440630399089
3153,19314.170314345334
3154,9881.682572394007
3155,6662.591767462609
3156,9951.012560749481
3157,6430.857213311527
3158,8142.143573607105
3159,4852.152381294715
3160,12126.759284897433
3161,6386.482466859389
3162,8830.831678538849
3163,18331.980460492952
3164,13366.1113589259
3165,8173.77665067921
3166,7136.133858010183
3167,5085.537131818902
3168,7079.6699254377245
3169,6901.108763892387
3170,9157.263523703086
3171,6973.009539889421
3172,5827.1372088158
3173,5848.485861997159
3174,6986.400195861863
3175,10816.877184180308
3176,10251.708238530982
3177,3868.2874993148203
3178,8997.807286596564
3179,11387.009206718894
3180,10934.408480655171
3181,8543.028415843859
3182,6043.0082006689745
3183,11146.456966975144
3184,3879.7895605353547
3185,11739.02834656814
3186,6158.82350067712
3187,6821.559662718903
3188,8720.095246436744
3189,7715.585623351186
3190,5050.571567309843
3191,6691.856790439098
3192,7000.454465773187
3193,12036.406342028817
3194,12942.737517644544
3195,7172.919542373001
3196,5032.890273993102
3197,7050.000697927755
3198,7697.138456189513
3199,6234.651715350991
3200,9338.376597945737
3201,7702.269787376615
3202,11787.499556341287
3203,10169.600902861259
3204,8162.7079968011785
3205,10116.687135537992
3206,4706.19021758402
3207,11495.232497643694
3208,7842.137106145256
3209,15384.965221058934
3210,8184.798121193631
3211,7149.67862598116
3212,7785.839533315053
3213,5523.820067030137
3214,9543.883586568696
3215,19723.9573115468
3216,6222.878929850136
3217,5926.93893304323
3218,14315.115969623237
3219,8458.707135413704
3220,7493.948653666706
3221,10703.809876042742
3222,9133.380107287869
3223,5729.786123666221
3224,5977.922134165792
3225,12111.662572327115
3226,8185.451040689485
3227,8856.843682417677
3228,9434.703394110951
3229,5223.248834320614
3230,7903.981521711903
3231,7354.582563051819
3232,4666.805070709169
3233,10877.217063037537
3234,10522.01308299471
3235,5759.46691768274
3236,9284.32319108917
3237,8910.98224115403
3238,6132.796530685488
3239,11732.330457943854
3240,8256.434926722932
3241,10571.485682046541
3242,6557.657013019734
3243,6892.052832526267
3244,7911.351681374286
3245,0.0
3246,9914.559822763573
3247,6416.082042131257
3248,7873.488764305534
3249,6094.202254215423
3250,6253.068099431206
3251,7309.287007915506
3252,8421.620369431723
3253,9580.519760313366
3254,10114.89062633226
3255,5542.843480589257
3256,9536.441266649797
3257,6364.566315018006
3258,12163.127900294425
3259,13186.020609463707
3260,8090.28121309416
3261,3963.413540235434
3262,5737.504967098676
3263,9879.42138675083
3264,5210.801301936819
3265,12426.90623645097
3266,6207.206755289863
3267,9147.033003725308
3268,13849.317989757963
3269,7467.513333880273
3270,6604.158712639234
3271,10098.771771514188
3272,12782.241653825435
3273,6168.223628746596
3274,10586.476269289422
3275,12316.711942908218
3276,6538.358612696435
3277,6475.165699214936
3278,9067.75756235546
3279,5584.660842979337
3280,5457.158347675712
3281,9359.893112117003
3282,6685.669743724797
3283,7482.4453648807685
3284,9841.969551398168
3285,9243.594663931503
3286,12111.737543390413
3287,7578.6395363296815
3288,8319.883757438318
3289,5035.943615322026
3290,7517.756976783613
3291,9580.762958791149
3292,7755.986881729066
3293,8306.225185204032
3294,9504.560250919685
3295,12834.084378952242
3296,7900.642844345735
3297,5202.828918603774
3298,8297.750367867135
3299,8500.149308358976
3300,7797.738603467738
3301,5716.582102458024
3302,5834.529009605057
3303,8882.648503095375
3304,8122.234402765378
3305,7995.227332130594
3306,10459.351151360397
3307,6728.147875982904
3308,8971.001798116326
3309,7217.084288452863
3310,4529.957523742427
3311,10285.791367786045
3312,8273.703950927009
3313,9594.818588248163
3314,12342.191560077024
3315,11175.102672083834
3316,5955.654456662018
3317,10633.604468276266
3318,4774.253086414277
3319,4111.81693399818
3320,11188.444740745934
3321,12234.596495410362
3322,9735.9633943101
3323,9930.105296987846
3324,5135.269112277723
3325,9998.448557763026
3326,11236.703065501795
3327,8247.592029650858
3328,10640.961414717154
3329,6565.948844658491
3330,5496.109365660024
3331,5724.005010923035
3332,6900.459538368621
3333,7333.992101685064
3334,7287.114350980094
3335,7234.440067147652
3336,5545.250231966364
3337,7074.6331508506155
3338,10662.422775703688
3339,5359.2366074169295
3340,8058.803371997882
3341,9511.635340617107
3342,7641.370233511762
3343,7207.7949352160595
3344,11495.952165343317
3345,10501.162193749233
3346,5813.390611166732
3347,5381.892284147286
3348,17752.491197801108
3349,8267.628556759077
3350,8646.607917079577
3351,9641.240051683062
3352,9532.201948030026
3353,11591.797911597141
3354,7388.909704090479
3355,8690.043747038479
3356,13155.3462070974
3357,12603.359340440707
3358,7941.7252619201345
3359,7339.480772028351
3360,6888.961426359469
3361,7907.403431285307
3362,6010.496640040606
3363,8402.734743660121
3364,12363.061842325127
3365,5922.761323401699
3366,5556.279315042597
3367,8049.382346683881
3368,9964.931771294763
3369,6437.934470410657
3370,9718.342012861642
3371,3942.871224949369
3372,9408.029773197237
3373,9562.091695596862
3374,10073.316585003782
3375,12312.542544464546
3376,8923.224149704753
3377,4428.472363650335
3378,7620.69054045087
3379,9851.343009317317
3380,10717.809999775574
3381,9721.922763281333
3382,11059.153041015605
3383,8487.961793437273
3384,6413.161257432763
3385,11083.449800532562
3386,4408.8595431441245
3387,11975.936506679362
3388,5814.420493239103
3389,6459.449018007398
3390,9536.92125177752
3391,7624.80156095164
3392,9385.31198301732
3393,10348.246317800515
3394,5682.641849618985
3395,6590.0685969853575
3396,11359.590489252863
3397,11693.293558434283
3398,10633.213155928786
3399,6745.707504506908
3400,7517.158486165075
3401,9739.035139052192
3402,8624.739404893211
3403,7323.503902945716
3404,12524.46867229464
3405,12394.002261878097
3406,12065.12344659717
3407,4658.962896371026
3408,8507.935185382084
3409,0.0
3410,11118.293985949655
3411,7844.053176254174
3412,15045.613011370824
3413,7048.88284633261
3414,7584.155739219714
3415,5486.964875849295
3416,7814.713933743484
3417,6698.537438226304
3418,5785.633855214246
3419,5469.871236541225
3420,7438.841466229289
3421,13996.94382921132
3422,8226.746780176247
3423,23875.9964471852
3424,9021.281613204887
3425,0.0
3426,0.0
3427,0.0
3428,0.0
3429,0.0
3430,0.0
3431,0.0
3432,0.0
3433,0.0
3434,0.0
3435,0.0
3436,0.0
3437,0.0
3438,0.0
3439,0.0
3440,0.0
3441,0.0
3442,0.0
3443,0.0
3444,0.0
3445,0.0
3446,0.0
3447,0.0
3448,0.0
3449,0.0
3450,0.0
3451,0.0
3452,0.0
3453,0.0
3454,0.0
3455,0.0
3456,0.0
3457,0.0
3458,0.0
3459,0.0
3460,0.0
3461,0.0
3462,0.0
3463,0.0
3464,0.0
3465,0.0
3466,0.0
3467,0.0
3468,0.0
3469,0.0
3470,0.0
3471,0.0
3472,0.0
3473,0.0
3474,0.0
3475,0.0
3476,0.0
3477,0.0
3478,0.0
3479,0.0
3480,0.0
3481,0.0
3482,0.0
3483,0.0
3484,0.0
3485,0.0
3486,0.0
3487,0.0
3488,0.0
3489,0.0
3490,0.0
3491,0.0
3492,0.0
3493,0.0
3494,0.0
3495,0.0
3496,0.0
3497,0.0
3498,0.0
3499,0.0
3500,0.0
3501,0.0
3502,0.0
3503,0.0
3504,0.0
3505,0.0
3506,0.0
3507,0.0
3508,0.0
3509,0.0
3510,0.0
3511,0.0
3512,0.0
3513,0.0
3514,0.0
3515,0.0
3516,2992.01840450597
3517,0.0
3518,0.0
3519,0.0
3520,0.0
3521,0.0
3522,0.0
3523,0.0
3524,0.0
3525,0.0
3526,0.0
3527,0.0
3528,0.0
3529,0.0
3530,0.0
3531,0.0
3532,0.0
3533,0.0
3534,0.0
3535,0.0
3536,0.0
3537,0.0
3538,0.0
3539,0.0
3540,0.0
3541,0.0
3542,0.0
3543,0.0
3544,0.0
3545,0.0
3546,0.0
3547,0.0
3548,0.0
3549,0.0
3550,0.0
3551,0.0
3552,0.0
3553,0.0
3554,0.0
3555,0.0
3556,0.0
3557,0.0
3558,0.0
3559,0.0
3560,0.0
3561,0.0
3562,0.0
3563,0.0
3564,0.0
3565,0.0
3566,0.0
3567,0.0
3568,0.0
3569,0.0
3570,0.0
3571,0.0
3572,0.0
3573,0.0
3574,0.0
3575,0.0
3576,0.0
3577,0.0
3578,0.0
3579,0.0
3580,0.0
3581,0.0
3582,0.0
3583,0.0
3584,2295.394700174667
3585,0.0
3586,0.0
3587,0.0
3588,0.0
3589,0.0
3590,0.0
3591,0.0
3592,0.0
3593,0.0
3594,0.0
3595,0.0
3596,0.0
3597,0.0
3598,0.0
3599,0.0
3600,0.0
3601,0.0
3602,0.0
3603,0.0
3604,0.0
3605,0.0
3606,0.0
3607,0.0
3608,0.0
3609,0.0
3610,0.0
3611,0.0
3612,0.0
3613,0.0
3614,0.0
3615,0.0
3616,0.0
3617,0.0
3618,0.0
3619,0.0
3620,0.0
3621,0.0
3622,0.0
3623,0.0
3624,0.0
3625,17501.01856603898
3626,30466.621509712968
3627,0.0
3628,0.0
3629,0.0
3630,0.0
3631,0.0
3632,0.0
3633,0.0
3634,8426.358221863267
3635,0.0
3636,0.0
3637,0.0
3638,0.0
3639,0.0
3640,0.0
3641,0.0
3642,0.0
3643,0.0
3644,0.0
3645,0.0
3646,0.0
3647,0.0
3648,0.0
3649,0.0
3650,0.0
3651,0.0
3652,0.0
3653,3593.103806744535
3654,0.0
3655,0.0
3656,0.0
3657,0.0
3658,0.0
3659,0.0
3660,0.0
3661,0.0
3662,0.0
3663,2988.0490080294794
3664,0.0
3665,0.0
3666,0.0
3667,0.0
3668,0.0
3669,0.0
3670,0.0
3671,0.0
3672,0.0
3673,0.0
3674,0.0
3675,0.0
3676,0.0
3677,0.0
3678,0.0
3679,0.0
3680,0.0
3681,8581.829921685856
3682,0.0
3683,0.0
3684,0.0
3685,0.0
3686,0.0
3687,0.0
3688,0.0
3689,0.0
3690,0.0
3691,0.0
3692,0.0
3693,0.0
3694,0.0
3695,0.0
3696,0.0
3697,0.0
3698,9421.478929044562
3699,0.0
3700,0.0
3701,0.0
3702,0.0
3703,0.0
3704,0.0
3705,0.0
3706,0.0
3707,0.0
3708,0.0
3709,0.0
3710,0.0
3711,0.0
3712,0.0
3713,0.0
3714,0.0
3715,0.0
3716,0.0
3717,0.0
3718,0.0
3719,0.0
3720,0.0
3721,0.0
3722,0.0
3723,0.0
3724,0.0
3725,0.0
3726,0.0
3727,0.0
3728,0.0
3729,0.0
3730,0.0
3731,0.0
3732,0.0
3733,0.0
3734,0.0
3735,0.0
3736,0.0
3737,0.0
3738,0.0
3739,0.0
3740,0.0
3741,0.0
3742,0.0
3743,0.0
3744,0.0
3745,0.0
3746,0.0
3747,0.0
3748,0.0
3749,0.0
3750,0.0
3751,0.0
3752,0.0
3753,0.0
3754,0.0
3755,0.0
3756,0.0
3757,0.0
3758,0.0
3759,0.0
3760,1637.2806722860034
3761,0.0
3762,0.0
3763,0.0
3764,0.0
3765,0.0
3766,0.0
3767,0.0
3768,0.0
3769,0.0
3770,0.0
3771,0.0
3772,0.0
3773,0.0
3774,3892.4411542154685
3775,0.0
3776,0.0
3777,0.0
3778,0.0
3779,0.0
3780,0.0
3781,0.0
3782,0.0
3783,0.0
3784,0.0
3785,0.0
3786,0.0
3787,0.0
3788,0.0
3789,0.0
3790,0.0
3791,0.0
3792,0.0
3793,0.0
3794,0.0
3795,0.0
3796,0.0
3797,0.0
3798,0.0
3799,0.0
3800,0.0
3801,0.0
3802,0.0
3803,0.0
3804,0.0
3805,0.0
3806,0.0
3807,0.0
3808,0.0
3809,0.0
3810,0.0
3811,0.0
3812,0.0
3813,0.0
3814,0.0
3815,0.0
3816,0.0
3817,7656.372853472604
3818,0.0
3819,0.0
3820,0.0
3821,0.0
3822,0.0
3823,0.0
3824,0.0
3825,0.0
3826,0.0
3827,2419.829573152246
3828,0.0
3829,0.0
3830,0.0
3831,4720.184974709557
3832,0.0
3833,0.0
3834,0.0
3835,0.0
3836,0.0
3837,0.0
3838,0.0
3839,0.0
3840,0.0
3841,0.0
3842,0.0
3843,0.0
3844,0.0
3845,0.0
3846,0.0
3847,0.0
3848,0.0
3849,0.0
3850,0.0
3851,0.0
3852,0.0
3853,0.0
3854,0.0
3855,0.0
3856,0.0
3857,0.0
3858,20388.754662062598
3859,0.0
3860,0.0
3861,0.0
3862,0.0
3863,0.0
3864,0.0
3865,0.0
3866,0.0
3867,0.0
3868,0.0
3869,0.0
3870,0.0
3871,0.0
3872,5247.353626812516
3873,0.0
3874,0.0
3875,0.0
3876,0.0
3877,0.0
3878,0.0
3879,0.0
3880,0.0
3881,0.0
3882,0.0
3883,0.0
3884,0.0
3885,0.0
3886,0.0
3887,0.0
3888,0.0
3889,0.0
3890,0.0
3891,0.0
3892,0.0
3893,0.0
3894,0.0
3895,0.0
3896,0.0
3897,0.0
3898,0.0
3899,0.0
3900,0.0
3901,0.0
3902,0.0
3903,0.0
3904,0.0
3905,0.0
3906,0.0
3907,0.0
3908,0.0
3909,0.0
3910,0.0
3911,0.0
3912,0.0
3913,0.0
3914,0.0
3915,0.0
3916,0.0
3917,0.0
3918,0.0
3919,0.0
3920,0.0
3921,0.0
3922,0.0
3923,0.0
3924,0.0
3925,0.0
3926,0.0
3927,0.0
3928,0.0
3929,0.0
3930,0.0
3931,0.0
3932,0.0
3933,0.0
3934,0.0
3935,0.0
3936,0.0
3937,0.0
3938,0.0
3939,0.0
3940,0.0
3941,0.0
3942,0.0
3943,0.0
3944,0.0
3945,0.0
3946,0.0
3947,14138.180475085686
3948,0.0
3949,0.0
3950,0.0
3951,0.0
3952,0.0
3953,0.0
3954,0.0
3955,0.0
3956,0.0
3957,0.0
3958,0.0
3959,0.0
3960,0.0
3961,0.0
3962,0.0
3963,0.0
3964,0.0
3965,0.0
3966,0.0
3967,0.0
3968,0.0
3969,0.0
3970,0.0
3971,0.0
3972,0.0
3973,0.0
3974,0.0
3975,0.0
3976,0.0
3977,0.0
3978,0.0
3979,0.0
3980,0.0
3981,0.0
3982,0.0
3983,0.0
3984,0.0
3985,0.0
3986,0.0
3987,0.0
3988,0.0
3989,0.0
3990,0.0
3991,3059.290190927094
3992,16646.28685733486
3993,0.0
3994,0.0
3995,0.0
3996,0.0
3997,0.0
3998,0.0
3999,0.0
4000,0.0
4001,0.0
4002,0.0
4003,0.0
4004,0.0
4005,0.0
4006,0.0
4007,0.0
4008,0.0
4009,0.0
4010,0.0
4011,0.0
4012,0.0
4013,0.0
4014,0.0
4015,0.0
4016,0.0
4017,0.0
4018,0.0
4019,0.0
4020,12537.404600061654
4021,0.0
4022,0.0
4023,0.0
4024,0.0
4025,0.0
4026,0.0
4027,0.0
4028,0.0
4029,0.0
4030,0.0
4031,0.0
4032,0.0
4033,0.0
4034,0.0
4035,0.0
4036,0.0
4037,0.0
4038,0.0
4039,0.0
4040,0.0
4041,0.0
4042,0.0
4043,0.0
4044,0.0
4045,0.0
4046,0.0
4047,0.0
4048,0.0
4049,0.0
4050,0.0
4051,0.0
4052,0.0
4053,0.0
4054,0.0
4055,0.0
4056,0.0
4057,0.0
4058,0.0
4059,0.0
4060,0.0
4061,0.0
4062,0.0
4063,0.0
4064,0.0
4065,0.0
4066,0.0
4067,0.0
4068,0.0
4069,0.0
4070,0.0
4071,0.0
4072,0.0
4073,0.0
4074,0.0
4075,0.0
4076,0.0
4077,0.0
4078,0.0
4079,0.0
4080,0.0
4081,0.0
4082,0.0
4083,0.0
4084,0.0
4085,0.0
4086,0.0
4087,0.0
4088,0.0
4089,0.0
4090,2423.398404988114
4091,0.0
4092,0.0
4093,0.0
4094,2102.6676420688227
4095,0.0
4096,0.0
4097,0.0
4098,0.0
4099,0.0
4100,0.0
4101,0.0
4102,0.0
4103,0.0
4104,0.0
4105,0.0
4106,0.0
4107,0.0
4108,0.0
4109,0.0
4110,0.0
4111,0.0
4112,0.0
4113,0.0
4114,0.0
4115,0.0
4116,0.0
4117,0.0
4118,0.0
4119,0.0
4120,0.0
4121,0.0
4122,0.0
4123,0.0
4124,0.0
4125,0.0
4126,0.0
4127,0.0
4128,0.0
4129,0.0
4130,0.0
4131,0.0
4132,0.0
4133,0.0
4134,0.0
4135,0.0
4136,0.0
4137,0.0
4138,0.0
4139,0.0
4140,0.0
4141,0.0
4142,0.0
4143,0.0
4144,0.0
4145,1654.0729984688098
4146,0.0
4147,0.0
4148,0.0
4149,0.0
4150,0.0
4151,0.0
4152,0.0
4153,0.0
4154,0.0
4155,0.0
4156,0.0
4157,0.0
4158,0.0
4159,0.0
4160,11779.256884230173
4161,0.0
4162,0.0
4163,0.0
4164,0.0
4165,0.0
4166,0.0
4167,0.0
4168,0.0
4169,0.0
4170,0.0
4171,0.0
4172,0.0
4173,0.0
4174,0.0
4175,0.0
4176,0.0
4177,0.0
4178,0.0
4179,0.0
4180,0.0
4181,0.0
4182,0.0
4183,0.0
4184,0.0
4185,0.0
4186,0.0
4187,0.0
4188,0.0
4189,0.0
4190,0.0
4191,0.0
4192,0.0
4193,0.0
4194,0.0
4195,0.0
4196,0.0
4197,0.0
4198,0.0
4199,0.0
4200,0.0
4201,0.0
4202,0.0
4203,0.0
4204,0.0
4205,0.0
4206,0.0
4207,0.0
4208,0.0
4209,0.0
4210,0.0
4211,0.0
4212,0.0
4213,0.0
4214,0.0
4215,0.0
4216,0.0
4217,0.0
4218,0.0
4219,0.0
4220,0.0
4221,0.0
4222,0.0
4223,0.0
4224,3319.0663007932835
4225,0.0
4226,0.0
4227,0.0
4228,0.0
4229,0.0
4230,0.0
4231,0.0
4232,0.0
4233,0.0
4234,0.0
4235,0.0
4236,0.0
4237,0.0
4238,0.0
4239,0.0
4240,0.0
4241,0.0
4242,0.0
4243,0.0
4244,0.0
4245,0.0
4246,0.0
4247,0.0
4248,0.0
4249,0.0
4250,0.0
4251,0.0
4252,0.0
4253,0.0
4254,0.0
4255,0.0
4256,0.0
4257,0.0
4258,0.0
4259,0.0
4260,0.0
4261,0.0
4262,0.0
4263,0.0
4264,0.0
4265,13019.110526910148
4266,4318.58691011374
4267,0.0
4268,0.0
4269,0.0
4270,0.0
4271,0.0
4272,0.0
4273,0.0
4274,0.0
4275,0.0
4276,0.0
4277,0.0
4278,0.0
4279,0.0
4280,0.0
4281,4164.666364613519
4282,4009.598846833328
4283,5932.563526259617
4284,3270.5446799412457
4285,6043.362950544772
4286,4834.51538123007
4287,5685.142232119245
4288,5836.068016834889
4289,4748.085562454138
4290,3157.057510080809
4291,5342.9890729992185
4292,5117.2619492916465
4293,4366.638633756239
4294,5429.435684729362
4295,4917.724700644115
4296,3276.6330440630422
4297,4157.338896184765
4298,6861.093014936282
4299,7725.354963639163
4300,6580.6612927807855
4301,7462.427879824652
4302,3560.8395646000267
4303,5285.412736794715
4304,2051.699885661862
4305,7844.841944017623
4306,7807.30926647023
4307,9555.99171863528
4308,5847.1739746781095
4309,2642.2427643655624
4310,4446.227756878812
4311,5540.625883954933
4312,7499.483329105116
4313,3882.008313203174
4314,5439.629906339383
4315,4566.272862987654
4316,5766.118803811131
4317,2522.29153227521
4318,7266.0490523512735
4319,4248.000310719075
4320,7509.962979925086
4321,7001.643265609089
4322,3402.3069018316573
4323,8523.354426221238
4324,5913.6734079520165
4325,4934.02005721971
4326,3535.262207214304
4327,7299.827274707661
4328,10236.35836792508
4329,5520.691301443911
4330,5039.31103136905
4331,7998.685419057701
4332,7281.0574299218415
4333,5925.211756700088
4334,6511.237550215987
4335,2142.901080091337
4336,2420.136488880812
4337,4512.208359562822
4338,5704.403001502334
4339,8852.065745265456
4340,7854.220454585675
4341,3963.9791807259417
4342,7643.592456938362
4343,8606.538443301233
4344,5310.38154574614
4345,2872.715706400051
4346,10506.72944078335
4347,3469.2402497390676
4348,4055.7056685408575
4349,7234.429073757963
4350,4131.163267452597
4351,5398.400904469753
4352,2825.2540470955473
4353,5583.941203473026
4354,4918.306696656132
4355,5737.041432075314
4356,7951.223992528501
4357,6790.66079597492
4358,5677.986062273538
4359,3284.106549812643
4360,7315.791367519323
4361,12043.218268465851
4362,5116.0355538438935
4363,2751.5473069010277
4364,6515.921156240161
4365,5970.964467403607
4366,7611.807448846451
4367,9818.811199284155
4368,2165.0816019172566
4369,7484.505490779253
4370,4521.049148787344
4371,5773.710800393261
4372,6813.865346253398
4373,2401.672061428533
4374,4419.26562524532
4375,5152.821979886054
4376,7816.020746257608
4377,7317.232749272409
4378,4232.755906276669
4379,4116.536754937472
4380,6888.798031797474
4381,6201.202592720443
4382,5470.887219737036
4383,6527.9212150589965
4384,4250.723296203478
4385,6771.049350218728
4386,4253.540988332858
4387,2966.3449662755274
4388,5162.15990044195
4389,6015.741229817067
4390,6113.280637122704
4391,7102.846504827928
4392,7618.272085817668
4393,3903.759710220274
4394,7573.84449545888
4395,3056.5035356079597
4396,3697.403633198886
4397,7992.472640173272
4398,6936.126069628552
4399,7327.825244363091
4400,9198.019837650676
4401,6790.904338442608
4402,5208.776209781571
4403,6773.42098978934
4404,7177.588449452083
4405,3976.226056879172
4406,2658.872989294678
4407,5273.029429686274
4408,4389.701040232979
4409,5494.745366989833
4410,3264.5603177169965
4411,5583.964258684949
4412,6480.263621474901
4413,5945.784954632236
4414,5713.099118636262
4415,2843.6083269334154
4416,6108.143018327423
4417,6850.053051881641
4418,2978.525721404263
4419,5438.108173365709
4420,3494.4230591091336
4421,5215.7256850304675
4422,3496.2196421693748
4423,3991.8943617279397
4424,4636.726931267705
4425,6996.587879067463
4426,5723.052695019333
4427,7267.396108687684
4428,12563.03624497019
4429,3455.923120591962
4430,4801.288740686627
4431,9650.765079743303
4432,5175.218949969032
4433,7809.428481765927
4434,6418.436463634978
4435,4830.317264300168
4436,6279.078466793413
4437,4217.373965350153
4438,4600.691903829862
4439,7819.283584579809
4440,4872.109691787764
4441,2707.2148817158945
4442,3248.121354544074
4443,7355.487183721663
4444,9416.081058159949
4445,5837.605432774409
4446,6272.944459899144
4447,4288.913881823127
4448,2377.7750177637527
4449,1742.1128122141806
4450,3573.515370151125
4451,5175.899166854243
4452,6835.970276584226
4453,5220.9125556077515
4454,7253.046498442551
4455,7716.9720087551
4456,7489.86545506137
4457,7037.533950534404
4458,5025.405452165945
4459,7897.769974527719
4460,8904.571051156174
4461,3455.8756845844464
4462,5122.837111943432
4463,5096.925686539219
4464,6369.467408180235
4465,3049.4901853698852
4466,4999.512044356492
4467,4568.718589015775
4468,8762.697303680025
4469,5646.7216205859495
4470,7728.294800816745
4471,6584.186228419823
4472,4543.959927014954
4473,7695.760602930075
4474,17125.661944600135
4475,8108.326764567883
4476,3605.079827245862
4477,3180.3141599016694
4478,6156.113910582222
4479,7385.032333243469
4480,4101.325848236885
4481,9130.64860398696
4482,17120.978137323844
4483,5278.835936288646
4484,2417.4295658680576
4485,10253.746830320775
4486,3173.47069815299
4487,5553.089421227076
4488,3309.5421201829517
4489,5899.952032200017
4490,0.0
4491,7219.338183764501
4492,5339.11148496416
4493,5003.752975644323
4494,10366.999084237632
4495,5703.751233035868
4496,5922.116103467936
4497,6776.985394830555
4498,5595.182075835966
4499,6401.13525029376
4500,9334.451016657587
4501,4777.4108989985125
4502,5519.416024707228
4503,4057.253783050515
4504,3200.5181147173575
4505,5270.822865011373
4506,4595.2758565038475
4507,4645.292817796346
4508,8723.189463534933
4509,7667.552110106875
4510,7379.71916902181
4511,4174.262734330119
4512,4026.7796103756395
4513,4147.537955094883
4514,4742.211932879617
4515,6180.733585911114
4516,2505.7982440900764
4517,6402.29575112081
4518,5262.771295466298
4519,7595.596169378006
4520,5667.041932228986
4521,4153.375103202998
4522,3152.4501672782085
4523,2473.6311579994995
4524,8301.21289621304
4525,6141.639582612404
4526,5607.168155968015
4527,12265.06474234713
4528,7594.032412737705
4529,4277.5703298067965
4530,5318.116718444974
4531,2408.573176716164
4532,3971.4445212823675
4533,3935.18635761176
4534,3736.964778997359
4535,8604.678485117884
4536,4567.241411376905
4537,8836.040436643712
4538,10434.162197108108
4539,5801.812926807794
4540,5504.529936478654
4541,5057.146669034214
4542,4824.035200213186
4543,4669.51023740939
4544,11576.838547229532
4545,6050.173738745046
4546,6668.1670812074435
4547,3028.6133889041807
4548,5210.368306796321
4549,5289.34108806348
4550,7560.772169712838
4551,6230.894974724297
4552,5222.047532248109
4553,6325.604844356384
4554,4696.14768419945
4555,8049.990613964737
4556,6266.495125144372
4557,6417.185960461285
4558,8996.46678063216
4559,6848.526573363178
4560,8513.878011947008
4561,3634.65926097302
4562,5510.819015475271
4563,4627.428389907039
4564,8396.790955357143
4565,7045.647760755169
4566,7080.626953525363
4567,6089.036849727968
4568,7740.237082408214
4569,4658.008950132513
4570,6236.038560449829
4571,6151.425286767073
4572,3076.199788014065
4573,12334.351413046099
4574,16397.61221062687
4575,7425.669216233712
4576,6313.525681412051
4577,6943.205157834919
4578,7914.373245471971
4579,7759.61555908551
4580,2659.793537331445
4581,4363.174798227033
4582,5204.405638842533
4583,7931.183877165348
4584,2510.6453424438114
4585,3990.3185726937427
4586,4895.579098761363
4587,4576.693946361337
4588,4598.093365407953
4589,2718.420073666172
4590,2898.9118269010914
4591,7059.329609765331
4592,3617.3763416789157
4593,4453.671876103726
4594,5542.177827138792
4595,5035.659455031161
4596,9020.89690269927
4597,12944.257432327404
4598,4757.566834601407
4599,7296.449920920215
4600,6022.857732030164
4601,10060.07224177718
4602,4870.734825563213
4603,2617.6360295249137
4604,5566.7425632815975
4605,11177.986245322178
4606,4021.0247173459725
4607,6820.9186811458
4608,1967.1292597257495
4609,3765.2592530294455
4610,6647.671117765905
4611,6288.947986355419
4612,5611.985369596304
4613,9202.830953368855
4614,8518.719194913436
4615,7861.16618137503
4616,3762.12700659512
4617,11169.686745353989
4618,1910.0353662635341
4619,3412.4735103229687
4620,6388.346205987785
4621,4413.193194143197
4622,9851.780258441859
4623,2575.058898914438
4624,5031.231675277597
4625,5343.728030535907
4626,7597.58209503683
4627,9628.754701867878
4628,4826.389941189295
4629,2603.9228587523658
4630,7559.765702540543
4631,9435.520222988296
4632,4179.358879486315
4633,5497.176933147496
4634,8420.563903854925
4635,5771.810611423806
4636,4921.053304034461
4637,3521.113455495994
4638,7677.8717848270935
4639,4162.9820420655615
4640,12656.18691866903
4641,6810.90906310301
4642,14131.14418027197
4643,6451.120393337736
4644,4206.858062447299
4645,2019.3040208303157
4646,6184.631356071602
4647,5935.4524419156805
4648,5374.703355820883
4649,9095.450709391014
4650,5570.290741744826
4651,2724.186767476245
4652,6763.341805564815
4653,3229.889208630773
4654,9173.48110405386
4655,7060.94431005358
4656,7018.015716180819
4657,7686.975647619721
4658,4474.279235473779
4659,7073.775745823576
4660,7457.351932965921
4661,5355.459900725557
4662,6655.733671095363
4663,4430.853290865307
4664,8617.378539657564
4665,6168.801547486609
4666,3324.0544714578537
4667,4799.244700367291
4668,7875.49202786147
4669,5542.689853587711
4670,3663.8722722428993
4671,4997.692957124157
4672,5345.868605508052
4673,4672.764125022287
4674,5311.236104233993
4675,9510.114523569971
4676,4322.33149330874
4677,3233.0065680148614
4678,6129.786920283125
4679,4926.455706298462
4680,2789.9960905307935
4681,4789.6075689714935
4682,8819.499905993147
4683,6970.53708106819
4684,10427.862919808316
4685,8203.744290256021
4686,6758.399517190022
4687,5722.735637944981
4688,4391.082864475814
4689,9788.84878241315
4690,7477.3379520026865
4691,6548.868152627322
4692,5028.288310049536
4693,5326.227560886625
4694,4525.193782694885
4695,2137.350828798974
4696,11682.848494924823
4697,5398.221012297662
4698,5589.651097505062
4699,4635.94232419545
4700,1384.4303316183216
4701,7519.428580669867
4702,5972.929306609313
4703,6139.179834531192
4704,3816.82496503584
4705,5885.8875898697115
4706,4987.257058648033
4707,3997.6887803557165
4708,10022.537745969661
4709,4226.985985960564
4710,5056.1801751701
4711,3432.4293533386644
4712,2519.3641434840306
4713,4618.70078667061
4714,13494.425969322994
4715,4353.701406403802
4716,5319.258934626864
4717,4940.980926081528
4718,3708.6946907639513
4719,3181.5071407830374
4720,5921.829296927665
4721,2556.986432486733
4722,10069.270868579937
4723,5539.051027778061
4724,3008.0029361265224
4725,7962.016086412315
4726,2345.8781353429645
4727,3671.668124412812
4728,8386.432608014686
4729,7673.7379437362815
4730,8274.870964608628
4731,2312.285747501271
4732,4577.339361146815
4733,4366.724632871457
4734,3781.5303015985432
4735,16284.541286497395
4736,11644.807920015493
4737,4943.411174567875
4738,2949.2442172854594
4739,5155.17618245301
4740,4285.581590054935
4741,2469.9837795390035
4742,7472.8872224357365
4743,4529.682390175603
4744,6244.117749566543
4745,6563.374770554967
4746,4704.569821294543
4747,4929.38042423743
4748,5461.931899595638
4749,7010.850334521971
4750,6614.355337245864
4751,2647.774605059585
4752,5655.7439188352055
4753,7231.162340119696
4754,8157.503765903118
4755,5685.498863299228
4756,7183.522790975574
4757,2126.480772945261
4758,9156.811934977086
4759,4762.717719505673
4760,2701.6839429550528
4761,4166.774633356888
4762,4162.640267736894
4763,4555.875062848481
4764,6588.099771796389
4765,3852.3928971570763
4766,7458.419697077606
4767,4726.968159145689
4768,7525.259318144824
4769,8688.691107276754
4770,4820.704079246051
4771,7420.407085875353
4772,6164.324123119114
4773,2646.735890650091
4774,10212.83489085907
4775,3634.001263548249
4776,3004.5768123634734
4777,6018.648110905058
4778,16062.684199841133
4779,8656.479988771409
4780,3440.673550187073
4781,4247.006087157741
4782,7023.842988833714
4783,6619.269354828313
4784,4018.4299606958407
4785,7936.219148795707
4786,2774.4456497482593
4787,4350.192321191604
4788,3554.171410752426
4789,3317.18333372281
4790,2476.5945950251016
4791,7672.027482558837
4792,6518.984389447712
4793,5335.6851638628905
4794,4959.000264205192
4795,7559.451661612288
4796,7757.553593489512
4797,4755.914638978973
4798,4418.113530776224
4799,4630.516033114971
4800,6954.084458861562
4801,4791.088153826604
4802,1954.4789063388084
4803,5776.936615904488
4804,6885.721078232499
4805,6071.085716234327
4806,5335.131356558064
4807,2679.0367916369883
4808,10205.721065736885
4809,2549.2488049467506
4810,8645.12774903882
4811,4931.718709092386
4812,4341.512807045446
4813,7452.919258552888
4814,3754.7937107714824
4815,4322.367372688563
4816,9609.445571491004
4817,2508.9049268547014
4818,6299.129997338924
4819,9010.606988410102
4820,6466.454433578072
4821,2526.1296123270536
4822,4860.956997554675
4823,3820.867144027307
4824,2160.317260569345
4825,4796.2770554631825
4826,6113.675686247974
4827,4585.572498305901
4828,4626.537909927313
4829,4861.575670032146
4830,4501.925987028581
4831,8508.237420922975
4832,5199.309196668054
4833,6111.045970517423
4834,3829.3630119895606
4835,5479.0656759334615
4836,5935.401591966683
4837,5848.80148247648
4838,7533.979383786936
4839,7804.363660100706
4840,7880.129804522203
4841,5028.482326657375
4842,4945.413816454847
4843,2665.298975448216
4844,5121.2249336805235
4845,8575.904893742283
4846,6480.923203567921
4847,6160.4541670120525
4848,14221.987539626243
4849,2961.099642020956
4850,5540.242200484074
4851,3963.688097985733
4852,8136.5482180099625
4853,9406.005783202303
4854,7169.3042148041795
4855,7476.48290812491
4856,7336.698039658758
4857,12957.553243953806
4858,6319.056554945909
4859,4842.642173777336
4860,2143.060964613203
4861,4780.498099954647
4862,3208.0575098839645
4863,2926.1244267123257
4864,6875.112609708299
4865,17544.25645464448
4866,5126.435634650437
4867,3036.0284899256376
4868,4317.142976878287
4869,4142.089442316115
4870,5377.639246777349
4871,2020.889641453224
4872,6169.715233739664
4873,6599.896560971224
4874,3250.6195385305145
4875,10709.443248932897
4876,11239.704693309619
4877,3402.830106057666
4878,5174.9474201535795
4879,3938.171868964579
4880,3656.1866903530185
4881,4047.3478065437607
4882,8584.584525200802
4883,3782.970735393682
4884,4313.748478274513
4885,5096.332713055762
4886,5124.358115837404
4887,5003.8591189389135
4888,6972.079742382583
4889,3084.33389935408
4890,7977.0006960138035
4891,6378.422046972403
4892,4721.898066439335
4893,4007.836911120042
4894,3645.631155264736
4895,4636.888560408965
4896,4071.2822805949695
4897,9018.990760987124
4898,4169.632405942133
4899,3661.98130679861
4900,6204.56717340951
4901,4965.64540540502
4902,6110.549003710614
4903,5357.223830395255
4904,5916.08016941919
4905,9875.284567543227
4906,6782.269859591957
4907,5791.719529123179
4908,3585.756830935102
4909,4222.770480218064
4910,6874.33599256423
4911,3568.2843424487573
4912,4482.737829148034
4913,4825.770548502227
4914,12132.245430697467
4915,7072.344459997464
4916,4225.0990827633295
4917,5717.582779712082
4918,4890.691717328228
4919,6225.821772674383
4920,5184.569520748208
4921,8511.001501903567
4922,6371.454523214045
4923,4795.283673434959
4924,5744.837663545544
4925,1768.252827965063
4926,3953.360125083025
4927,21055.11656843909
4928,1995.5593576411297
4929,4642.813967577432
4930,6269.7415599961405
4931,7095.649262998506
4932,5197.6140570594725
4933,8264.101231349216
4934,5602.92857289125
4935,5843.750905664525
4936,2678.6027467144395
4937,7455.243997404902
4938,3640.8831858491308
4939,6226.4790272641
4940,9022.940087746276
4941,3463.3971799395754
4942,7737.416878331476
4943,6267.908718946466
4944,3180.157455603892
4945,5920.541286887361
4946,6354.968606976113
4947,2579.223315598548
4948,8133.139691328498
4949,6161.1543918956795
4950,4534.009085961702
4951,9480.246905981627
4952,8192.751408089656
4953,6489.397889115877
4954,4600.477265806196
4955,3465.452110244534
4956,4871.249793396632
4957,0.0
4958,5677.768667981744
4959,2280.455787517318
4960,5505.918083138056
4961,2787.0869969125138
4962,4751.252716649558
4963,5545.567992828237
4964,4348.452754761375
4965,4991.070885916376
4966,8276.116084520916
4967,5011.187473184041
4968,7011.14143091061
4969,4950.336827547943
4970,5848.664606094611
4971,8712.05135664431
4972,6687.682590721235
4973,4218.199467548856
4974,4857.923027059696
4975,4956.43335850858
4976,4642.3404243886
4977,12886.072752995236
4978,6184.245909133881
4979,5510.66270109245
4980,8368.815409788052
4981,6376.80933005926
4982,1888.2597975118251
4983,9307.544525463434
4984,7758.199871906688
4985,6370.365016137271
4986,6628.209261054107
4987,6531.690686265851
4988,8878.075222052892
4989,4974.982874682118
4990,3900.865680646574
4991,2811.141634417283
4992,5800.1604887158965
4993,7421.564681994995
4994,2817.8093895661887
4995,7543.76560294068
4996,6574.103904516413
4997,4579.376263228749
4998,6971.299157034597
4999,4291.935192402173
5000,6416.568896384422
5001,2353.9595599666404
5002,4184.67194080336
5003,4543.35353689418
5004,3407.7953382814812
5005,5895.359268625214
5006,6703.547357776889
5007,7942.169050903923
5008,5655.396330635888
5009,3865.848487700974
5010,5637.755823759388
5011,6479.7317851231455
5012,6996.963426992196
5013,2884.2117079845357
5014,2606.6885166678308
5015,8508.590669086525
5016,5667.047682261282
5017,3687.6714022958636
5018,7055.188789215391
5019,7249.171921595456
5020,6033.492062578829
5021,4924.940115449906
5022,1695.6510959005752
5023,5915.721517938226
5024,5568.041757849688
5025,5082.090189728051
5026,8400.428158014534
5027,6662.5965055599145
5028,3374.09605522555
5029,5458.350551090936
5030,2765.7524537774293
5031,1025.54963800712
5032,6029.482076315988
5033,9254.016711768916
5034,5204.301668843178
5035,3994.973951773497
5036,2999.2927015870864
5037,5112.740674468533
5038,7242.7338596349855
5039,5627.508140767785
5040,8289.81485517115
5041,3687.1210351697987
5042,3920.9472454076604
5043,2840.8264094269957
5044,6268.5998378201275
5045,3178.2921501227934
5046,2389.8563830060443
5047,4251.417292868497
5048,3538.578040786927
5049,7262.178391555844
5050,4221.401119805726
5051,4948.75788465689
5052,5023.807570233258
5053,7597.627042434213
5054,4576.6184315245555
5055,3725.0636779732467
5056,9335.097671142114
5057,7018.471517165152
5058,6901.674939834678
5059,1987.3182252694808
5060,4619.425615044697
5061,5162.704309147296
5062,3756.4780224897654
5063,8937.311696290744
5064,8350.271315612283
5065,6117.542017405142
5066,5931.294051863814
5067,5686.773322683578
5068,7489.420466015536
5069,11608.92084297579
5070,3083.290243563337
5071,3544.5180597165418
5072,4629.6975160898355
5073,5142.193963891198
5074,5243.427105229118
5075,7584.690898286523
5076,6503.456159329295
5077,6865.576415414486
5078,2703.998897043951
5079,5936.915795321446
5080,6095.049332847561
5081,3183.2322623988202
5082,5742.426807369874
5083,3059.539098806508
5084,6843.7669379545
5085,5032.438728730822
5086,4985.592933093981
5087,5638.384760696363
5088,3809.4175873371946
5089,4812.769560688617
5090,6623.325173070782
5091,4621.442009908061
5092,8092.054465212203
5093,5185.207774636347
5094,8264.96304800001
5095,4817.2410636539635
5096,3646.8545644112655
5097,8132.433334246474
5098,2745.53408763278
5099,8973.117615788042
5100,5129.459973219525
5101,4609.805950102571
5102,7236.019711139469
5103,4680.3040596712535
5104,3792.34252447608
5105,6082.71289618825
5106,2985.9307276475884
5107,2926.432279106798
5108,5670.514816303732
5109,5786.2982550955185
5110,10144.829405065566
5111,5806.796381684538
5112,5049.684899177733
5113,3725.215160793131
5114,6038.968226696545
5115,2927.097058947088
5116,9824.535563430343
5117,6761.809391506206
5118,13701.396281828598
5119,5653.96362575965
5120,5000.659484303429
5121,7356.557355539925
5122,7065.315947602639
5123,2700.532598061591
5124,8360.981991660985
5125,6449.159816491192
5126,5319.315597790775
5127,6042.82829251039
5128,4595.564820965252
5129,2869.291441077756
5130,5406.940027648864
5131,3680.3995167430303
5132,2797.428716222455
5133,7576.557870847985
5134,5428.929981517178
5135,22802.359884828267
5136,7310.605293873243
5137,3686.0695061765573
5138,5693.193891167473
5139,8208.561292071272
5140,4794.672487474769
5141,5861.507107241867
5142,5205.942088311053
5143,6385.170661383055
5144,5800.32302267313
5145,4457.209765579032
5146,4607.96979055657
5147,5741.67754410578
5148,6530.352283925227
5149,6049.108758604893
5150,5689.349163767093
5151,4295.894814891317
5152,4047.176133865936
5153,4562.995248159196
5154,8147.776778317606
5155,8547.137355397814
5156,6992.105085255374
5157,6718.969090696265
5158,3095.6773887667173
5159,5471.817997525998
5160,2762.542814210168
5161,6942.101497347945
5162,8801.726994999986
5163,8894.04976186074
5164,4473.289669413338
5165,3549.4762390639926
5166,3753.820421974418
5167,5179.858809028623
5168,8168.202975658572
5169,5332.943237920252
5170,4639.683759527347
5171,4391.932651248671
5172,6426.551940369395
5173,3276.874305885318
5174,6611.0471455859715
5175,3647.6451524813247
5176,7324.3023313577805
5177,6782.869159573968
5178,4752.6996116782375
5179,7639.616261538208
5180,5679.291533864489
5181,4269.35236781131
5182,5714.403838233388
5183,6338.931259035784
5184,9905.799812540921
5185,5218.812298238283
5186,5905.717389722536
5187,6562.140382357428
5188,8085.64935361672
5189,6025.302434375269
5190,7562.434644301277
5191,2762.2429950697638
5192,3972.3804320099953
5193,4885.485549954763
5194,5745.648266387186
5195,9266.783565927884
5196,7325.9744366483
5197,4459.933711435466
5198,6296.442861552797
5199,7598.506473557205
5200,7619.454218197174
5201,3500.6758982653405
5202,10866.461052477316
5203,3736.26402525116
5204,4487.773610380574
5205,7062.07869783191
5206,4080.0124667454193
5207,5037.7192399595515
5208,5338.541387496372
5209,6150.602677372144
5210,4679.5365046735005
5211,5241.542564624056
5212,7268.503982877798
5213,6586.582009412939
5214,5512.071862763415
5215,4338.193680596261
5216,6742.195590793466
5217,11228.990370610933
5218,5678.675396906907
5219,3788.836319057181
5220,6319.036822518396
5221,5786.617195366581
5222,7157.115164632693
5223,8341.14247509952
5224,3493.6708870246784
5225,6735.774288803354
5226,4948.351658416946
5227,5977.064350009614
5228,6318.662496638367
5229,4538.171681989256
5230,4669.717827361122
5231,4747.918779322926
5232,7195.536458997789
5233,7984.800908643552
5234,4465.905045967225
5235,3759.45857899968
5236,6187.729217047991
5237,5435.252894669172
5238,5325.552877848362
5239,7451.0231160256835
5240,5221.611423592161
5241,7001.495043754134
5242,4228.73999123873
5243,4257.15355931934
5244,5217.676019669556
5245,6709.931375124956
5246,6035.660173375658
5247,7312.92226820207
5248,7051.386093091612
5249,4497.394449542847
5250,7653.445134593415
5251,4532.732195516094
5252,5199.556918009835
5253,8220.263148569355
5254,6294.3793249561595
5255,8573.53511944124
5256,7279.452783490099
5257,6816.013704000869
5258,5532.0011599173295
5259,6721.139121148887
5260,6557.468660394702
5261,4613.504482768556
5262,3064.040159292122
5263,4676.524851862299
5264,5963.10090211016
5265,5175.625613703425
5266,3750.050753803362
5267,6745.816045412443
5268,5696.8147687500605
5269,5583.264307236102
5270,4845.9091133793745
5271,4424.997751318033
5272,5592.251347279314
5273,5841.549098235223
5274,3961.3102886315396
5275,4970.604407983362
5276,4178.568095000263
5277,5575.082124347063
5278,3370.6450218904242
5279,5786.6976588491125
5280,4056.349811011637
5281,7619.73334695969
5282,5975.718954565751
5283,6197.47966892385
5284,9663.614810618872
5285,3193.5095946151505
5286,4819.644673931545
5287,8828.959575216175
5288,5795.864533540159
5289,7562.0161565955095
5290,6951.197792965426
5291,4722.918685800761
5292,5748.919307801942
5293,4849.245963348409
5294,6215.60392267254
5295,8596.885701484525
5296,5345.552963720699
5297,2625.793590824759
5298,4047.7370158985536
5299,7318.197755675599
5300,8353.553590745845
5301,5317.649844490163
5302,5907.571350909401
5303,4267.232989299645
5304,3436.687049925062
5305,2844.16865296438
5306,3927.588262224522
5307,5539.251072537191
5308,6078.095659839703
5309,5874.185822484214
5310,12879.01655109383
5311,7117.600989924041
5312,7961.151848363555
5313,6849.620049078076
5314,4816.322670350547
5315,7892.297818658225
5316,8558.556637361417
5317,4440.467558897673
5318,5997.449764786006
5319,4484.992411956958
5320,6069.738933160095
5321,3459.8739398480607
5322,5202.515725659791
5323,4171.124913871805
5324,8287.1872827241
5325,6309.165045344026
5326,7910.374489614098
5327,6667.476647934982
5328,4933.552819166488
5329,6885.199876050112
5330,16082.62872025311
5331,8092.177114430761
5332,4208.8561510789605
5333,2597.1931754821735
5334,5415.38339902443
5335,6633.685183810143
5336,4784.708251926135
5337,11665.944720026777
5338,18843.623728870265
5339,4139.735950048529
5340,4063.215091171529
5341,7408.846586796132
5342,3912.517945456715
5343,6328.141630827909
5344,4833.588630206149
5345,6062.032487693331
5346,0.0
5347,6816.290769901621
5348,6009.091483569895
5349,6599.863118954798
5350,9322.570287536448
5351,5737.335630840853
5352,5695.749340805343
5353,5747.713335449264
5354,4841.471525365202
5355,4755.727862711986
5356,7945.387486205343
5357,4634.306971038457
5358,5053.293980566799
5359,6050.06411476985
5360,4653.701770244145
5361,4825.253676006988
5362,6003.651785336727
5363,5519.622212177712
5364,9250.236024838305
5365,6632.958345892691
5366,6758.326880759265
5367,5256.156404216503
5368,3308.67154346115
5369,5083.20286731597
5370,5715.008794275394
5371,5175.385845163337
5372,3266.4971107180168
5373,6691.960944268896
5374,5385.155647947345
5375,8653.809721586418
5376,6100.873812534024
5377,4730.752972134692
5378,4224.17380188643
5379,4274.440449216025
5380,8169.313948294741
5381,5822.548964358803
5382,7699.5290079398765
5383,12822.954955238412
5384,7328.09680232791
5385,5189.778417154593
5386,4922.313484806998
5387,4006.289775378136
5388,6380.809967529776
5389,3304.098331746375
5390,4722.938993057836
5391,8621.433393179983
5392,4839.02801160039
5393,12141.732983479458
5394,10703.243550775253
5395,5152.456135550633
5396,5676.109202195104
5397,5803.74412316938
5398,5601.65571289108
5399,4625.399100794137
5400,11219.91423889496
5401,6621.604667906223
5402,6706.359921007736
5403,3483.0323450609544
5404,6680.062726753502
5405,4998.0109699226905
5406,7554.436012034143
5407,5528.1317617395125
5408,5294.6104027286765
5409,6142.895649204159
5410,6093.71300544619
5411,7086.146551811744
5412,8095.89078251833
5413,5658.612690949375
5414,8676.995963560683
5415,6330.586345334162
5416,8081.795024955323
5417,5122.258577792857
5418,4783.864304651144
5419,4380.802585857245
5420,7661.224138284332
5421,5989.10531577927
5422,6781.677407430457
5423,5585.591836615465
5424,7876.140672208417
5425,4497.242426193396
5426,7035.174604272352
5427,5433.506027642309
5428,3599.500559199781
5429,11287.915245602442
5430,15324.742326501884
5431,6883.225224028288
5432,5798.871414437177
5433,7522.531955100215
5434,8341.260464288363
5435,9492.261795690983
5436,4871.8996504049355
5437,6029.507851435027
5438,5069.965222728295
5439,7528.786548917505
5440,3815.325445026256
5441,4637.9365608983235
5442,4636.220504506061
5443,4514.70193346467
5444,6554.255808146163
5445,3881.4250173836494
5446,3439.6436644108103
5447,6579.0423077660425
5448,3777.0845452850085
5449,3758.566946443841
5450,5220.659623910147
5451,5129.512753444551
5452,8416.917918998679
5453,10639.276250973177
5454,5217.880796449181
5455,6243.373376362819
5456,5734.230432358309
5457,9424.928112714748
5458,5474.2703759777205
5459,4933.796925813399
5460,5118.642165252975
5461,8185.972638835068
5462,4102.289372211003
5463,6163.575791562594
5464,2956.110760324353
5465,4060.1777190125526
5466,6407.440936836155
5467,6084.952301514466
5468,5763.764762195765
5469,8931.71878928354
5470,8309.506662011532
5471,10287.282418103656
5472,5006.194247224167
5473,10398.900799513773
5474,2616.0502004494447
5475,4916.894729566389
5476,5834.631986077516
5477,3460.2942296045544
5478,7333.7295444147285
5479,4402.123558826584
5480,4768.115543876449
5481,8049.925072654201
5482,8430.52104088845
5483,7276.885354908538
5484,4868.906046221947
5485,3834.3031446437944
5486,7489.006859252002
5487,7418.152235757029
5488,4347.189769710446
5489,5398.574294144762
5490,5826.790016739983
5491,7429.8619494625755
5492,4289.235322830612
5493,4583.162479300137
5494,7295.697611429101
5495,7110.929659728139
5496,11100.779001738292
5497,4924.730530982611
5498,12557.535833025138
5499,5948.827486325141
5500,4412.335348638172
5501,2905.232126651889
5502,5049.095574498666
5503,5936.935124624027
5504,5140.571017972049
5505,7489.663144306955
5506,5249.029460254931
5507,3849.2074831979435
5508,6428.097429074886
5509,3137.244162019691
5510,7896.424275250538
5511,6341.062079036669
5512,6838.874296554289
5513,7264.341032983875
5514,4484.10417794572
5515,8273.877882288622
5516,6304.816577800114
5517,4988.43131701299
5518,6193.809068874697
5519,5021.355163765026
5520,8443.936538704345
5521,6030.317012879276
5522,3776.7554021682017
5523,5812.8371364569875
5524,7593.003863666935
5525,6132.269710842327
5526,4832.251631710906
5527,7368.932384322473
5528,5106.012270033502
5529,6014.643695501975
5530,5508.591627142663
5531,8700.74005316106
5532,4657.9646527373325
5533,4827.107672513567
5534,5848.853710322023
5535,4337.763177448198
5536,3524.410114777453
5537,4928.440960886719
5538,8627.122328225272
5539,7435.234592256967
5540,9963.219075782039
5541,9059.350615819563
5542,7145.527047000662
5543,5219.388267432175
5544,4810.377511883693
5545,9367.907164733138
5546,8919.843037053186
5547,6478.803036223256
5548,7077.888590633254
5549,7900.741766521997
5550,4709.100079234074
5551,3076.5474755573296
5552,10016.406683334282
5553,4645.309882800813
5554,5358.114663288693
5555,5100.236540222254
5556,1834.8151094106356
5557,8663.558717533799
5558,5888.008973453567
5559,7536.3075594756665
5560,4930.323928912172
5561,5039.029619747094
5562,5771.493573617298
5563,5515.606074945728
5564,6879.058593537448
5565,4624.223359476141
5566,5026.12129513151
5567,3177.9698591093284
5568,2575.2000093846627
5569,6052.163128235324
5570,16460.421861821596
5571,3882.9290778840746
5572,5102.442666876117
5573,5624.455053713545
5574,4831.2075722734035
5575,4307.954069961922
5576,5335.483808711588
5577,3239.2434764895434
5578,8559.912142306579
5579,5822.221897208152
5580,3657.0033367704114
5581,7599.663959751222
5582,3360.244815100279
5583,4319.7385192193115
5584,7707.167398656875
5585,6863.610141578501
5586,8178.334469658862
5587,4134.48541409003
5588,5259.8891842963285
5589,4166.143916660882
5590,4503.870583222324
5591,12468.157290294474
5592,10424.895573468064
5593,6193.400591318111
5594,4375.689810045289
5595,4235.660062520739
5596,5638.771458900758
5597,3904.419594198175
5598,7789.770390721887
5599,4318.389334918102
5600,5804.174073482386
5601,6503.4449691102445
5602,4395.096614550548
5603,5561.378865254796
5604,5213.1140117708055
5605,7213.71803769968
5606,6295.74672586744
5607,3493.082159262452
5608,5385.653086932323
5609,6849.633618558093
5610,7518.985351847123
5611,7782.267399899754
5612,6668.860253468703
5613,2951.7224663073307
5614,7902.325728135129
5615,4911.521432563123
5616,4275.569671417317
5617,6179.711487019418
5618,6556.633003324187
5619,5439.48930226048
5620,5395.194183386373
5621,5570.136344202372
5622,7636.541148591469
5623,5092.7939054965345
5624,5925.766893591406
5625,7978.656234238097
5626,4684.231426397564
5627,7745.78009610853
5628,6228.559620177389
5629,4221.37791627343
5630,9910.509981708292
5631,4564.497137532149
5632,2732.8610468155866
5633,6872.529293836858
5634,15784.74361864662
5635,7497.748056318245
5636,3598.7144064810473
5637,5184.762773981945
5638,6513.707080832505
5639,6164.79222575247
5640,4832.085123026038
5641,7230.407287861619
5642,2647.700221584382
5643,4740.102131076551
5644,4784.737062383323
5645,4253.701525433794
5646,3461.8583954053865
5647,6842.902234973456
5648,6267.298811452113
5649,5228.162326511494
5650,6443.496431816116
5651,5710.582832790782
5652,7733.801214821589
5653,4790.637178369384
5654,4507.206298718731
5655,4878.9591102169
5656,7033.162547823386
5657,7647.372460814389
5658,3065.5383558032104
5659,8067.819308963199
5660,6745.079199693433
5661,6204.695320510686
5662,4257.468866310368
5663,3379.655866681348
5664,8704.064226073162
5665,4084.605643683496
5666,7615.37038472583
5667,5786.053523792142
5668,4496.975151132701
5669,6921.507927559409
5670,4948.61531968857
5671,4564.382354104355
5672,8295.522752281146
5673,4287.5812957225835
5674,7358.63449464544
5675,8946.771854253611
5676,6320.325124411991
5677,3939.2867868884828
5678,4532.419657782633
5679,4086.2730078478135
5680,2714.859100950144
5681,6734.3743302782395
5682,5516.439947929829
5683,7914.403042855188
5684,4273.82051840875
5685,5073.780972577025
5686,5217.719160094978
5687,7197.2585793804765
5688,4870.657170712385
5689,5772.368892386957
5690,4084.35012297292
5691,6249.184697583755
5692,5474.804362764263
5693,6232.9430205754215
5694,7167.818437482962
5695,7597.761395495679
5696,6803.037135165023
5697,6057.657554897599
5698,5494.286094382985
5699,3912.7123077989672
5700,4772.968438032689
5701,9504.658464772694
5702,7388.354778685076
5703,6295.039931472456
5704,15081.840675273428
5705,4497.271592958687
5706,5288.172348601884
5707,4924.794117285044
5708,7861.474143071916
5709,8955.228459915486
5710,6071.435537604661
5711,7035.236065023058
5712,6975.917529544603
5713,12474.318850440655
5714,6045.687706939269
5715,4851.2798498963
5716,4589.601857638156
5717,4577.337072451389
5718,3140.02340752785
5719,3974.6263552966275
5720,7160.829997578284
5721,14376.077258882524
5722,5571.560798725086
5723,4316.875740653236
5724,6146.948909928123
5725,3738.15474078575
5726,5495.510721704562
5727,4080.602366808565
5728,7647.291227469686
5729,6303.359450819964
5730,5718.137244149063
5731,11001.691989117886
5732,12225.01926898087
5733,4615.305317918197
5734,5712.251402807574
5735,3695.6183203764945
5736,4764.922439179194
5737,4864.384661518656
5738,8194.661935909144
5739,4303.9031892238245
5740,4145.422548756363
5741,4998.9323427389
5742,5097.875970443031
5743,6552.114088378275
5744,5698.38429788064
5745,3837.6977574456637
5746,7137.031766100756
5747,6865.796262931069
5748,5897.297061158621
5749,3901.1863141607964
5750,3388.120625050683
5751,6670.53358054884
5752,3862.4579584224107
5753,8710.253430325243
5754,3948.3384103321478
5755,4398.812913459336
5756,5912.576034460379
5757,5043.646391418783
5758,5511.498363148249
5759,5856.78774949361
5760,5806.651363406606
5761,8622.632813214861
5762,7725.803379255531
5763,5545.6310927180675
5764,3618.324467764443
5765,4753.86210195352
5766,6724.841622805811
5767,4269.8733680408595
5768,4755.452514656046
5769,5457.754484106084
5770,11292.030029323252
5771,6334.663617653357
5772,5744.986539597915
5773,6574.521804330638
5774,4240.790117900732
5775,7918.177633247228
5776,4367.263004402762
5777,9867.976446436236
5778,5433.874572561798
5779,4732.268505324352
5780,8568.82975173195
5781,4123.300849012602
5782,6135.442676405977
5783,19757.58721559701
5784,3420.97394760379
5785,4634.430708009286
5786,8966.054475365594
5787,5840.219183279856
5788,5226.497142862512
5789,7556.180266192483
5790,5443.484865529215
5791,5469.077610302343
5792,3702.821624085117
5793,8090.532738732318
5794,4847.253767705976
5795,5870.620362844339
5796,6772.527277157108
5797,3700.5839468972918
5798,7228.110755359603
5799,5765.400987184252
5800,3677.8966117062696
5801,7324.449708878522
5802,8865.540283323218
5803,3608.2079112372994
5804,6550.473102175216
5805,5897.694887384558
5806,4501.955406199837
5807,8771.324909127175
5808,6516.044420197815
5809,7456.387117996248
5810,4477.866939363473
5811,4401.048680773491
5812,5458.56477562052
5813,3629.1447052113667
5814,6511.290843930718
5815,3341.66915255807
5816,5453.040688513499
5817,4408.931338607525
5818,4679.8936391048455
5819,5516.325122926447
5820,5762.413512272059
5821,5356.859373865717
5822,7973.578742915222
5823,4979.734988073525
5824,6411.285445448671
5825,4884.071697205835
5826,7169.65820817329
5827,8019.999951929014
5828,6115.111890249205
5829,3304.1361728322336
5830,5166.685960430383
5831,6125.739251910823
5832,4231.634383396834
5833,12509.32181370996
5834,5685.761799154152
5835,5406.884106258067
5836,8794.772666101644
5837,5946.126619934212
5838,3064.0776613939893
5839,9135.867180979849
5840,8435.634022683624
5841,5095.986334645132
5842,6224.904461632334
5843,8101.551417745991
5844,7906.218778989319
5845,4523.640139033303
5846,6150.2085655701285
5847,3601.032065840982
5848,5552.374696978258
5849,6408.3291984605485
5850,4161.532962768996
5851,6512.409658440066
5852,6395.1681216832385
5853,5307.993316564415
5854,6235.604521960704
5855,5011.7943785883335
5856,5130.349474781275
5857,3375.3948253606677
5858,5387.70613276846
5859,6060.869463208556
5860,5311.604651708646
5861,5291.541959082324
5862,5870.2181724939555
5863,8111.590414350327
5864,5028.317804598525
5865,4032.3803517206047
5866,5381.533576476289
5867,6384.71444700944
5868,5928.961875057298
5869,4204.68288911231
5870,3645.653271558897
5871,6207.038582873087
5872,7189.705574326804
5873,4681.619506240157
5874,6693.68669824795
5875,6991.829188108714
5876,5008.649792996091
5877,4785.662486043931
5878,2777.4453106846145
5879,5620.392076882039
5880,5978.873481742121
5881,5663.740854466916
5882,7672.127559139308
5883,6652.641515854185
5884,4322.881979789407
5885,7147.261810886713
5886,3040.1425994080805
5887,2248.7225450834703
5888,6604.066755654145
5889,10184.16691493109
5890,6375.99820944256
5891,5526.51525828499
5892,3258.7405750886364
5893,6023.835733218786
5894,6374.822046816678
5895,4685.94693188965
5896,7368.97081228788
5897,3937.0622514404445
5898,3944.759546511769
5899,3674.4244137470055
5900,5173.78355208949
5901,4805.620315696391
5902,3947.793250121902
5903,4169.795274315629
5904,3576.5176561439407
5905,6717.552302667813
5906,5753.071009299922
5907,4702.454223064804
5908,5321.404934680613
5909,6415.127093223668
5910,4400.912356820493
5911,3913.8307488982705
5912,7880.034087991064
5913,6416.14884563705
5914,6351.73023974737
5915,3312.2230519140326
5916,10107.121027730855
5917,5946.668821550101
5918,4334.925787483676
5919,8568.726250238775
5920,6247.845846096746
5921,5915.319462635851
5922,5351.845104761774
5923,6094.476572079144
5924,8553.91903422099
5925,11456.090086117174
5926,4174.641689427317
5927,3601.479322698037
5928,4611.283486243709
5929,4995.112684713791
5930,5049.844342564399
5931,5977.356695200216
5932,7505.418849397911
5933,6308.146734157195
5934,3695.203703605194
5935,4778.553489856149
5936,7434.826783512833
5937,4331.334265497134
5938,6011.714414482494
5939,3266.722971951091
5940,6824.356906511962
5941,5879.131738324721
5942,6298.025668956223
5943,6722.312393167822
5944,5610.445731185941
5945,4220.864298365734
5946,5852.847942016084
5947,6675.597754555637
5948,7456.816932133736
5949,6448.601820466128
5950,7181.9719117863815
5951,4893.775565130338
5952,3999.0269862560285
5953,8526.08570285749
5954,3555.9577165413443
5955,8870.69696035292
5956,5302.610074804678
5957,4065.8289479437203
5958,6176.18923180296
5959,5409.856638096862
5960,6010.036091975084
5961,7409.8532987531535
5962,3594.866235882993
5963,4131.300025344167
5964,5747.065662505348
5965,6615.707500598905
5966,9368.337222704395
5967,5343.886003641911
5968,4859.871015709252
5969,4390.914155412455
5970,5897.855657783121
5971,4277.742327753129
5972,9107.194104201228
5973,7264.682056775228
5974,11561.005035470213
5975,4408.4727088632035
5976,5392.414199731049
5977,9193.917221222073
5978,6881.4567027596895
5979,3904.128680137375
5980,8782.199792461553
5981,5862.019040215802
5982,4762.805140860217
5983,5690.674737830588
5984,4173.529236932901
5985,4603.70573305267
5986,5342.885048525268
5987,4096.335612404343
5988,4165.979812066958
5989,7305.889476601098
5990,5754.906334388964
5991,20416.515657785156
5992,6432.88507906485
5993,3555.656892625728
5994,5636.743479259998
5995,7701.789558976025
5996,5786.157160620811
5997,5737.929266512521
5998,4987.204552275796
5999,6411.492295688182
6000,5859.312757713413
6001,4371.6114139312285
6002,4448.795558320498
6003,5400.188819412483
6004,6522.310248777873
6005,5938.009769275095
6006,7070.059958514013
6007,3863.1691890849957
6008,3680.4595195637858
6009,4198.116678811325
6010,7591.23816532281
6011,8528.536441554015
6012,6939.808364427639
6013,6429.0849799719645
6014,3689.827724162773
6015,4835.889437599895
6016,2710.771080305525
6017,6554.844415895678
6018,8477.339905842859
6019,8747.859476385056
6020,4176.482182240717
6021,3723.8777618097984
6022,3921.3565644058435
6023,4856.8138300199
6024,8141.118058236732
6025,5120.645127283513
6026,4402.2599269455495
6027,4061.039964679383
6028,6743.564040671097
6029,3143.328767542028
6030,6038.868756417722
6031,3312.0715515551506
6032,6754.798120822428
6033,6595.366786855238
6034,4514.683509442819
6035,7164.349778057746
6036,5579.851694412137
6037,4242.414038162287
6038,5746.79659060359
6039,5726.107356275496
6040,9645.458854954944
6041,4954.020265448282
6042,6228.233116393007
6043,6560.866052384623
6044,7529.27878270004
6045,5821.669824012995
6046,7318.677384973414
6047,2804.73666990741
6048,4267.814849751764
6049,5036.534105878689
6050,5199.854787961135
6051,8602.48760914992
6052,6774.659745131415
6053,4276.181331936121
6054,5960.622537438128
6055,6769.825189978103
6056,7647.679822754332
6057,3225.418984792651
6058,10755.651379713627
6059,3754.183149896902
6060,4175.042982173317
6061,6857.822384119883
6062,4156.655583765571
6063,4857.511133734264
6064,4809.924679832973
6065,6050.389205574089
6066,4415.02032550804
6067,5074.831044535421
6068,6948.4601951602945
6069,6410.324830064831
6070,5432.095276843968
6071,4261.289490768531
6072,6324.045996735577
6073,10478.79697729475
6074,5545.576395495847
6075,3972.561579690312
6076,5896.969991136742
6077,5613.741516456002
6078,6639.635215175376
6079,7498.013751619177
6080,3304.185395976973
6081,6294.708577137926
6082,4896.321531299637
6083,5610.387363902969
6084,6236.700192214849
6085,3477.8679785391987
6086,4495.463575987468
6087,4355.483964472109
6088,6972.409145056054
6089,7773.989316372099
6090,4546.960875658565
6091,3705.8727964947498
6092,6057.2597833350255
6093,5076.7518425735625
6094,5136.377676534161
6095,6383.164967289041
6096,4833.50447356526
6097,7168.198102827431
6098,4263.571505620243
6099,3866.9714644775026
6100,4914.91906280345
6101,6668.44899131141
6102,6223.647139085072
6103,6896.782544800622
6104,6447.291015129256
6105,4217.19321228071
6106,7251.4627819108155
6107,4311.6487955562525
6108,5243.350652621052
6109,8162.753415857269
6110,5724.49428328727
6111,8519.842435162667
6112,6673.551526391071
6113,6273.878484791252
6114,5376.936424824496
6115,6223.6511248081515
6116,6031.776092004633
6117,4355.859158197927
6118,2906.5914027382346
6119,4758.956249251131
6120,5944.858936723241
6121,4675.945453781603
6122,3454.5271411402155
6123,6659.202507309745
6124,5824.010313041035
6125,5308.251474343317
6126,4596.066498091384
6127,4468.936980677189
6128,5800.687085268236
6129,5915.137739073764
6130,3937.2717527813493
6131,4647.035912195608
6132,4075.4059237928323
6133,5323.729922932582
6134,3238.343022792686
6135,5068.34010905843
6136,3971.6821089353502
6137,7105.333487165037
6138,5593.108316438786
6139,5943.892481514448
6140,8765.288207828044
6141,3412.0345525129133
6142,4495.535871842966
6143,8432.129575389361
6144,5014.325069874374
6145,7204.989586929868
6146,6531.087194700975
6147,4462.472426712491
6148,5495.543218141839
6149,4453.340295534715
6150,6798.803096564973
6151,8891.306680818505
6152,5431.511457024997
6153,2514.8221995112726
6154,3934.5214259929103
6155,6800.62451573743
6156,7071.080286826519
6157,5017.2879387204
6158,5853.505545971909
6159,4282.10129560633
6160,3680.4190900329454
6161,2698.113519764713
6162,4002.1771612300354
6163,5090.060928370386
6164,5886.422550390806
6165,5876.297051694533
6166,10774.261716220086
6167,6764.217858685405
6168,7551.101221993035
6169,6636.875245333111
6170,4442.477682354672
6171,7863.279164624174
6172,8122.613939141974
6173,4227.8791303065145
6174,6044.946063722947
6175,4301.649219231087
6176,5528.974840824422
6177,3091.996821614952
6178,5625.532449856017
6179,3702.742976054287
6180,8343.75061919622
6181,6081.202462348145
6182,7505.649160939081
6183,6658.794477370738
6184,4715.374271649634
6185,6500.952661708647
6186,16662.85007267219
6187,8030.460443938556
6188,4287.152415563428
6189,2291.5128363789813
6190,5025.71799730855
6191,6696.7663010258075
6192,4469.919456879578
6193,11931.087583776898
6194,17650.749596700607
6195,3780.586389668676
6196,4090.979298552045
6197,8237.195692235142
6198,3645.937983350256
6199,6274.06706903184
6200,4921.117907506041
6201,6117.456430265945
6202,4224.043570860296
6203,6141.870973500363
6204,5342.286134691452
6205,6618.160942311214
6206,8748.879818292642
6207,5331.95581614997
6208,5182.196455220199
6209,5694.9772727463305
6210,4658.266926604713
6211,4290.452326757955
6212,7543.498681924493
6213,4496.81372220952
6214,4714.3068337618015
6215,5607.841628418085
6216,4878.12742884403
6217,4805.24122510476
6218,6097.0382987883195
6219,5400.240885189305
6220,8303.835259641695
6221,6266.159057194935
6222,6488.718703622859
6223,4839.415495730898
6224,2976.13468189281
6225,4978.234075022351
6226,5753.625841367609
6227,5027.469144234077
6228,3036.076847074955
6229,6584.494149944466
6230,5570.046957371827
6231,7885.6061347204895
6232,6257.239094234096
6233,4469.945146612548
6234,4377.123179201819
6235,4069.692964531279
6236,7816.333473357524
6237,5008.22024199473
6238,6740.052182484171
6239,13333.16313549828
6240,7058.868401861726
6241,7039.763931039129
6242,4378.366776767111
6243,3790.8065599780784
6244,5790.687023447489
6245,3109.933463872838
6246,4987.063792903291
6247,8967.747509244698
6248,4445.066968947014
6249,12372.990147463044
6250,10862.156431843925
6251,4637.0097805420755
6252,5577.099280726946
6253,5727.9522321036475
6254,5451.8974175042
6255,4442.469272199138
6256,10886.798164323349
6257,6204.442840101678
6258,7087.854255261826
6259,3462.739743106274
6260,6491.744519430994
6261,4595.01830208639
6262,7246.946807210323
6263,5130.755741458427
6264,4856.014805886569
6265,5778.729174533932
6266,5965.030826032332
6267,6176.052199658693
6268,8693.0443353709
6269,5115.254938831326
6270,8230.27758238232
6271,6020.446643464786
6272,8247.375133837111
6273,4919.588205728892
6274,4707.133915496132
6275,4237.146509456504
6276,7365.454597877926
6277,5426.690121254437
6278,6629.178685551324
6279,5337.597732293405
6280,7185.943587860459
6281,4112.931327470962
6282,6973.228337716468
6283,5682.015326977748
6284,3573.862255163229
6285,10611.37097432299
6286,15742.713874069243
6287,6132.36289577352
6288,5421.734364704105
6289,7459.360893960919
6290,8217.245493976205
6291,9748.528486013845
6292,4439.488551699768
6293,6091.997184403783
6294,4694.366759503956
6295,6679.36285233161
6296,3534.7667618477326
6297,4588.829294237827
6298,4207.8366216638215
6299,4280.771400953614
6300,6138.289768780811
6301,4116.207880076742
6302,3496.125339148121
6303,6253.9739174171755
6304,3436.5435328719404
6305,3550.77388171437
6306,5227.258513943816
6307,4858.0554799804895
6308,7796.209154879017
6309,9896.489506099919
6310,5452.2607860696035
6311,5960.691778501558
6312,5469.868706716571
6313,9974.640884287503
6314,5764.830931840639
6315,3963.823441589613
6316,5051.7521381818715
6317,7178.679849534197
6318,3936.0152424421326
6319,5871.88904335514
6320,2999.6768303490685
6321,4206.144032101873
6322,6517.832967780655
6323,5793.361993036984
6324,5277.350921281119
6325,8440.571607125976
6326,8164.400245447012
6327,10745.823818722416
6328,4971.117948516507
6329,9448.110882669223
6330,2560.615846571082
6331,4361.278853977055
6332,5210.552990450606
6333,3203.9706893351326
6334,6325.6738057433095
6335,4190.609384828199
6336,4676.15291816634
6337,7290.116775640234
6338,8970.30691653749
6339,8509.262821140293
6340,4503.550650475451
6341,3741.165219243415
6342,7599.804824243028
6343,6614.3311661691205
6344,4692.720039751345
6345,4951.7802502796185
6346,5434.489732896609
6347,8055.550995557226
6348,3807.950240641097
6349,4897.572976741807
6350,6720.5512502576785
6351,6483.233860282984
6352,11602.23731059412
6353,4381.769944160973
6354,12257.447033456743
6355,5690.48209805292
6356,4228.059208723967
6357,3008.871181558312
6358,4909.764843551425
6359,5720.624862547503
6360,5078.631443518143
6361,6287.626553840378
6362,4709.908606430829
6363,3936.1334904290848
6364,5865.718064846021
6365,2986.6367648401774
6366,7624.146248670113
6367,5899.814790282889
6368,6580.203483666219
6369,6909.789553518241
6370,4310.032692656784
6371,7908.551365820338
6372,6151.052771035538
6373,4908.475901010576
6374,5675.74443647114
6375,4821.281800828144
6376,8467.308650714738
6377,6140.577764012043
6378,3863.673694484684
6379,5638.8590325649375
6380,7054.544745435057
6381,5740.401609933038
6382,4671.075609535575
6383,6730.2514697171555
6384,4870.9311615532415
6385,5445.211084570481
6386,5302.701139517167
6387,7585.376020199375
6388,5274.576520036794
6389,4847.955782154287
6390,5146.533904565812
6391,3951.0095207077243
6392,3302.055911635793
6393,4615.802836381452
6394,7989.065199559042
6395,7424.422342938574
6396,9127.119370800814
6397,8653.763783176058
6398,6729.7424964601405
6399,5288.621028474684
6400,4951.766377776204
6401,9226.858658795743
6402,8586.72173202717
6403,5651.8326024963335
6404,7229.83822958504
6405,6928.397137665079
6406,4635.823514017022
6407,3248.00369506308
6408,9458.786806598535
6409,4588.607689071792
6410,5412.259213829976
6411,4894.633337929116
6412,1949.5785330913047
6413,9053.501693185071
6414,5722.770592458697
6415,7261.1434239198425
6416,4426.032833981091
6417,4628.299702833647
6418,5758.992098954109
6419,5814.830069311434
6420,6116.03695859402
6421,4825.871855474289
6422,4721.136388649604
6423,3208.4230546018225
6424,2542.247529235935
6425,5797.811316326485
6426,16412.171483444577
6427,4042.31169332389
6428,4813.519692729045
6429,5429.348230048765
6430,4475.318633624643
6431,4311.876592739467
6432,4725.500046791482
6433,3244.2954712389746
6434,7929.924961231956
6435,5579.6024885851075
6436,3424.524181476713
6437,7040.568131711607
6438,3226.6648123737796
6439,4154.765358284926
6440,7095.944692272703
6441,6511.05916704339
6442,8586.357481754709
6443,4123.479635393515
6444,5433.219809548861
6445,3951.189187738407
6446,4294.858717843347
6447,12615.858036492573
6448,9812.58474379462
6449,5808.84250095171
6450,4574.8950074823915
6451,3909.220923535809
6452,4964.219352202991
6453,4824.215241181387
6454,9408.941907545117
6455,4245.052421151528
6456,5690.42454807891
6457,5836.840183984367
6458,3853.9980526272657
6459,5627.447373573491
6460,5561.225813454776
6461,6765.2345265811455
6462,5841.337896743791
6463,3286.4260410935194
6464,5240.422121492866
6465,6229.521775066812
6466,7315.948193618455
6467,7399.008489738642
6468,6141.728362907294
6469,2883.1345337109483
6470,7642.464974880721
6471,4753.7753425187275
6472,4006.6744040796693
6473,5621.540385047539
6474,6357.62186080182
6475,5353.082960155357
6476,5103.947462260576
6477,5411.9110804167885
6478,7036.998361178132
6479,5052.748295176718
6480,5841.708250194844
6481,6974.571506850581
6482,4451.438539421524
6483,7511.257357268898
6484,5635.5685357463235
6485,3912.338163122685
6486,9374.849937705932
6487,5000.221217915879
6488,2785.1615213675504
6489,6405.616529598054
6490,15258.059888006122
6491,7701.688102161198
6492,3621.497634538835
6493,4707.435739263278
6494,6044.745856738957
6495,5973.860631445016
6496,4419.624408502402
6497,6891.19467409541
6498,2610.7335650663454
6499,4668.203128026518
6500,4821.0034138451165
6501,4377.050289391848
6502,3261.443801092882
6503,6321.347749460288
6504,5987.480292661807
6505,5015.2279457139175
6506,6593.880629249475
6507,5214.057474755487
6508,7293.675742753174
6509,4342.0596601770385
6510,4348.11992184283
6511,4775.655689237938
6512,6997.980532870372
6513,6477.27310927359
6514,4364.66252093501
6515,7737.700789291367
6516,6422.251225984465
6517,6270.379570791648
6518,4090.1675829369055
6519,3394.1705110675484
6520,8326.249574764632
6521,3904.2267025018523
6522,7198.5593192153565
6523,5538.197181042251
6524,4749.896118017879
6525,6482.494138340297
6526,5360.478256548676
6527,4675.660332765299
6528,8129.988457812239
6529,4351.041843550586
6530,7513.791027392543
6531,8543.147310404913
6532,6101.168405177877
6533,3840.443183194795
6534,4249.246220786326
6535,3743.291628784926
6536,2637.390513581478
6537,6679.708858140519
6538,4927.210933371165
6539,6974.148366859249
6540,3879.9223235374106
6541,4872.133706505463
6542,4964.79635606076
6543,7246.564130657898
6544,4318.670314614588
6545,5056.875610071988
6546,3913.248719672075
6547,6111.54112954376
6548,5195.549911837287
6549,5993.146043308482
6550,6528.831754855998
6551,7751.238552947751
6552,6429.971955420872
6553,6016.4730241157595
6554,5079.7313918531645
6555,3742.118342169213
6556,4350.8842907582275
6557,8548.469430006433
6558,7396.040888513663
6559,6438.8720323117
6560,14178.154908365208
6561,4372.909471369991
6562,5313.8720133293555
6563,4994.808666216334
6564,7125.480577830638
6565,8248.085812602174
6566,5259.773252032968
6567,7188.789341746009
6568,6548.347220924873
6569,12249.98569414272
6570,5779.995064821134
6571,4431.3898383444275
6572,4213.854816116297
6573,4266.3936389140645
6574,3165.6439895313665
6575,3877.9606337348173
6576,6833.365751682341
6577,13833.632048241558
6578,5406.110601423299
6579,4362.017990008436
6580,5588.3941530757875
6581,3636.578470380702
6582,5021.293451100395
6583,3824.6200805075987
6584,7924.1454274090465
6585,5952.193056043018
6586,5149.3170513821715
6587,10951.783441220916
6588,10832.041590085853
6589,4771.494266763983
6590,5584.472824649773
6591,3774.680666308578
6592,4633.491651795777
6593,4851.92563910586
6594,7906.6881624035595
6595,4029.170852307357
6596,3768.6188708670466
6597,5093.49600672783
6598,4927.103304128953
6599,5862.514751269114
6600,5474.88894775734
6601,3832.4201287779847
6602,6425.534815787745
6603,6631.226116491955
6604,5739.3567305810375
6605,3610.851274703332
6606,3139.599127104666
6607,6822.550496520978
6608,3411.386687596372
6609,8340.432929952056
6610,3796.5988219782685
6611,4173.070655210117
6612,5570.178380718955
6613,4816.429986303973
6614,5252.2470721006
6615,5455.6659731412
6616,5791.95243626737
6617,7951.014318945339
6618,7467.019252196653
6619,5085.511258483897
6620,3618.439244992011
6621,4754.720541388658
6622,6568.204907646157
6623,4235.249967498443
6624,4842.10925442258
6625,5316.756138870384
6626,10886.71366555018
6627,5925.1341348921505
6628,5408.164494658311
6629,6844.334370364173
6630,4181.704021395735
6631,7673.980598967537
6632,4460.834599862705
6633,10344.05934112104
6634,4914.838975366891
6635,4484.799022268884
6636,7526.644832397284
6637,3512.274955779476
6638,6466.995078773634
6639,17317.501130688765
6640,3206.4284264755956
6641,3958.70458425643
6642,8255.368627537668
6643,5668.594742916541
6644,5199.095598378464
6645,7102.192151755856
6646,5171.540472850028
6647,4938.5159994947135
6648,3838.568729113566
6649,8121.799570573666
6650,4671.25597166335
6651,6003.5136951704335
6652,6121.840517713201
6653,3642.6809164386214
6654,6829.740427082999
6655,5006.043361992702
6656,3635.847050316358
6657,7391.829757798128
6658,7325.745271167029
6659,3559.1508627414364
6660,6328.463623836749
6661,5396.042204701451
6662,4074.1495119567985
6663,8014.919414257414
6664,6045.840744553191
6665,6943.420514350804
6666,4174.719033185571
6667,4023.631345785045
6668,5540.300481125492
6669,3411.810274983414
6670,6405.811901987743
6671,3278.1544188452453
6672,5241.744330519312
6673,4191.5795478394375
6674,4506.785265054525
6675,5620.050942866604
6676,5609.728465941676
6677,5144.406013087917
6678,7002.821954353024
6679,4607.546313821581
6680,6197.7223660567615
6681,5237.896672396827
6682,6016.953877363998
6683,7789.658057381888
6684,6175.2863205691565
6685,2801.0382329363997
6686,4797.745844533568
6687,6242.183145006868
6688,4143.33955586904
6689,11399.639367369773
6690,5367.804561984339
6691,5515.96444721964
6692,8512.605655411691
6693,6062.13822352488
6694,2840.917894255871
6695,9026.354442265258
6696,8053.124199797558
6697,4766.4436639607575
6698,6138.12159766803
6699,8692.339499182179
6700,6986.585626673777
6701,4165.884299243939
6702,5338.979535109124
6703,3536.490446670118
6704,5136.981443273919
6705,5868.172836072258
6706,4111.297072428119
6707,5596.1417716074375
6708,5607.1972911252105
6709,5371.938795983785
6710,5907.868764142022
6711,4958.628799202479
6712,5144.172792600635
6713,3704.1163099667183
6714,5142.600272625963
6715,5530.188409272255
6716,5266.637900840785
6717,5248.387466415261
6718,5323.046956289814
6719,8039.657115818816
6720,4288.733184285444
6721,4021.8499709472217
6722,5041.332191475257
6723,6196.724392914876
6724,5676.760429442981
6725,4019.7908796673823
6726,3531.4396387691604
6727,6029.242732802983
6728,6857.08220271721
6729,4366.986848862293
6730,6458.678138826724
6731,6361.905526401321
6732,5010.37853165952
6733,4524.085459821187
6734,2999.4883172732098
6735,5342.384055546802
6736,5295.818868403865
6737,5228.668792823823
6738,7782.6792179880895
6739,6691.766871627838
6740,4145.330796951273
6741,7481.286264995767
6742,3312.543968115117
6743,2561.5555686818457
6744,6500.843834099389
6745,9930.232297575756
6746,6597.554554567784
6747,5344.909219041508
6748,3291.0556234093606
6749,5598.451929015135
6750,6396.6277376892085
6751,4504.3723007299905
6752,6696.097093230745
6753,3864.7052227468994
6754,4123.17200749006
6755,3397.2789566601955
6756,4527.522424789546
6757,4500.066824087498
6758,3596.418100009981
6759,3758.7798314954484
6760,3411.719988594091
6761,6500.3369576977175
6762,5138.8724381156835
6763,4502.261076853789
6764,5332.21842448149
6765,5571.955026028025
6766,4405.834728978185
6767,3968.180845410867
6768,6987.782786683825
6769,6243.698114701235
6770,6166.174388468382
6771,3251.141457451736
6772,9166.092162565403
6773,5623.503897779952
6774,4067.293222216176
6775,8024.978793600549
6776,5728.55906590544
6777,5816.038124999688
6778,4713.7232406984585
6779,5992.534584444848
6780,7227.897299744353
6781,11275.899365969963
6782,3926.0189068081777
6783,3442.2126280406023
6784,4315.097717396137
6785,5470.474451885344
6786,4611.578885059776
6787,5740.707849420866
6788,7225.140768391843
6789,5993.639785279486
6790,3662.913019333329
6791,4710.587339862234
6792,7799.577662340027
6793,3815.2336753276304
6794,5712.214214988156
6795,3276.262581619164
6796,6371.939758890833
6797,6028.967051872224
6798,6211.590507455676
6799,6728.410269238803
6800,5426.483968127578
6801,3769.505691917553
6802,5669.294418537904
6803,5834.312810302896
6804,7174.710522025934
6805,6221.306510683605
6806,7073.870555579089
6807,4789.480454335266
6808,3786.652304751042
6809,8316.97424180315
6810,3388.2888444184837
6811,8459.671643180274
6812,4859.127615922573
6813,3587.4692197902364
6814,6053.086641026338
6815,5528.682961046639
6816,5768.617139485024
6817,7403.673874724091
6818,3650.6182307771555
6819,3831.3757469080133
6820,5706.873524185712
6821,6367.808249467432
6822,8748.841515993945
6823,4825.567161598178
6824,5117.86535082315
6825,4566.340768525147
6826,5604.276778144875
6827,4325.8252645569255
6828,8244.57118608569
6829,6877.074415129932
6830,11078.328082534365
6831,3949.288148174842
6832,5022.6968321911845
6833,8885.987082505571
6834,7229.017228359955
6835,3594.1872424793733
6836,8589.363215820245
6837,5763.903434871462
6838,4438.135142746886
6839,5280.985163591654
6840,3902.0995113608033
6841,4601.562393482592
6842,5106.93990577944
6843,3806.8394690711443
6844,3915.962738324418
6845,7041.494115076204
6846,6218.083400058831
6847,19810.423395491685
6848,5989.309914917562
6849,3627.6123557655465
6850,5690.620610977537
6851,7689.712735192949
6852,4957.661064424372
6853,5748.530639587711
6854,4962.293158079608
6855,6954.077890885454
6856,5958.13284510776
6857,4279.13884565637
6858,4397.728412347392
6859,5212.498100792024
6860,6715.474483874701
6861,5804.835053919666
6862,6277.743181158452
6863,3696.5610045349335
6864,3574.860855004337
6865,4025.6360372933236
6866,7749.915433694265
6867,8391.34901704212
6868,6933.051320741748
6869,6629.363358112163
6870,3153.3102445197105
6871,4635.902560625739
6872,2836.3238432238977
6873,6585.209089399041
6874,8297.840759669356
6875,8753.533686055489
6876,4209.900375480085
6877,3901.3837772149054
6878,3726.4453341045646
6879,4746.32956065661
6880,8606.793478855503
6881,5201.795173303268
6882,3993.412598385111
6883,3970.6804301916018
6884,6962.283170902452
6885,3137.493628308312
6886,6157.254908750536
6887,3251.4281853304865
6888,6313.546148330599
6889,6294.131827429621
6890,4450.622417734187
6891,6880.2170616482845
6892,5496.757445459759
6893,4521.368655813319
6894,5812.516361635144
6895,5467.292233249285
6896,9085.187042266649
6897,4660.459499884092
6898,6286.267036131634
6899,6711.7114830224555
6900,7498.446824829051
6901,5784.6950085752205
6902,7303.242570524698
6903,2685.137328067426
6904,4015.8431094498796
6905,5142.887977443237
6906,4973.484803416155
6907,8478.599193303638
6908,6673.184085109482
6909,4214.096755800436
6910,5482.431392556927
6911,7177.889900070436
6912,7336.459556930188
6913,3309.1165837999047
6914,11406.194406742836
6915,3797.1562889527377
6916,4220.5124712776515
6917,7067.618114904057
6918,4120.008598160158
6919,4805.453080211979
6920,4735.082624500685
6921,6002.567645612535
6922,4156.260877306871
6923,5087.190705436808
6924,6883.554892975407
6925,6417.702950070044
6926,5522.861994510019
6927,4226.63122350688
6928,6294.813479299823
6929,10426.716842795004
6930,5472.584070867468
6931,3985.709443457042
6932,5692.306778515932
6933,5658.881828111012
6934,6729.611841049769
6935,7654.26642732016
6936,3325.6909576233493
6937,6265.901843008581
6938,5269.820957579894
6939,5548.550123115607
6940,6574.600561254717
6941,3735.6813582779837
6942,4043.589013614597
6943,4455.4838615927565
6944,7115.777147035945
6945,7586.370155163753
6946,4552.883626570291
6947,3588.777627166736
6948,5957.548937944562
6949,5014.331537103214
6950,5146.2168426795415
6951,6491.530544138032
6952,4906.332130009141
6953,7180.464868897768
6954,4190.202381702814
6955,4045.2078279397606
6956,4855.219497635567
6957,6091.369335757964
6958,6226.052564961676
6959,6780.164487665983
6960,6695.018821726482
6961,4242.336316257235
6962,7066.325740221255
6963,4725.574060912488
6964,5274.381441235338
6965,7765.2951067840395
6966,5736.238885139318
6967,8513.787855880506
6968,7063.354764403394
6969,6131.65709658326
6970,5001.051625298838
6971,6323.540502079817
6972,5768.382602691677
6973,4330.060344690842
6974,2924.968402771171
6975,4599.503708665673
6976,6099.360231356045
6977,4621.569002841581
6978,3484.359289878454
6979,6536.880313251746
6980,5878.213685254823
6981,5306.791728681561
6982,4607.213230556024
6983,4410.260462838974
6984,5743.446202652999
6985,5826.835981128813
6986,3727.438102871333
6987,4572.060395363261
6988,4151.278590145141
6989,5384.305770418793
6990,3130.6131172812256
6991,4860.041834465851
6992,3950.9904108426854
6993,6999.98151652964
6994,5799.83166564518
6995,6041.394699941188
6996,8816.603644577524
6997,3918.0508639101467
6998,4426.131873260186
6999,8661.845405711727
7000,5450.694922259223
7001,6913.450295574474
7002,6642.146744468154
7003,3919.3840889893736
7004,5294.749359656121
7005,4338.290733684976
7006,6216.593087843731
7007,9099.508492024046
7008,5130.8971953502805
7009,2476.9551450357067
7010,4435.144343548921
7011,7034.331892562089
7012,7229.759492657452
7013,4921.947572608084
7014,5939.7978108211155
7015,4204.62104018664
7016,3523.6821625489265
7017,2728.559693101311
7018,3960.330737645335
7019,4848.206977498857
7020,5753.773875492216
7021,5923.455628210553
7022,11385.041427661117
7023,6723.2979268069175
7024,7219.310495115705
7025,6577.343685188626
7026,4413.589064174396
7027,7851.189416176052
7028,8245.808426902151
7029,4115.952640468746
7030,6021.106772839127
7031,4034.7035416737394
7032,5636.001393481587
7033,2893.77917924132
7034,5578.588510024145
7035,3817.9401936666404
7036,8396.004542794242
7037,5909.102447914223
7038,7313.508502576371
7039,6586.070271382587
7040,4377.024675031348
7041,6607.840563884623
7042,16631.754047387025
7043,7959.557624237254
7044,4346.9713547434485
7045,2307.4248591666537
7046,5037.981146199585
7047,6612.635773203974
7048,4136.0408392579375
7049,11536.320890673333
7050,17341.514530387034
7051,3916.017161527202
7052,3997.466363538204
7053,6840.774067436418
7054,4128.120037906251
7055,6180.3222670023515
7056,4711.958742930145
7057,6136.353962829119
7058,0.0
7059,6524.672473269184
7060,5466.635154667443
7061,6576.031605265511
7062,8828.76916516066
7063,4988.103466116929
7064,4858.347825776758
7065,5641.297888625026
7066,4835.501341277266
7067,4471.719755903945
7068,7689.65192450038
7069,4215.111611353724
7070,4586.300698387072
7071,5858.128952727581
7072,4619.033295127172
7073,5047.135879218072
7074,5897.750512616246
7075,5481.330660815368
7076,8080.4587306480435
7077,6359.065518586676
7078,6130.1811438676805
7079,4770.297427459483
7080,2966.0264628105
7081,5042.805778072344
7082,5536.18707607441
7083,4911.441866946519
7084,2933.5752560703545
7085,6606.971201544614
7086,5474.977258154051
7087,8312.362481815875
7088,6488.593372802011
7089,4195.099069932587
7090,4090.829016909585
7091,3923.160516779734
7092,7475.487405150004
7093,5022.55525274479
7094,6648.092757323364
7095,12824.196322384503
7096,6958.324402822428
7097,5185.590570744847
7098,4040.4959402909044
7099,3878.693066783941
7100,5670.866665348919
7101,3111.054509420608
7102,4886.199264242844
7103,8590.40522829128
7104,4372.3117561719855
7105,12794.089270674465
7106,10897.80826145034
7107,4509.840750759209
7108,5588.867238911323
7109,5729.174675757295
7110,5365.7367655602675
7111,4421.21675993832
7112,10809.612128251829
7113,5972.379555924046
7114,6761.561446455054
7115,3419.9785250486298
7116,6556.056364693276
7117,4316.336881249074
7118,7219.614873684035
7119,4862.283466747466
7120,4779.926844221779
7121,5520.922341292558
7122,5825.449726657265
7123,6306.654043591513
7124,7989.885609358198
7125,5036.393057623017
7126,8373.396121554746
7127,5713.896830562778
7128,8193.203658795159
7129,4898.945082125969
7130,4880.934804027588
7131,4165.714409484132
7132,7486.349985116064
7133,5150.933823137618
7134,6043.790664064775
7135,5469.053544135018
7136,7205.296870724749
7137,3962.9163713269454
7138,6390.762601119281
7139,5392.781054066997
7140,3454.1223780969012
7141,11215.85201960863
7142,15313.32386364332
7143,6372.485100281915
7144,5444.274235239053
7145,7388.862961487922
7146,8067.243403622854
7147,9673.889647850898
7148,4304.960733097735
7149,6141.008028626065
7150,4585.532837146832
7151,6531.838574033245
7152,3432.8121227186125
7153,4588.170520083608
7154,4298.189002705719
7155,4172.416273972376
7156,6197.622188877623
7157,4192.744750707324
7158,3451.4417802818184
7159,6063.244648835963
7160,3174.41942331751
7161,3691.936107214582
7162,4973.136887393755
7163,5404.720149685757
7164,7585.439138238519
7165,10043.999862826264
7166,5186.1114525462335
7167,5695.107932536094
7168,5298.823381942945
7169,9472.958091639062
7170,5793.903011797288
7171,4063.361703384423
7172,5085.220155919917
7173,7127.4904927665075
7174,3917.8572479615773
7175,6031.058394155724
7176,2756.500441981394
7177,4485.693066947931
7178,6302.106016955886
7179,5749.484028693621
7180,5164.661460786065
7181,8356.522918980178
7182,7632.9580404498565
7183,10820.348666275577
7184,4819.343307899895
7185,9083.781224221571
7186,2676.1400943196954
7187,4497.684892367737
7188,5144.236499145894
7189,3090.001196977822
7190,6633.996636002417
7191,4150.351290973056
7192,4732.987641053879
7193,7380.782193586396
7194,8903.03650063571
7195,7083.582348292407
7196,4444.106333639787
7197,3465.3057588989177
7198,8660.649139281737
7199,7344.54999057755
7200,4583.435307312946
7201,4802.778523219453
7202,5552.011832542301
7203,7505.634928606062
7204,4005.906186937792
7205,5023.103486559262
7206,6852.433353552503
7207,6737.646201765373
7208,11197.55394756628
7209,4212.5885747546745
7210,12548.506788031145
7211,5412.432407261959
7212,4087.4959734542367
7213,2604.3571430487727
7214,5057.867216915105
7215,5393.298168997253
7216,4918.4980725435835
7217,5914.818653255451
7218,4734.723153890043
7219,3679.0872917962383
7220,5639.945154315012
7221,3040.236033437694
7222,7688.59120266306
7223,5902.996234059488
7224,6491.491903038752
7225,6853.824155411809
7226,4020.5777888105677
7227,7880.98142452567
7228,6339.104865536411
7229,5023.650661776478
7230,5822.737578403692
7231,5391.755170539353
7232,8386.53045279698
7233,5922.818410020877
7234,3876.364947190148
7235,6090.346309660527
7236,6847.257510244986
7237,5687.655025044451
7238,4742.1335390228705
7239,7079.489728221527
7240,4881.0160316214715
7241,5288.975774208287
7242,5258.958711170827
7243,7376.275820968877
7244,4736.114288747731
7245,4707.4688214347925
7246,5161.353118897709
7247,3859.3849853685515
7248,3355.216636979366
7249,4237.547284208499
7250,7694.054574564452
7251,7216.803882817755
7252,9247.619321699323
7253,8548.04776919852
7254,6333.726814338847
7255,5349.359010481235
7256,4802.793269947369
7257,9584.36810913577
7258,8266.125982145657
7259,5650.014503657371
7260,7160.084536449672
7261,6619.5186980338185
7262,4569.431190554577
7263,3224.9246906715425
7264,9554.971607749761
7265,4726.2043423971545
7266,5528.1617375182805
7267,4749.759937893069
7268,1980.0715291779184
7269,8786.030274303324
7270,5479.852146952841
7271,7127.785715298019
7272,4444.868900572939
7273,4621.614691406848
7274,5665.851076985085
7275,5889.442858384431
7276,5808.34078546683
7277,4946.846190011026
7278,4743.594582426523
7279,3667.014543294526
7280,2422.0526427458617
7281,5709.944976765921
7282,16518.216160852688
7283,3870.9586994449814
7284,4702.92566418662
7285,5817.2838006907195
7286,4342.022203361184
7287,4277.021443268077
7288,4732.453230062107
7289,3256.225231371483
7290,7713.830199839498
7291,5379.094420136511
7292,3526.347464703776
7293,7078.9402244083685
7294,3113.230772478103
7295,4146.081073580716
7296,7121.843098900444
7297,6714.110366401029
7298,8250.050115528005
7299,4024.4925917239493
7300,5222.645254671555
7301,3972.9347560960273
7302,4116.856297637671
7303,13674.614328663021
7304,9830.604380740439
7305,5448.405343716591
7306,4587.326240340465
7307,3694.8881075118325
7308,4906.086823787306
7309,3927.1947093695235
7310,7870.953158872697
7311,4245.696883608825
7312,5610.095416537074
7313,5584.942240958079
7314,3915.0935589259852
7315,5587.667845723071
7316,5392.757038025216
7317,6546.403418456139
7318,5615.420331683688
7319,3273.586037690722
7320,5267.799302889784
7321,5847.707136075542
7322,7343.786789717511
7323,7091.395312716719
7324,6051.344995448576
7325,2940.0269845953553
7326,7730.650780330333
7327,4829.699683875722
7328,3886.79973175505
7329,5405.4309764592135
7330,6004.3310362175935
7331,5378.12990819822
7332,5085.135165738532
7333,5529.319904299468
7334,6984.233682409398
7335,4992.990065536034
7336,5822.2781041477465
7337,6887.640164704517
7338,4403.859036361074
7339,7109.663921956597
7340,5548.159108983686
7341,3907.528105594354
7342,9389.30714174837
7343,4615.621129630962
7344,3052.7779412618993
7345,6280.21602395823
7346,15322.756665653673
7347,7624.6884847456795
7348,3536.566274602917
7349,4498.755348174194
7350,6218.220870431928
7351,6158.863599961561
7352,4300.17711612651
7353,6830.133523738697
7354,2573.076154857445
7355,4646.897712182713
7356,4690.973470181208
7357,4446.535747267918
7358,3086.756706298768
7359,6519.871320462546
7360,6266.40542731605
7361,4966.774035387727
7362,6582.4723899453165
7363,5141.688332981349
7364,7233.3341111134305
7365,4177.203862047652
7366,4425.941463671194
7367,4727.051298572356
7368,6715.813585815723
7369,6936.378399482185
7370,2776.215891143777
7371,7844.701284879568
7372,6371.7457203494305
7373,6061.470222925078
7374,4220.584245563828
7375,3347.797128693173
7376,8524.067916856331
7377,3824.3105855005465
7378,7338.320288972233
7379,5151.4212646922315
7380,4680.11056651447
7381,6103.624405174325
7382,5104.63745300571
7383,4464.988545403328
7384,8156.2029688404855
7385,4022.004829093502
7386,7444.030272368378
7387,8479.046243197903
7388,6142.405917599165
7389,3822.5518262169862
7390,4294.0597940028565
7391,3657.214530574687
7392,2542.15606246847
7393,6590.096578844963
7394,4797.222694498303
7395,6917.070521341354
7396,3708.976868159833
7397,4713.284772434792
7398,4829.797585422695
7399,7775.314102210542
7400,4297.329804849418
7401,5195.8882179687835
7402,3969.0432425237486
7403,6058.976557100634
7404,4830.675905991447
7405,6156.26203355894
7406,6421.746104667548
7407,7755.572101863322
7408,6310.552335561872
7409,5717.163293550844
7410,4638.353124613865
7411,3799.150021174869
7412,4012.11785181919
7413,8737.49384377991
7414,7462.660748794935
7415,6375.402899142062
7416,14260.002962499999
7417,4290.015538133767
7418,5132.705398582795
7419,4855.2162735358115
7420,7048.181624980739
7421,8261.597443951734
7422,5297.618048912639
7423,6924.2619194486415
7424,6515.247275492675
7425,12613.4560909498
7426,5623.899891759726
7427,4184.1170127475825
7428,4207.245061127896
7429,4209.886470939473
7430,3223.472900046275
7431,3867.618921822653
7432,6674.742587199564
7433,13812.22306629571
7434,5453.186022035356
7435,4277.187918563921
7436,5943.70939408959
7437,3472.875089144874
7438,4901.089703220067
7439,3544.5696774432768
7440,7511.183596610457
7441,5876.956731135648
7442,4968.9468009574875
7443,10845.855342421914
7444,11216.417176127674
7445,4533.916273767298
7446,5326.664456109792
7447,3721.0825324407374
7448,4730.746365973311
7449,4903.4846216435535
7450,7514.684007900862
7451,4095.0430504716232
7452,3670.5905144216003
7453,5096.470487691843
7454,4740.435920362975
7455,5890.1577257356485
7456,5305.384266732708
7457,3741.310024878144
7458,6259.464400810269
7459,6569.713063487047
7460,5672.268357734861
7461,3582.3309311301928
7462,3413.816404849857
7463,6572.640154699392
7464,3442.0916143334102
7465,8344.261028439689
7466,3577.9018966974913
7467,3997.520573106961
7468,5380.488717620232
7469,4805.307083015816
7470,5291.6082949429065
7471,5415.275981567885
7472,5967.098186466319
7473,8144.378259858003
7474,7604.486523247508
7475,4898.0773921569
7476,3525.702168896947
7477,4641.780282287631
7478,6485.668506668009
7479,4102.874726887332
7480,4751.843180440698
7481,5197.227896762597
7482,11103.100516446098
7483,5957.308059317282
7484,5189.640726049031
7485,7039.968662526259
7486,4119.413099076269
7487,7585.716697125308
7488,4300.541408586784
7489,10443.96166886519
7490,4861.335478382648
7491,4488.428306803788
7492,7829.7915174354575
7493,3237.381972688087
7494,6565.153487239343
7495,17287.02508528562
7496,3540.4672487018424
7497,3822.093458050135
7498,7893.760172884131
7499,5777.131570444793
7500,5130.832711466737
7501,7236.567676207106
7502,5125.811883031947
7503,4971.121879994411
7504,3627.922915188229
7505,8070.202882938916
7506,4603.0619182207565
7507,5974.028333868455
7508,6407.483196393444
7509,3704.4285968591626
7510,7028.2026193255215
7511,4839.836543386777
7512,3779.074794543611
7513,7152.705917710874
7514,7147.8569328625235
7515,3588.857006694096
7516,6102.697356931386
7517,5066.039838186946
7518,4040.035737659927
7519,7987.747745885773
7520,5849.923520940037
7521,6524.101794674491
7522,3981.8836822009807
7523,3912.3252284273813
7524,6280.400225073104
7525,3063.120870441359
7526,6327.0941479060175
7527,3607.282239981444
7528,5180.000433840092
7529,4215.275981032147
7530,4428.79690577502
7531,5783.1140027102565
7532,5636.018852616422
7533,5025.2328088956165
7534,6872.700617524506
7535,4473.485804602439
7536,6233.606939960762
7537,5420.312187074259
7538,6488.980307288501
7539,7824.304892773569
7540,5950.482794302192
7541,2851.380140869692
7542,4775.6859234047915
7543,6045.405353998959
7544,4224.897360922819
7545,11293.55890243968
7546,5305.220757661677
7547,5290.502795969628
7548,8281.992343963406
7549,5506.997805559246
7550,2799.4009602515807
7551,9111.260936061226
7552,8071.7825239006015
7553,4897.7106602701415
7554,6101.31141104358
7555,7720.403447840486
7556,6814.633244575775
7557,4330.180074971478
7558,5369.533453364214
7559,3481.968467814941
7560,5189.89320765977
7561,5810.79163470173
7562,3979.805015133407
7563,5722.085258137828
7564,5567.590525343115
7565,5335.418638159624
7566,6002.5943909380085
7567,4807.378229607993
7568,5069.989147528309
7569,3255.125387773758
7570,4871.048316731889
7571,5580.6282231500345
7572,4814.6089754151135
7573,5386.83988358216
7574,5418.433736292536
7575,7847.75137038642
7576,4291.743849171929
7577,4088.417160091407
7578,4673.618545683989
7579,6149.302121235077
7580,5714.814241963737
7581,4038.306965527222
7582,3419.7165761297792
7583,6803.246814167232
7584,6716.708720555355
7585,4301.912728795535
7586,6377.157414442411
7587,6445.341679411566
7588,5690.994908143976
7589,4412.4761054895625
7590,2827.0636686571333
7591,5421.702738541138
7592,5250.042268786712
7593,5035.4597777888885
7594,7673.858993900309
7595,7222.677870396036
7596,4257.592253798793
7597,6534.726052701883
7598,3310.5444463468043
7599,2416.385383408405
7600,6431.9218534300235
7601,10146.674195928179
7602,5925.034351723704
7603,5426.781692570885
7604,3183.7279846287747
7605,5796.516531058999
7606,6259.644150647021
7607,4654.377107294903
7608,6365.700553084545
7609,3941.9841572107653
7610,4006.385370817662
7611,3429.285784851708
7612,4397.143868173198
7613,4738.150958065502
7614,3607.5067107564987
7615,3605.062049440139
7616,3446.9090230854495
7617,6654.937600893768
7618,5048.899291603607
7619,4552.119848910667
7620,5139.032300366067
7621,5556.543252669501
7622,4388.379293372299
7623,3883.9640647342603
7624,6928.372551088189
7625,6248.093528451518
7626,5618.918685256816
7627,3288.505939518356
7628,9010.109337978614
7629,5357.4826247573
7630,4037.193502660956
7631,7880.261127928295
7632,6214.275902332149
7633,5820.904459539447
7634,4690.360343928008
7635,6011.29339852552
7636,7410.726753676917
7637,11426.569006115216
7638,3896.8635522644154
7639,3466.5012414808734
7640,4060.5587960536404
7641,4995.84622445195
7642,4311.176282512785
7643,6333.886038980021
7644,6879.472230960925
7645,6107.860874960359
7646,3438.3682416814954
7647,4552.634763444875
7648,7052.779561268517
7649,3861.0494548401507
7650,5618.535881538802
7651,3143.781105843265
7652,6190.144355042435
7653,5937.26287526233
7654,6099.593814577805
7655,6930.419567183807
7656,5373.235400790309
7657,3758.2797768973396
7658,5216.255533847757
7659,5953.174500136899
7660,7131.438397583117
7661,6115.4744235792705
7662,6664.431870925343
7663,4489.667214815781
7664,3763.537031537516
7665,8298.462482050461
7666,3364.908836958017
7667,8368.757197162178
7668,4662.793868172332
7669,3693.621148598062
7670,6104.812692184894
7671,5365.059927486252
7672,5950.232392799603
7673,7449.165245349551
7674,3462.6520571041165
7675,3722.4568754612565
7676,5895.078880596139
7677,6291.181628958692
7678,8894.773541553155
7679,5185.555466887697
7680,4846.978959267877
7681,4425.114158520775
7682,5412.497334836079
7683,4018.6708289661024
7684,8171.579248499275
7685,6844.981996620372
7686,11296.983343413478
7687,4045.372492454337
7688,5073.69126811798
7689,8761.225125184204
7690,6832.306337578013
7691,3599.157058515241
7692,8240.993097513296
7693,5820.530266977451
7694,4519.116031467689
7695,4999.254760560432
7696,3951.0597409480742
7697,4529.620462900211
7698,5077.162571985259
7699,3878.84545383894
7700,3893.1321112741953
7701,6953.014981114028
7702,5751.116115438585
7703,19575.14055042647
7704,5924.235365092861
7705,3664.5854040281265
7706,5777.034608007572
7707,8637.49060366424
7708,5285.231344570006
7709,5869.0721114610715
7710,5308.908766851502
7711,6503.7075063504635
7712,5876.928866638918
7713,4235.025723216459
7714,4582.061858254465
7715,5308.557550234737
7716,6904.5137809604375
7717,6031.517756789772
7718,6312.353832093518
7719,3872.373603446944
7720,3729.4275006013313
7721,3873.3763533441656
7722,7637.1592825695125
7723,8574.399381204767
7724,7131.289301094556
7725,6674.798547768401
7726,3587.667397505842
7727,4770.504992338345
7728,2878.7304942747396
7729,6804.265413291205
7730,8395.90613478507
7731,8935.478788329337
7732,4267.935681611742
7733,3869.849636241092
7734,3954.239955691444
7735,4751.729831573738
7736,8266.042389272458
7737,5396.8554106767115
7738,3957.8561847818532
7739,4039.715686778276
7740,6709.3496200784575
7741,3279.5817920249583
7742,6114.448577461325
7743,3259.037681399875
7744,6408.238470010559
7745,6181.707179359681
7746,4525.067366017501
7747,7033.903674610617
7748,5597.341338959045
7749,4499.4843651487445
7750,6318.967500437874
7751,5166.578602826585
7752,8883.21699307462
7753,4808.9058363653885
7754,6224.904526680637
7755,6510.996942741129
7756,7708.842597966003
7757,5940.474209119068
7758,7304.741695468304
7759,2802.096796148444
7760,4541.846671237466
7761,5133.948465563785
7762,5139.596849568216
7763,8599.070831563075
7764,6701.596940853773
7765,4433.172135527031
7766,5517.202293166962
7767,7364.943865134359
7768,7217.488327417068
7769,3436.701659721931
7770,11136.771117501345
7771,3809.012730476138
7772,4287.597082473155
7773,7019.457308022154
7774,4496.920856618602
7775,4633.188677315893
7776,4798.080468359129
7777,6040.372059733908
7778,4282.059947202389
7779,5221.487486266523
7780,6962.08433413021
7781,6432.463536636117
7782,5590.473293240229
7783,4201.969541415788
7784,6657.322609109615
7785,10514.563643830917
7786,5751.863046590589
7787,4070.595170408005
7788,5607.316078408085
7789,5806.994548772417
7790,7035.226039779327
7791,7965.743713134345
7792,3411.1781378928317
7793,6260.752631203363
7794,5299.697383595809
7795,5556.565073399915
7796,6499.851669825199
7797,4102.44026514499
7798,4332.0113712046095
7799,4458.744187943489
7800,7119.724596335145
7801,7937.2733214732525
7802,4711.423495757553
7803,3717.613068840099
7804,6095.869192237425
7805,5101.843347936635
7806,5144.740387760674
7807,6674.637876593766
7808,4877.4708519997
7809,7372.796760822296
7810,4347.600986704186
7811,4048.4256924622273
7812,4921.212346558066
7813,6074.296932670247
7814,6444.341711230207
7815,6621.5400364585175
7816,6542.052644721591
7817,4289.071768451063
7818,6907.327918485291
7819,4655.812244974396
7820,5220.331882391851
7821,8003.045930079355
7822,5810.182776052478
7823,8959.710313589589
7824,6631.094878512366
7825,6443.719902348469
7826,5218.2591936844
7827,6677.2903787143105
7828,5835.331602352296
7829,4336.303889267064
7830,3033.922884425586
7831,4642.817985601349
7832,6113.181526354674
7833,4567.864575153954
7834,3535.4814325447924
7835,7008.361729553512
7836,5973.500784290961
7837,5442.192250018458
7838,4837.135679412031
7839,4537.194704818978
7840,6033.863781387424
7841,5809.949034909346
7842,3820.9191282198676
7843,4624.150362993219
7844,4262.870668987272
7845,5613.043115332256
7846,3294.708319141991
7847,5881.792010796601
7848,3897.356402363464
7849,6971.2526574091235
7850,5974.440056654758
7851,6330.242919728366
7852,8959.403567137924
7853,3539.468111716733
7854,4415.370291626394
7855,8710.28780501222
7856,5269.031314615906
7857,6721.751129515692
7858,6934.376511849091
7859,3878.187247408444
7860,5498.93022265653
7861,4396.51644790339
7862,6610.190997181773
7863,9122.914634028195
7864,5294.70633724045
7865,2552.7384314281494
7866,3959.2666426284027
7867,7016.6439554607805
7868,7190.12605301388
7869,4923.9491570980135
7870,6019.194103508405
7871,4298.515272870863
7872,3687.715725303274
7873,2851.705707009758
7874,4168.937949281663
7875,5030.011245520906
7876,5745.738896645508
7877,6308.486558078801
7878,13104.741185639297
7879,6821.58842827834
7880,7298.975907228249
7881,6571.438089490673
7882,4426.2037294423135
7883,8076.256037858363
7884,8140.6077026481225
7885,4187.0895157388495
7886,6329.09707544696
7887,4107.983130101144
7888,5647.203366889277
7889,2908.1552305667547
7890,5714.6658579734285
7891,3727.0792349223843
7892,8662.442223781274
7893,6081.767205898825
7894,7202.144042829864
7895,6721.122286142937
7896,4530.280629598262
7897,6524.346762339659
7898,17014.581496955172
7899,7958.108339559278
7900,4512.44013210106
7901,2433.8648229266064
7902,4947.22105958516
7903,6824.806050860574
7904,4344.538949922969
7905,11901.941026085604
7906,17417.710446911522
7907,4057.6501919192965
7908,4071.727641552782
7909,6766.628218898053
7910,3773.118453522487
7911,6165.396597597557
7912,4838.231462071761
7913,6252.278465477891
7914,0.0
7915,6657.56068918209
7916,5640.9546748840885
7917,6680.83554096217
7918,9032.15727905741
7919,5004.084266093278
7920,4899.9005923369195
7921,5800.360158115302
7922,5119.773388538924
7923,4523.208796817145
7924,8001.632796891759
7925,4156.430049768703
7926,4629.41888565944
7927,6209.11306688708
7928,5177.249945056307
7929,4973.082618609663
7930,6144.266387972016
7931,5561.264409631168
7932,8164.288328562104
7933,6775.6029598133455
7934,6681.665327378281
7935,4835.121292014096
7936,2954.0310038431844
7937,4973.464782462956
7938,5872.814465627976
7939,4965.106038371644
7940,3111.4120652018705
7941,6665.605130953105
7942,5443.803152812835
7943,8070.767018811967
7944,6622.110631042682
7945,4303.357573972997
7946,4214.384483000729
7947,4001.262120662583
7948,7774.854650325694
7949,5214.057612639101
7950,6601.27277183742
7951,13431.725262699812
7952,6955.896484105083
7953,5454.817100922499
7954,4094.1528386735827
7955,3897.9097988919443
7956,5677.704698301373
7957,3127.974994599931
7958,4917.576216437625
7959,8874.419977506424
7960,4361.4499458810715
7961,12916.71568478515
7962,10911.623809455863
7963,4581.4672497553765
7964,5644.535170955229
7965,6242.542364903891
7966,5533.857327036904
7967,4519.815183043207
7968,11379.35441529161
7969,5863.738286337916
7970,7213.823362615381
7971,3581.132537207868
7972,6640.6730697203075
7973,4395.927693444611
7974,7456.871467715582
7975,4902.9121156965775
7976,4910.262070912941
7977,5526.716069683319
7978,5955.536747025416
7979,6208.197293373015
7980,8411.053793412359
7981,5102.079549401503
7982,8360.240136883309
7983,5613.322646348636
7984,8402.899264295569
7985,5283.43563495599
7986,4973.465362352881
7987,4118.14478171169
7988,7352.163999459082
7989,5216.809603052277
7990,6017.858416920913
7991,5389.858114781531
7992,7360.5403989605675
7993,4062.690583756054
7994,6967.557323117957
7995,5726.693648145083
7996,3558.595662009306
7997,10690.716231940052
7998,15492.052915311579
7999,6294.425614118811
8000,5359.018438468222
8001,7524.455770330536
8002,8510.777222529505
8003,10077.927492826933
8004,4749.358409429323
8005,6274.922996455366
8006,4672.489478112943
8007,6580.742105436301
8008,3605.7538378042946
8009,4616.270195174552
8010,4212.435638280307
8011,4202.674211588573
8012,6438.57664146928
8013,4236.433102371463
8014,3432.591242474413
8015,6066.0282364320865
8016,3351.399817976508
8017,3676.9194392077584
8018,5375.579068233263
8019,4976.349444173105
8020,7351.369713271581
8021,10595.496555623553
8022,5226.183812756502
8023,5763.702721448844
8024,5340.965836274962
8025,9833.4759274501
8026,5975.041473711055
8027,4028.320962087
8028,5293.714483720726
8029,6950.908593816428
8030,3959.5680841318535
8031,5898.143944843113
8032,2912.4355572547233
8033,4376.252688614175
8034,6393.61191306983
8035,5867.25213037489
8036,5314.329324310864
8037,8322.044558125972
8038,7765.3180724316335
8039,10897.797152560197
8040,5081.058378827354
8041,9151.233261442787
8042,2705.7485325640814
8043,4678.076269877413
8044,5174.276578793683
8045,3176.267449762931
8046,6619.391635937012
8047,4264.398417272018
8048,4960.185261514906
8049,7393.6418931795515
8050,9053.42628364018
8051,6938.07913467102
8052,4561.859504739671
8053,3612.406589880067
8054,8172.838039889571
8055,6678.156937556971
8056,4764.084806688214
8057,4918.432743146805
8058,5381.121662821804
8059,7835.639201500295
8060,3966.0668952694896
8061,5133.667140187264
8062,6777.90348636284
8063,6553.3181545005355
8064,11863.056080872711
8065,4010.4487536145207
8066,12793.842301871618
8067,5604.379886002879
8068,4242.891944982005
8069,2767.508403235264
8070,5154.451176465929
8071,5582.126512333562
8072,4979.425364456702
8073,5754.96617304264
8074,4917.896100518083
8075,3748.51809495316
8076,5551.998087974866
8077,3146.6743199396606
8078,8062.032607383177
8079,6067.73100284708
8080,6875.74033699066
8081,6953.77260556662
8082,4088.2768326759606
8083,8314.11559187786
8084,6542.725610421837
8085,5081.0139594756865
8086,6069.140516623649
8087,4885.979438280249
8088,8380.087998243082
8089,6164.83792172497
8090,4035.8666213201077
8091,5704.25180358222
8092,6785.074262295418
8093,5786.928418684862
8094,4770.930224007997
8095,7094.035738861173
8096,5048.425770508854
8097,5377.203388380944
8098,5500.248353580841
8099,7273.686061116926
8100,5118.740068600832
8101,4964.624100173661
8102,5355.636917753102
8103,3905.27692342997
8104,3474.293356106801
8105,4229.723527796313
8106,7853.341656359924
8107,7702.037378345188
8108,9234.391623920397
8109,8702.323396541762
8110,6406.415379070479
8111,5562.470010575064
8112,5069.762763532913
8113,9714.111525297707
8114,8546.921602237771
8115,5444.749479163804
8116,7291.373382890107
8117,7351.174820843917
8118,4667.700745915297
8119,3482.3296867342156
8120,9911.18464527371
8121,4686.7666583583905
8122,5504.991211201009
8123,4978.375449257859
8124,1954.9828019778618
8125,8729.21390838399
8126,5652.389317428415
8127,8042.337971687907
8128,4639.149305320119
8129,4622.056773911556
8130,6200.036395288531
8131,5686.003736273745
8132,5875.803100031345
8133,5181.34505518302
8134,4889.329911612871
8135,3357.2059379460757
8136,2523.658361365637
8137,5786.139276314413
8138,16899.618550048202
8139,4068.375625718775
8140,4800.596649003449
8141,5578.180729067425
8142,4681.767027397432
8143,4304.616350479714
8144,4797.732445997748
8145,3302.9481359868423
8146,8006.872895869651
8147,5227.663070896885
8148,3680.2128494948074
8149,7172.23972731817
8150,3073.703979396457
8151,4375.643517710482
8152,7144.83914129849
8153,6781.296539578801
8154,8485.058842489228
8155,4318.344308271339
8156,5537.734594642021
8157,3970.49462300636
8158,4261.524497543503
8159,12737.02224579665
8160,9889.014704294797
8161,5678.777125267381
8162,4656.188767410906
8163,3785.7344451003464
8164,5050.951335563989
8165,4091.5995250313877
8166,8318.597614787139
8167,4492.04301791941
8168,6102.453549630574
8169,5423.731712448958
8170,4005.879903382029
8171,5807.574886518742
8172,5621.328280412334
8173,6680.494537060983
8174,5643.875970501398
8175,3412.0657645681754
8176,5490.702132184441
8177,5911.843990879926
8178,7515.258448970186
8179,7349.0016906435485
8180,6232.276738325062
8181,3025.4883685861546
8182,7920.231151005312
8183,4733.2505565566435
8184,3898.3393931536957
8185,5581.089721065982
8186,6232.643691473877
8187,5500.304602674453
8188,5269.017739424997
8189,5654.571243675895
8190,6917.670887817429
8191,5402.372368524848
8192,6022.121244814988
8193,7110.347890128215
8194,4350.124794998367
8195,7368.260210741459
8196,5566.043134225045
8197,3923.3742889597
8198,9373.113535921193
8199,4679.020505331625
8200,2979.18837782975
8201,6585.174978472685
8202,15886.049223269303
8203,7777.15453992509
8204,3568.8626193162504
8205,4662.981710664842
8206,6566.353992664211
8207,6172.706919341321
8208,4403.318090580979
8209,6639.195098083244
8210,2693.5277751669228
8211,4576.848111970377
8212,4585.163249988939
8213,4566.314479546253
8214,3194.715076029299
8215,6711.078961300912
8216,6214.697779458876
8217,5086.174472235475
8218,6604.0484203769065
8219,5155.085016424323
8220,7419.280672517152
8221,4028.440206610338
8222,4503.906253280295
8223,4807.340898650454
8224,6888.162912150746
8225,6668.030268758656
8226,2925.7992056951953
8227,7804.9362411499815
8228,6342.6462086872225
8229,6180.471650678816
8230,4300.463463871744
8231,3429.0243780185656
8232,8800.094947747217
8233,3424.2356993383214
8234,7311.742685956264
8235,5314.655585942325
8236,4875.545557108027
8237,6024.197270086271
8238,5294.592117426613
8239,4442.992115254383
8240,8457.625524007186
8241,4036.5850034733953
8242,7540.325612701931
8243,8398.12162217826
8244,6569.614304338189
8245,3953.168034573899
8246,4375.266338514581
8247,3718.706720642953
8248,2664.244860268132
8249,6802.419804871147
8250,4943.766539378186
8251,7470.3947761839545
8252,3772.004816465883
8253,4732.003923602721
8254,4974.9647404310945
8255,7286.8069462973335
8256,4343.3496132175715
8257,5434.350572281817
8258,4017.011908747608
8259,6413.649129749536
8260,5147.934233811332
8261,5765.992563664095
8262,6370.80677608193
8263,7754.756656858693
8264,6271.91522841566
8265,5973.368068809331
8266,4869.697483654427
8267,3850.912854140916
8268,4176.411554524332
8269,9069.69710724352
8270,7401.947939495166
8271,6718.316903963935
8272,14235.39804982455
8273,4536.976956853158
8274,5460.999062330393
8275,5038.443134454281
8276,7213.792279489341
8277,8184.214859617203
8278,5280.184585790676
8279,7336.373889405774
8280,6495.2159572552255
8281,13784.559866815189
8282,5641.321365654242
8283,4219.8977736164015
8284,4404.459801945907
8285,4277.808123348715
8286,3300.4347178729813
8287,3793.4403450829304
8288,6676.4757200249105
8289,13983.771575993984
8290,5526.288847090214
8291,4238.895273191287
8292,5687.70022746239
8293,3432.2361775139375
8294,4892.696815673248
8295,3617.3978067660228
8296,8053.905542026488
8297,5986.878071896317
8298,5223.936973546197
8299,10674.978399105403
8300,10926.41202497866
8301,4521.7327018930555
8302,5441.807108861928
8303,3744.647242868625
8304,4747.896434540494
8305,5119.029545121569
8306,7696.1731792396395
8307,4197.147075792214
8308,3740.461820238502
8309,5382.874272081568
8310,4863.3309968539925
8311,6209.537291067048
8312,5251.532889976617
8313,3954.4250395769227
8314,6381.15657148675
8315,6851.387870654957
8316,5595.858745914553
8317,3563.759175087967
8318,3321.999156727309
8319,6956.396198036908
8320,3523.834077918236
8321,8512.522276720043
8322,3522.831712565373
8323,4048.7139202899643
8324,5292.691264207412
8325,4834.349324400513
8326,5550.1603951382385
8327,5412.703434258076
8328,5911.091376332524
8329,8152.782559720806
8330,7321.281423307008
8331,4998.171486857662
8332,3746.64741278944
8333,4822.333177864026
8334,6895.261548483694
8335,4507.543650257452
8336,4852.976676670049
8337,5437.267942609195
8338,11369.401678615704
8339,5791.591143343084
8340,5475.706978093819
8341,7006.230945684354
8342,4303.7962479889275
8343,7690.24989103888
8344,4496.168441700289
8345,10584.964668438517
8346,4937.962973463396
8347,4402.397006453556
8348,8282.695642650959
8349,3506.8952756244303
8350,6717.5445136463495
8351,17506.501448737934
8352,3298.029632588088
8353,3792.001572793341
8354,8602.594266874474
8355,5902.7532796655005
8356,5094.7767352275905
8357,7206.765988963533
8358,5119.358466897042
8359,4930.758886684904
8360,3858.9264170070037
8361,8252.29533810139
8362,4671.133566406092
8363,6202.72647170345
8364,6316.089535511736
8365,3874.7427187495073
8366,7166.186185574104
8367,5371.903515843669
8368,3727.034244860836
8369,7486.575674482862
8370,8080.493999746708
8371,3690.7214371933615
8372,6055.0159636339395
8373,5039.0706093823455
8374,4016.297331776711
8375,8131.174389919751
8376,5901.574406613738
8377,6601.220563478531
8378,4103.486204050682
8379,3938.5925668816376
8380,5990.303162686511
8381,3206.3547634642005
8382,6625.332205313178
8383,3451.069384341667
8384,5147.388513911513
8385,4450.891834191342
8386,4462.8546241811055
8387,5842.970339179477
8388,5886.298404016712
8389,5072.330903031656
8390,6897.6539937625885
8391,4482.028590851871
8392,6316.668953815816
8393,5264.272376580165
8394,6029.915810607765
8395,7855.100343660401
8396,6075.187920850877
8397,2791.502055940326
8398,5017.208653167646
8399,6408.404610733915
8400,4337.519174050047
8401,11438.897171025474
8402,5440.526550038304
8403,5418.945048262053
8404,8327.21294438256
8405,6074.444177849488
8406,2853.0321591262264
8407,9470.966065066388
8408,8157.795993794539
8409,4915.055249109872
8410,6284.416398212186
8411,8758.725143414631
8412,7115.874324122274
8413,4543.956978047058
8414,5545.051276747131
8415,3550.587240485213
8416,5358.037449834412
8417,5697.114910522877
8418,4152.408387631671
8419,6291.469779784821
8420,5530.75219142629
8421,5567.629750535108
8422,5824.754841938897
8423,5085.446559923416
8424,5174.457112258908
8425,3445.1815361055947
8426,5025.723518734933
8427,5685.849811988417
8428,4969.683122880941
8429,5446.795721794125
8430,5774.528385364505
8431,8353.271951548111
8432,4309.622007282328
8433,4223.275747578349
8434,4892.911374009126
8435,5878.849058108061
8436,5864.773768729475
8437,4092.585353684487
8438,3570.5997758391354
8439,6025.342130792169
8440,6733.940582937986
8441,4512.605742898206
8442,6535.103480818316
8443,6631.587028201187
8444,5160.855128456175
8445,4344.122556122872
8446,2941.618491804047
8447,5352.7640854555
8448,5520.556720648802
8449,5675.0811752601085
8450,7732.755711325439
8451,6764.9738113327885
8452,4347.573023224186
8453,6832.392306230629
8454,3298.076894746001
8455,2720.30107376887
8456,6713.80215757603
8457,10283.582804680202
8458,6043.165465408774
8459,5546.102037180003
8460,3350.7598867355873
8461,5978.609733222059
8462,6121.939124808295
8463,4674.923132581008
8464,6660.2833710482055
8465,3868.938056422364
8466,4063.6293663078695
8467,3516.7217389493658
8468,4404.86918206493
8469,4730.562688598296
8470,3621.807068932547
8471,3604.773702478607
8472,3612.5554518222684
8473,6766.1298631293785
8474,5416.245264266049
8475,4490.987973097779
8476,5659.708162490356
8477,5417.608105586364
8478,4310.005218080408
8479,4018.748123221235
8480,6435.77248737525
8481,6270.100036039019
8482,5819.465164353845
8483,3388.027243525331
8484,10119.676479625714
8485,5409.794103453125
8486,4280.210346879138
8487,8177.697293404902
8488,6133.28609860022
8489,5876.4509274179545
8490,4754.691903558335
8491,6264.083373737881
8492,7732.094152321775
8493,11435.15732408311
8494,4002.021376813239
8495,3563.2161240113037
8496,4049.6247589021586
8497,5078.769125338483
8498,4369.095088355854
8499,5695.5957737384515
8500,7081.289596891481
8501,6361.72158431097
8502,3608.0467604242567
8503,4796.771126927619
8504,7422.01820831499
8505,3895.150750820822
8506,5663.539700750261
8507,3347.335389139681
8508,6100.875284067263
8509,6080.583974410061
8510,6148.421375233327
8511,6878.643250372515
8512,5573.054397301959
8513,3898.905198176796
8514,5255.030674063439
8515,6375.34662020917
8516,7255.795872707079
8517,6035.33421841219
8518,6633.622053396127
8519,4516.5113944849245
8520,3916.7598639805287
8521,8368.994276668162
8522,3443.865318599061
8523,8915.328158667362
8524,4688.841491203612
8525,3763.457801960404
8526,6198.452247507296
8527,5814.523637389927
8528,5904.784942722583
8529,7664.368242933598
8530,3579.295196851517
8531,3790.645624973797
8532,5987.894452577542
8533,6623.505087527803
8534,8812.30305270219
8535,5328.089369951369
8536,5181.2269624240125
8537,4335.1092952089875
8538,5545.76816092301
8539,4131.708012519237
8540,8336.934072437565
8541,6971.52457924159
8542,11768.724002434452
8543,4240.618581553868
8544,5176.591273143607
8545,8704.40188736137
8546,7074.33015012209
8547,3881.4582015129063
8548,8559.635250449539
8549,6015.264978208291
8550,4689.311921117163
8551,5420.380136168803
8552,3904.5714362578346
8553,4801.39002437848
8554,5192.593378311668
8555,4005.062670774953
8556,4166.252640271883
8557,6815.82173997424
8558,5756.1384906969215
8559,19825.18185754418
8560,5878.228652552113
8561,3917.6965314533154
8562,5742.422488146465
8563,9029.338608990594
8564,5622.092808072952
8565,6746.276708621479
8566,5795.935202662286
8567,6897.557704277597
8568,6065.867439486387
8569,4491.274477984715
8570,5031.396611550526
8571,5707.640494069474
8572,7699.834480931175
8573,6335.923804035534
8574,7078.915230654387
8575,4202.05063442975
8576,3995.3290731858597
8577,4343.552290100575
8578,8367.891270632314
8579,9709.346352788933
8580,7370.4622808756685
8581,7095.356396641757
8582,3470.094815641841
8583,5174.741639145692
8584,3034.916449879046
8585,7703.173975678632
8586,9165.086992632752
8587,10180.74863577012
8588,4625.015120789002
8589,4162.035379831416
8590,3807.8577478303287
8591,5349.460196810887
8592,8734.209507949234
8593,5672.540179147085
8594,4624.28672642508
8595,4366.972815696359
8596,7254.106281609102
8597,3709.1144447175534
8598,6721.32842339272
8599,3620.9198339603226
8600,7770.69572714549
8601,7250.351071659497
8602,4881.350586405146
8603,7743.931499180606
8604,6567.920029729542
8605,5086.975159805325
8606,6656.140727761902
8607,5814.349248431368
8608,9377.924204651941
8609,5429.585611573291
8610,6973.225435423801
8611,6960.14627826568
8612,7897.348554975723
8613,6534.947024280614
8614,7493.273022842352
8615,2965.314144156286
8616,4764.73471130678
8617,5513.737578147859
8618,5636.952691176118
8619,9893.665593838992
8620,7656.865627069543
8621,4956.823199090068
8622,6354.630239677244
8623,8821.938554423
8624,7484.954309895227
8625,3781.599885764413
8626,11942.168815967025
8627,4062.844828819158
8628,4949.240654251022
8629,7705.102818677807
8630,4835.903892410981
8631,4945.577978315516
8632,4919.485101839154
8633,6633.703899094425
8634,4551.107158443092
8635,5725.288955001242
8636,8350.877665291375
8637,6941.394648401896
8638,6334.087642713072
8639,4731.546766066439
8640,7436.087413367812
8641,12134.734205755542
8642,6450.919000228182
8643,4409.537095544409
8644,6104.257763997103
8645,6617.327055785711
8646,8216.088771621577
8647,9261.94853996882
8648,3876.8432034067773
8649,7162.071219541049
8650,5794.331985090119
8651,6165.0148638725595
8652,7402.4721942466485
8653,4191.165441354835
8654,4755.697869015732
8655,4847.459576927191
8656,7686.384765296855
8657,8350.007400732386
8658,5163.652393500693
8659,4149.908302238714
8660,6948.721093255809
8661,5534.859725382191
8662,5676.544177750977
8663,7611.3815494476285
8664,5644.590110007621
8665,8333.757386790552
8666,4734.7829742400045
8667,4518.263543102666
8668,5565.79289838235
8669,6968.481810547421
8670,6979.197053716385
8671,7313.369747495112
8672,7315.769623705492
8673,4728.506305620098
8674,7808.91045575397
8675,4961.1118317337005
8676,5335.142341116261
8677,8824.560279806805
8678,6704.775782975268
8679,9218.947638448284
8680,7095.850006392203
8681,7394.313821176292
8682,5500.140615906056
8683,7307.37769554773
8684,6337.504004272552
8685,4573.084293451784
8686,3317.3644501565027
8687,4994.942640180902
8688,6661.715706691249
8689,4778.217838748758
8690,3662.2802067017124
8691,7696.346763755325
8692,6635.271471654367
8693,6035.691018358699
8694,5045.89174558516
8695,4966.916526937798
8696,6321.719425349248
8697,6464.391519235713
8698,3896.059367107736
8699,5052.521835624442
8700,4823.463897044123
8701,6105.223869249934
8702,3859.2882427279255
8703,5811.108632947849
8704,4246.306626884275
8705,7633.282340665224
8706,6870.736698912439
8707,7281.431273299306
8708,10043.644285690518
8709,3904.246189105201
8710,4792.64704681008
8711,9709.85308729418
8712,5658.657081594344
8713,7479.019672991848
8714,7623.734479582417
8715,4262.523049598009
8716,6120.1315811200875
8717,5075.054141529083
8718,7108.749061354528
8719,9892.806118476426
8720,5700.477834532126
8721,2788.9126752029906
8722,4273.367215604736
8723,7472.5698059230635
8724,7997.570354372752
8725,5358.806004995278
8726,6449.068400489201
8727,4580.581315653177
8728,3842.7115326938037
8729,3286.2560684690275
8730,4365.984280143782
8731,5468.952282727511
8732,6504.593426133
8733,6768.175505283698
8734,14658.788947603685
8735,7193.125738991359
8736,7976.896234426749
8737,7574.213779018911
8738,4913.80030118108
8739,8686.723050487228
8740,8881.786839790626
8741,4539.942412031581
8742,6762.236687683505
8743,4686.65144374271
8744,6161.155805441394
8745,3268.404665220692
8746,5872.802635793187
8747,4047.078430008287
8748,9728.252852556237
8749,6919.719334647411
8750,8033.277902256774
8751,7174.97575054729
8752,5028.40654478347
8753,7090.545814068548
8754,17522.35962147825
8755,8287.39219763605
8756,4972.692070087411
8757,2581.819709204505
8758,5405.065129046323
8759,7073.6591616163305
8760,4819.667786465762
8761,12359.194206735125
8762,18417.967024393118
8763,4861.194733412236
8764,4337.412125930055
8765,7410.9147778030565
8766,4138.764466657391
8767,6895.069827568202
8768,5081.749680623804
8769,6904.687717362688
8770,0.0
8771,7935.093933882786
8772,6174.733327748704
8773,7726.646689372129
8774,10373.209778107648
8775,5842.976499417029
8776,5307.587549766846
8777,6566.670171278229
8778,5626.27828977337
8779,5143.648634765558
8780,9472.898673062604
8781,4772.555802679387
8782,5298.533584954235
8783,6570.21524623371
8784,5461.959846337605
8785,5403.625622746099
8786,6591.176506656147
8787,6304.563842946242
8788,9923.449141233234
8789,8079.736593140554
8790,7067.127280843836
8791,5304.663283396447
8792,3131.1292326619828
8793,5199.005499402497
8794,6407.459841998254
8795,5599.781035295308
8796,3472.5988216567753
8797,6725.173266962332
8798,5493.959612075502
8799,8192.747082127737
8800,7343.54442319223
8801,4675.4515847518815
8802,4634.843640380745
8803,4405.628615709021
8804,8495.684604581389
8805,6147.181861674455
8806,7356.607440784484
8807,14499.6849274949
8808,7732.765317448907
8809,5600.583212440338
8810,4626.111650825157
8811,4309.202696100031
8812,6161.887551019103
8813,3403.5380071333
8814,5291.285163861738
8815,9718.821693945249
8816,4815.380017852562
8817,13252.77702895582
8818,11833.245546982034
8819,5076.563415774382
8820,6096.350657917421
8821,6677.302888116118
8822,5961.9975226620845
8823,5147.934601639612
8824,12697.690183958499
8825,6245.387345938515
8826,7664.768455816682
8827,4105.5706713376485
8828,6971.890260630984
8829,4853.408177324825
8830,7894.640122269552
8831,5183.591678471888
8832,5248.867992769441
8833,6167.082226232472
8834,6474.594433040504
8835,6958.613882126835
8836,9222.981196038088
8837,5760.106359180009
8838,9137.819203520117
8839,6493.506568496874
8840,9519.895727107516
8841,5129.951493433894
8842,5365.83134635601
8843,4542.012796870294
8844,8118.500574599907
8845,6098.425318353267
8846,6679.179458846676
8847,5966.589962589702
8848,8140.3563436012755
8849,4392.928607282989
8850,6908.850969176164
8851,6025.05857141138
8852,3849.9800496431253
8853,11045.91624959818
8854,17033.93119242603
8855,7820.033187298941
8856,6054.303000277582
8857,7772.426766311973
8858,8964.649217890954
8859,11010.43481945399
8860,4919.536934001998
8861,6740.05440326907
8862,4952.501432511297
8863,7086.026615693684
8864,3952.6517134306982
8865,4853.99662570638
8866,4477.366520821236
8867,4850.410415102366
8868,7248.319857197656
8869,4382.86546281912
8870,3538.992730805737
8871,6584.905119947281
8872,3826.3377779836896
8873,3944.101361665244
8874,5429.988198753761
8875,5353.3344555507665
8876,8216.347407894094
8877,12332.341959481766
8878,6236.050865894993
8879,6664.22507824734
8880,5898.757861904335
8881,10943.525279349053
8882,6299.159217752471
8883,4242.694499551582
8884,6063.88490606977
8885,7660.500875840279
8886,4340.332343048582
8887,6644.37238992402
8888,3451.9400369014575
8889,4710.58271837721
8890,7139.222507840092
8891,6754.3893593745515
8892,5906.885498885757
8893,9404.847815326408
8894,8582.375560097873
8895,11806.23686523106
8896,5123.196097472695
8897,10713.252433207297
8898,3047.748719813536
8899,4925.64198083638
8900,5710.062006760742
8901,3363.446728559225
8902,7143.6731934569825
8903,4507.0729758374055
8904,5723.343769098785
8905,8333.746594834663
8906,9806.419037075855
8907,7953.013681963714
8908,4935.034084360605
8909,3869.673955278623
8910,8889.818068693654
8911,7983.240971767292
8912,5077.423315951581
8913,5455.6747598906195
8914,5990.436052151435
8915,8225.298269330153
8916,4370.787880830855
8917,5825.81464513787
8918,7488.914299308211
8919,7139.214567795115
8920,12098.428545501069
8921,4623.289359661013
8922,14249.636155085893
8923,6410.263177254322
8924,4783.768510974153
8925,3041.7446834762445
8926,5632.8798659220965
8927,6292.728175957262
8928,5309.967633311683
8929,6650.125880900478
8930,5490.984015015409
8931,4164.888328718496
8932,6055.751589625512
8933,3469.956883932576
8934,9252.071711489125
8935,6747.574524154499
8936,7659.371496641467
8937,7421.835242717128
8938,4509.622179905979
8939,8572.714812509985
8940,7365.10598243877
8941,5731.84775456298
8942,6998.50824216303
8943,5427.086753863842
8944,9505.458843002129
8945,7062.187099075539
8946,4351.368242726183
8947,6335.943065671876
8948,7611.903127960293
8949,6083.425262644132
8950,5008.744085885504
8951,7325.855139770045
8952,5540.9176692591345
8953,5729.7162792463905
8954,6252.080291400065
8955,7850.70514371136
8956,5363.3424983304
8957,5292.476950300997
8958,6054.779331403164
8959,4263.820982294518
8960,3556.868298483549
8961,4419.779466093504
8962,9219.687157362654
8963,8205.367806624361
8964,10123.358608262573
8965,9015.547339455828
8966,7152.680361297389
8967,6085.234837948097
8968,5591.907470922293
8969,10953.160978717666
8970,9503.229446895755
8971,6299.532849163948
8972,7802.274019289036
8973,7746.9293869791145
8974,5258.563227186137
8975,3855.7128981120245
8976,11217.170496120763
8977,5226.943557525654
8978,6079.270370070996
8979,5547.7047232306
8980,2032.6871728201402
8981,9294.502236016291
8982,6467.4875996131295
8983,8526.708290880708
8984,4973.95218134577
8985,5187.305121704117
8986,6696.8940795011495
8987,5930.399842952534
8988,7047.577424634832
8989,5548.890930197958
8990,5553.704248464552
8991,3788.653750568683
8992,2835.701313122908
8993,5968.967700382574
8994,17419.271500441984
8995,4322.654863473491
8996,5036.468479260724
8997,5974.458525563629
8998,4880.167325002899
8999,4840.137550315715
9000,5363.3959058529745
9001,3499.8599470323365
9002,9552.493417029651
9003,5607.886317119075
9004,3968.156916135749
9005,8184.744639759446
9006,3243.2125974533847
9007,4778.92469539066
9008,8123.3510913993605
9009,7576.462947245086
9010,9374.450913958572
9011,4667.547012704303
9012,5553.568419395719
9013,4045.89156649163
9014,4546.111522009031
9015,13542.454078980614
9016,11333.825615959033
9017,6295.655933566013
9018,4875.598938202539
9019,4487.9286881050575
9020,5712.134900476154
9021,4347.167938687322
9022,8894.290092782172
9023,4867.285235617202
9024,6921.725099533339
9025,6031.775606305086
9026,4238.016225162747
9027,6214.614545871665
9028,5804.624572287812
9029,7998.921004826462
9030,6109.595411947013
9031,3584.554473187645
9032,6182.83461702403
9033,7107.667469737243
9034,8203.341597101044
9035,7871.223383696258
9036,6872.719311507187
9037,3185.113082416444
9038,9103.739247186992
9039,5214.5516355739655
9040,4390.083647644425
9041,5644.571331007321
9042,7059.138184068999
9043,5842.541607923951
9044,5907.331996741401
9045,6154.973301678013
9046,8314.113434884763
9047,5614.331723512739
9048,6925.739132725592
9049,8212.633053694744
9050,4838.267820277876
9051,8109.205168823851
9052,6130.069206452784
9053,3935.317707848696
9054,10295.170298829693
9055,4917.770241228546
9056,2860.6402229333753
9057,6694.405856079554
9058,18148.501411237783
9059,8102.673725458271
9060,4023.41311868556
9061,5237.722495117283
9062,7570.878340221147
9063,6977.231338774825
9064,4664.445444292508
9065,7570.757200070076
9066,2811.382489884744
9067,5125.871169069649
9068,4754.891230864476
9069,4836.835841666246
9070,3611.2263021340173
9071,7687.727083107826
9072,6735.864890314709
9073,5636.981742539261
9074,6860.122811506803
9075,5944.515462958998
9076,8489.842118158598
9077,4456.348642352119
9078,4824.210381876268
9079,5279.899564055012
9080,7499.655282053021
9081,7440.929282088138
9082,3068.4004657319156
9083,8135.376320871895
9084,7469.855968441035
9085,6737.073150996904
9086,4691.589981428684
9087,3428.7830547629105
9088,10373.470141596483
9089,2889.8839520899833
9090,8022.462960708842
9091,5795.6545355741355
9092,5231.658509304183
9093,6535.257217461966
9094,5513.224997359608
9095,4369.759774641257
9096,9611.09014170178
9097,4228.020797571832
9098,8138.4510938839385
9099,9055.149789905981
9100,6693.038885159679
9101,3999.8395280990767
9102,4886.265973678128
9103,4038.247216953049
9104,2862.6693977580876
9105,7536.652809841899
9106,5702.029256635956
9107,7963.017062496884
9108,4217.993369898493
9109,5157.341570893256
9110,5563.811263193436
9111,8034.1386946474495
9112,4669.48962073669
9113,6076.932890653989
9114,4361.235880933942
9115,7053.55339731062
9116,5885.190405758235
9117,6511.715013471214
9118,7149.942182986145
9119,8505.94586750718
9120,6996.123495428877
9121,6560.533372248025
9122,5285.555338569871
9123,4180.762536583778
9124,4650.37151071492
9125,9606.782642264683
9126,7337.755020004724
9127,7538.856864677452
9128,14920.930801408209
9129,4462.033756973976
9130,6055.659156096166
9131,5496.11621035627
9132,7766.830647787502
9133,9048.21296622124
9134,5981.490995005362
9135,7757.447546198967
9136,7295.791358609795
9137,16255.541071759406
9138,6032.802403907064
9139,4501.875697465475
9140,4829.142245491802
9141,4830.6611341631615
9142,3648.501802841552
9143,4194.858182657878
9144,7342.283493425255
9145,14800.055176383526
9146,6241.307682056849
9147,4844.270512021582
9148,6076.750224860173
9149,3818.296736055388
9150,5468.936219923365
9151,3637.497154697381
9152,9274.720481272363
9153,6819.8981380551395
9154,5588.398430121025
9155,11923.56030234421
9156,11712.59624873116
9157,4927.464584597328
9158,6292.372282329232
9159,4081.3110200780225
9160,5344.439377689986
9161,5939.239070518344
9162,8800.145242600396
9163,4328.97988245011
9164,4174.649197283944
9165,5766.541264279778
9166,5294.4261752425755
9167,6562.342837233987
9168,6148.882951677253
9169,4323.693451046767
9170,7346.9217320912485
9171,7415.7918093505505
9172,5875.0924897177665
9173,3935.563296954237
9174,3373.6925141107276
9175,7379.945954182266
9176,4028.8046481655815
9177,9382.122102991247
9178,4091.2354533286807
9179,4667.0875669029965
9180,5843.899638879338
9181,5359.110034997951
9182,6269.938990111429
9183,6343.341591248216
9184,6426.27572735424
9185,9483.22135111977
9186,7801.885185467229
9187,5500.469787486409
9188,4121.891332417187
9189,5676.684191976171
9190,7994.274878567971
9191,4892.81838662326
9192,5433.799643270223
9193,5848.370811484002
9194,12692.653667765331
9195,6590.31423350008
9196,5742.476247049193
9197,7261.381030023584
9198,4756.746598374713
9199,8693.544372940078
9200,4862.473972510836
9201,10860.229571520089
9202,5313.967461337063
9203,4741.745644982272
9204,9371.647236727886
9205,3633.8036931631505
9206,7424.548925151851
9207,20270.369687788396
9208,3618.761629627999
9209,4001.2187425864577
9210,8701.264435254148
9211,6179.569386889523
9212,5676.546826411868
9213,8004.745861018648
9214,5572.149462233246
9215,5740.7342144105605
9216,3925.8546350927854
9217,8809.060690501106
9218,5099.302103452433
9219,6912.96064322489
9220,6989.472108394891
9221,4541.359228103008
9222,8147.722256536294
9223,5447.608646962047
9224,3778.754769140429
9225,8127.408401505319
9226,8023.808481521558
9227,3960.79061150135
9228,6743.32045441343
9229,5698.0074185691155
9230,4228.657428795253
9231,9348.966415424065
9232,6827.250008577878
9233,7725.74053490582
9234,4705.922436015025
9235,4298.05317400267
9236,6234.007424684586
9237,3499.078438397856
9238,7521.923400243201
9239,3798.9097695618448
9240,5926.42447155914
9241,4850.209875634059
9242,5083.15526699119
9243,6143.318710325481
9244,6105.542210164268
9245,5376.117515246517
9246,7798.900555205761
9247,5142.09810039708
9248,7142.0801517816335
9249,5718.777256144947
9250,6364.757643584363
9251,8912.48742730596
9252,6757.054982622833
9253,3139.730532683052
9254,5759.397081881694
9255,7165.5654714414795
9256,5168.82056031556
9257,13555.678422933428
9258,6366.182167814917
9259,5942.312896401261
9260,9583.689519091296
9261,6011.9280283609905
9262,3155.830844919558
9263,10211.97598931522
9264,9053.36633623557
9265,5267.377770655579
9266,6349.087712015183
9267,8727.068919099833
9268,8634.535370044385
9269,5033.788911328161
9270,5840.03630867039
9271,3927.465530357421
9272,5785.048603937332
9273,6400.910787385109
9274,4283.2118195402345
9275,6457.150628881462
9276,6065.312774269816
9277,6023.339140288298
9278,6328.229448876725
9279,5538.37802473018
9280,5679.558332094887
9281,3638.816063894227
9282,5166.729376703379
9283,5878.463814437644
9284,5549.803819841743
9285,6088.67035707807
9286,6169.440856963657
9287,9224.70610578117
9288,4781.079630396204
9289,4629.954799904567
9290,5168.787982108655
9291,6408.342497176296
9292,6131.556061398825
9293,4310.814792821893
9294,3918.7596509660793
9295,6593.303413958382
9296,7383.269825374972
9297,5123.973717525891
9298,7009.936508655412
9299,7594.3141893095135
9300,5580.0956743527895
9301,4630.3330397007185
9302,3225.459945189046
9303,5519.915945696818
9304,5830.214522610163
9305,5770.854358640697
9306,8550.081362056511
9307,7114.598659106773
9308,4881.571434427817
9309,7751.146057013558
9310,3496.11389962449
9311,3026.495487696789
9312,7424.451902181462
9313,11696.780985927546
9314,6474.067679487518
9315,5976.296400239798
9316,3608.0009776537304
9317,6478.270635443705
9318,6712.681652285368
9319,4902.354253326527
9320,7501.864076418829
9321,4088.9825650977364
9322,4523.377602300355
9323,4014.6625598160454
9324,5154.609409415501
9325,5407.56932346972
9326,3860.011153818067
9327,4109.31735595545
9328,4004.6729868942684
9329,7610.466457994975
9330,5683.6039929177305
9331,5029.235835758294
9332,5881.326774367342
9333,6214.020529520126
9334,4795.003990737404
9335,4539.592142880605
9336,7432.185510918042
9337,6915.308269852381
9338,6987.401930600803
9339,3743.88652357253
9340,10289.807236981236
9341,5817.3311894756225
9342,4541.351679260391
9343,9421.09157393039
9344,7039.162105364852
9345,6527.652297043741
9346,5364.995223546359
9347,6963.279871640773
9348,7650.274680856485
9349,13277.288066741075
9350,4019.9918750283923
9351,4017.3750572854115
9352,4304.720767138017
9353,5560.500703316677
9354,4991.892795977258
9355,6092.946200056514
9356,7698.901844218478
9357,7041.384554079512
9358,3909.069992605469
9359,5276.222419026577
9360,8240.283330560364
9361,4103.539687506384
9362,6076.872210378275
9363,3553.4192291587137
9364,6910.624416712421
9365,6707.8001276423365
9366,6789.768104668161
9367,7396.248073057647
9368,5816.183857832218
9369,4481.120682898484
9370,5913.347424900563
9371,6322.999055671844
9372,8007.41015904947
9373,6900.840212135249
9374,7479.109214496142
9375,4924.905192065627
9376,4467.970236233207
9377,8881.199616004584
9378,3556.558532911658
9379,9743.884755741037
9380,5277.460860687883
9381,4244.684395059596
9382,6643.406051461397
9383,6155.482764131992
9384,6264.787755519702
9385,8027.9988319537515
9386,4189.252618365219
9387,4075.316988201059
9388,6323.5534252978005
9389,6684.6130013921875
9390,10456.60558492954
9391,5526.537041311983
9392,5624.083566778391
9393,4644.450257091054
9394,6228.110543912414
9395,4387.129404505042
9396,8791.942045406637
9397,7819.903518700695
9398,13290.998181641755
9399,4855.864295580335
9400,5453.2097797529495
9401,9330.131892072599
9402,8161.16296576579
9403,3814.173308521178
9404,9698.31880111266
9405,6961.691982133721
9406,4861.703175191953
9407,6329.789957348381
9408,4194.502527768476
9409,5136.495347510171
9410,5651.1400337677505
9411,4457.780411737977
9412,4640.711079443675
9413,7639.029694700494
9414,6145.621843704684
9415,21091.13160816589
9416,6513.954851054498
9417,0.0
9418,0.0
9419,0.0
9420,0.0
9421,0.0
9422,0.0
9423,0.0
9424,0.0
9425,0.0
9426,0.0
9427,0.0
9428,0.0
9429,0.0
9430,0.0
9431,0.0
9432,0.0
9433,0.0
9434,0.0
9435,0.0
9436,0.0
9437,0.0
9438,0.0
9439,0.0
9440,0.0
9441,0.0
9442,0.0
9443,0.0
9444,0.0
9445,0.0
9446,0.0
9447,0.0
9448,0.0
9449,0.0
9450,0.0
9451,0.0
9452,0.0
9453,0.0
9454,0.0
9455,0.0
9456,0.0
9457,0.0
9458,0.0
9459,0.0
9460,0.0
9461,0.0
9462,0.0
9463,0.0
9464,0.0
9465,0.0
9466,0.0
9467,0.0
9468,0.0
9469,0.0
9470,0.0
9471,0.0
9472,0.0
9473,0.0
9474,0.0
9475,0.0
9476,0.0
9477,0.0
9478,0.0
9479,0.0
9480,0.0
9481,0.0
9482,0.0
9483,0.0
9484,0.0
9485,0.0
9486,0.0
9487,0.0
9488,0.0
9489,0.0
9490,0.0
9491,0.0
9492,0.0
9493,0.0
9494,0.0
9495,0.0
9496,0.0
9497,0.0
9498,0.0
9499,0.0
9500,0.0
9501,0.0
9502,0.0
9503,0.0
9504,0.0
9505,0.0
9506,0.0
9507,0.0
9508,2932.7648571244704
9509,0.0
9510,0.0
9511,0.0
9512,0.0
9513,0.0
9514,0.0
9515,0.0
9516,0.0
9517,0.0
9518,0.0
9519,0.0
9520,0.0
9521,0.0
9522,0.0
9523,0.0
9524,0.0
9525,0.0
9526,0.0
9527,0.0
9528,0.0
9529,0.0
9530,0.0
9531,0.0
9532,0.0
9533,0.0
9534,0.0
9535,0.0
9536,0.0
9537,0.0
9538,0.0
9539,0.0
9540,0.0
9541,0.0
9542,0.0
9543,0.0
9544,0.0
9545,0.0
9546,0.0
9547,0.0
9548,0.0
9549,0.0
9550,0.0
9551,0.0
9552,0.0
9553,0.0
9554,0.0
9555,0.0
9556,0.0
9557,0.0
9558,0.0
9559,0.0
9560,0.0
9561,0.0
9562,0.0
9563,0.0
9564,0.0
9565,0.0
9566,0.0
9567,0.0
9568,0.0
9569,0.0
9570,0.0
9571,0.0
9572,0.0
9573,0.0
9574,0.0
9575,0.0
9576,1999.3960576886425
9577,0.0
9578,0.0
9579,0.0
9580,0.0
9581,0.0
9582,0.0
9583,0.0
9584,0.0
9585,0.0
9586,0.0
9587,0.0
9588,0.0
9589,0.0
9590,0.0
9591,0.0
9592,0.0
9593,0.0
9594,0.0
9595,0.0
9596,0.0
9597,0.0
9598,0.0
9599,0.0
9600,0.0
9601,0.0
9602,0.0
9603,0.0
9604,0.0
9605,0.0
9606,0.0
9607,0.0
9608,0.0
9609,0.0
9610,0.0
9611,0.0
9612,0.0
9613,0.0
9614,0.0
9615,0.0
9616,0.0
9617,15172.391934546253
9618,30078.792974967877
9619,0.0
9620,0.0
9621,0.0
9622,0.0
9623,0.0
9624,0.0
9625,0.0
9626,7257.653551355583
9627,0.0
9628,0.0
9629,0.0
9630,0.0
9631,0.0
9632,0.0
9633,0.0
9634,0.0
9635,0.0
9636,0.0
9637,0.0
9638,0.0
9639,0.0
9640,0.0
9641,0.0
9642,0.0
9643,0.0
9644,0.0
9645,3653.9097850472367
9646,0.0
9647,0.0
9648,0.0
9649,0.0
9650,0.0
9651,0.0
9652,0.0
9653,0.0
9654,0.0
9655,2635.638498946267
9656,0.0
9657,0.0
9658,0.0
9659,0.0
9660,0.0
9661,0.0
9662,0.0
9663,0.0
9664,0.0
9665,0.0
9666,0.0
9667,0.0
9668,0.0
9669,0.0
9670,0.0
9671,0.0
9672,0.0
9673,8010.528582045671
9674,0.0
9675,0.0
9676,0.0
9677,0.0
9678,0.0
9679,0.0
9680,0.0
9681,0.0
9682,0.0
9683,0.0
9684,0.0
9685,0.0
9686,0.0
9687,0.0
9688,0.0
9689,0.0
9690,8303.013878132635
9691,0.0
9692,0.0
9693,0.0
9694,0.0
9695,0.0
9696,0.0
9697,0.0
9698,0.0
9699,0.0
9700,0.0
9701,0.0
9702,0.0
9703,0.0
9704,0.0
9705,0.0
9706,0.0
9707,0.0
9708,0.0
9709,0.0
9710,0.0
9711,0.0
9712,0.0
9713,0.0
9714,0.0
9715,0.0
9716,0.0
9717,0.0
9718,0.0
9719,0.0
9720,0.0
9721,0.0
9722,0.0
9723,0.0
9724,0.0
9725,0.0
9726,0.0
9727,0.0
9728,0.0
9729,0.0
9730,0.0
9731,0.0
9732,0.0
9733,0.0
9734,0.0
9735,0.0
9736,0.0
9737,0.0
9738,0.0
9739,0.0
9740,0.0
9741,0.0
9742,0.0
9743,0.0
9744,0.0
9745,0.0
9746,0.0
9747,0.0
9748,0.0
9749,0.0
9750,0.0
9751,0.0
9752,1590.304550365983
9753,0.0
9754,0.0
9755,0.0
9756,0.0
9757,0.0
9758,0.0
9759,0.0
9760,0.0
9761,0.0
9762,0.0
9763,0.0
9764,0.0
9765,0.0
9766,4094.291593121377
9767,0.0
9768,0.0
9769,0.0
9770,0.0
9771,0.0
9772,0.0
9773,0.0
9774,0.0
9775,0.0
9776,0.0
9777,0.0
9778,0.0
9779,0.0
9780,0.0
9781,0.0
9782,0.0
9783,0.0
9784,0.0
9785,0.0
9786,0.0
9787,0.0
9788,0.0
9789,0.0
9790,0.0
9791,0.0
9792,0.0
9793,0.0
9794,0.0
9795,0.0
9796,0.0
9797,0.0
9798,0.0
9799,0.0
9800,0.0
9801,0.0
9802,0.0
9803,0.0
9804,0.0
9805,0.0
9806,0.0
9807,0.0
9808,0.0
9809,7350.179898516299
9810,0.0
9811,0.0
9812,0.0
9813,0.0
9814,0.0
9815,0.0
9816,0.0
9817,0.0
9818,0.0
9819,2388.645597685372
9820,0.0
9821,0.0
9822,0.0
9823,4494.370806936969
9824,0.0
9825,0.0
9826,0.0
9827,0.0
9828,0.0
9829,0.0
9830,0.0
9831,0.0
9832,0.0
9833,0.0
9834,0.0
9835,0.0
9836,0.0
9837,0.0
9838,0.0
9839,0.0
9840,0.0
9841,0.0
9842,0.0
9843,0.0
9844,0.0
9845,0.0
9846,0.0
9847,0.0
9848,0.0
9849,0.0
9850,19092.081732664545
9851,0.0
9852,0.0
9853,0.0
9854,0.0
9855,0.0
9856,0.0
9857,0.0
9858,0.0
9859,0.0
9860,0.0
9861,0.0
9862,0.0
9863,0.0
9864,4951.816547218484
9865,0.0
9866,0.0
9867,0.0
9868,0.0
9869,0.0
9870,0.0
9871,0.0
9872,0.0
9873,0.0
9874,0.0
9875,0.0
9876,0.0
9877,0.0
9878,0.0
9879,0.0
9880,0.0
9881,0.0
9882,0.0
9883,0.0
9884,0.0
9885,0.0
9886,0.0
9887,0.0
9888,0.0
9889,0.0
9890,0.0
9891,0.0
9892,0.0
9893,0.0
9894,0.0
9895,0.0
9896,0.0
9897,0.0
9898,0.0
9899,0.0
9900,0.0
9901,0.0
9902,0.0
9903,0.0
9904,0.0
9905,0.0
9906,0.0
9907,0.0
9908,0.0
9909,0.0
9910,0.0
9911,0.0
9912,0.0
9913,0.0
9914,0.0
9915,0.0
9916,0.0
9917,0.0
9918,0.0
9919,0.0
9920,0.0
9921,0.0
9922,0.0
9923,0.0
9924,0.0
9925,0.0
9926,0.0
9927,0.0
9928,0.0
9929,0.0
9930,0.0
9931,0.0
9932,0.0
9933,0.0
9934,0.0
9935,0.0
9936,0.0
9937,0.0
9938,0.0
9939,12644.42613422397
9940,0.0
9941,0.0
9942,0.0
9943,0.0
9944,0.0
9945,0.0
9946,0.0
9947,0.0
9948,0.0
9949,0.0
9950,0.0
9951,0.0
9952,0.0
9953,0.0
9954,0.0
9955,0.0
9956,0.0
9957,0.0
9958,0.0
9959,0.0
9960,0.0
9961,0.0
9962,0.0
9963,0.0
9964,0.0
9965,0.0
9966,0.0
9967,0.0
9968,0.0
9969,0.0
9970,0.0
9971,0.0
9972,0.0
9973,0.0
9974,0.0
9975,0.0
9976,0.0
9977,0.0
9978,0.0
9979,0.0
9980,0.0
9981,0.0
9982,0.0
9983,3092.9080453847146
9984,15356.108075983464
9985,0.0
9986,0.0
9987,0.0
9988,0.0
9989,0.0
9990,0.0
9991,0.0
9992,0.0
9993,0.0
9994,0.0
9995,0.0
9996,0.0
9997,0.0
9998,0.0
9999,0.0
10000,0.0
10001,0.0
10002,0.0
10003,0.0
10004,0.0
10005,0.0
10006,0.0
10007,0.0
10008,0.0
10009,0.0
10010,0.0
10011,0.0
10012,11592.609225907117
10013,0.0
10014,0.0
10015,0.0
10016,0.0
10017,0.0
10018,0.0
10019,0.0
10020,0.0
10021,0.0
10022,0.0
10023,0.0
10024,0.0
10025,0.0
10026,0.0
10027,0.0
10028,0.0
10029,0.0
10030,0.0
10031,0.0
10032,0.0
10033,0.0
10034,0.0
10035,0.0
10036,0.0
10037,0.0
10038,0.0
10039,0.0
10040,0.0
10041,0.0
10042,0.0
10043,0.0
10044,0.0
10045,0.0
10046,0.0
10047,0.0
10048,0.0
10049,0.0
10050,0.0
10051,0.0
10052,0.0
10053,0.0
10054,0.0
10055,0.0
10056,0.0
10057,0.0
10058,0.0
10059,0.0
10060,0.0
10061,0.0
10062,0.0
10063,0.0
10064,0.0
10065,0.0
10066,0.0
10067,0.0
10068,0.0
10069,0.0
10070,0.0
10071,0.0
10072,0.0
10073,0.0
10074,0.0
10075,0.0
10076,0.0
10077,0.0
10078,0.0
10079,0.0
10080,0.0
10081,0.0
10082,2332.815881113663
10083,0.0
10084,0.0
10085,0.0
10086,1946.0999148159008
10087,0.0
10088,0.0
10089,0.0
10090,0.0
10091,0.0
10092,0.0
10093,0.0
10094,0.0
10095,0.0
10096,0.0
10097,0.0
10098,0.0
10099,0.0
10100,0.0
10101,0.0
10102,0.0
10103,0.0
10104,0.0
10105,0.0
10106,0.0
10107,0.0
10108,0.0
10109,0.0
10110,0.0
10111,0.0
10112,0.0
10113,0.0
10114,0.0
10115,0.0
10116,0.0
10117,0.0
10118,0.0
10119,0.0
10120,0.0
10121,0.0
10122,0.0
10123,0.0
10124,0.0
10125,0.0
10126,0.0
10127,0.0
10128,0.0
10129,0.0
10130,0.0
10131,0.0
10132,0.0
10133,0.0
10134,0.0
10135,0.0
10136,0.0
10137,1501.899028280276
10138,0.0
10139,0.0
10140,0.0
10141,0.0
10142,0.0
10143,0.0
10144,0.0
10145,0.0
10146,0.0
10147,0.0
10148,0.0
10149,0.0
10150,0.0
10151,0.0
10152,9824.625650730193
10153,0.0
10154,0.0
10155,0.0
10156,0.0
10157,0.0
10158,0.0
10159,0.0
10160,0.0
10161,0.0
10162,0.0
10163,0.0
10164,0.0
10165,0.0
10166,0.0
10167,0.0
10168,0.0
10169,0.0
10170,0.0
10171,0.0
10172,0.0
10173,0.0
10174,0.0
10175,0.0
10176,0.0
10177,0.0
10178,0.0
10179,0.0
10180,0.0
10181,0.0
10182,0.0
10183,0.0
10184,0.0
10185,0.0
10186,0.0
10187,0.0
10188,0.0
10189,0.0
10190,0.0
10191,0.0
10192,0.0
10193,0.0
10194,0.0
10195,0.0
10196,0.0
10197,0.0
10198,0.0
10199,0.0
10200,0.0
10201,0.0
10202,0.0
10203,0.0
10204,0.0
10205,0.0
10206,0.0
10207,0.0
10208,0.0
10209,0.0
10210,0.0
10211,0.0
10212,0.0
10213,0.0
10214,0.0
10215,0.0
10216,3102.937791168258
10217,0.0
10218,0.0
10219,0.0
10220,0.0
10221,0.0
10222,0.0
10223,0.0
10224,0.0
10225,0.0
10226,0.0
10227,0.0
10228,0.0
10229,0.0
10230,0.0
10231,0.0
10232,0.0
10233,0.0
10234,0.0
10235,0.0
10236,0.0
10237,0.0
10238,0.0
10239,0.0
10240,0.0
10241,0.0
10242,0.0
10243,0.0
10244,0.0
10245,0.0
10246,0.0
10247,0.0
10248,0.0
10249,0.0
10250,0.0
10251,0.0
10252,0.0
10253,0.0
10254,0.0
10255,0.0
10256,0.0
10257,12330.002712866382
10258,4078.105677450612
10259,0.0
10260,0.0
10261,0.0
10262,0.0
10263,0.0
10264,0.0
10265,0.0
10266,0.0
10267,0.0
10268,0.0
10269,0.0
10270,0.0
10271,0.0
10272,0.0
10273,4368.960563149148
10274,3874.9573828050393
10275,6211.4603936918875
10276,3047.3383643436555
10277,6041.655482715453
10278,4619.878346034454
10279,5639.4939982529295
10280,5433.867028868265
10281,4036.9743195154656
10282,3086.408170324194
10283,5358.467712232563
10284,4908.9447126099285
10285,4312.695344646649
10286,5379.343100856817
10287,4671.570744828123
10288,3114.42881998467
10289,4401.302271030561
10290,6967.997488254449
10291,8255.726911919124
10292,6630.01518188479
10293,7233.748215609486
10294,4170.584350635997
10295,5388.4472785768685
10296,2057.777832839192
10297,8377.875591333657
10298,7775.610683036541
10299,9095.759515925914
10300,5904.396235506918
10301,2709.966585717492
10302,4352.736057510014
10303,5169.393326637407
10304,7429.341660034467
10305,3963.5168834319693
10306,5503.374997597301
10307,4490.463360456776
10308,5454.450515848435
10309,2546.7646159077003
10310,7152.602928073506
10311,4217.396766173471
10312,6580.320423158237
10313,6469.235392775284
10314,3704.9735466766156
10315,8136.722790722233
10316,5238.3962405015445
10317,4567.919451217229
10318,3566.112990205133
10319,6794.636493063948
10320,9835.040245850807
10321,5573.288440774585
10322,4868.84998063309
10323,7787.642170649717
10324,7468.468615669954
10325,5304.7037822539105
10326,6391.761135750071
10327,1985.9756479623281
10328,2391.726887506506
10329,4611.355854153735
10330,5723.4370929139695
10331,7740.528807891678
10332,7290.622025248369
10333,3775.978677526907
10334,7909.811288820922
10335,7393.472541360483
10336,5207.84625291716
10337,2713.777027967785
10338,11241.736612237826
10339,3648.0929843290355
10340,4192.146693739075
10341,7308.011204620031
10342,3717.901724050667
10343,4950.111739945247
10344,2875.2943820549517
10345,5972.2469026058225
10346,5049.477137409485
10347,4985.318170624283
10348,6988.488114026433
10349,6462.499889314044
10350,5670.859264507581
10351,2987.3310394956234
10352,7267.857843664062
10353,10943.735502685653
10354,5150.146661856099
10355,3038.8275109147994
10356,6134.00642124574
10357,5822.397344313246
10358,6912.645816170226
10359,8808.83998431529
10360,2074.2564322854655
10361,7167.477876424317
10362,4617.770831628679
10363,5400.586209999437
10364,7170.025337590819
10365,2487.5718301115394
10366,5078.880702551069
10367,4463.11138420206
10368,7312.481721015095
10369,6686.747563568157
10370,4060.7573572515626
10371,4470.618859338917
10372,6053.93983427563
10373,5921.444963848478
10374,4849.876742740338
10375,5880.113886090596
10376,3689.826688058601
10377,6196.259880177245
10378,4510.608831794254
10379,3038.6173079319865
10380,4856.963180356614
10381,6075.333635457693
10382,5680.1859769469365
10383,6903.862433185426
10384,7963.656324897952
10385,3636.239753801334
10386,7395.686342447476
10387,3012.1249491058343
10388,3714.557843934706
10389,7518.249701144753
10390,6244.705936596591
10391,7477.2910380860985
10392,9217.046751986574
10393,6282.641996967887
10394,4807.997186510021
10395,6686.377437896139
10396,6939.827110310107
10397,3650.9891050694423
10398,2469.885667449068
10399,5427.697497546631
10400,4534.195839579468
10401,5983.759275300007
10402,3540.7529037122026
10403,5366.628045579468
10404,5760.168364783516
10405,5362.215217186783
10406,5692.557360113707
10407,2742.0373037756085
10408,6034.754827242496
10409,6974.560362516259
10410,2967.999963320797
10411,5120.252204539681
10412,3300.9516045673367
10413,5689.042802217463
10414,3099.2692765026386
10415,4117.846459767302
10416,4538.935215853214
10417,7230.527274746739
10418,5382.459798926187
10419,6671.449361110853
10420,9883.345699509486
10421,4057.0972230201573
10422,4884.816412640407
10423,9345.227136777447
10424,5141.880329290639
10425,7552.379913955443
10426,6441.8803161861315
10427,5337.497405766872
10428,6154.04747908209
10429,3954.369609918793
10430,4805.801380468116
10431,7891.02176200407
10432,4880.436359426728
10433,2593.7128478579693
10434,3428.3912808035157
10435,7194.201140525911
10436,9285.475227007288
10437,5139.796631250897
10438,5496.687409751117
10439,4392.925744312301
10440,2064.647757658208
10441,1812.7289161092785
10442,4701.484100289307
10443,5059.3756971262865
10444,6534.30379994427
10445,4811.811338872106
10446,4183.168792843477
10447,7937.080488618023
10448,7303.341638612245
10449,6964.518853216816
10450,4068.1139000896696
10451,7959.031845128831
10452,8435.55228387349
10453,3455.5372451309204
10454,4984.430890765565
10455,5159.470103783842
10456,6349.668919462906
10457,2789.347590315826
10458,4890.475861443353
10459,4533.234040618125
10460,8285.79985920233
10461,5767.749790107943
10462,6985.434373433269
10463,6789.682438317055
10464,4376.4877089462025
10465,7498.891746564112
10466,16714.703248229333
10467,8047.371308602406
10468,3973.8836308535515
10469,3034.8800284064478
10470,6174.83836502409
10471,8260.899768149702
10472,4087.1638605435205
10473,8314.256613292162
10474,17861.571765986253
10475,4157.785945457776
10476,2355.1516334022044
10477,9944.521184581374
10478,3462.4529268105275
10479,5433.653387469178
10480,3438.990564109237
10481,5916.857342799263
10482,3637.91951198275
10483,6236.263052029432
10484,4493.596369358164
10485,5108.535772855953
10486,8136.008838523578
10487,5797.257629896945
10488,5852.142362770153
10489,6660.479065299058
10490,4796.185657886059
10491,6232.874270113854
10492,8169.781815985491
10493,4606.089439065542
10494,5684.48104758962
10495,4157.192013213142
10496,3152.5489928192947
10497,5474.515255748573
10498,4700.38033302406
10499,4550.273599616143
10500,7500.4567589785065
10501,7899.914567809032
10502,6927.923966557353
10503,4164.827883208607
10504,3774.8788438591214
10505,4180.48063785386
10506,4982.005350821637
10507,5911.0361733732225
10508,2623.185336795113
10509,6611.454653875876
10510,4963.566265565993
10511,7348.661333717968
10512,5301.401859153507
10513,4146.917844549616
10514,3196.143916588825
10515,2387.954983608691
10516,8466.180351304034
10517,5425.932058600551
10518,5390.926224922525
10519,12190.07019302987
10520,7429.6344137118895
10521,4491.931745353866
10522,5275.86524193866
10523,2426.7421312684287
10524,3910.8066500576
10525,3949.43113317081
10526,3724.0644051173504
10527,8386.102816886534
10528,5024.112270741323
10529,8471.603876931184
10530,10427.335238714302
10531,5912.969814658603
10532,5352.411195517011
10533,4663.5439606004675
10534,4908.943512818476
10535,4680.311538120929
10536,10235.253967224873
10537,5842.200164626703
10538,6349.529531847115
10539,2794.8266040240283
10540,5506.3553024496005
10541,5250.541888351809
10542,6982.7996982945515
10543,6425.1058768522635
10544,5028.615508623755
10545,6519.028849647301
10546,4479.926142681798
10547,8397.910885785888
10548,6433.906325529786
10549,6091.602310552409
10550,8819.459055252528
10551,6990.069446459868
10552,7799.823128130273
10553,3627.8071852495164
10554,4802.492945620731
10555,4549.883135725783
10556,7766.64144776854
10557,7259.421394231203
10558,6803.778455904477
10559,6122.526494265432
10560,8063.4726571465135
10561,4482.983236054633
10562,6086.18677380667
10563,5787.598249772795
10564,2903.6223108475556
10565,12473.93235531928
10566,15603.485221939673
10567,6885.014884330255
10568,7028.893195585132
10569,7056.938503247455
10570,7907.4869371960185
10571,7678.6867951732265
10572,2967.8794306068226
10573,4536.631480048115
10574,5539.931076446096
10575,8068.543784973305
10576,2461.2455839824115
10577,3893.58561149335
10578,4760.711627911728
10579,4606.996963848843
10580,4624.875078921149
10581,2725.1841651248774
10582,2821.189461284512
10583,6586.647179306717
10584,2955.6067421852767
10585,4383.516280068246
10586,5222.200137120143
10587,4800.376601693953
10588,8670.01274778781
10589,9504.739638542245
10590,4306.557305611007
10591,6956.824377949442
10592,5785.5962838944115
10593,9717.860666404224
10594,5213.740887408575
10595,2692.0447858145544
10596,4541.53871631691
10597,11231.034161498981
10598,3827.5364341324066
10599,6889.473214747608
10600,1944.726522537694
10601,3683.864008472062
10602,5329.452814366725
10603,5746.3198670237725
10604,4774.509153226945
10605,8439.892891365485
10606,8888.787745142194
10607,7477.066605153449
10608,3883.0929751815797
10609,9903.293656979457
10610,1864.911529330338
10611,3342.638108330404
10612,6455.880031109542
10613,4231.346486922865
10614,9747.896192075816
10615,2734.8170214791403
10616,4885.642339151937
10617,5380.7745958926
10618,7380.216739473102
10619,9281.594376243762
10620,4702.913004475169
10621,2702.9181338691255
10622,7976.604952534438
10623,9607.968032140012
10624,4461.545109362056
10625,4874.477002306583
10626,8456.643503646015
10627,5807.401249147213
10628,4584.089153921168
10629,3483.167732193689
10630,7333.993077947772
10631,4461.32594258422
10632,12742.292927433728
10633,7103.225524120565
10634,12453.924353199844
10635,6054.509769347327
10636,4511.37060765526
10637,1994.6819416372848
10638,6139.200522038507
10639,5083.415092165202
10640,4884.036050353172
10641,8949.495931727
10642,5021.216803059156
10643,2665.903713024573
10644,6440.764707347267
10645,3186.6626656141807
10646,8317.054492974334
10647,6583.610038353821
10648,6565.087810485398
10649,7651.191492266016
10650,4225.955089077322
10651,6830.622392035329
10652,6778.230114040179
10653,5693.861372536414
10654,5562.686264386195
10655,3602.5895146848925
10656,8994.409902296386
10657,5858.487480021523
10658,3184.9849736825763
10659,4728.589661658235
10660,8075.4598965864825
10661,5426.748266172746
10662,3529.227570182726
10663,5184.402405808645
10664,5246.197963527247
10665,4603.068300187957
10666,4554.159481075102
10667,9440.463275542928
10668,4232.668587612718
10669,3472.944375258374
10670,5270.209145820174
10671,4999.365359471178
10672,2612.5985583567976
10673,4843.6878273642205
10674,7191.845697372264
10675,7230.568951625191
10676,10740.493208213797
10677,8322.532594913218
10678,6562.199845665801
10679,5939.132447516005
10680,4276.560970028782
10681,9689.25156061083
10682,6902.68188384792
10683,5594.570212399455
10684,5021.330464842239
10685,5542.849549317695
10686,4310.385097164793
10687,2081.625726270424
10688,10837.941769894507
10689,4891.064739545838
10690,5655.4297612089995
10691,4360.388789845742
10692,1378.7365674570876
10693,7885.556583636228
10694,5134.98599226165
10695,4707.803801099329
10696,3575.198715124146
10697,5594.496355504373
10698,5188.60947246194
10699,3694.513674086679
10700,8786.60712588602
10701,4110.6258633735215
10702,4471.690379061302
10703,3321.7547751257976
10704,2525.9314045870597
10705,4842.425052563303
10706,13125.302374638322
10707,4636.038502563441
10708,5598.318780410606
10709,5134.149768742411
10710,3586.6928507460125
10711,3185.8002115435825
10712,5385.7989935846
10713,2719.428572383461
10714,8436.13056197113
10715,5998.288585854873
10716,2744.5492017135475
10717,7788.052118084135
10718,2076.504030795987
10719,3823.1367760625385
10720,8704.342180758353
10721,7594.9565780078565
10722,8363.402824664265
10723,2235.6421201281846
10724,4654.387737391979
10725,4714.462453541768
10726,4204.818455477405
10727,16096.685270420265
10728,9643.645878828682
10729,4936.016260311884
10730,2933.2091235302923
10731,5380.367750697298
10732,4122.84427193635
10733,2519.279612876181
10734,7598.103807649068
10735,4787.266086923838
10736,5218.998740350227
10737,6542.88501024858
10738,4771.136297612557
10739,4710.379503318891
10740,5001.855422189436
10741,6574.232205297385
10742,6031.890541239773
10743,2653.3772092712743
10744,5173.94652256045
10745,5922.894897964826
10746,8034.857896049519
10747,5495.886089215246
10748,6820.321128451148
10749,1885.283745318913
10750,8086.020045507132
10751,4999.595835325033
10752,2709.9315429792864
10753,4344.771025421353
10754,4335.948986880519
10755,4449.031479514569
10756,6106.961271080316
10757,3872.9960946842302
10758,6549.454773933219
10759,4566.279332097055
10760,7565.8795410733455
10761,7483.585062439114
10762,4290.154778508615
10763,6959.898587311482
10764,5646.762467347952
10765,2522.0301625440447
10766,10327.234800750306
10767,4029.9533420017087
10768,3183.1545371122643
10769,5874.747034661797
10770,3836.840010211878
10771,8240.970654976018
10772,3659.7968002296416
10773,4425.1824835163325
10774,6021.0354511383575
10775,6238.946957009525
10776,4472.271697309984
10777,7687.89225627652
10778,2635.5133125200923
10779,4471.533671476768
10780,3754.424687228945
10781,3378.404011282339
10782,2282.090369469565
10783,7492.872973057302
10784,6586.2252599904405
10785,5560.898280300823
10786,4723.467613354381
10787,7164.273170123058
10788,7520.3424134120405
10789,4397.328398845933
10790,4759.890741578626
10791,4482.67590830312
10792,6522.182284892312
10793,5039.683117370561
10794,1889.2830536616311
10795,5584.407566318877
10796,5691.0978813605025
10797,6168.314880957044
10798,5347.7965240424755
10799,2768.4164366017167
10800,7529.128971828512
10801,2554.642034937906
10802,8464.441716228685
10803,5115.59712842478
10804,4156.864689975939
10805,7791.5443311512745
10806,3699.2651626966704
10807,4064.84487649449
10808,7757.9368325619
10809,2542.1603884699202
10810,6037.458708004338
10811,8709.898472404784
10812,6405.1796809376865
10813,2310.789111340561
10814,4522.21446058671
10815,3294.019909703626
10816,2064.927674233516
10817,4659.387278127405
10818,5872.43981372766
10819,4844.139833315218
10820,3807.5862723344353
10821,4724.881663687129
10822,4109.849637495185
10823,8925.142193697498
10824,4861.720972280101
10825,5412.960798729551
10826,4093.700947752823
10827,5237.816869110178
10828,5421.131529122257
10829,5949.31367631536
10830,7264.456185079922
10831,7148.697143216139
10832,7524.579676720103
10833,5781.54944975849
10834,5213.788596388529
10835,2721.434948477088
10836,5058.114109163293
10837,8533.545645865524
10838,6303.330906544313
10839,6422.303426558481
10840,13582.460242412855
10841,3039.627592758893
10842,4836.495447164482
10843,4090.2063075408687
10844,8516.42138780349
10845,7981.100173520585
10846,7131.851969176091
10847,7023.656745460942
10848,7635.398136907316
10849,3635.4194293216315
10850,5636.891280048613
10851,4771.490979468046
10852,1988.5985208852426
10853,4283.458563586478
10854,3475.165321958548
10855,3002.947790818785
10856,6935.308835951798
10857,16489.678111049758
10858,4829.006706794381
10859,2930.3333118218407
10860,4565.015021148712
10861,3758.547689816275
10862,5321.803798459556
10863,2019.3214982373993
10864,6147.911437439522
10865,5927.44080666278
10866,3261.456692505315
10867,10435.548298470681
10868,10885.137764109591
10869,3834.9788955101
10870,4926.3625677486525
10871,3610.796346468558
10872,3531.357290071645
10873,4088.572241226728
10874,8078.146056768599
10875,3402.6207769460025
10876,4067.146232312039
10877,4597.899334598198
10878,4859.566387560131
10879,5127.99447252085
10880,7006.267075572477
10881,2921.312791243978
10882,7881.540443804851
10883,6332.326897509357
10884,4679.453781991501
10885,3937.3085397952023
10886,3656.775897229422
10887,4814.908035380692
10888,3715.490045130031
10889,9089.734628317627
10890,4533.620828091556
10891,3582.475819253945
10892,5739.078765643903
10893,5577.9199638338205
10894,4282.232575146937
10895,4912.262927463955
10896,5001.54289805453
10897,9725.818080330439
10898,6541.381880505871
10899,5814.021015448899
10900,3649.1990147757892
10901,4198.757043654178
10902,6038.324608796651
10903,3800.113017335895
10904,4578.986628306308
10905,4619.952591640273
10906,10040.23976151519
10907,6866.308217827612
10908,4168.083852082522
10909,5727.485333889224
10910,4598.143724521876
10911,6320.9210056904085
10912,4958.019904287656
10913,8486.102820199707
10914,6236.561878692301
10915,4618.694739309894
10916,4030.6756820016126
10917,1797.9248966640043
10918,3765.3616644261606
10919,18339.177303690696
10920,1927.0194920230101
10921,4898.931261200422
10922,5922.709781937752
10923,7013.7397407888
10924,5186.000561128147
10925,7729.111848203922
10926,5479.86245757754
10927,5231.023982267212
10928,3124.3583168932983
10929,7527.449702849404
10930,3614.576635662255
10931,6286.046803587995
10932,8794.727068470078
10933,3457.744796529162
10934,6914.064644906003
10935,5739.764890743228
10936,3105.5757290490583
10937,5988.493755490177
10938,6371.054247138689
10939,2427.6256729719694
10940,8620.302039474882
10941,6066.3576356182575
10942,4654.03976554095
10943,9498.462821688208
10944,7809.30884338566
10945,6959.860423053447
10946,4357.056025494236
10947,3579.173930858444
10948,5123.657464578392
10949,2720.6766901964
10950,5358.3259373291985
10951,2363.4300288255827
10952,5372.398844705425
10953,2727.7617372470095
10954,4453.781731024343
10955,4898.142177796693
10956,4475.60491256862
10957,4990.107162726177
10958,8070.236330806223
10959,4478.941293689395
10960,7169.147207632679
10961,4883.679201627527
10962,5634.03215226253
10963,8208.215709751325
10964,6615.050348059103
10965,4080.828801520366
10966,4565.081741576916
10967,5004.281160113559
10968,4272.199303971318
10969,11048.610700080138
10970,5513.61158617598
10971,6371.1047755758755
10972,8554.334670055565
10973,6042.451432729241
10974,1804.0698465140642
10975,7705.011229658793
10976,7591.27480413321
10977,5947.754478841262
10978,6800.068731458852
10979,6303.299603813466
10980,7454.439020548222
10981,5022.999633641149
10982,4211.986992008075
10983,2981.991454146128
10984,5005.776843824202
10985,7505.353958002297
10986,2728.930239390619
10987,7559.518698185732
10988,6222.29232318094
10989,4547.12762785338
10990,7163.21472852807
10991,4535.602664325841
10992,7238.56690445543
10993,2402.26565764229
10994,4120.442275698926
10995,4676.0756984061345
10996,3410.9224634802804
10997,5848.111393318608
10998,6612.2859674830925
10999,7795.354703713872
11000,5669.076877940089
11001,3578.691637655897
11002,5318.591547399333
11003,6744.744891131111
11004,6937.090141332024
11005,2898.5280258643365
11006,2676.117844044028
11007,8241.145831161999
11008,5261.985881766916
11009,3782.869229306606
11010,7129.8496010230765
11011,6711.2888285278505
11012,6158.182773625656
11013,5113.396529390883
11014,1842.386687130374
11015,5563.198879733811
11016,6065.270530699116
11017,4672.852832260936
11018,7997.342235898668
11019,6138.705235783919
11020,3294.5382443361345
11021,5821.028872710366
11022,2799.815222292697
11023,1023.2829621434689
11024,5499.241364455818
11025,8232.262035415466
11026,5504.960391466596
11027,4282.428637315698
11028,2883.132764835109
11029,5063.674324634656
11030,8080.14566326953
11031,5360.519024006672
11032,7767.051536670111
11033,3889.0232511673075
11034,4884.4213829513765
11035,2985.2356685320506
11036,6130.841034005345
11037,3168.277092152936
11038,2399.6888888138183
11039,4126.046138877646
11040,3605.404006393764
11041,6562.050451799414
11042,4402.691042023872
11043,4099.183735998013
11044,5127.87649446889
11045,7165.144942802596
11046,4327.026232404106
11047,4626.113191721909
11048,8762.01253414386
11049,6677.046289169694
11050,6084.905491784614
11051,2029.5463397284186
11052,4791.684381438664
11053,4886.73273463864
11054,3855.303631665055
11055,7073.332435248595
11056,8197.031333646735
11057,6296.246495472846
11058,5832.800386589643
11059,5747.343204036002
11060,7380.051214452889
11061,10040.740095265828
11062,3033.3523283882832
11063,3480.5816590945988
11064,4761.996688528651
11065,5682.4379329008325
11066,5481.781903226642
11067,7746.372217157645
11068,6716.373252870625
11069,5965.519528759183
11070,2730.2655294424508
11071,5549.468933563564
11072,6140.193434881523
11073,3081.079182673262
11074,5530.877741215336
11075,3122.3943013441635
11076,6723.247861839841
11077,4791.1594459453345
11078,5447.765597117862
11079,5504.202545860345
11080,3778.293663692788
11081,3727.171433724143
11082,6637.897486469539
11083,4376.183124669845
11084,7777.505842811537
11085,5485.297261983613
11086,7877.754266298465
11087,4853.158172890858
11088,3438.308421792443
11089,8330.840960577043
11090,2532.6451309852555
11091,8831.597705265633
11092,4789.229536411559
11093,4414.793548121135
11094,6607.387615623859
11095,4494.472203667867
11096,3874.4646331025324
11097,6157.134109606296
11098,2843.8504769117417
11099,2770.6967740236164
11100,5168.932174795729
11101,5690.240368949709
11102,9016.31825821858
11103,5351.152599398557
11104,4941.484673434203
11105,3847.4560238452787
11106,5852.898273162973
11107,3012.5809693022657
11108,9682.63890051525
11109,6663.336119211441
11110,11743.108357758601
11111,4944.386882556329
11112,5150.773561273032
11113,7183.657543334681
11114,7058.804268665035
11115,2728.2581431355525
11116,8034.867446238476
11117,6140.687888973095
11118,5011.7061245416135
11119,5115.509593940293
11120,4547.2184190784865
11121,2913.8934292639806
11122,4518.244086193711
11123,3301.040847087634
11124,2896.6492477391907
11125,7783.581950939265
11126,5248.859431734686
11127,21796.575004752216
11128,6788.239466926373
11129,4324.154562216802
11130,7290.751500047738
11131,10173.763605962573
11132,5730.053023192794
11133,7242.202068673588
11134,5479.148979623459
11135,7306.8032731308
11136,7737.872470453503
11137,3767.2639643598786
11138,5463.644072917414
11139,7217.914672410654
11140,7354.823248155404
11141,7231.19966598027
11142,6389.381227252631
11143,5649.556111617568
11144,4004.4693761459184
11145,5836.588854533864
11146,10370.397209825745
11147,10423.240827241994
11148,9654.100482668475
11149,8276.800673921269
11150,4003.5750305274173
11151,6471.544354696658
11152,3279.915907204581
11153,8179.363897910702
11154,11211.359387729884
11155,8108.021836985984
11156,6182.612553210308
11157,4981.358555666827
11158,4115.875280323191
11159,4932.263041390815
11160,10129.415505505243
11161,7061.219342376347
11162,5406.197562391501
11163,4109.668845117049
11164,7758.863547757761
11165,3889.4911771698794
11166,7815.036915275659
11167,4417.578545077401
11168,6106.777839356643
11169,6276.187440588422
11170,5675.241995001881
11171,8411.527485534358
11172,4889.925928745165
11173,4809.798112790343
11174,6704.467274980944
11175,7696.21880756477
11176,11676.935892273877
11177,6401.894683576219
11178,7200.363009718736
11179,7639.777303488728
11180,9149.097232108492
11181,6563.067437535593
11182,9772.56749377511
11183,3178.31801988386
11184,4606.914083909725
11185,5985.992956309422
11186,6401.1553527108745
11187,7620.379265618906
11188,8214.310556456574
11189,5262.495008216167
11190,7940.466743308765
11191,5609.511399460417
11192,9673.632166298652
11193,4300.436637559606
11194,12976.921281356817
11195,4944.095759537297
11196,5093.812104450062
11197,8746.823429864939
11198,4939.122762060359
11199,6318.312537708988
11200,7014.865170818983
11201,7593.369714670038
11202,5740.094388115529
11203,4264.385615235135
11204,6586.17390885437
11205,7842.47558529128
11206,7932.9345234874945
11207,4652.760322913537
11208,7207.445570272346
11209,9615.111178068973
11210,7166.892009544351
11211,4565.541564278071
11212,7784.10199480795
11213,5852.707461756642
11214,6027.815436171388
11215,6730.308748579373
11216,4127.913009589611
11217,8592.107888669532
11218,6227.488986385191
11219,7404.256958969596
11220,7371.088003988361
11221,5484.215588736239
11222,6267.517715864992
11223,3755.839596981797
11224,8520.028789884835
11225,7189.670322341178
11226,4715.701621490448
11227,4507.383219768235
11228,5200.322999606093
11229,6201.943790142527
11230,4558.404757478243
11231,7014.411742231313
11232,5042.788365392842
11233,7847.241977359979
11234,5233.724925731236
11235,4890.083845339962
11236,6738.787901544217
11237,7374.700560214368
11238,5961.004205133536
11239,8864.705307846401
11240,8814.190972573224
11241,4650.525975480241
11242,9074.381528431379
11243,5921.311657171189
11244,7537.610703911671
11245,9691.887639132745
11246,5656.7350050312125
11247,10083.187904725013
11248,9102.828143341405
11249,6352.152652658749
11250,6460.51807858025
11251,7726.8393826725005
11252,8425.553492264386
11253,4558.202578609403
11254,3155.8350320882373
11255,5587.913121524794
11256,7680.814721475021
11257,6450.768339835639
11258,4949.824896701013
11259,8624.30358811866
11260,5098.388240787266
11261,4815.930353750692
11262,6603.484746356538
11263,5302.24050979715
11264,7456.100965648757
11265,7416.869602725753
11266,4687.1107845579445
11267,5802.46754374886
11268,4525.859285199969
11269,6709.411825312236
11270,3102.4752093685474
11271,7211.31140105862
11272,5319.571738693169
11273,9010.749317308615
11274,5759.205479367101
11275,5197.809461185955
11276,7987.656659518319
11277,4475.203516541322
11278,5668.335058676292
11279,11020.147301155985
11280,7380.343200325187
11281,8796.539921703454
11282,8126.468741884726
11283,6272.451324593878
11284,6426.530805413848
11285,4674.200416184133
11286,7717.727470819389
11287,10570.294174247845
11288,6526.040614627246
11289,3587.508784661461
11290,5053.913687146396
11291,8759.34523436095
11292,9676.47445610587
11293,4764.56624594917
11294,6954.521614443848
11295,4933.876621578468
11296,3973.6981087915497
11297,3333.963065437692
11298,4850.48981828683
11299,6507.0449207965985
11300,7188.874583948031
11301,6448.1170614169605
11302,5271.11525919496
11303,8479.430670326326
11304,9778.729622253102
11305,8094.285538396456
11306,3864.9789061620518
11307,9594.796105352734
11308,10975.02203237236
11309,5781.748810271347
11310,7467.433077859086
11311,5715.468791039942
11312,7272.02965055863
11313,4532.202107328614
11314,5237.677373324897
11315,5823.856746953725
11316,8987.302472845897
11317,7460.840920716044
11318,8973.150106981462
11319,8077.811714461293
11320,5762.912296209872
11321,8484.944854679317
11322,18434.54038971493
11323,10128.835380296883
11324,5323.713853207776
11325,3469.444078229467
11326,6324.60073127091
11327,8636.24723898127
11328,4999.82385366713
11329,12029.45515889813
11330,21648.409161506566
11331,3120.2555198569
11332,4869.904442141571
11333,7949.175497767203
11334,5053.3717401083195
11335,8310.093159264123
11336,6821.271482404439
11337,7751.466774377256
11338,4521.852397961149
11339,5720.529470398481
11340,5513.768060224709
11341,7558.435010928188
11342,6826.980836655431
11343,6655.17833377028
11344,6381.252627119093
11345,5875.620687931479
11346,3907.141866544624
11347,5361.512108135616
11348,6515.827168876957
11349,4677.23284010052
11350,5979.274537134327
11351,7800.2678689491095
11352,5749.880105755122
11353,5631.828345196538
11354,7387.725045364802
11355,6758.743603701788
11356,7381.871161779862
11357,7700.974249451842
11358,7700.1201308443115
11359,6285.097169516721
11360,4092.9794226024333
11361,6125.744810753238
11362,7114.908858660949
11363,6033.778340964323
11364,3924.3682901947395
11365,8743.609798137171
11366,7035.9170890204905
11367,9488.262342350761
11368,6660.213284301224
11369,5909.23409528697
11370,5290.573002909631
11371,4855.3170043797945
11372,10198.029148163181
11373,4753.20953738058
11374,8361.507588208837
11375,14978.285392349646
11376,7994.241731595953
11377,6391.590831015765
11378,5546.232689487251
11379,4779.854017020945
11380,7879.275639687228
11381,3926.4957327215293
11382,5312.453300881385
11383,10436.409905807604
11384,5794.96607867745
11385,15246.391395760369
11386,13196.84748453549
11387,5532.404997486445
11388,7130.3122077212565
11389,6594.455985739286
11390,7341.495212761455
11391,5766.964645405161
11392,9415.627849233422
11393,7982.8595417310635
11394,9029.92634552221
11395,3459.0384122205137
11396,7722.906982320489
11397,5353.260935167954
11398,7105.898713689173
11399,7642.9804833836515
11400,6612.960311554461
11401,7084.957519054168
11402,6344.277379039755
11403,9268.394949932885
11404,9405.5295771806
11405,6099.082902837427
11406,10737.598885430065
11407,7358.090094214382
11408,9098.915896590117
11409,5786.789269134678
11410,3936.719609128792
11411,5709.778084504982
11412,9826.717455685197
11413,7040.61864781727
11414,8526.83523382588
11415,6740.177250400436
11416,9659.82167262699
11417,4759.991316135234
11418,8562.780909813224
11419,6643.489233054915
11420,4238.1611450384235
11421,13957.673424544186
11422,17036.291101471783
11423,5797.950704938875
11424,7517.319408600314
11425,9195.089302768412
11426,10870.237394966502
11427,11096.851706957783
11428,6404.256743221557
11429,7700.749834966987
11430,6236.926870978981
11431,9229.43908150267
11432,4303.06810037735
11433,5709.820253387607
11434,5940.303737498619
11435,4491.245666341132
11436,7705.947375843618
11437,4900.850422472964
11438,4637.179539343513
11439,7320.845100377956
11440,3016.1941177349236
11441,4765.859504760011
11442,6111.600350344709
11443,6778.263612783705
11444,10318.791712947419
11445,7276.109741071635
11446,5505.628439485688
11447,6584.959813425593
11448,6557.0404554691795
11449,11105.775362543352
11450,7178.813065644066
11451,6458.620962008237
11452,3758.4353873259647
11453,9202.685236672696
11454,4913.183036213974
11455,7270.977754190564
11456,3483.258182686882
11457,4931.568732741326
11458,5274.304676005608
11459,5351.787577289025
11460,4916.328716945268
11461,7525.67891360917
11462,9580.32596598775
11463,11331.425138383624
11464,6245.64617339678
11465,8449.249157152128
11466,3087.138619704258
11467,5476.930955030258
11468,7135.583579798431
11469,4639.5638300040655
11470,8619.336419891673
11471,5758.776188340206
11472,5181.4134601348915
11473,9130.049428799715
11474,10244.925308481144
11475,7994.06963869305
11476,5470.6696216224545
11477,5336.321588988838
11478,8910.094418818086
11479,8199.38262462288
11480,5280.766189224913
11481,4726.44343838762
11482,6947.399037932746
11483,9230.047996151696
11484,4979.705022405642
11485,5506.3991093817085
11486,8378.85737835164
11487,8880.191085442431
11488,13362.509794152855
11489,5910.857130931513
11490,14545.567277688657
11491,5760.387406182618
11492,5339.940526786637
11493,3526.3222834749217
11494,5994.223028608855
11495,4971.094890008349
11496,5966.487036764538
11497,8773.854150209594
11498,4478.211500771376
11499,4821.892317478755
11500,7752.284405659074
11501,3827.944492477003
11502,6513.209950105228
11503,7075.060046128727
11504,6308.3127196403575
11505,9054.95648939595
11506,5737.6160206903705
11507,9686.647894228618
11508,5557.275227248433
11509,5716.507307199068
11510,4780.962576380076
11511,4417.947802935674
11512,9685.38194347648
11513,6083.804360630766
11514,4606.852467018021
11515,7295.575042501476
11516,9157.299279915625
11517,7633.972363214176
11518,5886.043115960868
11519,8905.51085993166
11520,5408.524192346809
11521,6141.427060918476
11522,4714.7892083813
11523,10035.683589693203
11524,5797.484556437404
11525,6384.249250091984
11526,4603.053640592115
11527,5479.718759394333
11528,4407.709465591155
11529,5924.843951623632
11530,6713.332280807113
11531,8765.055025445996
11532,11627.298924083285
11533,11436.36641013126
11534,8605.61868983701
11535,6391.990814925107
11536,5115.299833909353
11537,10292.457954226587
11538,10329.341795199722
11539,5632.726360743474
11540,8269.3976041641
11541,9685.5204071624
11542,5731.354324428857
11543,3647.2757212181923
11544,9086.255477262686
11545,4349.587409023746
11546,6580.486112526945
11547,4821.034582146333
11548,3105.245262567022
11549,11597.180039421355
11550,4836.811798586893
11551,4767.611341007119
11552,5663.660860313433
11553,5753.4281713160335
11554,6882.773881866982
11555,7394.028295274961
11556,6651.505955642907
11557,5033.327692772359
11558,4353.65657611184
11559,3966.7172432454613
11560,3342.927801797379
11561,7710.823787788019
11562,17694.938693107586
11563,4775.95109530214
11564,6216.0915987813
11565,7304.610287773526
11566,6247.402447403748
11567,5364.6249478815025
11568,5875.713474605521
11569,4017.238088252564
11570,6447.185438531921
11571,7278.334234363136
11572,3471.995279372159
11573,8708.537087926254
11574,3679.3435663413106
11575,5138.0329548842665
11576,9520.484853182554
11577,8197.227771640311
11578,8920.970726830039
11579,5262.037920143545
11580,6890.9131728406865
11581,5024.764961364326
11582,5437.8490047404175
11583,14798.666963745318
11584,7926.817468915341
11585,7222.368006478143
11586,6052.940556403322
11587,4849.018999303959
11588,6286.641229884302
11589,4443.803190137171
11590,9168.398449963957
11591,5044.048374561884
11592,4454.925518977777
11593,8015.843635162143
11594,5363.260271996832
11595,6407.408748692997
11596,6044.193165377549
11597,6498.762235403428
11598,7538.422926131453
11599,4156.22520094374
11600,4602.260602606842
11601,5430.275319031079
11602,8930.473039039247
11603,8434.768488978058
11604,7691.763039060951
11605,3338.664473295275
11606,6907.4947618845235
11607,6225.718137353853
11608,5302.253660788513
11609,7680.545502666544
11610,7264.388801036538
11611,6527.077983781002
11612,6218.199492649696
11613,6450.211954088957
11614,6741.576757017331
11615,5718.879226917557
11616,6905.974298090656
11617,6415.612958156145
11618,3986.961509709596
11619,7613.679287495821
11620,5172.7670954880205
11621,5137.705044670622
11622,12827.679581729793
11623,5886.730684772996
11624,3342.6526415359663
11625,8421.449863047896
11626,3574.472729832164
11627,9378.088929462518
11628,3877.3848048957316
11629,6664.47307099238
11630,5032.671247310319
11631,7142.932444482074
11632,6283.107696692816
11633,9483.972428501993
11634,3526.478132137362
11635,6418.155754840539
11636,5871.357573407449
11637,5187.067278315113
11638,3981.628280421869
11639,7434.275321284436
11640,8599.812938826026
11641,5703.418374715466
11642,7752.381763324459
11643,7496.0387338298215
11644,8668.20561338534
11645,4427.689008715558
11646,5310.445181528159
11647,4889.167529042231
11648,8069.432014438759
11649,9173.751355022945
11650,3962.3518737640475
11651,8325.102163619085
11652,5798.5133988224225
11653,7561.392872730272
11654,4651.138160296593
11655,4082.772550758603
11656,5973.84572866513
11657,5879.701200864223
11658,9482.942124136172
11659,6622.306977967152
11660,5651.016216902323
11661,8557.192132508331
11662,6050.108698647015
11663,6499.62694215716
11664,6385.001675311614
11665,5974.570774555573
11666,8544.82534959003
11667,11760.626671924738
11668,7454.884076702281
11669,4781.994271620361
11670,4198.6935791156475
11671,3710.5782343278456
11672,3335.02520459389
11673,8289.490397708698
11674,4907.4936753161555
11675,9342.2002113774
11676,3683.564457790263
11677,5067.307376332254
11678,5051.572467263016
11679,9127.33220241686
11680,5767.067946240437
11681,4769.237216058766
11682,6170.425459399218
11683,7625.725486513245
11684,4929.285931047655
11685,7726.053790890319
11686,8352.241411399431
11687,8179.140041593267
11688,8121.881801634914
11689,7371.243134037923
11690,6317.941790821509
11691,5009.751801518163
11692,5623.408991087566
11693,11227.93690363577
11694,8793.138856226977
11695,7584.464966868996
11696,16307.428535526713
11697,6364.340185126318
11698,4629.058042373216
11699,6446.178059890587
11700,9320.525980657076
11701,7331.262098728793
11702,7473.464524674156
11703,7549.812419641943
11704,8650.150288528293
11705,3214.6103858681163
11706,6881.523090474493
11707,6142.736306113899
11708,5471.043000265611
11709,4150.557085817366
11710,3892.07548714678
11711,5335.240390989547
11712,8760.024240814464
11713,17017.97020480694
11714,6309.559462636428
11715,4885.498266492299
11716,8136.08892543663
11717,4422.68615371671
11718,6690.83816588583
11719,4493.658533077248
11720,9026.89825169065
11721,5258.081684657086
11722,6934.211975142357
11723,14221.701595790088
11724,12549.390145563042
11725,5797.324694675246
11726,5441.217616596976
11727,4033.64474302319
11728,5141.149542774764
11729,5534.643475455297
11730,7228.524293188331
11731,4676.132667766305
11732,4897.346493404806
11733,4542.387345281147
11734,5991.324066523225
11735,8571.809093588345
11736,7140.871158997523
11737,3548.1042483660667
11738,8173.051318597357
11739,8463.472174762359
11740,7876.350036851961
11741,5372.180133399784
11742,4539.28230003721
11743,7946.2432325248155
11744,3305.085170889063
11745,9794.483224709247
11746,4852.788111422121
11747,5399.296513701838
11748,7493.056561466658
11749,10406.239543985364
11750,3696.408564121736
11751,5257.221195678428
11752,4989.730146145465
11753,9590.510601733415
11754,10064.787357589632
11755,6291.702363835518
11756,4030.8710502596055
11757,5359.144393520183
11758,5808.167630545468
11759,4784.844561236192
11760,5966.988930336304
11761,6430.799262181957
11762,9011.268026293788
11763,7784.913734917845
11764,6793.750236054839
11765,7760.946398425869
11766,3756.560240244997
11767,9276.946227836552
11768,5619.757552347984
11769,10813.635096674408
11770,6548.363077966028
11771,5542.463377308391
11772,4769.230303276495
11773,4760.484476853074
11774,6827.092710064249
11775,17231.601612346363
11776,4276.213626727846
11777,5658.153907353461
11778,10997.669289741261
11779,6830.2078979149655
11780,6216.500956505795
11781,8303.077707343029
11782,6759.903158663761
11783,4716.831189474378
11784,4446.560708122279
11785,9339.168878056267
11786,5883.446542511275
11787,7295.639598096436
11788,8230.52854170805
11789,3720.7690831324776
11790,6116.612603431025
11791,6614.625145581384
11792,4117.014557189815
11793,8710.716937075886
11794,9484.93129899493
11795,4081.681420527259
11796,8328.266550097958
11797,7811.6570515345265
11798,5310.6945651815095
11799,9612.244397198394
11800,7402.904228265054
11801,9324.69797009493
11802,5027.731950882766
11803,5178.568153998364
11804,6314.283918846593
11805,3180.6296399806715
11806,7472.555503296303
11807,4353.327356055765
11808,6349.468249240172
11809,4969.797888940853
11810,4520.1552620061175
11811,6229.600479253321
11812,6737.74570050381
11813,6868.192174330931
11814,9351.328860724603
11815,4614.769696575143
11816,7692.628510036519
11817,4913.343784546436
11818,8916.056753706851
11819,8667.434609122789
11820,6983.096282709232
11821,3639.797321304282
11822,4726.874352757038
11823,7135.997809122659
11824,3826.608581767327
11825,10244.195280145741
11826,4727.7236071600055
11827,6683.1753846768415
11828,10490.648915003654
11829,6765.7398767344275
11830,4268.538780967084
11831,7104.699398680822
11832,9977.268080268681
11833,5621.715404418708
11834,8427.735380659107
11835,9411.656990001751
11836,5618.341186825536
11837,5324.670187827727
11838,7582.639503990718
11839,4483.282018411239
11840,4534.966737667688
11841,7813.475421288564
11842,4735.789568720629
11843,7563.202640129961
11844,7624.40156643386
11845,6524.992770767067
11846,8467.612735461737
11847,6166.646757228203
11848,6188.912591849405
11849,4104.897797421424
11850,6241.1376124888575
11851,7629.599015437743
11852,6655.578620064694
11853,6220.318901140023
11854,7227.875833679359
11855,9035.665700540208
11856,6443.590772224141
11857,3829.1644057974204
11858,6570.619451863516
11859,7463.2174417318365
11860,6574.275089462173
11861,4676.936552750586
11862,4163.341485993053
11863,6943.859383334615
11864,7423.6826052071065
11865,5749.369885148618
11866,8675.738552735558
11867,6230.689859130881
11868,6799.325435976637
11869,5870.298786655642
11870,3305.1686239043065
11871,6769.038662630291
11872,7444.34027014424
11873,7164.344797312871
11874,9120.319844463227
11875,8121.691397024723
11876,4940.621321930422
11877,8102.5151837984395
11878,3721.611601893942
11879,2689.9835783544595
11880,8232.807383882742
11881,8996.620194832127
11882,7767.976645375407
11883,7389.329687742968
11884,3364.3653428275684
11885,7168.508728921922
11886,8446.190664894591
11887,5831.926555087878
11888,7642.305518075748
11889,5411.381774586192
11890,4567.598329597439
11891,4139.118654656049
11892,6143.572056869667
11893,5784.512063019842
11894,5166.7191067986705
11895,5321.230364626693
11896,4271.920617293983
11897,5743.563750973123
11898,8115.006495936279
11899,4014.4105614493383
11900,6246.107360363336
11901,7546.406146614237
11902,5624.919368110657
11903,5016.9425407147655
11904,9272.64058204203
11905,7680.478867217995
11906,5177.425697420565
11907,4040.3039194129947
11908,12651.799095632257
11909,6822.748887205284
11910,5693.271146306461
11911,6649.858273452177
11912,7374.265897247775
11913,7559.847582359919
11914,6414.368830060212
11915,6957.274811021252
11916,10447.094100362681
11917,9535.150843200729
11918,5204.432935687435
11919,4797.727925888205
11920,5744.527026341462
11921,6340.889702702878
11922,5176.845870222531
11923,7025.870278237009
11924,9324.404611903847
11925,4901.062746925773
11926,4215.970712045062
11927,5921.608580245626
11928,8297.186751451254
11929,5273.448052864162
11930,7584.577495160366
11931,3387.5659678561437
11932,7872.661001095022
11933,6820.495088131423
11934,7736.306891881208
11935,8258.928207774281
11936,6624.052951223601
11937,3173.4739596623513
11938,6949.908369710794
11939,8303.915734381788
11940,8428.261190378358
11941,7924.8159990730765
11942,8250.650179662416
11943,6289.892389888981
11944,4557.288774135132
11945,9946.079043820973
11946,3551.958540981951
11947,10615.803769600294
11948,4949.81996421159
11949,4637.507846746582
11950,6708.98078862631
11951,6058.896661824909
11952,7238.359915974735
11953,8453.05148370573
11954,4022.3335161367386
11955,4861.7111619559055
11956,7559.5720915366255
11957,8446.510263559367
11958,7902.529524556197
11959,6051.1156658655445
11960,5649.847574351005
11961,6253.961075873065
11962,6589.340277490032
11963,5895.979781512457
11964,10510.739828164944
11965,9130.703113311087
11966,9659.899840388007
11967,3698.1193479571875
11968,6786.367513196911
11969,8989.271962499637
11970,8116.078305116257
11971,5631.891042667518
11972,10564.121490398957
11973,5330.66941325925
11974,5746.181569265237
11975,4343.496253858669
11976,5246.1517081226175
11977,5274.288777443368
11978,4381.959286150489
11979,3788.808374365812
11980,5370.207950866229
11981,8448.218537121431
11982,6850.885610321172
11983,22679.91300735606
11984,7210.220627140912
11985,4451.286745032805
11986,7644.713421506043
11987,10247.12205334345
11988,7407.145115581129
11989,7474.067494229111
11990,5501.177251736724
11991,7916.903379304645
11992,8181.211059409222
11993,3581.4413908753295
11994,5580.1170522074
11995,7148.087226721319
11996,7501.399777931017
11997,7230.8594229915925
11998,7985.824746020343
11999,5464.745593383687
12000,3640.338796524566
12001,5786.774487557135
12002,10246.532441360641
12003,11547.829075364272
12004,10149.323381521244
12005,8544.640700082748
12006,5088.262034333785
12007,6423.248224254787
12008,3272.4018150878687
12009,8300.22356264751
12010,11775.665383122167
12011,8294.31070263805
12012,6230.727636836828
12013,5515.835785943921
12014,4513.693879153034
12015,4878.858545839769
12016,10802.104329158454
12017,7011.271061882399
12018,5584.660647664198
12019,4003.184896877629
12020,8527.432292197584
12021,3878.889516890939
12022,7593.045658552862
12023,4472.711867117745
12024,5501.013289782784
12025,6328.983283758475
12026,5752.147730836889
12027,8161.9075581659945
12028,4794.795898060997
12029,4981.048411891618
12030,6989.043211360821
12031,7536.368795921359
12032,12080.582670627115
12033,6332.602820663477
12034,7850.175940345541
12035,7571.9409082866805
12036,9252.397533248226
12037,6764.148365735526
12038,9675.218814159174
12039,3355.162112474824
12040,5311.449243598716
12041,6611.263888837846
12042,6284.748682141308
12043,7439.275193684872
12044,8262.881937934702
12045,5377.295856913408
12046,7761.500667190442
12047,5246.855246024573
12048,10484.786347559428
12049,4119.340512366207
12050,13960.223805832162
12051,5269.083277555805
12052,5010.310848501162
12053,9170.389848012694
12054,5355.800104267937
12055,6562.730508663727
12056,6445.897394893812
12057,7975.887710542615
12058,5805.128623013437
12059,4018.7953361699856
12060,6301.068504474879
12061,7732.072690920771
12062,8142.760905636293
12063,4684.522644196827
12064,7222.088121368108
12065,9343.926516519025
12066,7299.908779956111
12067,5273.379891915202
12068,7429.809239199547
12069,5859.928806928608
12070,5596.027546786326
12071,6141.640611178026
12072,4095.858668277233
12073,8740.040651878684
12074,6625.188191563817
12075,7410.746989650897
12076,7791.279153024206
12077,4494.622148492616
12078,6604.912714158004
12079,3514.5149328177627
12080,8821.001901989308
12081,7175.431166928352
12082,5037.560252131204
12083,4827.654736347916
12084,5316.054136455687
12085,6083.380124388293
12086,4527.820617601404
12087,6466.158580295299
12088,4696.965971858214
12089,8402.861340861431
12090,5355.524898633882
12091,4776.951812191778
12092,6901.0282748595755
12093,7323.575669198042
12094,6368.016397288743
12095,8793.492005080027
12096,8780.19383423801
12097,4490.513047500954
12098,9410.279065792884
12099,5946.131381506287
12100,7944.884034101755
12101,10348.745927543016
12102,5048.920199290033
12103,10755.328641388196
12104,8885.805711530224
12105,5994.580898413658
12106,6645.169987101811
12107,7448.433582451079
12108,8239.96494276097
12109,4485.558945743274
12110,3057.7157896751796
12111,6009.206627648853
12112,7877.318906864062
12113,6204.429190624117
12114,4836.312164902237
12115,9144.57118506255
12116,5283.366839178844
12117,4575.193625291184
12118,6815.284123357976
12119,5676.903980496222
12120,8208.008737411341
12121,7926.715602989937
12122,4850.938079441896
12123,5663.9811706882
12124,4578.591783005973
12125,6810.878805427069
12126,2942.9166713423037
12127,6616.317929163969
12128,5628.646039803889
12129,9185.410279709982
12130,5610.343621126188
12131,5243.546846890053
12132,7509.4050731256
12133,5102.397040305158
12134,5673.710201447807
12135,11257.231395889217
12136,7101.672475088743
12137,8820.103307842555
12138,8052.091521730824
12139,6115.0435652811475
12140,6692.566849355069
12141,4259.067506114767
12142,8726.117770824301
12143,11712.507985405755
12144,7112.727150930235
12145,3546.2037362524043
12146,5283.246339745417
12147,8852.909259088585
12148,9032.625650967902
12149,4600.623789707239
12150,7316.757090957516
12151,5326.153884324123
12152,4288.5422679215035
12153,3395.7833019678196
12154,5307.115775645148
12155,6605.461600278759
12156,7263.977455590063
12157,6694.950507352505
12158,5030.869851304846
12159,8366.118832685639
12160,9914.452520869565
12161,8375.362600979663
12162,3453.2636599829225
12163,10049.321421197632
12164,11165.310229080565
12165,6056.909001145341
12166,7850.452955889011
12167,5938.434439955602
12168,7030.919812373237
12169,4466.753946305141
12170,5732.709772738946
12171,5636.013801964738
12172,9380.438955020649
12173,7707.035738360048
12174,9371.577281759191
12175,8651.441297769336
12176,6011.702339817033
12177,8646.122143722165
12178,20268.88091300505
12179,10613.290539286752
12180,5823.194163578329
12181,3247.4421847820245
12182,6277.925611482258
12183,9188.195139814332
12184,4720.986980345199
12185,12580.469849864148
12186,21902.255053412075
12187,2876.4578233935467
12188,5234.103565154912
12189,9787.630023949238
12190,5059.591557992543
12191,8869.154063335747
12192,7278.944053259983
12193,8197.795767304238
12194,4186.032796702386
12195,5258.835568756692
12196,4849.151692944208
12197,8002.835155352953
12198,6582.398510227297
12199,6388.206205532549
12200,6244.1540071210275
12201,6012.68019736771
12202,3706.763141267472
12203,5125.595716876967
12204,6436.650078207899
12205,4533.987975896933
12206,5942.038991721334
12207,7785.776944583059
12208,6283.957296236182
12209,5878.566701476742
12210,7805.8214263613145
12211,6954.353532766149
12212,6946.407857659671
12213,7918.383152357597
12214,7712.145377363352
12215,6230.68373928829
12216,3697.5039130708183
12217,6459.307070480849
12218,7627.220505574359
12219,6207.6209700022255
12220,3876.390571788316
12221,9240.032924320349
12222,7798.9044302582015
12223,9391.03679667221
12224,7146.295862928332
12225,5912.211692133447
12226,5757.660342549533
12227,5032.176182834703
12228,10485.298172160952
12229,4078.609602250631
12230,7649.718032941011
12231,16660.342054187462
12232,8052.682235229255
12233,9043.688026753007
12234,5366.129349459297
12235,4805.852237799297
12236,7151.65147393754
12237,3715.4864513945404
12238,5890.018908729205
12239,11797.40033756302
12240,5510.893652466112
12241,17151.54947556664
12242,14606.554266116833
12243,5280.888546554974
12244,7081.243698134585
12245,6796.819423531082
12246,7533.546935249941
12247,5854.286137536876
12248,9198.852365283952
12249,7983.554312827211
12250,10298.663922769192
12251,3466.979327757563
12252,7746.12765341703
12253,4893.78116795494
12254,6798.23113175425
12255,7323.627321865753
12256,6561.053158584972
12257,6673.463905574141
12258,6510.577962147205
12259,8859.549073918653
12260,10775.224165731239
12261,5751.633975276866
12262,10999.552852329685
12263,7431.8666761585155
12264,10148.110533862233
12265,5839.3267138787
12266,3959.624708276332
12267,5956.676478334615
12268,10221.9438009133
12269,6730.178795179976
12270,8623.318276208642
12271,7044.7453121536655
12272,9810.995527483048
12273,4516.739263073583
12274,8925.810446980071
12275,7418.549473373903
12276,4431.838633462987
12277,14250.532142342627
12278,18233.1518665804
12279,5321.181246517924
12280,7484.216400162722
12281,9693.483464949619
12282,11423.863012599135
12283,12192.384283569712
12284,6347.779295925703
12285,8068.939267080249
12286,6279.250860873563
12287,8822.677817994696
12288,4141.447520892746
12289,5891.9980780937485
12290,5680.982030025753
12291,4419.86159257751
12292,7608.404753351401
12293,5330.233212104131
12294,5013.7927677045245
12295,7374.764822382372
12296,2867.010322366537
12297,4758.293965802086
12298,6492.95204073013
12299,6630.949870716968
12300,10367.47867050502
12301,6936.269537632925
12302,5935.309392852025
12303,6513.078001107178
12304,6637.57181717959
12305,12615.430245905436
12306,7821.657946091808
12307,5757.441101879074
12308,3756.731257832173
12309,8547.232258817343
12310,4940.7505026990275
12311,7129.036927979854
12312,3668.5017747373163
12313,5358.710385682002
12314,5497.763324883135
12315,5016.655431942039
12316,4357.8003362115505
12317,7478.130719653122
12318,10327.905333746923
12319,12620.66688141448
12320,6485.714509734707
12321,7811.8523397865165
12322,3177.572060158263
12323,5218.361943245015
12324,6783.877370191653
12325,4693.611397159187
12326,8250.366955008554
12327,6012.696648171358
12328,5460.714266869613
12329,9129.351952200623
12330,11723.030540462454
12331,9946.452690259768
12332,5348.446481765132
12333,5525.423776115439
12334,9479.353088133572
12335,7825.714022449565
12336,6103.0088324954695
12337,4227.412195836114
12338,6773.717301684523
12339,10841.900551352543
12340,4770.515036275996
12341,6136.5876172484905
12342,8189.620644554544
12343,8385.314393512794
12344,14997.148482965136
12345,5657.301968284576
12346,15339.083429985136
12347,5595.288918793166
12348,5616.5490854561685
12349,4004.6928083415605
12350,6251.644079486357
12351,4776.040021176248
12352,6297.884769904867
12353,7836.608283419434
12354,3978.7011628402206
12355,5432.783761485857
12356,7719.027968540868
12357,3830.3507175225036
12358,6465.415827271716
12359,6746.101130990353
12360,6570.271783526564
12361,9243.959143784014
12362,5892.369584876563
12363,9622.653441913815
12364,5589.827062307381
12365,5942.021464779423
12366,4419.5944512183205
12367,4381.885411543146
12368,10333.407277559369
12369,6620.880697264807
12370,5044.170344140585
12371,7491.486764936587
12372,9104.4088925825
12373,7608.891436747869
12374,6073.0397006479125
12375,8877.754543855675
12376,5455.185917867215
12377,5602.247595006158
12378,4748.915668421016
12379,9208.372563173696
12380,6688.027630695537
12381,6660.130054894782
12382,4156.6514896100725
12383,5413.414821640833
12384,4177.438143275026
12385,5731.668332108189
12386,6536.205103787158
12387,9429.190280860998
12388,11380.96255080999
12389,11897.944042922012
12390,8672.472114889208
12391,6749.623108559271
12392,5552.129953982712
12393,10859.442259863103
12394,10412.814975874395
12395,5117.788879557968
12396,9070.972568093164
12397,9242.310597388416
12398,5779.697511204865
12399,4073.5890135244495
12400,8946.795706229199
12401,4339.54054193968
12402,7028.499259487953
12403,4704.846878072938
12404,3392.7631878669577
12405,12790.614787071074
12406,4707.507935417245
12407,4774.19420018906
12408,5216.862066179076
12409,5645.651490059494
12410,7283.625549493947
12411,8041.197115360636
12412,6282.7945615232375
12413,5541.095699077877
12414,4191.5724496117555
12415,4356.171150701353
12416,3494.9065625063004
12417,7664.491554554356
12418,18502.799901526872
12419,5296.183456392803
12420,6234.477967610619
12421,7476.1848376653525
12422,6202.864923786518
12423,5883.082500566334
12424,5486.797576455598
12425,4265.636824367938
12426,5868.614870084797
12427,7367.719326572084
12428,3401.9259398835516
12429,8716.286912750753
12430,3627.554663339105
12431,5099.195596197408
12432,9660.806964381096
12433,8553.239864470212
12434,10064.848908465206
12435,5608.488302924515
12436,7466.542694793396
12437,5010.381430929469
12438,5526.488618632335
12439,15883.157973761166
12440,7853.0282261550565
12441,7200.721245454733
12442,6657.347090510358
12443,4733.228399484327
12444,5673.360928938928
12445,5854.622904833278
12446,12091.812146487204
12447,5162.907613091734
12448,4588.535810434769
12449,7659.46476126116
12450,4957.637892809357
12451,6627.291430092049
12452,6727.746900013497
12453,6316.107988171425
12454,7239.115946397862
12455,4280.031094296976
12456,4520.237373029872
12457,4860.461561185218
12458,9532.859231992052
12459,8347.308968059746
12460,7420.4086874349105
12461,3398.818627940256
12462,6666.003525551739
12463,6454.4036304404635
12464,5337.918466288834
12465,7306.001208120629
12466,7385.572279756278
12467,6759.651754412673
12468,6362.322836326345
12469,6706.825815808492
12470,6130.580687784534
12471,5939.9940175075735
12472,7067.9296482841555
12473,5486.811924572651
12474,3904.358963326542
12475,7606.354808577767
12476,4881.174104214734
12477,5062.59099548871
12478,13106.115223604476
12479,6662.814257462635
12480,3484.087273077706
12481,8254.09056197326
12482,3356.827931114653
12483,10377.0652662494
12484,4076.0199558620425
12485,6573.674336308778
12486,4850.591428475939
12487,7247.81498256472
12488,6178.298037728297
12489,9938.474520842808
12490,3607.058396311808
12491,6787.48365312228
12492,6210.132916604605
12493,5665.502087188892
12494,3853.804904807762
12495,7423.035304995432
12496,8950.58474499791
12497,5605.5047689560215
12498,8379.754333055269
12499,7231.200331344369
12500,9066.603196081574
12501,4089.2741111543564
12502,5259.674891005032
12503,4902.383926165506
12504,8244.66993263157
12505,8390.340547493026
12506,5794.665193196754
12507,8420.32354389295
12508,5739.165360013613
12509,7996.85634111392
12510,4569.852488785377
12511,4196.0739340482605
12512,5877.983523354154
12513,6182.515780220017
12514,9780.700921057285
12515,6540.895025126741
12516,6197.2921320347095
12517,8608.38757384695
12518,6930.134366769953
12519,6828.806682650952
12520,6330.020950076699
12521,6347.356307341476
12522,9227.143734313035
12523,12036.649969206122
12524,7438.059933062356
12525,4922.816983078007
12526,4075.6605961402956
12527,3426.3248606866946
12528,3465.52933171376
12529,8812.567450921975
12530,4353.167641039039
12531,9139.692716986014
12532,3349.5798879359318
12533,4928.757349397328
12534,4785.116350257553
12535,9899.456133893493
12536,5394.939368868943
12537,4199.665612867035
12538,6249.605116610892
12539,7861.704092378017
12540,4882.108500671325
12541,7834.575946515213
12542,7636.70995532616
12543,8928.237280042476
12544,8243.468778471324
12545,7669.541036727084
12546,6314.857652492324
12547,5098.2920242506625
12548,5319.715665485553
12549,11010.948027208928
12550,9281.835416306678
12551,8136.904544682446
12552,15825.483192615164
12553,6550.275666588511
12554,4923.198214289193
12555,6981.779566039222
12556,9208.69933781307
12557,7384.016140453906
12558,7221.479563568314
12559,8338.898918032075
12560,8807.012192566655
12561,3151.08018868467
12562,6935.0203004192745
12563,6087.167312724392
12564,5424.388365040582
12565,3926.197383761494
12566,4259.4297068828055
12567,5675.840190335944
12568,8963.219120651407
12569,17304.76329803827
12570,6419.290032446668
12571,5258.887515020854
12572,8007.54259578546
12573,4375.740004216022
12574,6739.9739804560895
12575,4448.013710970911
12576,9669.49543236619
12577,5136.2368694133675
12578,6485.979756642749
12579,15417.8285820507
12580,11714.56141961639
12581,6382.8569881663625
12582,5487.121655034525
12583,4236.3817524187
12584,5268.354260176377
12585,5935.526982117579
12586,7304.165120415112
12587,4820.206201143374
12588,4532.524761214499
12589,4727.6442017422605
12590,6218.940953851674
12591,8065.3826656895635
12592,7490.607093161014
12593,3586.6238124910087
12594,7775.409636955436
12595,8803.200542775872
12596,8243.118862716357
12597,5341.148047885125
12598,4562.200993854663
12599,8661.956605506506
12600,3116.7954932612865
12601,9952.591329740524
12602,5029.783658377704
12603,5594.003366221497
12604,7413.299458138755
12605,10318.01258549659
12606,3517.910745986253
12607,4994.438429331814
12608,5085.566234938525
12609,9344.36033651884
12610,10289.378665478866
12611,6310.8106778213505
12612,4293.4534394316615
12613,5601.491429328921
12614,5884.728849156779
12615,5137.836690366519
12616,6291.48164742462
12617,6728.0406785669065
12618,8794.637598058624
12619,7667.886812401933
12620,6888.75387188935
12621,8424.29087440321
12622,3780.6528149587107
12623,9469.429562951826
12624,6078.476442166299
12625,11973.226924295026
12626,6161.294054650956
12627,5338.820933528051
12628,4195.265987409216
12629,4586.439070477089
12630,7508.50810923861
12631,16501.07771283514
12632,4338.432654272924
12633,5159.704749950645
12634,10887.441724065122
12635,6849.464209021986
12636,6415.060938986909
12637,8357.344290398338
12638,6986.873600112774
12639,4218.686103294017
12640,5003.974848327266
12641,9718.889499427649
12642,5917.038908613415
12643,7800.692670292353
12644,7926.706959927986
12645,3770.5510567646625
12646,5988.283682639545
12647,6312.033223722386
12648,4272.3808465057655
12649,9318.815000682993
12650,8966.128174609285
12651,4249.053712768965
12652,8405.155444222923
12653,7537.08799271695
12654,5212.491887093183
12655,9422.403145363773
12656,7083.824074756521
12657,9113.989822921518
12658,5039.311143198928
12659,5363.601997513977
12660,6727.138029864853
12661,3198.3544193467155
12662,7497.514401454791
12663,4681.128478500736
12664,6245.989799519566
12665,5004.369535639625
12666,4436.337674447368
12667,6632.411083212621
12668,6850.398417733549
12669,6981.5207272994585
12670,8716.073608421611
12671,4332.2906288557315
12672,7836.703861159387
12673,5419.349669013722
12674,8216.361929900551
12675,8780.755395651513
12676,7388.3420432602625
12677,3365.9502244976716
12678,4527.681895004275
12679,7707.811344555515
12680,3943.410588760089
12681,9661.197239722402
12682,4607.075263580424
12683,7128.178773890819
12684,10997.20030729955
12685,7162.356594648046
12686,4318.44177382542
12687,7236.500008399188
12688,10137.948500056904
12689,5722.463700446417
12690,9016.236275281968
12691,10703.458409428697
12692,4887.712458558226
12693,5287.901705250791
12694,7158.912616398341
12695,4526.697551883831
12696,4313.282931497556
12697,7454.908427588029
12698,5002.169200923645
12699,6625.683463454626
12700,7282.0891485183265
12701,6961.361179157568
12702,8665.583355556435
12703,6551.229373524908
12704,6459.583879256772
12705,4933.935059690511
12706,6010.72607795805
12707,7314.038909706795
12708,6977.173693096301
12709,6395.082470731551
12710,7029.214357792041
12711,9692.97519662159
12712,5825.66433361564
12713,3959.377979378107
12714,6642.500989667362
12715,7460.696294032363
12716,6978.636279041553
12717,4799.343319205408
12718,4334.40058132601
12719,7061.724181433646
12720,7165.412214831615
12721,5553.260643807292
12722,8768.644121200421
12723,5879.324710028906
12724,7198.7949676186645
12725,5848.334195283449
12726,3959.7117625395954
12727,6753.164939677306
12728,6935.784879999489
12729,7197.381249304961
12730,9838.017459124127
12731,8753.741243055714
12732,5003.760850688244
12733,9186.22740877414
12734,4104.088796223918
12735,3245.54731118849
12736,8725.842587196266
12737,9287.38925413113
12738,8268.509984271766
12739,7634.794182098262
12740,3395.1564137086193
12741,7010.168460734667
12742,9238.964172079775
12743,6149.570048450466
12744,7833.543910315222
12745,5691.147130171835
12746,4997.605771395172
12747,4065.13015262043
12748,5746.683930896804
12749,5766.1492161334145
12750,5071.165295120974
12751,5331.654098862718
12752,4283.868422461666
12753,5792.959528760399
12754,7672.888511678426
12755,3744.6772690904063
12756,6573.46206748108
12757,7315.0048829906855
12758,6064.628298220373
12759,5264.888042349963
12760,9050.667389772447
12761,7951.435319100176
12762,4948.721801026535
12763,4231.231560902779
12764,12349.120505087223
12765,6873.0699374431915
12766,5544.3847703263755
12767,6500.57340752309
12768,7089.8136051304555
12769,7995.456235833454
12770,6354.293652585115
12771,7075.062767809955
12772,9432.407368706627
12773,9733.843583129546
12774,5211.360236095235
12775,5123.959535633796
12776,5736.350609284971
12777,7257.819934272728
12778,4873.136859863384
12779,6746.0821988158705
12780,9816.185834360736
12781,4825.4211730186435
12782,4502.597818951892
12783,6207.3582215642455
12784,9163.300661008863
12785,4919.144781922595
12786,7872.671884185276
12787,3475.414857046747
12788,7587.577994367279
12789,7347.945620926354
12790,7998.948799259664
12791,9011.859532416513
12792,6704.06502055153
12793,2981.760534651689
12794,7234.160550746438
12795,7466.486679511205
12796,8939.72377783565
12797,7982.680074565369
12798,8294.512261320719
12799,6640.7421586594155
12800,4769.68437104454
12801,10194.190521428609
12802,3455.808742590992
12803,10788.282481616952
12804,4627.316428153406
12805,4401.1613663053
12806,7172.24412992791
12807,6438.748609150996
12808,7152.440158598382
12809,8621.698186646152
12810,4369.354809644572
12811,4711.205793247703
12812,8047.869121751189
12813,8649.90598633761
12814,7650.40055486787
12815,5876.376014087523
12816,6143.387788441265
12817,6760.061936404481
12818,6635.031196433964
12819,6257.304334129347
12820,9976.229112595007
12821,9142.36939620233
12822,9343.922368198739
12823,3463.503434776897
12824,6431.752185623416
12825,9213.25277830603
12826,9074.181894108406
12827,5454.161467158507
12828,11134.266010488931
12829,5434.624512775235
12830,5869.486314316206
12831,4110.373284673155
12832,5505.782765089459
12833,5664.526824100969
12834,4278.887274487543
12835,3700.3353863620914
12836,5379.337876714851
12837,8862.854656051397
12838,7771.172139686337
12839,23573.73580612891
12840,6856.524808630066
12841,4754.162335470812
12842,8431.464450510159
12843,11276.29663440751
12844,6954.122705563086
12845,8107.087443166732
12846,5807.515516321834
12847,9306.660216675586
12848,9005.125259417684
12849,3888.3054290261416
12850,5873.77247108512
12851,7280.385784504471
12852,8178.057603579274
12853,6997.853529832262
12854,7735.890389720809
12855,5493.32525991062
12856,3800.5590963290247
12857,6042.753122175228
12858,11590.42162404332
12859,12255.488872798582
12860,11304.526016790207
12861,9460.313384603016
12862,4568.4091358686
12863,6640.358372667626
12864,3653.8404967725637
12865,9075.862613729414
12866,12391.178739460736
12867,9034.162352364407
12868,6970.208342147254
12869,6248.844391574355
12870,4487.008625759779
12871,4879.673337462264
12872,12301.883761640396
12873,7318.506463983581
12874,5475.064447499023
12875,4161.879418660532
12876,9615.061826400313
12877,4147.543847319722
12878,8391.469219636692
12879,4662.659518261839
12880,5450.322022370424
12881,6326.4900008428995
12882,6183.572667617612
12883,7885.446746816086
12884,4991.64468316313
12885,5654.501121702968
12886,7555.073706600835
12887,7718.217967934468
12888,11919.045723516407
12889,6183.644544478077
12890,8710.53709322362
12891,7940.118573247049
12892,9925.1361458363
12893,7230.498306043094
12894,9870.923605416496
12895,3458.3975073832075
12896,5336.367404600745
12897,7288.60818266604
12898,6372.187372377751
12899,7746.199014150972
12900,8611.47970047048
12901,5764.263906640632
12902,7653.524981111559
12903,5706.619332837205
12904,10612.471881628144
12905,4498.678160476977
12906,16366.574800784783
12907,5713.08674878138
12908,5322.8455399417635
12909,10214.19377984196
12910,5693.678933187483
12911,6964.290160765645
12912,6721.148892800976
12913,8535.571828729873
12914,5778.689205366234
12915,4083.4901064093
12916,6396.38611757878
12917,7733.2749277568855
12918,8598.443398585987
12919,4608.429840461985
12920,7634.319397395509
12921,9655.865436601212
12922,7868.622836856545
12923,5697.298132960301
12924,7398.017777891615
12925,6091.376617487031
12926,5961.6956830670915
12927,6489.801030685207
12928,4494.194707181263
12929,9624.132527470518
12930,7485.278505906738
12931,7745.048810162456
12932,8863.195936890394
12933,5054.596182503587
12934,6468.788179858049
12935,3901.1498054219064
12936,9388.300321136407
12937,7466.597719274185
12938,5215.257331439891
12939,5021.664848677285
12940,5392.5604519862345
12941,6124.509611399385
12942,4726.506163374499
12943,6988.473094386427
12944,5004.995135917483
12945,8946.541329713751
12946,5288.705225983587
12947,5218.256562398721
12948,7267.164291859735
12949,6907.905960748056
12950,6757.171324410732
12951,9317.29135491896
12952,9531.627200104427
12953,4796.38066817145
12954,10196.823316832653
12955,7176.825329478162
12956,8925.686210832164
12957,10497.258415092498
12958,5207.666229741595
12959,11891.09888859585
12960,9494.850764031067
12961,6236.438221284163
12962,6581.494323340625
12963,8272.515438675206
12964,8416.129259431897
12965,4701.101351288548
12966,3311.4687640252187
12967,6247.084738574916
12968,8790.964152329336
12969,6593.43133162386
12970,5138.646160020221
12971,9740.643811575064
12972,5723.402652497548
12973,4772.1077563165545
12974,7298.702342253346
12975,6166.473741642114
12976,8969.895722353649
12977,8480.055781116476
12978,5007.007916572746
12979,5316.505484709812
12980,4967.864164843566
12981,7409.38425068115
12982,3051.5084286624
12983,6889.211420991969
12984,5906.137853979305
12985,9846.602896601984
12986,6163.258252119086
12987,5570.49518408715
12988,7887.199878344153
12989,6587.423122459999
12990,5738.496396767992
12991,12489.03201263866
12992,8491.830903729875
12993,8474.371682258423
12994,8771.75661736623
12995,5347.201065819444
12996,6832.021955078394
12997,4466.468055561599
12998,8776.229220790288
12999,13167.109095601849
13000,7112.0816860718705
13001,3732.5781810145236
13002,6543.535197413466
13003,10015.669331653062
13004,9952.62667673645
13005,4726.309165693766
13006,7885.283631365433
13007,5492.56959273299
13008,4161.2954128583715
13009,3784.409250653129
13010,5686.479611885901
13011,6726.626808640896
13012,7599.986183026253
13013,7261.972740461899
13014,5371.715121660742
13015,8636.273874257698
13016,10107.77727810549
13017,8983.621597582265
13018,3702.3878650345796
13019,10729.669347748682
13020,12675.051008477458
13021,6158.900247517724
13022,8342.772320137137
13023,5966.182193756907
13024,7641.963143376281
13025,4427.141072216914
13026,6135.496341467051
13027,6287.855806109352
13028,9991.399538774433
13029,8241.388743886584
13030,9927.55519946239
13031,9314.951510711317
13032,5978.689440677367
13033,9402.166478634294
13034,21462.74104040311
13035,11313.744296361476
13036,6412.199074366231
13037,3346.504537472164
13038,6750.751990681106
13039,9552.556389528603
13040,4636.687144195312
13041,12567.938311300537
13042,22092.365769440083
13043,3084.3114468257445
13044,5573.53858406188
13045,8725.092759417588
13046,6155.688714249134
13047,10121.742457915378
13048,7455.178429221161
13049,8997.778873337187
13050,4274.836454794356
13051,6036.171956322937
13052,5075.13612876438
13053,8714.940347220636
13054,6999.430689432061
13055,5937.697425481952
13056,6288.793687873207
13057,6232.019262542567
13058,4127.157112718991
13059,5622.443143835963
13060,6882.811269979203
13061,4162.672854606335
13062,6133.632851060126
13063,8952.030438020156
13064,6454.269730164916
13065,6255.723026359604
13066,8379.44632166028
13067,7653.27566425451
13068,6910.779495982896
13069,8513.677852596957
13070,7738.351718423088
13071,6642.01378948498
13072,3740.587424967396
13073,7155.078189144266
13074,8088.2310371220965
13075,6114.958424838113
13076,4135.290045826348
13077,10219.610586238483
13078,8050.555694239706
13079,9779.301717658711
13080,7835.997516810746
13081,6012.511156696118
13082,5895.46005372781
13083,5273.692037186718
13084,10946.25113149059
13085,4308.587903562647
13086,7752.480890415706
13087,17191.029566497848
13088,8415.438604098472
13089,7303.965308444807
13090,5109.113623245904
13091,5409.691010507628
13092,6947.677354596772
13093,3741.589625732118
13094,6131.776471398613
13095,12371.742606728754
13096,5516.664198935956
13097,19291.281796340674
13098,15905.196287272393
13099,5365.482767418249
13100,7601.3242053294825
13101,6718.6717690923715
13102,7984.419390178229
13103,6309.556363151123
13104,9601.295618071721
13105,8405.923317532293
13106,10756.491009547204
13107,3704.770693021873
13108,8448.72254537344
13109,4504.629747413914
13110,7154.600094804982
13111,7191.8386317025415
13112,6923.130358083114
13113,6279.136639242712
13114,6467.749344237391
13115,9639.823387932483
13116,10940.749504464848
13117,5919.583712909798
13118,12267.61833383443
13119,7388.026578296482
13120,10966.035282991395
13121,5610.285809144143
13122,4303.287132356076
13123,6356.290604426032
13124,11304.57171466664
13125,6946.568531345666
13126,8334.530143775766
13127,7736.7846423911
13128,10649.303089039802
13129,4523.902935799854
13130,9054.356763570404
13131,7726.464890771245
13132,4542.029087539303
13133,16058.098375897896
13134,18385.498809383407
13135,5881.305276850386
13136,8143.611038417775
13137,9993.969781900309
13138,12131.117086656259
13139,13296.008598695538
13140,6683.110901926353
13141,8973.375925421036
13142,6562.6996437759635
13143,8940.360875714196
13144,4411.967572824124
13145,6504.203121542558
13146,6104.000078365911
13147,4608.6688691946065
13148,8405.956126169714
13149,5512.609083245668
13150,5301.001232626356
13151,7565.08098180499
13152,2747.522195237658
13153,5139.089117155128
13154,6456.3560459541195
13155,7535.272922828164
13156,10653.261768687416
13157,7255.620207830266
13158,6173.706442036734
13159,6382.871238765285
13160,6884.250570861285
13161,13335.272703047558
13162,8502.498582689801
13163,6299.647032371247
13164,3997.271991064833
13165,8565.602885940632
13166,5175.560688301306
13167,7571.750229039836
13168,3787.232106196144
13169,6333.698485138938
13170,5691.24920542294
13171,4856.687188242328
13172,4483.204845161496
13173,7824.909772837394
13174,10191.076534551308
13175,13728.847349426498
13176,6821.81233406963
13177,8068.569095976391
13178,3644.2461435845785
13179,5661.910749637871
13180,7131.234967479266
13181,4808.590759784503
13182,9038.811030705187
13183,6383.110808748187
13184,5978.285513520922
13185,10267.624654604891
13186,12458.448982117045
13187,8389.591709180604
13188,5563.503140657757
13189,5635.70057448582
13190,11271.297337363558
13191,8930.92691717189
13192,6382.844990605346
13193,4252.293029410558
13194,7343.1174269285175
13195,11386.25211691998
13196,5308.559756147516
13197,6686.524237501713
13198,8835.04255943532
13199,9666.60646888818
13200,15848.423842659817
13201,5990.652092543119
13202,16861.104896545177
13203,5413.856045220453
13204,6004.823572429874
13205,3938.52275030948
13206,6945.320833834897
13207,4694.547541782218
13208,6382.4892335514905
13209,7943.6441745024795
13210,4201.749103752324
13211,5446.845842742106
13212,7938.831086739774
13213,4286.401152804722
13214,6962.878588201167
13215,6620.881112124228
13216,6888.708784293566
13217,9699.902321244472
13218,5749.926238302496
13219,10175.985887729652
13220,5988.126799998896
13221,6403.097058245552
13222,4773.146987594653
13223,5342.127026965488
13224,10900.379542737777
13225,6868.693633235374
13226,5338.788775704903
13227,8853.128146345924
13228,9412.27759748657
13229,8023.906382201573
13230,6467.0480789115745
13231,9920.568124900665
13232,5707.7615759820455
13233,5349.9956152182
13234,5020.625948907088
13235,9390.875493537125
13236,6106.601744358581
13237,6900.789014800043
13238,4306.492123345951
13239,5653.399694225365
13240,4344.598225572146
13241,5118.480401393953
13242,6398.658430443089
13243,10081.916756014694
13244,12528.359071305355
13245,12485.034410211163
13246,8968.669357528102
13247,7192.7873974543045
13248,5719.169718076961
13249,11911.591508212474
13250,10831.181392898368
13251,5266.377243612124
13252,9938.001821583739
13253,9805.799264838828
13254,6178.773581794562
13255,4327.27057023984
13256,9613.537628465545
13257,4757.303391651552
13258,7773.610160907176
13259,4907.958431061156
13260,3643.827536214999
13261,13586.649230079245
13262,4462.560376854926
13263,4999.291239728922
13264,5415.348305021981
13265,6118.712266972594
13266,7766.295619341487
13267,9197.972479884547
13268,6337.949839451531
13269,5916.496217970764
13270,4087.8621797558953
13271,5430.370945235093
13272,3644.678253928707
13273,8136.2281001272
13274,18866.14701433601
13275,5488.906400974672
13276,6322.75481963804
13277,8854.122833378498
13278,6281.374462032437
13279,6242.136420070523
13280,5513.895829545035
13281,4764.729048512698
13282,5882.464182272858
13283,7495.846076406097
13284,3676.2657422093484
13285,9285.377667482264
13286,3859.73999096658
13287,5049.179691408677
13288,10497.93959111198
13289,9653.252923311045
13290,10550.671783743674
13291,6199.579622358351
13292,7949.8415415684485
13293,4857.047258905617
13294,5848.248968864427
13295,18651.35975094921
13296,8191.831979310338
13297,7306.855539022753
13298,7067.86714506168
13299,4673.732322954561
13300,5581.0526401497855
13301,5141.249293460723
13302,10937.124979010843
13303,5183.319469643503
13304,4824.3463540265075
13305,7682.393263234767
13306,5189.41123039215
13307,6454.946509252243
13308,7105.175599378185
13309,6408.66807449724
13310,7304.439131281785
13311,4649.935766329546
13312,4832.208654204236
13313,4728.398918762321
13314,10355.210156444666
13315,8305.477120660955
13316,7621.189187332325
13317,3608.949414647783
13318,6966.229727205741
13319,7113.0505598802165
13320,5462.736031334305
13321,7761.695138051459
13322,7894.289989534328
13323,7186.05069474574
13324,6896.330767840262
13325,7213.15986572274
13326,6153.847174106087
13327,5804.646003976822
13328,7571.569415052661
13329,5528.004859756315
13330,4144.005626083573
13331,7429.139303573666
13332,5010.50577681352
13333,5689.587786185419
13334,14067.714043345588
13335,6188.449666840317
13336,3882.559318280755
13337,8867.413953006604
13338,3478.758907012245
13339,11142.070091121948
13340,4349.121020127236
13341,6904.721019048735
13342,5267.5100335647485
13343,8077.482883651851
13344,6315.144415275523
13345,10685.31604450724
13346,3706.8024852061076
13347,7482.71394170773
13348,6305.614443869244
13349,6146.053969853421
13350,4007.805783318363
13351,7987.498359139534
13352,9811.346526419851
13353,5957.162338720193
13354,9022.079743811379
13355,7197.964131525117
13356,9775.478513792892
13357,4194.442833839759
13358,5482.550227442252
13359,5113.247635112701
13360,8440.856023262031
13361,9791.208823242769
13362,4152.444239974463
13363,8789.447763123331
13364,5906.871274493272
13365,8419.59327098759
13366,4771.994232154863
13367,4342.3322943748935
13368,6117.277631212725
13369,6631.868835538084
13370,10474.099970519293
13371,6410.5860782924465
13372,6633.881761408607
13373,8436.729242460136
13374,7299.652319831947
13375,7231.074721037477
13376,6890.550193681034
13377,6491.997480773399
13378,9813.748972129644
13379,12800.122461940453
13380,8043.586559527934
13381,5092.232959135888
13382,4352.336324635751
13383,3513.825451657773
13384,3723.591236621946
13385,9498.598486567565
13386,4280.508027325477
13387,9996.654520759246
13388,3357.221368755248
13389,5010.714791147117
13390,4945.699815777847
13391,11554.601170601705
13392,5645.844744651073
13393,4441.003573521009
13394,6711.78688262548
13395,8332.12005646637
13396,4662.923877337937
13397,8738.408087636277
13398,7592.017200391044
13399,9800.791381528488
13400,8462.3628275344
13401,7658.523639822145
13402,6143.883601844997
13403,5474.878987171282
13404,5196.724463882673
13405,12363.372912144205
13406,10234.354808706392
13407,8626.528973549257
13408,16569.591212666648
13409,6487.11302355724
13410,4822.751700829059
13411,7434.881189174488
13412,9662.585840960623
13413,7635.120699745156
13414,7818.767335460809
13415,8582.00671465707
13416,9368.600914005574
13417,3406.6693572868267
13418,6635.6480597325135
13419,6007.73007558471
13420,5884.292143308395
13421,4057.4620486017384
13422,4641.2078290080435
13423,6163.327137373126
13424,8924.961503562277
13425,18490.052625639204
13426,6883.962232775013
13427,5572.530110599089
13428,9450.925196880245
13429,4036.6504200448826
13430,7108.714112266213
13431,4280.8771422148975
13432,9926.905229914222
13433,5283.806462103307
13434,6852.695501421471
13435,16565.155142341104
13436,12429.6616005721
13437,6781.38065360876
13438,5574.337099818976
13439,4405.004278478949
13440,5625.168009561332
13441,6430.013045056181
13442,7250.1567688227415
13443,5149.37021712885
13444,4482.925553322761
13445,5078.472990055394
13446,6337.498948432913
13447,8926.63080173432
13448,7830.9990244223545
13449,3811.026928013911
13450,7971.472861313889
13451,9559.817400417924
13452,8824.60219009267
13453,5888.893833446031
13454,4917.087818141599
13455,9281.872679766871
13456,3343.1839884945875
13457,10764.402129369675
13458,5102.418807005754
13459,5783.168895095029
13460,7518.445704167633
13461,10297.914288800608
13462,3683.6806843652785
13463,4934.624967152129
13464,5547.685192087576
13465,10287.083805099242
13466,11965.936918037956
13467,6447.860929141197
13468,4382.608660922399
13469,5839.230559199468
13470,6228.921025987585
13471,5334.88694909451
13472,6133.319174453142
13473,7105.813952932464
13474,9433.843217689915
13475,7875.709181312511
13476,7161.796850574192
13477,9369.796737650708
13478,4054.736376223624
13479,10241.033779013249
13480,6373.71817347915
13481,12906.141759858525
13482,6352.907710702429
13483,5311.277340460072
13484,4363.0033391745455
13485,4468.49612015278
13486,8192.565598491256
13487,17082.326300029068
13488,5219.706606228936
13489,5168.345716558722
13490,11044.108528995208
13491,7572.979382692266
13492,6699.744211855969
13493,9051.707366697015
13494,7325.548767420641
13495,4214.561164815224
13496,4967.262040538601
13497,10391.590249491397
13498,6160.0669270198
13499,8462.421115006655
13500,8361.549653488384
13501,4146.196564658
13502,6400.769591202105
13503,6625.476028011604
13504,4326.679256201152
13505,9926.715020244706
13506,9383.55553766287
13507,4564.029074063425
13508,8595.850128506432
13509,7301.118523806371
13510,5536.738957806768
13511,9817.444503206716
13512,7018.897720835223
13513,9023.648139131596
13514,5013.885152729831
13515,5670.547746784675
13516,8225.199297887366
13517,2943.6759070807125
13518,7865.721900701576
13519,5453.02830419808
13520,6662.805521431476
13521,5340.692849639876
13522,4601.458357389739
13523,7233.907723539607
13524,7455.717743863843
13525,7096.332405587943
13526,8416.193942853444
13527,4447.799991242024
13528,8510.77603325832
13529,5932.284036244349
13530,10151.668745918958
13531,9351.352394570682
13532,7654.2445551410165
13533,3687.976159418012
13534,4835.3476263021785
13535,8416.93246012061
13536,4337.807812694437
13537,10032.234426948953
13538,4743.987727388008
13539,7512.420843380081
13540,11666.473259075306
13541,7096.0073655206825
13542,4475.160637031671
13543,7742.541720168598
13544,10966.635174707639
13545,6268.2972593029135
13546,9756.697137641666
13547,9879.679212011093
13548,4892.45679339612
13549,6025.4523598064325
13550,7884.959436163166
13551,4793.430089103237
13552,4664.696400496891
13553,7832.078871537796
13554,5124.701168376314
13555,7237.341982771783
13556,7691.833473149238
13557,7428.913017973843
13558,9454.490206747656
13559,6939.59930271865
13560,6938.278162799269
13561,4587.951876266599
13562,6093.676127250695
13563,7939.707746536294
13564,6859.268003333041
13565,7122.07575649673
13566,7485.685021417418
13567,10100.050237516682
13568,6180.829732116489
13569,4267.386052252085
13570,6289.062355523418
13571,7713.469016700766
13572,7703.711259965108
13573,5187.618089659207
13574,4464.913770853771
13575,8552.680633377377
13576,7191.083058165846
13577,5938.4684958458565
13578,9024.561509610656
13579,6137.027647390244
13580,9084.479801770454
13581,5648.282852089762
13582,3992.9625499205467
13583,7095.5226832394155
13584,7321.61415921776
13585,7733.355450138538
13586,10556.782206535796
13587,10550.053147669309
13588,5424.912598026105
13589,8887.026816754475
13590,4514.744959469782
13591,3207.114552125685
13592,9205.473091390244
13593,10223.849954131101
13594,7993.866041764311
13595,8465.639188736171
13596,3567.94189906755
13597,8009.538552368255
13598,10045.18812671871
13599,6832.406132892862
13600,7965.8569831446475
13601,6352.30649641568
13602,5197.776467367094
13603,4362.194207922007
13604,5889.523398907112
13605,6490.247067317106
13606,5515.306204945572
13607,5327.40725950723
13608,4561.877289157357
13609,6401.120497347841
13610,8511.23223190064
13611,3825.2697539108362
13612,6869.0775377924565
13613,8036.338640190116
13614,6627.6000489658445
13615,5579.531161223891
13616,9667.040723574572
13617,8786.797551560845
13618,4733.369038290819
13619,4630.091570916477
13620,13203.328640458756
13621,6290.022598634997
13622,5630.350437223487
13623,6655.4093230867875
13624,8422.331720218333
13625,8758.13746602925
13626,6800.6505069915565
13627,7598.608632658476
13628,9947.478088420496
13629,10911.151999845866
13630,5587.364058515723
13631,5603.726328683392
13632,5567.880478978583
13633,7247.927680267581
13634,4851.527915990017
13635,7731.684203634484
13636,10385.055868634976
13637,5177.99188408706
13638,4518.937023941499
13639,6606.3910347881
13640,9192.813536414891
13641,5240.451088590786
13642,8230.598916000476
13643,3656.411509380011
13644,7282.0663539123325
13645,7928.428475000069
13646,8566.379483026074
13647,10211.698924586231
13648,7148.920043493027
13649,3028.9092135826845
13650,7198.114993763958
13651,7669.040769627213
13652,9704.683068982295
13653,8596.841756640051
13654,8377.51763636389
13655,6764.278158417915
13656,5031.5579205056565
13657,11030.972703570387
13658,3452.450764487702
13659,11372.126928526091
13660,4668.559675242142
13661,4809.004454224601
13662,7927.848568118472
13663,6217.135732524074
13664,7925.0698726021
13665,9434.197728330104
13666,4463.968574965018
13667,4717.451649846184
13668,8910.233240523168
13669,9331.899397860596
13670,8316.592119428004
13671,6403.315692760624
13672,6168.616190995986
13673,7213.5827718772325
13674,6740.256659213686
13675,6459.267982005057
13676,10793.71377431792
13677,9933.116886978969
13678,10305.350040469859
13679,3814.0941771025914
13680,6460.848363550046
13681,9661.496817537236
13682,9439.152221390772
13683,5929.561992789862
13684,11736.10176780361
13685,5870.102096741479
13686,6114.242574485737
13687,4033.7037801930614
13688,5877.646608050354
13689,5897.6372539341455
13690,4541.695587367412
13691,4053.415985038603
13692,5748.354786848754
13693,9690.192016029425
13694,7589.548648348468
13695,24623.56611350453
13696,6532.605769533113
13697,4952.831754881807
13698,9267.47763482756
13699,13378.37429930827
13700,8198.891156664939
13701,8818.229043150419
13702,6266.850065769837
13703,9241.768358748146
13704,9327.912236176864
13705,3944.9623841614825
13706,6490.053618099598
13707,7965.658569347929
13708,8585.567207455173
13709,6939.311381443456
13710,8062.520275342109
13711,6267.1044570312615
13712,3977.2434134431214
13713,6528.604643401721
13714,11974.731747108726
13715,13218.603812335148
13716,12494.80627153944
13717,10248.119859454511
13718,5672.969400614027
13719,7045.66645368381
13720,3723.1229124575048
13721,9667.431770572757
13722,13233.987270060468
13723,8897.383117454623
13724,7629.727476044192
13725,6760.199849701156
13726,4873.401588026143
13727,4943.792471835947
13728,12368.720014538025
13729,8187.221260857659
13730,5536.599387930682
13731,4361.104523361687
13732,9799.264233326105
13733,4414.304304813278
13734,8685.746616160584
13735,4886.515313878903
13736,5274.469208648145
13737,6408.8100306193255
13738,6696.160605528596
13739,8040.93453135643
13740,5242.166267360895
13741,5751.806003994207
13742,8455.521578251779
13743,7923.037743753764
13744,12217.976997010463
13745,6264.657391136769
13746,9412.890255634933
13747,7276.382883489057
13748,10804.509989368356
13749,7915.966821566136
13750,9908.662511310147
13751,3819.897175656687
13752,6318.9165873882675
13753,7893.969460899252
13754,6746.307854929774
13755,8024.3192539464335
13756,9009.798230663404
13757,6476.1550674900345
13758,8212.487720132025
13759,5675.408763894752
13760,11384.714815845986
13761,4945.79775886272
13762,16968.39133877556
13763,6211.217671521266
13764,5521.493986967587
13765,11062.308820054768
13766,6501.5463206812
13767,7452.463605290067
13768,7409.427674467251
13769,9282.127550747908
13770,6147.376342990988
13771,3926.4362915126535
13772,6396.900936770311
13773,7384.958076741132
13774,9089.895874606953
13775,4386.467038300584
13776,8127.216695817246
13777,9929.766092042675
13778,8788.261954035894
13779,6045.243763594714
13780,7767.230069072984
13781,6270.16791367521
13782,6158.769298940031
13783,6553.006327068106
13784,4921.776043206275
13785,10469.42729442214
13786,8074.82201814333
13787,8403.868566012423
13788,9023.406079719067
13789,5831.071564966881
13790,7233.727335923403
13791,4036.1843054901537
13792,9924.103821810158
13793,7910.163927756906
13794,5310.499984417416
13795,5355.149955569405
13796,5560.04783265968
13797,6371.3106590565085
13798,4926.830475840371
13799,7216.190837803512
13800,5217.719110699693
13801,9342.033565550442
13802,5455.358475593654
13803,5500.749369874761
13804,8248.62815382814
13805,6981.671728720868
13806,7177.737211347331
13807,9525.082656559174
13808,9898.70835385952
13809,5049.903833732203
13810,10749.00352838889
13811,7779.854580046353
13812,9582.859981950649
13813,11272.406656706647
13814,5331.57940222965
13815,13109.816778814667
13816,9163.331166358457
13817,6708.300376399531
13818,7187.924984400891
13819,9049.39372723282
13820,9059.088220600303
13821,4953.019128450089
13822,3462.5259512164143
13823,6783.685241402287
13824,9215.385146231913
13825,6988.790348231081
13826,5556.329808549151
13827,10868.453103845135
13828,5801.1363925156775
13829,4743.273480463088
13830,7959.550676750978
13831,6988.455201297566
13832,10283.906126456613
13833,8910.893883874305
13834,5410.913508740107
13835,5389.174687360779
13836,5356.8153708127265
13837,8043.404351776806
13838,3318.4872884961665
13839,8652.846363754794
13840,6409.837726156338
13841,10310.921076552806
13842,6505.574638380175
13843,5673.330510141355
13844,8143.098892760575
13845,6394.526702965567
13846,5608.188146062179
13847,13172.254309460759
13848,8817.64518175286
13849,8133.462401522965
13850,9276.648319570297
13851,5133.1862570840985
13852,7350.680521520591
13853,4550.455516088403
13854,9847.716618253186
13855,14260.228130556588
13856,7945.360865303166
13857,3768.8118493055463
13858,6089.493868739176
13859,10741.073704049128
13860,10391.707439688458
13861,4894.854991129856
13862,8515.868072444593
13863,5809.429269500764
13864,4303.872346674409
13865,3964.6012422165663
13866,6433.020259398281
13867,7359.981196516971
13868,7889.145469233606
13869,7891.190730369529
13870,5653.4796143284675
13871,8944.069933320514
13872,10598.695843083275
13873,9425.92756769532
13874,3740.366924397471
13875,11354.023614932774
13876,14103.836629889263
13877,6876.005799045712
13878,8966.117945622407
13879,6397.491695057054
13880,8145.195097367059
13881,4819.540069445603
13882,6785.485733745416
13883,6857.934102550329
13884,10229.85284886811
13885,9034.369653062598
13886,10512.228279794932
13887,10229.24061727333
13888,6386.106499918006
13889,10041.643821570637
13890,22398.52634485332
13891,11951.248545956047
13892,7602.999544460259
13893,3343.4290384394985
13894,7126.380889794739
13895,10642.539018481903
13896,4925.315880085293
13897,12698.440933922004
13898,22143.989154087823
13899,3089.607726726955
13900,6246.179504644683
13901,9153.09992383868
13902,6205.75153988999
13903,11417.496727642609
13904,8272.466482255957
13905,9753.661150636528
13906,4366.227124868633
13907,6222.515867313307
13908,5351.393752996375
13909,9432.182713910715
13910,7123.160086675414
13911,5781.645263729671
13912,6475.666713277347
13913,6516.713561747983
13914,4508.168654533195
13915,5899.178287672186
13916,7127.135014490278
13917,3983.5613153910585
13918,6479.587247719704
13919,10149.594311572375
13920,7598.85280377659
13921,6523.832149090486
13922,9331.931344866798
13923,8298.095250898004
13924,6904.856604046379
13925,8897.913832744813
13926,9011.651200515762
13927,6947.387273036108
13928,3673.5778631212474
13929,7551.137647942593
13930,8986.682347006
13931,6239.731929060433
13932,4348.407330841787
13933,10930.771926230496
13934,8763.34149173274
13935,9731.348872742616
13936,8456.94944934939
13937,6765.248443350944
13938,6438.839349080564
13939,5651.6686314238195
13940,12158.699616843134
13941,4285.276915337435
13942,7480.265635835294
13943,18894.8897147727
13944,8666.265707515813
13945,8120.51938096383
13946,5143.9478964165355
13947,5875.093319457111
13948,7007.412956734644
13949,3658.7459842858534
13950,6587.207372992484
13951,13181.036789577895
13952,5410.030641573248
13953,20618.469625415197
13954,17380.985814475378
13955,5392.521727643593
13956,8033.767660852352
13957,7191.240328422218
13958,8639.154935942512
13959,7001.654188772533
13960,10048.337980208582
13961,8948.989282095905
13962,12227.078660434092
13963,4129.1858054260365
13964,8795.567650372914
13965,4207.273572222415
13966,7439.038758125655
13967,7717.051831141112
13968,7483.407736037133
13969,6250.990166606234
13970,6559.920528212749
13971,10288.403507582852
13972,11890.26807647991
13973,5849.174097464721
13974,12881.541989466197
13975,7457.600392051202
13976,11932.434462703968
13977,5970.295970793602
13978,4361.273655495748
13979,6933.527694710158
13980,11576.1609309815
13981,7267.076418129241
13982,8655.91192278469
13983,8232.241276695566
13984,11247.461647636073
13985,4479.6352148367405
13986,10474.979422800921
13987,8848.017573322264
13988,4957.875677262974
13989,16142.362293196846
13990,18678.362331784818
13991,6062.145398860045
13992,8817.782731304322
13993,10935.797363073229
13994,13278.86378655873
13995,14060.789999750996
13996,7903.333720895341
13997,9882.425429133906
13998,7272.019591691862
13999,9653.168023754506
14000,4863.813188209356
14001,7430.808252361035
14002,6579.943065815282
14003,4760.54005610673
14004,9048.527195076782
14005,5517.743058750309
14006,5987.056944758515
14007,7778.201237163818
14008,2924.556368306588
14009,5269.028721306208
14010,7208.749493439248
14011,7141.860506336104
14012,11128.74020558268
14013,7510.913702486239
14014,6487.933797647557
14015,6524.859693143198
14016,7225.901682917634
14017,14171.723877995884
14018,9197.128825700951
14019,7129.939729653046
14020,4040.8539153836773
14021,8342.267224531764
14022,5317.679355862197
14023,7761.818969458182
14024,4061.127144633305
14025,6737.856278799772
14026,6384.157067146556
14027,4858.570722132113
14028,4439.933881145773
14029,7824.4511368664
14030,10813.43978412685
14031,13909.010452314482
14032,7844.063428205445
14033,7995.817508023887
14034,3767.643739638289
14035,5949.597805060108
14036,7579.837093794029
14037,5131.336729714236
14038,9146.115828851354
14039,7043.070411404876
14040,6291.803984037868
14041,10961.13796917512
14042,13326.335688746774
14043,8230.416988368492
14044,5771.952394701901
14045,6397.571765671073
14046,10953.634794897327
14047,8300.634753429214
14048,7201.137552403267
14049,4373.048425349089
14050,7707.880723071494
14051,12870.177586771326
14052,5404.399523477886
14053,7357.159703787056
14054,9271.556658054571
14055,10350.817265823023
14056,17625.830071329965
14057,6147.532478467859
14058,17552.26919618854
14059,5715.629056690483
14060,6338.474004064412
14061,4509.68486400868
14062,7601.650629292525
14063,4902.1348795952545
14064,6859.699655373489
14065,8019.756296354139
14066,4354.153395326429
14067,5831.3839608529315
14068,8553.376534196203
14069,4686.936652061395
14070,7178.358863386061
14071,6552.802645239255
14072,7589.53849935
14073,10613.88734546632
14074,6033.319557883996
14075,11130.656790992567
14076,6096.499019219424
14077,6573.608413651113
14078,4764.67885348623
14079,4854.305411319733
14080,11496.437450688385
14081,7457.574662416793
14082,5790.414110302543
14083,8919.284830032571
14084,9869.222285083062
14085,8870.755868782373
14086,7204.1948487598265
14087,10424.97467030749
14088,5927.9356105896
14089,5277.098073615072
14090,5463.9437165268
14091,9401.201191245329
14092,6646.25091043048
14093,7913.909913648056
14094,4460.9415679592685
14095,6207.577395605047
14096,4553.9010354064485
14097,4941.383842132121
14098,6303.193972404514
14099,10856.007698777035
14100,12888.219046145217
14101,13340.628385339329
14102,9556.628915620153
14103,7540.980656015343
14104,6031.666662331109
14105,11979.408489812677
14106,11675.926553300887
14107,5332.466672292845
14108,10993.68308766267
14109,11880.697545662668
14110,6621.808859732272
14111,4965.955261751382
14112,9959.764931272832
14113,5022.168147620535
14114,8520.496226427975
14115,5179.571119244028
14116,3665.6094675568665
14117,14501.03270284552
14118,4253.679249116697
14119,5655.973727077431
14120,5679.91973787683
14121,6306.945180060425
14122,9216.119313993506
14123,10084.88606437275
14124,6513.103000879592
14125,6156.560001988418
14126,4019.3917949560127
14127,5405.492878953907
14128,3897.334270627098
14129,8816.156114365838
14130,19269.672878187866
14131,6085.003145489221
14132,6561.357234815061
14133,9338.174552967226
14134,7229.527055309388
14135,6912.683499248177
14136,5588.88785943064
14137,5354.004513911956
14138,6251.471130635588
14139,7796.667866931799
14140,3842.2465447639406
14141,9907.703461384308
14142,4270.034003779647
14143,5272.552449781899
14144,11103.585723821783
14145,10669.544626866988
14146,11553.386760553452
14147,7235.625702263204
14148,8946.79216553843
14149,4718.217558530846
14150,6359.531471297709
14151,18148.48112041173
14152,8376.879935154906
14153,7830.888301491234
14154,7752.238775741085
14155,4766.279675069578
14156,5557.712873579241
14157,5859.332962927592
14158,12138.087255134702
14159,5461.6139809270235
14160,4996.445875667699
14161,7901.292803601293
14162,5356.530193922723
14163,6697.354479344737
14164,7987.267415999442
14165,6773.248442303682
14166,7821.367106772997
14167,5393.329789716978
14168,4859.909808165022
14169,4832.296728282431
14170,11236.117822141083
14171,8293.007243546219
14172,8139.154694952949
14173,3824.5387820890255
14174,7005.6744785412275
14175,7776.756187487963
14176,5629.981762386251
14177,8650.236279838748
14178,8449.205556196886
14179,7854.003555092104
14180,7560.808720955735
14181,7852.38813097294
14182,6085.317194809237
14183,6211.01496472035
14184,7958.737670573458
14185,5448.576329016516
14186,4476.331471708237
14187,7724.394732692825
14188,4855.467356542163
14189,6183.536386298166
14190,14664.706853753645
14191,6760.4704186931185
14192,3713.4157830233116
14193,10110.32533644615
14194,3475.0805955580436
14195,12076.72089687325
14196,4479.436350993149
14197,7643.975703813805
14198,5357.1502170630165
14199,8338.685866899788
14200,7041.994451371277
14201,11173.499492484436
14202,3977.6814825610136
14203,8347.96397530704
14204,6733.96083392502
14205,6888.565191018447
14206,4575.401612013556
14207,8663.595049550004
14208,10938.293495285734
14209,6304.253611178534
14210,9959.599835357601
14211,7337.148164558968
14212,10684.728324074225
14213,3920.6678061015327
14214,5846.525452370596
14215,5412.904309625498
14216,9101.938138585518
14217,10090.562088957135
14218,4706.332837308374
14219,8795.592741959774
14220,6127.126127003163
14221,9255.053911583625
14222,4739.504635652503
14223,4531.546354598468
14224,6477.89043259894
14225,7515.2832639077205
14226,11014.835421338512
14227,7115.123823967867
14228,7501.2647359373295
14229,8925.728313652717
14230,8595.38767248581
14231,8784.036985240062
14232,7212.736454439039
14233,7518.8573044236755
14234,10380.938754759567
14235,13406.604232151216
14236,8872.386234971966
14237,5695.027799874412
14238,4623.5295602314645
14239,3537.536314712118
14240,4212.701556499616
14241,10609.135128613098
14242,4159.738560494283
14243,11582.269279419108
14244,3380.771815228706
14245,5226.545697844053
14246,5276.775868912123
14247,11526.888987036622
14248,5591.5513072471795
14249,4483.336866977664
14250,7539.963161488686
14251,9096.089148686939
14252,4668.945977297548
14253,8736.31358218146
14254,7115.047809376933
14255,10234.231174892378
14256,8909.24941706826
14257,8261.734834560335
14258,6522.13054276604
14259,6039.013270343354
14260,5422.124463933747
14261,14051.881612952604
14262,10715.008761609055
14263,9178.905461121862
14264,16178.050770114767
14265,6923.9467839631
14266,5136.685335286764
14267,8493.020932381456
14268,10262.246380608993
14269,7817.713986479436
14270,8447.154459523215
14271,9682.364742800124
14272,10112.134368911771
14273,3365.569115684293
14274,6659.986966030897
14275,6685.839320226878
14276,6787.4964424606005
14277,4058.4280571783015
14278,4914.287812582408
14279,6891.944804316238
14280,8776.670947844714
14281,19615.002850959736
14282,7468.153347360968
14283,5749.584831294559
14284,9993.036753230133
14285,4032.356966366054
14286,7281.025868997199
14287,4328.34068926846
14288,10773.438820728114
14289,5353.354706278974
14290,7658.006371090077
14291,18061.256839111327
14292,12063.356348814748
14293,7540.904693578622
14294,5954.855686160259
14295,4494.444067065263
14296,5769.578218765776
14297,6951.950744715898
14298,7381.134009230174
14299,5667.998211043528
14300,4412.897795921926
14301,5521.485537105855
14302,6655.339168861688
14303,10243.625678706821
14304,8502.575277734979
14305,3861.615465114249
14306,8442.592356209043
14307,10682.11679257321
14308,9482.415589262597
14309,6861.868631686053
14310,4715.29792708711
14311,10269.173207269774
14312,3456.3265858772884
14313,11360.057556119456
14314,5345.74074684105
14315,6217.107511938412
14316,7847.149566319547
14317,11316.551998438046
14318,3781.02285095131
14319,4818.658684561682
14320,5774.922767148873
14321,10689.326021748753
14322,12674.348808280261
14323,6678.786833581964
14324,4856.266170935504
14325,6125.361597914215
14326,6631.361156128386
14327,6127.257283812156
14328,6421.257242893553
14329,7689.559393155132
14330,9658.266426761342
14331,7689.017474025065
14332,8034.9228206697135
14333,9765.25242882613
14334,4278.21342408582
14335,10891.910855127619
14336,7164.856213261849
14337,12035.520202240468
14338,6884.83673795853
14339,5280.614290044115
14340,4531.032047150488
14341,5275.40992646075
14342,8809.744183193867
14343,17095.18921927372
14344,5238.9258053793355
14345,5063.798871372157
14346,12709.084153502781
14347,8482.654500730703
14348,7500.845559723298
14349,9482.89212003347
14350,8035.920127110376
14351,3956.1194664191457
14352,5633.09601940479
14353,11294.5898917619
14354,6694.758569321368
14355,9089.791344474184
14356,8445.862890335415
14357,4367.421496648199
14358,6538.203339850682
14359,7793.030192688618
14360,4288.621206200108
14361,10929.279015496448
14362,10934.915882338864
14363,4666.973980440948
14364,9171.273021434648
14365,7897.42824811
14366,5750.782093922046
14367,10181.411262411852
14368,7217.704843552725
14369,9363.736513714084
14370,5341.744264208901
14371,6153.229266584249
14372,7974.29813191948
14373,3160.8753632423973
14374,8424.424192598353
14375,5805.231561407205
14376,7221.388155610572
14377,6080.25037174767
14378,4839.656686253659
14379,7709.099010217948
14380,8206.58177798872
14381,7922.971482245265
14382,8215.389795639907
14383,4700.016892262463
14384,9122.620764234598
14385,5814.95335526601
14386,10648.774867843553
14387,9555.3281388833
14388,8173.075154408687
14389,3560.690567842597
14390,5113.874067754022
14391,9575.682660821623
14392,4316.040384492042
14393,9859.705519151215
14394,4863.0606538797465
14395,8250.717606635675
14396,12566.95013962464
14397,8115.405779918617
14398,4913.966239280002
14399,8115.431144307826
14400,11418.449416588302
14401,6548.5173114453955
14402,10951.176298012497
14403,10954.059145378691
14404,4910.0749268678655
14405,6487.574258500336
14406,8773.268073474288
14407,5120.063604540878
14408,4714.962841756708
14409,8091.175862594049
14410,5735.830665864435
14411,8052.883748886113
14412,8240.842938742397
14413,8380.896612400657
14414,10214.899545334069
14415,7827.092740740212
14416,7579.899892950256
14417,4952.10442046472
14418,6378.217491369493
14419,8597.745487931968
14420,7691.906968823598
14421,7636.189722809664
14422,8189.348767591126
14423,11346.45344069418
14424,6683.11115034255
14425,4607.932402997922
14426,7007.813733211328
14427,7654.33470402227
14428,8567.075253066578
14429,5389.2491018718965
14430,5003.997282107428
14431,7895.764816139208
14432,7266.586414079018
14433,6698.367320718244
14434,9887.326513711345
14435,6178.969851536983
14436,9223.525977273204
14437,5507.15927181006
14438,4418.490117625689
14439,7555.15575744811
14440,8094.586104768905
14441,9615.278857182713
14442,11072.827434071092
14443,10853.977010056049
14444,5848.114974130421
14445,9708.317005253697
14446,4571.9106774411875
14447,3619.1367492888107
14448,10192.86815205735
14449,10539.279455983404
14450,8389.966548077353
14451,9164.6666783691
14452,3999.724427803597
14453,9005.544102819702
14454,10514.60496188811
14455,7596.780954355873
14456,8641.108078185256
14457,6890.685792859399
14458,5424.286590186935
14459,4708.835258017992
14460,6156.898453285668
14461,7073.510406054817
14462,6115.381476754946
14463,5757.4350893653855
14464,4910.695312843595
14465,6704.5088403167665
14466,10096.47659481603
14467,3604.7186312331305
14468,7805.9455355049995
14469,8538.266659833733
14470,7085.752908042461
14471,5809.391281187657
14472,9621.025636131442
14473,9544.262129192666
14474,4666.383495947416
14475,5108.1912975887
14476,16318.682678969632
14477,6181.363267799772
14478,6053.821964779114
14479,7007.269523271224
14480,8613.520845859379
14481,9505.061530767493
14482,7416.170458066212
14483,8027.873780371145
14484,11100.867240937596
14485,10887.48812234013
14486,6672.249653797058
14487,6478.929575301013
14488,5726.914851837042
14489,7848.059941907858
14490,5070.541145505179
14491,7061.501069180946
14492,11452.719218506165
14493,5324.622229625091
14494,4878.60059940893
14495,7360.948645802605
14496,10100.004046058802
14497,5783.0599794833515
14498,9261.507569862959
14499,3858.906824082172
14500,6976.167574002575
14501,8651.655231375638
14502,9129.439672453436
14503,11254.878615983573
14504,7973.80886664847
14505,3098.0138515034278
14506,7533.114789630024
14507,8151.343025640225
14508,10482.84774252531
14509,9036.146422013875
14510,8646.837177785299
14511,7522.958464824032
14512,5451.387397401801
14513,11914.890766413535
14514,3376.06053921059
14515,12369.180302552088
14516,4689.181824230648
14517,4922.815348920321
14518,8947.739700491222
14519,6693.877368273853
14520,8153.860349572262
14521,10156.09283780321
14522,4947.98270823547
14523,4812.1805349401975
14524,9704.76592954087
14525,10505.15823547371
14526,8402.695344041613
14527,6643.383997095182
14528,6740.763545538003
14529,8153.28427431721
14530,7370.791268820313
14531,7192.507667091721
14532,11666.371227785938
14533,10755.361598363119
14534,10527.07489546524
14535,3909.401231304157
14536,6826.328574564722
14537,9548.419725246491
14538,10148.167116623832
14539,7252.1818569416
14540,12931.837937034203
14541,6269.3352425039975
14542,6766.974302143175
14543,4303.076582740469
14544,6582.877088852277
14545,6569.394186648029
14546,5003.349044607773
14547,4402.069306273229
14548,6612.333342401169
14549,10610.275911011255
14550,7821.508247624741
14551,25264.563370806136
14552,6406.7193175065895
14553,5340.707670665057
14554,10971.46243855368
14555,14345.819579769126
14556,9036.337727710636
14557,10988.811188044729
14558,6943.28987394607
14559,11060.987032682358
14560,11978.575954674061
14561,4130.660446755255
14562,8140.459836822144
14563,10300.7771693699
14564,9627.479402591604
14565,10893.331952811413
14566,9113.041145020881
14567,8419.063856657582
14568,4484.728360648419
14569,8227.465165605097
14570,17469.701840645623
14571,15614.160113718326
14572,17141.021047050148
14573,13431.94337864472
14574,6481.5584735130415
14575,7966.305946300277
14576,3823.724338938545
14577,11342.028512086079
14578,19572.843958543777
14579,10145.794749970153
14580,9882.445833900963
14581,8086.4538495743545
14582,4973.520009049155
14583,5543.456249227594
14584,16222.623026837462
14585,10352.971386615873
14586,6891.817502707553
14587,5017.764561596327
14588,11125.256358055492
14589,4700.392429120395
14590,10214.944972231844
14591,6225.934465568755
14592,6482.9978366380365
14593,7665.263897808938
14594,7594.61123222425
14595,10633.556382337916
14596,6446.948287290755
14597,6978.174803690247
14598,9136.664585334393
14599,10432.628436908355
14600,16780.36176747511
14601,7453.523202369681
14602,11086.841507453217
14603,9723.094254502445
14604,12771.218407424396
14605,9502.54523501451
14606,15183.185979487549
14607,4580.378371703879
14608,6662.468599571449
14609,9102.739830736959
14610,7734.201546250905
14611,9318.105362873577
14612,12333.747075830124
14613,7985.80155597864
14614,9817.11918509622
14615,6387.301528901696
14616,14913.175645627518
14617,5211.134200666388
14618,18836.531715321653
14619,7104.2281318885025
14620,5911.97805716902
14621,12464.614154775947
14622,8085.969063250373
14623,9076.440422526415
14624,8924.590223563016
14625,11076.967829691668
14626,8078.06848632395
14627,5099.803684276999
14628,7459.438293476647
14629,10982.07418536514
14630,12759.248920205642
14631,6239.619884323492
14632,8844.866382197297
14633,11956.385896926466
14634,9624.466252919614
14635,6672.127996851045
14636,9896.643580119238
14637,7068.4112764971205
14638,7142.346815103069
14639,7451.945589310903
14640,5392.896716734563
14641,14079.713169395856
14642,8877.34228850937
14643,11035.016575085443
14644,10720.556934413635
14645,5789.340447486948
14646,8931.540524003021
14647,4774.346073015145
14648,12955.842221820021
14649,8837.636659146836
14650,5906.180588499781
14651,6391.69296706554
14652,6465.095991337828
14653,7966.749431649561
14654,5640.645259605062
14655,8118.912362697394
14656,6005.442312791561
14657,11263.293057579425
14658,7691.15511370577
14659,6102.803465959269
14660,10389.548011498135
14661,7781.445528659129
14662,7589.576030803824
14663,12911.842544746767
14664,12461.795338851705
14665,5480.514260836163
14666,12877.350650125363
14667,8756.56311911569
14668,10725.180925201776
14669,14353.925456759427
14670,7136.354861992705
14671,14413.002081426908
14672,9775.43932843116
14673,7907.80325864683
14674,8152.79635760333
14675,9473.415111432105
14676,13286.437153767312
14677,6172.4330302066855
14678,3582.894651902584
14679,7829.409792547341
14680,10844.888097336227
14681,7530.142739448434
14682,6965.455387415259
14683,14348.364457682184
14684,6017.49653222911
14685,4915.442459447136
14686,7924.55582518691
14687,8774.195940351208
14688,12089.6454249973
14689,10153.12679548123
14690,6040.691160627638
14691,7821.577856983182
14692,5784.667094656265
14693,9593.439166162918
14694,3391.7459327937504
14695,9003.374008470739
14696,7544.367547991393
14697,11689.167159961244
14698,7045.771980750247
14699,6133.167399716177
14700,9404.215842188767
14701,7693.450319369862
14702,6201.496710640648
14703,15291.827188615116
14704,9805.385362963088
14705,12889.563752093094
14706,9857.97470019955
14707,7285.217382467759
14708,8634.892747359148
14709,5002.699136315011
14710,12017.144047242746
14711,17484.23883856614
14712,9480.247920656051
14713,4360.987262984529
14714,6827.648189480102
14715,13302.556656075109
14716,13656.064366938672
14717,5260.225237829982
14718,9967.278691868742
14719,6294.289217842114
14720,5092.566879830542
14721,4369.798971625337
14722,6903.560971867849
14723,8354.821540758538
14724,10191.098391363197
14725,8395.779067047437
14726,5635.558236235544
14727,10101.04032954738
14728,13903.96020808058
14729,10766.44265041947
14730,4054.055690709158
14731,12924.52252562633
14732,18949.15461207747
14733,9531.144596944412
14734,10327.067267379454
14735,7746.6701416675605
14736,9350.613632320039
14737,6885.973799716474
14738,7006.066792978514
14739,9996.134519128933
14740,11715.373828516786
14741,9675.57371808914
14742,13201.487966767088
14743,11958.432120875315
14744,7522.867748376431
14745,12872.315551494485
14746,24628.81317595902
14747,14801.513106560837
14748,9410.637557579941
14749,4626.822093467972
14750,8576.090351124747
14751,14065.707365153614
14752,5507.461069775185
14753,12874.848677691916
14754,23124.67824161047
14755,3470.1163123464908
14756,7503.296763169105
14757,10115.287376094724
14758,7145.855792265046
14759,14317.7733242347
14760,10855.13632111017
14761,11934.155637541895
14762,4490.934901467049
14763,7132.70353621409
14764,5626.92944351334
14765,10754.228501062995
14766,9659.623445111258
14767,7985.546926748491
14768,7529.471992002685
14769,7300.361815677382
14770,4717.131370958361
14771,6652.995174628908
14772,7908.467684592827
14773,5605.433943896588
14774,7783.54051432843
14775,11800.69001430193
14776,8182.813609417474
14777,8454.343531531258
14778,10003.03366061736
14779,9804.66904539042
14780,8181.914787514231
14781,11014.79351282418
14782,10006.23053002033
14783,7703.272881230541
14784,5556.932157766306
14785,8689.75143314084
14786,10051.411670122603
14787,9331.519287885732
14788,4657.594209839891
14789,14715.3700361864
14790,10272.346654425524
14791,15345.283620463575
14792,9243.29116085395
14793,8466.5559235206
14794,7770.397835935767
14795,6359.354561480805
14796,15428.513400991726
14797,5116.094227500013
14798,10104.135714735106
14799,21190.658056898275
14800,9588.125209651835
14801,9117.684043279856
14802,6053.240666668127
14803,6587.665924596133
14804,10248.288676295064
14805,4964.663569873647
14806,7218.0290421574955
14807,14312.243528384037
14808,7335.348683616058
14809,25642.034717165825
14810,18423.944519252185
14811,6048.524025914243
14812,10005.913132537275
14813,9230.815272319307
14814,10153.465739615143
14815,7950.191023806018
14816,11390.561601362175
14817,11181.430205381212
14818,16219.824151367999
14819,4723.760262606271
14820,9646.923365561866
14821,6110.492196517677
14822,8227.5285556743
14823,10180.58616519225
14824,9036.665056421123
14825,8803.155106788809
14826,6370.810310514756
14827,12831.26088716495
14828,13554.795996372095
14829,6839.932326680551
14830,16635.365856534467
14831,8786.433988955176
14832,13765.426169289689
14833,7031.514317847119
14834,4574.183513520289
14835,8945.113995058991
14836,15870.706573969579
14837,8527.526578510531
14838,11568.839131716086
14839,10026.875392747505
14840,15072.030932140315
14841,5622.557742513038
14842,11791.087945186653
14843,9511.32586452781
14844,5879.486288139588
14845,20661.99017051926
14846,21410.865314741266
14847,7201.641086877724
14848,11554.467711235766
14849,15536.201966341621
14850,16218.715392842987
14851,14944.965113874487
14852,9336.163966876458
14853,12658.185051805842
14854,8973.871467468303
14855,11555.011749155656
14856,5094.63620257213
14857,8353.846737412206
14858,8597.70997196983
14859,5434.413741460788
14860,10096.07089980249
14861,7194.998227672284
14862,8075.522292135223
14863,9640.835306522851
14864,2880.5186728092194
14865,6023.225819212108
14866,8286.207167506955
14867,10992.026411430395
14868,14699.593353154098
14869,8754.734996068326
14870,7035.181116753451
14871,8151.163857978037
14872,8623.657563431694
14873,15999.35804745909
14874,11666.778729852054
14875,8511.402482758342
14876,4703.194920501335
14877,11852.872709147627
14878,5774.2589205497225
14879,10262.200829456393
14880,4559.829861918158
14881,7524.6892618746815
14882,8087.887026185979
14883,5900.569437127318
14884,5467.446531302873
14885,9207.840245007123
14886,12955.90878831155
14887,14989.348464896548
14888,8611.259093203718
14889,9490.040486263573
14890,4253.80534832151
14891,6699.51441495711
14892,8893.342467234412
14893,5807.306050042101
14894,10131.607284730633
14895,7981.613549411253
14896,7094.352328308082
14897,13299.421089674861
14898,16632.72529305767
14899,10983.792895762914
14900,7262.843795215152
14901,7665.285518517897
14902,12533.84947163341
14903,9480.205018045817
14904,7948.134630696144
14905,5045.440583467025
14906,8943.261120911406
14907,14703.096861185904
14908,6479.574474080035
14909,8705.447385986103
14910,11635.852804696955
14911,12428.05026065107
14912,18304.313656477923
14913,7350.809347513932
14914,19403.457517770414
14915,6230.724757739723
14916,7063.069532146697
14917,5193.106144891626
14918,8497.003757341727
14919,5748.7761068102445
14920,8333.671225684644
14921,9444.552597308559
14922,5007.82998945937
14923,7853.944743851981
14924,10620.590467735552
14925,5232.9898268914
14926,8076.981373784146
14927,10231.890389722286
14928,8400.346697196617
14929,14212.748814536344
14930,8049.233147790384
14931,12409.384361249182
14932,6408.469373033109
14933,7043.372950898129
14934,5378.293071650372
14935,5164.337841522975
14936,15027.444981524837
14937,8960.186208967743
14938,6337.588142066416
14939,11502.957509757665
14940,14475.805094304958
14941,12087.753655070315
14942,9588.08294490342
14943,12015.107905641786
14944,6495.262270795797
14945,5730.638288247031
14946,6127.291612645925
14947,11345.169513270874
14948,10144.234389797824
14949,9310.591695483137
14950,5946.2874017216955
14951,8212.214409621245
14952,5705.091380160332
14953,7421.52454765133
14954,8387.56619672068
14955,12283.890519909915
14956,14789.677089357581
14957,17747.991688186445
14958,11493.310956741112
14959,8643.350120378871
14960,6357.056645521021
14961,13416.786108606642
14962,14642.13008040804
14963,7494.285590684494
14964,12489.359468522372
14965,13053.964429186628
14966,8269.79157637959
14967,5558.881409059901
14968,11041.287248836261
14969,5824.668224608645
14970,10885.708548947334
14971,5712.44602153367
14972,5339.653653464183
14973,17402.350958832016
14974,5782.901337571418
14975,6070.912630734584
14976,6013.6331936362285
14977,7272.566592527706
14978,9750.462052581735
14979,15429.435753133941
14980,8293.591841805699
14981,6796.779824909432
14982,5569.268815388646
14983,6799.668872822073
14984,4144.680120950516
14985,10016.969062875436
14986,20912.46017989727
14987,7190.074115885907
14988,8015.0176336914365
14989,11078.806643268406
14990,7947.346665888219
14991,8311.787253675737
14992,7198.979322128097
14993,6244.713829737618
14994,7442.586674684129
14995,11031.582873852876
14996,4238.41984349503
14997,12399.658713509489
14998,5422.231527184856
14999,7268.561918000817
15000,13356.994893728786
15001,12727.801161028929
15002,12331.475222087676
15003,8268.949996349467
15004,10165.454719572232
15005,6588.350492519588
15006,7481.761796839956
15007,20411.73565106256
15008,10106.60265337921
15009,8808.725513327672
15010,9088.172070082592
15011,5873.253201492374
15012,7580.28705573432
15013,6320.9519372787145
15014,13019.767762514915
15015,7214.765712574116
15016,5407.439317208554
15017,10205.31904939089
15018,6988.210318239317
15019,9292.347177256861
15020,9362.688544496072
15021,7925.94169156828
15022,10604.578231953139
15023,6699.2623394680695
15024,5131.819812736691
15025,7033.240287891697
15026,13214.842898843153
15027,12113.140666226638
15028,9657.29086982564
15029,3802.1276004246906
15030,7845.412079601545
15031,8211.581047963702
15032,6565.8144397101
15033,10395.730539905875
15034,10110.429178580773
15035,9418.081755673109
15036,9299.053134554988
15037,9119.663552646283
15038,7844.332162595612
15039,8671.120226085452
15040,8713.379985719512
15041,6535.896796624169
15042,5733.780691985718
15043,8687.785148476203
15044,4845.471332130092
15045,6710.797177023365
15046,17839.08767084195
15047,9541.05844261199
15048,4606.878531557644
15049,11288.464040077653
15050,3799.19709881542
15051,14561.546097632627
15052,4541.974822639793
15053,9194.09741306599
15054,5833.042181952671
15055,9535.756502248949
15056,8232.906753462541
15057,15098.498677383563
15058,4474.788945579519
15059,10654.170962021293
15060,8710.741228628096
15061,7789.731114490623
15062,5144.486743005158
15063,9518.7368766359
15064,14027.41062627242
15065,6834.4782646224785
15066,12203.229757072533
15067,11768.323336831954
15068,13811.054906460648
15069,4352.417397983145
15070,6572.390961462951
15071,5568.209729434857
15072,10504.658501950682
15073,12138.188217114219
15074,6230.411561884076
15075,9145.957488815864
15076,7437.340455386358
15077,11929.299250096956
15078,6251.417341152377
15079,5322.58437956035
15080,7658.2587932454635
15081,10149.31732084284
15082,13214.342049021725
15083,8178.992183469344
15084,8204.56005704825
15085,12588.453602401758
15086,10149.161026280943
15087,12640.154070788896
15088,7661.504277944968
15089,10670.360643731407
15090,12174.213208106736
15091,18306.006129672744
15092,9643.626887575407
15093,6873.337746276629
15094,5521.9939306943415
15095,3851.0881367334455
15096,4385.657963637375
15097,13598.58998779114
15098,5272.680271121832
15099,14127.38648408244
15100,4213.282359960523
15101,6292.367206125909
15102,6143.852243502573
15103,14486.593526636127
15104,7641.763055797285
15105,5353.883380728278
15106,10124.064237157063
15107,10454.158790177222
15108,5055.526212597171
15109,9923.706535716063
15110,9407.817833052412
15111,11871.56271115522
15112,11044.777587070908
15113,9422.713949000812
15114,7297.513421226246
15115,6928.220876377163
15116,6244.22854982742
15117,17128.48523839438
15118,13860.66848363335
15119,11497.480994461233
15120,16747.225889254136
15121,9189.099913604197
15122,5705.157411403073
15123,10548.80278654015
15124,12256.307443483789
15125,9787.986036497903
15126,10026.327636219929
15127,10915.994535947042
15128,12907.118775333383
15129,3544.889859729268
15130,10438.606168996877
15131,9095.440960080878
15132,8231.323169598094
15133,4644.716022435023
15134,5658.043852677625
15135,8858.632095360286
15136,14341.498084617931
15137,25106.618215057584
15138,8926.320065297472
15139,6522.385808854728
15140,11223.747129497806
15141,6058.129707974402
15142,8411.574298806832
15143,4928.502406714047
15144,13547.87758197525
15145,5513.67385696855
15146,9211.942526107106
15147,22006.946062853345
15148,13338.042064594176
15149,8937.994010961633
15150,6471.620680135671
15151,4991.3397490313755
15152,6250.5044299938345
15153,7744.989178846235
15154,10032.304693006441
15155,7242.9081601833595
15156,6374.363929434923
15157,5464.877663799961
15158,8522.5332404547
15159,13121.636277166244
15160,10866.684086998453
15161,3703.496348154756
15162,10193.742532148968
15163,13093.61353550702
15164,11905.83538258152
15165,9172.621668852933
15166,7063.7693008369615
15167,11606.319231638234
15168,3714.342706226172
15169,13765.569940660029
15170,6261.200257533621
15171,7926.513886908332
15172,9715.627890344249
15173,16502.83416281421
15174,3953.6560348551416
15175,6238.720812151711
15176,6170.079827869553
15177,12322.764187306724
15178,15271.455784154545
15179,8022.010976308816
15180,5398.084969158155
15181,6824.007741493609
15182,7538.971000212627
15183,6598.0396198369945
15184,9864.013053092483
15185,8227.910550516535
15186,10925.795740117868
15187,11866.22455087738
15188,8666.49854869454
15189,11063.427570792683
15190,4431.117979731637
15191,12733.534868471961
15192,7691.613068448926
15193,12384.52413880199
15194,8330.061158672634
15195,8019.37097942344
15196,6015.413723233018
15197,5492.313225092945
15198,9834.008525396459
15199,19301.005039728443
15200,6269.672867341228
15201,6515.408924763193
15202,17986.210038578913
15203,9041.826790482843
15204,9207.315961313443
15205,11091.527115658468
15206,10543.804268055052
15207,5352.830772386356
15208,6669.004323156363
15209,12852.03152864928
15210,7662.172066061476
15211,9902.007254593795
15212,10888.616368604049
15213,4547.36667274786
15214,6975.391614440477
15215,8122.755774557067
15216,5158.364879043002
15217,13416.657910167836
15218,11760.060371723546
15219,5098.952350548563
15220,10815.639005028574
15221,9761.281251612856
15222,7127.369312604313
15223,12823.93422266043
15224,9052.125562167486
15225,12063.041562229684
15226,6414.1730459093205
15227,6879.505977779392
15228,8586.363074574954
15229,3347.0076819665965
15230,9612.417377720569
15231,6965.617867321799
15232,8191.623881185184
15233,6794.5412447317185
15234,5037.083946536575
15235,8044.668566654275
15236,8690.44735389479
15237,10139.01555324062
15238,12265.005623102987
15239,5532.145319456459
15240,10453.90392801843
15241,6129.224784507384
15242,12400.335234309334
15243,11351.32849551343
15244,9138.457517583853
15245,3955.8955103956905
15246,5456.392681104786
15247,11070.380659369714
15248,4799.260275404797
15249,11515.551533053449
15250,5873.380663554239
15251,9256.70181383938
15252,14466.031940975321
15253,8129.812970796512
15254,6910.759811583008
15255,9053.632225086525
15256,14171.513849987396
15257,7019.776753175791
15258,12485.05890081216
15259,14533.860830393933
15260,5582.376153205927
15261,7099.041648857283
15262,10143.436324244523
15263,5425.750265206261
15264,4913.681877480335
15265,9370.459534200085
15266,7266.578665441671
15267,8660.63689781742
15268,11516.977858253724
15269,10490.063154708612
15270,13229.388576666845
15271,8662.793254960248
15272,9099.613854776971
15273,6473.000444888038
15274,7105.822982257534
15275,11021.111343675057
15276,8921.756688561265
15277,8307.010973876524
15278,9945.114235463649
15279,13571.233357758536
15280,8722.143915395804
15281,4931.115424519471
15282,9077.644638193256
15283,8705.439112632283
15284,9782.896961434657
15285,5931.071038102282
15286,5659.243527320398
15287,9368.573335808824
15288,7841.683891211647
15289,7809.545875323797
15290,13061.124391311612
15291,6609.590336777777
15292,11759.022502106005
15293,8240.40213649101
15294,4980.390454026401
15295,8979.578383390744
15296,9064.33383453466
15297,11212.588820701723
15298,13007.169413048856
15299,12834.676067323218
15300,6433.831692684074
15301,11815.009366086104
15302,5080.587869313584
15303,4285.945708441816
15304,13743.32872400123
15305,11534.323097050281
15306,10512.097408856534
15307,11272.71372261135
15308,5251.566227271871
15309,10745.897221009087
15310,13729.992871300263
15311,9756.232980744951
15312,11246.386455043094
15313,7617.864837406253
15314,6024.21855895536
15315,5088.263984942703
15316,7270.347695123513
15317,8201.918179677574
15318,8800.530510231438
15319,8262.418872645612
15320,5176.726169154767
15321,7069.743126871951
15322,12691.662217533061
15323,4798.131729749376
15324,8699.870068369111
15325,10496.44618436084
15326,8011.893634011302
15327,6564.132273208815
15328,13835.063282908795
15329,11609.603596220506
15330,5884.821505822541
15331,6304.166410893978
15332,21179.092016574687
15333,9071.728545161743
15334,9772.459070593291
15335,9777.687293063263
15336,10836.39035636387
15337,12486.422344934308
15338,8418.707429880747
15339,8586.829274953845
15340,15375.7116441619
15341,13313.094203758545
15342,8924.951404141926
15343,8273.490107654408
15344,7026.109475598386
15345,9365.365250533252
15346,5543.342367039338
15347,9388.919376901493
15348,15088.412945992739
15349,5431.211221547695
15350,5545.3882440025145
15351,9040.070612232843
15352,11486.865329232587
15353,6810.648843753514
15354,12156.979478348028
15355,4183.283096337112
15356,10782.624183189604
15357,9953.758896482315
15358,10599.920236589962
15359,13387.770439555168
15360,9268.187207508727
15361,3719.641410544317
15362,8677.6779790455
15363,11452.269901989881
15364,11657.622368851877
15365,10185.798970483396
15366,10192.035549144632
15367,8742.215076547613
15368,6814.820286323979
15369,13783.74299429916
15370,4119.46321154997
15371,14388.292903939731
15372,4946.180883800828
15373,6290.290741286633
15374,10572.320368810539
15375,8591.184647485297
15376,9337.119106020926
15377,11813.356446325222
15378,6229.90644688484
15379,7275.885566247937
15380,12501.487873950828
15381,13738.782149641049
15382,9763.435078924636
15383,7190.890390152846
15384,7895.568877096439
15385,10124.830751782656
15386,8913.426932206023
15387,8528.104162551868
15388,14293.365909565191
15389,13546.024834096937
15390,11700.13436060638
15391,4372.010410027636
15392,10017.579514533778
15393,9811.093092280495
15394,12710.472114320395
15395,8943.458438115917
15396,16724.388914121286
15397,6772.348389179646
15398,7882.198347719753
15399,5133.76716456728
15400,8709.22186780572
15401,7732.24839904308
15402,6111.033749147031
15403,5035.0483699269325
15404,8559.729048877662
15405,13750.257961856705
15406,8625.709397061548
15407,27568.031646912343
15408,10075.760312607277
15409,0.0
15410,0.0
15411,0.0
15412,0.0
15413,0.0
15414,0.0
15415,0.0
15416,0.0
15417,0.0
15418,0.0
15419,0.0
15420,0.0
15421,0.0
15422,0.0
15423,0.0
15424,0.0
15425,0.0
15426,0.0
15427,0.0
15428,0.0
15429,0.0
15430,0.0
15431,0.0
15432,0.0
15433,0.0
15434,0.0
15435,0.0
15436,0.0
15437,0.0
15438,0.0
15439,0.0
15440,0.0
15441,0.0
15442,0.0
15443,0.0
15444,0.0
15445,0.0
15446,0.0
15447,0.0
15448,0.0
15449,0.0
15450,0.0
15451,0.0
15452,0.0
15453,0.0
15454,0.0
15455,0.0
15456,0.0
15457,0.0
15458,0.0
15459,0.0
15460,0.0
15461,0.0
15462,0.0
15463,0.0
15464,0.0
15465,0.0
15466,0.0
15467,0.0
15468,0.0
15469,0.0
15470,0.0
15471,0.0
15472,0.0
15473,0.0
15474,0.0
15475,0.0
15476,0.0
15477,0.0
15478,0.0
15479,0.0
15480,0.0
15481,0.0
15482,0.0
15483,0.0
15484,0.0
15485,0.0
15486,0.0
15487,0.0
15488,0.0
15489,0.0
15490,0.0
15491,0.0
15492,0.0
15493,0.0
15494,0.0
15495,0.0
15496,0.0
15497,0.0
15498,0.0
15499,0.0
15500,4219.56015680263
15501,0.0
15502,0.0
15503,0.0
15504,0.0
15505,0.0
15506,0.0
15507,0.0
15508,0.0
15509,0.0
15510,0.0
15511,0.0
15512,0.0
15513,0.0
15514,0.0
15515,0.0
15516,0.0
15517,0.0
15518,0.0
15519,0.0
15520,0.0
15521,0.0
15522,0.0
15523,0.0
15524,0.0
15525,0.0
15526,0.0
15527,0.0
15528,0.0
15529,0.0
15530,0.0
15531,0.0
15532,0.0
15533,0.0
15534,0.0
15535,0.0
15536,0.0
15537,0.0
15538,0.0
15539,0.0
15540,0.0
15541,0.0
15542,0.0
15543,0.0
15544,0.0
15545,0.0
15546,0.0
15547,0.0
15548,0.0
15549,0.0
15550,0.0
15551,0.0
15552,0.0
15553,0.0
15554,0.0
15555,0.0
15556,0.0
15557,0.0
15558,0.0
15559,0.0
15560,0.0
15561,0.0
15562,0.0
15563,0.0
15564,0.0
15565,0.0
15566,0.0
15567,0.0
15568,2967.508989822295
15569,0.0
15570,0.0
15571,0.0
15572,0.0
15573,0.0
15574,0.0
15575,0.0
15576,0.0
15577,0.0
15578,0.0
15579,0.0
15580,0.0
15581,0.0
15582,0.0
15583,0.0
15584,0.0
15585,0.0
15586,0.0
15587,0.0
15588,0.0
15589,0.0
15590,0.0
15591,0.0
15592,0.0
15593,0.0
15594,0.0
15595,0.0
15596,0.0
15597,0.0
15598,0.0
15599,0.0
15600,0.0
15601,0.0
15602,0.0
15603,0.0
15604,0.0
15605,0.0
15606,0.0
15607,0.0
15608,0.0
15609,16494.062584925425
15610,33439.60699605791
15611,0.0
15612,0.0
15613,0.0
15614,0.0
15615,0.0
15616,0.0
15617,0.0
15618,7478.120231290301
15619,0.0
15620,0.0
15621,0.0
15622,0.0
15623,0.0
15624,0.0
15625,0.0
15626,0.0
15627,0.0
15628,0.0
15629,0.0
15630,0.0
15631,0.0
15632,0.0
15633,0.0
15634,0.0
15635,0.0
15636,0.0
15637,5356.362221899395
15638,0.0
15639,0.0
15640,0.0
15641,0.0
15642,0.0
15643,0.0
15644,0.0
15645,0.0
15646,0.0
15647,4040.4700558738505
15648,0.0
15649,0.0
15650,0.0
15651,0.0
15652,0.0
15653,0.0
15654,0.0
15655,0.0
15656,0.0
15657,0.0
15658,0.0
15659,0.0
15660,0.0
15661,0.0
15662,0.0
15663,0.0
15664,0.0
15665,9852.710813466223
15666,0.0
15667,0.0
15668,0.0
15669,0.0
15670,0.0
15671,0.0
15672,0.0
15673,0.0
15674,0.0
15675,0.0
15676,0.0
15677,0.0
15678,0.0
15679,0.0
15680,0.0
15681,0.0
15682,8930.8568550871
15683,0.0
15684,0.0
15685,0.0
15686,0.0
15687,0.0
15688,0.0
15689,0.0
15690,0.0
15691,0.0
15692,0.0
15693,0.0
15694,0.0
15695,0.0
15696,0.0
15697,0.0
15698,0.0
15699,0.0
15700,0.0
15701,0.0
15702,0.0
15703,0.0
15704,0.0
15705,0.0
15706,0.0
15707,0.0
15708,0.0
15709,0.0
15710,0.0
15711,0.0
15712,0.0
15713,0.0
15714,0.0
15715,0.0
15716,0.0
15717,0.0
15718,0.0
15719,0.0
15720,0.0
15721,0.0
15722,0.0
15723,0.0
15724,0.0
15725,0.0
15726,0.0
15727,0.0
15728,0.0
15729,0.0
15730,0.0
15731,0.0
15732,0.0
15733,0.0
15734,0.0
15735,0.0
15736,0.0
15737,0.0
15738,0.0
15739,0.0
15740,0.0
15741,0.0
15742,0.0
15743,0.0
15744,1980.2409548671876
15745,0.0
15746,0.0
15747,0.0
15748,0.0
15749,0.0
15750,0.0
15751,0.0
15752,0.0
15753,0.0
15754,0.0
15755,0.0
15756,0.0
15757,0.0
15758,5587.111768382587
15759,0.0
15760,0.0
15761,0.0
15762,0.0
15763,0.0
15764,0.0
15765,0.0
15766,0.0
15767,0.0
15768,0.0
15769,0.0
15770,0.0
15771,0.0
15772,0.0
15773,0.0
15774,0.0
15775,0.0
15776,0.0
15777,0.0
15778,0.0
15779,0.0
15780,0.0
15781,0.0
15782,0.0
15783,0.0
15784,0.0
15785,0.0
15786,0.0
15787,0.0
15788,0.0
15789,0.0
15790,0.0
15791,0.0
15792,0.0
15793,0.0
15794,0.0
15795,0.0
15796,0.0
15797,0.0
15798,0.0
15799,0.0
15800,0.0
15801,7016.191369253069
15802,0.0
15803,0.0
15804,0.0
15805,0.0
15806,0.0
15807,0.0
15808,0.0
15809,0.0
15810,0.0
15811,3000.319437738652
15812,0.0
15813,0.0
15814,0.0
15815,5641.601992622749
15816,0.0
15817,0.0
15818,0.0
15819,0.0
15820,0.0
15821,0.0
15822,0.0
15823,0.0
15824,0.0
15825,0.0
15826,0.0
15827,0.0
15828,0.0
15829,0.0
15830,0.0
15831,0.0
15832,0.0
15833,0.0
15834,0.0
15835,0.0
15836,0.0
15837,0.0
15838,0.0
15839,0.0
15840,0.0
15841,0.0
15842,20641.652032806815
15843,0.0
15844,0.0
15845,0.0
15846,0.0
15847,0.0
15848,0.0
15849,0.0
15850,0.0
15851,0.0
15852,0.0
15853,0.0
15854,0.0
15855,0.0
15856,6584.226138591455
15857,0.0
15858,0.0
15859,0.0
15860,0.0
15861,0.0
15862,0.0
15863,0.0
15864,0.0
15865,0.0
15866,0.0
15867,0.0
15868,0.0
15869,0.0
15870,0.0
15871,0.0
15872,0.0
15873,0.0
15874,0.0
15875,0.0
15876,0.0
15877,0.0
15878,0.0
15879,0.0
15880,0.0
15881,0.0
15882,0.0
15883,0.0
15884,0.0
15885,0.0
15886,0.0
15887,0.0
15888,0.0
15889,0.0
15890,0.0
15891,0.0
15892,0.0
15893,0.0
15894,0.0
15895,0.0
15896,0.0
15897,0.0
15898,0.0
15899,0.0
15900,0.0
15901,0.0
15902,0.0
15903,0.0
15904,0.0
15905,0.0
15906,0.0
15907,0.0
15908,0.0
15909,0.0
15910,0.0
15911,0.0
15912,0.0
15913,0.0
15914,0.0
15915,0.0
15916,0.0
15917,0.0
15918,0.0
15919,0.0
15920,0.0
15921,0.0
15922,0.0
15923,0.0
15924,0.0
15925,0.0
15926,0.0
15927,0.0
15928,0.0
15929,0.0
15930,0.0
15931,13671.562846347795
15932,0.0
15933,0.0
15934,0.0
15935,0.0
15936,0.0
15937,0.0
15938,0.0
15939,0.0
15940,0.0
15941,0.0
15942,0.0
15943,0.0
15944,0.0
15945,0.0
15946,0.0
15947,0.0
15948,0.0
15949,0.0
15950,0.0
15951,0.0
15952,0.0
15953,0.0
15954,0.0
15955,0.0
15956,0.0
15957,0.0
15958,0.0
15959,0.0
15960,0.0
15961,0.0
15962,0.0
15963,0.0
15964,0.0
15965,0.0
15966,0.0
15967,0.0
15968,0.0
15969,0.0
15970,0.0
15971,0.0
15972,0.0
15973,0.0
15974,0.0
15975,4487.6188044098535
15976,17536.959768308214
15977,0.0
15978,0.0
15979,0.0
15980,0.0
15981,0.0
15982,0.0
15983,0.0
15984,0.0
15985,0.0
15986,0.0
15987,0.0
15988,0.0
15989,0.0
15990,0.0
15991,0.0
15992,0.0
15993,0.0
15994,0.0
15995,0.0
15996,0.0
15997,0.0
15998,0.0
15999,0.0
16000,0.0
16001,0.0
16002,0.0
16003,0.0
16004,12518.688280994116
16005,0.0
16006,0.0
16007,0.0
16008,0.0
16009,0.0
16010,0.0
16011,0.0
16012,0.0
16013,0.0
16014,0.0
16015,0.0
16016,0.0
16017,0.0
16018,0.0
16019,0.0
16020,0.0
16021,0.0
16022,0.0
16023,0.0
16024,0.0
16025,0.0
16026,0.0
16027,0.0
16028,0.0
16029,0.0
16030,0.0
16031,0.0
16032,0.0
16033,0.0
16034,0.0
16035,0.0
16036,0.0
16037,0.0
16038,0.0
16039,0.0
16040,0.0
16041,0.0
16042,0.0
16043,0.0
16044,0.0
16045,0.0
16046,0.0
16047,0.0
16048,0.0
16049,0.0
16050,0.0
16051,0.0
16052,0.0
16053,0.0
16054,0.0
16055,0.0
16056,0.0
16057,0.0
16058,0.0
16059,0.0
16060,0.0
16061,0.0
16062,0.0
16063,0.0
16064,0.0
16065,0.0
16066,0.0
16067,0.0
16068,0.0
16069,0.0
16070,0.0
16071,0.0
16072,0.0
16073,0.0
16074,3022.9497453222257
16075,0.0
16076,0.0
16077,0.0
16078,2772.6433835971043
16079,0.0
16080,0.0
16081,0.0
16082,0.0
16083,0.0
16084,0.0
16085,0.0
16086,0.0
16087,0.0
16088,0.0
16089,0.0
16090,0.0
16091,0.0
16092,0.0
16093,0.0
16094,0.0
16095,0.0
16096,0.0
16097,0.0
16098,0.0
16099,0.0
16100,0.0
16101,0.0
16102,0.0
16103,0.0
16104,0.0
16105,0.0
16106,0.0
16107,0.0
16108,0.0
16109,0.0
16110,0.0
16111,0.0
16112,0.0
16113,0.0
16114,0.0
16115,0.0
16116,0.0
16117,0.0
16118,0.0
16119,0.0
16120,0.0
16121,0.0
16122,0.0
16123,0.0
16124,0.0
16125,0.0
16126,0.0
16127,0.0
16128,0.0
16129,2575.8104588076144
16130,0.0
16131,0.0
16132,0.0
16133,0.0
16134,0.0
16135,0.0
16136,0.0
16137,0.0
16138,0.0
16139,0.0
16140,0.0
16141,0.0
16142,0.0
16143,0.0
16144,11478.449809238758
16145,0.0
16146,0.0
16147,0.0
16148,0.0
16149,0.0
16150,0.0
16151,0.0
16152,0.0
16153,0.0
16154,0.0
16155,0.0
16156,0.0
16157,0.0
16158,0.0
16159,0.0
16160,0.0
16161,0.0
16162,0.0
16163,0.0
16164,0.0
16165,0.0
16166,0.0
16167,0.0
16168,0.0
16169,0.0
16170,0.0
16171,0.0
16172,0.0
16173,0.0
16174,0.0
16175,0.0
16176,0.0
16177,0.0
16178,0.0
16179,0.0
16180,0.0
16181,0.0
16182,0.0
16183,0.0
16184,0.0
16185,0.0
16186,0.0
16187,0.0
16188,0.0
16189,0.0
16190,0.0
16191,0.0
16192,0.0
16193,0.0
16194,0.0
16195,0.0
16196,0.0
16197,0.0
16198,0.0
16199,0.0
16200,0.0
16201,0.0
16202,0.0
16203,0.0
16204,0.0
16205,0.0
16206,0.0
16207,0.0
16208,5289.12392666496
16209,0.0
16210,0.0
16211,0.0
16212,0.0
16213,0.0
16214,0.0
16215,0.0
16216,0.0
16217,0.0
16218,0.0
16219,0.0
16220,0.0
16221,0.0
16222,0.0
16223,0.0
16224,0.0
16225,0.0
16226,0.0
16227,0.0
16228,0.0
16229,0.0
16230,0.0
16231,0.0
16232,0.0
16233,0.0
16234,0.0
16235,0.0
16236,0.0
16237,0.0
16238,0.0
16239,0.0
16240,0.0
16241,0.0
16242,0.0
16243,0.0
16244,0.0
16245,0.0
16246,0.0
16247,0.0
16248,0.0
16249,12927.665346038262
16250,5791.849221319833
16251,0.0
16252,0.0
16253,0.0
16254,0.0
16255,0.0
16256,0.0
16257,0.0
16258,0.0
16259,0.0
16260,0.0
16261,0.0
16262,0.0
16263,0.0
16264,0.0
16265,4263.626683733761
16266,4178.9016601013645
16267,7319.218819794611
16268,3639.0533253614935
16269,6726.907315701473
16270,4698.801746662506
16271,6822.735780060869
16272,6638.4440950413855
16273,4738.133757994013
16274,3417.768331155226
16275,6774.008816656516
16276,4801.56660636907
16277,5210.3404204936205
16278,5916.2459444624055
16279,5022.527893584085
16280,4086.6547633716327
16281,4677.108854536787
16282,7414.583897269663
16283,9248.556861192774
16284,7718.118579314101
16285,8213.223456987786
16286,4247.054940056749
16287,6363.690188680849
16288,2126.9918940835446
16289,9005.556062742378
16290,8223.279205874214
16291,9714.624153786252
16292,6664.941527350764
16293,3148.6429190204467
16294,4747.288620070364
16295,6094.823273674648
16296,8297.863409513306
16297,4031.491410889087
16298,5704.206092210193
16299,5481.131948098868
16300,6401.219854321429
16301,2800.163797861089
16302,7651.356497059876
16303,4581.100482044957
16304,7897.474940184079
16305,6992.366974617939
16306,4289.5148581394415
16307,8475.475737860823
16308,6265.854958091446
16309,5113.316954019438
16310,3798.942359017705
16311,8924.66259568534
16312,10786.1819308519
16313,5895.803485733803
16314,5435.877464825707
16315,9713.553169265197
16316,7594.977364979981
16317,5746.894642420484
16318,6952.396170695917
16319,2142.415412306454
16320,3141.0093996020682
16321,4943.460377974929
16322,7110.4018567595385
16323,9090.410135581156
16324,7573.1893730651045
16325,4116.878692844109
16326,8118.5306186012685
16327,8533.272111749022
16328,5407.343125175941
16329,2987.343014432868
16330,11416.575812381627
16331,3881.70363836606
16332,3988.65315959202
16333,7990.454844891043
16334,4329.5022603800735
16335,5960.908869393775
16336,3032.2358646438606
16337,6076.671664076457
16338,5190.614023533962
16339,6516.352033170121
16340,8429.858396854277
16341,9006.45620240088
16342,7187.894096828525
16343,3415.5021715227585
16344,7193.227996218206
16345,13128.10449925827
16346,6793.354416514055
16347,3933.7719532010037
16348,6193.306712156196
16349,5614.080048121296
16350,7944.816751921406
16351,9589.986507530752
16352,2238.211348924392
16353,8873.62696296133
16354,5479.956673267917
16355,5668.266127466891
16356,8686.246623433135
16357,2966.532760216962
16358,5202.612725672253
16359,5543.401698342023
16360,7697.684373973427
16361,7538.40518230514
16362,4154.554876475937
16363,4334.83315311466
16364,7322.800663807748
16365,6076.5133178802025
16366,5833.1947748021075
16367,6310.4626599910525
16368,3698.810173080136
16369,6524.250688108044
16370,4932.588202238054
16371,3206.234066533278
16372,5722.322137503354
16373,6307.856665420663
16374,6788.632753582692
16375,7670.8136836446565
16376,8401.254313000867
16377,3909.6989037818453
16378,9141.69160970566
16379,3405.3789298356596
16380,3749.3940849738883
16381,7741.480735039262
16382,7523.7412602454615
16383,7686.009231258505
16384,9876.38782403595
16385,7408.287365424228
16386,5148.592483863029
16387,7367.190020526414
16388,6873.252908889635
16389,4049.037141691438
16390,2600.0134566132538
16391,5932.979741868068
16392,4745.469141888942
16393,5781.625765904027
16394,3504.355203614819
16395,6039.007837197773
16396,6895.195845617028
16397,6657.352224855405
16398,6317.99726151411
16399,2977.7491232089665
16400,7037.2956293404095
16401,7663.7760653669
16402,3600.462602353293
16403,5864.54530764896
16404,3290.927893155608
16405,5970.820212209488
16406,3540.0594222830227
16407,4900.900886679195
16408,5197.544494072968
16409,7174.007149705556
16410,5839.103129440777
16411,7466.261116087144
16412,13407.902024283665
16413,4366.241092408397
16414,4611.892039479677
16415,10486.33838242434
16416,5964.379914234639
16417,8678.654214680015
16418,7129.417592539501
16419,5841.628801320646
16420,6165.728908975517
16421,4010.371949363449
16422,5270.331087571849
16423,8620.507883741433
16424,6115.616186419731
16425,2961.3258943544815
16426,4197.128492428469
16427,8006.945029259193
16428,10303.855364558254
16429,6832.09987501803
16430,6748.290736518154
16431,4820.956512060872
16432,2353.2442274871073
16433,1911.4446440089919
16434,3893.8427888476267
16435,6349.430881637925
16436,6949.873182958194
16437,4827.670924464896
16438,3566.51351440181
16439,8477.140021190377
16440,7978.130487883808
16441,8710.127221562867
16442,5404.4634822115695
16443,8341.372080826188
16444,10282.033579064979
16445,3568.4378218577062
16446,5792.518103341074
16447,5665.6595159723365
16448,7206.49618455072
16449,2877.7854099419337
16450,5863.233573256968
16451,5007.34982453975
16452,8351.342858023057
16453,6432.940489041611
16454,7530.771350778335
16455,7841.828610599475
16456,5675.830422602067
16457,7799.018700030631
16458,18371.58459428437
16459,8433.3916022201
16460,3748.2977496588155
16461,3498.7724563986044
16462,6913.3330021672955
16463,9226.885711428718
16464,4238.6148651454805
16465,9308.41721610412
16466,19140.76807365573
16467,5360.2132358469025
16468,2586.9760692756686
16469,11697.867326654432
16470,3512.928746909552
16471,6097.008385224898
16472,3413.478225883808
16473,6511.849380288957
16474,4011.726506529523
16475,7371.204245901789
16476,5474.6859720956645
16477,6312.773647683316
16478,10367.646939441624
16479,6235.948489338046
16480,6650.848336337147
16481,7779.948701947522
16482,5647.489007806742
16483,6238.610937848141
16484,9556.241716859045
16485,5906.802727554198
16486,5508.2837229710485
16487,4359.574919501945
16488,3513.059683254098
16489,5722.184533643793
16490,4537.809573894489
16491,4865.589051366861
16492,8338.488571505284
16493,9682.271906215585
16494,7344.244894185226
16495,5016.8304627010275
16496,4092.1847196128824
16497,4632.83025126874
16498,5118.4481379992585
16499,6473.139585516791
16500,2585.0697772771277
16501,7310.255362491707
16502,5441.678659671153
16503,10071.704998413265
16504,5563.416422416783
16505,4041.5066409809237
16506,3539.0033940759013
16507,3378.5542218398064
16508,8785.351402668502
16509,6314.972205838852
16510,7366.146778784356
16511,14059.773915904912
16512,7797.36304931062
16513,4438.624168207567
16514,5590.439001974568
16515,2729.8056358389567
16516,4839.060997552063
16517,4515.984381289976
16518,3910.2393511170317
16519,9646.990386673482
16520,5017.753634732761
16521,9827.751164025343
16522,11083.90238974464
16523,5366.123919703227
16524,5442.851207681654
16525,5437.76267576787
16526,6104.811508371432
16527,5174.174878701368
16528,11064.749958358445
16529,6318.2248774307545
16530,7997.834845172512
16531,3522.3197953019753
16532,5699.896501217764
16533,5824.831352688257
16534,8993.125426950914
16535,6416.008284784673
16536,5692.192334187599
16537,7756.297392911828
16538,5000.016575177723
16539,8922.375828825601
16540,7974.037651387102
16541,6339.661894846336
16542,9954.821477167648
16543,7438.268772629431
16544,9059.648315828603
16545,3804.0710784388234
16546,6373.59091052665
16547,5611.422743840491
16548,8771.89562553927
16549,7016.956336887983
16550,7453.378310947864
16551,5958.720507444293
16552,8527.197721860082
16553,4703.20706663306
16554,8228.525944144445
16555,6990.696843631196
16556,3366.7237322556157
16557,14138.686676931346
16558,16415.030600817357
16559,8528.525496872166
16560,7165.74000920241
16561,7794.590948161408
16562,8899.586111887158
16563,8652.814911697797
16564,3761.823199700177
16565,4665.259840988243
16566,6160.061986481042
16567,8016.069287356462
16568,2687.8852701472883
16569,4262.243340585723
16570,6272.60588739133
16571,5150.038922647082
16572,4881.6855850335805
16573,3081.842523664821
16574,3068.780090047873
16575,7330.850392761138
16576,3406.163081266093
16577,4587.923766049948
16578,5775.923534174858
16579,6236.850515034896
16580,8932.370299555476
16581,12158.957260759209
16582,4855.722067631851
16583,6944.849151745566
16584,6786.255258117208
16585,11255.639010632185
16586,5413.479202318984
16587,2863.9212125631952
16588,5493.221527246359
16589,14167.301568868934
16590,4756.682772781593
16591,7994.863540394218
16592,2137.6538070317
16593,3867.707541584765
16594,6410.2864777076775
16595,6734.012880621765
16596,5100.73162483558
16597,8779.641763236958
16598,9584.513966516635
16599,8391.453056563752
16600,4603.372406767479
16601,11839.502388968082
16602,2086.7954857770474
16603,3583.249969171901
16604,7400.134757926157
16605,4741.516736300633
16606,10739.54764930868
16607,2840.9305335606236
16608,5485.671985458122
16609,5794.894894667135
16610,7787.52420222212
16611,10053.372943333816
16612,4803.760568283331
16613,3635.2538420539927
16614,9451.710752084096
16615,9885.519924514667
16616,4675.473156806006
16617,5593.252223045815
16618,8494.003856537554
16619,6585.083746414583
16620,5038.668568303416
16621,3961.043008406325
16622,7415.006406012659
16623,4486.89486364815
16624,13213.201057086986
16625,8666.770088864057
16626,15168.564870196604
16627,6840.693356775526
16628,5308.703934102371
16629,2217.8403539357137
16630,6789.785429582083
16631,6352.071456532388
16632,5217.507241925686
16633,10327.094230606574
16634,5798.654763215554
16635,3107.60111468347
16636,8046.1298254323365
16637,4042.754933907936
16638,9300.264110895527
16639,7787.13001457856
16640,7695.824246019957
16641,8746.719984409863
16642,4626.120812278143
16643,7344.635589650143
16644,7723.639917638532
16645,5464.88056367088
16646,6653.802036793278
16647,4410.215711687659
16648,9193.29068156819
16649,6280.573180601199
16650,3467.0090178158334
16651,5216.900592978795
16652,8574.991962830258
16653,6447.6545881954235
16654,3769.4952839123807
16655,5388.878595783325
16656,5334.156972786445
16657,4780.025664863914
16658,5500.401184406488
16659,10246.684510294574
16660,5195.581690047419
16661,3781.305303586751
16662,6341.182658544341
16663,6844.665015365258
16664,3666.9115360144497
16665,5308.894423259892
16666,8783.018839525806
16667,8568.252880632313
16668,11253.8011219914
16669,8799.112570070467
16670,8202.811501394754
16671,6760.932915088546
16672,5042.820249004163
16673,10618.057671491124
16674,8488.028376633252
16675,7773.7786827342325
16676,5373.30874953629
16677,6000.411994922583
16678,4874.707798621746
16679,2228.5171945108027
16680,12547.555581508388
16681,6691.113947567908
16682,6577.38150219473
16683,4493.192489492223
16684,1356.0794992611454
16685,8464.346482671497
16686,6622.390511101184
16687,4561.088151961104
16688,4191.2316810084985
16689,5738.043788490065
16690,6742.321073707076
16691,4095.65866944169
16692,9986.59175958141
16693,5246.5509179800265
16694,5644.3120138687445
16695,4032.096247770095
16696,2954.0533638431975
16697,4852.531133565242
16698,13677.822471670142
16699,5132.247165666884
16700,5932.943094493689
16701,5103.674176757355
16702,4130.1706784426615
16703,3750.9801029359974
16704,5758.341696262417
16705,3083.679582432776
16706,10188.458590560324
16707,6163.839484616817
16708,2795.543648195452
16709,8547.811759789738
16710,2348.7591003031857
16711,4827.957638517066
16712,10153.87577885177
16713,8255.235643731796
16714,9937.174464681086
16715,2512.0268881319485
16716,4909.072586851281
16717,4868.395643491941
16718,5329.085331453578
16719,17416.557781910957
16720,11404.36639099924
16721,5952.189289479399
16722,2977.738139771387
16723,5476.040946294115
16724,4698.590948052931
16725,2678.226894312448
16726,8735.823300353664
16727,5010.518466456509
16728,5937.705344130282
16729,8157.40102622785
16730,4822.426830044225
16731,5233.290473011001
16732,6362.501107283502
16733,7578.413762745367
16734,6361.070296989835
16735,2932.250940455415
16736,5769.252933701479
16737,6887.286320787684
16738,8055.657270558553
16739,6182.783152536596
16740,6802.728337680845
16741,2399.355089525925
16742,9196.602903526293
16743,5524.010224147973
16744,3374.798650723773
16745,4823.809878881593
16746,4573.549097479324
16747,5179.860078610276
16748,6742.894766472619
16749,4303.863517283218
16750,7196.005862755778
16751,5615.126775531673
16752,8229.102472510021
16753,8562.039125949894
16754,5386.592250421593
16755,7648.166225325484
16756,6462.37239283303
16757,2852.0857805218175
16758,11292.371280958667
16759,4526.07960344837
16760,3565.280339678767
16761,7129.554563652096
16762,8526.007222903538
16763,9946.657327629984
16764,3690.539387121486
16765,5410.320952686298
16766,7148.155967240334
16767,7167.396039387814
16768,4454.70882509552
16769,9302.168919573858
16770,2876.399011035515
16771,5586.421272167621
16772,3961.572596671396
16773,3337.3741108562062
16774,2749.9278853067076
16775,7152.962900740431
16776,6988.028800589333
16777,5433.424347769492
16778,4946.768157790164
16779,8091.028160034715
16780,8617.482066832894
16781,4921.638103424514
16782,5331.804159048157
16783,4733.173047194715
16784,7139.110521113691
16785,5627.489451287835
16786,2031.828885350918
16787,6095.766388143746
16788,5773.126315816563
16789,6797.37298187283
16790,6110.486959439587
16791,2851.3185094513046
16792,11147.39246184667
16793,2837.3384424605947
16794,9606.149573130186
16795,5168.4809727226975
16796,4859.048332023693
16797,8404.21941526574
16798,3913.2784821700807
16799,4517.555978256333
16800,9316.145516386237
16801,2789.9154564504684
16802,7230.989875347581
16803,10620.87171732049
16804,6163.361388409237
16805,2470.778920001978
16806,5342.7589649247475
16807,3892.3925518975866
16808,2243.833240017419
16809,5113.569928269782
16810,6576.129694420774
16811,5411.696658846408
16812,4825.01725947652
16813,5317.7832321898295
16814,4854.566233347707
16815,9667.685829753213
16816,5208.546532973019
16817,6276.072346330119
16818,4639.537654798628
16819,5579.507151345884
16820,6122.379539085303
16821,6985.553581725721
16822,9213.846489627296
16823,8414.929366941875
16824,7756.874895012848
16825,6091.258439759624
16826,5821.076645590718
16827,2766.415035827264
16828,5467.59884556823
16829,9317.640485802141
16830,6727.2467479732495
16831,7953.462971658179
16832,15046.626541871827
16833,3450.6371041646844
16834,4696.108809300133
16835,4797.599694490026
16836,8826.412667743496
16837,10403.763695969756
16838,7039.231118287968
16839,7653.981992239073
16840,8429.763360796715
16841,3755.355767068948
16842,6342.2152239790385
16843,5459.926449226046
16844,2291.8356667898147
16845,5099.057947881171
16846,3371.5186958541503
16847,3304.2733383390946
16848,7689.988420180097
16849,18656.958813055517
16850,5300.271567861717
16851,2955.049848505368
16852,4953.452066961796
16853,4641.192750957312
16854,6769.041608102761
16855,2175.100176775283
16856,6460.323506156299
16857,6717.287649837838
16858,3913.0579541184657
16859,12803.238449483915
16860,11616.92172054244
16861,3630.800439839297
16862,5209.151159126849
16863,4515.463124393828
16864,3858.496110993615
16865,4776.369164437834
16866,8421.2806405266
16867,4257.796414399222
16868,4744.068131784573
16869,5259.757947394608
16870,5303.524221804385
16871,5775.567281934901
16872,8052.632925413405
16873,3044.1182974516632
16874,8020.688153646894
16875,7257.1432595941105
16876,4823.2624931298615
16877,4518.494396928559
16878,4378.446885587583
16879,4839.946374002248
16880,4463.706217411393
16881,10143.91939200041
16882,4458.792331765586
16883,4103.824172417404
16884,7169.331502658481
16885,6319.997058645616
16886,5868.421133750987
16887,5656.568760179254
16888,6256.288148388802
16889,10016.702468377249
16890,7094.186079343731
16891,6109.2504254929445
16892,4106.736230767037
16893,4475.871827868032
16894,7609.945761180982
16895,4163.676485954023
16896,5202.177887461779
16897,5748.32218838839
16898,11895.769907455382
16899,8925.045781910178
16900,5082.450490676196
16901,6349.82773833763
16902,5060.839422977519
16903,7371.217886123684
16904,5641.973407411851
16905,9661.332973579258
16906,6416.145398500804
16907,5242.670976824299
16908,3697.940474464043
16909,1820.6996142271369
16910,4191.979044527299
16911,20937.822126251085
16912,2274.784988982653
16913,5135.9469677453135
16914,6720.116459056159
16915,8079.270054340717
16916,10672.281255946276
16917,8406.509731258966
16918,6237.206733796759
16919,6403.6658501548045
16920,2709.533875230956
16921,7826.665203740247
16922,3925.895524408608
16923,6836.551961389603
16924,9325.790695546782
16925,3416.190724760748
16926,8583.990943802219
16927,7141.5278353684735
16928,3617.3344210879595
16929,7570.827256746233
16930,7417.925830776741
16931,2752.85101542517
16932,9260.076882102061
16933,6288.623970402213
16934,5695.210676412956
16935,9127.262627634205
16936,7872.499522156507
16937,7055.111165429976
16938,4608.430211787038
16939,3654.8175034097553
16940,5805.154655978898
16941,3700.8375138059932
16942,6010.244167337384
16943,2917.4150045820375
16944,5742.594971227167
16945,2989.588537723415
16946,5546.719734855429
16947,5895.774681825171
16948,4690.1432554630865
16949,5183.705658691869
16950,9559.777057695199
16951,5692.869395824857
16952,8381.70334913458
16953,5377.642863126324
16954,6232.565096123227
16955,8719.36452686314
16956,8212.50752806736
16957,4320.534994183374
16958,4748.440290774842
16959,6184.359213397036
16960,4623.17795947467
16961,12207.041382593032
16962,6226.021928244546
16963,5933.22975181971
16964,8871.318447174182
16965,6947.165786394603
16966,2047.52432779204
16967,9713.898290524694
16968,9205.92651374266
16969,7328.596936167992
16970,7808.544338775298
16971,8721.780717266045
16972,8719.837438322958
16973,5504.211226173992
16974,4223.057337720848
16975,3409.793869253652
16976,5460.312776224776
16977,8376.909734137196
16978,2847.719039541757
16979,8270.757365699832
16980,7405.467723941255
16981,5175.7509257052025
16982,7818.258319381204
16983,5515.760088549703
16984,8277.237738892842
16985,3772.432490877797
16986,4230.718695303335
16987,5036.518453270861
16988,4445.916073994294
16989,6289.938155732932
16990,6543.426104804522
16991,8082.4347369429515
16992,6490.9555613185885
16993,3889.015784516402
16994,5875.284560268119
16995,7030.956650723493
16996,7635.369771049253
16997,3497.889932699368
16998,2902.408214332225
16999,8862.185065777481
17000,6043.563962243356
17001,0.0
17002,8027.319630428831
17003,7726.024468557564
17004,7054.537226176311
17005,5457.507939511335
17006,1956.4418198249582
17007,5810.944134452283
17008,6608.968234479406
17009,5757.146423115237
17010,8873.811262915562
17011,6871.046052419392
17012,3646.2961572551735
17013,6128.992737549148
17014,3146.721013501391
17015,1005.4082334669007
17016,6678.229711529588
17017,9123.248973210642
17018,5800.708456924701
17019,4363.914405807442
17020,3450.7258873839305
17021,5499.688189800083
17022,8102.391019273965
17023,6388.166695978298
17024,8268.694454162087
17025,4274.800789991927
17026,5079.8847607163825
17027,3101.3026142928325
17028,6684.331617272703
17029,3530.6918929004814
17030,2693.8638493075396
17031,4119.132591370519
17032,3752.694270615151
17033,7556.815736834762
17034,4613.727374804385
17035,5941.304189588715
17036,5566.995748856161
17037,9295.149977144676
17038,5542.300236504257
17039,4507.621957370658
17040,11294.08865099372
17041,7947.957396028112
17042,7110.78232047297
17043,2210.6380400768294
17044,5107.10370577391
17045,5554.271037711787
17046,4612.369172434699
17047,9049.947014331563
17048,8664.581640376598
17049,7070.032070095633
17050,7443.076168244583
17051,5859.412196312944
17052,8357.58812368946
17053,12094.439404191464
17054,3701.6788378125207
17055,4243.710606095944
17056,4925.870554696878
17057,6022.212155267974
17058,6311.871176357812
17059,8690.396648126027
17060,7327.776315025223
17061,6919.555982301828
17062,2862.2176307273016
17063,6198.002331643273
17064,8271.616740797632
17065,3502.365569809924
17066,7202.238525132744
17067,3449.3128410992113
17068,6917.716483056396
17069,5179.2848447413035
17070,5570.732410924832
17071,6243.537010843997
17072,4570.664693157553
17073,4420.439083430421
17074,8137.321555746701
17075,5538.987102730429
17076,9054.292660894711
17077,6170.851963456951
17078,8734.178264181264
17079,5413.4779795853465
17080,3919.2745704444224
17081,9062.849827190868
17082,2954.2147772519925
17083,9979.58304476258
17084,5656.894210285268
17085,4792.233638331376
17086,7318.219685054913
17087,5122.714456614635
17088,3578.1868580586292
17089,6595.958955649897
17090,3726.4878718620603
17091,3145.54078645772
17092,5581.357585674305
17093,5980.919443292837
17094,10152.651863315283
17095,5510.386558551869
17096,5428.858589692163
17097,3923.5273874364225
17098,6211.539623159838
17099,3228.8282121150637
17100,11197.489217929293
17101,8179.291441338652
17102,13501.436113420285
17103,6424.21844369976
17104,5826.662766060885
17105,7432.064516923383
17106,8084.001469346016
17107,3025.7864569773096
17108,9748.90219851843
17109,6848.298661163531
17110,5180.211564449931
17111,6486.154676101499
17112,5310.79376275747
17113,3521.867084953168
17114,5834.314839356728
17115,4068.754381882166
17116,2872.447671621274
17117,8325.549109036647
17118,6879.771685822696
17119,25243.736946257595
17120,7497.219941025116
17121,3848.4643710711334
17122,6066.255033224407
17123,10264.747559735211
17124,5312.847608648759
17125,6573.9168366144295
17126,4903.891169825691
17127,7954.918747163338
17128,6597.110458895718
17129,4409.111144674383
17130,5057.313005338476
17131,7235.836207283971
17132,6456.014196657837
17133,7444.741748185095
17134,6017.157222225644
17135,4335.0286118528775
17136,5064.11729559231
17137,4943.472017086903
17138,9104.023068273307
17139,10562.759116690759
17140,8619.406743545504
17141,7416.392322916565
17142,3768.498225750591
17143,6492.985255316116
17144,2856.6765771475534
17145,8126.657645360748
17146,9308.976823382929
17147,8847.85892717748
17148,5329.763753036145
17149,4385.720195533426
17150,3909.23485616406
17151,5449.308088691767
17152,9477.367915004992
17153,5349.984576926079
17154,4699.093292361871
17155,5269.246827105557
17156,7322.311783653295
17157,3591.2417389922225
17158,6929.280833715984
17159,3774.9924632863863
17160,7322.877101593534
17161,6624.407881932685
17162,5949.2998685579605
17163,7534.898271267851
17164,5835.462768401883
17165,4341.240710132172
17166,6233.55286148174
17167,8098.116580505801
17168,10483.700160774106
17169,5455.845945670819
17170,6457.726214261434
17171,8330.407280150452
17172,8755.047077082092
17173,5815.34352264545
17174,8140.911888026925
17175,2776.152137101459
17176,4915.476568771686
17177,5515.404698326111
17178,7020.574307753246
17179,9618.831925352191
17180,6954.431776163084
17181,4686.255018876124
17182,6703.573738318849
17183,7119.167410073601
17184,8141.878071491685
17185,3672.65880499207
17186,12167.039236682393
17187,4207.284221138629
17188,4579.017019668435
17189,7914.963474711035
17190,4208.281258866381
17191,5599.113035647337
17192,5822.405961614118
17193,6606.180806373545
17194,5064.445491693111
17195,5731.242161940544
17196,7603.277751098136
17197,9018.560743290416
17198,7256.633595624252
17199,4375.523443200602
17200,6746.349253828794
17201,12013.75613026463
17202,7621.311724009569
17203,5119.110956779553
17204,5882.83717258355
17205,5568.601535794995
17206,7073.18033163524
17207,7474.553066676859
17208,3665.8575855073027
17209,8029.4068861801425
17210,6191.338984483215
17211,6153.765587240247
17212,8289.33260301187
17213,5756.612219635043
17214,5432.71404655026
17215,4741.9394593563775
17216,7097.609882470329
17217,7768.194269450644
17218,4471.518842712709
17219,4083.6422044966694
17220,6436.058490304491
17221,5453.626909174676
17222,5679.913006728392
17223,7450.307004184805
17224,4583.181804254953
17225,6789.274072194414
17226,4893.5500702089985
17227,4604.225399158331
17228,5622.655224865238
17229,7139.505691306588
17230,6956.506868170519
17231,7746.7557789693055
17232,7776.255050753957
17233,4411.465535741661
17234,9572.550972686706
17235,5069.825788255869
17236,5566.777157820389
17237,7988.190323515398
17238,6651.287834048716
17239,9169.212217669929
17240,7888.341343107159
17241,7184.603449018457
17242,5448.559875845265
17243,7255.149521335672
17244,6371.992408804162
17245,4863.56183624591
17246,2963.299813838404
17247,5437.208499599555
17248,6666.85420849636
17249,5339.231425036052
17250,4097.411840610938
17251,7566.300391854213
17252,6338.393012628299
17253,6265.5642452765305
17254,5387.2928748046015
17255,4828.651131594143
17256,6754.620396480732
17257,6770.287099405422
17258,4607.78905404431
17259,5539.686080654822
17260,3976.363373731285
17261,6294.942971204317
17262,3234.5919274372695
17263,7323.378639187224
17264,4580.211739005003
17265,7783.072132957921
17266,6080.454079019827
17267,6086.305777864244
17268,10432.865497634917
17269,4125.121644539703
17270,4541.284690086363
17271,9883.987317014637
17272,6583.712094902779
17273,8029.6281082567075
17274,7801.523033767745
17275,5645.948310544468
17276,5605.41484713972
17277,4475.103197954417
17278,7314.091009282281
17279,9582.247578079929
17280,6844.179820831211
17281,2792.5164035808434
17282,4929.589019301373
17283,8056.989548353972
17284,9098.241067379047
17285,6234.380349567273
17286,6416.8907747361945
17287,4801.623219712151
17288,3780.207635788156
17289,3196.8482661551748
17290,4369.302461469733
17291,6846.789342505521
17292,6126.862374623537
17293,5619.754846937759
17294,4224.615858353498
17295,7870.29238432655
17296,8319.474778217113
17297,8520.736799643755
17298,4947.193235050641
17299,8641.121964227748
17300,10035.536550309691
17301,4675.37516207567
17302,7050.907872736451
17303,5115.572113835101
17304,6936.015601154257
17305,3257.336895846223
17306,6163.02519335206
17307,4885.799122738895
17308,8051.2564292869865
17309,7170.880267485865
17310,7947.375507592653
17311,8132.872640594916
17312,6439.758475760024
17313,7168.485862796011
17314,17623.625254661747
17315,8318.133454145023
17316,4335.742857462149
17317,2721.5679211491156
17318,6151.042555873407
17319,8798.8360057753
17320,4837.468191281331
17321,12358.173907593871
17322,21315.381956377976
17323,4033.8666122047243
17324,4261.2974324908155
17325,8773.79952153746
17326,4418.90720613166
17327,7355.23971077941
17328,5228.037177813902
17329,6747.694250278922
17330,4711.179421641536
17331,6751.483410084848
17332,5992.042006321212
17333,7771.309784517748
17334,8965.848696882136
17335,6061.632448077514
17336,6285.564485217887
17337,6782.077831657541
17338,4485.349362385969
17339,4688.141408346858
17340,7790.4863221284895
17341,5822.105505383723
17342,5085.989918264597
17343,6593.058030829793
17344,5230.384888925637
17345,5225.060975217472
17346,6016.043036758078
17347,5737.978454973905
17348,8443.549069444149
17349,8157.097361132477
17350,7071.581032705795
17351,6092.2766353132465
17352,3572.567877844457
17353,5653.411829716767
17354,6343.955055151332
17355,5482.59315919516
17356,3312.367270022937
17357,7638.435101449736
17358,5470.4650650970725
17359,11623.406219015922
17360,6080.316284924501
17361,4706.051147451172
17362,4774.499003221692
17363,5227.800435075478
17364,8717.056011018512
17365,5568.004443671548
17366,10110.262142449561
17367,14761.83255048095
17368,6956.906223702098
17369,5572.359585823872
17370,4940.87808768778
17371,4455.359368056112
17372,7663.255549318956
17373,3858.1878168995645
17374,5033.791045463541
17375,9894.141350634807
17376,5341.972656578582
17377,14084.321133363566
17378,11854.79353947974
17379,4784.8000764858625
17380,5814.963017331006
17381,6165.681489972419
17382,7097.386206449782
17383,5274.964509896748
17384,10385.209681463712
17385,6928.32033006964
17386,8255.33661679925
17387,3894.552510969007
17388,7411.765039879173
17389,5304.684186396053
17390,9005.333099125692
17391,5867.924659722364
17392,5695.135621092262
17393,7383.733973751182
17394,6327.778264712991
17395,8215.531289112128
17396,9924.93381421264
17397,5508.4198066945255
17398,9665.48485105808
17399,6574.648159062236
17400,8781.456179033898
17401,5342.799472686424
17402,5335.04708811575
17403,5213.162626181604
17404,7894.152941646042
17405,6200.027823218919
17406,7190.196823219261
17407,5535.136885532619
17408,8730.851695285754
17409,4258.267503734769
17410,10134.460602514884
17411,6423.766025066819
17412,3785.5390106999503
17413,13279.344940285768
17414,15524.963617091302
17415,7708.916266475208
17416,6961.641102332267
17417,8663.42280612472
17418,9549.662030462789
17419,10802.52970566114
17420,6183.361625722087
17421,6715.242077098685
17422,6052.774533227007
17423,7798.9998584454
17424,4231.518288219855
17425,5030.36983422464
17426,6070.7612192461675
17427,4932.158812995405
17428,7075.401100064109
17429,4419.434787185357
17430,3718.647052055984
17431,6411.138314940471
17432,3396.5888383366264
17433,3862.851855046926
17434,5369.844363330886
17435,6384.040639298135
17436,8531.293183574939
17437,9101.981125586335
17438,5414.312466305887
17439,6076.333942978293
17440,6267.317604180951
17441,10580.609604882555
17442,6250.626634720822
17443,5535.725253277079
17444,4845.373245622129
17445,11024.52212687552
17446,4767.488991849547
17447,7361.195632852257
17448,3263.578224844024
17449,4265.758059900029
17450,6129.734011531633
17451,6352.98092724551
17452,5062.3456362663455
17453,8173.5284410367685
17454,9551.006196103152
17455,11384.302940201984
17456,6003.031065393784
17457,10561.584370502818
17458,2905.6181205787834
17459,5123.4463287972085
17460,6973.12202380943
17461,3652.216073979707
17462,8667.758613529439
17463,4948.701069567093
17464,5067.161361253335
17465,8754.879055537356
17466,9004.96065048986
17467,7406.405379129342
17468,4839.798828016917
17469,5405.213161926944
17470,9624.279254576231
17471,7580.036120918601
17472,4947.105923013655
17473,5119.2633201833805
17474,6211.34674939717
17475,8405.396042425247
17476,4143.569734527933
17477,5304.20505268185
17478,6896.647570237548
17479,7641.005800218816
17480,11812.574997771908
17481,6501.233309653286
17482,14316.179607537371
17483,6208.06115489668
17484,5574.366721986439
17485,3202.7567100309466
17486,5762.49540391252
17487,6142.150780902477
17488,4961.63634352634
17489,9080.29355465085
17490,4963.80757271346
17491,4492.056464187373
17492,7590.394177692581
17493,3973.387381638364
17494,7332.261396536581
17495,6820.437125339624
17496,7350.385629948816
17497,8316.72327704636
17498,4505.37448730177
17499,8812.872362280683
17500,6349.616742856519
17501,5059.775849653332
17502,5817.784232934524
17503,4894.072517089063
17504,9209.904101875461
17505,6145.95861336594
17506,4003.760547531795
17507,6506.448477775563
17508,8303.06401116219
17509,7143.346762509253
17510,4957.114330174209
17511,8367.867944723055
17512,5111.94403808268
17513,5978.890386719197
17514,5732.937105478002
17515,9394.0773648918
17516,5624.170233589773
17517,5570.598122662586
17518,5651.212394238564
17519,6432.4402241016
17520,4353.203825090078
17521,5377.9651215516915
17522,8224.443231615853
17523,9218.5002286896
17524,11115.733133102085
17525,10087.955927637246
17526,8745.42501333643
17527,6552.891661186037
17528,5342.62202211856
17529,10179.020207108011
17530,9764.67451439241
17531,7578.337673570018
17532,7458.465688241782
17533,8984.950235480088
17534,5176.339783066152
17535,3155.765294819703
17536,10736.037595146738
17537,5698.5346452989
17538,6434.48358776696
17539,4713.194152981115
17540,1777.0067290847153
17541,10075.432369957267
17542,6419.973571679997
17543,4842.680423426005
17544,5386.792779294373
17545,5142.501456839425
17546,7562.545243241566
17547,5659.319263195643
17548,6566.715838732098
17549,5558.479258604602
17550,5884.6313777298765
17551,3757.9465885725554
17552,3087.7698642176138
17553,6406.7732385289655
17554,16697.25489430959
17555,4698.884783570569
17556,5681.503327019757
17557,5862.972520670557
17558,5372.408703040551
17559,5119.289607891861
17560,4851.128929084838
17561,3906.3873037131
17562,7912.529293964536
17563,6349.926831825161
17564,3294.2927358272045
17565,7967.175270144451
17566,3509.6417142548403
17567,5439.79800189895
17568,9363.438199086988
17569,7311.31851099331
17570,9915.107236054797
17571,4431.4656680625585
17572,5766.212324505847
17573,4712.024902022182
17574,6338.4019182644715
17575,14050.473746272082
17576,9430.91926560397
17577,7327.914639117007
17578,4495.887969316521
17579,4409.733978352788
17580,6106.84695485939
17581,4263.638190832583
17582,9216.646035991913
17583,4833.812325959847
17584,5185.285385833634
17585,8057.399605836386
17586,4509.509126644338
17587,6066.598632832577
17588,6049.644469745623
17589,7706.177467588634
17590,5887.8850930005065
17591,3816.7496712487223
17592,5245.105678733359
17593,6134.964747963228
17594,7788.848690007628
17595,8446.999915145429
17596,6444.268309842941
17597,3264.9584782162688
17598,7488.934697959694
17599,5743.768836789913
17600,4914.808381870443
17601,7246.412147877014
17602,7129.162674565316
17603,6337.177295173102
17604,5609.343135508833
17605,6368.649977739309
17606,7287.5317173277035
17607,6048.096245345051
17608,6634.405694866329
17609,7163.4251845387025
17610,5317.917088378636
17611,8340.957584064574
17612,6251.620322359027
17613,4533.748599600689
17614,11171.33666498783
17615,5725.6741849017335
17616,3316.325268065594
17617,8211.439304649019
17618,7558.257951663496
17619,8846.975139197863
17620,3812.0154307837033
17621,6860.903404684324
17622,6190.876009496133
17623,6846.0128029116495
17624,5360.635508328468
17625,8533.551167477886
17626,2781.301192220685
17627,5932.649008631235
17628,5331.151573451961
17629,4363.961602177652
17630,3791.8452189039613
17631,6193.299810171928
17632,6672.771839332735
17633,5201.006987556897
17634,6852.349914076124
17635,6291.696048021881
17636,8336.506804162911
17637,4772.147433565025
17638,5408.130136188844
17639,4881.1316008161
17640,6933.935134234565
17641,9053.14433778208
17642,3162.6697690786955
17643,8317.987310520683
17644,5186.539147742232
17645,7034.28128202055
17646,4974.934661306238
17647,3450.8292644264143
17648,8990.27177282073
17649,5086.986482422647
17650,8709.504084033748
17651,6067.423786874603
17652,5142.358891711044
17653,7917.560657278693
17654,5505.9033944797275
17655,4908.189608970143
17656,7728.852029692792
17657,4930.047790966567
17658,8574.167289770712
17659,10781.361349471688
17660,6281.7532541932005
17661,4021.1804328776643
17662,4815.707077844612
17663,4076.6725474853815
17664,2887.562007448136
17665,7298.071289316058
17666,5709.998326589368
17667,9203.774306996385
17668,4433.827623430761
17669,5294.332196228807
17670,5457.668703870428
17671,8597.317914971309
17672,4727.38670732603
17673,5700.598903729678
17674,4953.721841364641
17675,6734.595555752858
17676,5345.253166546201
17677,7251.844660929201
17678,9086.229860833138
17679,8552.359191829504
17680,6892.001923435278
17681,7197.193325097639
17682,6497.284932501095
17683,4164.115240548728
17684,4930.195263570285
17685,10586.29141988013
17686,7830.758605624819
17687,8390.334683235635
17688,16195.996574172657
17689,5555.61672991204
17690,4369.736969364424
17691,6152.752737608238
17692,8579.914772800961
17693,9876.034604263794
17694,6312.206672616217
17695,7169.539193344561
17696,7955.302885830284
17697,3178.830262852372
17698,6176.013321131743
17699,5434.286147024075
17700,4818.148606403609
17701,4736.119697585071
17702,3263.7550304031706
17703,4534.782839189937
17704,8290.828870952453
17705,16317.518427125782
17706,5602.040156223774
17707,4256.219780591824
17708,6896.346712276159
17709,4066.9461298901283
17710,7021.574623445478
17711,4246.497173801494
17712,8251.025934130139
17713,6058.49648053848
17714,7581.038301195183
17715,13354.241561129089
17716,12865.686232471004
17717,5077.143751451769
17718,5562.659733160933
17719,4145.143722402077
17720,5050.464298396166
17721,5582.330303282484
17722,7869.097358054961
17723,4710.2834053947645
17724,4416.496157849223
17725,5179.07760358509
17726,5112.8139195796975
17727,7458.07539084321
17728,6731.067310936854
17729,3733.1819824138115
17730,7231.56985585747
17731,7849.100431321769
17732,5968.912019384712
17733,4289.649161619203
17734,4095.1452350006984
17735,7048.496500659316
17736,4115.636734068791
17737,9788.363854105291
17738,4177.321872547857
17739,4889.444653961653
17740,7008.403882074912
17741,6728.3975210127055
17742,4683.017744828638
17743,6115.6970692698105
17744,5871.973073626187
17745,9146.127720005436
17746,8275.571755387029
17747,5622.228662500823
17748,4054.096509559872
17749,4994.599615991356
17750,7308.411856623227
17751,4963.096116787435
17752,5626.940647888198
17753,6432.590837529031
17754,10787.756249562119
17755,8259.608307023444
17756,6974.754982848953
17757,7218.7073008167245
17758,4294.410655002602
17759,9292.778875892862
17760,4971.66219794435
17761,11626.05583209623
17762,5671.873333367012
17763,5085.324240513245
17764,4342.010852527258
17765,3754.692845470438
17766,6630.5980347362165
17767,19399.699280960354
17768,4003.0230720647387
17769,5235.16169844883
17770,9511.885411842095
17771,6919.015676328931
17772,15311.80008488213
17773,7753.250742114127
17774,6111.893489700185
17775,5578.970826204341
17776,3944.442601346355
17777,8394.794482737172
17778,5186.027131579823
17779,6492.855437528723
17780,7529.143674654314
17781,3613.040955134922
17782,7745.803927297918
17783,6625.792493342624
17784,4027.299761077547
17785,9306.345207312515
17786,10718.938767471203
17787,3926.9790722416424
17788,7736.468843360507
17789,6167.851099664118
17790,5389.262362412817
17791,8509.366495416934
17792,6373.760472654691
17793,8570.594124350298
17794,4631.765258846582
17795,4498.603325876592
17796,6416.50881391165
17797,3852.387253105811
17798,7078.123663406077
17799,4237.600757806447
17800,5825.68587267603
17801,4791.921009976393
17802,5220.589445400814
17803,6028.623360447821
17804,6545.67707619788
17805,5577.146172512242
17806,9287.506722266477
17807,5643.149084835829
17808,7879.070098492534
17809,5272.556000777982
17810,8158.970968961649
17811,8068.6648856085885
17812,7688.141608704048
17813,3376.184391648508
17814,4742.103308661715
17815,7399.588176719151
17816,3916.66854671445
17817,11121.436335926644
17818,5381.739292125111
17819,6168.694060801635
17820,9653.010664452597
17821,6618.904281696634
17822,3345.2997521223424
17823,9605.724821242235
17824,10496.30391705802
17825,6035.0450325624815
17826,7271.708420808657
17827,10499.244191271142
17828,7133.184619080879
17829,5048.080556789636
17830,6683.369399041202
17831,4379.712155262733
17832,4932.845672374151
17833,7681.921477532181
17834,4280.991895529523
17835,7062.7063845358625
17836,7224.120119679613
17837,5952.543655949168
17838,7175.233525099252
17839,6529.065886284297
17840,6725.367071159181
17841,4563.043155220633
17842,5402.358135056421
17843,6837.3186559885435
17844,7544.1290115992315
17845,5756.630150637309
17846,5887.538860749542
17847,8311.323362302071
17848,5888.644591540531
17849,4008.75620953446
17850,5689.277029956043
17851,6886.872253169772
17852,6621.702950327324
17853,4767.994194352716
17854,3885.2478757467147
17855,6606.753441840302
17856,7614.056902545759
17857,5141.729068359125
17858,7795.637000619451
17859,7170.830151148349
17860,6145.511601671927
17861,5228.151823321334
17862,3198.9750628507127
17863,5597.947644267651
17864,6958.178187048632
17865,6544.937993525766
17866,8100.111444687416
17867,7180.266716321506
17868,4663.030461932884
17869,8244.821695976536
17870,3304.5469805334233
17871,2141.9233105786
17872,7405.781120920419
17873,9542.371968195414
17874,7028.008820385289
17875,6253.554270766841
17876,3850.14096969542
17877,6457.101909398914
17878,7253.0387822904695
17879,5409.810492248229
17880,7053.20774578661
17881,4696.641718000219
17882,4669.023763647953
17883,3973.7585003601407
17884,5753.734509775965
17885,5219.94938752971
17886,4394.840543165463
17887,4211.021910542299
17888,3811.0587691734017
17889,6537.197584856971
17890,6586.01485016878
17891,5666.950892911355
17892,5892.566000385107
17893,8141.399385716135
17894,5380.5230405751445
17895,4923.766496068124
17896,10112.722056086346
17897,7215.267986735451
17898,6342.930956271555
17899,3627.6840169229213
17900,11741.53819546513
17901,6200.150062903955
17902,5297.567648014468
17903,8413.13656676756
17904,6938.102178044512
17905,6995.304188805127
17906,6947.245621900219
17907,6226.412459724645
17908,9720.535618063872
17909,12017.142495874823
17910,5055.318073418153
17911,4249.8827305424
17912,4790.585469220379
17913,5977.2890907980645
17914,6133.299364357302
17915,6956.436753747197
17916,8500.91847971599
17917,5991.555412351441
17918,4005.6574263690395
17919,5147.46120934398
17920,9664.129676376791
17921,4754.683912332636
17922,7260.219662616498
17923,3665.908219279344
17924,6991.113389717796
17925,6375.419417948094
17926,7050.626205876846
17927,7723.962685374431
17928,6541.807189294824
17929,3697.470101153532
17930,7346.759832822857
17931,7946.927705502889
17932,8385.247496456164
17933,7719.684791510439
17934,7326.2646006737605
17935,5371.961591143322
17936,4235.11775137996
17937,9475.36117934454
17938,3601.9025398928347
17939,10018.89070238403
17940,5654.497406203467
17941,4122.5467066403235
17942,6540.176680719146
17943,5794.553360984831
17944,5792.576571120564
17945,8026.674617180263
17946,4227.570812810562
17947,4432.591765101383
17948,5675.952303376839
17949,6929.304368971563
17950,9098.646385864526
17951,4976.377637996671
17952,5414.439669595054
17953,4673.3173446559385
17954,6163.435832096116
17955,4861.166359089699
17956,10465.778596447537
17957,8892.267993116231
17958,11137.8943778374
17959,5078.367679820473
17960,6295.176620652295
17961,9028.319221109421
17962,8135.4568791683605
17963,4500.8407531892935
17964,10270.9840614891
17965,6007.597153412002
17966,4688.617680789742
17967,5797.490578936479
17968,4783.264721067293
17969,5461.445620038435
17970,5709.2403127555945
17971,4425.919479971618
17972,4251.270333426754
17973,7914.41841965809
17974,7027.383316044826
17975,22873.55178784235
17976,6514.816894310085
17977,3478.2002254967824
17978,5537.862011736614
17979,8569.030139334303
17980,5819.826849130524
17981,5797.923531669031
17982,4383.522516008445
17983,7414.867571057907
17984,6029.742908507584
17985,3799.0450737877363
17986,4403.137521077352
17987,6253.494248634128
17988,5820.990635936717
17989,6496.89617802431
17990,6895.109395835735
17991,3506.596365270721
17992,4275.96110898941
17993,4196.188139485027
17994,7492.230276915222
17995,8927.447256939646
17996,7192.225062978275
17997,6280.382024919865
17998,3878.4839851090956
17999,5611.847692161248
18000,2586.4247846219373
18001,6972.076741665992
18002,7938.89682607661
18003,7924.384931266999
18004,4447.59675175958
18005,3846.611663271679
18006,3729.2795186492
18007,4642.81400514568
18008,8231.935346262431
18009,4580.4232376879845
18010,4122.762849481209
18011,4405.1120267352135
18012,6784.64755596395
18013,3263.6828270092988
18014,5783.44474380665
18015,3159.137598531779
18016,6233.558361819981
18017,5668.392209570154
18018,5330.647952693541
18019,6417.769640259693
18020,5093.82556069244
18021,4020.861373753733
18022,5557.684891756935
18023,6966.711808194872
18024,8979.753131400395
18025,4909.953941934144
18026,5976.899783057999
18027,7544.670998085037
18028,7367.15559708722
18029,5112.0462243888605
18030,6932.456208844347
18031,2605.479427633942
18032,4915.690118151033
18033,5015.502736681481
18034,6315.089321099525
18035,8175.719695592402
18036,5799.5958084863005
18037,4000.6834837497945
18038,5746.75414843341
18039,6033.491252239309
18040,7264.436633041177
18041,3149.781061046748
18042,10822.521227609095
18043,3705.8195946106853
18044,3948.4046871562796
18045,6762.424021187327
18046,3907.0636239405303
18047,4727.563606918393
18048,4733.263308150271
18049,5870.85530609771
18050,4294.57327847578
18051,5119.876025777637
18052,6718.239672541343
18053,8110.242388063192
18054,5975.687602019665
18055,3921.0951266967795
18056,5966.355527714675
18057,9996.593895251606
18058,6669.198555485195
18059,5071.021458782797
18060,5031.455283462508
18061,5192.516941293321
18062,6062.227908889533
18063,6124.3630610363
18064,3136.7330755667244
18065,6806.933048463424
18066,5671.293913588639
18067,5335.628709505548
18068,7437.308401680605
18069,3901.835329552441
18070,4551.106889276516
18071,3903.1704927154997
18072,6196.695757739812
18073,6721.013781619815
18074,4191.7838273663
18075,3626.400421188453
18076,5797.178512932728
18077,4585.4166285509145
18078,4945.588475575065
18079,5943.651456531924
18080,3869.7810937711574
18081,6418.686005926887
18082,4406.858694417682
18083,3792.676528580539
18084,4685.413891462433
18085,6459.065934158405
18086,6309.709213845022
18087,6511.896800413309
18088,6306.060902547333
18089,3737.865743591143
18090,8545.035141750535
18091,4228.440687229031
18092,5124.188840296213
18093,7155.401590315254
18094,5476.385231355364
18095,8175.355213463813
18096,6718.805247727313
18097,6041.44917916349
18098,4772.875108657638
18099,6143.101842680376
18100,5361.5155741208555
18101,4204.113960913216
18102,2679.1682764962125
18103,4889.418165650763
18104,5908.390895467762
18105,4424.9005551327045
18106,3393.850443961549
18107,6568.088593931617
18108,5794.1135885270305
18109,5556.307607467579
18110,4731.648755732136
18111,4306.646787212636
18112,6084.6568152684185
18113,6194.415546316033
18114,4144.313116803124
18115,4632.665894599019
18116,3459.94563320812
18117,5321.016380305031
18118,2874.3206970619362
18119,5970.742073231093
18120,4029.7762536893356
18121,6582.116813064285
18122,5245.614872049539
18123,5580.39404063826
18124,8719.028548819366
18125,3923.2771975490887
18126,3861.1082335970295
18127,8132.896252603533
18128,5123.937323015475
18129,6953.2410545708935
18130,6689.942609539354
18131,4842.518796779359
18132,4836.064610861947
18133,3873.1770938107693
18134,7003.385919353549
18135,8716.132973078038
18136,6510.197012273121
18137,2338.9694504414138
18138,4428.497532243548
18139,6805.184361131452
18140,6900.824142651527
18141,5195.908370025753
18142,5512.175169660567
18143,4373.919756232265
18144,3679.1710327464352
18145,2886.5815553895427
18146,4080.1886973588976
18147,6013.443234203471
18148,5540.507231502737
18149,5137.213578414366
18150,3220.432659674944
18151,6787.868156252173
18152,6974.3959076347455
18153,7670.3371309211
18154,4179.476111159158
18155,7792.299113678034
18156,7987.748511285616
18157,4030.8193375208725
18158,6173.542493642434
18159,4432.971950728566
18160,5638.1082861070245
18161,2670.7071727793787
18162,5709.068175063758
18163,3851.178701249094
18164,7396.0788432390855
18165,6197.50390246774
18166,6590.76731964216
18167,7501.4542719882975
18168,5837.91185380643
18169,5966.430075096703
18170,16335.789228232261
18171,7312.146999123567
18172,3821.8836586068787
18173,2162.393943852539
18174,5115.7393159991925
18175,7546.946746376442
18176,4176.885422481835
18177,11250.879801129644
18178,18727.95203225133
18179,3616.488719562369
18180,3896.42538051066
18181,8831.55221427996
18182,3720.426642008293
18183,6263.245853463679
18184,4747.499050849353
18185,6055.690486077473
18186,3972.471945961674
18187,5627.511281688027
18188,4894.077658988244
18189,7145.980342325842
18190,7380.008022470193
18191,5276.022709562437
18192,5468.113201828447
18193,6196.602560679157
18194,3844.30610500756
18195,3928.4536625850715
18196,6876.372345349468
18197,5099.746459183225
18198,4350.763249092872
18199,5464.164545980808
18200,4971.931915151928
18201,4721.415005694213
18202,5604.647806405547
18203,5072.5832131812185
18204,6897.899677389904
18205,7583.402199456856
18206,6170.305409905679
18207,5359.866802076137
18208,2891.9266319073577
18209,5056.397786862804
18210,5714.10489495602
18211,4886.758172508713
18212,2893.689628688616
18213,6553.3082651658015
18214,5175.908837690126
18215,9619.276709944585
18216,5653.962806127637
18217,4136.989042305789
18218,4433.432447189558
18219,4785.839883799607
18220,7521.431800260062
18221,4361.488119567504
18222,8269.605191875695
18223,13585.794452248887
18224,6077.150109652772
18225,6758.158014694464
18226,4027.264038044315
18227,3837.09231231883
18228,6146.243250914428
18229,3274.515301204982
18230,4647.015499854593
18231,9292.551900577684
18232,4568.176916519148
18233,12398.420154652167
18234,10814.009344083592
18235,3924.5699895552466
18236,5204.4730573081315
18237,5591.680339800888
18238,6398.979483800531
18239,4441.286483364243
18240,8985.99378989601
18241,5853.374981563071
18242,7661.249377006394
18243,3488.083828690111
18244,6563.489944581449
18245,4497.755077610886
18246,7848.820831885592
18247,5010.231747768802
18248,4762.811866605555
18249,6543.496526541288
18250,5700.77563707205
18251,6328.061991953237
18252,9798.565069416134
18253,4570.266322844362
18254,8092.878887797596
18255,5710.511652390246
18256,8092.929465371941
18257,4626.8153956002925
18258,4784.335606721219
18259,4584.020334440608
18260,6707.83358490091
18261,5175.366517882475
18262,6290.258008255375
18263,4749.6729233468095
18264,7166.579236313296
18265,3640.05024547365
18266,9301.398904484713
18267,6044.255395561228
18268,3391.03095574726
18269,11306.064481068475
18270,14105.541352262237
18271,6240.919126492966
18272,5669.610358348753
18273,7235.298784589767
18274,8445.046619672723
18275,10127.998534451835
18276,5025.703137587586
18277,5963.314127681758
18278,5017.598777082882
18279,6205.818551196263
18280,3546.080050447954
18281,4348.703948792474
18282,4986.061664069351
18283,4363.533529962548
18284,5993.02833463857
18285,4183.199098085394
18286,3336.268120461377
18287,5521.222045131126
18288,2829.5161616921932
18289,3394.0738764737425
18290,4952.395397851532
18291,5213.326593872595
18292,7233.478442506222
18293,7515.812287912499
18294,5151.798131370406
18295,5346.979291358503
18296,5563.578912806618
18297,10158.777078148329
18298,5847.610576450441
18299,4009.8127893211454
18300,4388.066236388434
18301,8749.73148586905
18302,4388.522955402976
18303,6221.081033281163
18304,2902.64586046711
18305,3915.0948412171306
18306,5502.263370371599
18307,5581.584988854481
18308,4125.880062038186
18309,7091.343315563333
18310,8525.693854306337
18311,10850.39574779471
18312,5424.403627918991
18313,8582.195348656413
18314,2595.625731569095
18315,4026.455048327705
18316,5430.6975134928425
18317,3052.175890230403
18318,6697.051577045712
18319,4171.179158588623
18320,4772.048145061919
18321,7093.963894018195
18322,8396.157725772377
18323,8186.253323569441
18324,4144.793086773831
18325,4779.293063711626
18326,9087.027260217379
18327,6210.858400352862
18328,4662.825895944622
18329,4235.422444911483
18330,5264.113743193683
18331,8045.7470880755645
18332,3434.5548063551787
18333,5117.258762573239
18334,5813.44216806732
18335,6295.714312179708
18336,11180.366768987598
18337,5200.903311453158
18338,12324.211166403455
18339,5404.100032008133
18340,4929.629615500667
18341,2791.32899067288
18342,4898.045843061403
18343,5333.860719684632
18344,4363.944109448331
18345,7063.294024809197
18346,4047.5638124040547
18347,3962.9474687742677
18348,6464.117084887582
18349,3548.8681478074764
18350,6672.234440890602
18351,5730.590389164092
18352,6448.621239059315
18353,6965.5118931617735
18354,3898.163521437009
18355,7571.297341216745
18356,5809.4981567131745
18357,4394.841663614439
18358,4975.289470392406
18359,4200.466685559962
18360,7937.236003644791
18361,5563.107227448401
18362,3580.7729762103204
18363,5633.6013242895915
18364,6985.715916153554
18365,5912.250229877576
18366,4237.771119658562
18367,6641.177547066503
18368,4630.834716006321
18369,4993.89899062077
18370,4950.519804166299
18371,7309.816019080709
18372,5339.23996615786
18373,5036.13083337999
18374,4514.7295046757135
18375,5393.190148137606
18376,3906.246806983847
18377,4548.000773569419
18378,6723.992655130504
18379,8745.056694077852
18380,8954.216201885545
18381,8433.993860280818
18382,7659.383093496564
18383,6236.398224828779
18384,5220.754858532021
18385,9023.88025058729
18386,8473.743330964942
18387,5980.284517734136
18388,6815.078310572467
18389,6974.862634380454
18390,4557.085341485744
18391,3038.878702825175
18392,9392.672713365211
18393,4994.305348643195
18394,5615.801523031295
18395,4143.054506188743
18396,1731.084390236498
18397,9198.796616527397
18398,5838.994614370518
18399,4196.1524972676625
18400,4532.956386409621
18401,4308.831730358554
18402,6757.150363629848
18403,5382.817163681199
18404,5302.901661491865
18405,5385.852490513903
18406,5024.955765973346
18407,3298.6818326321186
18408,2815.3185621941775
18409,5511.803291414856
18410,15180.718266217838
18411,4456.640908369531
18412,4917.271020499966
18413,4870.813639138964
18414,4497.88345028398
18415,4474.754296409618
18416,3984.3865500192414
18417,3283.946666272137
18418,6453.924902161568
18419,5622.642543206697
18420,2786.452999306829
18421,6565.669590088163
18422,3047.726965474899
18423,4886.905415841379
18424,8095.788693880619
18425,6254.495142587202
18426,9342.384036372156
18427,4016.2418029949586
18428,5234.296206629669
18429,4120.029719175419
18430,5462.5500134337
18431,12745.399913079818
18432,7771.2582167924365
18433,6489.064767225062
18434,4059.2561423430907
18435,3754.79222918721
18436,4847.058978462663
18437,4679.114709463363
18438,10518.497592504962
18439,4284.230106110811
18440,4770.973421473196
18441,6911.411712795983
18442,3666.2206286488586
18443,5533.6377254760455
18444,5715.020425416993
18445,6708.037916607916
18446,4987.063696756319
18447,3249.1957398193845
18448,4881.560837631172
18449,4990.558902279666
18450,6865.707673457562
18451,7099.063111742514
18452,5338.254879337426
18453,2911.6721811239527
18454,6532.750492345947
18455,4964.475409930128
18456,4385.790203377459
18457,5865.422565447378
18458,6308.372270124615
18459,5606.773337635303
18460,4776.253264352135
18461,5333.031577181431
18462,6061.55429752293
18463,5466.725467193249
18464,5910.251171972673
18465,5734.288050523025
18466,4350.379770840586
18467,7441.524673570011
18468,5177.143881162728
18469,3840.7255341500836
18470,9307.85156510206
18471,5481.604380732173
18472,3113.2697348785587
18473,6685.767151123388
18474,5998.758293821758
18475,7852.7868143864125
18476,3597.4426020400706
18477,5819.457018317375
18478,5442.177484818389
18479,5981.768057670137
18480,4493.691803748854
18481,7171.082735302127
18482,2515.188562279457
18483,4751.535154695418
18484,4769.197929653661
18485,4091.880711005543
18486,3237.6272182538237
18487,5193.202674402352
18488,5648.919028538169
18489,4640.221475535049
18490,6214.987801949957
18491,5042.431225144496
18492,7114.418996454723
18493,4101.347079815382
18494,4685.407228591912
18495,4336.673526605037
18496,6223.702299914469
18497,6780.964104617541
18498,4072.311263920937
18499,7375.25616561557
18500,4443.832812882539
18501,6247.6227164249085
18502,4211.779936199114
18503,3132.091423112279
18504,7789.248296247217
18505,4484.154121009004
18506,7401.058302580978
18507,5361.1643632909045
18508,4704.878155254916
18509,6592.642247562797
18510,5130.006272754874
18511,4357.827374387228
18512,6899.093473642374
18513,4442.310778926664
18514,7781.425429215737
18515,9029.51272561519
18516,5463.772431665205
18517,3542.9750717546194
18518,4117.533755205223
18519,3501.239982278397
18520,2531.016353029353
18521,6471.81114139064
18522,4651.026975517117
18523,7181.029880308147
18524,3661.1146618474704
18525,4760.51286591531
18526,4656.13694223288
18527,7413.654546520096
18528,3920.102821697408
18529,4499.35643090118
18530,4105.850905306607
18531,5946.202557514637
18532,4691.924517342469
18533,6550.337291903127
18534,7854.397140739084
18535,7626.865787066707
18536,5956.143853738459
18537,6471.947985849126
18538,5884.547854329151
18539,3621.8033779193483
18540,4067.5666465709355
18541,8382.313370046348
18542,6922.987578292524
18543,7888.123154451581
18544,14553.993338860886
18545,4785.272766723427
18546,3965.095237319639
18547,5195.775637149612
18548,7161.110667963105
18549,8046.320653135281
18550,4987.169782234467
18551,6661.548907265123
18552,6571.060095594885
18553,2912.7020054701447
18554,5212.596652142358
18555,4429.686484087731
18556,3925.808660005925
18557,4070.4426808472385
18558,3034.1405334336796
18559,3919.0117126921077
18560,7044.8404143047965
18561,13637.67052677767
18562,4912.996371389665
18563,3915.1891409564855
18564,5554.800802834223
18565,3601.505322613443
18566,6447.724280584979
18567,3571.739479404675
18568,7810.666503021882
18569,5123.244304888104
18570,6209.301711612556
18571,12022.733388976814
18572,10414.686636598903
18573,4588.461058020461
18574,5026.891587775207
18575,3811.5843967058404
18576,4466.980215567861
18577,5233.428346863939
18578,6993.569633946224
18579,3973.8171541208103
18580,3722.351308820686
18581,4736.915650971285
18582,4538.947792283232
18583,5905.310998827619
18584,5744.251664640671
18585,3439.6803403741037
18586,5953.662385169847
18587,6862.732457899703
18588,5294.186684357973
18589,3464.4948354804615
18590,3277.4527414750764
18591,6574.43795525463
18592,3438.865902996262
18593,8370.047413241322
18594,3594.0930714002484
18595,4124.038363857788
18596,5879.8104748242795
18597,5796.176064127331
18598,4006.56054251887
18599,5247.553738616031
18600,5145.906100821984
18601,7727.767484942826
18602,7059.4946834162365
18603,4838.61076986567
18604,3712.705381768029
18605,4651.5588406594525
18606,6557.948686616018
18607,4247.735266625531
18608,4902.432051002107
18609,5893.074184187432
18610,9439.136159115204
18611,7098.256014091175
18612,6200.662673070415
18613,6825.46126947501
18614,3966.1610092207034
18615,8031.624982361601
18616,4508.098300990388
18617,10479.51989789117
18618,4738.917679276807
18619,4314.551663029687
18620,3379.1962665482943
18621,2954.5000863947603
18622,6219.103894428898
18623,16254.620617774919
18624,3251.4718419590467
18625,4121.552341829234
18626,7731.933100990002
18627,5740.935543588104
18628,15328.014944512364
18629,6460.893063071727
18630,5116.336395161081
18631,4680.21500035653
18632,3654.744607824436
18633,7678.340544736883
18634,4471.079183101443
18635,6002.618916719474
18636,6346.715179402065
18637,3381.255473600882
18638,6887.641493993282
18639,5332.116876768553
18640,3620.1326661680832
18641,8570.854190347596
18642,8278.051620271402
18643,3591.389826017208
18644,6612.4407278757535
18645,5195.523981019325
18646,4757.026976696844
18647,7076.3231311935415
18648,5415.994169295822
18649,7154.56358726606
18650,3931.917026975499
18651,3671.872481048528
18652,6047.731216809613
18653,3382.2082519257574
18654,6247.442186387931
18655,3433.794955705358
18656,4966.828634037725
18657,4114.867710106313
18658,4653.732881086265
18659,5543.0524927023325
18660,5816.78412226003
18661,4913.286388149993
18662,7434.8026327880925
18663,4675.804768332423
18664,6626.772032194689
18665,5002.742741336815
18666,6049.935416072131
18667,7182.46770557181
18668,7255.251175728683
18669,2505.9405113396333
18670,4115.063123878855
18671,6841.513314171645
18672,3662.6295286950603
18673,9392.837578049168
18674,4591.2487720766085
18675,5514.443899166851
18676,8109.062400034746
18677,6046.656004640159
18678,2790.7258651671023
18679,8532.808469631686
18680,9246.594006114608
18681,5317.837973329327
18682,6245.892386316846
18683,10528.627283656608
18684,5681.340866592565
18685,4114.867322403507
18686,5290.649488984037
18687,3936.673068821891
18688,4185.321224690935
18689,6357.890108517974
18690,3853.8035899273573
18691,5502.449348591347
18692,5658.234015292715
18693,5209.516097340484
18694,5945.130461954598
18695,5995.105743757703
18696,5880.29491041416
18697,4577.974623494551
18698,4684.472557173224
18699,5575.083179742729
18700,6924.404336769411
18701,5123.9176070418935
18702,4755.586649584333
18703,7542.091811592014
18704,4561.937101533445
18705,3766.6772714060858
18706,4932.400993363363
18707,6151.540512366222
18708,5646.227217112838
18709,4445.9272649782615
18710,3431.5367180618205
18711,5923.385450199652
18712,6599.8543852763205
18713,4393.483930001505
18714,6555.444058330181
18715,6153.006673285417
18716,5284.194459098941
18717,4459.437051768909
18718,2917.1980158513934
18719,4871.291179081794
18720,5552.483006331923
18721,5174.967236465616
18722,7296.061912824865
18723,6411.934009122277
18724,4148.789925998552
18725,7771.405186759244
18726,3182.0812355293765
18727,2304.649370074758
18728,6427.070764825105
18729,8307.72973413851
18730,6545.045316001332
18731,5411.504153524093
18732,3456.7457831978695
18733,5354.933066384975
18734,6449.939541196499
18735,4588.928876123975
18736,5931.137078204066
18737,3992.39629583978
18738,4395.0758361522985
18739,3382.3112960004974
18740,4552.266228429474
18741,4391.046748824355
18742,3616.624323198169
18743,3446.361585804545
18744,3298.5180298741952
18745,5918.572763332783
18746,5146.15993399863
18747,4841.051557961461
18748,5371.34240107241
18749,6537.873695198806
18750,4875.563077732576
18751,4546.3630269456835
18752,8099.7251816181915
18753,6317.343608880638
18754,5656.607355719584
18755,3101.341586158584
18756,9175.870431746234
18757,5380.560336429585
18758,4334.56029766989
18759,7001.132000255787
18760,5745.6531372595955
18761,6021.345210720893
18762,5809.580056994784
18763,5598.686972701461
18764,7242.283079561456
18765,10288.266287980687
18766,3973.845435727415
18767,3589.100819136099
18768,4062.685083381585
18769,5577.665484982484
18770,5245.670729716144
18771,6066.328858423155
18772,7268.371338790866
18773,5234.352383461403
18774,3447.264196379085
18775,4628.842692244307
18776,9545.060165503031
18777,3729.7005192381994
18778,6242.523788469769
18779,3331.821686061201
18780,5869.338368827077
18781,5709.669672574455
18782,6147.354985403069
18783,6897.025078305536
18784,5772.899190199468
18785,2901.626059623428
18786,6743.890812646631
18787,6125.645295679018
18788,7278.214267542604
18789,6540.516541551733
18790,6488.89955688022
18791,4589.405884179408
18792,3728.5065496578677
18793,8215.636688385986
18794,3128.626438553362
18795,8479.966817462924
18796,4781.725271109181
18797,3347.442564093982
18798,5542.209562004427
18799,5435.468009171351
18800,5218.87363567747
18801,7211.514004808032
18802,3710.0961134605454
18803,3752.3056209927267
18804,5079.7560268235175
18805,6001.900369982804
18806,7903.237238874804
18807,4183.077639770964
18808,5089.663989925064
18809,4413.084881860202
18810,5307.316056776978
18811,4357.816122684723
18812,8555.729126036968
18813,7855.152651344958
18814,9749.874399322343
18815,4368.3038187131615
18816,5224.881369238627
18817,8124.422759325408
18818,7892.910046642799
18819,3649.0271922073275
18820,9190.145507661877
18821,5544.67325467082
18822,3993.692234361413
18823,4958.883748769795
18824,3916.417245811925
18825,5164.136497764827
18826,4813.181082167023
18827,3807.641619184609
18828,3697.0395461543053
18829,6970.13517718198
18830,7163.13681257219
18831,20732.34783139601
18832,5388.046250436483
18833,3488.491731821918
18834,5480.210075485891
18835,8300.062513146802
18836,4967.458219160833
18837,5681.966547900187
18838,4306.9423858876935
18839,7842.886960069215
18840,6014.6528294724685
18841,3746.5325090003903
18842,4217.69479072376
18843,5899.1033566879705
18844,5859.069383901782
18845,6240.3310261428915
18846,6008.039994874881
18847,3367.681663556603
18848,4163.626097882618
18849,3920.303362913083
18850,7493.325468241986
18851,8740.654932344722
18852,7107.110437222545
18853,6261.264842452406
18854,3386.6356260472307
18855,5381.717191122714
18856,2716.846145517836
18857,6953.109950056587
18858,7645.3365258752
18859,7926.254306414436
18860,4434.033698552139
18861,3903.9349697972057
18862,3464.75656839772
18863,4482.19576019701
18864,8622.366383991408
18865,4539.349514459005
18866,3625.544872028383
18867,4261.665209696932
18868,6703.788091301538
18869,3119.974203130969
18870,5837.983288843158
18871,3013.2292408146313
18872,5824.957976913279
18873,5421.802562431001
18874,5176.014437515166
18875,5884.413892184965
18876,4951.163982161005
18877,4329.042312778176
18878,5514.166586636908
18879,6654.018175149937
18880,8279.869671200275
18881,4538.88128239525
18882,5926.146102665943
18883,7569.03646585749
18884,7207.630525371825
18885,4938.314834450636
18886,6777.596883357206
18887,2537.0244565993144
18888,4639.481630583797
18889,5015.3319460234325
18890,6002.457643044156
18891,7989.712831037005
18892,5477.297998452486
18893,3926.8837687059013
18894,5224.861594884268
18895,6299.435194312629
18896,6659.010118415935
18897,3201.3940458958036
18898,11501.393804916765
18899,3703.8040557874265
18900,3991.0322161792833
18901,6751.427739083946
18902,3833.5525586752065
18903,4575.709253464306
18904,4553.629429560877
18905,5710.542106316604
18906,4011.8510458953037
18907,5096.59647764307
18908,6550.81234565128
18909,7914.849480764199
18910,5906.210205403952
18911,3839.42494426617
18912,5825.035113746371
18913,9935.680734195277
18914,6538.149468306767
18915,5098.584188954935
18916,4775.341014233856
18917,5160.156035628981
18918,6120.316075279175
18919,6020.21417924861
18920,3095.3201468431816
18921,6661.0423102795185
18922,5929.517066875662
18923,5193.061099179926
18924,7686.544313061603
18925,4074.7756768639197
18926,4153.1285886712
18927,4015.8761440313115
18928,6085.844597584549
18929,6508.153279186645
18930,4190.57254562853
18931,3450.8628403934513
18932,5540.306784659551
18933,4355.229506666823
18934,4924.415369477969
18935,5884.773696824033
18936,3887.472442051785
18937,6209.029905477503
18938,4253.958638869216
18939,3920.123633004464
18940,4481.073130876757
18941,5830.854254565767
18942,6202.529027633578
18943,6237.952410053665
18944,6432.529236641414
18945,3733.3936898988095
18946,8059.967172617837
18947,4503.98268713054
18948,5111.191237733015
18949,6664.6220824700285
18950,5384.01862935694
18951,8054.4442063785655
18952,6916.311603464312
18953,5797.344458513175
18954,4350.543898796241
18955,6209.791448318149
18956,5006.578501925746
18957,4216.784289762586
18958,2765.1200136702587
18959,4674.314813452834
18960,6086.437343219224
18961,4194.414218106775
18962,3368.8608412464537
18963,6293.566178438661
18964,5866.823651788901
18965,5573.914013047761
18966,4529.161546650284
18967,4148.784496267404
18968,5889.720238197861
18969,5812.06938714618
18970,3971.726959931319
18971,4438.383706133438
18972,3540.442169898548
18973,5239.03537849968
18974,2836.2834943760076
18975,5682.420762794006
18976,3969.3895976821686
18977,6352.313976252113
18978,5375.819480591715
18979,5543.337508678496
18980,8489.626185805615
18981,4413.706089902195
18982,3829.3524116894873
18983,8404.642651247676
18984,5419.01866957365
18985,6513.075261294929
18986,6630.408947887237
18987,4154.528375700081
18988,4589.5969936405
18989,3798.7822355433823
18990,6301.898515052244
18991,8701.51701393577
18992,5893.249137404758
18993,2299.858881117753
18994,4990.09844304204
18995,6882.374413583302
18996,6886.659483593619
18997,5125.64367022895
18998,5513.008523390112
18999,4165.954449013636
19000,3515.9742609801942
19001,2918.772800959589
19002,4014.358884230388
19003,5721.135336915847
19004,5369.757029797287
19005,5121.995059503848
19006,3438.6290705456304
19007,6641.397345840021
19008,6441.439499354317
19009,7481.796554958755
19010,4259.877697761765
19011,7653.186674173972
19012,7872.521849165991
19013,3817.3997029263073
19014,5979.380120847086
19015,4103.243271697411
19016,5642.410567586367
19017,2433.737900743788
19018,5655.58357302247
19019,3844.1396787236695
19020,7331.796427589056
19021,5871.553166807868
19022,6273.62420766572
19023,7194.870164300871
19024,5503.048914345973
19025,5907.774321865083
19026,16298.950056405307
19027,7165.558467420516
19028,3773.2172925276377
19029,2153.7010251348543
19030,5075.226319933944
19031,7257.230797115839
19032,3882.0283030315204
19033,11055.865618571353
19034,17354.46561794366
19035,3685.8617540599002
19036,3845.581340164217
19037,7000.844781346578
19038,4098.972538139113
19039,6172.354124426865
19040,4444.905956532199
19041,5991.11224821639
19042,3725.6069410921723
19043,5834.5293645802385
19044,4956.626094569075
19045,6968.615290608277
19046,7357.237433753289
19047,4921.407360365922
19048,5171.582714718966
19049,6103.687104285862
19050,3934.1702078133126
19051,3994.9404230293067
19052,6852.005909480147
19053,4762.782117773049
19054,4109.460528608379
19055,5609.179953303567
19056,4613.630701106889
19057,5002.0279891579185
19058,5314.442189364594
19059,5061.851510560373
19060,6585.787969494118
19061,7339.143447354588
19062,5773.454590247665
19063,5315.465891914808
19064,2834.4836045663874
19065,5051.410482226165
19066,5376.000358842224
19067,4671.80816635612
19068,2830.0520202848197
19069,6507.844273738222
19070,4979.587950269431
19071,9709.651566139235
19072,5629.7977377821935
19073,3814.048029289355
19074,4081.607486275212
19075,4674.636734124684
19076,7094.625730756962
19077,4308.767720582813
19078,8028.9662215786475
19079,12761.148945631478
19080,5825.767501243022
19081,4884.872474048665
19082,3600.5718916202686
19083,3863.584234261246
19084,5874.741813187549
19085,3172.937174719147
19086,4534.12997583179
19087,8601.969456253188
19088,4390.997130090723
19089,12619.677868218583
19090,10579.582700542544
19091,3771.1402131318896
19092,5142.884512369523
19093,5538.032143684011
19094,6180.857038383584
19095,4385.944794890411
19096,8984.250286775177
19097,5523.007625005979
19098,6971.776902975895
19099,3477.7770745513853
19100,6559.879211725686
19101,4232.67268862535
19102,7736.50349053278
19103,4666.062275840261
19104,4602.234547525144
19105,6151.077871381148
19106,5487.2629079158205
19107,6327.251716080176
19108,8913.503193760223
19109,4456.521879174803
19110,8091.914729889228
19111,5269.139611160293
19112,8024.5552561587765
19113,4494.137255353371
19114,4924.285108858605
19115,4428.091876912483
19116,6618.11689008751
19117,4857.11498046471
19118,5620.193509960538
19119,4722.377751733822
19120,6977.966827796552
19121,3531.9760504591604
19122,8498.476479677864
19123,5677.299370848801
19124,3213.9113735926608
19125,11582.392933387006
19126,13321.659237301305
19127,6489.55272038001
19128,5556.157050457144
19129,7076.730384343218
19130,8136.372371711575
19131,9515.589949530091
19132,4838.75217538527
19133,5891.980208079189
19134,4834.766315307339
19135,5898.085677249847
19136,3424.4577497682567
19137,4314.581639390465
19138,5003.00705209656
19139,4251.772970156726
19140,5994.102895882248
19141,4205.674416001809
19142,3237.2436524408063
19143,5182.7301489803895
19144,2635.1676694643443
19145,3590.5899441412853
19146,4572.940021125823
19147,5846.9135893251605
19148,6876.650087826665
19149,7433.691614166281
19150,4901.560751278981
19151,4976.331619944964
19152,5325.335512705213
19153,9460.721235861543
19154,5674.084975936152
19155,3989.9654546485153
19156,4411.815420199826
19157,8558.752613589435
19158,4399.26244218579
19159,6194.095157949513
19160,2740.5364337821266
19161,4144.759759586492
19162,5396.394734092517
19163,5397.84433364165
19164,3996.916903908273
19165,6960.031414644602
19166,7781.766808226458
19167,10552.528719050506
19168,5107.643457707034
19169,8244.581546546959
19170,2767.6676834680893
19171,4117.360742617146
19172,5234.129460377828
19173,2950.5858449104076
19174,6968.109151204184
19175,4055.6618346511314
19176,4818.533701645865
19177,7131.756782426434
19178,8156.363929049652
19179,6628.449082718702
19180,4075.0819818600016
19181,4425.654319307855
19182,10084.553024898221
19183,6734.762193080391
19184,4482.242424706573
19185,4090.7565609031785
19186,5244.984319356555
19187,7171.438970846764
19188,3648.8160320510965
19189,5025.810325090057
19190,5767.2521614182415
19191,6402.519084835527
19192,10749.56148476104
19193,4931.635026982028
19194,12625.30358088237
19195,5065.562921747749
19196,4617.9345274161915
19197,2529.1806898862105
19198,5073.295138045463
19199,4975.207657844139
19200,4090.050801983148
19201,6699.012089025776
19202,4003.0527583130347
19203,3567.127445771285
19204,6093.018392093526
19205,3608.6856306291074
19206,6701.866319900386
19207,5640.395809146724
19208,6181.186594893592
19209,6663.845782974523
19210,3615.229103698849
19211,7426.897002989294
19212,6005.6232914283755
19213,4466.655836532219
19214,5096.934470378888
19215,4752.693703117443
19216,7767.72551164018
19217,5199.953775481903
19218,3630.6887095700527
19219,5948.364237149079
19220,6649.1147780076
19221,5649.4946655976355
19222,4292.241660769424
19223,6869.753312268387
19224,4556.321456388806
19225,4796.181241003886
19226,4822.422738286177
19227,6958.459879935358
19228,4848.221445975708
19229,4679.206705539202
19230,4549.80889177362
19231,5292.322106963441
19232,3950.2150228494647
19233,4039.3773040962087
19234,6251.217969115624
19235,8104.315316610625
19236,9007.663991868929
19237,8213.85726407744
19238,7163.912696152403
19239,6176.828230767888
19240,4814.2621874744555
19241,9383.838496192722
19242,8065.29756822842
19243,5940.987141754655
19244,6662.60168868853
19245,6547.753295988437
19246,4431.256005170935
19247,2960.713216860803
19248,9495.636990336334
19249,5061.7522712060845
19250,5655.479749611847
19251,4053.8332438163106
19252,1744.8354630941076
19253,8706.805253972114
19254,5634.409237103642
19255,4082.991146052339
19256,4371.085357852343
19257,4380.139934496772
19258,6468.83310273823
19259,5343.44923504765
19260,4966.940024726009
19261,5373.965552822259
19262,4964.255053793342
19263,3640.7367372941944
19264,2606.3097317437464
19265,5330.22578993194
19266,15052.741738535497
19267,4232.939469444891
19268,4682.170834303934
19269,5153.575133757562
19270,4201.604822929275
19271,4338.273426894317
19272,3878.8690590120796
19273,3289.0290591968583
19274,6177.61425932547
19275,5385.7726734667785
19276,2890.0084478565223
19277,6444.442031628706
19278,3006.8170435657266
19279,4842.563638525533
19280,7996.954943218732
19281,6280.683851931761
19282,9062.633017634573
19283,3835.8155283369642
19284,4975.539293601254
19285,4082.176831388175
19286,5323.889695885751
19287,13447.714636787106
19288,7685.995700816758
19289,6120.728077657392
19290,3982.359625519905
19291,3575.3452662795785
19292,4707.2836605762095
19293,3713.1531976455776
19294,8567.612876958641
19295,4227.736099997807
19296,4663.317889846434
19297,6658.141704772511
19298,3661.153388956257
19299,5354.522974980274
19300,5619.243778515119
19301,6394.043558881655
19302,4787.739182213706
19303,3184.0827948570322
19304,4882.885285781466
19305,4667.662368782794
19306,6800.700553617141
19307,6731.558666871857
19308,5130.939989837163
19309,3027.11947446246
19310,6449.126442225773
19311,4989.768658193978
19312,4298.022054429742
19313,5650.136345921425
19314,5965.754531406712
19315,5476.141645465269
19316,4651.693540274424
19317,5250.498547052004
19318,5935.464820046189
19319,5279.699634233456
19320,5715.994988964151
19321,5583.3561566782755
19322,4399.066084180905
19323,7008.304889263086
19324,5067.695049469566
19325,3804.3605543236704
19326,9243.528093767842
19327,4966.3655705787605
19328,3328.127369529765
19329,6445.801363553937
19330,5872.0086305887935
19331,7789.302230190945
19332,3568.654901761506
19333,5538.094857614262
19334,5502.262343277943
19335,6047.188518529853
19336,4321.771948900057
19337,6975.372502328016
19338,2505.863909116144
19339,4725.464400310455
19340,4577.056726040518
19341,4008.2882796655763
19342,3067.259166733267
19343,5177.16174486879
19344,5662.6283408358095
19345,4643.263918687595
19346,6052.1610527380635
19347,4915.319755568786
19348,6879.1442754184945
19349,3998.2373811145626
19350,4736.273033541358
19351,4253.9785246982365
19352,5926.456030726911
19353,6934.3256504433075
19354,2487.310999565799
19355,7240.971074682004
19356,4286.029970940076
19357,5862.085816641226
19358,4232.983834044945
19359,3110.1091684585904
19360,7769.007426942427
19361,4458.321508206469
19362,7345.072890527856
19363,4932.828582338388
19364,4583.281474224235
19365,6049.754254567856
19366,4848.33570884822
19367,4030.2744538140496
19368,6891.7637529973545
19369,3963.971456576324
19370,7479.724498848645
19371,8786.922250650909
19372,5371.495833964791
19373,3494.9140073784815
19374,4076.701035701643
19375,3429.6918540862134
19376,2526.3929171469963
19377,6187.09505809643
19378,4465.107975911582
19379,6931.868925849361
19380,3469.7545154601175
19381,4578.040294733449
19382,4472.549706513644
19383,7804.164822503568
19384,3904.8088577324925
19385,4572.354500345282
19386,4051.026713363369
19387,5756.059753541903
19388,4369.233972528894
19389,6554.173499032301
19390,7638.728320588288
19391,7645.795293825578
19392,5688.3298248999945
19393,6058.491058132322
19394,5372.3979910814405
19395,3620.8716492006733
19396,3736.5809883354955
19397,8480.607835251254
19398,6803.471970032789
19399,7436.958693371472
19400,14255.567786585254
19401,4620.01638900326
19402,3681.4618540714546
19403,4952.265929526319
19404,6962.447272119359
19405,7983.317635342695
19406,4944.855451817094
19407,6266.2842426256975
19408,6381.823936934478
19409,2901.954581257204
19410,4936.414482167698
19411,4068.864785585748
19412,3869.5984538476396
19413,4017.3808138410413
19414,3037.7431439892025
19415,3816.294654002428
19416,6738.182289111979
19417,13380.506792069074
19418,4827.230365064829
19419,3893.2025904262687
19420,5768.9555137032285
19421,3390.330917686284
19422,6284.839996953318
19423,3293.6025934279423
19424,7273.984379775615
19425,4996.424503964422
19426,5980.732557119593
19427,11616.88390877264
19428,10664.564458495437
19429,4343.001249670378
19430,4728.5341488534095
19431,3597.0338286034794
19432,4487.844009855583
19433,5221.498027685684
19434,6509.085518046511
19435,3963.2283041587775
19436,3579.2897917234695
19437,4744.656546873422
19438,4232.247508009931
19439,5776.295092041018
19440,5411.898299760212
19441,3397.423377613833
19442,5659.153590869735
19443,6629.59361023967
19444,5140.9706025072255
19445,3364.5806509880745
19446,3422.821484966784
19447,6247.018507273557
19448,3446.4751962011915
19449,8220.384317384265
19450,3310.8388992895048
19451,3789.018533669681
19452,5587.366903223469
19453,5534.721975947124
19454,3964.0736024304256
19455,5069.790101563029
19456,5223.331785767423
19457,7782.615564378561
19458,7101.1313120956265
19459,4574.684134496959
19460,3549.390476021822
19461,4495.94016995485
19462,6400.421698201667
19463,4077.3336803490142
19464,4699.309438055835
19465,5741.811265823426
19466,9598.290428834951
19467,7044.842500692883
19468,5946.985369834828
19469,6785.649702685168
19470,3963.7746643070573
19471,7910.04118245931
19472,4318.211290334618
19473,10265.783149370205
19474,4550.450003070019
19475,4236.8555874632975
19476,3381.652108278208
19477,2650.4901262766466
19478,6143.495693598804
19479,16097.915059619145
19480,3548.1532814282455
19481,3934.5481500835813
19482,7263.008631748549
19483,5777.96106667637
19484,15419.074312930687
19485,6371.8302147691265
19486,4939.507626980955
19487,4619.395195911042
19488,3397.116689791414
19489,7530.64864153784
19490,4329.615325461987
19491,5753.041235282363
19492,6479.9484836785705
19493,3491.6779978207605
19494,6982.17990123845
19495,4972.1055985345465
19496,3672.5597051056893
19497,8147.07154303116
19498,7725.713039234726
19499,3667.623279694908
19500,6147.165956687282
19501,4765.3660734826435
19502,4667.635548776407
19503,6844.579917482285
19504,5135.553852697531
19505,6667.848764772799
19506,3718.176886646989
19507,3530.9363641027426
19508,6610.749137806618
19509,3097.354821127034
19510,6064.69983223414
19511,3614.012308230554
19512,4950.670488247285
19513,4071.2134983809055
19514,4556.91090783648
19515,5718.75726738646
19516,5777.929063198761
19517,4695.194460814273
19518,7061.165028607256
19519,4492.672887275808
19520,6545.545619172269
19521,5214.272346088007
19522,6396.120625444434
19523,7067.083551249771
19524,6952.842646879249
19525,2481.967623238367
19526,4084.28443970215
19527,6614.322786758253
19528,3813.3756898529555
19529,9327.963926918103
19530,4460.530086320692
19531,5224.53367632626
19532,7753.232087514353
19533,5418.024696890397
19534,2759.4037209774574
19535,8457.751386422146
19536,9348.980871380896
19537,5307.415395634919
19538,6072.566961484449
19539,9230.389464284512
19540,5414.641799513417
19541,4343.209016228868
19542,5272.083515023394
19543,3874.9448584088595
19544,4189.029416488616
19545,6202.059430466595
19546,3684.8958678002896
19547,5600.58973489546
19548,5581.279632747397
19549,5068.394623428592
19550,5815.0347693540425
19551,5742.190654013831
19552,5797.9877087371215
19553,4034.3556599010726
19554,4471.727659892859
19555,5548.26089796032
19556,6278.465044425427
19557,5189.790593670618
19558,4743.574843673245
19559,7255.478941241448
19560,4467.956568729754
19561,3798.4563681656637
19562,4422.691806346749
19563,5986.003607861762
19564,5527.118465730071
19565,4500.914813098657
19566,3259.5714470173984
19567,6690.32714241429
19568,6376.2145045149655
19569,4280.428172736323
19570,6249.001830251251
19571,6219.754299678227
19572,5861.703981529576
19573,4264.186053897227
19574,2723.68001109375
19575,4798.080733850034
19576,5438.34748820971
19577,4943.323680570498
19578,7186.3242251137235
19579,6787.7347231692
19580,4198.908814693398
19581,6616.342383323355
19582,3198.998359054294
19583,2205.9725127559095
19584,6196.068747120928
19585,8422.861089181972
19586,5756.591478897099
19587,5408.799324532812
19588,3397.91455949709
19589,5494.392303312205
19590,6273.712801991407
19591,4658.9087284607
19592,5550.745311775299
19593,3949.4630497354988
19594,4348.407402049662
19595,3389.3372301287227
19596,4272.569715930885
19597,4456.91266586812
19598,3578.529727584892
19599,3249.0950813086597
19600,3288.7120347836926
19601,5965.20632108147
19602,5071.10230440654
19603,4784.466202065299
19604,5126.100579015388
19605,6492.459063504158
19606,4800.3597044681
19607,4601.488579651419
19608,7812.514796873588
19609,6219.3703264154765
19610,5200.078221615148
19611,3090.3944362098273
19612,8866.053323804677
19613,5010.0855549166245
19614,4279.823191574906
19615,6874.120512454607
19616,6212.2406112735825
19617,5904.811726857898
19618,5710.389931212185
19619,5469.164477374056
19620,7304.8397054937395
19621,10326.734670604501
19622,3887.0516192177993
19623,3534.672936615508
19624,3772.0413889470965
19625,5114.049348026499
19626,4952.492300917462
19627,6595.05683767562
19628,6759.440349574478
19629,5213.061818498011
19630,3095.4723823026543
19631,4568.0395866255685
19632,8550.788462426231
19633,3699.3399379947755
19634,5960.811948624687
19635,3198.6250784959716
19636,5599.13366464026
19637,5566.931948567348
19638,5975.06224665114
19639,6845.758901002423
19640,5636.382976371662
19641,2859.9498594536917
19642,6257.792643972516
19643,6207.44933335974
19644,7032.461884809652
19645,6317.141010190863
19646,6085.369666589251
19647,4243.910992933062
19648,3590.504766699948
19649,8113.198835077322
19650,3062.224301185346
19651,8418.150217067647
19652,4542.77954459951
19653,3395.4180816160915
19654,5514.712881934986
19655,5114.233205936582
19656,5416.8124362682765
19657,7083.460512988762
19658,3554.351992554426
19659,3584.659209284089
19660,5153.696168376554
19661,5710.601314459596
19662,7991.899007583174
19663,4352.693256329895
19664,4800.779873359309
19665,4192.699436931225
19666,4987.453767032243
19667,4061.590900081335
19668,8397.18959212461
19669,7645.963485989584
19670,9994.305770894838
19671,4472.305127197524
19672,5119.734056085891
19673,7909.536472119455
19674,7431.222693255081
19675,3561.050691315476
19676,8810.757655093077
19677,5589.765183649821
19678,3940.34957939734
19679,4653.456226160301
19680,3937.5764821370913
19681,5024.766336451204
19682,4797.682955709921
19683,3875.3858254300517
19684,3599.450411984749
19685,6707.9248932532555
19686,6625.608078103376
19687,20130.440069659944
19688,5138.420866466367
19689,3554.7807163793263
19690,5685.972563716938
19691,9615.106700835047
19692,5246.836700137038
19693,5811.169637616139
19694,4631.26831444785
19695,7606.103164857226
19696,6129.788708018974
19697,3696.604162174804
19698,4387.268635617394
19699,6174.458325681823
19700,5910.394683966453
19701,6430.407675466788
19702,6095.507087130264
19703,3483.136959677387
19704,4330.0948926292085
19705,3784.892487277379
19706,7385.099231792419
19707,9232.491756552212
19708,7457.295490863046
19709,6352.945451708669
19710,3812.8013818420127
19711,5571.270092920853
19712,2773.38763074004
19713,7140.5125039075465
19714,7798.364567728981
19715,8144.097330745654
19716,4482.786432577884
19717,3815.98019713674
19718,3791.756708720807
19719,4524.444020602565
19720,8329.263974452719
19721,4686.064217654914
19722,3569.586072627522
19723,4375.346382420615
19724,6596.349879582292
19725,3293.313584261835
19726,5834.331372878661
19727,2982.2140515257693
19728,5728.682056907638
19729,5460.1500910997875
19730,5415.513022060279
19731,6135.176340934584
19732,5038.362525821992
19733,4244.711120353011
19734,5867.112094289161
19735,6613.4505491640475
19736,8106.166917679061
19737,4670.615459685617
19738,5912.556244525415
19739,7442.242833177224
19740,7515.491870099289
19741,5033.584008113843
19742,6909.128969807331
19743,2674.20617070769
19744,5263.205775778139
19745,4899.990200417478
19746,6255.959319011781
19747,8272.955828504215
19748,5525.0931171739785
19749,4090.819379130106
19750,5292.526452468123
19751,6412.908465888671
19752,6653.360500182459
19753,3306.332766874162
19754,11329.424925822454
19755,3692.60837111771
19756,4068.606428049551
19757,6773.782916017188
19758,4159.5569286923
19759,4403.902144627531
19760,4616.268695681929
19761,5728.65565982091
19762,4098.820252474375
19763,5229.131831146089
19764,6695.332346746036
19765,8334.699672669618
19766,5942.859814645055
19767,3754.6968466543753
19768,6107.522602358237
19769,10141.685955972844
19770,7092.502516412633
19771,5367.828694869362
19772,4808.99061296906
19773,5340.52469588682
19774,6456.507384984548
19775,6120.922879427894
19776,3183.2509260190463
19777,6912.484476365875
19778,6123.632148983346
19779,5342.371919728814
19780,7771.095206860888
19781,4355.391997831633
19782,4321.374277151827
19783,4002.3525292841637
19784,6195.064745528702
19785,6771.0145666270255
19786,4306.986339482553
19787,3558.2654308762526
19788,5636.182828294781
19789,4444.792044760168
19790,4908.500721164911
19791,6037.404961833962
19792,3969.589425320949
19793,6353.728275277414
19794,4442.352196446696
19795,3946.235679699958
19796,4622.920139129946
19797,5877.40995268477
19798,6393.518879747847
19799,6220.248206807227
19800,6352.671121011207
19801,3716.7345282820297
19802,8314.212321000103
19803,4401.028279539465
19804,5185.691559718476
19805,7009.433902971001
19806,5532.1183455458895
19807,8481.013637085194
19808,6748.240895164506
19809,6193.075392746598
19810,4498.026250261522
19811,6476.1010441527715
19812,5187.446796757555
19813,4297.947256393544
19814,2923.7601384600216
19815,4710.24967663506
19816,6018.882583717524
19817,4178.562872430192
19818,3433.243295100516
19819,6630.581030658514
19820,5979.441941503985
19821,5716.521529074503
19822,4718.986132570278
19823,4227.601647352935
19824,6100.204072979101
19825,5918.303123461129
19826,4051.99559324624
19827,4637.981362006412
19828,3725.583477014887
19829,5432.348245379585
19830,2922.15112150227
19831,6796.2817391050585
19832,3984.499675530076
19833,6405.539257019736
19834,5568.283677078345
19835,5713.436104825915
19836,8685.540146559932
19837,4010.450499343764
19838,3844.7176436132468
19839,8556.136764111227
19840,5321.97297227746
19841,6573.3760232589375
19842,6841.698392073108
19843,4129.6091098329125
19844,4671.341809538329
19845,3835.489314318205
19846,6655.40852466424
19847,8875.872134448638
19848,6415.949407642585
19849,2322.9840109379643
19850,4664.592593705675
19851,6897.593820263948
19852,6860.619439362663
19853,5174.695483119165
19854,5711.06572000209
19855,4262.989539611888
19856,3697.5943185532915
19857,2983.6948857263906
19858,4261.15659193289
19859,6014.579897000176
19860,5360.01372666191
19861,5413.042436038746
19862,3661.084253127022
19863,6872.081598625733
19864,6743.558340256776
19865,7835.3150294751795
19866,4296.725146354709
19867,7749.229613340181
19868,7802.114231918142
19869,3948.9285427627283
19870,6336.681873207521
19871,4151.654891295856
19872,5666.117086886433
19873,2553.735180267048
19874,5790.076885903281
19875,3755.853340765792
19876,7385.265631692755
19877,6132.368950846937
19878,6387.09110510752
19879,7548.063172294414
19880,5944.680279893537
19881,6089.814121994556
19882,16439.052259763197
19883,7191.114495066123
19884,3900.816678360392
19885,2183.2051357136966
19886,4988.897829683775
19887,7411.1533560780645
19888,4047.1932059431456
19889,11369.337113462992
19890,17822.45971658499
19891,3809.812567649308
19892,3927.699370447168
19893,7082.82760109837
19894,3798.905494839838
19895,6260.415597711975
19896,4612.757750115281
19897,6055.2894919521095
19898,3904.285288422452
19899,5973.113628734288
19900,5233.087658902811
19901,7261.0507552717645
19902,7586.926971873591
19903,4914.805774778497
19904,5222.8864708145575
19905,6220.046158877513
19906,4082.226208728439
19907,4074.202589999917
19908,7121.73521991184
19909,4830.2663036742615
19910,4221.534063642154
19911,5958.166501821466
19912,5114.931666872325
19913,4946.91986792759
19914,5677.81463887629
19915,5118.48047567868
19916,6739.395694765143
19917,8240.219383222171
19918,6269.6799187935285
19919,5476.906658376828
19920,2900.5402198008665
19921,5063.888051309195
19922,5627.71919665297
19923,4779.801500862201
19924,3044.6052882860463
19925,6845.982797054537
19926,5026.056561340978
19927,9663.969328721258
19928,5743.584541962622
19929,3899.7467416362165
19930,4174.939054797549
19931,4821.733877445777
19932,7435.071075918344
19933,4441.27023351111
19934,8106.861128193071
19935,13680.48588715919
19936,5916.986482177071
19937,5133.017729251991
19938,3625.0917032952216
19939,3848.9960817541146
19940,5851.1804017603645
19941,3135.8264383961823
19942,4599.189806247759
19943,8943.483960451675
19944,4346.226601029836
19945,13037.199605073154
19946,10780.619436783247
19947,3813.164857638556
19948,5273.003437182222
19949,5941.810530587318
19950,6544.207860296269
19951,4475.834049288072
19952,9483.805506018223
19953,5505.146972064807
19954,7561.119087423014
19955,3675.3352921886594
19956,6587.751064671868
19957,4346.145798189298
19958,7917.324431296791
19959,4910.791679343567
19960,4655.180791116798
19961,6447.222128584665
19962,5678.249979819024
19963,6299.251932961416
19964,9506.708619252797
19965,4496.896755258818
19966,8112.638714792017
19967,5237.902725198041
19968,8366.090008980205
19969,4914.85640643539
19970,5057.036706487293
19971,4477.8615040841005
19972,6588.3299114490865
19973,4963.04131692088
19974,5700.578014874967
19975,4738.592910744914
19976,7211.423458731756
19977,3605.459793144208
19978,9897.189331366259
19979,5956.972577800321
19980,3285.2586527937883
19981,11230.753288975624
19982,13429.102947626068
19983,6551.500165560473
19984,5612.746475238452
19985,7326.806255570517
19986,8515.48609150931
19987,10156.67496877472
19988,5217.580676687046
19989,6048.749704687415
19990,4849.190564732538
19991,6042.734200192743
19992,3587.58589475257
19993,4318.293277278855
19994,5125.8002108257715
19995,4315.221735748618
19996,6117.9187908743515
19997,4237.774710233809
19998,3294.7812852715506
19999,5207.809201854525
20000,2787.0949366110417
20001,3621.293884991973
20002,5011.372530343494
20003,5388.512757446903
20004,6845.089733167245
20005,7855.594476341766
20006,4967.0443023197195
20007,5053.411116150859
20008,5433.440274557636
20009,9947.277694637589
20010,5831.8194505095125
20011,3930.383065638639
20012,4520.929052227205
20013,8739.843422960626
20014,4550.29268227961
20015,6088.438051111375
20016,2861.322835153313
20017,4019.3179246583823
20018,5557.356221289047
20019,5447.384451417826
20020,3984.789663699372
20021,7025.484408934505
20022,7904.566277397291
20023,10963.758985471986
20024,5480.9936656801665
20025,8266.616317075865
20026,2773.7970840304474
20027,4232.218425417513
20028,5253.081979234016
20029,2990.3535391426262
20030,6903.251252637925
20031,4104.207562137761
20032,5145.982127709524
20033,7120.979337517844
20034,8581.671768417358
20035,6642.759259581061
20036,4253.385375768425
20037,4748.756904593028
20038,9776.241474779645
20039,6203.234763398632
20040,4680.4259779359245
20041,4211.421391889971
20042,5159.822932035008
20043,7664.026304286909
20044,3522.1306158683706
20045,5223.595649854559
20046,5803.514484280361
20047,6196.9550809581415
20048,11483.476957736248
20049,4854.031527841432
20050,12816.11491293993
20051,5269.027231152947
20052,4852.055506148332
20053,2680.3721717781877
20054,5201.935655422041
20055,5161.973451648618
20056,4205.16081533048
20057,6689.285045790186
20058,4207.704167184737
20059,3580.8164554397918
20060,6162.137983119518
20061,3887.9020461268397
20062,7012.130514556899
20063,5873.873445588939
20064,6529.655948555155
20065,6910.566835469163
20066,3676.7633969272333
20067,7756.273816389147
20068,6130.168676406914
20069,4494.363952112332
20070,5259.977843025557
20071,4238.461883098835
20072,8008.157094080858
20073,5473.936364790182
20074,3809.3501616052777
20075,5635.091800320401
20076,6648.8625691541165
20077,5733.782068113252
20078,4385.339068400883
20079,6859.477711591356
20080,4839.789016236744
20081,4942.327265060335
20082,4990.360065909504
20083,6892.72870236203
20084,5107.456718524116
20085,4855.31843655209
20086,4610.535196296819
20087,5712.91689636479
20088,4245.501612205524
20089,4070.080048639389
20090,6406.720802222323
20091,8768.051712334367
20092,9113.162468905468
20093,8443.891230562984
20094,7546.012299518681
20095,6647.557793832557
20096,5179.320018559927
20097,9744.14933868001
20098,8383.879198192903
20099,6024.860912626284
20100,6764.5660856042505
20101,7312.82768672611
20102,4539.732534130397
20103,3295.9137504215028
20104,9903.26639738381
20105,5076.58922688529
20106,5660.302973816579
20107,4264.306271220445
20108,1783.8800520167706
20109,8545.113743294005
20110,5823.6042997019495
20111,4293.7063976649415
20112,4573.789117377135
20113,4354.542314640476
20114,7170.931303022376
20115,5306.081386651331
20116,5084.79243427739
20117,5757.311106435334
20118,5201.878854754601
20119,3317.6701294167833
20120,2793.9479500536377
20121,5412.16467438666
20122,15343.665947646497
20123,4521.824330300591
20124,4829.596621766269
20125,4967.217166810055
20126,4559.333692958517
20127,4369.157382020205
20128,3928.6749631471075
20129,3279.227448401941
20130,6319.314349306047
20131,5353.069195226451
20132,2973.516751837716
20133,6579.166783620762
20134,3147.0089594813726
20135,5196.595862860623
20136,8311.37682977898
20137,6481.927044801758
20138,9542.513013320728
20139,4149.413296840786
20140,5328.358911415544
20141,4265.4545786641065
20142,5635.284018056206
20143,12955.515445272855
20144,7709.475174221964
20145,6493.060307865621
20146,4054.433811467553
20147,3645.7981809445346
20148,4894.0626674727355
20149,3838.794679895615
20150,9321.337286134702
20151,4526.338955549332
20152,4933.532809169137
20153,6792.467076846256
20154,3793.251800355105
20155,5589.290335934151
20156,5878.1139562465005
20157,6561.475147872493
20158,4933.724764428574
20159,3310.671291860894
20160,5083.83144303791
20161,4722.930626946627
20162,7090.503660805504
20163,6941.825066220755
20164,5360.24266085024
20165,3144.6887791910735
20166,6585.83391996799
20167,4963.445608268339
20168,4369.91885713568
20169,5857.141681577742
20170,6124.012171950625
20171,5619.522932646351
20172,4680.862015939191
20173,5435.991802279569
20174,5968.165324479194
20175,5816.556671614671
20176,5926.010224598566
20177,5667.202600130358
20178,4449.034763380511
20179,7480.152092533183
20180,5092.193754742239
20181,3798.9614924063267
20182,9314.095320598215
20183,5129.3196813489685
20184,3288.2398801974846
20185,6925.658872767435
20186,5894.884357012328
20187,7952.352803908154
20188,3663.1826619420444
20189,5916.426498698071
20190,5721.185635199517
20191,6019.935027267749
20192,4579.503293304269
20193,6950.032805928886
20194,2669.2693232544752
20195,4722.458852711159
20196,4540.858230071244
20197,4063.7767960345545
20198,3215.0873298692045
20199,5322.377801361263
20200,5704.411962600885
20201,4778.413689768327
20202,6264.999227135412
20203,5029.146380414074
20204,7280.854072602672
20205,3808.4939702293614
20206,4897.310400692141
20207,4424.280847945397
20208,6113.954372152629
20209,6598.903772159472
20210,2641.343467807198
20211,7270.1632136957105
20212,4339.5725092252205
20213,6069.401996552334
20214,4346.862447903806
20215,3248.0381622925297
20216,8083.780008127835
20217,4564.492839294572
20218,7391.636330737336
20219,5162.46424999517
20220,4756.9827881247365
20221,6118.789321160775
20222,5157.668075551741
20223,4176.480280695894
20224,7050.331268798524
20225,4017.673514068943
20226,7649.464721102478
20227,8761.007035743905
20228,5771.46298690804
20229,3597.2548373492195
20230,4127.347270451775
20231,3489.8123607417792
20232,2729.120107243986
20233,6354.153209307499
20234,4603.751041136523
20235,7468.396596861837
20236,3507.2739920923777
20237,4663.157006765386
20238,4670.654755493755
20239,7428.805873701339
20240,3871.3423598235718
20241,4683.832961834341
20242,4114.440504126827
20243,6100.62181918068
20244,4718.482818621502
20245,6295.293619257864
20246,7662.739706078471
20247,7669.466028589688
20248,5780.576129192238
20249,6303.701100239163
20250,5699.885588285333
20251,3700.15152903538
20252,3929.1374363735904
20253,8930.984595650329
20254,6721.562349790203
20255,8114.520687946102
20256,14306.041347251472
20257,4782.0266217999515
20258,3853.281566959734
20259,5188.593712091886
20260,7223.4972630954
20261,8161.237418615446
20262,5023.813239139004
20263,6650.5102527008685
20264,6444.0471879940105
20265,2992.4965263766862
20266,4953.136480738615
20267,4055.4706453108065
20268,4053.7760606106453
20269,4095.832368277619
20270,3132.2714022178898
20271,3760.1835725492374
20272,6994.39698941021
20273,13465.453282291055
20274,4805.66046611989
20275,3907.616261929429
20276,5546.353030054517
20277,3437.689092539703
20278,6508.948771705578
20279,3353.5479574298192
20280,7989.702588519493
20281,4997.293987989024
20282,6693.157988390588
20283,12081.051013193168
20284,10411.280877404515
20285,4315.181296013559
20286,4807.506214927898
20287,3634.61787607562
20288,4523.1341133683145
20289,5508.6796769874745
20290,6894.571681064663
20291,4035.488372360342
20292,3607.5875675019056
20293,4999.251278007273
20294,4417.143837836923
20295,6172.13303907638
20296,5408.565240730881
20297,3592.366043179881
20298,5805.473734392701
20299,6884.70909821321
20300,5188.947373788377
20301,3338.079170432368
20302,3281.5415699982636
20303,6627.492487632157
20304,3485.6808316112306
20305,8338.07785095053
20306,3290.247466519134
20307,3933.0286951925073
20308,5622.333523236989
20309,5939.31185213419
20310,4164.097555581284
20311,5071.700529515999
20312,5215.7169029179595
20313,7848.620783733039
20314,6945.996193539233
20315,4608.499725226686
20316,3804.5034883022713
20317,4671.253803612375
20318,6823.729103135447
20319,4373.043599588368
20320,4980.969761044571
20321,6060.2255840320795
20322,9905.911448204148
20323,7275.933216802113
20324,6382.979150402782
20325,6851.43173510513
20326,4109.676613686617
20327,8225.0359347169
20328,4584.749540970795
20329,10070.923237455298
20330,4737.31194516284
20331,4268.88537084474
20332,3490.007027090856
20333,2872.2621354525736
20334,6376.067116457098
20335,16584.490436492208
20336,3255.4519359371766
20337,3930.832202334912
20338,8135.479733449259
20339,5994.281441727717
20340,15569.581085458065
20341,6391.802345139838
20342,4998.31281015209
20343,4615.462137940924
20344,3716.331829349434
20345,7780.833948259612
20346,4464.428982148416
20347,5977.582646527549
20348,6589.430503825911
20349,3673.721145457089
20350,7255.323307748259
20351,5513.272033527139
20352,3691.4844984902506
20353,8851.16851544336
20354,9036.675202328643
20355,3798.80913301116
20356,6208.019196535258
20357,4906.419845112245
20358,4719.625753954872
20359,7018.939520442831
20360,5102.164560023785
20361,6755.3737244974045
20362,3848.1535714567854
20363,3559.5365376467366
20364,6421.310910230655
20365,3239.653882125313
20366,6376.535700527608
20367,3372.773139372052
20368,5031.748625170083
20369,4343.337392008294
20370,4608.0070757394715
20371,5852.32828193041
20372,6046.1055448788275
20373,4912.645434324181
20374,7281.154247922371
20375,4520.388707067457
20376,6620.53591138073
20377,5008.203120888119
20378,6015.488963410751
20379,7075.761665104461
20380,7366.071384260196
20381,2399.395339925885
20382,4300.856644992158
20383,7085.924657676254
20384,3919.214832549876
20385,9433.695367723527
20386,4556.656718852664
20387,5372.3127287182315
20388,7984.633364851493
20389,5927.404449014752
20390,2910.4200951842035
20391,9002.290277551996
20392,9599.876894783902
20393,5414.984814962418
20394,6273.53709878454
20395,10692.505441701918
20396,5439.572581314625
20397,4618.860148931642
20398,5475.250920028132
20399,3995.767788212715
20400,4337.502059576585
20401,6119.2222893824155
20402,3812.029823457288
20403,6252.927845139232
20404,5682.860149419657
20405,5307.4476968585905
20406,5797.653626331715
20407,6237.773763500167
20408,6039.209135806112
20409,4213.9387384364145
20410,4659.1332836031825
20411,5679.800272477133
20412,6718.580476426227
20413,5257.6578413830875
20414,5065.0646446995315
20415,7841.515378503641
20416,4453.088442173451
20417,3995.783020900172
20418,4699.359338687117
20419,5744.120862292134
20420,5829.060293619167
20421,4728.249760199491
20422,3479.0315692243516
20423,6061.527059754855
20424,6381.129785738856
20425,4465.9009124732565
20426,6528.031636186366
20427,6492.878007199026
20428,5358.032380355744
20429,4167.748169213696
20430,2795.778761777414
20431,4942.315217184437
20432,5768.760706331385
20433,5578.653235204451
20434,7236.979136005175
20435,6485.352269366428
20436,4317.491815197204
20437,6971.556480415733
20438,3260.6650888907175
20439,2472.738310245762
20440,6567.080913740611
20441,8740.45129557083
20442,5876.931399973369
20443,5528.472430902997
20444,3542.601811031802
20445,5639.000127735035
20446,6206.8832361472305
20447,4777.590321635446
20448,5945.1455684879265
20449,3897.481665585358
20450,4647.603119356815
20451,3540.7977408743086
20452,4294.395473141641
20453,4457.032371250843
20454,3569.743328281105
20455,3305.032774910572
20456,3458.284228043604
20457,6110.233822373806
20458,5529.781365973994
20459,4763.996504677043
20460,5710.511571960376
20461,6717.023137210291
20462,4871.761458230989
20463,4751.065627139401
20464,7652.432639362091
20465,6312.747089384229
20466,5363.368551619288
20467,3205.6803283835898
20468,10024.46577549416
20469,5091.1504468651
20470,4586.888521413994
20471,7273.851275164587
20472,6122.888066104482
20473,5912.118978073625
20474,5937.613165416562
20475,5749.895274423359
20476,7925.703311553494
20477,10487.611603452164
20478,3962.0396224247065
20479,3625.536468381209
20480,3760.8388906339615
20481,5160.529217586934
20482,5080.158500278463
20483,6078.02032942003
20484,6949.297361108328
20485,5440.529806005642
20486,3228.4400336596045
20487,4940.9982879331965
20488,9221.045772307752
20489,3733.8311912892045
20490,6135.089648958231
20491,3421.356148172745
20492,5668.466904844488
20493,5830.6685910469005
20494,5940.845712346429
20495,6861.3381861697535
20496,6195.022434822189
20497,2978.48177313572
20498,6553.885430497088
20499,6662.66378864422
20500,7296.81389255446
20501,6230.317934276546
20502,6116.27247481473
20503,4392.245776592178
20504,3809.174947649952
20505,8165.563942904564
20506,3161.8593909550323
20507,9010.672935339984
20508,4576.76430724215
20509,3480.3585748167125
20510,5739.801041589233
20511,5638.96957251161
20512,5448.2659047624875
20513,7330.687678447029
20514,3568.064010816682
20515,3679.2599464559307
20516,5350.160805011912
20517,6169.25658650849
20518,7896.104392080955
20519,4472.489761206267
20520,5125.423339469771
20521,4375.907909484277
20522,5172.459523659292
20523,4194.179566432973
20524,8591.93668912198
20525,8096.434970629335
20526,10325.041738490645
20527,4656.902667988777
20528,5227.99248458732
20529,7926.9700595318145
20530,7845.059666868745
20531,3890.233834067051
20532,9405.287340861025
20533,5790.8422392813145
20534,4063.4072350082324
20535,4950.419119055376
20536,3854.9434995074557
20537,5452.212951924212
20538,4987.8826265187245
20539,3993.5328267376963
20540,3897.5040424325416
20541,6622.80656713314
20542,6799.360259960352
20543,20537.586723242617
20544,5170.240197403457
20545,3750.997476669233
20546,5641.403421582534
20547,10081.592217415984
20548,5526.332561071541
20549,6604.5588899771765
20550,4923.965374247
20551,8231.455298981096
20552,6560.570955138339
20553,3863.1627807683035
20554,4813.372791526005
20555,6921.958654868457
20556,6408.051883869792
20557,6893.4214110254925
20558,6521.527436437833
20559,3856.118195458368
20560,4407.484491155028
20561,4189.053532379584
20562,7871.125920006579
20563,10392.055822810817
20564,7678.478241492965
20565,6871.315045501143
20566,3612.3231084875742
20567,6256.944042565548
20568,2864.084390556671
20569,7981.9101049255805
20570,8638.868164810592
20571,9046.96307310828
20572,4874.867054491311
20573,4055.5440517401316
20574,3707.719145559751
20575,4980.713758812071
20576,9081.371567403747
20577,5269.4308654833685
20578,4145.050122052939
20579,4669.543183219595
20580,7084.80940607602
20581,3579.804856564377
20582,6199.931356772439
20583,3286.940112659931
20584,6920.920834631893
20585,6204.791639331458
20586,5738.880571701169
20587,6786.3493588852025
20588,5518.884239194242
20589,4636.933665008862
20590,6188.567562799907
20591,7575.382911149301
20592,9013.44261381169
20593,5182.221051235038
20594,6378.679879516998
20595,8282.88806608549
20596,7968.691865833269
20597,5444.139421636571
20598,7317.640522817338
20599,2725.013488654275
20600,5324.6654570449155
20601,5280.855550199497
20602,7330.220513283894
20603,9332.887045059762
20604,6274.622000421136
20605,4454.982374791471
20606,5989.049151646908
20607,7111.371023506156
20608,7078.719112234263
20609,3563.0823274032687
20610,11574.972739298024
20611,3958.885380459745
20612,4411.060521641274
20613,7363.444061923486
20614,4340.233102103024
20615,4745.939680476004
20616,4954.084150624331
20617,6305.965624218189
20618,4560.665212611664
20619,5603.545835894273
20620,7814.0994595020675
20621,8842.669427006947
20622,6431.607784874961
20623,4178.153962034144
20624,6632.064816196769
20625,11492.037876172342
20626,7837.611247672581
20627,6010.460524005827
20628,5245.516092226408
20629,5862.724634250198
20630,7148.908502033279
20631,6903.056001613889
20632,3497.5228925793344
20633,7976.657697148405
20634,6763.023347979819
20635,5849.2858103580065
20636,9225.843062667907
20637,4346.481598579422
20638,4772.433055312709
20639,4366.014957051105
20640,6679.494038794168
20641,7101.854240160137
20642,4721.200098903985
20643,4027.5234547727828
20644,6347.671375729859
20645,4851.625013884421
20646,5201.941463960089
20647,6581.625797530812
20648,4166.390463053331
20649,6959.697851376408
20650,4854.271843723718
20651,4390.408600608524
20652,5078.378819239127
20653,6526.96798601299
20654,6989.831202621946
20655,6865.92219134748
20656,7242.706113922249
20657,4154.114834592783
20658,9675.117879925938
20659,4707.095118707409
20660,5308.255282589615
20661,8018.625854699565
20662,6282.02196827668
20663,8851.770429785225
20664,7121.053134677776
20665,6916.520299513554
20666,4808.339049310925
20667,6958.169664144097
20668,5645.15756653112
20669,4454.300110641811
20670,3050.8638911205544
20671,4954.79260297427
20672,6405.468375159708
20673,4307.673848090285
20674,3561.23981689404
20675,7444.7940237212115
20676,6351.582296105777
20677,6407.183384791036
20678,4686.847179189379
20679,4571.182436081421
20680,6372.176287551885
20681,6484.494663745366
20682,4064.2296756277156
20683,5060.697126244181
20684,3961.513543068096
20685,5994.003288410974
20686,3307.1577057742734
20687,6995.448431568788
20688,4272.80512752659
20689,7122.429282815445
20690,5896.450810000883
20691,6371.47181117062
20692,9331.951273971925
20693,4225.856027674581
20694,4111.9798891953305
20695,9485.807368400569
20696,5727.2457937306835
20697,7436.3598528694
20698,7366.764260832184
20699,4667.071784784148
20700,5135.023960905329
20701,4299.039512621301
20702,6963.296379075083
20703,9806.51709620293
20704,7212.744041658538
20705,2622.4655096395577
20706,5015.836274580243
20707,7415.424305748032
20708,7742.647167772558
20709,5615.698274365949
20710,6119.471542209829
20711,4382.1731855191265
20712,3749.989536421901
20713,3349.749548433509
20714,4409.79825492683
20715,6913.784991889499
20716,5828.026024101698
20717,5510.0419847842
20718,4130.301175971769
20719,7393.394944100954
20720,7469.525094922271
20721,8954.873495771062
20722,4622.510903005024
20723,8235.5001793488
20724,8969.894915514316
20725,4207.398408675972
20726,6824.678529224829
20727,4753.69518049483
20728,6257.849158509152
20729,2850.455913223843
20730,5932.2465691522975
20731,4055.3253780553932
20732,8021.191247468308
20733,6827.468078538702
20734,7328.933546730413
20735,8115.737688179925
20736,6610.900255886867
20737,6864.457523004934
20738,17335.60707378518
20739,7931.185864162366
20740,4338.934315272464
20741,2407.9420948382913
20742,5528.447384895522
20743,7808.451202980355
20744,4485.94029913084
20745,11782.923080271117
20746,18467.24808873114
20747,4164.6441512622405
20748,4065.087969580826
20749,8219.004589611728
20750,4078.869515145172
20751,7069.043262167408
20752,4815.080769538703
20753,6685.0531062328655
20754,4077.4335203904648
20755,6781.238907366
20756,5538.97513205642
20757,8327.984653305455
20758,8437.885291996392
20759,5571.381642171592
20760,5865.1898643120885
20761,6714.164385743469
20762,4385.497068858004
20763,4512.414618038628
20764,8180.23949966735
20765,5474.790439068358
20766,4849.702503715957
20767,6225.594887749825
20768,5214.456493923938
20769,5083.807327241095
20770,5926.690975595944
20771,5636.751436784834
20772,8139.823920270103
20773,10198.561229214936
20774,6543.926044282326
20775,5882.229686540237
20776,3118.049711016841
20777,5408.095905011515
20778,6045.678504680908
20779,5317.269406489531
20780,3233.5367887134285
20781,7054.862912721818
20782,5291.200959047507
20783,10516.551347381881
20784,6214.162617350412
20785,4282.3917047410305
20786,4642.171936745152
20787,5640.805298937349
20788,8291.565842124988
20789,4976.625069249529
20790,9008.980171630808
20791,15113.230743932389
20792,6426.01355506916
20793,5254.918439068496
20794,4198.922778127691
20795,4211.689186784529
20796,6417.6055803712225
20797,3463.605657151626
20798,4945.664564722806
20799,9700.721583754246
20800,4900.086106566474
20801,13241.835122221943
20802,11541.455950901505
20803,4242.32614571287
20804,5490.124175131253
20805,6144.63212717366
20806,7083.5559197463745
20807,4974.372673609237
20808,10381.476766111995
20809,5883.35674162419
20810,8055.090663211822
20811,4012.5458367053993
20812,7005.8685290350895
20813,4647.503652269121
20814,8511.29018344917
20815,5258.16163813581
20816,4951.3305178988085
20817,7339.596140913717
20818,5916.6208408294
20819,7106.6027314772155
20820,10442.805766362699
20821,4949.084433681478
20822,8996.41097115109
20823,6100.130654592613
20824,9944.730195509374
20825,4737.036740979506
20826,5536.97168350985
20827,4871.811589347269
20828,7235.132987461653
20829,5680.8920278526375
20830,6330.565921370671
20831,5160.551717545729
20832,7980.2193102367655
20833,3901.8195059679224
20834,9893.749195081533
20835,6360.846899798245
20836,3492.318375861067
20837,11582.123645280082
20838,14903.408938990353
20839,7700.024849987245
20840,6338.04399267438
20841,7819.482559258829
20842,9336.406925131605
20843,10801.053805461721
20844,5411.061329573495
20845,6606.875968876462
20846,5373.050919940793
20847,6772.766690754156
20848,3894.024256672473
20849,4603.755321311505
20850,5537.461737036391
20851,4770.4114724192
20852,6756.53553820758
20853,4278.955881860798
20854,3434.922239548197
20855,5618.40256846868
20856,3036.258506996448
20857,3800.9145164739884
20858,5016.874430592023
20859,5765.814709365369
20860,7682.4196182962505
20861,8921.455337990432
20862,5582.809859401665
20863,5761.680008888305
20864,6093.658320440462
20865,10661.317181179418
20866,6075.762040612176
20867,4125.009877337715
20868,4895.2314033800785
20869,10190.185004285995
20870,4833.150559744105
20871,6942.9318859443965
20872,3176.220505134629
20873,4334.735592032174
20874,5940.121705586636
20875,6118.737308493908
20876,4372.592543106721
20877,8024.472019325121
20878,9054.197367083423
20879,11470.36507042506
20880,5795.066827437677
20881,9218.738729478364
20882,3046.509792509738
20883,4354.768194332949
20884,6007.239708796144
20885,3184.8675696237055
20886,7451.005813389502
20887,4329.175411323379
20888,5626.604404936334
20889,7761.673991725016
20890,9353.242105133182
20891,7336.251987059855
20892,4545.383947201782
20893,5131.265896686399
20894,11441.734249034718
20895,7167.844297924295
20896,4977.1493623898195
20897,4562.991076153859
20898,5788.105612718099
20899,8026.3557900198375
20900,3786.0127062994998
20901,5904.323645884095
20902,6331.038559095659
20903,6671.005042130923
20904,11949.126653253592
20905,5967.492647611689
20906,13961.86431126598
20907,5887.63942562987
20908,5227.857543184029
20909,2802.5820398062915
20910,5605.214160037421
20911,5650.858135468868
20912,4524.413744891955
20913,7709.696890455598
20914,4382.755056140742
20915,3961.600855340706
20916,6720.850330762963
20917,4215.639506795702
20918,7478.545355054599
20919,6343.754990338475
20920,6934.201705668917
20921,7462.186930650317
20922,3975.9277402638018
20923,8014.106332176842
20924,6710.28952096009
20925,5025.4687858195375
20926,5824.212653395681
20927,4572.604568586387
20928,9196.107337382247
20929,6103.2578464951675
20930,3934.4594731633583
20931,6083.409884500954
20932,7424.503814518537
20933,6147.748798341222
20934,4464.921958640822
20935,7469.4327428070765
20936,5118.742203205661
20937,5120.414177538547
20938,5425.277841365758
20939,7751.655974844487
20940,5234.584923056948
20941,5192.310723887241
20942,5107.253614470912
20943,6396.745787109646
20944,4475.767712496489
20945,4389.72256854044
20946,7505.228943462098
20947,9686.319880369936
20948,10065.435332244597
20949,9438.369425140263
20950,8515.1187570207
20951,7254.846308023205
20952,5448.524358955902
20953,10679.340525590258
20954,9323.23200447226
20955,6665.952686998436
20956,7170.735279730435
20957,7507.90597511402
20958,4894.024509002587
20959,3561.6797274770147
20960,10716.446244807194
20961,5616.643706034775
20962,6230.275144116143
20963,4549.5483751511265
20964,1937.9725979257496
20965,9204.38783897912
20966,6697.31937550802
20967,4433.792333819956
20968,4802.4002221566025
20969,4752.66149652524
20970,7612.781441191933
20971,5522.123383311015
20972,5987.572337460761
20973,6050.256196002432
20974,5731.763050288473
20975,3682.7127120519413
20976,2997.7565603379617
20977,5717.986064200164
20978,15837.82069372339
20979,4725.37436666984
20980,5262.636057381601
20981,5279.114886552787
20982,4593.052646558566
20983,4943.078196954706
20984,4298.606530666018
20985,3479.9886833076453
20986,7384.106372392736
20987,5796.765353259867
20988,3132.984474991183
20989,7394.609674047611
20990,3197.869240457621
20991,5493.726306463438
20992,9539.763251114793
20993,7213.464025077062
20994,10414.028329350296
20995,4315.204196597496
20996,5326.223517968393
20997,4214.916542492048
20998,6500.699423196732
20999,13955.604926170901
21000,8997.60828511051
21001,7340.674611924226
21002,4301.996943905986
21003,4125.125183369972
21004,5318.864001001473
21005,4090.408601868578
21006,10138.063545885447
21007,4812.296068074889
21008,5587.7102967737555
21009,7526.058982135747
21010,4021.131169581819
21011,5896.13621268921
21012,5907.29624919094
21013,7681.783851180613
21014,5172.277271234729
21015,3413.7984569709247
21016,5413.978046326469
21017,5412.474638382789
21018,7834.042372823867
21019,7348.691317251813
21020,5961.8607274870055
21021,3265.476645967953
21022,7456.332686296857
21023,5265.626928707665
21024,4877.7973572301435
21025,5963.76406472268
21026,6651.632854354978
21027,5961.790504926325
21028,5194.016638247159
21029,5801.955958084581
21030,7129.736537408904
21031,6191.002351629422
21032,6575.037265872163
21033,6414.050922524842
21034,4883.889380291774
21035,8092.348881976993
21036,5434.554659543745
21037,3723.4582950344497
21038,10466.651520190937
21039,5270.592754419015
21040,3190.966578778856
21041,7019.648126040709
21042,6653.158735735022
21043,8499.756375660807
21044,3869.222075150629
21045,6682.881141782026
21046,6358.480606327237
21047,6816.168970681558
21048,4935.074763560523
21049,8112.163178424833
21050,2782.7301934681514
21051,5189.691890220359
21052,4994.916977938201
21053,4295.119732470421
21054,3461.5381783955127
21055,5924.396441784256
21056,6199.092686309129
21057,5129.985227539567
21058,6486.582411073098
21059,5709.307341909264
21060,8413.970115854208
21061,4107.485165032536
21062,5263.692171090575
21063,4728.561478556365
21064,6610.557127403023
21065,7435.187226549443
21066,2769.7423194733983
21067,7497.262880475339
21068,4887.5905449419
21069,6555.9478148270455
21070,4674.450850542964
21071,3161.1387816514834
21072,9210.746939641771
21073,4231.400942164717
21074,8227.56778319439
21075,5633.081802829111
21076,5127.3213844718575
21077,6763.799744633575
21078,5384.720110798385
21079,4227.676352221017
21080,7699.745643974998
21081,4196.2890313520675
21082,8458.982985076416
21083,9538.365034282144
21084,5930.673399812198
21085,3530.210141336325
21086,4511.73679639693
21087,3676.274041457026
21088,2719.3622957849825
21089,7113.320262511758
21090,5161.58677010398
21091,7867.354403155607
21092,3786.164754651291
21093,5011.562162734599
21094,4975.227356637659
21095,8057.010078444231
21096,4127.714699588879
21097,5053.219564379404
21098,4609.785201079277
21099,6597.195583724822
21100,5222.235707843744
21101,6993.766020381658
21102,8365.170021617698
21103,8295.850778461521
21104,6322.90632646271
21105,6975.8122237005955
21106,6333.871836355961
21107,3897.50456126749
21108,4328.83534794934
21109,9753.705664534358
21110,6992.431488148931
21111,9859.830507915227
21112,15007.471812364956
21113,4802.531671033089
21114,4249.223797452646
21115,5501.712777256944
21116,7743.113968537347
21117,9066.797058894776
21118,5583.458427973232
21119,7065.00283671303
21120,7301.309649529761
21121,2994.3217430592354
21122,5207.138223307435
21123,4462.2257214603815
21124,4356.087533039874
21125,4461.6309724841085
21126,3444.140118952146
21127,4124.525442929315
21128,7738.306602950275
21129,14532.868411192458
21130,5342.304167870082
21131,4303.80025666689
21132,5962.424214634044
21133,3788.558160715919
21134,7609.482435073066
21135,3385.653987281219
21136,8791.59068213823
21137,5566.637801766481
21138,7493.852787859843
21139,13120.862014395532
21140,11139.962262778596
21141,4655.7475961840655
21142,5359.160586799897
21143,3862.3008336405155
21144,4982.871090672898
21145,6138.779541036321
21146,7691.898901191758
21147,4171.741861756945
21148,3943.6321986846297
21149,5253.46949124292
21150,4844.1430589367255
21151,6378.494411585176
21152,6266.545561398638
21153,3781.287249480949
21154,6639.150214620682
21155,7302.937584701818
21156,5421.975168297582
21157,3716.3799534752516
21158,3345.510250232348
21159,6933.323355424631
21160,3841.4115560473742
21161,9380.156636385302
21162,3820.0690523318913
21163,4646.264795144267
21164,6232.439131155549
21165,6545.427074343503
21166,4334.601216397423
21167,5821.051524023517
21168,5658.896869190634
21169,8952.766763289532
21170,7346.955984497404
21171,5112.418642267618
21172,4049.9787417267767
21173,5159.9344114989035
21174,7729.1290923906945
21175,4819.59766402757
21176,5496.290163385356
21177,6631.038043282521
21178,10601.378364313985
21179,8605.05884831979
21180,6905.805187379762
21181,7209.015994600824
21182,4334.878584819097
21183,9096.841821976599
21184,4842.999705784304
21185,10202.175512674625
21186,5102.992931638592
21187,4587.143040916145
21188,3899.933913053763
21189,2522.54298908215
21190,6837.175285864017
21191,18503.417719399917
21192,3643.5549744958753
21193,4200.170443846914
21194,8364.43135708606
21195,6393.047190124273
21196,15848.85966459909
21197,7302.886018424119
21198,5434.492276541001
21199,5291.79506444481
21200,3828.6556536767907
21201,8217.998303912718
21202,4693.754506187094
21203,6387.374199244778
21204,7255.087200655449
21205,3990.6267273987273
21206,8093.619614516954
21207,5742.959853440946
21208,3657.1485081654446
21209,9646.68366212764
21210,9331.682596353687
21211,3902.4601655673005
21212,7048.101977924655
21213,5488.933849182819
21214,5207.694786334584
21215,7968.125349794534
21216,5867.882062427582
21217,7812.97942753025
21218,4274.652109830594
21219,3903.5154332239113
21220,6742.181799407999
21221,3327.1903979042927
21222,6928.30276794549
21223,3655.4275607589097
21224,5494.339005754011
21225,4712.0103476551985
21226,5158.061302038289
21227,6100.06172405268
21228,6461.528488016396
21229,5254.805766074672
21230,8265.085605731812
21231,5076.962867692837
21232,7584.011157147705
21233,5311.058251843304
21234,6461.330833698444
21235,7819.473910766383
21236,8099.085005214007
21237,2853.7671920133375
21238,4637.1824248759285
21239,8021.544376889781
21240,4624.778133742438
21241,10946.026868409695
21242,5203.31410624853
21243,5939.416836486154
21244,9094.86446665108
21245,5836.124841039635
21246,3132.5888909189284
21247,9964.62663336119
21248,10892.166600895978
21249,5918.323429964689
21250,6569.917358543976
21251,10862.535906804911
21252,6479.471053134958
21253,4853.961882167575
21254,5787.772258057624
21255,4256.600487119969
21256,4479.922996662613
21257,6841.776661596849
21258,4019.806347537074
21259,6308.412720814313
21260,6158.4551368421335
21261,5841.252702542482
21262,6361.072064960605
21263,6936.972190447647
21264,6644.993262344318
21265,4352.388616302082
21266,4720.786896975358
21267,6063.980949912008
21268,7692.441644910441
21269,5808.859059360934
21270,5296.877698528647
21271,8568.783893885437
21272,5217.698763467719
21273,4196.105468135715
21274,5049.069557597177
21275,6453.875952442821
21276,6387.9162035483
21277,5015.944825587719
21278,3746.0838938343895
21279,6252.155970884984
21280,6861.925158725325
21281,4871.289426940002
21282,7097.800245835529
21283,7212.036410620638
21284,5671.897568077154
21285,4535.8017748443
21286,3050.734404858995
21287,5187.271001225224
21288,6169.684254372767
21289,5863.740925590741
21290,7946.348609523351
21291,6910.014123257913
21292,4770.3919184520955
21293,7728.172812100768
21294,3199.524618000149
21295,2574.407330826873
21296,7398.275333900616
21297,9283.698982953469
21298,6319.190308305279
21299,5940.851662279362
21300,3709.907953473216
21301,5917.601457591093
21302,6688.178488835538
21303,5110.070321706505
21304,6517.060797010393
21305,4033.81126399534
21306,4930.291177013881
21307,3843.2869993456534
21308,4929.141524475343
21309,5142.820512768634
21310,3775.8740165419686
21311,3752.783839810888
21312,3632.4165782641885
21313,6534.3399092911095
21314,5562.357547514416
21315,5029.4064387448825
21316,5917.547325685395
21317,7774.47441027692
21318,5005.94946665611
21319,5009.594978273322
21320,8883.118323903123
21321,6901.570182912939
21322,6421.55589821493
21323,3522.6600901565157
21324,10019.021378314037
21325,5590.497947541158
21326,4899.273758178208
21327,8264.732887526678
21328,6821.059331099186
21329,6385.548341803336
21330,6855.249404646449
21331,6128.461445329767
21332,7892.05289055032
21333,11576.885441864068
21334,3888.044712253204
21335,4022.5350731096187
21336,4081.4661669379298
21337,5631.131544311976
21338,5818.625257356489
21339,6475.73649758839
21340,7479.70844263045
21341,5978.03439807622
21342,3558.5759723227693
21343,5313.26556913344
21344,10558.39007569499
21345,4014.610927023834
21346,6702.225394109592
21347,3434.21082342672
21348,6560.916922313048
21349,6176.026445037533
21350,6490.638682500735
21351,7395.09583250957
21352,6554.338325742594
21353,3210.143896201999
21354,7322.999560680423
21355,6687.158205455462
21356,7870.803613113897
21357,6853.448984279383
21358,6812.6770532531955
21359,4702.970918377929
21360,4205.59248459635
21361,8934.524740564611
21362,3258.8992198764176
21363,9834.750221919432
21364,5086.128835996997
21365,3806.289421259502
21366,6108.900946035717
21367,5939.1456790793445
21368,6012.659678381535
21369,7593.651855583043
21370,4063.683965724447
21371,3976.6483134483415
21372,5644.161047323362
21373,6550.649208190229
21374,9101.766744216013
21375,4602.586175937893
21376,5446.660998741588
21377,4696.427455008646
21378,5729.513011047199
21379,4392.462511285942
21380,9200.62412846042
21381,9220.048441501674
21382,11248.668305402229
21383,5129.424439179036
21384,5554.098959842221
21385,8270.291693095996
21386,8901.216272290605
21387,3855.2488906890785
21388,10737.265831194987
21389,6299.600569826509
21390,4159.550605480189
21391,5533.91841565578
21392,4170.325949289878
21393,5680.13509703893
21394,5187.7866980176495
21395,4303.008583229335
21396,4234.891711872336
21397,7410.784820438372
21398,7378.800833628462
21399,21625.184927124676
21400,5797.602146072803
21401,0.0
21402,0.0
21403,0.0
21404,0.0
21405,0.0
21406,0.0
21407,0.0
21408,0.0
21409,0.0
21410,0.0
21411,0.0
21412,0.0
21413,0.0
21414,0.0
21415,0.0
21416,0.0
21417,0.0
21418,0.0
21419,0.0
21420,0.0
21421,0.0
21422,0.0
21423,0.0
21424,0.0
21425,0.0
21426,0.0
21427,0.0
21428,0.0
21429,0.0
21430,0.0
21431,0.0
21432,0.0
21433,0.0
21434,0.0
21435,0.0
21436,0.0
21437,0.0
21438,0.0
21439,0.0
21440,0.0
21441,0.0
21442,0.0
21443,0.0
21444,0.0
21445,0.0
21446,0.0
21447,0.0
21448,0.0
21449,0.0
21450,0.0
21451,0.0
21452,0.0
21453,0.0
21454,0.0
21455,0.0
21456,0.0
21457,0.0
21458,0.0
21459,0.0
21460,0.0
21461,0.0
21462,0.0
21463,0.0
21464,0.0
21465,0.0
21466,0.0
21467,0.0
21468,0.0
21469,0.0
21470,0.0
21471,0.0
21472,0.0
21473,0.0
21474,0.0
21475,0.0
21476,0.0
21477,0.0
21478,0.0
21479,0.0
21480,0.0
21481,0.0
21482,0.0
21483,0.0
21484,0.0
21485,0.0
21486,0.0
21487,0.0
21488,0.0
21489,0.0
21490,0.0
21491,0.0
21492,3738.920084487402
21493,0.0
21494,0.0
21495,0.0
21496,0.0
21497,0.0
21498,0.0
21499,0.0
21500,0.0
21501,0.0
21502,0.0
21503,0.0
21504,0.0
21505,0.0
21506,0.0
21507,0.0
21508,0.0
21509,0.0
21510,0.0
21511,0.0
21512,0.0
21513,0.0
21514,0.0
21515,0.0
21516,0.0
21517,0.0
21518,0.0
21519,0.0
21520,0.0
21521,0.0
21522,0.0
21523,0.0
21524,0.0
21525,0.0
21526,0.0
21527,0.0
21528,0.0
21529,0.0
21530,0.0
21531,0.0
21532,0.0
21533,0.0
21534,0.0
21535,0.0
21536,0.0
21537,0.0
21538,0.0
21539,0.0
21540,0.0
21541,0.0
21542,0.0
21543,0.0
21544,0.0
21545,0.0
21546,0.0
21547,0.0
21548,0.0
21549,0.0
21550,0.0
21551,0.0
21552,0.0
21553,0.0
21554,0.0
21555,0.0
21556,0.0
21557,0.0
21558,0.0
21559,0.0
21560,2752.6559122130116
21561,0.0
21562,0.0
21563,0.0
21564,0.0
21565,0.0
21566,0.0
21567,0.0
21568,0.0
21569,0.0
21570,0.0
21571,0.0
21572,0.0
21573,0.0
21574,0.0
21575,0.0
21576,0.0
21577,0.0
21578,0.0
21579,0.0
21580,0.0
21581,0.0
21582,0.0
21583,0.0
21584,0.0
21585,0.0
21586,0.0
21587,0.0
21588,0.0
21589,0.0
21590,0.0
21591,0.0
21592,0.0
21593,0.0
21594,0.0
21595,0.0
21596,0.0
21597,0.0
21598,0.0
21599,0.0
21600,0.0
21601,16397.330195145172
21602,32360.025398614805
21603,0.0
21604,0.0
21605,0.0
21606,0.0
21607,0.0
21608,0.0
21609,0.0
21610,7641.469222469235
21611,0.0
21612,0.0
21613,0.0
21614,0.0
21615,0.0
21616,0.0
21617,0.0
21618,0.0
21619,0.0
21620,0.0
21621,0.0
21622,0.0
21623,0.0
21624,0.0
21625,0.0
21626,0.0
21627,0.0
21628,0.0
21629,5192.450912790651
21630,0.0
21631,0.0
21632,0.0
21633,0.0
21634,0.0
21635,0.0
21636,0.0
21637,0.0
21638,0.0
21639,3185.5970461278293
21640,0.0
21641,0.0
21642,0.0
21643,0.0
21644,0.0
21645,0.0
21646,0.0
21647,0.0
21648,0.0
21649,0.0
21650,0.0
21651,0.0
21652,0.0
21653,0.0
21654,0.0
21655,0.0
21656,0.0
21657,8382.886272334967
21658,0.0
21659,0.0
21660,0.0
21661,0.0
21662,0.0
21663,0.0
21664,0.0
21665,0.0
21666,0.0
21667,0.0
21668,0.0
21669,0.0
21670,0.0
21671,0.0
21672,0.0
21673,0.0
21674,8971.40021747348
21675,0.0
21676,0.0
21677,0.0
21678,0.0
21679,0.0
21680,0.0
21681,0.0
21682,0.0
21683,0.0
21684,0.0
21685,0.0
21686,0.0
21687,0.0
21688,0.0
21689,0.0
21690,0.0
21691,0.0
21692,0.0
21693,0.0
21694,0.0
21695,0.0
21696,0.0
21697,0.0
21698,0.0
21699,0.0
21700,0.0
21701,0.0
21702,0.0
21703,0.0
21704,0.0
21705,0.0
21706,0.0
21707,0.0
21708,0.0
21709,0.0
21710,0.0
21711,0.0
21712,0.0
21713,0.0
21714,0.0
21715,0.0
21716,0.0
21717,0.0
21718,0.0
21719,0.0
21720,0.0
21721,0.0
21722,0.0
21723,0.0
21724,0.0
21725,0.0
21726,0.0
21727,0.0
21728,0.0
21729,0.0
21730,0.0
21731,0.0
21732,0.0
21733,0.0
21734,0.0
21735,0.0
21736,1636.1816978365273
21737,0.0
21738,0.0
21739,0.0
21740,0.0
21741,0.0
21742,0.0
21743,0.0
21744,0.0
21745,0.0
21746,0.0
21747,0.0
21748,0.0
21749,0.0
21750,5630.047060230047
21751,0.0
21752,0.0
21753,0.0
21754,0.0
21755,0.0
21756,0.0
21757,0.0
21758,0.0
21759,0.0
21760,0.0
21761,0.0
21762,0.0
21763,0.0
21764,0.0
21765,0.0
21766,0.0
21767,0.0
21768,0.0
21769,0.0
21770,0.0
21771,0.0
21772,0.0
21773,0.0
21774,0.0
21775,0.0
21776,0.0
21777,0.0
21778,0.0
21779,0.0
21780,0.0
21781,0.0
21782,0.0
21783,0.0
21784,0.0
21785,0.0
21786,0.0
21787,0.0
21788,0.0
21789,0.0
21790,0.0
21791,0.0
21792,0.0
21793,7441.781360567623
21794,0.0
21795,0.0
21796,0.0
21797,0.0
21798,0.0
21799,0.0
21800,0.0
21801,0.0
21802,0.0
21803,2523.4898384855846
21804,0.0
21805,0.0
21806,0.0
21807,5780.646282464472
21808,0.0
21809,0.0
21810,0.0
21811,0.0
21812,0.0
21813,0.0
21814,0.0
21815,0.0
21816,0.0
21817,0.0
21818,0.0
21819,0.0
21820,0.0
21821,0.0
21822,0.0
21823,0.0
21824,0.0
21825,0.0
21826,0.0
21827,0.0
21828,0.0
21829,0.0
21830,0.0
21831,0.0
21832,0.0
21833,0.0
21834,19249.81920871166
21835,0.0
21836,0.0
21837,0.0
21838,0.0
21839,0.0
21840,0.0
21841,0.0
21842,0.0
21843,0.0
21844,0.0
21845,0.0
21846,0.0
21847,0.0
21848,6421.229536384515
21849,0.0
21850,0.0
21851,0.0
21852,0.0
21853,0.0
21854,0.0
21855,0.0
21856,0.0
21857,0.0
21858,0.0
21859,0.0
21860,0.0
21861,0.0
21862,0.0
21863,0.0
21864,0.0
21865,0.0
21866,0.0
21867,0.0
21868,0.0
21869,0.0
21870,0.0
21871,0.0
21872,0.0
21873,0.0
21874,0.0
21875,0.0
21876,0.0
21877,0.0
21878,0.0
21879,0.0
21880,0.0
21881,0.0
21882,0.0
21883,0.0
21884,0.0
21885,0.0
21886,0.0
21887,0.0
21888,0.0
21889,0.0
21890,0.0
21891,0.0
21892,0.0
21893,0.0
21894,0.0
21895,0.0
21896,0.0
21897,0.0
21898,0.0
21899,0.0
21900,0.0
21901,0.0
21902,0.0
21903,0.0
21904,0.0
21905,0.0
21906,0.0
21907,0.0
21908,0.0
21909,0.0
21910,0.0
21911,0.0
21912,0.0
21913,0.0
21914,0.0
21915,0.0
21916,0.0
21917,0.0
21918,0.0
21919,0.0
21920,0.0
21921,0.0
21922,0.0
21923,12935.532958327409
21924,0.0
21925,0.0
21926,0.0
21927,0.0
21928,0.0
21929,0.0
21930,0.0
21931,0.0
21932,0.0
21933,0.0
21934,0.0
21935,0.0
21936,0.0
21937,0.0
21938,0.0
21939,0.0
21940,0.0
21941,0.0
21942,0.0
21943,0.0
21944,0.0
21945,0.0
21946,0.0
21947,0.0
21948,0.0
21949,0.0
21950,0.0
21951,0.0
21952,0.0
21953,0.0
21954,0.0
21955,0.0
21956,0.0
21957,0.0
21958,0.0
21959,0.0
21960,0.0
21961,0.0
21962,0.0
21963,0.0
21964,0.0
21965,0.0
21966,0.0
21967,4128.160145031267
21968,16561.777980100946
21969,0.0
21970,0.0
21971,0.0
21972,0.0
21973,0.0
21974,0.0
21975,0.0
21976,0.0
21977,0.0
21978,0.0
21979,0.0
21980,0.0
21981,0.0
21982,0.0
21983,0.0
21984,0.0
21985,0.0
21986,0.0
21987,0.0
21988,0.0
21989,0.0
21990,0.0
21991,0.0
21992,0.0
21993,0.0
21994,0.0
21995,0.0
21996,11756.956889464313
21997,0.0
21998,0.0
21999,0.0
22000,0.0
22001,0.0
22002,0.0
22003,0.0
22004,0.0
22005,0.0
22006,0.0
22007,0.0
22008,0.0
22009,0.0
22010,0.0
22011,0.0
22012,0.0
22013,0.0
22014,0.0
22015,0.0
22016,0.0
22017,0.0
22018,0.0
22019,0.0
22020,0.0
22021,0.0
22022,0.0
22023,0.0
22024,0.0
22025,0.0
22026,0.0
22027,0.0
22028,0.0
22029,0.0
22030,0.0
22031,0.0
22032,0.0
22033,0.0
22034,0.0
22035,0.0
22036,0.0
22037,0.0
22038,0.0
22039,0.0
22040,0.0
22041,0.0
22042,0.0
22043,0.0
22044,0.0
22045,0.0
22046,0.0
22047,0.0
22048,0.0
22049,0.0
22050,0.0
22051,0.0
22052,0.0
22053,0.0
22054,0.0
22055,0.0
22056,0.0
22057,0.0
22058,0.0
22059,0.0
22060,0.0
22061,0.0
22062,0.0
22063,0.0
22064,0.0
22065,0.0
22066,2764.4204340936367
22067,0.0
22068,0.0
22069,0.0
22070,2354.229062670942
22071,0.0
22072,0.0
22073,0.0
22074,0.0
22075,0.0
22076,0.0
22077,0.0
22078,0.0
22079,0.0
22080,0.0
22081,0.0
22082,0.0
22083,0.0
22084,0.0
22085,0.0
22086,0.0
22087,0.0
22088,0.0
22089,0.0
22090,0.0
22091,0.0
22092,0.0
22093,0.0
22094,0.0
22095,0.0
22096,0.0
22097,0.0
22098,0.0
22099,0.0
22100,0.0
22101,0.0
22102,0.0
22103,0.0
22104,0.0
22105,0.0
22106,0.0
22107,0.0
22108,0.0
22109,0.0
22110,0.0
22111,0.0
22112,0.0
22113,0.0
22114,0.0
22115,0.0
22116,0.0
22117,0.0
22118,0.0
22119,0.0
22120,0.0
22121,2999.6997901970594
22122,0.0
22123,0.0
22124,0.0
22125,0.0
22126,0.0
22127,0.0
22128,0.0
22129,0.0
22130,0.0
22131,0.0
22132,0.0
22133,0.0
22134,0.0
22135,0.0
22136,10633.003749994992
22137,0.0
22138,0.0
22139,0.0
22140,0.0
22141,0.0
22142,0.0
22143,0.0
22144,0.0
22145,0.0
22146,0.0
22147,0.0
22148,0.0
22149,0.0
22150,0.0
22151,0.0
22152,0.0
22153,0.0
22154,0.0
22155,0.0
22156,0.0
22157,0.0
22158,0.0
22159,0.0
22160,0.0
22161,0.0
22162,0.0
22163,0.0
22164,0.0
22165,0.0
22166,0.0
22167,0.0
22168,0.0
22169,0.0
22170,0.0
22171,0.0
22172,0.0
22173,0.0
22174,0.0
22175,0.0
22176,0.0
22177,0.0
22178,0.0
22179,0.0
22180,0.0
22181,0.0
22182,0.0
22183,0.0
22184,0.0
22185,0.0
22186,0.0
22187,0.0
22188,0.0
22189,0.0
22190,0.0
22191,0.0
22192,0.0
22193,0.0
22194,0.0
22195,0.0
22196,0.0
22197,0.0
22198,0.0
22199,0.0
22200,4816.303595548422
22201,0.0
22202,0.0
22203,0.0
22204,0.0
22205,0.0
22206,0.0
22207,0.0
22208,0.0
22209,0.0
22210,0.0
22211,0.0
22212,0.0
22213,0.0
22214,0.0
22215,0.0
22216,0.0
22217,0.0
22218,0.0
22219,0.0
22220,0.0
22221,0.0
22222,0.0
22223,0.0
22224,0.0
22225,0.0
22226,0.0
22227,0.0
22228,0.0
22229,0.0
22230,0.0
22231,0.0
22232,0.0
22233,0.0
22234,0.0
22235,0.0
22236,0.0
22237,0.0
22238,0.0
22239,0.0
22240,0.0
22241,12874.801329729762
22242,5877.005216914346
22243,0.0
22244,0.0
22245,0.0
22246,0.0
22247,0.0
22248,0.0
22249,0.0
22250,0.0
22251,0.0
22252,0.0
22253,0.0
22254,0.0
22255,0.0
22256,0.0
22257,3897.1643712438035
22258,3582.958274867687
22259,6500.156637230864
22260,2898.347535742334
22261,5667.841627066898
22262,4331.843018109453
22263,5603.609752600617
22264,5816.9763060077
22265,4133.099664236368
22266,3004.929017454211
22267,5457.885026299556
22268,4545.825635664593
22269,3729.3435088953775
22270,5855.539124381142
22271,4226.003923239053
22272,3022.097509194645
22273,4307.044046302732
22274,6303.869191037447
22275,7384.711841530267
22276,6187.492957264371
22277,6576.0388789448525
22278,3718.3493364985134
22279,5281.296536281913
22280,2091.479560172925
22281,7625.296626990246
22282,7090.294078830154
22283,8975.25441265941
22284,5572.702480017912
22285,2727.4648916763126
22286,4409.704790832749
22287,5797.9070236683365
22288,7213.479466017857
22289,3741.989529321938
22290,5291.053543795319
22291,4505.1009544280705
22292,5285.972859604856
22293,2723.39539960009
22294,6733.110178466559
22295,3991.75668573131
22296,6462.526529556377
22297,6602.358941910616
22298,3401.1880397224413
22299,7151.246334411068
22300,5524.009256649123
22301,4408.781376671776
22302,3473.533334633066
22303,6923.464083426816
22304,9317.386730715183
22305,5456.26115408729
22306,4485.488736421257
22307,7760.300498230433
22308,6609.884100684711
22309,5035.218935388392
22310,5344.176371319368
22311,2025.7019778743406
22312,2632.3011344065653
22313,4274.42277692528
22314,5913.999227222875
22315,7683.347363750383
22316,7057.005153983454
22317,3945.2144108056873
22318,7731.130322777711
22319,7531.662704518348
22320,4782.07586454789
22321,2757.2965118452753
22322,10287.357665325702
22323,3388.2431705269623
22324,4094.5498222467395
22325,6527.605769393337
22326,3258.63227907113
22327,4946.868270754687
22328,2653.97458943769
22329,5357.929986737266
22330,4561.633291612845
22331,4953.276163339514
22332,7261.617771348075
22333,6848.670059871044
22334,4686.924674751225
22335,3053.5109046788557
22336,6483.542215823651
22337,11967.03053758565
22338,5150.475722545444
22339,3289.789323742759
22340,5930.817553869593
22341,5485.149437958056
22342,6743.454137712642
22343,8574.574940926634
22344,2096.927273010518
22345,7266.294981785464
22346,4620.719216896014
22347,5035.660645259789
22348,7224.632756625464
22349,2292.3643799892984
22350,4612.1044584569745
22351,4501.925680225034
22352,6653.04198287448
22353,6878.706328651307
22354,3518.2176554934044
22355,3991.318023244931
22356,5837.276805514983
22357,5456.802555961704
22358,4397.981364281005
22359,6423.800984669274
22360,3884.4210465963824
22361,5961.863363925531
22362,4013.417601910422
22363,2904.7019736339253
22364,4676.846072223683
22365,6459.612182391358
22366,5752.640650821901
22367,6290.759088950547
22368,7031.07626831007
22369,3936.185793780897
22370,7361.845275820772
22371,2862.1305107353746
22372,3277.487694869534
22373,6937.525940257705
22374,5876.411618045808
22375,6992.356571021278
22376,8798.061349590655
22377,6241.724598386618
22378,4822.1563888028695
22379,6139.489442985266
22380,6495.650523620878
22381,3620.311379890855
22382,2589.344930282494
22383,5200.080055015311
22384,4356.9194558333675
22385,5474.236123741506
22386,3237.6189249642457
22387,5096.828950328844
22388,5930.166959238655
22389,5833.52350816825
22390,5414.238325484402
22391,2681.653171580229
22392,6045.899424666377
22393,6622.855907593988
22394,3083.0616633699706
22395,4664.567365317242
22396,3076.793392536578
22397,4950.304320248345
22398,3189.686131627848
22399,4019.601007410724
22400,4303.851767180477
22401,6644.790124396176
22402,5487.194570788855
22403,6256.014873451531
22404,10458.284874429391
22405,3820.4914485674417
22406,4403.848835278575
22407,8583.701466396902
22408,4801.561592979592
22409,7070.873543243493
22410,5794.064428196283
22411,4782.869134687194
22412,5830.929910781304
22413,4138.220736832278
22414,4250.98785308744
22415,7655.710388265043
22416,5294.566355203318
22417,2439.663516671036
22418,3219.3405665223227
22419,6852.645518057618
22420,8860.90785612247
22421,5375.099137095412
22422,5555.7444255733935
22423,3871.344438038172
22424,2079.8918818479556
22425,1643.171006742134
22426,3474.587935893036
22427,5224.574859824189
22428,6104.299574977163
22429,4478.777413616499
22430,4122.548853753481
22431,7604.377574299625
22432,7034.365630490361
22433,6606.086462202735
22434,4474.725130853084
22435,7539.225936175478
22436,8213.580492494832
22437,3268.5041713465953
22438,4577.605226955933
22439,4752.494676684047
22440,6040.790265280347
22441,2632.70194578263
22442,5213.980028778382
22443,4085.247477367758
22444,7734.896106375644
22445,5436.094367357748
22446,6847.627537438934
22447,6667.4996504940855
22448,4417.388929740878
22449,6838.465133135733
22450,16506.529704407094
22451,8048.35474411369
22452,3476.696722513416
22453,3076.5768567604623
22454,5844.048872903375
22455,7337.142471903451
22456,4496.671937247697
22457,8451.638778880993
22458,17222.308261684597
22459,4327.11060105438
22460,2368.2364262300434
22461,9494.211700244014
22462,2920.6769232936153
22463,5313.485961489584
22464,3069.8157760386734
22465,5654.757137879241
22466,3646.338983603555
22467,6533.09287439227
22468,4877.201020518994
22469,5000.426925457526
22470,8382.579902657271
22471,5444.400906846494
22472,5802.656782832437
22473,6699.871336090737
22474,5007.453545424889
22475,5759.615519872131
22476,8348.048911007043
22477,4633.206985459141
22478,5262.493814558701
22479,3553.854914278681
22480,2958.9783101663998
22481,4964.557014898415
22482,4342.685335664312
22483,4443.164337892106
22484,8218.626619113544
22485,8515.973205546325
22486,6285.1064262648615
22487,4166.006051853464
22488,3389.4146317317404
22489,4090.1293596962014
22490,4469.744650153707
22491,5207.6248628601625
22492,2578.7843044122124
22493,6580.102956471224
22494,4935.715807707772
22495,7653.1851232468025
22496,5202.889549642754
22497,3793.128388455619
22498,3089.161454247818
22499,2588.200441678787
22500,7654.058387913072
22501,5403.655273327341
22502,5723.394924520687
22503,11828.976913216222
22504,7312.7168701796545
22505,4152.652991903548
22506,4903.095730769465
22507,2309.602936143109
22508,3775.614137491309
22509,3683.182381813626
22510,3505.998894275336
22511,8339.702088724713
22512,4296.410381393316
22513,8216.865672628652
22514,9945.586250475051
22515,5434.9773889887565
22516,5098.760857364697
22517,4670.039141526218
22518,4818.63033843313
22519,4286.5454382604885
22520,10644.973543241827
22521,5487.27645265725
22522,6561.346033389938
22523,2971.493625267249
22524,5160.547529372055
22525,4872.2848463800265
22526,7657.002601283069
22527,5845.303496150864
22528,4852.815690981372
22529,6404.924078609145
22530,4414.976621745021
22531,7625.142946881204
22532,6485.917970398931
22533,5710.700425571116
22534,7973.6843826190125
22535,6914.496143933691
22536,7836.263762881004
22537,3628.102492536607
22538,5065.984288444448
22539,4542.897062924645
22540,7532.378288938585
22541,6739.5227714791
22542,6352.853814600805
22543,5660.959427856966
22544,7230.777133565436
22545,4331.280784066482
22546,6413.648553417646
22547,5908.129819565632
22548,2761.540384096628
22549,12680.007987607702
22550,15380.72127482624
22551,6781.534088847592
22552,6386.008946177566
22553,6139.3061600586125
22554,7283.325361115946
22555,7728.51921967693
22556,2739.88044696893
22557,4026.330691136474
22558,5541.055015214979
22559,6794.719662748647
22560,2340.186738143849
22561,3842.3798177176186
22562,4676.972266154711
22563,4491.394377733709
22564,4400.354631917839
22565,2597.4228535324633
22566,2601.8885817887794
22567,6367.116840047687
22568,3311.1895186859647
22569,4251.188190764353
22570,5179.047822163044
22571,4512.532852400839
22572,8178.723208211138
22573,9942.53771493839
22574,4293.0689798813655
22575,6702.235728822732
22576,5952.396656455968
22577,10036.838203697134
22578,4858.935804842038
22579,2574.2489369901655
22580,4570.489445266859
22581,11026.45744244681
22582,4140.719589819477
22583,6117.484270107541
22584,1828.1457915380606
22585,3347.9071333424617
22586,5303.3188365705155
22587,5995.612533889763
22588,4909.891646054747
22589,8740.988456261457
22590,8091.424210063865
22591,7874.291658215753
22592,3754.736394861331
22593,10603.899598420578
22594,1844.5804337515358
22595,2989.7044701171085
22596,5641.336454473824
22597,4127.908392756822
22598,9937.857317588558
22599,2439.0711088252224
22600,4820.137519828884
22601,5214.450135058118
22602,7257.898697856462
22603,8974.96368743813
22604,4382.834283985928
22605,3359.5647348811012
22606,8875.951768465013
22607,8437.405831507622
22608,4149.32170895456
22609,4866.1311081389285
22610,7918.032015181255
22611,5594.516692100094
22612,4396.218776622175
22613,3361.021531217961
22614,6883.4753068640985
22615,4053.9436044250224
22616,12136.584371543722
22617,7456.886631072704
22618,12145.345146794381
22619,6009.506656613886
22620,4298.840546795926
22621,1929.2977622014994
22622,6026.488125749461
22623,5586.78666387568
22624,4482.267486369801
22625,9048.987838451885
22626,4971.6507204083255
22627,2531.3072598055533
22628,6633.410223168684
22629,3509.280812559626
22630,8429.83089301232
22631,6355.533298087271
22632,6362.056095573597
22633,6969.681908666779
22634,4117.969310258728
22635,6487.17673250753
22636,6974.8416836283
22637,4419.870204678308
22638,5606.060830048033
22639,4031.007120201349
22640,8454.745184498093
22641,5139.248309022279
22642,3049.8105820705755
22643,4623.222843976445
22644,7586.639809179363
22645,4896.948617495407
22646,3564.4042638953533
22647,4996.24096863001
22648,4974.240131840689
22649,4301.487611251241
22650,4833.645969254267
22651,8701.130449778198
22652,4113.80454569571
22653,3241.309690740122
22654,4852.422207201644
22655,5043.744529438998
22656,3259.184143094737
22657,4638.7032177640385
22658,7451.741867922569
22659,6905.643295112893
22660,9675.257456615094
22661,7828.622210965004
22662,6762.440157166497
22663,6366.745037352987
22664,4414.278392651203
22665,9091.845895107575
22666,6909.505369620137
22667,6273.543393251539
22668,4901.405405544556
22669,5019.325323444156
22670,3781.6305373712844
22671,2111.4542134724766
22672,11240.701526524108
22673,5151.730504377265
22674,4830.120003070862
22675,4469.715508004155
22676,1203.772164871974
22677,7143.366842179433
22678,5822.730411813598
22679,3857.8272897322836
22680,3621.1747060169523
22681,5052.149535437622
22682,4648.974239528866
22683,3771.250417231261
22684,8527.11099592965
22685,4424.664906551577
22686,4366.6831887559765
22687,3119.429024518117
22688,2638.3781684067776
22689,4465.075531405534
22690,12617.4026824723
22691,4186.632890401188
22692,5365.052986723145
22693,4141.055451962839
22694,3417.8578751929617
22695,2887.0869735862675
22696,5353.837413564719
22697,2509.036525534618
22698,8469.21816025366
22699,5237.978440009639
22700,2444.6355132050894
22701,7528.959111392608
22702,2158.2500933784136
22703,3906.5556872658162
22704,9287.605217744056
22705,6605.075775968552
22706,8760.663067399768
22707,2211.7356351787566
22708,4457.699800746441
22709,3914.5862753425754
22710,4341.713260277169
22711,16046.639622279792
22712,10649.52511301885
22713,4716.488755505937
22714,2856.5145802845627
22715,4890.478089261247
22716,3948.4492446965533
22717,2281.4541570194506
22718,7876.50122349566
22719,4527.864708233236
22720,5221.615919521311
22721,6389.718574322637
22722,4245.951279779762
22723,4352.8523701466
22724,5422.350737864613
22725,6116.634438879508
22726,6046.240787845382
22727,2515.247607276789
22728,5334.977837514402
22729,6132.247595602491
22730,7220.685649273593
22731,5307.025025135378
22732,6452.483557184818
22733,1934.854079530543
22734,7844.921704939551
22735,4369.349466936028
22736,2842.3890023381314
22737,4078.6633496479976
22738,4041.329382136846
22739,4160.268388849309
22740,5825.704579746925
22741,3337.6816509658115
22742,6695.7550510412
22743,4335.486681491875
22744,7272.162191998822
22745,7551.216560156666
22746,4487.98403859324
22747,7058.467507418448
22748,5863.020350002673
22749,2514.981841496267
22750,9933.429770807783
22751,3732.0027020218786
22752,2844.694521633268
22753,5619.841697112419
22754,7660.367180739969
22755,8502.373020377117
22756,4102.527622705033
22757,4481.136129880388
22758,6247.071102203061
22759,6153.1275740335
22760,3925.9032228563788
22761,7403.510331111524
22762,2538.734593334415
22763,3958.9958583594275
22764,3633.6527300460443
22765,3023.3325221450373
22766,2335.622287000325
22767,6835.183585107616
22768,5924.238487505166
22769,4707.633894394261
22770,4638.085688183131
22771,7075.076596059454
22772,7252.865775476673
22773,4380.284833088802
22774,4783.267264055465
22775,4309.835504404123
22776,6126.9482558550635
22777,4676.986852573139
22778,1785.6180343482552
22779,5451.389425762478
22780,6451.099977440746
22781,4953.709632003957
22782,5046.877050995757
22783,2915.1063918113787
22784,8236.720255138547
22785,2722.559821686237
22786,8059.916027029297
22787,4840.107084417702
22788,4084.4008570997994
22789,7228.134388502814
22790,3441.148843965638
22791,3773.417119251525
22792,7653.876374196634
22793,2400.990264511985
22794,6088.8674328710695
22795,7947.181681116024
22796,6060.522683186703
22797,2343.9646754621676
22798,4494.49147249253
22799,3414.619034582833
22800,2081.291030093197
22801,4383.896850643175
22802,5837.990547147357
22803,4383.743620868995
22804,4015.9786658708363
22805,4819.156989238006
22806,4245.456274232038
22807,8573.818463666039
22808,4674.967231451361
22809,5675.572586542725
22810,3736.4650716229808
22811,4993.570014569268
22812,5529.1765857470455
22813,5832.100909740946
22814,7459.125853886428
22815,7088.767234435209
22816,6957.57715808371
22817,4994.118260201404
22818,5173.745180534215
22819,2523.5111364927984
22820,4854.6586681281
22821,8056.447793634826
22822,6011.277672528139
22823,7015.848480433717
22824,13151.485765552345
22825,2765.244866568959
22826,4168.3674090686045
22827,3877.1858840370996
22828,7576.618119580493
22829,8428.351594584086
22830,6390.076987990216
22831,6339.58503924494
22832,6906.79741628542
22833,6822.1389492401895
22834,5180.929034353809
22835,4652.373245174513
22836,2053.451482005607
22837,4302.607129377028
22838,3146.1141465993896
22839,2942.7382817873813
22840,6413.371261377948
22841,16506.07568551536
22842,4354.010857277911
22843,2742.585670000408
22844,4223.181674767813
22845,3552.1160010707736
22846,5397.945032811364
22847,1962.1690095598349
22848,5840.786538470709
22849,6046.134517716201
22850,3468.05538824815
22851,10526.020453994888
22852,10162.140018300819
22853,3488.0830697632287
22854,5128.787599218108
22855,3507.51117380704
22856,3786.2660886908166
22857,4014.684796262082
22858,7281.074793760861
22859,3344.407109669715
22860,4022.894150121349
22861,4719.793988414689
22862,4652.122663907151
22863,4634.8728489622745
22864,6487.288972777142
22865,2905.5715548247176
22866,7339.876542771707
22867,5892.568330604039
22868,4455.191290287039
22869,3698.904002995537
22870,3379.1185005015145
22871,4409.2185238954
22872,3688.134761062611
22873,8560.566575677161
22874,4395.380851592165
22875,3370.356744186368
22876,6193.996918773261
22877,4864.971477076998
22878,5323.5759577580875
22879,4989.7586015776105
22880,5455.548203167543
22881,8948.388760162621
22882,5693.648509505883
22883,5685.8807471661985
22884,3507.827890537123
22885,3999.666518561485
22886,6145.132700704872
22887,3360.9343603998163
22888,4022.3110409219653
22889,4700.3660436063565
22890,10364.675378024142
22891,6921.770083886553
22892,4132.825062370804
22893,5145.657537358414
22894,4440.667170831478
22895,6201.341320182785
22896,4907.66445788731
22897,8208.770731989001
22898,5848.805101365503
22899,4490.439640177598
22900,3823.518766305123
22901,1673.8996944334222
22902,3590.327141308767
22903,18975.892222131704
22904,1860.987514699382
22905,4727.422907010836
22906,5898.586023522043
22907,6483.47508934061
22908,5025.081857536798
22909,6988.539151945571
22910,5054.6690297806645
22911,5448.949112184722
22912,2467.9494016866533
22913,7318.844335976
22914,3370.570029854095
22915,6263.510344234957
22916,7920.313280665811
22917,3559.9151179322735
22918,7703.408644129662
22919,5601.351081945231
22920,3072.6341959768674
22921,6102.96202223759
22922,6281.157191485078
22923,2449.3848095985472
22924,8041.525145682939
22925,5838.165755719724
22926,4637.163900052623
22927,8981.42911443007
22928,7198.688353320977
22929,6390.229183571195
22930,4003.5623701769346
22931,3419.5259788177054
22932,5198.08849191336
22933,3122.1510818233396
22934,5215.954087770453
22935,2231.1770555515263
22936,5233.457733674059
22937,2656.8636792283214
22938,5108.469378657519
22939,4568.153929617419
22940,4237.669283524925
22941,4577.763535834645
22942,7547.790963187882
22943,4697.7879815987435
22944,6460.14982333659
22945,5018.462338759901
22946,5561.3400563418345
22947,7917.2537924408125
22948,6774.6432007540925
22949,4034.188802012185
22950,4635.446621526367
22951,5068.6660623231155
22952,4647.464955293003
22953,11607.565773079792
22954,5520.924220512664
22955,6031.65141917765
22956,8408.829820421544
22957,6086.5770229214
22958,1866.9000061837155
22959,8084.099622708944
22960,7750.387678341342
22961,6135.246588678007
22962,6914.628410723537
22963,6436.458758052476
22964,7379.356843636026
22965,4736.882802882935
22966,3863.428254442028
22967,2825.7846348592957
22968,4828.619619376529
22969,7172.98116986743
22970,2494.4299653115945
22971,7181.87560019359
22972,6004.42986281873
22973,4111.541947063018
22974,6564.899930015721
22975,4252.086903420459
22976,7001.705980183302
22977,3986.932554657718
22978,4310.750393715642
22979,4418.406348696332
22980,3423.8959580946475
22981,5860.356912493416
22982,5929.7142472697715
22983,6970.558182409539
22984,5535.836804464843
22985,3710.730979432609
22986,5149.731383065421
22987,6164.563689856009
22988,6528.096311784387
22989,2965.691376391517
22990,2569.7616114096613
22991,8260.876335557605
22992,5214.023539138085
22993,3782.4720973295484
22994,6356.379880197243
22995,6826.1691431969875
22996,5806.057006526958
22997,4205.622897262397
22998,1507.0594455856572
22999,5349.697119552177
23000,5365.851797419249
23001,4010.0578612574077
23002,7904.949359949289
23003,6351.433701922859
23004,3140.089966144397
23005,5423.756256266618
23006,2508.853162902144
23007,983.3037575040577
23008,4704.138710512171
23009,9263.846921208678
23010,5262.814791935457
23011,3937.376484075834
23012,2816.220782152928
23013,4671.169538564226
23014,7665.347246382811
23015,5157.734404486246
23016,8192.461984996264
23017,3571.8323057095295
23018,4384.901326263106
23019,3169.3177358707258
23020,5591.445097375067
23021,3025.277020510725
23022,2232.85459744605
23023,3912.2660073961456
23024,3362.496914655279
23025,6642.028796631404
23026,3903.081989217002
23027,4248.421472932179
23028,5073.835783436373
23029,7154.550718895229
23030,4590.525477100318
23031,4345.046203652208
23032,8552.70489596085
23033,6423.524149572106
23034,5806.240471737658
23035,1890.1277413025473
23036,4484.398647736166
23037,4773.075548432427
23038,3290.7502012651275
23039,7253.456082227918
23040,8423.487495131212
23041,5701.90678395535
23042,5970.811846018584
23043,5491.601345299357
23044,6793.874653599523
23045,10107.876378861567
23046,2822.829933899557
23047,3379.492101055607
23048,4556.7366273777625
23049,5203.466792874794
23050,5619.330284945004
23051,7589.251239145982
23052,5810.834948820312
23053,5945.866872096249
23054,2301.7099854790076
23055,5649.868794138426
23056,7167.725618769104
23057,2775.0423185153136
23058,5415.165214398976
23059,3092.8734131897327
23060,6023.605332813295
23061,4240.325993942747
23062,4862.91770125377
23063,5206.492702069364
23064,3808.1678104022817
23065,3736.7040372674223
23066,6695.007096402615
23067,4286.531057725732
23068,7525.682985673899
23069,4936.236940004225
23070,7424.96287827496
23071,4776.963232458135
23072,3450.260130185407
23073,7561.074245866577
23074,2663.337882549816
23075,8617.957469575284
23076,5106.195523016857
23077,4254.043839258697
23078,6148.736797859907
23079,4622.47760843039
23080,3457.165908084446
23081,5675.0703662282485
23082,2661.314041100141
23083,2592.479026788056
23084,4891.823197686741
23085,5508.732498835102
23086,9360.989267885852
23087,5198.3702140065925
23088,4739.4882339094875
23089,3700.529093599824
23090,5264.467725612433
23091,2955.2361250106414
23092,8766.574908279543
23093,6728.578616823218
23094,12215.189323922925
23095,5243.109629504027
23096,4441.240575847616
23097,6792.485326617848
23098,7778.850472947364
23099,2740.8338050335037
23100,8158.677204023459
23101,6188.211414493068
23102,4705.823104568932
23103,5487.657523895599
23104,4215.780843811684
23105,2979.6668320087892
23106,4347.640205711418
23107,3194.16586802069
23108,2699.695648524021
23109,7596.198450697789
23110,5411.190175343465
23111,22760.49400710579
23112,6310.420179377385
23113,4239.778927972065
23114,6939.655100511362
23115,10623.046689781426
23116,5361.400356871154
23117,7380.127682252519
23118,5191.653390025582
23119,7469.139841120946
23120,7831.365392964176
23121,3798.3812953150177
23122,5775.276885080236
23123,7684.670998002552
23124,7294.610930380466
23125,7233.287611535306
23126,6954.227186108777
23127,6019.556922978714
23128,4087.208898131724
23129,5812.639813427188
23130,10509.516410797085
23131,10004.433455044193
23132,9517.702961087214
23133,8021.210044512411
23134,4033.367680289832
23135,6699.183666704051
23136,3191.429874288619
23137,8709.694476080364
23138,10947.753597755178
23139,8161.5708664807225
23140,5988.864677067441
23141,4739.208592102139
23142,4530.6921449408055
23143,5548.5381295010375
23144,10588.978194336754
23145,6761.092468924078
23146,5248.333205121459
23147,4313.515030306689
23148,7997.983701322335
23149,3878.993784828802
23150,7751.071014064672
23151,4494.491694764633
23152,6184.46839146467
23153,6729.477008482216
23154,5754.861640828048
23155,8279.011898403996
23156,5130.094639126776
23157,5206.711394087665
23158,6454.0138557351265
23159,8368.935413162833
23160,11835.180880921127
23161,6274.985951199191
23162,7086.994200874423
23163,7695.42554296689
23164,9073.874985530549
23165,6393.1498071776405
23166,8934.323616360483
23167,3219.152291525194
23168,5002.285463086955
23169,5895.994109300369
23170,6861.131192643778
23171,7899.684592670672
23172,8170.249958957524
23173,5441.6945324446415
23174,7534.060787790832
23175,5839.228967198215
23176,9505.847544429818
23177,4315.344543062833
23178,13262.8084358621
23179,4936.172779975306
23180,4979.70265518755
23181,8391.343572520225
23182,4860.470003798735
23183,6064.728785202168
23184,6728.934630023914
23185,7408.714240297898
23186,5724.921686696879
23187,4492.79849330743
23188,6926.323885432281
23189,8739.633938011862
23190,7637.134874808953
23191,4886.393722674943
23192,6895.867689636082
23193,10892.62746453822
23194,6678.603498585563
23195,4943.5234454862675
23196,7044.655921404843
23197,6026.07463855448
23198,6160.315767995884
23199,6899.682782633543
23200,4152.403730929521
23201,8919.933378774536
23202,6007.736457997897
23203,7102.535058617628
23204,8465.798288481308
23205,5021.586127356216
23206,5943.64347089684
23207,3966.9976202971907
23208,8037.346870505256
23209,7507.054612449301
23210,4581.378675651706
23211,4501.0243594582535
23212,5007.4209176618315
23213,6107.412783208648
23214,4310.496948861873
23215,7762.051338147434
23216,5350.811979111831
23217,7045.672262749331
23218,5214.868208242512
23219,4776.452263904801
23220,6266.07403284399
23221,7713.876524901264
23222,6008.110157942263
23223,9227.301733123259
23224,8675.266915148408
23225,4966.492793736277
23226,10091.314191825253
23227,5559.113929327942
23228,7124.466543478612
23229,8771.677772309597
23230,5368.06708946347
23231,10666.20928368563
23232,8605.882103606953
23233,6536.867506978002
23234,6212.337544532333
23235,7885.415773751695
23236,8511.961237252224
23237,4717.754896368037
23238,3341.0056634066123
23239,5510.516957140814
23240,7642.271411782872
23241,6328.963584198554
23242,4745.141182286727
23243,8280.34500518477
23244,5274.527932347902
23245,5428.506193311057
23246,5920.192488395492
23247,5137.984440053938
23248,7104.1054765972285
23249,6875.138887197037
23250,4782.261368792351
23251,5927.928888408714
23252,4166.969750299817
23253,6696.046216421184
23254,3184.3166709319535
23255,7290.880610364887
23256,5428.41449678669
23257,8657.421805412874
23258,5969.35643808693
23259,5168.242366819928
23260,8852.85179174801
23261,5172.469083985531
23262,5195.6024748145055
23263,10806.902313779372
23264,7225.8783684757655
23265,8481.79269489595
23266,7734.584233240613
23267,6005.837035840228
23268,6598.091589194045
23269,4910.896785007883
23270,7804.526207931808
23271,10299.331293460024
23272,7083.790871482883
23273,3614.1502177220978
23274,5028.9686948100425
23275,8986.474623774277
23276,9815.079621923567
23277,4902.259490090276
23278,6558.810374254264
23279,4438.678282910912
23280,4057.413989253218
23281,3311.1693769671415
23282,4814.699163542774
23283,6851.620069709365
23284,7279.568512713336
23285,6201.88735937275
23286,13149.299568573666
23287,8393.737191284215
23288,9332.21084157612
23289,7681.200814801552
23290,4266.391055158688
23291,9093.584937557354
23292,10591.21971171446
23293,5876.267640677227
23294,7077.428733189149
23295,5900.981042448655
23296,7160.2235466146985
23297,4362.985873221985
23298,5506.650934839795
23299,5561.837766998359
23300,8380.801393165462
23301,7212.266290348332
23302,8873.65600095983
23303,8313.061164964287
23304,5935.148845138647
23305,8524.614581616752
23306,18139.02209119793
23307,10447.705397958061
23308,5416.428985613466
23309,3449.596573239945
23310,6715.289838719702
23311,9064.995940056408
23312,5695.688308289112
23313,12139.555446876562
23314,21763.575234974418
23315,3298.585348063267
23316,5000.772011446594
23317,9087.808118843277
23318,4790.41265299593
23319,8926.236250444921
23320,6530.851617304628
23321,7976.8379684575275
23322,4503.757679321255
23323,6256.796040150511
23324,5735.2939652471
23325,7249.149278821284
23326,7074.236321588834
23327,6152.187979623703
23328,6867.079284328571
23329,5938.1694216677815
23330,4129.186296790684
23331,5277.423414158399
23332,6985.620943518809
23333,4757.075887231429
23334,5812.030314865214
23335,7326.295484094004
23336,5604.762670959649
23337,5694.245922496437
23338,6706.551666480205
23339,6722.665619269619
23340,8375.612119412403
23341,8206.568184572037
23342,7431.780366765786
23343,6284.908993026436
23344,4082.921304747227
23345,6076.396904349866
23346,6402.7933780049925
23347,5904.346776236429
23348,3758.2520375251174
23349,8620.369988742972
23350,7103.297314275148
23351,11143.43137010591
23352,6070.142734130019
23353,5707.596317541315
23354,5220.15202637579
23355,4989.33930043847
23356,10136.300601555515
23357,4882.625583495142
23358,9379.925857988379
23359,14532.01140940108
23360,7661.837273977989
23361,6508.22796545398
23362,5420.601936684227
23363,4701.500979536437
23364,8253.179701859332
23365,4949.861044770868
23366,5121.156261413099
23367,10059.924419435416
23368,6064.208012879376
23369,14771.319702885326
23370,12860.05809106731
23371,5169.120252345212
23372,6695.254722136433
23373,7001.716093102168
23374,7149.479568127655
23375,5762.156675141087
23376,10060.848893704375
23377,8057.143568690055
23378,9590.116723100497
23379,3799.002481161143
23380,7694.628490794527
23381,5462.465343651693
23382,7644.299320650545
23383,7246.543777972064
23384,6332.1961495491505
23385,7409.243733203473
23386,6033.672262390172
23387,9349.626096682754
23388,9558.346348948635
23389,5986.026033519981
23390,10305.624329667477
23391,6742.864704274788
23392,8828.07814029147
23393,5643.531519092748
23394,4192.311429653762
23395,5607.032530310691
23396,10285.27533058555
23397,7021.612347349345
23398,8250.979358769051
23399,6683.450464099596
23400,9486.43455167746
23401,4723.934138126136
23402,9687.736147557527
23403,6713.570751584681
23404,3960.2161288185607
23405,14562.006934546216
23406,16339.85265778911
23407,5966.876847352995
23408,7795.214883866834
23409,8804.137946490202
23410,10046.148918235836
23411,11081.327962834714
23412,6201.952630986359
23413,7472.758560492206
23414,6352.531829935088
23415,8842.183210747979
23416,4274.008663740962
23417,5946.985387915194
23418,6332.900351676294
23419,4550.965181800594
23420,7736.934682788102
23421,4746.234499631895
23422,4628.342447137259
23423,7084.410969032317
23424,3442.780616095146
23425,4658.072666111586
23426,6071.691009020924
23427,6693.9473457872655
23428,9520.0722505308
23429,7441.794576707494
23430,5621.386844655002
23431,6585.337102017685
23432,6637.420573911474
23433,11635.034196200571
23434,7257.868070140354
23435,6167.680589957672
23436,3783.3616746003013
23437,11085.247833554486
23438,4870.418835392727
23439,7397.635772986661
23440,3293.19661675601
23441,4648.309535847583
23442,5522.080162592371
23443,5835.902768414201
23444,5169.268533203919
23445,8341.19872511837
23446,9873.920039326536
23447,11735.10285065695
23448,5993.863038824189
23449,9320.446832242553
23450,2928.3699325179746
23451,5347.471461854333
23452,6949.678483464866
23453,4783.006040541667
23454,8545.606713061401
23455,5384.80989142484
23456,5147.234357412066
23457,9045.606811412326
23458,10284.571912761878
23459,8392.359657135221
23460,5599.951756746952
23461,6311.36831359538
23462,10803.369655410588
23463,8116.280566190018
23464,5294.211462435589
23465,4872.688497079336
23466,6827.254017458285
23467,8931.737939941237
23468,4737.945885737488
23469,5542.547776538483
23470,7977.5922267982005
23471,9332.940387596069
23472,12633.735268731665
23473,6621.40460804848
23474,13833.238988948215
23475,5739.7661710753755
23476,5374.6174578616865
23477,3578.014829497618
23478,6481.838939641504
23479,5537.447259060371
23480,5759.906817477616
23481,9267.15981360893
23482,4552.185998042059
23483,4528.948158173771
23484,8392.076275549764
23485,3891.1304545777166
23486,6883.842563752959
23487,7102.824072828599
23488,6179.525837272622
23489,9029.689317460281
23490,5487.894494087988
23491,9194.068070863648
23492,5677.46802540218
23493,5388.669677321741
23494,5003.008178206073
23495,4727.834573083292
23496,9437.460028020752
23497,5694.548086964901
23498,4363.912846280035
23499,7288.643274099009
23500,10114.45735002378
23501,7917.4714406543535
23502,5907.905709960883
23503,8845.070935652931
23504,5379.873076728121
23505,5621.328109051846
23506,5283.512591483187
23507,10247.76024160645
23508,6180.394498583157
23509,6210.161911857535
23510,4425.998246606968
23511,6326.12532991031
23512,4596.079629634136
23513,5832.9877384920255
23514,7201.153967536227
23515,8818.96305366428
23516,12004.879480224345
23517,11771.417622535275
23518,9087.112208852943
23519,7603.973402622488
23520,5583.655378856664
23521,10540.673060420859
23522,10096.170465166517
23523,6359.979018575211
23524,8155.7419203846175
23525,9463.138567068208
23526,5214.01680702968
23527,3348.196832187874
23528,9642.855422574445
23529,4652.524897717847
23530,7092.022571469877
23531,5129.237704442823
23532,2841.9074445185115
23533,11542.961315091838
23534,5705.736648927842
23535,8810.800882377434
23536,5586.473942057125
23537,5701.446437008181
23538,6177.191372077965
23539,7694.284882177582
23540,7212.617182490279
23541,5292.00449711268
23542,4517.943870494257
23543,3935.0885981261345
23544,3197.7835430575665
23545,7411.999636033473
23546,16774.9352219236
23547,4710.301729405451
23548,6322.111260268188
23549,6976.527420891396
23550,5577.620408388655
23551,5134.817498510907
23552,5448.527968306321
23553,3877.8097280048933
23554,6870.485416570421
23555,7840.589761516199
23556,3302.526211045725
23557,8622.414050019406
23558,3920.5372901391497
23559,5156.947860672142
23560,10412.34163666205
23561,7993.3430852119845
23562,9373.302136002925
23563,4951.558741754483
23564,6601.288046041129
23565,5054.560354418254
23566,5853.971453913342
23567,15275.329146519467
23568,8853.9900051723
23569,7337.009447706047
23570,5616.466253984512
23571,4800.821911185635
23572,5819.287970379949
23573,4393.733405557421
23574,9249.842066499059
23575,5188.5702111397395
23576,4624.921553584833
23577,8362.661398356975
23578,5139.7596302685415
23579,6230.002693331252
23580,6502.160349151448
23581,6475.671457076315
23582,7483.6875758179995
23583,4286.45778581239
23584,4827.996676607901
23585,5844.275517380377
23586,8825.565021918013
23587,8765.53254516544
23588,7226.497033539618
23589,3492.8807824236983
23590,6753.078138851763
23591,6278.384778696514
23592,5180.90077240278
23593,7442.723363240962
23594,7685.208663472096
23595,6547.861771131697
23596,6287.089327227766
23597,5764.806242572792
23598,7143.302002313531
23599,5804.525442060883
23600,6695.517941482644
23601,6769.143692746122
23602,4345.530670310495
23603,7748.660644889123
23604,5724.574380518641
23605,5081.873143440499
23606,12617.51746865096
23607,6675.531321517851
23608,3399.122787678685
23609,8089.064111647746
23610,7220.541368136232
23611,9397.758234055018
23612,4316.815836066328
23613,6705.352042229168
23614,5407.654879411386
23615,7380.447288238487
23616,6375.600921842986
23617,9582.029226547482
23618,3489.1510803041147
23619,6247.144401919735
23620,6388.492867197013
23621,4945.115266182032
23622,4070.302610341316
23623,6678.437540157887
23624,7994.817231358278
23625,5670.624243115317
23626,7741.220149734106
23627,7312.8191290743525
23628,8903.431733322393
23629,4492.028511118698
23630,5260.69309803853
23631,4885.715728103676
23632,8027.969651419596
23633,9072.151914805909
23634,4002.7675310150485
23635,7993.356643540784
23636,6549.703901518252
23637,7210.92842834439
23638,4953.401556656552
23639,4028.121286770991
23640,6269.091209027179
23641,5908.510813104298
23642,9481.886559839291
23643,7413.4269357382755
23644,5678.589061819737
23645,9179.623271608742
23646,6222.000578949207
23647,6626.906046329086
23648,6479.5223915009465
23649,5738.801042228906
23650,8823.96187593759
23651,11166.855757311974
23652,7358.615767552001
23653,4719.614316966358
23654,4320.351597991574
23655,3819.737847751066
23656,3304.4001873858633
23657,8084.584970274282
23658,4973.45222719065
23659,9213.186407660649
23660,3971.1939190191365
23661,5316.134840178417
23662,5232.027059151287
23663,9369.474607287868
23664,5581.46590070102
23665,5150.861820171154
23666,6387.054871398346
23667,7462.366348761219
23668,5029.538226795004
23669,7627.403212744472
23670,8820.666519772918
23671,8251.80732367346
23672,7742.587582420902
23673,7264.756593134551
23674,6655.235400571636
23675,4712.900744697503
23676,5489.845171127281
23677,11534.244860362038
23678,8606.59947705881
23679,8574.334160137023
23680,16451.483195127083
23681,5883.816444320279
23682,4146.69709151924
23683,6109.703995916082
23684,9544.761318121944
23685,7959.827040960988
23686,7321.800554840874
23687,7212.660981619101
23688,8284.558605628994
23689,5873.207299416909
23690,6857.558677647011
23691,6250.676514051576
23692,5358.106225821843
23693,4216.714298333645
23694,3714.820345986802
23695,5495.872994558654
23696,8764.9403372791
23697,17304.659248314263
23698,6238.98885088829
23699,4531.772282625373
23700,7791.233791962292
23701,4306.905545544612
23702,7118.693193471789
23703,4338.584572752763
23704,8522.886897592152
23705,5381.133372410929
23706,7090.805088054199
23707,14168.166412536195
23708,12078.644926044433
23709,6117.07977327218
23710,5802.065112391657
23711,3848.224819054549
23712,5321.395049259147
23713,5272.306399964123
23714,6989.081940226149
23715,5057.436101193074
23716,5186.40800246011
23717,4783.848825883078
23718,5683.181272122175
23719,8071.110947504361
23720,7473.514011109714
23721,3528.2898511939966
23722,7649.831316272951
23723,8087.6261413387265
23724,7748.48811521046
23725,5291.384671129627
23726,4603.1136209255355
23727,7994.983508821035
23728,3356.6076891911825
23729,9666.473379269868
23730,4824.812255286764
23731,5580.916237095074
23732,7396.257011888386
23733,8200.848789948841
23734,4364.169171287285
23735,5500.515404082611
23736,5413.301083622803
23737,9239.536361635492
23738,9656.525892968859
23739,6075.047283278306
23740,3886.786751182595
23741,5377.11589982967
23742,5858.303996508531
23743,4989.927416681252
23744,6235.561063408632
23745,6323.747062295118
23746,9216.790021874363
23747,8696.518188264568
23748,6857.413430538391
23749,7266.358717889024
23750,3597.824632017654
23751,10014.701664047456
23752,5832.045582242919
23753,12469.148695477523
23754,6422.692316341217
23755,5460.7595929718955
23756,9354.804947754552
23757,4797.158110429979
23758,6543.826068868984
23759,18338.445682060643
23760,4310.999562868379
23761,5536.730697430683
23762,11930.803643933274
23763,7162.649017004142
23764,6915.5085337450855
23765,8563.566554603578
23766,6546.1499507964
23767,4963.741124646171
23768,4349.744918409382
23769,9093.341898825329
23770,5907.87669504168
23771,6753.251398303927
23772,8056.311983063531
23773,3898.1647461002467
23774,7223.944575286203
23775,6967.694757052362
23776,3968.848420406322
23777,8822.460402787312
23778,10049.578334158265
23779,4264.9718000143175
23780,8351.062505364313
23781,7587.93768159378
23782,5663.140122713149
23783,9396.670710779277
23784,6685.594071749004
23785,9929.367863832134
23786,4690.853865959715
23787,5165.52205398139
23788,6545.27022650247
23789,3480.9691380704567
23790,7538.5666032374975
23791,4304.29628689201
23792,6030.866693265503
23793,5016.405446411185
23794,5013.837951911436
23795,6050.122220347374
23796,6913.346989484972
23797,6606.587165423737
23798,8770.208833683362
23799,4888.411805853747
23800,7449.531424410483
23801,4958.436450679611
23802,9409.27870206572
23803,9156.520041822037
23804,7527.752708703497
23805,4106.7873702190445
23806,4926.711051528971
23807,7486.139461753978
23808,4362.255360728127
23809,10839.778483371254
23810,4815.041721405418
23811,6870.024547345266
23812,9865.459356316798
23813,6912.218471898798
23814,4446.799873621246
23815,7473.295719058815
23816,10167.704622953639
23817,6230.809363448741
23818,8295.496072740028
23819,10133.386830148529
23820,5787.420445856726
23821,5499.347912880715
23822,7331.036094520183
23823,4248.298460264765
23824,4437.598401937281
23825,7837.817499712636
23826,4885.84527851973
23827,7615.380078097239
23828,7893.72880992511
23829,6278.155704261142
23830,8338.134509332562
23831,5826.5205216264785
23832,6710.624703030205
23833,4882.141861799895
23834,6424.305982450584
23835,7738.072974753031
23836,6524.162185074614
23837,6621.10708726631
23838,6888.60603057985
23839,8800.382902780051
23840,6417.808330143056
23841,3991.0989939876767
23842,6730.423953182115
23843,7704.7566142644555
23844,7235.800195106461
23845,4818.148588045925
23846,4016.31237556658
23847,7341.981094404881
23848,7022.013153303569
23849,5687.523677840105
23850,8742.458660686505
23851,6552.461007108331
23852,6481.262691989406
23853,6219.06574513775
23854,3183.4549365686335
23855,6993.369869501145
23856,7445.996654686592
23857,6923.480821752603
23858,8829.538957186722
23859,8220.687721231445
23860,4883.867256253803
23861,8688.908681312114
23862,3721.6168834535742
23863,2530.542949342033
23864,7769.492152546638
23865,10239.071064208358
23866,8143.167540720338
23867,7255.53926416538
23868,3384.6145906734027
23869,7216.995151227617
23870,8334.443577938351
23871,6042.577942429325
23872,8302.738902123261
23873,5176.800285541848
23874,4459.063270847311
23875,4402.843017443377
23876,6116.813844637383
23877,5431.269623697881
23878,5089.808675061772
23879,5249.902242618661
23880,3800.625847527687
23881,5961.692336757963
23882,8026.7091609314
23883,4101.9997889312735
23884,6080.306454750585
23885,8493.297059377062
23886,5876.63427692331
23887,4822.242924110857
23888,10239.62490673211
23889,7925.283420732131
23890,5117.039009630528
23891,3888.939796570122
23892,12493.641234613022
23893,6621.88332262318
23894,5709.582007596253
23895,7135.52519352598
23896,7973.1025055076925
23897,7914.529667509416
23898,6779.10688585862
23899,6782.901261536118
23900,10830.911625377463
23901,9606.761321173739
23902,5537.632161821104
23903,4899.94985077003
23904,5677.184207165054
23905,6536.9664557941705
23906,5614.404216576897
23907,9583.954271308136
23908,9189.683737875843
23909,5107.670288122254
23910,3962.15700972282
23911,6344.4706428718455
23912,9531.318430661438
23913,5002.518161919662
23914,7664.950471819393
23915,3462.6209121086836
23916,7628.975244536827
23917,6616.195513205478
23918,7666.221966270111
23919,7884.959610272475
23920,6725.4792921798735
23921,3207.0610671337854
23922,7164.307329762674
23923,8540.305530829484
23924,8427.034350498538
23925,7895.2264238062235
23926,8114.749176228434
23927,6341.151237115408
23928,4738.689563135738
23929,10127.768051329565
23930,3747.656460400419
23931,10281.59980240936
23932,5277.73484139694
23933,4676.794982420968
23934,7101.0094182335315
23935,6241.387071544172
23936,7374.525622758998
23937,8287.650940387024
23938,4188.179104660663
23939,4808.2972035986995
23940,7162.829713985062
23941,8491.01449928458
23942,8397.522458527685
23943,5765.365621514276
23944,5512.3283001517975
23945,6321.2503310373695
23946,6330.109006268435
23947,5590.32548101748
23948,10538.589265150436
23949,9185.336755797405
23950,9951.694714399577
23951,3939.113886048077
23952,6617.734936614161
23953,8519.958828969873
23954,8882.749773026637
23955,5634.671345772482
23956,10488.275977821355
23957,5474.338492869485
23958,5387.362311770027
23959,4806.93120825168
23960,5267.320035590214
23961,5236.105360489289
23962,4288.649118245357
23963,3910.3426457912833
23964,5121.127723212524
23965,9056.9160582604
23966,6828.72466513625
23967,23410.165886436258
23968,7170.389999355449
23969,4245.801044962898
23970,7196.73433591538
23971,10423.583498738833
23972,6965.10472994093
23973,7429.3434404965565
23974,5098.658295560124
23975,7931.016665392813
23976,8280.009347139716
23977,3760.5541936263025
23978,5793.984326985849
23979,7585.2224657555025
23980,7528.988955107467
23981,7413.864356870313
23982,8515.977463548577
23983,5728.973543750239
23984,3670.458346521068
23985,5697.711514438445
23986,10278.770446420112
23987,10735.025771718656
23988,9964.199940578124
23989,8146.021958147099
23990,5010.539138473574
23991,6479.554234050694
23992,3156.050172054701
23993,8623.229577153848
23994,11207.535713180736
23995,8185.920983357165
23996,5916.414492010643
23997,5109.8377252085465
23998,4898.053075695735
23999,5437.575347411337
24000,11197.550422357226
24001,6684.875263896828
24002,5256.571249829613
24003,4242.163807133451
24004,8617.639457214887
24005,3782.6267755474714
24006,7429.719853713958
24007,4499.424519158562
24008,5551.987916989095
24009,6574.599814849593
24010,5702.341818581402
24011,8093.619193150618
24012,5161.313624595828
24013,5293.559419911052
24014,6698.666574300135
24015,8329.280161981864
24016,12096.007133098941
24017,6145.243700287726
24018,7774.045398444834
24019,7943.827760209951
24020,8990.605938802992
24021,6509.939768653641
24022,8955.031212178668
24023,3355.2303015938346
24024,5523.200716957402
24025,6426.684302836961
24026,6627.163145879342
24027,7608.42624254722
24028,8086.967041830209
24029,5516.2799469616775
24030,7441.743858253759
24031,5449.473215011541
24032,10270.789242787845
24033,4038.020306157308
24034,13729.890374339815
24035,5149.368914518972
24036,4840.897035139693
24037,8489.621146291875
24038,5171.390375711835
24039,6354.47494873223
24040,6153.175364428331
24041,7652.623385613343
24042,5681.061754844103
24043,4469.095497686447
24044,6646.877632094334
24045,8797.500581075587
24046,7757.650703493046
24047,5016.363472998745
24048,6775.387049387431
24049,10351.80417282042
24050,6507.487080654915
24051,5478.02847361559
24052,6691.79625508496
24053,5932.432428366673
24054,5700.31504124996
24055,6377.419086877135
24056,4020.849027285154
24057,8768.78714581534
24058,6205.904196158283
24059,7056.803263551569
24060,8662.456118964034
24061,3936.151480411361
24062,6047.99522680662
24063,3755.3475106646006
24064,8220.54964520781
24065,7531.573241007404
24066,4800.701133012471
24067,4615.272388253026
24068,5143.080999199602
24069,6035.720349335119
24070,4331.388893394593
24071,7099.838569377292
24072,5077.340836792747
24073,7467.632944534136
24074,5495.55120133168
24075,4474.9533056306245
24076,6370.1953543473
24077,7692.270659011319
24078,6488.789740187928
24079,9026.966994040273
24080,8485.404114595749
24081,4807.395671090306
24082,10259.195234828489
24083,5567.45318107873
24084,7370.302278939355
24085,9173.622655729927
24086,4851.203892164936
24087,11121.517000955202
24088,8336.926637103825
24089,6155.625564319346
24090,6192.972586284444
24091,7579.353314812827
24092,8273.591260636134
24093,4713.8386907825015
24094,3189.101404535841
24095,5779.855326492375
24096,7780.321352993274
24097,5944.410248745403
24098,4550.709545099431
24099,8616.789471025078
24100,5521.463621370741
24101,5158.997128539363
24102,5885.097374150821
24103,5400.731982118225
24104,7813.840660007534
24105,7116.649662318761
24106,4939.867837568084
24107,5829.225677089613
24108,4283.727538957905
24109,6751.1340890423135
24110,3024.6252960442202
24111,6659.333704117848
24112,5622.429011681505
24113,8511.099279325948
24114,5731.53752690785
24115,5061.609472552636
24116,8392.772497698703
24117,5843.400859264971
24118,5000.186995820205
24119,10946.24052249245
24120,6630.050886783638
24121,8542.382635327716
24122,7540.295233252828
24123,5812.08616798785
24124,6673.801743852476
24125,4571.670903326824
24126,8868.188657321301
24127,11165.573728776524
24128,7610.385632762364
24129,3576.9668880223626
24130,5049.450619726
24131,8837.811129679418
24132,8812.39131330899
24133,4970.18750467764
24134,6768.148314058791
24135,4660.4942157186
24136,4555.802823597906
24137,3388.2073704109785
24138,5133.578310046918
24139,6725.025933303349
24140,7388.269666400891
24141,6427.387447471405
24142,12463.398856822843
24143,8182.542001371931
24144,9252.32939435934
24145,7679.605422130208
24146,3879.4640575784683
24147,9352.101054676175
24148,10392.494758063223
24149,6121.772731650946
24150,7452.55060875687
24151,6047.270401937545
24152,6827.84145787154
24153,4069.289221533972
24154,6072.707493556939
24155,5220.297958449881
24156,8606.647292777268
24157,7157.197771933687
24158,8968.579943236227
24159,8786.266351574195
24160,5863.044910824974
24161,8547.324568392143
24162,19546.812058017174
24163,10833.252634831402
24164,5888.392057979531
24165,3196.991975483499
24166,6419.47440018058
24167,9696.232505833983
24168,5317.291295188689
24169,12454.016756711893
24170,20874.528600710088
24171,3004.941079661323
24172,5336.437288857309
24173,10963.841217286787
24174,4685.870677084975
24175,9275.413433718202
24176,6950.262137800313
24177,8343.500006052522
24178,4133.126469853577
24179,5639.098385522062
24180,5155.069021870216
24181,7538.991098442163
24182,6788.291087590094
24183,5929.614944934143
24184,6683.909536601959
24185,6042.671867937763
24186,3986.196681069685
24187,4906.030937627375
24188,6662.6376364646085
24189,4815.00409230627
24190,5692.648971233449
24191,7066.110329719726
24192,5919.505720031578
24193,5995.355094227538
24194,6996.024059284563
24195,6814.127843070114
24196,7780.697369075605
24197,8220.757360401827
24198,7442.267498782062
24199,6060.069400036541
24200,3767.305913628325
24201,6281.236536314362
24202,6620.023880635932
24203,6032.715688445693
24204,3762.0639505395657
24205,8853.276306154166
24206,7793.97404050155
24207,11040.332095352747
24208,6322.524101312714
24209,5677.380875570338
24210,5618.647301625666
24211,4937.701633062619
24212,10125.289462105347
24213,4118.307337751756
24214,8708.098562750218
24215,15664.448108825296
24216,7575.16523443154
24217,9079.439429986725
24218,5065.339426562933
24219,4648.911113496535
24220,7670.144419438628
24221,4913.463818313206
24222,5655.519575984169
24223,11056.180260684594
24224,5793.468336455809
24225,16046.570638725188
24226,13788.811314022894
24227,4821.183891510439
24228,6702.366180605924
24229,7220.0028415745965
24230,7259.729037854757
24231,5758.545087262193
24232,9866.57688644171
24233,7933.296969160428
24234,10781.37077005973
24235,3838.9421166831944
24236,7686.864638705394
24237,5149.427149590963
24238,7385.052420443825
24239,6932.954058602479
24240,6121.839093080551
24241,7302.38171471156
24242,6052.3847341299725
24243,8704.974723253406
24244,10671.115705043716
24245,5680.136851404704
24246,10204.041290296134
24247,6677.971641664979
24248,9536.8774827301
24249,5678.767023699503
24250,4262.292478023235
24251,5641.966034980131
24252,10541.241262456198
24253,6678.660160410631
24254,8272.731126162316
24255,6820.5431237802895
24256,9268.348541952892
24257,4497.899525727196
24258,10056.484985173987
24259,7334.5620387311665
24260,4128.419097730742
24261,14362.3417369903
24262,17168.83654725907
24263,5412.764362374554
24264,7505.486688885927
24265,9451.320068553992
24266,10379.012824792102
24267,11894.273253555286
24268,6088.818009071857
24269,7765.921631402129
24270,6158.415202631867
24271,8404.516137128747
24272,4056.319529173408
24273,6158.695899026215
24274,6022.955610106646
24275,4496.386614909159
24276,7472.904280180276
24277,5272.524222209545
24278,4893.058830217126
24279,7110.8306763395985
24280,3166.754432251654
24281,4547.404752268403
24282,6371.0765560071195
24283,6515.836841055101
24284,9417.695078249943
24285,7056.029461323655
24286,5948.722087729522
24287,6547.916486895605
24288,6584.56494690353
24289,12910.9360000212
24290,7869.744816332327
24291,5466.982104854285
24292,3827.116312141648
24293,10347.083578235839
24294,4687.23936923439
24295,7339.856207700866
24296,3436.8458183516555
24297,5081.128775687942
24298,5801.3696743348455
24299,5524.4496336023385
24300,4587.106296969116
24301,7979.988092912456
24302,10479.696598116945
24303,12671.615777281151
24304,6285.092647126066
24305,8498.578200768108
24306,2998.392251264443
24307,4950.223594686046
24308,6432.651382762216
24309,4781.643924362251
24310,8116.096873060507
24311,5473.284120808912
24312,5096.870358204746
24313,8685.829531054664
24314,11615.77638201333
24315,10469.232765271367
24316,5403.945036305395
24317,6444.760583758451
24318,11349.319686184557
24319,7742.901607417774
24320,5977.741367413572
24321,4466.613623239277
24322,6564.254280212821
24323,10346.849697635516
24324,4418.651988452564
24325,6076.2383572538465
24326,7708.46661956039
24327,8696.754924664952
24328,13968.993968718041
24329,6179.834955350446
24330,14252.672219658481
24331,5684.433109420362
24332,5335.420929759977
24333,4040.6565260967063
24334,6596.4438918700425
24335,5373.7745071125755
24336,6012.7135335866815
24337,8127.455178339654
24338,4156.818739155704
24339,4911.789580344507
24340,8302.058795666424
24341,3733.946240585015
24342,6814.660026035414
24343,6950.673224403284
24344,6387.199808833542
24345,9040.429654054158
24346,5605.244194488828
24347,9064.297794807555
24348,5740.7307032870385
24349,5500.254445565416
24350,4680.092432239157
24351,4669.388862176716
24352,10117.13985200917
24353,6054.393019638512
24354,4683.878146225965
24355,7389.861061753309
24356,10054.307159258995
24357,7919.575168776207
24358,6121.530300031896
24359,8610.043756852869
24360,5249.192932049801
24361,5246.283304156987
24362,5182.844854800833
24363,9233.200517248952
24364,7148.464183793816
24365,6502.616440031469
24366,3939.074667183534
24367,6133.575049518855
24368,4532.244610049904
24369,5699.175160843295
24370,6958.908268438516
24371,9273.078025782055
24372,11438.980633121873
24373,12228.287120206742
24374,8774.092129245371
24375,7823.048542115704
24376,5944.072900106647
24377,10849.321080128808
24378,10078.68062968128
24379,5801.7903452130995
24380,8788.261086487888
24381,8852.198661006287
24382,5293.307872140452
24383,3699.5869630436137
24384,9281.799807060814
24385,4742.228966700156
24386,7488.555250276498
24387,5037.917042135315
24388,3108.409073667978
24389,12434.443131771637
24390,5609.31093306358
24391,8703.597612218142
24392,5016.956751196937
24393,5375.91054302434
24394,6208.496861752803
24395,8394.225637639616
24396,6824.884020567383
24397,5572.528569653499
24398,4440.288636863864
24399,4257.166556155807
24400,3332.0007121953818
24401,7243.334363073748
24402,16856.85398126107
24403,5066.365721664838
24404,6181.7954592726555
24405,6915.099447438697
24406,5414.824045516336
24407,5440.424703082687
24408,4961.641542604001
24409,4023.471510468856
24410,6268.028615305986
24411,7943.756073004162
24412,3138.766969955462
24413,8422.996836177135
24414,3987.6671420400376
24415,5117.714430742264
24416,10230.551413217114
24417,8008.237188775026
24418,10256.767135411517
24419,5210.971118193253
24420,7115.846264869808
24421,5053.75136964231
24422,5804.956881907243
24423,15908.35715534544
24424,8565.987885206441
24425,7139.700988137886
24426,6111.028770814035
24427,4618.751897077447
24428,5369.952144099382
24429,5750.846309247794
24430,12037.99069708401
24431,5327.520703613837
24432,4633.448546422297
24433,8055.302696946317
24434,4636.806091342888
24435,6523.564131683083
24436,7133.146997945908
24437,6190.123787794036
24438,7183.21729967695
24439,4286.215061864999
24440,4762.245941689323
24441,5273.459646016295
24442,9137.777977614527
24443,8746.239782311875
24444,6857.254371725408
24445,3531.1124937252616
24446,6601.4266260927525
24447,6430.142008685718
24448,5042.032039221085
24449,6960.57997920709
24450,7786.887839994121
24451,6669.619695542057
24452,6172.107363011101
24453,5931.826012960903
24454,6656.143099723993
24455,6002.897829954075
24456,6680.229068742499
24457,5944.458398033547
24458,4303.059099765007
24459,7728.814114239666
24460,5216.151264943433
24461,4911.421088345191
24462,12432.114087442806
24463,7619.203698265414
24464,3633.7664864279427
24465,7951.489251827568
24466,6770.859484486536
24467,10413.051777547043
24468,4460.34873275756
24469,6440.708205944026
24470,5091.914422910629
24471,7507.451521412331
24472,6124.355348018572
24473,9707.300091968817
24474,3607.1277245732776
24475,6544.541238468381
24476,6714.373300835921
24477,5322.15609315941
24478,4027.1965564527923
24479,6340.565998232553
24480,8049.160914839076
24481,5831.014233598754
24482,8237.642810901116
24483,7292.619971009134
24484,8865.687226594846
24485,4081.9702022837246
24486,5240.617700672363
24487,4940.855934373226
24488,8155.728401213865
24489,8040.092077282584
24490,5873.469265523006
24491,7927.554533904896
24492,6364.279596522502
24493,7560.30746212451
24494,4919.735981664865
24495,4287.457410376472
24496,6229.014981109324
24497,6076.492423867841
24498,9580.351933489057
24499,7421.185924287942
24500,6152.937222861625
24501,9307.201303016687
24502,7007.817261896477
24503,6923.658268388356
24504,6422.335082744301
24505,6074.743708735237
24506,9430.504153412747
24507,11088.625503694931
24508,7311.803570075051
24509,4847.498339119116
24510,4291.25364895656
24511,3597.073427141441
24512,3391.2164451903436
24513,8409.609981859217
24514,4551.643886846869
24515,8863.974420334986
24516,3626.3851441893958
24517,5231.9118974652365
24518,5063.247060394941
24519,10154.76030342713
24520,5123.100465229399
24521,4487.009084106452
24522,6445.48482577762
24523,7498.480434863003
24524,4855.194730440943
24525,7636.336058650594
24526,8308.961879958046
24527,8917.79154244304
24528,7704.999455587029
24529,7517.38335269734
24530,6549.238993012259
24531,4668.098540953001
24532,5149.030205377185
24533,10874.503638206126
24534,9099.80391166039
24535,9121.06845791793
24536,15479.128422758607
24537,6221.203517685287
24538,4344.343668196677
24539,6461.911697367563
24540,9188.470776638513
24541,7775.120913626295
24542,6933.509715765848
24543,7808.254036380245
24544,8194.462984737107
24545,5774.047195025742
24546,6949.2053129131145
24547,5980.212989875155
24548,5216.990721741151
24549,4061.3466177233013
24550,3986.2237236757633
24551,5698.607896769185
24552,8917.9447038555
24553,17576.69054070177
24554,6333.83564274257
24555,4806.299941741351
24556,7483.323312213232
24557,4391.763843541806
24558,6970.82838063322
24559,4493.46937208043
24560,9160.386548657554
24561,5204.211054522429
24562,6550.853167893113
24563,14819.853080477405
24564,11069.910811861271
24565,6488.317085455803
24566,5832.095699523356
24567,4044.4947868903305
24568,5418.987327766872
24569,5497.474763837771
24570,6908.700191504557
24571,5086.729489790957
24572,5063.522459585883
24573,4971.618700375978
24574,5779.9589739261
24575,7406.58243714599
24576,7666.8188457027845
24577,3592.6235014257136
24578,7116.865302608417
24579,8151.391361221745
24580,7967.335003876668
24581,5146.9489280286
24582,4647.611383312233
24583,8504.203749412769
24584,3147.8858774174487
24585,9726.92343580062
24586,4714.37196385029
24587,5516.015988368813
24588,7354.047653259963
24589,8178.648390570078
24590,4308.5292500951155
24591,5337.163437216877
24592,5483.248603631602
24593,8756.646265709627
24594,9785.866544626302
24595,5819.67922790186
24596,4059.441926016785
24597,5611.49185254256
24598,5956.498060130237
24599,5267.4413941466355
24600,6618.462834982221
24601,6408.630294231481
24602,8907.948578101004
24603,8772.310273491372
24604,6830.22918209428
24605,7879.442856900752
24606,3646.5882443300343
24607,10040.642856100429
24608,6228.217078831129
24609,13852.397310160632
24610,6062.403228681811
24611,5343.7574478931665
24612,8819.831054416496
24613,4227.87137761968
24614,7057.686402088724
24615,17075.77548009438
24616,4151.183035169128
24617,4883.1946181218555
24618,11797.53143769101
24619,7249.962210334253
24620,7208.099129249993
24621,8329.239343943418
24622,6556.963981172673
24623,4628.400053872451
24624,4723.73021959652
24625,9515.597729827361
24626,5957.888991663525
24627,7064.896114802984
24628,7903.208558777535
24629,3963.2348093857763
24630,6915.046124773592
24631,6486.315748357923
24632,4211.787363701551
24633,9172.844228321042
24634,9230.875116671015
24635,4338.829617491837
24636,8378.655287408801
24637,7223.914216999427
24638,5428.222006488412
24639,9016.74616549019
24640,6366.581818723143
24641,9764.48636319899
24642,4611.574127648671
24643,5239.950724292204
24644,6913.131326491625
24645,3526.280201560866
24646,7589.056169541912
24647,4488.342870311334
24648,5762.114446465284
24649,4928.131658031911
24650,5068.947060232084
24651,6383.226016304979
24652,7027.534601533531
24653,6719.848240323875
24654,8172.639787963794
24655,4721.553684825478
24656,7539.303931280862
24657,5411.347418855531
24658,8406.424303285996
24659,9246.803147698643
24660,7824.181109317134
24661,3534.4278860504014
24662,4767.935481735983
24663,7839.505044004172
24664,4408.78378211344
24665,10026.52442346479
24666,4694.677856217477
24667,7225.822941394815
24668,10198.72830592128
24669,7239.508979941941
24670,4343.883837467129
24671,7742.624783445029
24672,10177.818612104138
24673,6226.65880587608
24674,8844.124922403655
24675,11472.751349375443
24676,5019.912456289026
24677,5279.979061571005
24678,6714.092744938812
24679,4373.869757382172
24680,4297.217669876312
24681,7307.115698495663
24682,5117.753822960001
24683,6672.831693463467
24684,7424.819289565329
24685,6719.176411861746
24686,8437.760210057497
24687,5947.660285099343
24688,7019.389502026334
24689,5482.221597309484
24690,6340.590962993461
24691,7302.89180770767
24692,6806.91238404654
24693,6693.296144049861
24694,6618.462325565141
24695,9193.630723299284
24696,5748.2168788149875
24697,4188.449692972288
24698,6757.857131007708
24699,7696.33516958838
24700,7390.561771992726
24701,4765.96915727411
24702,4099.354893949603
24703,7461.697451257622
24704,6983.6313914537295
24705,5518.940266843773
24706,8793.287630655688
24707,5948.039060296965
24708,6698.022285855622
24709,6137.403398502276
24710,3645.5897514281655
24711,7025.24200069316
24712,6885.355418665994
24713,6745.256665815558
24714,9467.574059337312
24715,8766.209310548473
24716,4782.967427168651
24717,9723.475017927345
24718,4125.096428323325
24719,3061.647372572942
24720,8135.788647387618
24721,10396.672449026573
24722,8700.22485172066
24723,7344.92147477534
24724,3535.245283111653
24725,6910.82720196674
24726,8924.337602538244
24727,6301.716442818302
24728,8329.171133956677
24729,5271.778275274375
24730,4747.349454578274
24731,4352.361357825343
24732,5758.011023584487
24733,5296.7298844840125
24734,4937.404972563777
24735,5204.914849240905
24736,3754.7872256732367
24737,6019.868667670439
24738,7443.018420486787
24739,4031.2531726206907
24740,6340.982563023097
24741,8153.617557540695
24742,6219.025806630769
24743,4939.809673581235
24744,9850.489932440047
24745,8180.41835683546
24746,4972.868940598901
24747,3924.60377735772
24748,12192.099837489768
24749,6643.307127544646
24750,5712.678508503029
24751,6931.820554241309
24752,7521.5476219914535
24753,8309.783792867725
24754,6445.150366761205
24755,6815.885024069833
24756,9795.933398475632
24757,9823.51911890434
24758,5374.923928733256
24759,5085.607195941922
24760,5468.444070791207
24761,7375.961721227837
24762,5144.393271092218
24763,9971.771923085245
24764,9381.012936323401
24765,4900.016675039975
24766,4152.871122814327
24767,6544.7318297224665
24768,10409.15594914795
24769,4531.038845881944
24770,7860.255881389904
24771,3560.2475687060864
24772,7382.643328873071
24773,7088.97856537234
24774,7872.652209878196
24775,8330.61553911135
24776,6759.557634904653
24777,3030.262731892283
24778,7229.377800251095
24779,7962.468683760532
24780,8544.379393791263
24781,7880.748629942206
24782,8209.905513445567
24783,6688.866419424974
24784,4874.435908828851
24785,10502.770072227046
24786,3754.0279506173674
24787,10400.1228630137
24788,5038.622213043512
24789,4379.764962422772
24790,7391.339547783037
24791,6748.571820920278
24792,7317.082405011627
24793,8504.74690888499
24794,4413.550669912628
24795,4651.713329568314
24796,7680.719517408393
24797,8815.226721455618
24798,8127.778222840078
24799,5308.285362709493
24800,6028.881509183561
24801,6859.094325975247
24802,6205.556940764478
24803,5913.089861877765
24804,9750.3375899299
24805,9150.36453108649
24806,9587.982303114786
24807,3659.8841031815814
24808,6401.210841858292
24809,8596.690404390645
24810,9628.510951138254
24811,5490.478382782044
24812,10687.846355852986
24813,5551.4926440029085
24814,5269.402350241226
24815,4590.872177427301
24816,5341.977825561247
24817,5536.9539627654
24818,4143.956622092059
24819,3844.557036785294
24820,5068.997684156302
24821,9243.507696440638
24822,7615.295671964036
24823,23800.95130026424
24824,6978.288273549259
24825,4366.336852105729
24826,7592.534259384976
24827,10427.084606985145
24828,6125.623851952751
24829,7567.22023600581
24830,5091.8947657364815
24831,8746.399844124177
24832,8630.049209047187
24833,3826.9348521806633
24834,5879.730743132717
24835,7362.955197247632
24836,7841.034548862164
24837,7524.167526313947
24838,7858.5622738279435
24839,5684.3122631199385
24840,3629.9180219211357
24841,5625.327669379853
24842,10892.549788198889
24843,10625.198443317333
24844,10295.053918183248
24845,8594.39451507925
24846,4485.475978317362
24847,6347.554596115754
24848,3389.763375041258
24849,8861.006841020704
24850,11269.446972203663
24851,8370.29433904752
24852,6295.017975352926
24853,5553.581016406855
24854,4575.900671005099
24855,5336.891886833696
24856,12097.142542091653
24857,6842.050114182439
24858,4922.695097947458
24859,4208.377614217548
24860,8996.757530044617
24861,3798.484768532094
24862,7796.936320384642
24863,4413.869718179704
24864,5227.051613953947
24865,6325.458533602184
24866,5733.274465272918
24867,7809.26780640086
24868,5193.37559096456
24869,5789.905119237617
24870,6947.307061203034
24871,8072.605252867365
24872,11496.063860208482
24873,5898.6106013080025
24874,8196.333715445382
24875,8308.521873564197
24876,9082.691419839115
24877,6594.882677779067
24878,9215.268834602371
24879,3283.0875125960174
24880,5226.89293565591
24881,6782.946183438228
24882,6345.750714077322
24883,7601.853744667996
24884,7901.549160627133
24885,5570.581862330136
24886,6977.995328271074
24887,5671.272652558439
24888,9794.163776566566
24889,4244.934610055588
24890,15289.865106347272
24891,5337.83320187094
24892,4878.743769401213
24893,8899.365937424218
24894,5316.929902313258
24895,6507.015252081995
24896,6253.952076424709
24897,7702.352850155541
24898,5511.497266407866
24899,4523.3270902612185
24900,6563.219081251727
24901,8826.842439389879
24902,8180.786610721867
24903,5042.013310794377
24904,6703.508736075962
24905,10185.296578724256
24906,6440.535157222974
24907,5534.0690882777935
24908,6490.4277869757325
24909,5905.870369846758
24910,5892.246654210661
24911,6394.16136878205
24912,4129.292830648142
24913,8923.791276319738
24914,6515.359107861549
24915,7089.233831078504
24916,9268.415619683286
24917,4200.406935704715
24918,5888.774653144969
24919,3957.576567554629
24920,8352.190718241422
24921,7399.527688063032
24922,4823.894975500786
24923,4540.961506283598
24924,5011.039800855568
24925,5913.144995548844
24926,4375.34250883469
24927,7194.079755351855
24928,5210.688486612938
24929,7441.020342403935
24930,5492.109612830851
24931,4702.18428081117
24932,6409.940127028349
24933,7102.49046464087
24934,6550.873634799526
24935,9099.752242191194
24936,8910.225842997157
24937,4894.715762349495
24938,10329.452444231045
24939,6458.731999326583
24940,7893.461972446368
24941,8941.962453316557
24942,4848.535185353819
24943,11456.263173458938
24944,8576.703531706205
24945,6131.811346304192
24946,5839.203824952372
24947,7843.80826627161
24948,8136.131871129203
24949,4765.917756949711
24950,3321.664334034547
24951,5764.2915273671315
24952,8329.640325621696
24953,6018.739435922055
24954,4701.621212679036
24955,8706.28699226642
24956,5675.741402735474
24957,5254.49112436662
24958,5961.391579587484
24959,5533.001272230272
24960,7922.139536666229
24961,7040.065658613727
24962,4952.1376263405755
24963,5718.886566927618
24964,4383.5696798785375
24965,7030.204995999229
24966,3004.145461462207
24967,6496.388128267715
24968,5669.081543953518
24969,8539.615890996825
24970,5952.552869885785
24971,5122.74501045083
24972,8459.401962308997
24973,7094.487050621386
24974,4956.464860067174
24975,11549.388965882064
24976,7308.257861782361
24977,8366.770150559916
24978,7784.867827447481
24979,5144.818936077986
24980,6505.66732868707
24981,4567.3844768020745
24982,8389.580986329667
24983,11834.738316273093
24984,7075.586886171664
24985,3632.971325314399
24986,5797.081057110722
24987,9414.044849526708
24988,9161.539515182794
24989,4937.4652779830185
24990,6952.534595829014
24991,4625.584415500132
24992,4435.273738662768
24993,3572.7107013036625
24994,5223.922735527614
24995,6443.203724924634
24996,7406.656550433068
24997,6552.265821902388
24998,13758.321771753313
24999,8218.296783650483
25000,8968.09441626748
25001,7643.229793775516
25002,3913.7121596613897
25003,9473.677658618484
25004,11171.173233035852
25005,6021.363835133214
25006,7605.247335899528
25007,5944.126117170079
25008,7120.986653779489
25009,3873.618090393302
25010,6226.879802771436
25011,5790.450354798971
25012,8654.99986179293
25013,7074.28682341687
25014,8859.452702628998
25015,8777.65668602294
25016,5502.7433153318025
25017,8925.103226005052
25018,19854.784824858838
25019,11109.304243094984
25020,6205.603248617433
25021,3316.192308087431
25022,6612.851520751247
25023,9748.079312141253
25024,5063.507063646795
25025,12105.820670063129
25026,19970.18850139122
25027,3074.8428265652256
25028,5379.8948730897755
25029,9067.421778920703
25030,5367.457161602613
25031,9786.952194903313
25032,6803.597815765136
25033,8625.104869224582
25034,4112.311502500059
25035,6076.212120143998
25036,5312.078626322816
25037,7545.898629627942
25038,6990.807338371632
25039,5602.97870715043
25040,6288.06669403328
25041,6026.708004806448
25042,4278.25549585207
25043,5139.502979630889
25044,6706.088001992281
25045,4532.647191714639
25046,5601.730462645369
25047,7673.953752605987
25048,5820.712397228994
25049,6489.228906829478
25050,6881.084026229129
25051,7038.893875359544
25052,7502.155991274783
25053,8320.699606794831
25054,6971.232600969948
25055,6067.681118166079
25056,3863.6098729761147
25057,6598.415385067188
25058,6572.874382817869
25059,6048.076793526334
25060,3713.1848635600627
25061,9173.257315325156
25062,7717.821380856598
25063,11355.2873550952
25064,6563.717958347137
25065,5495.379088342244
25066,5463.649182068937
25067,4813.486343113397
25068,9920.500019618605
25069,4201.508074277458
25070,8680.563065436749
25071,15040.4371463924
25072,7466.900931471873
25073,6984.0508212125205
25074,4578.478370292425
25075,4957.070794597853
25076,7591.910711606917
25077,4932.53110005563
25078,5591.364610846346
25079,10594.078193497258
25080,5804.602283640503
25081,17233.603358312725
25082,14152.914284764232
25083,4685.865319586141
25084,6873.640609635809
25085,7229.2622306603
25086,7177.871635157262
25087,5842.787626064745
25088,9818.006030540577
25089,7835.412731506498
25090,10489.704652608441
25091,3845.1779102833925
25092,8006.51768814642
25093,4819.51117152821
25094,7543.9686076793405
25095,6603.937400274522
25096,6095.482571363473
25097,7002.41291474365
25098,5932.902646132198
25099,8968.835678230165
25100,9893.395460701202
25101,5700.994761731614
25102,10744.956674380464
25103,6335.026587962966
25104,9628.127380382279
25105,5543.250247737485
25106,4394.5452857298005
25107,5591.917981426723
25108,11043.739631205552
25109,6451.144845566516
25110,7603.893202539059
25111,7018.890044965433
25112,9456.868187476732
25113,4403.825869084629
25114,9537.558855577403
25115,7207.594491993103
25116,4030.9455748133705
25117,16047.335621472212
25118,16639.014359109326
25119,5686.110436879097
25120,7787.81921364568
25121,9628.219843055525
25122,10442.534370852598
25123,11863.632985671768
25124,6015.990205668876
25125,8078.53622569564
25126,6161.918832164445
25127,8166.7106151919625
25128,4016.337583538221
25129,6433.453460582375
25130,6238.968953155022
25131,4456.9693817992575
25132,7823.925169855349
25133,5563.356118210698
25134,4955.243630001882
25135,6972.8853416464935
25136,2965.65278457129
25137,4721.074355843807
25138,6146.242706324379
25139,7673.739212037904
25140,9194.852025112554
25141,7038.738229283052
25142,5846.052966952789
25143,6243.2816428402275
25144,6456.487822194919
25145,12530.099797316325
25146,8129.495914689384
25147,5696.308707257166
25148,3846.2050074861845
25149,10411.748486444232
25150,4670.592502587188
25151,7556.262405995739
25152,3392.455368510112
25153,5747.026035329099
25154,5812.017198300841
25155,5436.619953467221
25156,4571.79761985129
25157,7917.891436550149
25158,9894.911816157854
25159,12841.482570438136
25160,6111.77556020236
25161,8111.9616958952
25162,3296.8225892583177
25163,5121.478499851106
25164,6430.243655816169
25165,4642.546388703368
25166,8480.177764998682
25167,5578.222166899416
25168,5247.288228460468
25169,9148.183147602045
25170,11746.569643867731
25171,8835.603083659424
25172,5324.089339163325
25173,6190.877596046824
25174,13103.989325471468
25175,8328.224128391368
25176,5974.088154083766
25177,4259.515304686879
25178,6716.839610594191
25179,9951.624015298634
25180,4789.750049978908
25181,6322.74699665791
25182,7994.96173156692
25183,9601.566793170785
25184,13714.962185320872
25185,6065.034239865328
25186,14883.406076945988
25187,5340.281946797012
25188,5272.869487549506
25189,3666.6570635220105
25190,6961.181595998813
25191,5081.703111417275
25192,5818.5707926604155
25193,7625.848844458592
25194,4178.553724574445
25195,4635.051181623211
25196,8064.538541586538
25197,3913.6435490167078
25198,6882.285925669381
25199,7075.175713889838
25200,6437.404929786855
25201,9135.839475743882
25202,5312.933555745169
25203,9038.021134462524
25204,5922.5395556442345
25205,5674.974361422593
25206,4795.794230835685
25207,5377.827785487261
25208,10099.857022153266
25209,5915.048442043262
25210,4700.89565847119
25211,8357.660958184168
25212,9927.767908053882
25213,7943.422853861459
25214,6275.760825431503
25215,9216.799422758388
25216,5253.35549872646
25217,5118.814620118731
25218,5258.87254034946
25219,9162.083576649418
25220,6818.186283705436
25221,6464.365490818827
25222,3986.183762092426
25223,6096.163453136754
25224,4628.431318752475
25225,5207.049529650768
25226,6592.925400760998
25227,9218.509344309017
25228,11891.82727488286
25229,12254.446729443745
25230,8364.05686788095
25231,7915.645896002273
25232,5761.993439589318
25233,11146.228851416963
25234,9870.603124068775
25235,5879.761601236962
25236,9006.200797681238
25237,8826.33268067703
25238,5328.711005765223
25239,3658.158021304842
25240,9269.525969949082
25241,4903.139748821941
25242,7756.50421517019
25243,5025.026990149516
25244,3315.3787034083352
25245,12362.854057007375
25246,5432.140457147963
25247,8946.600473542238
25248,4963.068604256292
25249,5548.415198307179
25250,6085.756125381261
25251,9204.762448145497
25252,6585.743717077117
25253,5685.204769931813
25254,4399.883180229736
25255,5133.409189957328
25256,3158.050829108112
25257,7291.317956994004
25258,16865.337144533674
25259,5011.592414563222
25260,6120.559783112121
25261,7733.236728294759
25262,5245.774741443862
25263,5531.928159972684
25264,4852.221477884715
25265,4257.346964624377
25266,6030.807010846289
25267,7778.295243101519
25268,3336.7853141616724
25269,8587.456161159453
25270,4041.8435104068276
25271,5019.876302972841
25272,10234.393561653413
25273,8461.978172536543
25274,9951.340712477318
25275,5403.027631612398
25276,7054.321715176105
25277,5000.392377972896
25278,5728.296796566645
25279,17715.33488149537
25280,8551.512252592138
25281,6748.806094553411
25282,6144.301853136302
25283,4367.138079224281
25284,5377.953881747511
25285,4706.03934083979
25286,9985.647114775335
25287,5414.955682181648
25288,4619.158931464807
25289,7783.562029204358
25290,4734.846792849782
25291,6449.5639340246435
25292,7134.88918967189
25293,6041.295386834161
25294,7054.431510354708
25295,4439.584017868843
25296,4868.110445355224
25297,5025.648234203478
25298,9327.653611452733
25299,8645.776393198405
25300,6740.951058890383
25301,3654.194884573643
25302,6600.205399920765
25303,6714.252410189845
25304,4898.727317367404
25305,6924.246795306615
25306,7728.135190568584
25307,6830.715466883125
25308,6284.421737572268
25309,6013.670896684098
25310,6688.128471466979
25311,5975.080054940006
25312,6628.580537360918
25313,5846.31118552686
25314,4365.122003389505
25315,7292.902303726101
25316,5208.490119876197
25317,5189.012840352198
25318,12775.888473039355
25319,7212.4266388645065
25320,4093.4284652154197
25321,7989.6135304162035
25322,6797.505198515315
25323,10409.050057880551
25324,4471.3770947198955
25325,6229.159121561138
25326,5269.598029269594
25327,7895.038620851943
25328,6056.246556657289
25329,9832.9405952116
25330,3494.665774434776
25331,6796.682098730832
25332,6683.75830836926
25333,5518.090417372071
25334,3906.2963487870556
25335,6473.3807764172025
25336,8520.08514587851
25337,5892.976196631915
25338,8396.512345949499
25339,7404.660001582368
25340,8830.336421083124
25341,3985.6820948381214
25342,5301.356761305992
25343,4915.352872775754
25344,7950.443918146785
25345,8866.485989137687
25346,3905.056277807816
25347,7944.361718328928
25348,6309.191546567986
25349,7441.751367607451
25350,5130.550515461451
25351,4315.243350366504
25352,6345.387646685269
25353,6346.537426760376
25354,9898.956410567682
25355,7131.383913918681
25356,6265.9071295835
25357,8841.378065755016
25358,7047.891308317392
25359,7023.201862923588
25360,6599.6222618939155
25361,5827.474541525522
25362,9499.003112781564
25363,11308.923824508094
25364,7456.233916316016
25365,4813.146628669119
25366,4325.116456749053
25367,3528.551878396288
25368,3470.609383463912
25369,8487.02510473344
25370,4482.579480033915
25371,9111.752714955845
25372,3474.6392462682925
25373,5176.514431725056
25374,5021.871803784755
25375,11283.268967416492
25376,5217.841607969409
25377,4694.669756226561
25378,6736.194490350967
25379,7522.733928153955
25380,4509.281766422219
25381,7918.364538198451
25382,8129.660519910051
25383,9049.922977338196
25384,7495.389810774228
25385,7286.399001966882
25386,6027.104299880844
25387,4744.898263482066
25388,4821.8757358427665
25389,11375.06232621984
25390,9483.013143651342
25391,9062.664433148957
25392,15636.77149105375
25393,6223.464729998918
25394,4119.926654339166
25395,6482.770375271078
25396,9191.329322946945
25397,7745.574691019014
25398,7058.717410136063
25399,7641.722721461327
25400,8411.490944313673
25401,6019.029769749774
25402,6920.744398471897
25403,5742.534049471566
25404,5262.415857095077
25405,3993.5850934722416
25406,4139.388287300541
25407,5854.250391094039
25408,8931.928366204636
25409,17799.802965347168
25410,6475.51614583432
25411,4835.0996192102275
25412,8226.049084876633
25413,4127.088274617854
25414,6935.745018131948
25415,4340.920739324977
25416,8887.155543963407
25417,5192.88728780886
25418,6503.105777439185
25419,14745.876904746146
25420,11391.530610489614
25421,6461.694410832346
25422,5654.8494387203755
25423,3959.730420558055
25424,5529.564551283194
25425,5604.228969934334
25426,6676.037528263946
25427,5222.617257853931
25428,4988.383006229333
25429,5061.809795979765
25430,5631.13995039507
25431,7715.01174350865
25432,7550.717525886653
25433,3558.674571348223
25434,6929.014979429126
25435,8328.649103378959
25436,8155.316938343824
25437,5361.292803179629
25438,5083.370959784654
25439,8529.03475560237
25440,3198.849673847028
25441,9967.140957175141
25442,4592.773914884075
25443,5345.236833148635
25444,7121.103676391149
25445,8216.544369877905
25446,4275.163637882566
25447,5381.814113614149
25448,5795.67088564202
25449,8984.649820670178
25450,10600.680081486295
25451,5704.732340055198
25452,3915.3845591800623
25453,5582.809963024023
25454,5985.0970297426875
25455,5227.356515926927
25456,6649.198817169188
25457,6385.345542584535
25458,9137.191987609793
25459,9075.692912762748
25460,6564.420693134089
25461,8179.260592395939
25462,3670.2169552430664
25463,10141.867511773935
25464,6198.316943839117
25465,14549.32432581179
25466,5988.210150682706
25467,5424.164121252633
25468,9577.126713068414
25469,3857.167529583417
25470,7270.990522031515
25471,17077.176388750933
25472,4860.171006447394
25473,4746.264156066007
25474,11399.135646803454
25475,7531.242045057586
25476,7304.810422668266
25477,8614.500191869321
25478,6597.123125529773
25479,4718.804689024027
25480,4540.520976662013
25481,9658.91652745756
25482,5926.303369349721
25483,7058.2979542351695
25484,8311.638433710248
25485,4047.3911089000153
25486,7151.578340600253
25487,6333.10670251126
25488,4323.389050563427
25489,9027.897868061194
25490,8938.135855707424
25491,4462.056331909459
25492,8139.805572394484
25493,6669.8382825647695
25494,5393.275022176063
25495,8849.714071295004
25496,6072.13806353483
25497,9396.737088944787
25498,4356.498962698416
25499,5150.798307485277
25500,7985.450886981802
25501,3292.502584207415
25502,7500.047615534412
25503,5067.634453024099
25504,5865.705580845153
25505,5031.382965877506
25506,5060.661143186164
25507,6656.802288036873
25508,7230.866210225978
25509,6575.292390050328
25510,7926.298546512763
25511,4582.714088973303
25512,7757.775233310465
25513,5721.569024013489
25514,9809.050455455485
25515,9288.930890423997
25516,7577.191283607928
25517,3769.1132031438583
25518,4809.461177561642
25519,7845.058967389049
25520,4578.424622135689
25521,9998.461273924264
25522,4637.616151279154
25523,7182.276764786332
25524,10088.529433196529
25525,6803.9109830878315
25526,4342.99044334407
25527,7829.604647291305
25528,10327.87092673956
25529,6305.807269298771
25530,9089.758034277127
25531,10499.154026924687
25532,4806.798795224675
25533,5704.861690984303
25534,6960.03626761093
25535,4413.596057263532
25536,4368.449298580311
25537,7320.190261840461
25538,5063.626446939751
25539,6921.698321287283
25540,7527.116660094962
25541,6768.957734998207
25542,8816.827270840795
25543,5832.415133157593
25544,7169.476961739893
25545,4985.898519091193
25546,6207.637324124962
25547,7555.53842664099
25548,6223.702210519356
25549,7074.076979671778
25550,6714.712716405643
25551,9004.329301585994
25552,5859.255454957204
25553,4315.048902515629
25554,6245.286957640667
25555,7735.884883586337
25556,7561.0916875810135
25557,4826.641639681051
25558,4029.262870596387
25559,8536.807258670513
25560,6897.517566046809
25561,5602.810462363584
25562,8871.122075407759
25563,5996.250028487994
25564,7906.819502276193
25565,6055.723952059335
25566,3513.966488441907
25567,7174.821128455585
25568,6916.4823002146595
25569,6760.223417407858
25570,9590.698474483086
25571,10001.085697980914
25572,4987.449821273406
25573,8646.243344990698
25574,4383.048013282494
25575,2953.3172076926608
25576,8165.131049858511
25577,10765.810017598431
25578,8052.649251530977
25579,7722.847151791097
25580,3541.587280028649
25581,7361.416325642371
25582,9042.748024298999
25583,6708.863403089861
25584,8142.654640373749
25585,5514.839147486576
25586,4654.0312633682315
25587,4406.057901643039
25588,5682.105191671961
25589,5649.498494272095
25590,5171.106706908821
25591,4974.636403959576
25592,3851.6357502136366
25593,6217.00594604498
25594,7686.810358549839
25595,4153.536219937629
25596,6291.824390229782
25597,8229.711019266051
25598,6327.250658341056
25599,5019.951193433334
25600,9842.611931229816
25601,8507.728357447892
25602,4597.257526127265
25603,4128.636684985537
25604,12340.594040063317
25605,6308.129150077188
25606,5966.047883199267
25607,6879.326495856695
25608,8396.309427404374
25609,8532.843791898964
25610,6387.527978386771
25611,6825.180242812708
25612,10251.677771755218
25613,10416.113593918235
25614,5554.358154812499
25615,5263.511539856053
25616,5124.28618653109
25617,7044.59982650204
25618,4925.04836657774
25619,11100.019177966702
25620,9243.169611553276
25621,4987.967569848682
25622,4083.688809255729
25623,6581.277270972625
25624,9862.628872616635
25625,4695.790554385428
25626,7709.4178548872105
25627,3494.4503593450286
25628,7303.775693160702
25629,7233.475342016815
25630,7913.0684193342195
25631,9008.3955938195
25632,6806.814521491968
25633,3040.0682686298474
25634,6631.4982337163165
25635,8361.544092768194
25636,8622.103171605666
25637,7959.3633884740075
25638,7889.389730770084
25639,6365.531641578544
25640,4833.977999112212
25641,10741.03507009084
25642,3769.0572385786754
25643,10444.44098488782
25644,4895.916571776343
25645,4562.437458483077
25646,7612.889648275158
25647,6537.445448136272
25648,7804.22842083285
25649,8802.759909331406
25650,4265.312468108434
25651,4638.954883513983
25652,8162.185031773943
25653,9090.28315842064
25654,8299.583596635537
25655,5641.415496138785
25656,5742.788070908069
25657,6941.902824988336
25658,5994.729253358915
25659,5761.450337818066
25660,9912.434199322759
25661,9234.730263969195
25662,9957.558700844917
25663,3787.241495327094
25664,6548.182678575323
25665,8552.955989423503
25666,9372.596824347793
25667,5717.207454264581
25668,10383.045831908701
25669,5645.642503073263
25670,5315.134015347189
25671,4326.82434227079
25672,5429.719928822997
25673,5412.435988292212
25674,4201.657702687148
25675,3993.0286648912547
25676,5167.696047858982
25677,9491.542247949694
25678,6991.204087913136
25679,23673.69466551006
25680,6858.134347232325
25681,4669.169043555977
25682,8415.421838117652
25683,12508.931461035723
25684,7130.139809214898
25685,8320.460671144801
25686,5640.257128460096
25687,8785.358980915325
25688,9280.801005863392
25689,3973.481272997679
25690,6467.31599632735
25691,8141.325093428255
25692,8350.299058955346
25693,8265.173161224817
25694,8383.066420765123
25695,6770.780126927279
25696,3863.815661123761
25697,6137.361328355663
25698,11742.457415191175
25699,11735.746702176677
25700,11688.317546308406
25701,9510.128854708193
25702,5675.547179883506
25703,6881.053103145249
25704,3474.083970771119
25705,9590.590357329
25706,12635.737865312287
25707,8531.792941669755
25708,7038.532441717879
25709,5878.358158886858
25710,5187.270287966324
25711,5515.531904495136
25712,12583.535640048809
25713,7854.228200039202
25714,5101.762805022739
25715,4529.380943646657
25716,9247.927584925714
25717,4189.235432391002
25718,8248.538574718095
25719,4865.721386571899
25720,5237.164387744385
25721,6564.240203127113
25722,6224.808396110803
25723,8619.014433233739
25724,5496.343324034071
25725,5971.701915495059
25726,7900.447775615408
25727,8319.023750080967
25728,12294.802752293475
25729,6274.582682646763
25730,8915.234353256375
25731,8228.6261293453
25732,10367.926880150357
25733,7256.485042209783
25734,10421.554828006392
25735,3712.8060997302937
25736,6108.942208209409
25737,7410.3161198389835
25738,6796.527645048058
25739,8059.069585709236
25740,8718.55260669317
25741,6403.760670548859
25742,7734.708332492739
25743,5762.688320987791
25744,11018.85043005739
25745,4755.2236551134065
25746,16061.47469665571
25747,5808.471896150419
25748,5105.723973586935
25749,9600.846385101753
25750,6105.366934800106
25751,6947.4596293618015
25752,7106.814902811116
25753,8580.745524588638
25754,5979.717725643338
25755,4791.386507247655
25756,6795.897506479952
25757,9462.885742107384
25758,8984.77734071018
25759,5474.214740520694
25760,7242.6189916879985
25761,10692.779130373914
25762,7281.150047486568
25763,5903.03818383721
25764,6989.744433438766
25765,6161.649551010872
25766,6163.269116235911
25767,6695.562412907616
25768,4632.4404713524555
25769,9932.724973751743
25770,7069.017134611919
25771,7662.34293720096
25772,9410.801521776444
25773,4881.690912464646
25774,6376.273211837347
25775,4215.474193476698
25776,9259.530335377476
25777,8212.34083435266
25778,4991.760422648641
25779,4877.387013963845
25780,5318.086042433704
25781,6301.033277642389
25782,4677.028410600901
25783,7536.89260179452
25784,5536.741515533927
25785,7895.435027832116
25786,6161.296454101128
25787,4966.40426557444
25788,7350.231332607178
25789,7298.321366571705
25790,7092.408973575251
25791,9610.841697441976
25792,9439.934803492768
25793,5278.4335114186715
25794,10999.879399244655
25795,6947.466026050101
25796,8626.838376788974
25797,9915.594913956578
25798,5123.109017758133
25799,13118.719568465278
25800,8687.333904384262
25801,6731.435372062622
25802,6494.722085977357
25803,8646.791778886602
25804,9114.371481806049
25805,5110.531105218732
25806,3571.8551808174097
25807,6066.838696696914
25808,8969.66959767155
25809,6452.1475684050365
25810,5030.438510993763
25811,9939.401088291572
25812,5815.798490830426
25813,5356.263269281832
25814,6460.665578725734
25815,6184.8735422147665
25816,9157.005215526073
25817,7433.878076857512
25818,5370.502907921046
25819,6355.267635720239
25820,4982.7649864956265
25821,7750.097175792907
25822,3243.2146821804126
25823,8386.649429823106
25824,6230.11360400541
25825,9113.205597439988
25826,6341.53992878349
25827,5354.631350630581
25828,8863.29428716424
25829,7191.028206033154
25830,5028.46886584879
25831,12424.802270110726
25832,7467.7598083184375
25833,9018.504538493047
25834,8312.361845880389
25835,5268.3785429094905
25836,7177.135021418341
25837,4800.861556794518
25838,9396.618774271834
25839,13223.275579343044
25840,7892.508492359367
25841,3909.4535748379526
25842,5433.008083904352
25843,10148.16991093235
25844,9844.001801576056
25845,5171.465846823152
25846,7602.846403814541
25847,4882.3838892031135
25848,4966.401523049694
25849,3782.4684163048973
25850,6020.868586471959
25851,7144.435051086273
25852,7868.835119231885
25853,7160.897057105696
25854,16215.157446945745
25855,8743.756713351226
25856,9779.622196360673
25857,8152.362749222001
25858,4085.3659536094824
25859,10244.119548713914
25860,12684.588404773178
25861,6811.152036324138
25862,8294.616639505422
25863,6393.609047964543
25864,7673.306323160231
25865,4433.951844991442
25866,6751.675319221389
25867,6275.83013369983
25868,9116.73780366915
25869,7653.503374490914
25870,9640.178089416693
25871,9641.000851469236
25872,5912.7236541177035
25873,9793.132210824984
25874,21340.015457568086
25875,12213.335718546774
25876,7194.477946267927
25877,3589.548925982496
25878,6976.464544585097
25879,11375.767000074045
25880,5403.155877315863
25881,12692.492608323277
25882,20933.066948485295
25883,3144.898792491695
25884,6010.025836346315
25885,9699.336897822957
25886,5344.480158982926
25887,11239.816551571505
25888,7744.352120574002
25889,9439.523007069087
25890,4332.21030637915
25891,6394.148666095255
25892,5671.0267423074865
25893,8157.91390586025
25894,7367.924217611742
25895,5752.681004414542
25896,6688.207865331465
25897,6284.673220002616
25898,4773.491529186916
25899,5409.204963678191
25900,7157.264641704522
25901,4794.381667939592
25902,6026.033275409408
25903,8945.01711316593
25904,6673.05739909073
25905,6880.530759692235
25906,7719.862379734501
25907,7643.17453388339
25908,7709.733616098078
25909,8871.010481980773
25910,8004.262604902709
25911,6374.567516150369
25912,4192.669794290849
25913,6903.772933104965
25914,7181.836131988567
25915,6582.505731330032
25916,4064.972170997228
25917,10372.885755003246
25918,8571.060549230997
25919,12195.05365099369
25920,7061.6554031638
25921,6324.536169926193
25922,5929.5060715233785
25923,5128.668078722205
25924,11424.138030283108
25925,4360.8912166879645
25926,9064.924244924896
25927,17145.594976015695
25928,7798.032478564675
25929,7814.847707224089
25930,4845.39434978819
25931,5325.322745428545
25932,8379.889944220298
25933,5287.616566367801
25934,5985.865482397006
25935,11716.167508518993
25936,6087.394477699407
25937,18686.324292440586
25938,15310.633111510231
25939,4900.420332816267
25940,7324.4552572718785
25941,8021.548668478128
25942,7886.901235606114
25943,6451.947751924183
25944,10580.819280620306
25945,8550.263673738862
25946,12264.44357663178
25947,4294.808678811601
25948,8549.894980319015
25949,5065.745835327623
25950,8028.690656383701
25951,7297.425889527127
25952,6689.210627821619
25953,7460.1632525928
25954,6121.731847612781
25955,9636.475876657447
25956,11098.691064526416
25957,5858.638695610142
25958,11583.184951970772
25959,6463.998577248236
25960,10824.84355356893
25961,6373.587911181135
25962,4541.317517689991
25963,6172.489323756422
25964,11985.827628331179
25965,6883.032837812434
25966,8201.875215175884
25967,7585.01970929088
25968,10427.980239628205
25969,4664.607275505717
25970,10943.072300706479
25971,8230.719175085389
25972,4465.567145932521
25973,16892.59285415954
25974,17567.93892316199
25975,5953.192378337394
25976,8454.144234040776
25977,11040.669896248068
25978,11798.644674970987
25979,13244.152833703849
25980,6935.143751597238
25981,9137.486055631405
25982,6799.8851436389705
25983,8993.323745616784
25984,4516.9088794138825
25985,7331.5781018495345
25986,6741.041400523956
25987,4689.426304349584
25988,8456.698304854448
25989,5875.078196436251
25990,5667.848565620523
25991,7456.622436597918
25992,3192.9212140609416
25993,4947.346752599778
25994,6961.256380821079
25995,7732.887237049027
25996,9926.210917103499
25997,7483.138396592648
25998,6153.904710358792
25999,6522.455327670762
26000,6876.078454244662
26001,13918.081560743669
26002,9072.357062042274
26003,6304.128034591041
26004,4045.411042892249
26005,11033.06851288447
26006,4880.973922375295
26007,7886.223741236152
26008,3794.069402409198
26009,6208.679313840139
26010,6524.2339442594985
26011,5684.7038498090615
26012,4755.687461459169
26013,8201.438651894567
26014,10682.94838464845
26015,13629.506696522574
26016,7080.973533564522
26017,8336.430656574583
26018,3500.1554581654214
26019,5515.96260264367
26020,6915.289297607763
26021,5140.170019116702
26022,8713.433403820776
26023,6126.91570835806
26024,5655.548016785281
26025,9823.184540133923
26026,13109.790315354481
26027,9291.39980313259
26028,5566.2756166826775
26029,6941.572617247851
26030,13077.450840975787
26031,8145.062725647309
26032,6828.90952426365
26033,4632.563860391943
26034,7159.361767120411
26035,11617.298433387597
26036,4976.797083372996
26037,6882.830464269967
26038,8639.157250374263
26039,10197.185657748723
26040,15596.276779896682
26041,6317.452212019232
26042,16099.694966925994
26043,5720.33242471781
26044,5621.26879552173
26045,4246.563453696241
26046,7640.825713202804
26047,5378.529338848589
26048,6377.432679223755
26049,7879.722252768814
26050,4547.257415138871
26051,5085.328940456447
26052,8730.08402520115
26053,4387.27488709111
26054,7301.004845014354
26055,7789.815333146046
26056,7006.356318030985
26057,10135.88103395782
26058,5733.1835497184375
26059,10126.329179495084
26060,6095.985716529895
26061,5949.45523834438
26062,5049.885906511939
26063,4985.585821306953
26064,10871.320999727812
26065,6405.5849244089295
26066,5239.1652215657905
26067,8492.699086837125
26068,10529.07670528775
26069,8870.064579970463
26070,7057.067886553983
26071,9784.646564478559
26072,5582.2435140744565
26073,5261.490408467458
26074,5811.316210181821
26075,9511.084224929467
26076,8121.943448724286
26077,7509.961251537137
26078,4212.943815413405
26079,6687.432134748348
26080,5159.2667665565705
26081,5529.843733610996
26082,6789.039154375897
26083,10216.749483654314
26084,12822.600044619616
26085,13749.890706417036
26086,9250.295675069323
26087,8538.730875319323
26088,6265.998727842252
26089,11778.666964932663
26090,10946.789694603951
26091,6120.044982594793
26092,9919.270338539049
26093,10814.50190554207
26094,5724.728649154519
26095,4352.069697997913
26096,9936.938343829857
26097,5264.013762194694
26098,8566.988365916428
26099,5451.276262821276
26100,3650.700712087173
26101,13655.153768552374
26102,5641.9179152102515
26103,11335.172418733951
26104,5325.293757591942
26105,5864.030871306583
26106,7166.741791756349
26107,10239.842996361385
26108,6924.717929018444
26109,6150.875391243052
26110,4673.735018973673
26111,5007.314555711553
26112,3528.6326323967196
26113,7982.135347350121
26114,17903.257909197815
26115,5490.214670875081
26116,6503.26351465537
26117,8049.66530831571
26118,6092.671497935471
26119,6021.592298830967
26120,5128.56455168819
26121,4742.356328380748
26122,6409.317089949245
26123,8263.45217207557
26124,3504.5238834896677
26125,9410.164653495258
26126,4547.6489910794
26127,5602.170527774809
26128,10956.896947499186
26129,9248.662360525579
26130,11063.445128954902
26131,6260.753905825821
26132,7924.828455351228
26133,5436.2941615703485
26134,6259.7947690331775
26135,17957.539983093386
26136,9024.961381666702
26137,7311.042452064745
26138,6855.057808745814
26139,4673.156819294226
26140,5673.766878999119
26141,5388.332027763785
26142,11436.983285899145
26143,5938.794561999332
26144,4943.727157154486
26145,8139.609193087305
26146,5103.081156140264
26147,7093.135154865044
26148,7981.984782946911
26149,6407.407095998414
26150,7694.043853924257
26151,5294.146671480213
26152,5080.168243498561
26153,5307.764558240679
26154,10505.380671212153
26155,9547.76701908835
26156,7298.542094712817
26157,3829.332302370105
26158,6790.411099764923
26159,7242.577859347058
26160,5124.398174270758
26161,7655.156184682083
26162,8448.91271476336
26163,7620.328892516841
26164,6929.284116426914
26165,6515.64306338954
26166,6850.89131026868
26167,6850.155938720479
26168,7014.112231562116
26169,5999.867802614168
26170,4752.535672390842
26171,7869.822797196342
26172,5279.513062372017
26173,5651.986859165121
26174,13783.953031917097
26175,8125.718325756341
26176,4227.807879287156
26177,8960.867415222316
26178,7077.034455285165
26179,11294.988556394053
26180,4674.825145796848
26181,6943.51293369133
26182,5575.384543680358
26183,8352.775930542668
26184,6865.057073867333
26185,10467.130648815208
26186,3887.4956964631506
26187,7462.64853684693
26188,7209.303843843907
26189,6051.537913111601
26190,4450.100539541687
26191,6954.929105943774
26192,9652.882735937008
26193,6353.719593545035
26194,9295.888977379394
26195,8192.642308824281
26196,9854.796093133327
26197,3892.8709837853116
26198,5740.978454857715
26199,5343.45517367615
26200,8639.863719367895
26201,9085.041104285716
26202,4623.796426824882
26203,8229.450548901399
26204,6603.413009171118
26205,8203.063451983435
26206,5427.460482305659
26207,4759.942326648679
26208,6820.754054048867
26209,7207.941831922638
26210,10530.3410874349
26211,8015.950937151958
26212,7005.422256653027
26213,9610.89574378696
26214,8376.701499497463
26215,8699.79299885267
26216,6940.697580519445
26217,6645.09919675619
26218,10247.606083985598
26219,12317.138165512837
26220,8310.171126294572
26221,5409.297115591553
26222,4730.4410570344535
26223,3668.460924477444
26224,4083.3690802007923
26225,9538.577238244106
26226,4607.1721463790855
26227,10654.13237774423
26228,3623.2743048159323
26229,5373.585031611984
26230,5353.61217345379
26231,11465.097886231346
26232,5486.092401898717
26233,4950.318223457331
26234,7519.682995011318
26235,8447.062078617915
26236,4685.146010440526
26237,7963.576613293625
26238,8353.04806768596
26239,9633.748871122483
26240,8043.502084300539
26241,8011.578628506027
26242,6578.965449877407
26243,5256.875108557921
26244,5175.062787897718
26245,13321.631229264567
26246,10245.818340686428
26247,9709.568867138358
26248,16104.03617764513
26249,7182.061506710758
26250,4566.400525523123
26251,7268.6378478654515
26252,10034.434830788377
26253,8320.425155138366
26254,7720.383117213137
26255,8759.626219558093
26256,9064.182168050853
26257,6357.718918390134
26258,7528.746874120336
26259,6357.413773913423
26260,6107.067411724578
26261,4163.154208851
26262,4535.369866151629
26263,6539.437940690815
26264,9869.85264773316
26265,19187.867387841827
26266,7033.544789607753
26267,5000.67029379208
26268,8628.801729112387
26269,4517.787020572555
26270,7205.053983234627
26271,4701.886075752467
26272,9959.107003894325
26273,5385.667580995791
26274,7408.930034124633
26275,16646.904183975475
26276,11293.966230564121
26277,7047.434107423001
26278,6039.069996514065
26279,4158.6809772207525
26280,5651.987418544327
26281,6015.488647733514
26282,7072.38279064664
26283,5792.909038165772
26284,5347.321028160638
26285,5529.973265571336
26286,5882.222891338546
26287,8932.852980912383
26288,8190.238123430479
26289,3698.1828001431977
26290,7498.231796016706
26291,9438.015831653705
26292,8795.2770267521
26293,6338.918353962211
26294,5455.595518252721
26295,9670.085942176665
26296,3374.7699953684464
26297,10741.525558652655
26298,4801.996417500128
26299,5892.457714021946
26300,7483.339403063179
26301,9352.503335524338
26302,4654.647303300108
26303,5517.214925496334
26304,6022.391252522131
26305,9556.956420388182
26306,11510.386083585345
26307,6066.987336313096
26308,4346.219935124017
26309,5796.540031336672
26310,6460.1139388557
26311,5935.082048781199
26312,7489.429535420775
26313,6889.058556553237
26314,9562.163368685562
26315,9771.878620080295
26316,7388.649373993294
26317,8773.634851921226
26318,3972.1019511209483
26319,11033.591499938286
26320,7011.514334812721
26321,15918.832868350892
26322,6560.350703196569
26323,5830.360105165647
26324,10828.234238745319
26325,4729.749445182596
26326,7836.249738134394
26327,18293.62128755683
26328,4815.940335440611
26329,4841.585030153704
26330,13895.754091656501
26331,8332.746580879346
26332,7884.843922188143
26333,9232.072991865436
26334,7285.690780942514
26335,4712.124057720244
26336,5288.975830363449
26337,10751.01435218734
26338,6476.988056701005
26339,7496.1095562720675
26340,8957.950546007589
26341,4403.819357472801
26342,7440.426091402259
26343,7495.681214053398
26344,4622.46813181659
26345,10211.795910702325
26346,10607.49619544095
26347,4587.275314013328
26348,8855.887402247128
26349,7270.316295693122
26350,5634.437980495564
26351,9587.20213479505
26352,6325.131109966623
26353,9794.793723756964
26354,4695.424069099186
26355,5674.633696154331
26356,7807.934200496146
26357,3498.3110192292847
26358,8265.368899578714
26359,5319.330938730006
26360,6417.364620932747
26361,5750.159852347151
26362,5514.2237821870585
26363,7106.993598952358
26364,7957.994103220434
26365,7353.41512497266
26366,8609.121489406174
26367,4900.755706227503
26368,8299.049890201106
26369,5584.25855919498
26370,10337.337268173807
26371,9864.114588390263
26372,8119.747579825542
26373,3665.6642767343133
26374,5163.361864989815
26375,8869.492709030641
26376,4708.41686167474
26377,10137.957053615004
26378,4917.300909038093
26379,7826.7878105866075
26380,11005.117819345867
26381,7825.601320950216
26382,4865.990913389618
26383,8542.184842573024
26384,11063.992011734199
26385,6762.537265558431
26386,10374.435183845295
26387,12882.629493376418
26388,4954.658912013432
26389,6209.321909709417
26390,7713.9852301904475
26391,4863.73905881726
26392,4594.493020130903
26393,7694.032754918046
26394,5662.07647054012
26395,7909.012824520997
26396,8153.621798834863
26397,7636.591186762443
26398,9421.705301601518
26399,6405.901299215822
26400,7855.460186415326
26401,5410.934705723887
26402,6643.0614287622
26403,8311.938528774997
26404,6921.953229276947
26405,7592.479959833209
26406,7484.473205583902
26407,10270.133512297307
26408,6390.399210647442
26409,4784.1865824297665
26410,7122.334871298393
26411,7792.465341017912
26412,8489.099731532304
26413,5166.624513664497
26414,4605.482620538746
26415,7951.849039514155
26416,7035.138998259778
26417,6312.604632575293
26418,9694.819475400129
26419,6202.823618550882
26420,7898.124657076079
26421,6433.4480003783665
26422,3852.905337142783
26423,7795.163883274569
26424,7775.84852680547
26425,8596.240043796559
26426,10040.90615606176
26427,10405.540133907383
26428,5331.237806884506
26429,9630.982521358492
26430,4497.998679822913
26431,3477.1713824827657
26432,9143.151413600743
26433,11293.15891997928
26434,8664.335635376576
26435,8530.772054457293
26436,4086.503872836796
26437,8440.707480391375
26438,9723.48275739608
26439,7414.625898159248
26440,8877.13936676022
26441,5872.2749474569455
26442,5025.541668405203
26443,4872.911109850654
26444,5941.815179752102
26445,6034.7645460039585
26446,5656.063473961689
26447,5585.222685933323
26448,4137.869713321846
26449,6560.215136446957
26450,9162.542639018111
26451,4280.172854034984
26452,7300.39327685539
26453,8828.704957525859
26454,6923.448793786589
26455,5320.865928989246
26456,10028.660780889542
26457,9075.310924150042
26458,4731.648190747901
26459,4536.769918541178
26460,15529.479603113681
26461,6774.953957283937
26462,7239.888832146822
26463,7470.583057233088
26464,8669.653482806561
26465,9404.616647498066
26466,6938.64022125832
26467,7353.78132133339
26468,12207.847885302433
26469,10758.447528723369
26470,6675.225476016058
26471,6142.345754615299
26472,5400.6340996794825
26473,7572.649987096828
26474,5185.15408430183
26475,10906.687534483122
26476,10358.598201890116
26477,5236.605958864104
26478,4370.257875453716
26479,7399.110841710095
26480,10749.339582829578
26481,5181.512194434591
26482,8646.540660817733
26483,3808.2801346558354
26484,7635.333535878982
26485,7846.422256645195
26486,8516.33021929853
26487,9975.119852516307
26488,7667.585507327972
26489,3188.1124089089267
26490,7091.104320179206
26491,9831.513207407826
26492,9391.72259204762
26493,8348.06127965344
26494,8419.884097804716
26495,7080.7273963909565
26496,5385.551835366838
26497,11762.446309504652
26498,3997.4198398970875
26499,11736.591123827184
26500,5096.120042319844
26501,4886.642347758719
26502,8471.875384007993
26503,7305.020304091621
26504,8213.236731024343
26505,9611.865517208375
26506,4723.734053002251
26507,5162.241639471768
26508,9286.005596028694
26509,10699.04735407853
26510,8565.991925306887
26511,5994.536001188893
26512,6276.353435425005
26513,7794.69374949031
26514,6496.557781769052
26515,6438.470395384226
26516,11013.953312531585
26517,10263.825995786912
26518,10392.989330986042
26519,4045.1260940672323
26520,7294.796050929245
26521,8793.675303709633
26522,10082.507257695328
26523,7004.598370338066
26524,11990.012635425863
26525,5976.829543351534
26526,5918.073756825019
26527,4684.310104690816
26528,6112.53879188086
26529,6034.623801323199
26530,4749.353013441101
26531,4432.600324789206
26532,5858.680071096994
26533,10565.793886579602
26534,7272.364898219175
26535,25173.94437314907
26536,7364.871145506026
26537,5284.004152810851
26538,9619.866646755308
26539,14299.502969390474
26540,8353.996627903454
26541,10814.549432179017
26542,6325.86318429065
26543,10190.24793965914
26544,11001.472375804029
26545,4707.332362600569
26546,7850.552864566193
26547,10052.50579964047
26548,9840.073032586733
26549,10421.17079715429
26550,9561.210207863527
26551,8342.05578706654
26552,4633.911581026146
26553,8202.89165294033
26554,15067.76516241059
26555,13922.050594001974
26556,14254.90733739856
26557,13133.980564048294
26558,6105.120643109694
26559,8222.575457389034
26560,4006.016840835855
26561,11683.014711216265
26562,16902.750810003017
26563,9804.051812126183
26564,9512.804496608402
26565,7756.637803855598
26566,5495.625084987106
26567,6881.730193415537
26568,15266.993532311482
26569,9533.870821970102
26570,6567.266908859282
26571,5541.370907562377
26572,10363.640900941054
26573,5029.376476510381
26574,10170.141086870757
26575,6418.317178839129
26576,6893.832837943419
26577,8226.191422238611
26578,7521.771401872691
26579,10439.181265075458
26580,7046.452761237597
26581,6917.556179587012
26582,9062.670475878904
26583,10686.157134972489
26584,15830.998294732122
26585,7546.610717683532
26586,10955.51247389934
26587,9290.809916831888
26588,11681.002672787636
26589,9452.508221528395
26590,13199.004466678396
26591,4585.0141969177885
26592,6906.700242419953
26593,9118.659454522456
26594,8340.84669295404
26595,10093.579397527034
26596,11200.333523367537
26597,8249.157427367947
26598,9779.075352195368
26599,6868.02635653659
26600,13510.818846483518
26601,5721.137007565733
26602,19196.941493135684
26603,6851.891953513225
26604,5883.717621105459
26605,11720.820883079456
26606,7172.641318361008
26607,9249.81684008148
26608,8654.639877427224
26609,11458.741675315816
26610,7468.361528474612
26611,5685.465773736396
26612,8589.5886414136
26613,11230.389801358104
26614,11519.46943158355
26615,7226.395418506146
26616,8429.969302470497
26617,13113.615098092232
26618,8427.002851938456
26619,6857.587913905084
26620,8767.48346877506
26621,7201.765980856831
26622,7600.447113134632
26623,7886.354132963245
26624,5550.781784981066
26625,14078.048360263096
26626,8449.408979087468
26627,9435.674095019913
26628,11711.142052171417
26629,5111.592578879316
26630,8183.097283953683
26631,5121.215169643236
26632,11556.738080982299
26633,9432.801260083097
26634,5942.038645814984
26635,6053.949643701145
26636,6440.169808314018
26637,7545.276215649546
26638,5769.22258308682
26639,8810.192470358747
26640,6814.352147522716
26641,9143.180309408583
26642,7339.077737598771
26643,5931.844041861335
26644,9795.39558021119
26645,8836.455751939457
26646,8105.100428143879
26647,12633.757984023385
26648,12562.3416075083
26649,6283.045824837757
26650,14350.67737612685
26651,8344.166192293062
26652,10692.483838193295
26653,13113.807723444448
26654,6959.218613909922
26655,15542.713129957157
26656,9541.563192360523
26657,8636.16748619588
26658,7805.004810417231
26659,9939.364549292432
26660,11801.898238677524
26661,6239.871738462169
26662,4008.468082161179
26663,7293.699139169811
26664,11143.278621195483
26665,7654.824468392185
26666,5962.964814759321
26667,13316.442135757694
26668,6499.544030124784
26669,6066.43266852174
26670,7176.837091921576
26671,8225.203100179806
26672,11380.566204683073
26673,9153.112905505877
26674,6584.092013302132
26675,8052.048066777124
26676,5988.633755878092
26677,10072.543377690923
26678,3685.0406701239986
26679,9271.52060384608
26680,7982.272625710249
26681,10734.389804386736
26682,7271.639401211019
26683,6178.365383951303
26684,10525.313169144369
26685,8846.571609995437
26686,5990.088717819424
26687,14784.227466503724
26688,8915.184634552885
26689,11946.336583617174
26690,9284.788037856591
26691,6910.17498314388
26692,8876.421523719075
26693,5651.555750991876
26694,11542.741507542814
26695,17141.04780888074
26696,9632.748425280604
26697,4604.979096799227
26698,6462.026341470737
26699,12779.29626564176
26700,12412.202850602212
26701,6418.850944171927
26702,9400.214730963628
26703,5593.097880987483
26704,5491.040033724052
26705,4532.7419364913685
26706,6711.040357888727
26707,8705.546536017679
26708,10178.251579553385
26709,8054.288105002396
26710,19409.73006372519
26711,10535.395142996018
26712,12125.922077050845
26713,9809.589244688626
26714,5142.327456991837
26715,11636.255309794324
26716,17723.51383052932
26717,8835.326247440345
26718,9850.355153065817
26719,8195.18154696736
26720,9582.236142002808
26721,6459.411190117662
26722,7621.96881727716
26723,8707.788695010382
26724,10543.375334808397
26725,9150.486244659956
26726,12583.587438393368
26727,11243.094434982111
26728,7262.064369936449
26729,12819.370386259432
26730,24664.872528162337
26731,16151.81464021564
26732,9642.772274465457
26733,4467.842332897583
26734,8751.5179746582
26735,13969.623310826713
26736,6309.550905352491
26737,13261.273128334658
26738,22237.577982694394
26739,3595.9331669045628
26740,7535.27038248034
26741,11835.544704046983
26742,6476.338361313286
26743,14757.455508941688
26744,9908.063699053371
26745,12503.903399593533
26746,4548.076195631845
26747,7773.743510667839
26748,6857.370228892191
26749,9905.360715157025
26750,10048.572260270732
26751,7209.99900218897
26752,8098.072362505108
26753,7357.09909322455
26754,5431.107031034279
26755,6337.808399742613
26756,8666.537920391505
26757,6107.3341690650395
26758,7908.119449374253
26759,11136.846063752106
26760,7479.93918890091
26761,8054.262687260091
26762,8935.483150216409
26763,9824.597991970051
26764,10080.686150904177
26765,11390.50086600762
26766,8700.88703146538
26767,7326.795936227022
26768,5412.991275461261
26769,8445.775726866139
26770,8417.074690028527
26771,8777.693324995911
26772,4696.999946312576
26773,12402.688783226968
26774,11001.428944836674
26775,15680.493748190134
26776,8198.963719171767
26777,8149.182445908667
26778,7658.558442796227
26779,6269.407525680798
26780,15137.380876557509
26781,5367.607423304604
26782,10668.757593103239
26783,20160.684927830574
26784,9562.627338155997
26785,9270.273148270584
26786,6250.010829062807
26787,6338.059745363779
26788,10373.230815575114
26789,6183.637744243436
26790,6983.346639339736
26791,13287.907367649592
26792,7730.204688804183
26793,21765.294111377858
26794,17300.511908086468
26795,5918.061131358308
26796,8484.980042894367
26797,8706.330433283845
26798,9969.629363220398
26799,7654.587337574855
26800,12335.597010508945
26801,10955.464840143002
26802,14715.080301147049
26803,5029.48308941852
26804,10043.828064460571
26805,6260.165731015689
26806,9463.93969610537
26807,9257.148832941817
26808,8666.832910549569
26809,9118.960874980468
26810,6579.621908949397
26811,12694.17223914871
26812,13248.515159528042
26813,7067.926879468643
26814,15795.029737433064
26815,8056.1593030381455
26816,12805.65936579608
26817,6797.971177761632
26818,5582.5913915695
26819,8323.259064105892
26820,15970.987686333456
26821,8498.864273238825
26822,10458.527925269571
26823,9832.156029549802
26824,13588.955650435766
26825,5711.205961172892
26826,11527.47969777251
26827,9551.623223589982
26828,5614.035862423635
26829,19465.705885644482
26830,19804.134625018407
26831,7562.917444825145
26832,11159.494464993491
26833,13651.355415420183
26834,15170.332915219224
26835,14985.579765628427
26836,8783.586537250007
26837,12380.40744030193
26838,8774.492189209277
26839,10952.239929115289
26840,5182.162240834739
26841,9010.143976224617
26842,8281.180740622947
26843,5435.788143990191
26844,9951.69498104261
26845,6942.996952180308
26846,7798.170211574217
26847,9285.255041794297
26848,3566.8987430428424
26849,6158.801627105243
26850,7805.886980972785
26851,10281.079693193586
26852,13298.323990231513
26853,9179.048467153874
26854,7278.330943260858
26855,8117.236518691048
26856,8499.79013134535
26857,16681.021363255968
26858,10869.55012415749
26859,8067.989979694187
26860,4878.556771787911
26861,13700.017003731504
26862,5671.410984538694
26863,10246.108644485972
26864,4650.927158234899
26865,7258.95727224045
26866,7749.104858155115
26867,7082.0401615452265
26868,6087.442869587316
26869,10331.253607059693
26870,13203.172849503993
26871,15357.071242614338
26872,8288.604567290751
26873,10152.799839138026
26874,4289.584602726073
26875,6598.254160036268
26876,8523.70592706265
26877,6376.792755771508
26878,10015.043700071588
26879,7593.414101803814
26880,6821.505040313288
26881,12512.804311447871
26882,15530.588281710287
26883,11179.546105228315
26884,6511.345467042013
26885,8485.593296068499
26886,15739.571497251776
26887,9499.754007411188
26888,8082.631012736291
26889,5769.996092355291
26890,9074.680966198663
26891,13469.315461278391
26892,5953.216634490207
26893,8845.812251900894
26894,10892.017224961133
26895,12643.164992232225
26896,17509.018995760624
26897,8410.249408297826
26898,18566.109825196727
26899,6844.867415130709
26900,6662.666409737025
26901,5054.179835311273
26902,9247.806932318252
26903,6803.154689719625
26904,8288.968977992348
26905,9632.149434320307
26906,5259.421677287847
26907,6919.1102296785775
26908,10483.183618815432
26909,5370.544015492143
26910,8236.230421062392
26911,10160.334391616529
26912,7973.110816707294
26913,13118.241472755217
26914,7574.0289483782
26915,11085.716209431155
26916,6829.113703464767
26917,7122.264104911634
26918,5902.150016590886
26919,5789.912221979218
26920,12735.412131746616
26921,8003.349127677148
26922,6179.215278213289
26923,11161.013088998625
26924,13951.886592929728
26925,11522.403055134226
26926,8552.839996103474
26927,11971.863815927409
26928,6340.92656737243
26929,5638.658029173687
26930,6917.94724613707
26931,11659.69158151546
26932,10044.9095748519
26933,9353.687715970038
26934,5357.24002341868
26935,8452.042536172445
26936,6009.071699585753
26937,6814.242777034156
26938,8556.93816337904
26939,12348.038439410499
26940,15145.981634921563
26941,17651.990628759886
26942,11671.597457802685
26943,9875.00767876826
26944,6977.674616945607
26945,13497.981157137876
26946,13736.792084439508
26947,7706.095834163536
26948,11973.25046350922
26949,12393.717959083862
26950,6564.955570016625
26951,5094.59691605668
26952,11100.216090639886
26953,6364.241609465183
26954,11220.932711892978
26955,6350.3486549217305
26956,4650.773549629108
26957,17076.18729995578
26958,7016.131476102072
26959,14317.210872685331
26960,6035.931888081965
26961,7165.720132111745
26962,7964.939422313855
26963,13340.258615719493
26964,8347.712191079621
26965,6934.2836758164785
26966,5810.581915007916
26967,6644.613869676707
26968,3874.582148910733
26969,9858.565818921805
26970,19301.054964342962
26971,6440.969179444402
26972,8099.498992568988
26973,10329.24196220656
26974,6877.75384814408
26975,7656.270352579999
26976,6306.208729268303
26977,6068.036247945971
26978,8144.333387529973
26979,10757.394821598138
26980,3931.870530340257
26981,11917.531328197352
26982,5434.0073353903335
26983,6557.699974319763
26984,14004.005701554139
26985,12082.211762878644
26986,12656.121644513203
26987,7574.142561513027
26988,9612.3819924615
26989,6390.1994893323235
26990,7671.504426969888
26991,20618.77820316453
26992,11360.512346814112
26993,8954.619297654037
26994,8835.843064896579
26995,5922.554858619156
26996,6623.38220950327
26997,6214.063461968832
26998,13268.48339824181
26999,6592.905566903977
27000,5715.724576134214
27001,10518.599287120325
27002,6242.4445371828915
27003,8370.141701082512
27004,8870.212189128539
27005,8263.330800000393
27006,9587.944497726965
27007,7012.187356187191
27008,5818.300344306696
27009,6950.678419271508
27010,12864.722476757717
27011,11424.96577865141
27012,9178.218513553915
27013,4439.48601342851
27014,8092.6002922616335
27015,8034.2162885997195
27016,6391.957735217748
27017,8800.576464094444
27018,10960.01927734736
27019,9598.736361213752
27020,8721.508071217595
27021,7947.949551889854
27022,8951.641865201209
27023,7966.157727026794
27024,8292.274444715307
27025,7193.68820403243
27026,5775.874115449482
27027,9455.908008064363
27028,5853.841950179
27029,6685.447245701058
27030,17587.834845332884
27031,10240.328554564876
27032,4490.379314759943
27033,9773.006771739565
27034,8690.088654762229
27035,13096.312111454889
27036,5341.705943064797
27037,8910.61168065329
27038,6361.152943803348
27039,10154.461468130887
27040,8427.231610023742
27041,14482.289492240374
27042,4112.465387657404
27043,9614.99046145889
27044,9280.492216363225
27045,7056.14558166749
27046,5504.468280050866
27047,8439.007809706818
27048,12377.753788232909
27049,7174.395631672397
27050,10967.858408508844
27051,10811.115094433744
27052,13203.044380225436
27053,4617.564147670173
27054,6919.372892272525
27055,5926.65314499281
27056,10787.339929369058
27057,11783.221002765125
27058,5889.839796206729
27059,8759.129697865726
27060,8438.637939294407
27061,10558.476412569447
27062,6207.867434141895
27063,5322.153823005473
27064,8614.151598949029
27065,8830.236866383
27066,12996.417492110833
27067,10030.212795190331
27068,7852.622430000632
27069,12573.944936472966
27070,10692.111421535315
27071,11888.000798412488
27072,7696.924613241559
27073,8901.146748894016
27074,11872.023205399839
27075,15404.482087734501
27076,8976.710185866166
27077,6573.23854402263
27078,5690.171717340795
27079,4305.854085767583
27080,4486.788780705987
27081,12780.393323231496
27082,5638.382326946919
27083,13045.016301939015
27084,4564.356086201307
27085,6735.714768166098
27086,6398.204596564058
27087,14006.10644340244
27088,6882.752342190669
27089,5902.85382724718
27090,9862.076026979701
27091,9727.675838679983
27092,5958.539885218961
27093,9759.108289562317
27094,9389.03190035681
27095,11460.201049953288
27096,10152.55537964435
27097,9917.759691117179
27098,7751.195789708551
27099,6162.797976383702
27100,6137.063532947573
27101,16961.992139731443
27102,12634.515316160687
27103,12135.57152078916
27104,17159.069307842845
27105,8610.014528870373
27106,5512.135970765055
27107,9185.52610439009
27108,12198.609950605824
27109,10645.268484479118
27110,9665.713994905518
27111,10509.252589207243
27112,12432.309762410749
27113,7188.229156030723
27114,9694.218812789439
27115,8173.2992686933685
27116,7880.895345984113
27117,5059.688064953865
27118,5453.690048743575
27119,9098.053312332635
27120,12676.140378818322
27121,22210.190709710732
27122,8872.5430585099
27123,6049.065491949965
27124,10778.580028713875
27125,6021.110007347733
27126,9116.53877990016
27127,5109.455956316057
27128,11792.665321046376
27129,6450.418212657245
27130,9374.530993257238
27131,20689.576391384686
27132,12584.926782392557
27133,9214.806593462388
27134,7423.459329737174
27135,4784.037820493421
27136,6406.9394207868045
27137,6977.687463064478
27138,8925.19672351754
27139,7337.600941992146
27140,6527.750924416537
27141,6094.988717249536
27142,7277.034329065274
27143,10836.56822287643
27144,11394.752891794447
27145,4055.7009701289167
27146,9451.838498069208
27147,12033.22956204029
27148,11676.153784596892
27149,9118.284499120638
27150,7052.518993592955
27151,11678.436799620116
27152,3952.566875743349
27153,13166.310078762195
27154,6209.37635089852
27155,8206.00762844608
27156,9700.59138202764
27157,11956.52489774728
27158,5199.9734798659365
27159,7180.530475562118
27160,7504.8302348011
27161,11343.101296034965
27162,14281.050067426959
27163,7532.274816226757
27164,5177.272550163812
27165,6707.230189260875
27166,7688.546753079489
27167,7078.0175407010365
27168,10176.222789630685
27169,8006.699084924589
27170,11104.108244774607
27171,12863.456878682679
27172,8684.617686719448
27173,10487.790069726938
27174,4493.613094301311
27175,13775.733863379335
27176,7974.904716151745
27177,17402.821956279247
27178,8337.290619689436
27179,7136.685446290746
27180,14672.031833964536
27181,5443.429942158085
27182,9273.38163752782
27183,20964.807996855616
27184,6405.570967886161
27185,5913.853855944551
27186,16317.306675401735
27187,9853.116432075269
27188,9370.609013540474
27189,11285.840229978512
27190,9840.26185291492
27191,5938.889383361922
27192,6333.340098381983
27193,12629.222432422797
27194,7950.020174876867
27195,8823.235644218325
27196,10547.148093003474
27197,5080.4803965441815
27198,9005.42926186127
27199,8465.457429877419
27200,5059.567840364005
27201,11908.807132692702
27202,12069.725759831483
27203,5306.316839518594
27204,10824.595091731648
27205,9731.859192120268
27206,7274.346786312324
27207,11962.801168158448
27208,8035.703132548205
27209,12225.998145382846
27210,5941.546710646259
27211,7138.691542126473
27212,8948.538653789756
27213,4016.794201434129
27214,9836.319137749491
27215,6949.4683953042795
27216,7714.286168875455
27217,6809.361831089954
27218,6878.62490868937
27219,7814.834632497417
27220,9323.3479345364
27221,9743.278911260888
27222,10478.383016006082
27223,6184.825940079458
27224,10379.972340643146
27225,6210.911764206396
27226,13014.05392852883
27227,11913.37415143126
27228,9461.488120756658
27229,4623.049173355061
27230,5833.72615670357
27231,11133.0629103388
27232,5625.468062362137
27233,12412.174333756253
27234,6138.16819422427
27235,9776.093443180962
27236,12678.331611633543
27237,8248.18771001215
27238,6465.524769425186
27239,9606.89266000799
27240,13935.617095865233
27241,7763.8808230930135
27242,11465.46719639717
27243,14287.097231233452
27244,6092.157550217474
27245,6949.413653574905
27246,9601.75769794897
27247,5546.347978148924
27248,4854.8172057459
27249,9621.032440710733
27250,6942.696668136583
27251,8221.992504668815
27252,10471.546711066287
27253,9727.743679555286
27254,13099.818830067385
27255,7497.881435935863
27256,9691.840004148049
27257,5997.937552718666
27258,7485.066274529552
27259,10426.308538664403
27260,8598.190573579195
27261,8937.825665723509
27262,9139.890458346315
27263,12431.279504217882
27264,8479.45321808576
27265,5356.19166384854
27266,8832.602450252889
27267,9767.752752431246
27268,10095.135466162728
27269,5893.444808990077
27270,5354.915145640554
27271,8797.414997063152
27272,7638.787173031645
27273,7920.042914796516
27274,11887.157787461649
27275,7197.178363553093
27276,10159.464613075734
27277,8238.332317155306
27278,4726.021907203051
27279,10015.475125739906
27280,9525.186566317478
27281,10655.204060235541
27282,12316.09481264129
27283,12300.498659923285
27284,6098.941573328929
27285,11899.920975882733
27286,4774.781648612193
27287,3982.380212759186
27288,11656.254979836307
27289,12449.206377707977
27290,10724.34160678927
27291,11197.06660048371
27292,5193.537710893412
27293,10771.581455086955
27294,12246.819500805372
27295,9277.98012258618
27296,10485.835820650453
27297,6997.353121791841
27298,5792.935035830749
27299,5683.017621021884
27300,7443.106273955189
27301,7219.492497550415
27302,7636.947643995776
27303,7548.520426652767
27304,4660.028301194657
27305,7306.09175536155
27306,11300.06821532825
27307,5303.237687426405
27308,8579.659816895124
27309,11054.436187775194
27310,8225.883845421477
27311,6038.991913420126
27312,13301.132680130071
27313,11393.915537066712
27314,6059.116246444089
27315,6138.943770391887
27316,18774.407508735418
27317,8608.440933985796
27318,9610.559296143774
27319,9880.99231795893
27320,10239.56760252622
27321,12963.350794718088
27322,8450.002927655112
27323,8311.000578942829
27324,14343.598763077176
27325,12363.23165225802
27326,8680.261866184212
27327,8398.255856207348
27328,6663.072158620238
27329,9519.82002528768
27330,6476.191395642229
27331,12885.259716189526
27332,13504.821376438304
27333,5848.904870036891
27334,5500.6028869590955
27335,8894.619665348795
27336,12874.662683947245
27337,6361.066099431647
27338,11132.083123579527
27339,4107.0044809029105
27340,9848.644825966243
27341,8984.903742155999
27342,11025.438389832874
27343,11959.063634819187
27344,9713.7878227358
27345,3724.6805885762506
27346,8723.224231847367
27347,11283.208524132699
27348,11005.43212976943
27349,10687.13369135522
27350,10670.178257187843
27351,8910.389173576643
27352,7058.429777742745
27353,13619.851444026775
27354,4562.840453873529
27355,13753.330325137233
27356,6003.94917932931
27357,6348.256372868729
27358,10642.068255379783
27359,8331.15334677988
27360,9720.576128483808
27361,11135.385831474863
27362,6035.281169485371
27363,6796.969794597944
27364,11600.176608384081
27365,12694.727475613865
27366,10261.31127987924
27367,7114.0913461273
27368,7181.36224349712
27369,10372.598608423346
27370,8129.755203940295
27371,7743.075329369044
27372,13707.5784531989
27373,13838.706178899121
27374,11707.059572216913
27375,4798.755552051279
27376,9422.181281120775
27377,9206.898755191045
27378,12820.485928841956
27379,8616.504868126052
27380,15944.054151473707
27381,6919.348918761247
27382,7071.574836110757
27383,5693.4947399761295
27384,8524.93234317768
27385,7185.447364960995
27386,5639.150138692486
27387,5367.381220513785
27388,7453.0106836471
27389,15135.924227324032
27390,8577.256867437003
27391,27559.78610255734
27392,9567.914733886268
27393,0.0
27394,0.0
27395,0.0
27396,0.0
27397,0.0
27398,0.0
27399,0.0
27400,0.0
27401,0.0
27402,0.0
27403,0.0
27404,0.0
27405,0.0
27406,0.0
27407,0.0
27408,0.0
27409,0.0
27410,0.0
27411,0.0
27412,0.0
27413,0.0
27414,0.0
27415,0.0
27416,0.0
27417,0.0
27418,0.0
27419,0.0
27420,0.0
27421,0.0
27422,0.0
27423,0.0
27424,0.0
27425,0.0
27426,0.0
27427,0.0
27428,0.0
27429,0.0
27430,0.0
27431,0.0
27432,0.0
27433,0.0
27434,0.0
27435,0.0
27436,0.0
27437,0.0
27438,0.0
27439,0.0
27440,0.0
27441,0.0
27442,0.0
27443,0.0
27444,0.0
27445,0.0
27446,0.0
27447,0.0
27448,0.0
27449,0.0
27450,0.0
27451,0.0
27452,0.0
27453,0.0
27454,0.0
27455,0.0
27456,0.0
27457,0.0
27458,0.0
27459,0.0
27460,0.0
27461,0.0
27462,0.0
27463,0.0
27464,0.0
27465,0.0
27466,0.0
27467,0.0
27468,0.0
27469,0.0
27470,0.0
27471,0.0
27472,0.0
27473,0.0
27474,0.0
27475,0.0
27476,0.0
27477,0.0
27478,0.0
27479,0.0
27480,0.0
27481,0.0
27482,0.0
27483,0.0
27484,4552.876665853614
27485,0.0
27486,0.0
27487,0.0
27488,0.0
27489,0.0
27490,0.0
27491,0.0
27492,0.0
27493,0.0
27494,0.0
27495,0.0
27496,0.0
27497,0.0
27498,0.0
27499,0.0
27500,0.0
27501,0.0
27502,0.0
27503,0.0
27504,0.0
27505,0.0
27506,0.0
27507,0.0
27508,0.0
27509,0.0
27510,0.0
27511,0.0
27512,0.0
27513,0.0
27514,0.0
27515,0.0
27516,0.0
27517,0.0
27518,0.0
27519,0.0
27520,0.0
27521,0.0
27522,0.0
27523,0.0
27524,0.0
27525,0.0
27526,0.0
27527,0.0
27528,0.0
27529,0.0
27530,0.0
27531,0.0
27532,0.0
27533,0.0
27534,0.0
27535,0.0
27536,0.0
27537,0.0
27538,0.0
27539,0.0
27540,0.0
27541,0.0
27542,0.0
27543,0.0
27544,0.0
27545,0.0
27546,0.0
27547,0.0
27548,0.0
27549,0.0
27550,0.0
27551,0.0
27552,3078.830825012522
27553,0.0
27554,0.0
27555,0.0
27556,0.0
27557,0.0
27558,0.0
27559,0.0
27560,0.0
27561,0.0
27562,0.0
27563,0.0
27564,0.0
27565,0.0
27566,0.0
27567,0.0
27568,0.0
27569,0.0
27570,0.0
27571,0.0
27572,0.0
27573,0.0
27574,0.0
27575,0.0
27576,0.0
27577,0.0
27578,0.0
27579,0.0
27580,0.0
27581,0.0
27582,0.0
27583,0.0
27584,0.0
27585,0.0
27586,0.0
27587,0.0
27588,0.0
27589,0.0
27590,0.0
27591,0.0
27592,0.0
27593,17485.84295802112
27594,33191.085129556726
27595,0.0
27596,0.0
27597,0.0
27598,0.0
27599,0.0
27600,0.0
27601,0.0
27602,7777.754932706954
27603,0.0
27604,0.0
27605,0.0
27606,0.0
27607,0.0
27608,0.0
27609,0.0
27610,0.0
27611,0.0
27612,0.0
27613,0.0
27614,0.0
27615,0.0
27616,0.0
27617,0.0
27618,0.0
27619,0.0
27620,0.0
27621,5688.721022703803
27622,0.0
27623,0.0
27624,0.0
27625,0.0
27626,0.0
27627,0.0
27628,0.0
27629,0.0
27630,0.0
27631,3183.590223921164
27632,0.0
27633,0.0
27634,0.0
27635,0.0
27636,0.0
27637,0.0
27638,0.0
27639,0.0
27640,0.0
27641,0.0
27642,0.0
27643,0.0
27644,0.0
27645,0.0
27646,0.0
27647,0.0
27648,0.0
27649,8189.7629225543715
27650,0.0
27651,0.0
27652,0.0
27653,0.0
27654,0.0
27655,0.0
27656,0.0
27657,0.0
27658,0.0
27659,0.0
27660,0.0
27661,0.0
27662,0.0
27663,0.0
27664,0.0
27665,0.0
27666,8949.80671449471
27667,0.0
27668,0.0
27669,0.0
27670,0.0
27671,0.0
27672,0.0
27673,0.0
27674,0.0
27675,0.0
27676,0.0
27677,0.0
27678,0.0
27679,0.0
27680,0.0
27681,0.0
27682,0.0
27683,0.0
27684,0.0
27685,0.0
27686,0.0
27687,0.0
27688,0.0
27689,0.0
27690,0.0
27691,0.0
27692,0.0
27693,0.0
27694,0.0
27695,0.0
27696,0.0
27697,0.0
27698,0.0
27699,0.0
27700,0.0
27701,0.0
27702,0.0
27703,0.0
27704,0.0
27705,0.0
27706,0.0
27707,0.0
27708,0.0
27709,0.0
27710,0.0
27711,0.0
27712,0.0
27713,0.0
27714,0.0
27715,0.0
27716,0.0
27717,0.0
27718,0.0
27719,0.0
27720,0.0
27721,0.0
27722,0.0
27723,0.0
27724,0.0
27725,0.0
27726,0.0
27727,0.0
27728,1639.909948930864
27729,0.0
27730,0.0
27731,0.0
27732,0.0
27733,0.0
27734,0.0
27735,0.0
27736,0.0
27737,0.0
27738,0.0
27739,0.0
27740,0.0
27741,0.0
27742,6190.831067138472
27743,0.0
27744,0.0
27745,0.0
27746,0.0
27747,0.0
27748,0.0
27749,0.0
27750,0.0
27751,0.0
27752,0.0
27753,0.0
27754,0.0
27755,0.0
27756,0.0
27757,0.0
27758,0.0
27759,0.0
27760,0.0
27761,0.0
27762,0.0
27763,0.0
27764,0.0
27765,0.0
27766,0.0
27767,0.0
27768,0.0
27769,0.0
27770,0.0
27771,0.0
27772,0.0
27773,0.0
27774,0.0
27775,0.0
27776,0.0
27777,0.0
27778,0.0
27779,0.0
27780,0.0
27781,0.0
27782,0.0
27783,0.0
27784,0.0
27785,7202.208832129185
27786,0.0
27787,0.0
27788,0.0
27789,0.0
27790,0.0
27791,0.0
27792,0.0
27793,0.0
27794,0.0
27795,2315.547891308749
27796,0.0
27797,0.0
27798,0.0
27799,6503.042439895075
27800,0.0
27801,0.0
27802,0.0
27803,0.0
27804,0.0
27805,0.0
27806,0.0
27807,0.0
27808,0.0
27809,0.0
27810,0.0
27811,0.0
27812,0.0
27813,0.0
27814,0.0
27815,0.0
27816,0.0
27817,0.0
27818,0.0
27819,0.0
27820,0.0
27821,0.0
27822,0.0
27823,0.0
27824,0.0
27825,0.0
27826,19346.74599363638
27827,0.0
27828,0.0
27829,0.0
27830,0.0
27831,0.0
27832,0.0
27833,0.0
27834,0.0
27835,0.0
27836,0.0
27837,0.0
27838,0.0
27839,0.0
27840,6656.314233733188
27841,0.0
27842,0.0
27843,0.0
27844,0.0
27845,0.0
27846,0.0
27847,0.0
27848,0.0
27849,0.0
27850,0.0
27851,0.0
27852,0.0
27853,0.0
27854,0.0
27855,0.0
27856,0.0
27857,0.0
27858,0.0
27859,0.0
27860,0.0
27861,0.0
27862,0.0
27863,0.0
27864,0.0
27865,0.0
27866,0.0
27867,0.0
27868,0.0
27869,0.0
27870,0.0
27871,0.0
27872,0.0
27873,0.0
27874,0.0
27875,0.0
27876,0.0
27877,0.0
27878,0.0
27879,0.0
27880,0.0
27881,0.0
27882,0.0
27883,0.0
27884,0.0
27885,0.0
27886,0.0
27887,0.0
27888,0.0
27889,0.0
27890,0.0
27891,0.0
27892,0.0
27893,0.0
27894,0.0
27895,0.0
27896,0.0
27897,0.0
27898,0.0
27899,0.0
27900,0.0
27901,0.0
27902,0.0
27903,0.0
27904,0.0
27905,0.0
27906,0.0
27907,0.0
27908,0.0
27909,0.0
27910,0.0
27911,0.0
27912,0.0
27913,0.0
27914,0.0
27915,13594.147878264219
27916,0.0
27917,0.0
27918,0.0
27919,0.0
27920,0.0
27921,0.0
27922,0.0
27923,0.0
27924,0.0
27925,0.0
27926,0.0
27927,0.0
27928,0.0
27929,0.0
27930,0.0
27931,0.0
27932,0.0
27933,0.0
27934,0.0
27935,0.0
27936,0.0
27937,0.0
27938,0.0
27939,0.0
27940,0.0
27941,0.0
27942,0.0
27943,0.0
27944,0.0
27945,0.0
27946,0.0
27947,0.0
27948,0.0
27949,0.0
27950,0.0
27951,0.0
27952,0.0
27953,0.0
27954,0.0
27955,0.0
27956,0.0
27957,0.0
27958,0.0
27959,5107.177384952745
27960,16815.169673630524
27961,0.0
27962,0.0
27963,0.0
27964,0.0
27965,0.0
27966,0.0
27967,0.0
27968,0.0
27969,0.0
27970,0.0
27971,0.0
27972,0.0
27973,0.0
27974,0.0
27975,0.0
27976,0.0
27977,0.0
27978,0.0
27979,0.0
27980,0.0
27981,0.0
27982,0.0
27983,0.0
27984,0.0
27985,0.0
27986,0.0
27987,0.0
27988,12056.972269710961
27989,0.0
27990,0.0
27991,0.0
27992,0.0
27993,0.0
27994,0.0
27995,0.0
27996,0.0
27997,0.0
27998,0.0
27999,0.0
28000,0.0
28001,0.0
28002,0.0
28003,0.0
28004,0.0
28005,0.0
28006,0.0
28007,0.0
28008,0.0
28009,0.0
28010,0.0
28011,0.0
28012,0.0
28013,0.0
28014,0.0
28015,0.0
28016,0.0
28017,0.0
28018,0.0
28019,0.0
28020,0.0
28021,0.0
28022,0.0
28023,0.0
28024,0.0
28025,0.0
28026,0.0
28027,0.0
28028,0.0
28029,0.0
28030,0.0
28031,0.0
28032,0.0
28033,0.0
28034,0.0
28035,0.0
28036,0.0
28037,0.0
28038,0.0
28039,0.0
28040,0.0
28041,0.0
28042,0.0
28043,0.0
28044,0.0
28045,0.0
28046,0.0
28047,0.0
28048,0.0
28049,0.0
28050,0.0
28051,0.0
28052,0.0
28053,0.0
28054,0.0
28055,0.0
28056,0.0
28057,0.0
28058,2810.0109616079735
28059,0.0
28060,0.0
28061,0.0
28062,2568.4406468814987
28063,0.0
28064,0.0
28065,0.0
28066,0.0
28067,0.0
28068,0.0
28069,0.0
28070,0.0
28071,0.0
28072,0.0
28073,0.0
28074,0.0
28075,0.0
28076,0.0
28077,0.0
28078,0.0
28079,0.0
28080,0.0
28081,0.0
28082,0.0
28083,0.0
28084,0.0
28085,0.0
28086,0.0
28087,0.0
28088,0.0
28089,0.0
28090,0.0
28091,0.0
28092,0.0
28093,0.0
28094,0.0
28095,0.0
28096,0.0
28097,0.0
28098,0.0
28099,0.0
28100,0.0
28101,0.0
28102,0.0
28103,0.0
28104,0.0
28105,0.0
28106,0.0
28107,0.0
28108,0.0
28109,0.0
28110,0.0
28111,0.0
28112,0.0
28113,2969.2676101610746
28114,0.0
28115,0.0
28116,0.0
28117,0.0
28118,0.0
28119,0.0
28120,0.0
28121,0.0
28122,0.0
28123,0.0
28124,0.0
28125,0.0
28126,0.0
28127,0.0
28128,10940.233818346895
28129,0.0
28130,0.0
28131,0.0
28132,0.0
28133,0.0
28134,0.0
28135,0.0
28136,0.0
28137,0.0
28138,0.0
28139,0.0
28140,0.0
28141,0.0
28142,0.0
28143,0.0
28144,0.0
28145,0.0
28146,0.0
28147,0.0
28148,0.0
28149,0.0
28150,0.0
28151,0.0
28152,0.0
28153,0.0
28154,0.0
28155,0.0
28156,0.0
28157,0.0
28158,0.0
28159,0.0
28160,0.0
28161,0.0
28162,0.0
28163,0.0
28164,0.0
28165,0.0
28166,0.0
28167,0.0
28168,0.0
28169,0.0
28170,0.0
28171,0.0
28172,0.0
28173,0.0
28174,0.0
28175,0.0
28176,0.0
28177,0.0
28178,0.0
28179,0.0
28180,0.0
28181,0.0
28182,0.0
28183,0.0
28184,0.0
28185,0.0
28186,0.0
28187,0.0
28188,0.0
28189,0.0
28190,0.0
28191,0.0
28192,4682.894329127758
28193,0.0
28194,0.0
28195,0.0
28196,0.0
28197,0.0
28198,0.0
28199,0.0
28200,0.0
28201,0.0
28202,0.0
28203,0.0
28204,0.0
28205,0.0
28206,0.0
28207,0.0
28208,0.0
28209,0.0
28210,0.0
28211,0.0
28212,0.0
28213,0.0
28214,0.0
28215,0.0
28216,0.0
28217,0.0
28218,0.0
28219,0.0
28220,0.0
28221,0.0
28222,0.0
28223,0.0
28224,0.0
28225,0.0
28226,0.0
28227,0.0
28228,0.0
28229,0.0
28230,0.0
28231,0.0
28232,0.0
28233,12736.67839346211
28234,5843.303955931391
28235,0.0
28236,0.0
28237,0.0
28238,0.0
28239,0.0
28240,0.0
28241,0.0
28242,0.0
28243,0.0
28244,0.0
28245,0.0
28246,0.0
28247,0.0
28248,0.0
28249,4255.508911045377
28250,3974.8229912284673
28251,7574.075127989392
28252,2916.7013068341043
28253,6312.546013015227
28254,4851.823390143485
28255,5878.455014456776
28256,6075.20191282505
28257,0.0
28258,3136.895549183622
28259,5818.700367981899
28260,4967.573128368606
28261,4245.366295935058
28262,0.0
28263,5032.81533315402
28264,0.0
28265,4471.329932121472
28266,7128.745753208205
28267,8136.594042548625
28268,6955.810852145676
28269,7455.367046315301
28270,3564.152477100855
28271,5700.538029396286
28272,0.0
28273,7967.73924612147
28274,8189.55811912326
28275,0.0
28276,5942.571167981345
28277,2807.5514578523766
28278,4685.19898865669
28279,0.0
28280,7833.815057557447
28281,4006.4994904785117
28282,5378.606646309936
28283,0.0
28284,5682.5407037572595
28285,2490.0927785354406
28286,7381.649683339478
28287,4280.827757330764
28288,0.0
28289,0.0
28290,3605.704704196273
28291,8207.44237736512
28292,3024.4569428698246
28293,4885.446767068786
28294,3623.884233756398
28295,7669.817517697268
28296,10610.965822037717
28297,5923.57246478178
28298,4936.491580054405
28299,8529.936376447096
28300,7551.8775546910065
28301,5566.347715688503
28302,6405.135542185797
28303,1868.7599536643233
28304,2440.879662994375
28305,4688.379139796824
28306,6232.381516545699
28307,5394.905633855572
28308,7380.285559317101
28309,4077.651203672871
28310,8025.430986144551
28311,0.0
28312,4842.528994613962
28313,2782.797273457158
28314,10822.126367620083
28315,3525.00999510624
28316,0.0
28317,7376.759805636558
28318,4103.787176575524
28319,5528.512451238337
28320,2837.6034429359706
28321,5814.420915412639
28322,5103.573579285824
28323,0.0
28324,0.0
28325,7062.068272208005
28326,5444.386341972117
28327,3179.8184342257478
28328,6856.740442770943
28329,0.0
28330,5280.732025476138
28331,3328.185235884466
28332,6383.188818584267
28333,5717.834801277778
28334,0.0
28335,0.0
28336,2129.194985431963
28337,7859.917644345315
28338,4571.016088711846
28339,4113.6495137463035
28340,8327.17762810968
28341,2302.2167021285622
28342,4107.865900336101
28343,3806.0211407738234
28344,7662.1935725154235
28345,0.0
28346,4120.3930015926235
28347,3952.7404463192984
28348,0.0
28349,6150.545752347326
28350,0.0
28351,0.0
28352,0.0
28353,6240.570317943577
28354,4251.8418792302045
28355,2894.389371359407
28356,5245.257642307454
28357,0.0
28358,0.0
28359,7009.373114409399
28360,7802.28474954162
28361,0.0
28362,8217.826085775489
28363,2941.020424655943
28364,3765.2258628758914
28365,8077.551491843552
28366,4592.358726293436
28367,7433.764722741745
28368,9905.195362134828
28369,3855.2740503056493
28370,5155.3897241499
28371,6769.395773491577
28372,7130.117493085247
28373,2702.600706317109
28374,0.0
28375,5427.041478563484
28376,4650.729835890481
28377,7496.116789597338
28378,3346.2541599066876
28379,5527.223383730293
28380,0.0
28381,0.0
28382,5970.666445292467
28383,2769.576891988099
28384,6555.142063024552
28385,6868.510665722466
28386,2783.0019930364238
28387,5443.382367389983
28388,0.0
28389,5367.754083055803
28390,0.0
28391,4290.078565933709
28392,4917.4366744626395
28393,7012.291617140333
28394,0.0
28395,0.0
28396,0.0
28397,4162.117043449812
28398,4623.456864079571
28399,9449.049754256077
28400,4949.347964068108
28401,7843.820593654144
28402,6235.197237866754
28403,5422.453941906397
28404,6283.905414135644
28405,0.0
28406,4667.114624798073
28407,8257.215743308061
28408,5963.070122727948
28409,2811.1908609535876
28410,3351.1927789352785
28411,7393.883302674433
28412,9670.623663897019
28413,0.0
28414,6242.352603216981
28415,4238.809602812354
28416,0.0
28417,1674.2459921354398
28418,3489.825266316638
28419,5557.6624288138
28420,6970.028862075925
28421,4734.9606795431955
28422,4259.016848483007
28423,8202.544739252777
28424,7649.875201175807
28425,7123.389662005476
28426,0.0
28427,7830.331833285491
28428,8971.1147487919
28429,3478.478185311544
28430,5295.232198182283
28431,5148.95061748423
28432,6633.722435557338
28433,3124.8417482459195
28434,4761.5587899676775
28435,4551.423880921768
28436,8741.365573443516
28437,5705.310375802179
28438,7407.803539436001
28439,7391.2415535334585
28440,4630.439981569997
28441,7742.64803832652
28442,17101.749836174455
28443,8743.889885355688
28444,3607.70471920787
28445,3267.6743889101785
28446,6291.319975179653
28447,7729.1559345725145
28448,0.0
28449,9460.536635790804
28450,18137.129209341052
28451,0.0
28452,2525.968556043187
28453,10972.163308847601
28454,3268.1502203285213
28455,5710.172849290489
28456,3375.355410110882
28457,6054.471540737624
28458,3899.046545657735
28459,0.0
28460,0.0
28461,5271.426963124056
28462,3735.626005767843
28463,5668.8098445670375
28464,6062.782651507093
28465,0.0
28466,0.0
28467,6432.992200781434
28468,0.0
28469,0.0
28470,5676.648597355348
28471,3914.527828312833
28472,3222.5510863365776
28473,5365.460894726862
28474,4452.071671834284
28475,4671.328691272121
28476,0.0
28477,10042.633037919362
28478,6949.2492784627575
28479,4210.43368912154
28480,4020.844738129062
28481,4919.864534282435
28482,4758.938622983956
28483,6002.163078789141
28484,0.0
28485,7235.86397876153
28486,5447.282931958531
28487,8190.14321825512
28488,5113.9844739591645
28489,4331.900367808706
28490,3101.088966196954
28491,2761.8145895822695
28492,8116.540946333526
28493,0.0
28494,5692.035200706746
28495,12152.97049130316
28496,7705.01760850064
28497,4186.775524604504
28498,5430.319321564129
28499,2403.681272876131
28500,3887.415452123327
28501,4205.749596772455
28502,3732.0813075914352
28503,8725.00948356615
28504,4782.1705881142925
28505,8506.299607408235
28506,10445.12687258794
28507,5547.784662886619
28508,5070.363238307066
28509,5131.752903881936
28510,5089.006888627636
28511,4574.102914448152
28512,0.0
28513,5932.4455764540135
28514,7030.145004789514
28515,0.0
28516,5273.770685540556
28517,5153.69884585238
28518,0.0
28519,6661.95071635142
28520,5243.739184542009
28521,6689.643377202077
28522,4758.401962098462
28523,8307.49771969011
28524,6825.627869816543
28525,6307.849482247597
28526,9006.384305429943
28527,7142.961230294235
28528,8473.56988980214
28529,3655.154520169488
28530,0.0
28531,4850.963770503268
28532,8337.852723481325
28533,7190.746782624239
28534,7161.549579546698
28535,6089.0210276421385
28536,7924.224670582655
28537,4855.395211207178
28538,6981.38680660117
28539,6574.999311432836
28540,2962.898346407099
28541,12781.999512159018
28542,16134.648886543066
28543,0.0
28544,6381.135999824157
28545,6728.287266482873
28546,8000.034940851265
28547,7977.117283044511
28548,2801.7070503535656
28549,4150.428090976042
28550,5639.020390548701
28551,8146.1823438315905
28552,2450.2672073193576
28553,4506.954173852368
28554,5403.071342721776
28555,0.0
28556,4492.98751978014
28557,2724.133630107763
28558,2801.159458034128
28559,7216.494477483587
28560,0.0
28561,4542.605659536011
28562,5664.043831896534
28563,4835.653909118817
28564,9314.140092601103
28565,0.0
28566,0.0
28567,7035.64272376809
28568,6355.486441426772
28569,10180.68659109614
28570,4965.687021710486
28571,2642.1327089090514
28572,0.0
28573,12270.71458103719
28574,4041.4387498989922
28575,7061.398644485714
28576,1913.422294646903
28577,3589.577819419669
28578,3411.3262643984203
28579,0.0
28580,0.0
28581,0.0
28582,8893.148534831915
28583,8181.658770924947
28584,3922.4977275315764
28585,0.0
28586,1886.4006295044567
28587,3363.8403649801066
28588,6664.215817007689
28589,4791.125912130768
28590,10400.124058215459
28591,2484.351973204863
28592,4876.527529306089
28593,5180.346362099038
28594,7661.737400404006
28595,9742.514321445697
28596,4870.550654863069
28597,3158.296528744002
28598,9599.759030481386
28599,9507.134418681084
28600,4277.815564229767
28601,0.0
28602,8805.238168994374
28603,5751.567936546732
28604,4963.3290648518205
28605,3539.598275848661
28606,7322.3815156336195
28607,3978.8617974564995
28608,12905.16153781939
28609,7946.000324020888
28610,11680.07010888935
28611,0.0
28612,4455.510765296197
28613,1997.0055153609574
28614,6373.380786063098
28615,0.0
28616,5442.0451106500905
28617,9246.678273742644
28618,0.0
28619,2612.570688131349
28620,7168.43107152295
28621,3381.1808277200703
28622,0.0
28623,6710.591279525066
28624,4341.427921987681
28625,7870.179240102815
28626,4488.811195630537
28627,7578.69979525315
28628,0.0
28629,5365.371290179063
28630,0.0
28631,0.0
28632,8764.24229549553
28633,5878.300198269972
28634,3347.130762292796
28635,4859.111358667723
28636,8224.536954602578
28637,5875.285438571088
28638,3828.5157217579317
28639,5108.980760100583
28640,5247.866462714141
28641,6740.756278530503
28642,0.0
28643,9903.506897865582
28644,4443.522773657621
28645,3633.1959643414225
28646,2447.390055257324
28647,5533.359621399537
28648,3373.3687101710666
28649,4782.1054963302095
28650,3671.137166868937
28651,6946.896821625654
28652,10759.659276759096
28653,8691.166383895776
28654,7132.207311034229
28655,7837.990499137618
28656,4572.090702689458
28657,9489.690002308209
28658,7569.104727730492
28659,5156.820852514993
28660,4889.3428850748705
28661,5338.167797171532
28662,4334.415223117772
28663,2132.0039438241984
28664,0.0
28665,0.0
28666,5913.331373000319
28667,0.0
28668,1390.4519975712328
28669,7903.071093776903
28670,0.0
28671,6897.834875319711
28672,3630.350888616677
28673,5643.147518348654
28674,5046.835722790051
28675,4158.796990044871
28676,9911.108202297828
28677,4868.449117327194
28678,0.0
28679,3344.593573028919
28680,2796.963215930308
28681,4827.753546405043
28682,13384.579384747058
28683,4376.206441085255
28684,5706.950545216578
28685,4929.263767244479
28686,3928.4536548947262
28687,3152.504347813603
28688,5984.768171896579
28689,2614.133362572654
28690,0.0
28691,6015.530276867362
28692,0.0
28693,8160.916610999273
28694,1830.4598495541495
28695,3785.3513187786475
28696,10481.402855436127
28697,7654.198248345614
28698,8809.317368298713
28699,2282.8113721305594
28700,4869.381528235216
28701,4612.786572151529
28702,3990.0930685837875
28703,17021.657388797787
28704,0.0
28705,4737.460039833364
28706,3112.1431794358355
28707,5332.277601304738
28708,3944.9552542349866
28709,2345.6323759495067
28710,8106.050868217461
28711,4857.115895680429
28712,0.0
28713,7054.8557261972655
28714,4686.2415377236775
28715,4668.4748402919795
28716,5514.395755300224
28717,0.0
28718,6778.668718826084
28719,2624.883251062974
28720,0.0
28721,3530.9284612558704
28722,8163.957097792331
28723,5529.9680180446485
28724,7178.449184033802
28725,0.0
28726,0.0
28727,4814.840993785704
28728,2838.692860360816
28729,4150.313937894461
28730,4157.081782972698
28731,4440.61881277569
28732,6656.777810265286
28733,3740.651414165051
28734,0.0
28735,4806.548323991296
28736,7569.714666496561
28737,0.0
28738,5128.011515584175
28739,0.0
28740,0.0
28741,2641.905432772335
28742,10864.517382718606
28743,4026.074271589986
28744,3116.749610281168
28745,5919.158039287319
28746,0.0
28747,9037.923302963227
28748,0.0
28749,4505.270201730323
28750,0.0
28751,6650.592209116205
28752,4394.758619448368
28753,8397.185066536424
28754,2740.034396640091
28755,4618.974983909661
28756,3962.785920639675
28757,3185.1887073640587
28758,0.0
28759,7146.142634330548
28760,6722.323371109322
28761,5048.236086771314
28762,4896.619842585374
28763,7807.882547499625
28764,7518.959509379123
28765,0.0
28766,0.0
28767,0.0
28768,7010.278559393294
28769,4751.296819891455
28770,1848.3054893198944
28771,5819.910155378672
28772,0.0
28773,5602.99067122852
28774,5576.637168707088
28775,2865.3374467526637
28776,0.0
28777,2839.661415978595
28778,8960.258947257193
28779,5333.457768350172
28780,4356.335621031148
28781,7794.053373544683
28782,3708.5678545552696
28783,4252.198743896329
28784,0.0
28785,2458.3709169980166
28786,6560.690003998564
28787,9435.545162432796
28788,6367.462589908597
28789,2383.265238771036
28790,0.0
28791,0.0
28792,2127.1183153916736
28793,4479.924908816257
28794,0.0
28795,4799.335084523492
28796,0.0
28797,3518.7569006340195
28798,0.0
28799,8752.435745148732
28800,5143.080306388951
28801,0.0
28802,4157.806514919155
28803,5394.339415212008
28804,0.0
28805,5948.815766571605
28806,7517.642652960054
28807,7865.611984972178
28808,7852.680984811933
28809,5527.5805931393215
28810,5171.541826357348
28811,2647.729407585896
28812,5246.153798522158
28813,8864.753012252791
28814,6642.491531502421
28815,8135.165002670004
28816,14395.330691063185
28817,2834.2895205359237
28818,0.0
28819,4058.7527293207
28820,8265.525609946571
28821,0.0
28822,7121.356053874763
28823,7128.814739312598
28824,7664.390178445385
28825,0.0
28826,6082.258597921296
28827,5091.921174353332
28828,2073.226547645084
28829,0.0
28830,3122.3449013310756
28831,3024.6359203479697
28832,6764.579146204656
28833,17776.532206002958
28834,4833.293350590353
28835,2842.1757316054473
28836,4462.68349186174
28837,3950.6771981737747
28838,5821.915223411576
28839,2101.9599004840493
28840,6301.348211102822
28841,0.0
28842,3573.1003434677914
28843,10895.483758666001
28844,11242.752763339702
28845,3503.943553834047
28846,0.0
28847,3805.8238535504097
28848,4011.9839786017747
28849,3997.380010164914
28850,0.0
28851,3723.267250986833
28852,4534.408027103647
28853,0.0
28854,5168.509742824447
28855,4845.034215776096
28856,7337.337622134079
28857,2924.0329940342167
28858,8011.884927461639
28859,6479.145868770348
28860,4885.954298291534
28861,4127.790893396004
28862,3670.396014583799
28863,4569.666726125099
28864,0.0
28865,9250.659759372536
28866,4201.951729773505
28867,3968.441255234533
28868,6551.0037954035215
28869,8056.225442996533
28870,0.0
28871,0.0
28872,0.0
28873,9725.19652218345
28874,6816.21950175721
28875,5742.14827298809
28876,3623.1340465888134
28877,4287.29990636308
28878,0.0
28879,3525.6519028944517
28880,4524.847509239742
28881,4898.8343544167665
28882,0.0
28883,7539.121992229661
28884,4196.174560589865
28885,5530.690041882092
28886,0.0
28887,6394.19896357067
28888,5460.287429122566
28889,8701.631917638964
28890,6529.446291149238
28891,4671.076735952801
28892,3670.021366329341
28893,1803.0383283872136
28894,3849.3627083962947
28895,0.0
28896,1966.9914217216146
28897,5113.881262393184
28898,6800.800512446028
28899,7276.484064155377
28900,5382.656594740035
28901,8171.23482888927
28902,5645.797784837189
28903,0.0
28904,2651.6203854617947
28905,7577.451012073702
28906,3901.310544276178
28907,6292.917428054967
28908,9133.898545828944
28909,0.0
28910,0.0
28911,6208.572865116255
28912,3192.520496344389
28913,6287.495061973854
28914,6611.420921241004
28915,2479.5556537779653
28916,8195.99404766482
28917,6601.502657582609
28918,5227.106926688767
28919,9242.454265906279
28920,8024.914781377487
28921,6554.599577771594
28922,4369.019027354933
28923,3526.377610325574
28924,5565.429023955867
28925,0.0
28926,5861.916357730711
28927,2438.3381893541105
28928,5322.999227527334
28929,2633.684653733341
28930,0.0
28931,5463.019512028097
28932,4443.324271952544
28933,5350.174045128111
28934,8276.045093946086
28935,0.0
28936,7338.077542528645
28937,0.0
28938,5992.629650356703
28939,8825.197844061735
28940,6983.577934430764
28941,4409.481640123053
28942,0.0
28943,5003.6311188677
28944,0.0
28945,0.0
28946,0.0
28947,5532.670214142119
28948,8454.529417719597
28949,6578.882175523013
28950,2137.0016260857597
28951,0.0
28952,8186.190025513413
28953,6707.599170734555
28954,7285.563960813456
28955,6602.1024716463
28956,0.0
28957,4940.911031470532
28958,3933.867064694003
28959,0.0
28960,0.0
28961,7568.271285266576
28962,2611.5556617446505
28963,7667.073629663162
28964,6490.6849708868185
28965,5108.406558474593
28966,7115.704791846032
28967,4372.954195016202
28968,6829.883106153082
28969,4151.43686697311
28970,4405.194534569593
28971,4729.144953290006
28972,3639.500733870737
28973,6018.26485450173
28974,6369.384396310976
28975,7775.696494632612
28976,6095.119427564248
28977,0.0
28978,5818.748723638503
28979,6662.2721318616195
28980,7244.033985960264
28981,2905.174480483925
28982,2642.7153471275906
28983,8585.583653670847
28984,5582.880513994182
28985,3760.230223705285
28986,7187.631989981157
28987,0.0
28988,6203.438859641945
28989,5014.923444852681
28990,1917.1882854040218
28991,6343.854198095555
28992,6001.521524930628
28993,4901.756877217586
28994,8517.502168134677
28995,7153.457670877992
28996,3291.8055861707867
28997,5546.524579396934
28998,2736.730210569331
28999,984.6324967202519
29000,6201.074621390154
29001,0.0
29002,5381.280292880373
29003,4423.935558973433
29004,2129.1591041211777
29005,5017.1984994883405
29006,7618.615955120412
29007,5711.180118446385
29008,8242.732336885178
29009,3726.9313942571334
29010,4675.480935843925
29011,0.0
29012,6144.7881047937135
29013,3224.821090746298
29014,2306.952065553156
29015,4303.357559481681
29016,3588.522308549909
29017,0.0
29018,3966.267525562836
29019,0.0
29020,5515.382082562691
29021,7872.345691192936
29022,4671.9674808668215
29023,0.0
29024,10062.168905465613
29025,7181.281130874578
29026,0.0
29027,1911.272913982185
29028,4658.374321369496
29029,5376.679822984706
29030,3794.227077169125
29031,5375.591705671678
29032,8778.45534692306
29033,6489.33911055996
29034,6244.214254654539
29035,5547.192314938412
29036,7250.746006299066
29037,7162.944863903547
29038,3022.5285561708256
29039,3593.9210233527774
29040,4953.54627002139
29041,5506.22551991454
29042,0.0
29043,9446.024923115498
29044,6707.495550205975
29045,0.0
29046,2656.0644753861643
29047,6137.433712165633
29048,8037.980067059159
29049,3122.1756130519207
29050,6306.192651288164
29051,0.0
29052,6391.8245616976255
29053,4803.891708406252
29054,5136.841538077612
29055,5755.435188078117
29056,3941.0959555565432
29057,3910.0301522884215
29058,7027.263169692017
29059,4560.929494870425
29060,8049.416705993781
29061,5300.251772119682
29062,8277.230407832647
29063,5161.43898966352
29064,3544.5686769545337
29065,8397.1571709769
29066,0.0
29067,9058.425182196685
29068,0.0
29069,4676.013202716022
29070,7082.091001697417
29071,4596.273808173782
29072,4059.314031740761
29073,6129.10565139923
29074,2971.3903461422105
29075,2656.220467940362
29076,5405.818285036114
29077,6199.5033381147005
29078,0.0
29079,5901.276234798026
29080,5250.290882783402
29081,3798.988949111243
29082,5920.676455061313
29083,2969.4501553900886
29084,10094.663670701646
29085,7254.360218895388
29086,0.0
29087,0.0
29088,5122.292646452668
29089,7062.457854910604
29090,8604.437260685976
29091,2873.053810079483
29092,8500.60186724981
29093,0.0
29094,5238.620251465876
29095,0.0
29096,4958.345038445668
29097,2948.7499969725554
29098,3289.889442149989
29099,0.0
29100,2736.918682212924
29101,7323.724005833278
29102,5666.956172965718
29103,24350.08089592469
29104,7112.7023895103575
29105,3865.739948812107
29106,5817.00607969018
29107,10215.922682456026
29108,4421.539051844986
29109,6253.122368379306
29110,5208.810016058037
29111,6786.75558614248
29112,6067.525114404132
29113,4131.19312457787
29114,4698.981914158111
29115,6252.811337073469
29116,6751.1316590852775
29117,6123.918263826905
29118,5833.064916551374
29119,4464.23908963023
29120,3893.5063143481425
29121,4936.932205325238
29122,8754.383707140332
29123,9300.068409791922
29124,7655.192706500342
29125,6807.8080751673015
29126,3111.47715309232
29127,5909.991352773928
29128,3201.8424398510806
29129,7170.92105655827
29130,9429.582404620825
29131,8660.810631400065
29132,4534.619547627281
29133,3805.1169802642708
29134,4035.4073339020188
29135,6013.411640981102
29136,8665.790729492785
29137,5546.64855805265
29138,4630.970003725391
29139,4238.851052139883
29140,6347.824174130708
29141,3164.1918604820034
29142,6834.939968936607
29143,3579.7249871825966
29144,6721.543001289722
29145,6981.203382368362
29146,5131.5623053669215
29147,7259.3891112747915
29148,5546.783862576359
29149,4239.667680572556
29150,5758.68825449636
29151,6657.937077622479
29152,10285.652792320037
29153,5755.371401908372
29154,5979.241834753748
29155,7270.275319721424
29156,8751.328093527163
29157,5800.869546354428
29158,7721.003290199154
29159,2855.0540136266563
29160,3978.471204983369
29161,5136.082906321068
29162,6340.906390680498
29163,8476.474401882146
29164,6743.521048350995
29165,4688.122239947401
29166,6716.650389217035
29167,6728.465755339972
29168,7658.303340120125
29169,3345.9432397427636
29170,11550.09804054557
29171,3865.9831990404487
29172,4553.257129109284
29173,7390.481791253337
29174,4140.949277517659
29175,5083.671895754413
29176,5711.5885552782465
29177,6568.1246642879105
29178,4984.845376190856
29179,4838.571733035639
29180,7734.410607947553
29181,6944.488968370276
29182,5461.041230164521
29183,4222.5035705090895
29184,6258.401269601787
29185,10894.27438623065
29186,5888.280340035652
29187,4722.10720265515
29188,6165.511226858418
29189,5616.7723700540855
29190,6893.541031981043
29191,7372.875339974413
29192,3375.7056902099544
29193,7120.187291609596
29194,4985.9055970917925
29195,5064.856490379722
29196,8350.217971006825
29197,4314.849365524605
29198,4509.2302873168965
29199,4266.139532775641
29200,7105.026016624373
29201,7668.394548115696
29202,4376.58163908304
29203,3695.7330890783123
29204,5753.197903011041
29205,5486.4628844221725
29206,4578.537304822072
29207,7137.805791893987
29208,5121.160941632462
29209,6411.400567791462
29210,4461.13647646321
29211,3943.8206875745286
29212,5392.05224231255
29213,7111.427883546334
29214,5885.315708781149
29215,7305.372012914314
29216,7263.196154670061
29217,4431.704677357031
29218,8672.188695980554
29219,4319.064701230195
29220,5547.202924645402
29221,8463.557571861107
29222,6263.926451563277
29223,8898.949149150343
29224,8267.31367931223
29225,6038.737540313248
29226,5459.4465206219675
29227,6616.789509703392
29228,6670.740206574547
29229,3848.1141120959787
29230,3101.691337445821
29231,5007.157210628099
29232,6578.434979610958
29233,8228.316290749495
29234,3882.2874338254696
29235,6823.570892843829
29236,5668.162642309074
29237,6316.013671140478
29238,5096.432380453425
29239,4325.835002314346
29240,6224.163702281882
29241,5887.855777106099
29242,4215.171858191613
29243,5103.0307377964755
29244,3923.54744418604
29245,5786.335468188816
29246,3241.636675527004
29247,6402.11444649224
29248,4463.444975744901
29249,7897.267791593242
29250,5656.235427430558
29251,5577.388630552873
29252,9293.9957552898
29253,3980.7706373101305
29254,4705.200513727783
29255,8625.38042144968
29256,5779.711736792407
29257,7535.406031698024
29258,6734.556167912255
29259,5308.9603907177725
29260,5810.411649644923
29261,4951.260552541983
29262,6540.1972778137515
29263,9247.709429156701
29264,6685.299224003249
29265,2733.305838232418
29266,4134.69542307923
29267,7538.765117236305
29268,8668.40451384808
29269,5665.56505650583
29270,5963.692418496584
29271,4254.811377833958
29272,3350.8282712060154
29273,2590.517633415886
29274,3969.417284068888
29275,5950.83144677312
29276,6316.958739371237
29277,5506.425241423523
29278,5337.9140783175735
29279,7678.28501363732
29280,8203.537048790124
29281,6895.567797288854
29282,4764.493096820385
29283,8096.2856810309795
29284,8772.658777947367
29285,4675.005112925069
29286,6416.348852535874
29287,4635.656123015422
29288,6422.100083832514
29289,3592.320920090314
29290,5383.479082704354
29291,4297.39035812583
29292,8427.538610652306
29293,6493.378319608731
29294,7556.230320207557
29295,7670.198333543144
29296,5115.4230063339555
29297,7033.218120751111
29298,16400.099410818977
29299,8959.338699119007
29300,4238.018228246284
29301,2699.018849139487
29302,5597.447763698961
29303,7186.893523899938
29304,5578.588986296978
29305,12169.30067785383
29306,20597.26551308905
29307,3584.7161883871718
29308,4578.8332889190015
29309,8399.777147345783
29310,4198.651836807964
29311,6769.964618645497
29312,5290.477082858953
29313,6407.051015218766
29314,4598.077557577909
29315,6715.437566269875
29316,6299.581426323856
29317,6756.182029774144
29318,7908.345498505108
29319,5788.183683277073
29320,5822.603971683338
29321,6648.060826544544
29322,4646.60356844986
29323,4855.428060439014
29324,7713.225662944077
29325,5021.303758191073
29326,5396.33292316663
29327,6080.092060217137
29328,4813.15437071446
29329,5063.418724426044
29330,5910.868201270072
29331,5610.81995740608
29332,9895.56780086387
29333,9143.108684183264
29334,6317.541430551381
29335,5240.15754455688
29336,3343.9957081405023
29337,6005.247457889995
29338,5694.777096806446
29339,5058.7050521601095
29340,3518.2350862011813
29341,7675.89698853734
29342,5688.873375008847
29343,9339.575539429094
29344,5417.2028158546445
29345,5119.555306965075
29346,4179.2485158498375
29347,4630.240335427017
29348,8202.343700487007
29349,5751.7937933044705
29350,7943.549929451129
29351,12937.400347997647
29352,7317.83712875407
29353,5129.194370408115
29354,5032.512248922977
29355,3981.1710123033813
29356,6458.083035928031
29357,3663.9659334537982
29358,4782.813274940757
29359,8809.067656935957
29360,5189.056247346705
29361,11854.966950889553
29362,11026.624447323124
29363,5012.622728988434
29364,5424.555158332923
29365,5977.50802260405
29366,5890.460122210074
29367,4618.89835076491
29368,10944.229079275523
29369,6708.7328037481675
29370,7285.6512224012595
29371,3771.3298433763302
29372,6723.928405410182
29373,4922.630569601463
29374,8144.399586317385
29375,6261.028289335519
29376,5264.025370350015
29377,6522.963781350197
29378,6110.998741682053
29379,7681.616762282736
29380,8949.253369063492
29381,5674.145662449607
29382,8810.78952752432
29383,6547.935556947705
29384,8301.225594262665
29385,5383.614901765544
29386,4378.497932036276
29387,4634.639821495227
29388,7666.013168306787
29389,6453.928831624485
29390,7092.779802293637
29391,5680.6629668652295
29392,8317.606676403373
29393,4793.265499456244
29394,7886.481457896005
29395,6164.842855929101
29396,3423.0131594369764
29397,11983.748362849694
29398,14839.369118008424
29399,6809.651842571623
29400,6401.111265850193
29401,7357.918997732679
29402,8594.28381424147
29403,9782.334323376346
29404,5231.157008127423
29405,6064.543078989057
29406,5544.490959427472
29407,8029.275250901746
29408,3788.431786776386
29409,5261.627562734095
29410,5294.187303896238
29411,5026.759479921988
29412,6672.639782645665
29413,3935.1725382535956
29414,3310.987226815765
29415,6579.389001987242
29416,3882.1797317253568
29417,3937.5034937506944
29418,5398.435650270528
29419,5075.685858901731
29420,8927.794503454037
29421,8034.921150914031
29422,4501.466611417031
29423,6147.573482565714
29424,6078.747515303296
29425,9402.692200253789
29426,5777.466271509365
29427,5011.730945215059
29428,3529.340677230982
29429,9710.003301641858
29430,4097.425445092383
29431,6518.608539271418
29432,2919.720858470039
29433,3976.0171866332744
29434,5698.270302130114
29435,6245.572143615688
29436,5248.355620613993
29437,9648.003379906844
29438,8796.312058752685
29439,10770.890906562112
29440,5436.000765580136
29441,10242.403475026313
29442,2624.201248710955
29443,4811.166187941322
29444,6199.652636395812
29445,3831.209860190174
29446,8350.098684808045
29447,4374.753679821698
29448,4570.401187698963
29449,7903.969434876765
29450,8641.882815051807
29451,7603.546951084385
29452,4985.030258251279
29453,4641.581727103029
29454,10312.839105948025
29455,7645.668105930511
29456,4526.674529270883
29457,5463.547537466116
29458,6238.294836534999
29459,7615.64288110894
29460,4510.8708641217145
29461,4678.610604219738
29462,6855.264895128937
29463,6875.529102137779
29464,11836.021025990784
29465,5806.37234002073
29466,10098.812838441692
29467,6330.081276309024
29468,4770.357408595585
29469,2872.8339381671058
29470,5352.088496470247
29471,5895.951978283692
29472,5296.36009812723
29473,7794.558773699437
29474,4516.963278520414
29475,3727.0288380144852
29476,6907.472474868781
29477,3195.7704489310127
29478,7179.304845679777
29479,5901.989852680141
29480,6372.914321845227
29481,7578.154953606192
29482,4523.70140860152
29483,9043.742361064176
29484,5837.439731945503
29485,5092.703669237156
29486,5626.51630699216
29487,4311.258022362665
29488,8842.886361519548
29489,5829.942334600513
29490,4002.2104186882534
29491,6011.41863915979
29492,8087.607229640042
29493,6664.583766416819
29494,5193.989881608167
29495,7971.30783124998
29496,5087.592255262304
29497,5816.774335067624
29498,4757.710652884359
29499,9009.516901370704
29500,4845.71934855337
29501,5561.885066436632
29502,5460.7081044091665
29503,5101.637232796492
29504,4155.518891088745
29505,4992.016913758712
29506,7719.690907447564
29507,8009.591662860388
29508,10391.120491933298
29509,9978.68068193078
29510,7737.517569227622
29511,7847.4436791942035
29512,4927.063862900088
29513,9178.749304142115
29514,9354.851564156173
29515,6798.948347855197
29516,6571.367787607865
29517,8233.54762701308
29518,4610.572246431825
29519,3010.494497731265
29520,10538.064931078274
29521,4671.677240723027
29522,5867.39220169376
29523,4787.449284859205
29524,1869.8958445951175
29525,9338.216917026497
29526,6132.752625563243
29527,7964.335953834199
29528,4711.826910307631
29529,4893.007678324536
29530,5845.06093384529
29531,5660.917463688013
29532,6555.042351967109
29533,5285.674145324315
29534,4903.657381438562
29535,3050.626247940459
29536,2895.2249831471254
29537,6625.599784215287
29538,16127.91747454367
29539,4003.4223887456974
29540,5532.819778966256
29541,5744.927150462234
29542,5190.3575073046995
29543,4351.281337422343
29544,5449.139902106057
29545,3303.357194392495
29546,7082.394477941442
29547,6363.777033182147
29548,3204.87969799244
29549,7923.6735455008165
29550,3052.203083719373
29551,4482.204640127522
29552,10282.39704728896
29553,7030.6081248667415
29554,8815.451746682666
29555,4247.946605017968
29556,5684.248340443519
29557,4511.253244207195
29558,4679.103375463899
29559,13456.313099543562
29560,9160.589363770147
29561,5951.360208118121
29562,4607.4151543531625
29563,4583.499834101816
29564,5209.004938768614
29565,3655.630680774184
29566,8737.749268174024
29567,4850.439408965743
29568,4854.032741417378
29569,7055.045185727171
29570,4402.452830178746
29571,5354.200332146588
29572,5322.192954841792
29573,7057.944873511917
29574,6571.423941651871
29575,3358.346813573033
29576,5247.734522620557
29577,6562.3976880230975
29578,7843.906683681193
29579,7647.684872029433
29580,6859.283557208682
29581,3046.3529419206097
29582,7420.9858945637625
29583,5059.107996954445
29584,4484.676771495258
29585,6456.046486933763
29586,6619.953650559734
29587,5319.515349067942
29588,5553.5567602036435
29589,5434.887161870948
29590,7674.649507500001
29591,5194.9963078323535
29592,5925.093267189504
29593,7218.1248337259785
29594,4467.120147070784
29595,8419.299627758328
29596,6263.8601546682
29597,4183.53864944328
29598,10636.472798295537
29599,5362.137277799324
29600,2888.250065836607
29601,6782.2878077163205
29602,9237.929600242334
29603,8107.453466292154
29604,4183.090876626729
29605,5422.479232123537
29606,6387.566949846092
29607,6159.720826599488
29608,5478.01589133093
29609,7834.994358933324
29610,2635.035480683829
29611,5121.5015023248125
29612,5432.028220895259
29613,4257.118835567527
29614,3291.530892059839
29615,6015.219149388328
29616,6673.297519457668
29617,5147.597692627312
29618,6630.797115983927
29619,6102.6460613972085
29620,7386.117615052964
29621,5469.233088356885
29622,5492.184958393063
29623,4483.813671297046
29624,7130.863665170911
29625,7956.728059602401
29626,2846.8725489165818
29627,8118.320927553303
29628,6866.4206922432895
29629,5931.834062058291
29630,4705.347282658455
29631,3596.35921702495
29632,6696.292335878583
29633,4993.350115615434
29634,8084.329788920694
29635,6486.401577272485
29636,4560.830570024473
29637,7409.921432567457
29638,5100.247505563767
29639,4638.152267178755
29640,6570.278340953885
29641,4162.111721434185
29642,7938.352365159746
29643,9549.082122569182
29644,6370.765123383897
29645,4022.7054931846983
29646,4997.44716380637
29647,4165.735023039503
29648,2752.873340296334
29649,6426.834678264673
29650,5733.096395575458
29651,8478.654976038635
29652,4575.180131513465
29653,5097.21445802952
29654,4756.60978821165
29655,7698.177268283073
29656,4810.774365838857
29657,6102.176805320238
29658,4542.282888294467
29659,6530.235005123761
29660,5328.937131797553
29661,6277.134818845355
29662,7003.790136971202
29663,7801.318154437058
29664,6922.066039756964
29665,6676.189138569335
29666,5761.781210998643
29667,4111.157413876801
29668,5004.918204500778
29669,10227.170636023235
29670,7681.432962848853
29671,9190.18342241628
29672,15528.115707821378
29673,4458.200852299009
29674,4655.99840602211
29675,5151.486441740569
29676,8149.357170032755
29677,10249.541823410515
29678,6316.080592546252
29679,6732.291199679881
29680,7409.879182581432
29681,6282.357243154978
29682,5874.770047523969
29683,5217.893793706206
29684,4470.998524695707
29685,4738.855992992805
29686,3074.0038653287147
29687,4237.388705276875
29688,7167.473287117851
29689,15358.92009204727
29690,5296.333637753337
29691,4304.798372362794
29692,6401.605926377821
29693,3547.306202076281
29694,6173.150879243148
29695,4127.994147172508
29696,8098.679062489749
29697,6694.97489962056
29698,6249.26867588944
29699,11309.701866676034
29700,12483.322140242646
29701,4822.6304787134
29702,5858.477849719759
29703,3602.721040175468
29704,5085.781066644593
29705,4653.221269351007
29706,7506.98544021677
29707,4262.550781938935
29708,4423.32223320578
29709,4632.198461204749
29710,5185.841992740899
29711,6452.173087243858
29712,6109.8810282064305
29713,3597.7713258632425
29714,7285.508244048965
29715,7085.927683763943
29716,6215.336474279993
29717,4048.1077094005386
29718,3235.3012987764437
29719,6729.021191944859
29720,4125.617007722255
29721,8917.750013166768
29722,4039.7457655499747
29723,5116.132719859766
29724,6296.9292309148195
29725,9112.02754291779
29726,4424.623153343193
29727,5214.67897660378
29728,5633.217876080849
29729,8554.58266157554
29730,8008.472064811274
29731,5469.906795421629
29732,3643.5182329923996
29733,4791.249016297373
29734,6357.752811456908
29735,4286.641550904539
29736,5013.175677397406
29737,5437.907307745458
29738,10422.829500656346
29739,6970.934339698819
29740,5592.580769584417
29741,6750.613154975727
29742,4209.463750597396
29743,8264.268418347847
29744,4766.41391590369
29745,10251.963474089593
29746,5735.992031843886
29747,4657.335210490124
29748,4498.669357310015
29749,4137.557359843679
29750,6060.333319510567
29751,20093.68493134526
29752,3215.7502317974627
29753,5294.627688365972
29754,9812.347259157868
29755,6258.983055189498
29756,5455.80413045298
29757,7586.188095153124
29758,5579.394051894947
29759,5501.234374385798
29760,3849.318877258678
29761,8308.502278821541
29762,5180.445134442769
29763,5970.83359464909
29764,7369.343055443635
29765,3836.187607246604
29766,7438.824139692218
29767,5675.175212895927
29768,3771.285551934261
29769,8096.553799355758
29770,9969.316250918082
29771,3563.4953081642766
29772,6659.969498118885
29773,6612.051840594387
29774,5220.721308611318
29775,8582.218542945559
29776,6470.233912240681
29777,7925.7868729343
29778,4364.003220242625
29779,4479.241688163522
29780,6292.255608310758
29781,3467.1656763619685
29782,6935.345277849544
29783,3566.7844100423317
29784,5321.978010395377
29785,4098.688308646153
29786,5866.38892978373
29787,5522.103661575703
29788,6055.781228952476
29789,5935.092332474905
29790,8013.049543411095
29791,5028.845924056498
29792,6904.31425610948
29793,5011.8633222336775
29794,7813.785865856698
29795,8256.579641526063
29796,6442.174291691378
29797,3731.287854724578
29798,4784.412995662498
29799,5937.936379095034
29800,3862.0190797733953
29801,12332.843694440284
29802,4937.624033496831
29803,5700.327002774549
29804,8816.921499640206
29805,6243.737383015055
29806,3574.801911221198
29807,9661.240255612393
29808,9131.241316290645
29809,5422.829554998266
29810,7041.699307666074
29811,8536.590962223292
29812,7395.604841017051
29813,4564.14631576482
29814,6269.055575672146
29815,3915.121393049694
29816,4791.316121703501
29817,6582.018011001424
29818,4058.7934509985125
29819,6731.67987928878
29820,6303.843636047435
29821,5472.03034691977
29822,6561.394849586552
29823,5129.030205070296
29824,5879.987890914012
29825,4729.309300910634
29826,6442.452100645067
29827,6416.026598977404
29828,5819.988197277512
29829,5476.9836247777475
29830,5719.777301520309
29831,8172.249580595058
29832,5633.746875503228
29833,3859.1994688364757
29834,5700.075635825839
29835,6695.30166114327
29836,6416.90680945182
29837,4176.601570773093
29838,3544.870719775466
29839,6476.755691207764
29840,7159.612892962035
29841,4840.303128446917
29842,7055.196525391558
29843,7040.640549190419
29844,5391.105512043224
29845,5023.9116641674045
29846,2771.813216941935
29847,6250.4291385010565
29848,6469.621071641673
29849,5743.515489056851
29850,7787.508964516183
29851,7345.282429844882
29852,4208.426920694019
29853,7628.478989025261
29854,3031.5052040566748
29855,2119.7539189368363
29856,7023.083946889876
29857,9890.990319949087
29858,6748.871691883481
29859,6234.028314978754
29860,3037.342456652147
29861,5821.112703080032
29862,6892.173131502979
29863,4826.049821988659
29864,7285.841284148815
29865,4089.0999027217326
29866,4446.934235782245
29867,4001.551347385174
29868,5138.448923870809
29869,4756.784438939881
29870,3827.683055302133
29871,4394.976868051831
29872,3666.9790119895174
29873,7018.239604301852
29874,5717.530610503494
29875,4281.973192611801
29876,5961.838209698608
29877,6923.591478192263
29878,4429.11779729144
29879,3446.298083730862
29880,8712.69452481245
29881,6700.499597676124
29882,5471.215345235956
29883,3224.444491985975
29884,10389.67136588039
29885,6178.808208809147
29886,4431.7440167275
29887,7465.291914382026
29888,6724.464344035825
29889,6466.729368649888
29890,5697.544502298285
29891,6055.485635317154
29892,8579.398793348731
29893,10553.532557886036
29894,4119.5148604564365
29895,3673.786964483848
29896,4959.946635012884
29897,5528.709063155484
29898,5571.449725049255
29899,8199.546047567455
29900,7953.595964114223
29901,5350.216655418367
29902,3730.812919073347
29903,5308.494821347855
29904,9722.898845637566
29905,4161.711577493051
29906,6590.148969214234
29907,3537.322286826245
29908,6514.745065255894
29909,5830.534386713688
29910,6664.647762933628
29911,6966.79003918252
29912,5794.783228556
29913,4015.268736994543
29914,6171.131181576172
29915,6621.954803469224
29916,7426.970985960793
29917,6704.812660430995
29918,7173.361342653017
29919,5272.982006124395
29920,3814.452672475714
29921,8957.538540632575
29922,3728.5632505707067
29923,8923.541124483174
29924,5691.316893958758
29925,4093.94121356588
29926,6196.91257085406
29927,5243.159948857792
29928,6471.903246775298
29929,7489.915689826872
29930,3585.593440013066
29931,3883.804389445493
29932,5686.999869174738
29933,7500.877273725887
29934,10284.849700008599
29935,5459.571055915364
29936,5222.736175192651
29937,4604.836937455731
29938,5883.479829196256
29939,4454.070248061466
29940,9423.466100377094
29941,7761.43899994188
29942,10432.023624378267
29943,4372.299767622323
29944,5499.501108867886
29945,8733.112682446894
29946,8901.05479410301
29947,4230.058094281595
29948,9029.519190643814
29949,5497.5799271959995
29950,4796.363419397202
29951,5242.415280159474
29952,4531.274813558452
29953,4699.382156422729
29954,4366.236176991972
29955,3615.1871453723224
29956,4012.411192254165
29957,7139.247469766345
29958,5965.395360518833
29959,22545.479420283904
29960,6232.926499211071
29961,3731.40472767336
29962,5754.733806555058
29963,9367.705134720565
29964,5290.425086839653
29965,6021.997688033124
29966,4943.18061851936
29967,6808.058957957044
29968,6007.346459566434
29969,3829.5077069172607
29970,4520.039518188568
29971,5904.563291854921
29972,6617.370028332788
29973,5918.419851411186
29974,7227.48631114458
29975,3977.4028529357875
29976,3361.52090441946
29977,4493.11585115785
29978,7951.4294318941675
29979,9028.116795033307
29980,7304.413632280941
29981,6563.381379505593
29982,3597.9065241682392
29983,5383.025391702904
29984,3073.0542986893233
29985,6761.266967478952
29986,8926.091700553172
29987,8272.885489705015
29988,4185.673570303929
29989,3890.999112584503
29990,4090.182655700752
29991,5649.712022236425
29992,8493.306109055331
29993,5213.622753570666
29994,4343.64039354183
29995,3866.9435365811864
29996,6592.621077547182
29997,2985.1402505630103
29998,6230.096646424777
29999,3287.7176072667417
30000,6058.311036042673
30001,6568.4790382608335
30002,4858.468654221425
30003,6777.856779341353
30004,5282.184285578426
30005,4164.497814209327
30006,5636.630516447428
30007,6193.050764972491
30008,9889.285497209337
30009,5479.405580183533
30010,6178.549205999409
30011,7107.408241344511
30012,8059.453522579333
30013,5595.91542293735
30014,7330.456088064802
30015,2869.4001367457254
30016,4193.24049626733
30017,5188.813007024915
30018,5791.807069843453
30019,7719.446477697845
30020,6221.277572730548
30021,4348.020184642587
30022,6359.423023203048
30023,5895.289452441027
30024,7616.717788701662
30025,2984.359519631345
30026,11346.823496365216
30027,3792.3101938909144
30028,4180.942493713002
30029,7070.607457983407
30030,4160.768672261889
30031,4778.69804805848
30032,4997.662217608221
30033,6485.642285647405
30034,4680.942014804178
30035,4571.093709948831
30036,7186.803748732137
30037,6686.8651281539
30038,5252.571291998377
30039,4071.3460033441684
30040,5976.032740767225
30041,9820.556734711645
30042,5635.665840092149
30043,5054.222993114702
30044,5599.138228557501
30045,5426.142763562689
30046,6330.293837880226
30047,6513.3715144582775
30048,3157.5157819664437
30049,6551.032924520389
30050,4866.4172548326105
30051,4709.568536371843
30052,8154.8369501646985
30053,3285.0134624797925
30054,4291.773017405454
30055,3789.3723130075036
30056,6846.4840463574565
30057,7258.780008805392
30058,4339.527919632586
30059,3605.175728125626
30060,5570.418072939213
30061,5088.947951317829
30062,4301.477022453774
30063,6139.746186568256
30064,4593.311209182218
30065,6564.4216443964715
30066,4398.258468911804
30067,3510.914094982318
30068,5035.250356896202
30069,6925.001756851712
30070,5959.4893333371665
30071,6812.874309167331
30072,6598.981573836104
30073,4121.9382909855385
30074,8260.170629789898
30075,3985.325647895814
30076,5534.116562571107
30077,8268.203714312242
30078,5576.716914930358
30079,8663.061581015587
30080,7516.311887269372
30081,5515.449703775196
30082,5193.48891741747
30083,6150.813216625584
30084,6152.20067067737
30085,3468.5474641328133
30086,2918.005282969502
30087,4990.5136807036515
30088,6336.369445401751
30089,7593.765189539917
30090,3534.254152399559
30091,6738.338499542891
30092,5657.18435472464
30093,5898.827609865015
30094,4862.927795578766
30095,4292.0984771896465
30096,6296.249618381888
30097,5913.526171117438
30098,4133.302557742414
30099,4667.803316085193
30100,3641.65306185757
30101,5529.121983932262
30102,3087.991913373587
30103,5593.8004664999335
30104,4332.760197743284
30105,7282.325773149126
30106,5158.494372557565
30107,5378.595762548586
30108,8405.753760921818
30109,4127.981325158596
30110,4267.958293129529
30111,8010.764956845987
30112,5007.999349894893
30113,7097.808152028385
30114,6338.41330619019
30115,4989.355113714367
30116,5535.517478509707
30117,4543.283485288548
30118,7081.887184485297
30119,9317.474853728774
30120,6872.8311424334015
30121,2539.986270315613
30122,3930.9843813553507
30123,6957.287398736884
30124,7221.93749010835
30125,5301.239249247644
30126,5702.627306450254
30127,4145.956749698098
30128,3487.82964122406
30129,2479.818332635756
30130,3985.2323701977652
30131,5555.11504702626
30132,6116.64644042973
30133,5458.390581823133
30134,4788.129303037536
30135,7230.57964332178
30136,7653.094563833771
30137,6603.961962737289
30138,4268.447589861048
30139,7830.203306536597
30140,8163.748527141203
30141,4402.2444588236785
30142,6246.928663675147
30143,4385.711329072341
30144,5782.932547991333
30145,3283.6230883729318
30146,5592.441642632539
30147,3797.9546063072225
30148,8253.377937797486
30149,6183.618685621252
30150,7114.636819026522
30151,7648.0592064782
30152,4872.32668285273
30153,6579.442973688087
30154,16733.435253167394
30155,8793.179855918168
30156,4239.4023338988645
30157,2332.5172837693
30158,5102.7965844732535
30159,7101.130661337801
30160,5132.454618254086
30161,12189.812144817357
30162,19127.20748667022
30163,3287.0023891174596
30164,4466.978731025203
30165,9355.1920968514
30166,3828.5338965266997
30167,6534.811407358198
30168,5300.612296968112
30169,6417.2785588703455
30170,4144.531845790397
30171,6051.339786168452
30172,5452.7194116919145
30173,6648.109320613155
30174,7142.268904721813
30175,5374.3100570614815
30176,5326.055841385376
30177,6498.387184504397
30178,4389.50204684578
30179,4342.827159236032
30180,7149.634259581013
30181,4801.417696622677
30182,5065.912263007715
30183,5587.366430653594
30184,4939.0491155874315
30185,4993.81922888904
30186,5929.330432310663
30187,5460.749872811679
30188,8603.024414879794
30189,8634.287499171496
30190,6096.115240171116
30191,4794.921419806064
30192,3052.0632718090137
30193,5939.106461130092
30194,5690.039728880264
30195,4847.739809650117
30196,3224.055888193983
30197,7289.892835021662
30198,5835.592830397786
30199,8457.975936186207
30200,5519.97314664834
30201,4869.849417069524
30202,4315.083905846098
30203,4567.982088921353
30204,7604.451162457899
30205,4963.487877903953
30206,6896.225457068934
30207,13223.945757145017
30208,6953.464987745024
30209,6749.545826387774
30210,4463.533778687925
30211,3745.0622613258306
30212,5762.385698177794
30213,3427.3710233594966
30214,4980.507180654475
30215,8971.805564823306
30216,4782.81647120537
30217,11877.107301274129
30218,11068.411432362263
30219,4425.618255448131
30220,5259.090694683653
30221,5832.545738420801
30222,5658.978308224043
30223,4328.926990376993
30224,10286.342272292002
30225,6182.614510972436
30226,7540.404667941856
30227,3656.4632823013835
30228,6472.207005272111
30229,4466.188766374768
30230,7528.9319618836535
30231,5788.38860741026
30232,4783.9846800614205
30233,6157.02717915218
30234,5965.392014402205
30235,6713.961011098918
30236,9265.063980050616
30237,5059.760836044598
30238,8138.427225851153
30239,6240.52816396343
30240,8381.37084800516
30241,4997.2287256753925
30242,4202.035594955485
30243,4465.416340112794
30244,7264.420047939718
30245,5855.474232306576
30246,6840.344881208897
30247,5385.7838323106635
30248,7531.818892042889
30249,4348.689649025229
30250,7790.937850361311
30251,6437.656523644711
30252,3401.4849534898876
30253,11242.201856781914
30254,14965.272729220578
30255,6083.847783038336
30256,5851.921717028013
30257,7196.266555390867
30258,8324.419417175355
30259,9841.473875691901
30260,4750.379737141644
30261,5970.575607672094
30262,5085.947589869111
30263,7075.671788153616
30264,3495.1962245312297
30265,5070.233605475484
30266,4778.4670556693845
30267,4751.2211280157135
30268,6191.164125602371
30269,4062.9098686767284
30270,3283.163631272136
30271,6104.378600224867
30272,3495.7211070955336
30273,3660.806445800109
30274,5440.956492087805
30275,4763.921516191971
30276,8175.011182538461
30277,7108.051702136138
30278,4515.005764885193
30279,5824.213482981887
30280,5755.097058646319
30281,9742.028746283251
30282,5963.751288386862
30283,4019.3681201759136
30284,3306.510442759713
30285,8561.871221507112
30286,3819.982523820365
30287,6224.265648125718
30288,2938.7746346641356
30289,4013.7467356239677
30290,5677.665166107002
30291,5868.499490395166
30292,4700.8036432054005
30293,8953.67472549312
30294,8620.800031811435
30295,11047.162238065912
30296,5385.507102697472
30297,8939.819674950162
30298,2559.252377589147
30299,4121.424822347706
30300,5462.473374606028
30301,3464.032070743563
30302,7094.825284199634
30303,4071.548618185053
30304,4405.3096669275155
30305,7104.608764083831
30306,9106.50967695744
30307,8846.779403400575
30308,4571.857883530585
30309,4451.861290328114
30310,10545.723603217202
30311,6782.801223932029
30312,4754.154956111764
30313,4881.103306368199
30314,5728.5415101774315
30315,8219.888048264589
30316,3934.9726633763785
30317,4915.671851216241
30318,6300.921656865593
30319,6303.444116838377
30320,12379.228706292419
30321,5087.620861145387
30322,9651.327612779645
30323,5940.179605259975
30324,4572.847067305087
30325,2938.272336880111
30326,5053.1277505644875
30327,5575.168643713307
30328,5079.584124483754
30329,6423.621983433911
30330,3951.483022596891
30331,3715.513536526847
30332,6384.128385713869
30333,3011.637897358668
30334,6881.43192302829
30335,5440.479493707009
30336,6161.517445348251
30337,7140.142653928679
30338,4236.444155976813
30339,8305.567471459392
30340,5700.435135292436
30341,4892.168857607322
30342,5002.6360534090145
30343,3992.4268909691564
30344,8604.448747418557
30345,5865.046956774293
30346,3924.052510889546
30347,5790.285421966745
30348,7459.524524480432
30349,6128.903409111733
30350,4943.978556848946
30351,7073.5214701065925
30352,4787.319152309315
30353,5214.283548118229
30354,4509.7207870271095
30355,7751.341657738148
30356,5314.37654331952
30357,5461.469517993658
30358,4705.335962237115
30359,4646.442103549922
30360,3946.367499145745
30361,4603.458594027146
30362,6936.42182423827
30363,8018.384907106323
30364,9471.22587147381
30365,9317.869650364266
30366,7267.069526770165
30367,7607.76249188893
30368,4955.5371438750735
30369,8872.487626929054
30370,8789.521392990919
30371,5855.363223396279
30372,6792.176427220223
30373,7062.979607505694
30374,4522.52053750724
30375,3088.180301844364
30376,9806.15826921205
30377,4534.9879238539015
30378,5835.261264341872
30379,4435.30424623501
30380,1930.2123059087112
30381,9573.736903412415
30382,5950.98625887779
30383,7081.418150080829
30384,4013.9226320887506
30385,4481.427171812468
30386,5752.864126157991
30387,5894.666717195702
30388,5810.201382463581
30389,5379.973064629629
30390,4540.651639798506
30391,3039.0061241190638
30392,2803.3663209909396
30393,6344.34472361971
30394,15752.953465611618
30395,4161.258011230478
30396,5179.50095608296
30397,5420.377381046011
30398,4708.712045783166
30399,4298.561132504225
30400,4798.678555438608
30401,3282.40171078261
30402,6333.216874811705
30403,6166.528727626432
30404,2944.826348745661
30405,7264.387070031385
30406,2926.5244994997847
30407,4189.582003960863
30408,9468.829321272435
30409,6644.643243948234
30410,9056.402353604439
30411,4193.482571930846
30412,5689.03096855253
30413,4290.2802299214445
30414,4441.373430082524
30415,13371.728640106348
30416,8341.079419382502
30417,5509.423790964483
30418,4710.502089136613
30419,4116.777325259572
30420,4405.260167327495
30421,4540.004367049121
30422,10661.130002242455
30423,4648.8414571212825
30424,4711.580299949599
30425,6488.637924816584
30426,3907.9433274581424
30427,5355.165504223022
30428,5606.26318769062
30429,6485.6713619582415
30430,6122.73246888969
30431,3138.561238838977
30432,5050.642698440407
30433,5874.73233365482
30434,7573.060960411662
30435,7179.425893182093
30436,6244.800983994808
30437,2959.774939246448
30438,7037.842234597624
30439,4747.694169734854
30440,4208.243957296787
30441,5705.536976821021
30442,6425.533374241323
30443,5127.736947146989
30444,5236.282965822351
30445,5206.557643184311
30446,6865.413548893077
30447,5114.10428034051
30448,5797.817646080502
30449,6357.064223267502
30450,4123.50128763952
30451,7980.184686421346
30452,5495.1480155811305
30453,3898.082097134121
30454,10049.25330892557
30455,5796.623414570665
30456,2932.676990329335
30457,6245.585656544329
30458,7915.438388243598
30459,8073.623580670103
30460,4099.925914309562
30461,4893.512853247623
30462,5891.513927042246
30463,5912.228525132445
30464,4957.688579997742
30465,7393.208711280174
30466,2609.4628133300603
30467,4811.068719482689
30468,5410.071092462252
30469,4366.598590976895
30470,3108.2941625590197
30471,5607.567607795678
30472,6294.671067762597
30473,4837.386723501078
30474,6667.85668973675
30475,5474.758131258243
30476,6864.957019403015
30477,4918.279375913803
30478,5201.8975106499165
30479,4306.472012377083
30480,6961.07666137829
30481,6605.850038052205
30482,4083.1026118902764
30483,7716.84252165171
30484,6398.187169821051
30485,5949.186459186269
30486,4444.754325289728
30487,3607.228956806397
30488,6397.041516816057
30489,4846.944278753031
30490,7592.01681679971
30491,6212.305552583758
30492,4640.533275208748
30493,6876.487846396765
30494,5372.7227536333485
30495,4685.110730896836
30496,6339.135083934928
30497,4214.766656094835
30498,7966.099227796131
30499,9103.297776366415
30500,6112.63778213485
30501,3849.3958928644943
30502,4762.199709427727
30503,3802.9796426105236
30504,2638.8520107271215
30505,6355.128926144198
30506,5154.480856077136
30507,7326.030636548648
30508,4130.94898270973
30509,4884.436802370206
30510,4288.141048563477
30511,7631.81662429395
30512,4256.450566532741
30513,5314.182347642828
30514,4266.723741765652
30515,6326.681280084673
30516,4988.737165354236
30517,6022.5020181746295
30518,6384.821204127729
30519,7767.604803517341
30520,6586.135799389966
30521,6577.248774068856
30522,5421.875482638368
30523,3804.6582944371457
30524,4524.5393210645525
30525,9053.119482494623
30526,7554.914482562515
30527,9053.164295894338
30528,14638.549374389584
30529,4275.642210907369
30530,4600.706316643663
30531,5075.204828439712
30532,7392.460764250229
30533,9452.234887987124
30534,5473.182844545771
30535,6877.177191960371
30536,6862.66506739804
30537,6074.305405028863
30538,5608.396384982438
30539,4727.059751881251
30540,4019.102742873409
30541,4356.7658519163515
30542,3083.7583616680863
30543,4090.087907435473
30544,6799.233335164154
30545,14556.538571176627
30546,5096.555833515092
30547,4264.460849962607
30548,5764.457963298417
30549,3395.8012092659587
30550,5731.698492955683
30551,3886.039219128591
30552,8302.955343820762
30553,6067.365461030478
30554,5460.644231106924
30555,11143.114982972918
30556,10989.707685807845
30557,4865.828272037902
30558,5649.463707293634
30559,3660.7309703645737
30560,4907.090830178332
30561,4621.150118620221
30562,7100.612807868881
30563,3931.7785218780245
30564,4003.934399716214
30565,4589.419156510458
30566,5039.303559959865
30567,5685.7148027878075
30568,5840.805148319044
30569,3560.3774093162715
30570,6456.089525007558
30571,6810.287791948199
30572,6001.813854916085
30573,3726.1575099620377
30574,3055.4351199350554
30575,6871.31490922334
30576,3721.2624528519837
30577,8399.826075497214
30578,3821.5152347445974
30579,4827.4652226470935
30580,5830.478122106869
30581,8234.463651350865
30582,4021.13702299171
30583,4736.631542154712
30584,5444.325942983661
30585,7714.061426435571
30586,7612.353439925832
30587,4992.423537657362
30588,3604.8870691889756
30589,4745.347185981502
30590,5973.399488723249
30591,4145.009183936711
30592,5060.391827488452
30593,5303.761924472531
30594,10005.689492460566
30595,6430.022936738995
30596,5204.4223614161665
30597,6927.934405845102
30598,4091.7680081546964
30599,7899.424131058663
30600,4751.569385928877
30601,10609.148695866916
30602,5166.905486929549
30603,4385.936251779395
30604,3936.376216427632
30605,3544.6102477516015
30606,6291.466192639877
30607,17512.3910507275
30608,2992.0782578851968
30609,4466.404192289607
30610,8938.32286924771
30611,5952.711569632742
30612,5472.695796724018
30613,6986.565235805221
30614,5183.628746059904
30615,5021.250232347314
30616,3929.7676206802903
30617,8149.4576879740525
30618,4840.071524587475
30619,5968.580178852754
30620,6705.686707684271
30621,3783.2401666433643
30622,6914.104622490725
30623,4922.65098336764
30624,3750.192584321562
30625,8025.900060211761
30626,8213.999918264522
30627,3431.5926824989833
30628,6328.777071256897
30629,6037.2852997804175
30630,4909.446129269085
30631,7697.6362734310715
30632,5919.845533377045
30633,7260.223996206604
30634,3947.9098532340577
30635,4057.79383178408
30636,6340.994441197657
30637,3251.889472609697
30638,6686.602051063425
30639,3491.6111147821703
30640,4960.081049547247
30641,3805.040962642492
30642,5669.287673672863
30643,5597.210078492746
30644,5865.964111949619
30645,5665.070528718557
30646,6962.898717653693
30647,4571.156336509737
30648,6533.624683657294
30649,5214.344455192489
30650,6417.961705710528
30651,7887.287075977631
30652,6415.984214156754
30653,3225.291442693187
30654,4428.944780116109
30655,6001.713238247361
30656,3761.326318609121
30657,11245.835739241562
30658,4591.0808423455355
30659,5725.722499395356
30660,8438.205151045524
30661,6230.249053953631
30662,3377.3158330935025
30663,9336.894026809585
30664,8565.57284091783
30665,5222.144310341751
30666,6773.746072220154
30667,9185.658373885226
30668,6289.606286144392
30669,4106.860402502292
30670,5375.280147013556
30671,3796.368001658998
30672,4353.100942467731
30673,5955.707677073707
30674,3960.093875449464
30675,5724.151839358294
30676,5457.54201127526
30677,5392.912439594012
30678,6129.291563688791
30679,5065.563631244804
30680,5764.300609866647
30681,5441.29813118677
30682,5971.9582653836505
30683,5742.448410673313
30684,5726.578204738639
30685,5369.427993141626
30686,5246.146588226903
30687,7963.2426411312845
30688,4817.6950681423505
30689,3835.8974694463946
30690,5339.976831323154
30691,6532.224111330054
30692,6116.847981521181
30693,3937.433388061716
30694,3418.251266853984
30695,6264.0298668484065
30696,6911.248160339233
30697,4444.519862910734
30698,6743.208903499726
30699,6223.158020103164
30700,5270.930006860412
30701,4687.857441845722
30702,3050.9007009515444
30703,5898.698525476736
30704,5744.335930675966
30705,5151.296926619294
30706,7751.131624747426
30707,7119.953131269617
30708,3973.950088790764
30709,7965.137114329097
30710,3266.6270578409526
30711,2409.68987266237
30712,6885.489151288462
30713,9441.86878754394
30714,6931.006151381082
30715,5956.65376254115
30716,2959.46925107975
30717,5396.450434259869
30718,6919.419537310983
30719,4607.177150274186
30720,6612.463998417359
30721,3915.82329530975
30722,4519.301594391387
30723,3697.0590149938294
30724,4465.688957491778
30725,4474.463049222845
30726,3446.9438802369655
30727,3929.3166381352717
30728,3422.530892024078
30729,6771.722239050574
30730,4950.33236217686
30731,3923.8241364497676
30732,5905.701580202729
30733,6076.304957668772
30734,4372.331200307016
30735,3330.9863728803634
30736,7509.8962976286675
30737,6387.343075047133
30738,5145.514711482802
30739,3113.1526157404437
30740,9271.578468926267
30741,5863.313330754019
30742,4080.8111966537103
30743,6739.4386264133545
30744,6189.102951026726
30745,6264.3897683592595
30746,5085.324610011385
30747,5869.761082043837
30748,7088.585510531366
30749,10257.04311276874
30750,3815.18124831208
30751,3471.9676722376357
30752,4663.882458769636
30753,5818.597544310453
30754,5021.424272138252
30755,8166.548870084068
30756,7633.063255252195
30757,4991.198883375127
30758,3702.7067996417136
30759,5132.704410753191
30760,10100.487661219377
30761,3650.934641101053
30762,6292.480664723932
30763,3512.3481879879755
30764,6114.781990750224
30765,5893.398618703474
30766,6483.1898159205275
30767,6847.157043189398
30768,5482.483919790434
30769,3644.658110994995
30770,5934.61642760333
30771,5766.47861488734
30772,7070.969566852176
30773,6416.350924402633
30774,7050.615899401579
30775,5131.668097958696
30776,3596.3941477216226
30777,8561.343934230921
30778,3533.8218284809177
30779,8414.161337287562
30780,5165.249995391209
30781,3611.4440505568
30782,5966.896639346511
30783,5347.041621391837
30784,6203.5846767672065
30785,7408.6060376332825
30786,3585.0566501362546
30787,3537.828254981641
30788,5639.383192907469
30789,6916.0459535920745
30790,9393.400818823853
30791,4922.0829238527995
30792,5425.807406427398
30793,4725.135950561137
30794,5573.313838975882
30795,4414.715659963514
30796,8378.81849388458
30797,7254.723937875206
30798,9755.031076524801
30799,3890.6519548311885
30800,4984.537422806638
30801,8431.67293883228
30802,9098.088318461072
30803,3804.221701138719
30804,8703.3897774251
30805,5437.9203085665495
30806,4335.239073178632
30807,4891.29202813254
30808,4196.5626305067435
30809,4644.4948499870015
30810,3999.2161090667805
30811,3369.13570630707
30812,3777.9006575024196
30813,6948.504422996998
30814,6306.549755093864
30815,21572.502282568174
30816,5643.140651764585
30817,3690.83709007217
30818,5644.709490067843
30819,9081.453606126774
30820,4451.74635239638
30821,5892.424398708158
30822,4756.102723039741
30823,7039.430058380876
30824,5816.041420272424
30825,3599.373107603988
30826,4406.062122958984
30827,5326.008831416454
30828,6607.602367385518
30829,5566.296153209107
30830,6160.462953537376
30831,3688.4937448043142
30832,3179.5577062763086
30833,4086.685550503368
30834,8000.600067184192
30835,8675.313754352235
30836,7264.862594970019
30837,6332.435606507816
30838,3103.566941435681
30839,4897.667552275471
30840,3124.8021122744694
30841,6710.443114196688
30842,8426.791109399614
30843,8172.255304601233
30844,4104.832555092295
30845,4005.5037652903393
30846,3758.052138362573
30847,5168.354659208901
30848,8743.534154482868
30849,4957.901924363111
30850,3748.8181827595663
30851,3666.202550660947
30852,6621.263638139157
30853,2936.563994430438
30854,6116.630722028703
30855,3075.729570868142
30856,5516.6971897840485
30857,6132.9811176964595
30858,4600.977808461859
30859,6097.490844127441
30860,5029.578520872094
30861,4399.399994336933
30862,5445.84501335895
30863,5606.2071707022815
30864,8803.82784283198
30865,4769.421139575478
30866,6159.75812226589
30867,7067.877744623485
30868,7636.347087041996
30869,5246.6885794883265
30870,7097.863800794391
30871,2683.248337551099
30872,3856.4861802175956
30873,5130.281784368663
30874,5313.246835148592
30875,7267.0184835894115
30876,5744.981792545074
30877,4149.598377813284
30878,5524.928764783457
30879,6063.811419804193
30880,6999.690453955522
30881,3050.582647431734
30882,11905.352883503123
30883,3798.3532339250646
30884,4092.5034688427736
30885,7150.867865964182
30886,3957.826464558033
30887,4489.099878076871
30888,4681.174864755894
30889,6124.612819626181
30890,4242.580324156683
30891,4368.949433333145
30892,6763.213482453304
30893,6260.058270817966
30894,5225.689882115995
30895,3924.1203633969985
30896,5744.247095351805
30897,9361.666741388695
30898,5329.981929045201
30899,4945.851542552483
30900,4972.278739712345
30901,5264.49415755662
30902,6181.693423150814
30903,6281.159246001848
30904,3150.589625346139
30905,6246.821127494227
30906,4987.03123018328
30907,4382.893936697377
30908,8388.055718046271
30909,3520.5482401278778
30910,3926.2049899993626
30911,3765.092299112506
30912,6481.725817469732
30913,6793.996278243148
30914,4110.775852864635
30915,3442.8256371210405
30916,5061.2304269403985
30917,4627.371862301943
30918,4180.171898215994
30919,6113.549845446114
30920,4437.361424155138
30921,6335.3671720721595
30922,4050.4929372000406
30923,3644.83227155531
30924,4702.586597961174
30925,6043.483818941631
30926,5674.509318252796
30927,6524.498530254246
30928,6549.269992349379
30929,3917.1257083859755
30930,7765.273158287068
30931,4174.633085108642
30932,5483.301483282936
30933,7372.378463207234
30934,5212.200909631239
30935,8527.272422727097
30936,7311.6019354677655
30937,5167.3220495510795
30938,4589.474180915248
30939,6175.015443185439
30940,5637.704862018005
30941,3407.6977892985096
30942,2909.191129431605
30943,4819.320676871885
30944,6327.36258553448
30945,7390.294401328172
30946,3523.9187217275758
30947,6409.37784674381
30948,5525.717546325626
30949,5764.406251823468
30950,4627.643096213173
30951,4104.625208879337
30952,6063.48683224377
30953,5473.024616390023
30954,3906.794372353576
30955,4275.41575293592
30956,3609.939695371094
30957,5270.012856766039
30958,2993.645317275868
30959,5115.336077312104
30960,4036.2066145526815
30961,6819.188292525057
30962,5172.670439365164
30963,5262.718992815334
30964,8175.80850946386
30965,4453.626211666315
30966,3945.89082267407
30967,8123.718870639319
30968,5197.729965515101
30969,6461.848576051983
30970,6346.60229057499
30971,4141.715204384386
30972,5063.85106289566
30973,4318.786876474073
30974,6208.0159800077
30975,9129.001931909823
30976,6011.656953699626
30977,2430.2761499443695
30978,4285.444493836603
30979,7009.8534127459725
30980,7098.9231505208545
30981,4912.0317926654725
30982,5528.230716435074
30983,3938.5003119569665
30984,3240.9664157187804
30985,2486.2336311086515
30986,3916.224214313703
30987,5071.798281451642
30988,5596.066475791044
30989,5278.034817916968
30990,4800.399300296714
30991,6839.103759224865
30992,6881.320911416956
30993,6261.015289528423
30994,4030.783134772794
30995,7497.779165026456
30996,7840.542747124455
30997,4021.656593217068
30998,6025.007837599078
30999,3936.335681528464
31000,5603.912271612415
31001,2922.2079127613747
31002,5414.314466622236
31003,3836.263101462855
31004,7898.3014435971345
31005,5787.017612904818
31006,6625.178054440953
31007,7411.09296944528
31008,4336.9509402597405
31009,6246.306658737911
31010,16509.33037943026
31011,8235.534178530252
31012,4136.708008357323
31013,2287.585258035093
31014,4979.396562806723
31015,6945.301914978609
31016,4561.317220790413
31017,11437.464817642049
31018,17282.17885658883
31019,3352.7048870194726
31020,4201.748892259384
31021,7444.782450509341
31022,4198.425331988061
31023,6559.936994139531
31024,4823.502089602568
31025,6203.170046365177
31026,3791.41763469868
31027,6158.473532075082
31028,5173.971266495885
31029,6339.804227363883
31030,6795.627950818748
31031,4792.484160316731
31032,4733.657904226123
31033,6203.347159665073
31034,4203.168054018398
31035,4359.123309911505
31036,7001.129286755728
31037,4214.964443581057
31038,4673.324356253276
31039,5667.613840321718
31040,4522.227594671749
31041,5118.4963635516915
31042,5475.5209430590385
31043,5346.261056979048
31044,8052.523779207562
31045,8224.834241948694
31046,5677.255892051
31047,4590.589681200985
31048,2892.0044684998625
31049,5948.660336514062
31050,5335.637302460886
31051,4564.685622845887
31052,3093.6341266831087
31053,7211.495482829071
31054,5381.637245793134
31055,8412.534784559717
31056,5402.470780531667
31057,4349.5230513136585
31058,3933.041170662831
31059,4308.255402562829
31060,6950.500544480672
31061,4791.588543930362
31062,6602.193647292476
31063,12493.766691903862
31064,6455.762183303395
31065,4935.208420257402
31066,3899.728336886329
31067,3803.8990648115982
31068,5449.775855260408
31069,3358.635833036458
31070,4649.338341029398
31071,8278.268235993071
31072,4519.068129510772
31073,11879.049606971093
31074,10945.082556910807
31075,4040.5684974392084
31076,4968.453858466847
31077,5522.88424416837
31078,5266.373498463041
31079,4264.113588039985
31080,9618.909314176111
31081,5763.56666197224
31082,7051.804745081002
31083,3562.8501968341097
31084,6276.501051873662
31085,3998.4081519046968
31086,7165.772645865241
31087,5075.300172465996
31088,4594.664918295444
31089,5428.070859091865
31090,5553.804314561409
31091,6633.602988739878
31092,8174.096553624655
31093,4781.8566925596115
31094,8166.7454051081695
31095,5567.327735460246
31096,8037.764683654407
31097,4662.512525988471
31098,4007.82070800373
31099,4143.298396954229
31100,6975.675537157971
31101,5398.280937291067
31102,6025.215645434014
31103,5207.893261878427
31104,7229.101636674291
31105,3984.156398211004
31106,7029.578081433789
31107,6032.727641261958
31108,3135.050405973779
31109,11761.6124575388
31110,14107.987706589172
31111,5969.640336622502
31112,5741.009199018044
31113,6904.879440756709
31114,7879.428346191012
31115,9412.586885799816
31116,4579.076697674307
31117,5851.779666715931
31118,4816.111982405674
31119,6443.110423117107
31120,3394.1001147376633
31121,4968.480432066242
31122,4576.197403171534
31123,4487.15627039468
31124,6257.221131497341
31125,4014.671198641467
31126,3174.6835786279557
31127,5596.57598202025
31128,3191.525748614529
31129,3619.6211402249264
31130,4844.835237456484
31131,5137.566453770027
31132,7408.490078997696
31133,6693.572833526936
31134,4246.618836390291
31135,5130.141852652005
31136,5304.843851781736
31137,8997.995933344153
31138,5807.007074526758
31139,4041.545868659549
31140,3205.817763847427
31141,8344.781051837053
31142,3681.0969605371074
31143,6021.091890369207
31144,2677.371159284217
31145,4201.7070865415735
31146,5427.53934710018
31147,5626.2421248227965
31148,4323.543943035793
31149,8570.170731659831
31150,7587.1362219208095
31151,10862.309942438416
31152,5023.034161622484
31153,8342.869751955173
31154,2648.076361444586
31155,4108.9767362983375
31156,5075.335857990812
31157,3286.9183224581298
31158,7281.602097341305
31159,4000.6398365723635
31160,4319.78127211637
31161,7106.559575706094
31162,8926.737355960651
31163,7058.920152700297
31164,4284.037722451713
31165,3985.3364260513595
31166,11654.451134804272
31167,7157.228976743792
31168,4523.742537302865
31169,4440.87945476372
31170,5591.778499135756
31171,7396.687602215443
31172,3966.0045717304506
31173,4833.285687924763
31174,6086.796066121419
31175,6459.204547047645
31176,11911.412833878176
31177,4756.8655537348395
31178,9723.27382702111
31179,5307.962714305412
31180,4213.709343176376
31181,2562.2710964510684
31182,5169.505806130625
31183,4967.611238211667
31184,4619.771966378069
31185,5900.346124463012
31186,3687.9747242621697
31187,3364.1695300425463
31188,5827.905133811909
31189,2988.323469843578
31190,6849.4051850003625
31191,5100.0377927062855
31192,5883.021146553122
31193,6704.4820690566285
31194,3737.0207982214406
31195,7916.463295056617
31196,5651.632154073183
31197,4823.635882792466
31198,4885.417499999465
31199,4351.374070090445
31200,8402.777505157948
31201,5361.522541357281
31202,3859.2409638385834
31203,6201.914606479224
31204,7066.16333507847
31205,5783.015904326097
31206,4744.6624738222035
31207,7165.593863025622
31208,4633.87343542528
31209,4838.6128576061365
31210,4259.149412847739
31211,7072.239406259706
31212,4649.734211800299
31213,4942.667103651822
31214,4582.544566767949
31215,4369.087544164905
31216,3820.5407118855273
31217,3940.834583122583
31218,6350.918587464524
31219,7491.99770883965
31220,9299.675036621053
31221,8894.312917784395
31222,6471.514382751693
31223,7325.657049753
31224,4571.028170668526
31225,9047.773795497955
31226,8060.066361354627
31227,5623.822367355918
31228,6634.505213670779
31229,6704.783826831806
31230,4329.404227262543
31231,2991.0469181958547
31232,9729.733391731432
31233,4373.671558112306
31234,5827.821648563189
31235,4185.600768563477
31236,1930.238080014778
31237,9157.906759168194
31238,5362.451460071579
31239,6424.901162517638
31240,3867.0220116711716
31241,4347.983462911232
31242,5403.242897171818
31243,5777.780448493277
31244,5341.432933651073
31245,5309.354896915471
31246,4368.5534583028975
31247,3436.703368735766
31248,2625.036265031995
31249,5919.734746208704
31250,15123.651498944388
31251,3988.2963482996456
31252,4761.0359425718925
31253,5718.714591046089
31254,4327.235111905641
31255,4166.076330057218
31256,4447.355869005101
31257,3333.262210613655
31258,5880.754427786565
31259,5751.447605210893
31260,3006.1274236765234
31261,6783.659738496297
31262,2799.8392265864836
31263,3949.695956928545
31264,9148.337077619606
31265,6605.802316171614
31266,8635.234502537596
31267,3958.5145613741
31268,5319.010016446388
31269,4018.0641616538624
31270,4107.853354950226
31271,14451.974959717394
31272,7993.179124936268
31273,4845.075625131388
31274,4491.158067325994
31275,3688.644849881278
31276,4144.050003366957
31277,3615.1566621037277
31278,8535.301209606238
31279,4489.5104006518595
31280,4484.402950769681
31281,5937.56872868256
31282,3742.472324845267
31283,5038.101620417231
31284,5273.025507122132
31285,6017.027556435651
31286,5615.375080788504
31287,3103.239254367306
31288,4920.490206002721
31289,5313.048290019701
31290,7229.760462238595
31291,6793.716254972678
31292,5704.439459474997
31293,2923.5944369451463
31294,6638.812311851713
31295,4775.823099479671
31296,3988.6662482347365
31297,5322.519526774465
31298,5931.214019609908
31299,5010.643754055451
31300,4998.777281843802
31301,5032.054616623483
31302,6679.314337261684
31303,4646.15274785477
31304,5606.211759484786
31305,5993.38988437853
31306,4003.3997043303775
31307,7083.987422334646
31308,5157.018667151232
31309,3852.997091065853
31310,9629.669958445298
31311,5245.829560067111
31312,3160.8552753364124
31313,5934.592320010117
31314,7675.024764875562
31315,7829.1166550958105
31316,3982.8184620540337
31317,4474.119929704174
31318,5807.907194807679
31319,5972.88457229355
31320,4654.475092496006
31321,7127.434032270141
31322,2479.9075062676525
31323,4759.284734645005
31324,4956.830718323459
31325,4159.768012195294
31326,2877.667216574341
31327,5406.231446223653
31328,6158.679348703977
31329,4712.22919679486
31330,6489.434128782668
31331,5136.595705279244
31332,6486.304779267743
31333,4584.497387922824
31334,4958.711562695986
31335,4109.786987325694
31336,6326.052033442832
31337,6914.129551190028
31338,2578.293074294105
31339,7517.980707517392
31340,6044.241745498746
31341,5463.641323044244
31342,4370.1262620763155
31343,3487.7047536904893
31344,6113.5250519067895
31345,4747.400112231085
31346,7360.587195183611
31347,5555.384743206271
31348,4473.011954239256
31349,6118.269081368343
31350,5035.339669519128
31351,4157.665709624508
31352,6207.676478192613
31353,3872.2789851968196
31354,7684.201022590271
31355,8592.479865619873
31356,5916.67270409232
31357,3711.701585307548
31358,4511.9618539138555
31359,3567.0986004599317
31360,2616.6691840735007
31361,6108.610392405562
31362,4834.773721012903
31363,7190.02391061108
31364,3757.136779110246
31365,4455.483711567543
31366,4008.8375359829506
31367,8053.631993715478
31368,4098.6443967144205
31369,5170.05580369303
31370,4106.77660685302
31371,6175.957646442039
31372,4397.4436577322
31373,5898.441043916201
31374,6098.22871762542
31375,7678.949259215659
31376,6145.497162874957
31377,5904.797696471513
31378,4691.236490241697
31379,3760.767972136703
31380,3938.7993973845437
31381,9055.067599339302
31382,7264.653889904046
31383,8502.322957621926
31384,14457.04627565011
31385,4042.6860437407677
31386,4121.359193506675
31387,4842.172028949197
31388,7112.6484576053235
31389,9121.195174759394
31390,5262.6793714223495
31391,6225.202403682733
31392,6525.485873308913
31393,6026.851576984581
31394,5118.647254526095
31395,4315.208035055736
31396,3865.8398786341913
31397,4081.5286034925525
31398,3105.948233890111
31399,4021.2105181192983
31400,6423.309025966657
31401,14489.815789220287
31402,4893.588434125195
31403,4123.825559701547
31404,6033.450190546099
31405,3039.99684302505
31406,5331.179787455532
31407,3481.8598519294915
31408,7645.634432906432
31409,5623.990831271439
31410,4976.35790248018
31411,10730.66027353392
31412,10971.369455864564
31413,4608.047413225465
31414,5195.713645713974
31415,3442.237898102747
31416,4834.436764093386
31417,4503.488367472075
31418,6465.281233100739
31419,3883.724190181768
31420,3785.2066831302404
31421,4493.052481951659
31422,4613.33889619326
31423,5692.123448285206
31424,5362.141209225002
31425,3414.096075942387
31426,6022.888826313549
31427,6628.432541339143
31428,5698.164010216603
31429,3566.86592923198
31430,3071.908046407319
31431,6465.229839422801
31432,3756.3829968012024
31433,8093.747713712158
31434,3456.51010473299
31435,4367.689522491938
31436,5317.164026273748
31437,7332.068014740477
31438,3843.146317695493
31439,4433.073737559777
31440,5229.0546255906775
31441,7561.746694023882
31442,7617.333840877124
31443,4558.300430604674
31444,3484.7920370020474
31445,4524.353359995178
31446,5765.684295954932
31447,3868.9434757679714
31448,4575.523122975809
31449,5032.028993650877
31450,9802.30878137864
31451,6318.4430534587045
31452,4794.641675489751
31453,6724.6803320445815
31454,4029.3042488856513
31455,7644.1849154491665
31456,4439.44495460774
31457,10548.779969674126
31458,4665.689806013979
31459,4126.5088513146475
31460,3964.3881283179676
31461,3221.3088446672095
31462,6128.432256285531
31463,16789.166313129088
31464,3322.0597382340816
31465,4136.467849552861
31466,8391.242589467935
31467,5907.312078631189
31468,5265.4208996852485
31469,6734.504998322002
31470,4936.991321486827
31471,4721.064283005442
31472,3567.374374968835
31473,7711.298288619192
31474,4488.564428456763
31475,5712.699413559431
31476,6716.1367050888375
31477,3793.31755702021
31478,6819.27425514966
31479,4514.628150997961
31480,3771.5470726884064
31481,7499.96281718312
31482,7652.592908107463
31483,3418.507908517793
31484,5705.367940648701
31485,5175.890773809125
31486,4573.554787565518
31487,7186.30629335617
31488,5323.802414184892
31489,6826.051813339811
31490,3636.710209280083
31491,3738.367808846798
31492,6805.252977313073
31493,2764.8342511407477
31494,6379.806144865032
31495,3758.2550702730996
31496,4860.850881416478
31497,3752.2966357562686
31498,5260.763692907278
31499,5742.461383878306
31500,5721.089118309484
31501,5102.702279180521
31502,6460.210158831524
31503,4216.607164003507
31504,6456.506874690497
31505,5174.878547794151
31506,6843.344700356303
31507,7567.279454608398
31508,6040.417133076638
31509,3295.525820276999
31510,4262.975673746131
31511,5667.05104531713
31512,3804.153804746249
31513,10737.403951083923
31514,4312.741145653675
31515,5526.289045751393
31516,8090.420120303358
31517,5524.403130443541
31518,3222.544629284544
31519,9022.594130413565
31520,8204.382584203415
31521,5042.028448936701
31522,6509.793038486793
31523,7767.138811887734
31524,5881.090632671319
31525,4283.3579016495305
31526,5244.733839432559
31527,3588.0852123526593
31528,4256.487542947552
31529,5718.0333307917435
31530,3777.9433798587806
31531,5771.592097592858
31532,5128.092209713408
31533,5168.110704238832
31534,5864.45220977339
31535,4717.745335023299
31536,5638.095355983274
31537,4531.164279043744
31538,5467.409100103839
31539,5523.519240462402
31540,4982.266639613947
31541,5423.92858141267
31542,4940.867330494716
31543,7497.635855872184
31544,4558.324642892516
31545,3824.141083192013
31546,4578.913730370936
31547,6138.79270979288
31548,6001.155988789725
31549,3885.1576229160314
31550,3242.1794311988724
31551,6898.977972900634
31552,6503.165981380351
31553,4279.992552714662
31554,6320.151860724519
31555,6033.210513195088
31556,5883.907351633163
31557,4372.879448886076
31558,2780.601799759015
31559,5504.959674715516
31560,5356.141704115751
31561,4764.583781990104
31562,7446.145906214891
31563,7506.9474672926335
31564,4040.88095068929
31565,6809.400898862266
31566,3243.040269170078
31567,2226.6172075165305
31568,6477.8035472728925
31569,9591.244571032435
31570,5928.152336697192
31571,5824.353778593777
31572,2851.653061856192
31573,5443.80272768186
31574,6734.614566866308
31575,4572.93030753912
31576,6170.1388036684775
31577,3897.5313520745076
31578,4332.958175055363
31579,3620.677624981983
31580,4180.809317264285
31581,4529.836899133358
31582,3435.9138171942936
31583,3522.9653111992898
31584,3432.8780766614423
31585,6778.57765846795
31586,4800.4340510977245
31587,3786.703462570877
31588,5516.804776926394
31589,5838.463846574408
31590,4263.7002076061635
31591,3311.07282259561
31592,7078.081307016017
31593,6343.179126655416
31594,4537.95159374773
31595,3107.2034921765985
31596,9013.593137495149
31597,5241.736498094106
31598,3916.037896781076
31599,6418.600668049094
31600,6627.402700805153
31601,6064.532682309177
31602,4814.387425729103
31603,5684.944760019121
31604,7092.00447402262
31605,10315.337789825518
31606,3764.7183599240298
31607,3433.9048244294063
31608,4050.518564234768
31609,5284.324558716239
31610,4549.951492341705
31611,8948.879737103185
31612,7152.322841660546
31613,4827.660653124028
31614,3382.218186037242
31615,4922.7416750102675
31616,8973.125070438924
31617,3582.4220856073625
31618,5807.078235843676
31619,3378.3928083435353
31620,5720.554198499228
31621,5721.126219489574
31622,6161.392745060135
31623,6913.483214360103
31624,5129.841502548041
31625,3440.5741362924687
31626,5196.675532380904
31627,5648.490031990038
31628,6788.601103553717
31629,6111.052651924055
31630,6371.975290379008
31631,4561.342278377596
31632,3466.217391038598
31633,8371.021624793153
31634,3419.1506703632817
31635,8116.303318337411
31636,4728.066441348571
31637,3532.3214106200217
31638,5849.684593799189
31639,4911.594734165887
31640,6284.898672364477
31641,7263.970456396602
31642,3402.139162439953
31643,3411.962902746458
31644,5503.605989768816
31645,6419.000432369409
31646,9304.057706657544
31647,4855.654959602159
31648,4888.506314825987
31649,4505.121635925048
31650,5062.57077078167
31651,4044.6640495026
31652,7969.802912444282
31653,6856.4327761254435
31654,9829.622478502404
31655,3885.423615304833
31656,4835.431563803365
31657,7985.019604216274
31658,8645.499263175376
31659,3702.2060411351
31660,7874.9353750172695
31661,5292.542092261833
31662,4103.917030696698
31663,4447.6247312289415
31664,4196.874272095242
31665,4339.346546916979
31666,3856.8301505648155
31667,3307.843242551265
31668,3709.8834639075644
31669,6649.231502588388
31670,5519.920773866521
31671,20639.106964365994
31672,5132.891441888681
31673,3817.914590278486
31674,5829.686423170655
31675,10625.516020222445
31676,4784.449540442091
31677,6013.842269842726
31678,5175.693487086455
31679,6930.684567796369
31680,6010.676644693455
31681,3585.516358772761
31682,4562.88793927476
31683,5638.963961115292
31684,6854.690219906109
31685,5788.569699149388
31686,6238.689696073485
31687,3870.151309972365
31688,3381.9395697105397
31689,4018.835295292828
31690,7977.655260004041
31691,9167.694630107693
31692,7800.752831040022
31693,6314.487562548568
31694,3632.0492981546745
31695,5035.114953678248
31696,3183.303989177052
31697,6871.809448350859
31698,8589.880282919934
31699,8558.233950451064
31700,4140.227773913768
31701,4059.1214653583415
31702,4234.799154729493
31703,5257.427922796833
31704,8531.62105238006
31705,5189.11019890423
31706,3709.8909969996084
31707,3729.7337515759527
31708,6576.306789266501
31709,3157.4014236165144
31710,6108.059647767301
31711,3142.331718024848
31712,5568.563905662226
31713,6269.769240577604
31714,4809.24710045779
31715,6380.512204420582
31716,5236.11268725906
31717,4479.533145147017
31718,5879.886579964505
31719,5399.167718164413
31720,8897.681534689691
31721,4952.401975453034
31722,6267.044179918823
31723,7076.395730949041
31724,8166.997316513952
31725,5369.329739561131
31726,7328.629561145182
31727,2904.3172784044477
31728,4393.851121041978
31729,5226.389088857806
31730,5463.636617420095
31731,7538.458695839744
31732,5872.508807521329
31733,4432.880686345052
31734,5635.617261854364
31735,6261.871072696596
31736,7181.652063064885
31737,3136.8948354732725
31738,11598.729869851537
31739,3931.749771343419
31740,4285.4996325032835
31741,7291.751199964248
31742,4333.10647518435
31743,4455.096316852954
31744,4814.36562848721
31745,6061.840747379682
31746,4354.285159076218
31747,4525.110439695804
31748,6889.096283504312
31749,6480.472780434171
31750,5472.39348860128
31751,4082.7588989256656
31752,6123.083061744997
31753,9558.849921333273
31754,5759.220321005784
31755,5213.563344088002
31756,5017.349755276161
31757,5527.2902619251345
31758,6350.539046488864
31759,6442.975613387965
31760,3225.644610532407
31761,6386.379656179868
31762,5157.95734933609
31763,4546.057499104553
31764,8622.798284641241
31765,3876.8125820492955
31766,4037.260058837642
31767,3789.8865544868386
31768,6652.303391587577
31769,7298.666081043764
31770,4309.072664518787
31771,3489.9418618977693
31772,5152.901501939822
31773,4709.811922486458
31774,4262.742856117455
31775,6408.448212843405
31776,4640.59725961354
31777,6737.968459782918
31778,4295.482914373352
31779,3740.141322974551
31780,4912.3755995137235
31781,6106.728143906093
31782,6073.01618496868
31783,6358.792806826587
31784,6341.255812091556
31785,4019.994355635228
31786,7790.024720308912
31787,4093.624805950964
31788,5537.276471014319
31789,7649.149381178394
31790,5301.438294384317
31791,8934.295955876903
31792,7230.9843510297615
31793,5373.829835404383
31794,4796.536208327601
31795,6365.634154657081
31796,5829.887899869705
31797,3626.8565916317075
31798,3133.1667250175487
31799,5000.368704822719
31800,6417.726295750837
31801,7651.279569948095
31802,3630.341964680937
31803,6818.3066175488275
31804,5769.428382014571
31805,5980.157328460088
31806,4855.768661209786
31807,4169.483596928411
31808,6472.291326189692
31809,5553.8755857177
31810,4116.132432924546
31811,4415.951019316401
31812,3800.272468146546
31813,5369.202490658387
31814,3199.701236950494
31815,6158.316822897475
31816,4135.752829587977
31817,6980.648691693412
31818,5415.211607392279
31819,5488.216757669326
31820,8350.073168021127
31821,4146.376144655755
31822,3970.6969711825877
31823,8395.159867969018
31824,5071.441455197509
31825,6476.374259189752
31826,6549.603640435089
31827,4114.342361879132
31828,5244.559676407454
31829,4411.538895953663
31830,6673.719719354027
31831,9344.987317023744
31832,6586.591976381958
31833,2496.5909321897984
31834,3921.674767859708
31835,6975.774410395695
31836,7070.6684246817285
31837,4917.658789350912
31838,5840.143612034325
31839,4069.081158119937
31840,3504.273195293565
31841,2537.894431246521
31842,4192.703305807998
31843,5275.508158412632
31844,5566.845349699882
31845,5737.137056059607
31846,4918.983773001596
31847,6951.923529249147
31848,7110.785005220554
31849,6378.055503844387
31850,4056.5650483165737
31851,7895.487787116532
31852,7774.198360410469
31853,4251.040097092634
31854,6562.276006914652
31855,3977.767347307981
31856,5565.008214205865
31857,3016.4535776882744
31858,5732.69436915489
31859,3735.1017570258336
31860,8300.533638191848
31861,6041.801438612114
31862,6758.013768442538
31863,7955.627703513448
31864,4517.173795004042
31865,6341.5811577690965
31866,16858.97083745524
31867,8398.370599048325
31868,4457.270717639516
31869,2334.390723422344
31870,4906.02514084358
31871,7492.678176458459
31872,4924.887642885038
31873,12045.987066347712
31874,17725.457221174922
31875,3555.8408704960916
31876,4336.818955575937
31877,7549.368626296298
31878,3958.2995925668197
31879,6731.6796292593735
31880,5106.304304176617
31881,6263.333820199808
31882,3992.911711390957
31883,6333.339138887047
31884,5451.323161506476
31885,6558.951510402335
31886,6924.254710156783
31887,4785.63197153351
31888,4788.386203106827
31889,6467.3063705343775
31890,4373.833783961913
31891,4474.308784901915
31892,7405.5960776242655
31893,4259.437509210568
31894,4789.924248606076
31895,5940.343413492995
31896,5235.749602825114
31897,5191.79391865582
31898,5911.409526019486
31899,5559.876555498445
31900,8239.547611782173
31901,9196.107930123311
31902,6213.347569780564
31903,4746.042095733721
31904,2985.801031217106
31905,5992.669661742202
31906,5801.297675811518
31907,4659.48944771183
31908,3373.9882160511484
31909,7752.486072261099
31910,5410.07674817272
31911,8489.748769206104
31912,5701.433786009987
31913,4503.363201167846
31914,4016.4819684421373
31915,4476.564215566691
31916,7243.593947934624
31917,4982.259921191805
31918,6770.658982743792
31919,13567.807462907225
31920,6622.285635724874
31921,5266.0054320011
31922,3995.223295347573
31923,3883.3825064780444
31924,5519.840941447995
31925,3476.9563846142933
31926,4802.999722593768
31927,8795.932256630804
31928,4448.304431586538
31929,11636.241757301996
31930,11272.352482158498
31931,4126.393895789603
31932,5171.6239601794805
31933,6062.110230505384
31934,5522.21020748726
31935,4370.769231131826
31936,10191.185233728986
31937,5658.534905171327
31938,7817.534330606392
31939,3824.4559933830315
31940,6282.6077024850665
31941,4143.890100823566
31942,7518.677590818154
31943,5299.880507437236
31944,4678.551267518822
31945,5529.373725690209
31946,5733.259707257165
31947,6543.050352025365
31948,8848.027837937585
31949,4887.878745266951
31950,8054.9609278373555
31951,5488.422106231562
31952,8609.866009550988
31953,5143.073153357473
31954,4041.947582670726
31955,4174.352953783237
31956,6911.871641967767
31957,5580.237990811956
31958,6043.769974963302
31959,5270.018111948256
31960,7395.143820400807
31961,4090.183637187952
31962,8092.369113139291
31963,6350.953007940356
31964,3260.676118470713
31965,11592.220040179449
31966,14600.881042852629
31967,5939.555435053908
31968,5783.537579221025
31969,7378.510203246146
31970,8231.915816547904
31971,10051.89686329485
31972,5031.808771228503
31973,5950.687593392837
31974,4809.5844808841
31975,6620.97168373929
31976,3563.3458526361164
31977,5088.81395912866
31978,4692.744421681063
31979,4647.994279070295
31980,6377.5830762005535
31981,4178.95772514783
31982,3246.997567304448
31983,5645.656233223603
31984,3497.7126366506154
31985,3677.9929886198743
31986,5288.018198612096
31987,4738.561139788453
31988,7318.553547864218
31989,6967.9981395394425
31990,4342.3947855383585
31991,5191.020952621883
31992,5422.334376963275
31993,9592.044041315523
31994,6091.8128146435365
31995,4060.2148270447447
31996,3238.589620850992
31997,8495.584085271312
31998,3795.63181114238
31999,5931.403971920822
32000,2837.7977504233386
32001,4142.249837530577
32002,5752.2277050861685
32003,5640.057580699187
32004,4367.501041319474
32005,8662.410348805339
32006,7662.120886059165
32007,11247.442236695148
32008,5363.7371501200405
32009,8454.723842117677
32010,2668.201192090512
32011,4291.362038766677
32012,5078.091390486709
32013,3390.5553019090576
32014,7602.043318098957
32015,4144.149296027101
32016,4609.386194812534
32017,7130.477086141672
32018,9373.948374560876
32019,7115.297625763564
32020,4579.638899349395
32021,4316.62872659616
32022,11482.533255083501
32023,6667.361956048025
32024,4824.320160478673
32025,4478.872970291109
32026,5600.810539292055
32027,8035.30206090047
32028,3925.509418216532
32029,4930.217451702128
32030,6080.955050566277
32031,6222.365886684608
32032,12823.844563511455
32033,4688.920654678616
32034,9944.552554117956
32035,5498.913439036792
32036,4329.31604090265
32037,2822.7808935098956
32038,5356.337207447523
32039,5206.780516290245
32040,4789.624087067115
32041,5938.551018808397
32042,3785.362569733102
32043,3421.3205403591246
32044,5849.151909574488
32045,3197.826130171639
32046,7212.242849243444
32047,5206.257394996094
32048,6354.579550842612
32049,6901.241235008934
32050,3820.667613789296
32051,8544.075259876672
32052,5887.666573986049
32053,4934.4595728161485
32054,5054.637275566089
32055,3990.757920282492
32056,8797.655843558983
32057,5622.236350405552
32058,4122.845712474955
32059,5870.714004989346
32060,7135.576086340382
32061,6031.409577639336
32062,5020.545665760066
32063,7118.211271028861
32064,4964.949998938468
32065,4985.057860095392
32066,4416.715291202096
32067,7030.316451944502
32068,5239.442318149282
32069,5288.736998274966
32070,4658.319343860019
32071,4624.54926479964
32072,4156.959328251945
32073,4011.107376121211
32074,6487.534567876766
32075,7968.545993981871
32076,9228.096302771866
32077,9267.183808211736
32078,6714.646821391181
32079,8115.02739829658
32080,4878.3884325195
32081,9252.03832026214
32082,8567.113363434364
32083,5620.454746595089
32084,6721.863382190203
32085,7452.118251766127
32086,4579.221749753991
32087,3329.43668043405
32088,10356.473285264392
32089,4360.74189864679
32090,5870.889255468374
32091,4486.042819439505
32092,1931.294068405364
32093,9001.718065153991
32094,5613.709010179721
32095,6823.6869865416475
32096,4128.105221929426
32097,4436.159568531595
32098,6057.721275437244
32099,5789.680871757639
32100,5534.788264032854
32101,5706.798611055567
32102,4503.746167722574
32103,3161.7385467435647
32104,2828.742327973552
32105,5873.762135177064
32106,15640.780665993567
32107,4265.036425208175
32108,4850.155875813279
32109,5543.29459268666
32110,4758.246237116123
32111,4238.920233001419
32112,4520.707800594338
32113,3430.4156025489992
32114,6029.762758908103
32115,5701.772091152333
32116,3203.1611819573336
32117,6982.230858176476
32118,2938.9029899806746
32119,4230.672674342461
32120,9650.560330778337
32121,6783.514288561185
32122,9188.347046049372
32123,4343.08289494586
32124,5817.711045230208
32125,4171.369558500728
32126,4292.619831392715
32127,13995.813401197734
32128,8117.926644587449
32129,5097.675173274788
32130,4745.550481277276
32131,3832.697662220071
32132,4341.037221048995
32133,3863.051404592881
32134,9353.542668174627
32135,4868.535888191638
32136,4804.008907127051
32137,5948.000608464346
32138,3935.986208877994
32139,5468.537193083972
32140,5833.8676417258375
32141,6214.0649756612665
32142,5763.326673606472
32143,3259.5973747949356
32144,5203.2100627729615
32145,5384.256849345958
32146,7621.838733094656
32147,7074.338531716059
32148,5915.264902700233
32149,3084.8048401402725
32150,6772.095529221486
32151,4815.046360729318
32152,4024.95645196692
32153,5581.222015698295
32154,6061.564013641028
32155,5100.283652115103
32156,5163.029827682601
32157,5244.948862818857
32158,6698.753068740625
32159,5139.191262549808
32160,5875.243235004104
32161,6183.713212874263
32162,4107.9076760325315
32163,7566.114744543056
32164,5225.338540098848
32165,3869.5375202707983
32166,9700.722135202954
32167,5468.47076875405
32168,3113.3033857619344
32169,6499.416148550517
32170,7813.336142174851
32171,8193.543453988776
32172,4118.917811571252
32173,4731.537128726332
32174,6176.668128733859
32175,6081.888867110827
32176,4893.4163669927875
32177,6995.774086983524
32178,2686.4253504392086
32179,4897.174604017127
32180,4967.983831037408
32181,4347.78366268134
32182,3081.600757768905
32183,5600.230031762877
32184,6256.2826610990205
32185,5004.764352019363
32186,6749.618552996374
32187,5262.133446926138
32188,6757.347213582673
32189,4384.62086148444
32190,5262.961714749019
32191,4344.323775032734
32192,6462.811605186225
32193,6709.3962377753105
32194,2713.466685132883
32195,7636.117435048494
32196,6172.9571567937755
32197,5674.553122924144
32198,4537.148334983095
32199,3738.3977962639046
32200,6082.960863387845
32201,4687.019970985781
32202,7238.7591635352355
32203,5778.784447346601
32204,4705.89848126704
32205,6095.419184002731
32206,5404.666535890713
32207,4325.087577411961
32208,6498.542740092024
32209,3995.820328205473
32210,8004.656948787703
32211,8531.09373496431
32212,6550.6618300799255
32213,3964.4788733795194
32214,4644.638777301058
32215,3656.0728269174206
32216,2810.2200217018503
32217,6352.074464318114
32218,5019.207639392187
32219,7712.753467792103
32220,3863.4848741276737
32221,4463.069749704763
32222,4269.899763090056
32223,7897.976310663038
32224,4144.226644244998
32225,5443.799616212123
32226,4243.801506710253
32227,6630.96319289145
32228,4670.439998799639
32229,5689.96949555226
32230,6199.816908097674
32231,8025.9695603557775
32232,6287.102202724113
32233,5994.876522584682
32234,4932.597067167382
32235,3977.5858684004443
32236,4125.069789669408
32237,9480.88974615494
32238,7456.75188069121
32239,9319.792257740399
32240,14086.131254752901
32241,4519.406653889277
32242,4382.939838279968
32243,5244.131884433689
32244,7151.425523353865
32245,9344.424544025233
32246,5340.39240112958
32247,6617.017567155177
32248,6480.401132041364
32249,6420.102920229519
32250,5221.507627876698
32251,4345.385509858499
32252,4131.810854002133
32253,4174.51966701518
32254,3193.1188869144667
32255,4017.7751208929194
32256,6591.6691438326625
32257,15265.783123538407
32258,4975.608263058635
32259,4214.722152396725
32260,5926.1090069134025
32261,3084.8884664730454
32262,5410.320620484562
32263,3651.8646911040155
32264,8471.93062427514
32265,5692.736300571714
32266,5431.311066406449
32267,10929.77340519091
32268,10602.18736344089
32269,4666.255143781912
32270,5393.972259544471
32271,3509.073409246081
32272,4953.913289308416
32273,4829.429998861851
32274,6800.351782015061
32275,4102.277401844745
32276,3939.370990943541
32277,4852.019890875213
32278,4850.280360479929
32279,6110.093570583326
32280,5344.852271693314
32281,3772.6413426593203
32282,6249.423602312906
32283,6872.48135449614
32284,5682.63538970446
32285,3605.1384455622424
32286,3044.496657418683
32287,6708.106282564364
32288,3965.733251837088
32289,8254.562898824253
32290,3457.382489042313
32291,4529.66392515133
32292,5445.07852505813
32293,7709.335114335897
32294,3989.919562573356
32295,4347.636393293454
32296,5212.088457947199
32297,7833.835923184057
32298,7440.596653124579
32299,4667.365398611722
32300,3828.483647930045
32301,4767.095239115861
32302,6305.065724040507
32303,4327.072894208601
32304,4855.8756383023065
32305,5399.779852605086
32306,10170.824281725367
32307,6555.712864204186
32308,5105.649752350666
32309,6791.4034626951025
32310,4268.517350813399
32311,7844.059536177993
32312,4765.680013409722
32313,10789.956701156341
32314,4865.817446138538
32315,4219.953767407926
32316,4055.084611740819
32317,3605.1326511817506
32318,6489.477625167738
32319,17157.40769445467
32320,3037.594063717888
32321,4149.164392651764
32322,9392.48556520256
32323,6313.273412782274
32324,5442.240597247446
32325,6815.730331218062
32326,4943.2143702938465
32327,4706.286354873179
32328,3999.225908736511
32329,8147.182599376081
32330,4698.933291807663
32331,6096.755510827583
32332,6899.772793469416
32333,4080.667850958093
32334,7086.6669975586965
32335,5071.862185224865
32336,3833.086239437197
32337,8310.114348399282
32338,8757.722999024962
32339,3660.83305161919
32340,5598.133182775835
32341,5324.583527899218
32342,4654.5402402929785
32343,7557.334513220515
32344,5321.758498657296
32345,6907.129622770603
32346,3838.9607673773894
32347,3816.078164099554
32348,6658.111430424471
32349,2874.9131642901625
32350,6818.352203803533
32351,3691.4916804792815
32352,4912.2378840146475
32353,3964.2565351908534
32354,5397.541186980184
32355,5825.417390282278
32356,5947.332244970917
32357,5334.141730843088
32358,6653.3295292569355
32359,4333.337213581231
32360,6829.393111879449
32361,5150.93071315189
32362,6447.443949493205
32363,7796.269778267378
32364,6423.3657610378605
32365,3172.611458604559
32366,4562.758232760051
32367,6118.658576365633
32368,3942.2035888865507
32369,11019.45771825054
32370,4422.836810434489
32371,5712.298350808816
32372,8437.800129783862
32373,6159.989240195608
32374,3420.807053076517
32375,9564.690746403418
32376,8479.470986623564
32377,5187.815914143101
32378,6937.215414064098
32379,9236.561101462275
32380,6134.075364666473
32381,4526.43945245745
32382,5372.825519878344
32383,3774.728232603197
32384,4443.063882615019
32385,5559.8357788484445
32386,3901.939443221423
32387,6507.461522599024
32388,5183.263220414902
32389,5415.945169491584
32390,5804.668116474065
32391,5092.104624352768
32392,5986.874732029759
32393,4816.287972004525
32394,5866.191931868387
32395,5707.122140453209
32396,5291.010020664393
32397,5494.07464619829
32398,5288.812900209365
32399,8299.410681322788
32400,4554.848661280556
32401,4055.830709170576
32402,4802.847663884909
32403,5829.556058593838
32404,6374.312312984424
32405,4078.9240922174718
32406,3487.9741690678475
32407,6449.952207979048
32408,6576.9457257944
32409,4566.43666380476
32410,6546.401867244004
32411,6189.473543045575
32412,5519.461786000365
32413,4286.6007714903335
32414,2868.4818283842797
32415,5616.0809857838185
32416,5540.924388639736
32417,5459.643734649709
32418,7712.962672874317
32419,7428.403702019969
32420,4095.19581819019
32421,7175.9486509350645
32422,3346.685149913031
32423,2525.4553168554626
32424,6809.033412941
32425,10015.247310258466
32426,6160.809384079043
32427,5872.508742882554
32428,3133.795773917151
32429,5626.620930025562
32430,6800.156422281876
32431,4759.629237304178
32432,6594.780414290584
32433,3922.1574206609175
32434,4556.228005237032
32435,3857.5328343573074
32436,4221.960358955333
32437,4484.019142767363
32438,3494.1436450405304
32439,3669.9901786265864
32440,3682.1313989683313
32441,7074.987153116083
32442,5428.572678070223
32443,3755.120416757349
32444,6009.117368805831
32445,5904.803394222711
32446,4409.585452462967
32447,3489.520888848799
32448,6784.939156740388
32449,6515.862643110758
32450,4635.961825471972
32451,3194.650556900482
32452,10226.269832147565
32453,5419.559942540426
32454,4264.417169630904
32455,6676.093080921743
32456,6708.139885356318
32457,6081.876613917331
32458,4939.772009823379
32459,6096.393037177378
32460,7716.476442003052
32461,10477.806510669234
32462,3982.582007385609
32463,3585.828020608696
32464,4024.5041998169504
32465,5444.946997165886
32466,4571.043656914295
32467,8485.997640992191
32468,7399.6943883796675
32469,5024.423129409563
32470,3604.1181820217394
32471,5413.848168330551
32472,9858.192816593448
32473,3659.0522013033415
32474,5996.5426100450995
32475,3683.3697884104117
32476,5780.951355242157
32477,6086.434852315926
32478,6209.731286017395
32479,7055.551583328078
32480,5485.107932922773
32481,3561.947791133018
32482,5333.649745004224
32483,6331.587540613173
32484,7046.674440042162
32485,6009.394922769576
32486,6331.813309438645
32487,4814.035191802604
32488,3733.299781519502
32489,8662.403134868664
32490,3590.283124117175
32491,8524.298649093751
32492,4813.930251930876
32493,3651.4943729345096
32494,6075.777267770885
32495,5535.1932391097525
32496,6240.987537277706
32497,7536.5095272078415
32498,3644.081837269558
32499,3630.856423290442
32500,5682.918952722059
32501,6955.132723339652
32502,9535.17306008518
32503,4953.786910286987
32504,5394.527107546349
32505,4699.062319184971
32506,5263.0613808144635
32507,4219.593758071374
32508,8066.455847437578
32509,7195.494580162965
32510,10403.268252692205
32511,4014.1421571158594
32512,4952.205221691142
32513,8084.593755364298
32514,9265.095015441493
32515,4076.8270269315926
32516,8348.462321356463
32517,5634.43413930822
32518,4349.854425238116
32519,4744.1927544515265
32520,4264.877957497887
32521,4732.439778277792
32522,4102.294878040211
32523,3414.4280568342815
32524,3938.1873685230544
32525,6349.090530778251
32526,5630.84415220543
32527,21594.985752482808
32528,5167.110775965322
32529,4084.6057111509417
32530,5782.663313522454
32531,11066.164018690022
32532,4905.521976869611
32533,6834.025477375286
32534,5599.902766854444
32535,7419.873537901218
32536,6338.965283396324
32537,3796.326313600042
32538,4852.155959932223
32539,6186.899451797372
32540,7439.797466449785
32541,6192.805146498282
32542,6767.091992424516
32543,4217.117451763748
32544,3546.2882044055596
32545,4482.976390474052
32546,8392.92020787496
32547,10511.755784560275
32548,7981.509126356053
32549,6928.600253557231
32550,3478.0594552835582
32551,5467.869130298483
32552,3406.492402590846
32553,7661.327852695002
32554,9459.477587000489
32555,9440.840663153462
32556,4585.8761508238085
32557,4317.585764897869
32558,4099.245403885923
32559,5788.647934570688
32560,9163.628200029896
32561,5840.304428634388
32562,4366.1627073957825
32563,4038.965075382969
32564,6992.885370277316
32565,3474.818727999471
32566,6577.546806079002
32567,3494.7259329227595
32568,6557.156295762156
32569,7205.422077583562
32570,5212.586064339551
32571,7187.308156511129
32572,5903.2576014513625
32573,4866.939530981726
32574,6274.0368783922995
32575,6309.136418934593
32576,9688.287522544257
32577,5696.894471039058
32578,6665.8071538159875
32579,7788.662581797538
32580,8448.498763257894
32581,5918.346437530505
32582,7699.688303472357
32583,3014.8759857755326
32584,4547.563643686431
32585,5559.810924452873
32586,6287.4647224881355
32587,8297.072740944677
32588,6708.797927770093
32589,4890.206629486449
32590,6488.616022161885
32591,6975.826304485994
32592,7590.0625624149
32593,3418.153193920888
32594,12089.275288365317
32595,4171.234591948235
32596,4655.292213954535
32597,7874.6454739324145
32598,4636.2752827401
32599,4983.848035487817
32600,5153.442051766479
32601,6810.783423151203
32602,4652.834707066072
32603,4960.111142223886
32604,8201.004816609135
32605,7027.007494015296
32606,6014.284474974752
32607,4636.369704376406
32608,6665.668510307372
32609,11028.055095099762
32610,6297.553961713115
32611,5831.87649706779
32612,5670.131167491465
32613,6114.871842971511
32614,7108.25214599211
32615,7229.072163084668
32616,3494.8959001324392
32617,7501.81473672064
32618,5637.207852251923
32619,5219.7042871863305
32620,10291.131231252382
32621,3794.332592082298
32622,4387.875475277433
32623,4084.166869588221
32624,7225.922695290484
32625,7696.935073827031
32626,4810.279116834349
32627,3975.61669242435
32628,5953.668867936662
32629,5316.89104334455
32630,4537.87866773882
32631,6995.040453326767
32632,5037.988103630001
32633,7292.938910473927
32634,4689.236687107019
32635,4158.095006509648
32636,5551.71897441328
32637,6837.985817416651
32638,6592.183754115579
32639,7114.365715420239
32640,7301.369169948326
32641,4510.3826738717
32642,8946.545243316694
32643,4402.446159006644
32644,5797.8770610048205
32645,8678.830231063857
32646,6222.674010694198
32647,9117.840402446214
32648,7726.924463375227
32649,5893.341916802593
32650,5212.539632924912
32651,6777.430200497434
32652,6418.746621900582
32653,3778.959648239901
32654,3258.937415305064
32655,5342.237356630779
32656,6948.505486777469
32657,8551.342580855428
32658,3775.905425200841
32659,7356.542576453441
32660,6190.757329890227
32661,6741.846760266641
32662,5142.333231713488
32663,4522.906464249649
32664,6713.614813177797
32665,6218.674430153843
32666,4132.9982810045485
32667,5009.40011285618
32668,4194.379813305151
32669,5853.917351341239
32670,3615.8423004402453
32671,6099.662371472381
32672,4626.81227031147
32673,7837.648124713495
32674,5864.458529781726
32675,6068.27139453064
32676,8981.043640477386
32677,4415.564730687998
32678,4352.539552113025
32679,9258.017073178384
32680,5453.0908080657
32681,7313.0212324826425
32682,7091.284973090193
32683,4710.128045726116
32684,5795.810971617515
32685,4908.4711384957245
32686,7131.938479650565
32687,10217.001386421254
32688,7320.34748968667
32689,2798.2002707017014
32690,4210.440715663217
32691,7479.105276160117
32692,7978.385315591493
32693,5403.076816242928
32694,6369.229998301762
32695,4384.758032292325
32696,3605.3263937665315
32697,2746.1790321378785
32698,4287.711974741833
32699,5771.7611042817325
32700,6243.018719666481
32701,6099.989665573453
32702,5504.085319627327
32703,7697.8592196394775
32704,7904.018603317117
32705,7381.54983653245
32706,4439.025178007965
32707,8422.786182892103
32708,8631.345512362028
32709,4628.051535050779
32710,7164.380705991022
32711,4592.278966458392
32712,6095.859475746902
32713,3372.704589287798
32714,5969.127560111907
32715,4108.27582986334
32716,9062.323419863838
32717,6831.213877730335
32718,7716.681169195096
32719,8466.139612753574
32720,4988.91830457794
32721,7239.72081400152
32722,17856.990772577927
32723,9216.076840329242
32724,4945.702977824366
32725,2562.328241614044
32726,5420.723450242092
32727,7645.502882224384
32728,5417.356342574147
32729,12647.46843643102
32730,19154.541020825338
32731,3786.018141486994
32732,4594.227984004553
32733,8608.594330107335
32734,4287.836078030734
32735,7290.336781746903
32736,5418.326675903302
32737,6848.493244295989
32738,4345.789077270056
32739,7165.317624609892
32740,5972.954891279783
32741,7463.863619679576
32742,7777.708465752044
32743,5508.712442105696
32744,5359.25937901621
32745,7025.452031098136
32746,4748.120919468754
32747,5045.5000439899795
32748,8597.442460168495
32749,5033.976872975516
32750,5490.650723167567
32751,6157.854964338637
32752,5429.902536571616
32753,5387.766988553072
32754,6290.734195754569
32755,6127.482183808062
32756,9459.21314698778
32757,11421.188049106808
32758,6396.267718017154
32759,5087.648851842022
32760,3183.115977775693
32761,6367.119244607427
32762,6215.249445960973
32763,5364.761543719381
32764,3582.1507215515376
32765,7916.143894228007
32766,5749.52194770767
32767,9174.00121926602
32768,6067.826574486392
32769,4994.096906807485
32770,4444.5526797344255
32771,4947.58914189779
32772,8108.6383252136575
32773,5633.10748243705
32774,7591.469762859509
32775,14886.350580634811
32776,7367.096592543753
32777,5386.254064802234
32778,4597.27465592678
32779,4205.582209922124
32780,5926.13402969159
32781,3747.090844108832
32782,5133.9899402941155
32783,9476.946887415126
32784,4947.924506596826
32785,12075.564223990355
32786,12123.888052004238
32787,4577.572855750893
32788,5471.461331128463
32789,6473.7838036393205
32790,5907.45962694193
32791,4831.67633512316
32792,11337.568923608835
32793,6081.597492336443
32794,8386.22824437086
32795,4194.339921476554
32796,6524.575694894911
32797,4476.448327899536
32798,8050.011109762499
32799,5857.7400076178765
32800,5030.50476251568
32801,6209.056360776128
32802,6073.361120534044
32803,7352.969127043122
32804,9625.525646810214
32805,5464.8630713656985
32806,8700.043598784738
32807,6411.061900030714
32808,9797.326932421563
32809,5020.636990590138
32810,4500.698357920384
32811,4576.74036629371
32812,7516.593183870358
32813,6329.5003746786115
32814,6856.943069622232
32815,5825.597128649759
32816,8290.241295201988
32817,4441.785559009823
32818,8135.28947526741
32819,6700.917754966684
32820,3560.097615073722
32821,12209.70003965531
32822,16247.023607292324
32823,7095.671237254431
32824,6460.545127488408
32825,7825.514954434709
32826,8749.715241685086
32827,10657.202001232443
32828,5219.540427994388
32829,6292.949532845422
32830,5287.190800649317
32831,7367.6454630768085
32832,3818.0208500215144
32833,5480.695466422963
32834,5165.936049933769
32835,5167.929104485173
32836,7077.548774977779
32837,4282.278562472942
32838,3366.3171830979395
32839,6189.251524388061
32840,3838.42264566128
32841,3995.9584064707064
32842,5442.663088638785
32843,5135.0862144047505
32844,8312.858444894697
32845,7941.672015102033
32846,4732.286855811385
32847,6035.8168409873515
32848,6070.252073761851
32849,10534.471744134593
32850,6366.471224256277
32851,4257.196012631604
32852,3642.426926100003
32853,9781.304009394476
32854,4178.121748245983
32855,6663.905737168701
32856,3229.0450042084385
32857,4453.618230177806
32858,5918.195809917537
32859,6449.494894262947
32860,4724.7010614909195
32861,9659.76467340531
32862,8683.156486552387
32863,11921.119858035443
32864,5384.994032669166
32865,9520.69481234618
32866,2990.917370509798
32867,4499.077901929525
32868,5723.824740830333
32869,3637.8523395211723
32870,8273.596911717475
32871,4395.180305460585
32872,5186.396697005255
32873,7695.096383778392
32874,10155.324889395659
32875,8047.886962757546
32876,4925.159966944985
32877,4725.632046485697
32878,13639.150974626216
32879,7720.957995767021
32880,5089.10520595784
32881,4922.430968189778
32882,6470.77274164952
32883,8315.99619259367
32884,4204.0745215666975
32885,5586.221665845
32886,6689.145135470356
32887,6486.406470551917
32888,13098.726288963382
32889,5607.347743161323
32890,10872.989227282007
32891,6322.185593130391
32892,4829.5106529265895
32893,3032.6781032663334
32894,5735.064175244366
32895,5873.043323701773
32896,5275.704270468274
32897,6850.004180946378
32898,4114.3073234146395
32899,3805.682044139152
32900,6335.254074883369
32901,3422.0796723358108
32902,7855.459094156877
32903,5748.450220505363
32904,6683.757819063821
32905,7528.845908236352
32906,4265.345216216568
32907,8809.73958890055
32908,6401.993516196872
32909,5566.120926684086
32910,5627.128442080907
32911,4234.666944209001
32912,9972.211998859188
32913,6440.7175617671855
32914,4365.932376448258
32915,6360.447836326848
32916,8019.605636068079
32917,6403.835793625686
32918,5351.564931226214
32919,7649.97412465766
32920,5346.13905332047
32921,5297.878418807922
32922,4812.901619144646
32923,8030.2529018725045
32924,5598.76396081341
32925,5718.117460493558
32926,5293.638913072165
32927,5146.294907455431
32928,4401.965678356902
32929,4349.707677110554
32930,7726.167354971751
32931,8672.274064599274
32932,10168.555813546014
32933,10152.53856518006
32934,7580.532973558814
32935,8942.72706748644
32936,5366.192787532287
32937,10309.800814049742
32938,9509.403426348934
32939,6287.557011802529
32940,6970.739846995426
32941,7731.617469400107
32942,5045.811292116952
32943,3626.340537924336
32944,11307.011472644375
32945,4799.2619007344865
32946,6425.48214603404
32947,4807.67872724682
32948,2099.8716159130618
32949,9437.826386346263
32950,6304.41489454702
32951,7132.311693935105
32952,4443.370987239118
32953,4962.1338937980945
32954,6349.762678790541
32955,6022.282722030548
32956,6499.12301930668
32957,6159.976843186794
32958,4997.591427915881
32959,3555.18177513404
32960,3053.971708544091
32961,6278.262583447646
32962,16588.354451835785
32963,4486.266644349224
32964,5328.396900113642
32965,5897.020745354295
32966,4892.516714155391
32967,4845.9623359178895
32968,5144.047761368751
32969,3534.2926514836954
32970,7092.390152100364
32971,6250.839227500163
32972,3431.428309398645
32973,7882.702669161355
32974,3011.9928091996753
32975,4672.954308866136
32976,11486.219197210103
32977,7629.251285917596
32978,10100.798272361262
32979,4612.343590406858
32980,5948.730460985121
32981,4348.955692939787
32982,4655.257379462548
32983,15001.57502218636
32984,8968.04888454403
32985,5582.369766855999
32986,5003.116325232854
32987,4438.032413858134
32988,4915.890116343471
32989,4081.0055603609057
32990,10045.973456164118
32991,5250.394611449418
32992,5377.318893766444
32993,6693.7130380980925
32994,4189.790501807753
32995,5771.081295107092
32996,5806.297499008048
32997,7290.104046441876
32998,6171.485405441247
32999,3405.3900974697162
33000,5602.501435872173
33001,6389.326370346121
33002,8312.087182249436
33003,7567.531515725088
33004,6692.139557148713
33005,3229.413101390691
33006,7849.337160431661
33007,5266.569870708794
33008,4529.716119745402
33009,5559.23960254443
33010,6632.9601404278255
33011,5413.75777524144
33012,5797.470260682988
33013,5758.620411235683
33014,7901.976232559918
33015,5533.468385772116
33016,6555.894859380648
33017,6855.2626063990865
33018,4362.070220465902
33019,8445.291072009388
33020,5535.912474251777
33021,3847.7709831455195
33022,10707.594552107912
33023,5708.391360805564
33024,2950.452291283302
33025,6535.124876467149
33026,8983.518099453251
33027,8531.041639167534
33028,4359.877988225108
33029,5191.172490591471
33030,6643.307953446105
33031,6813.642117635991
33032,5315.266821270347
33033,8096.218325299197
33034,2728.2732399475294
33035,5490.95275902208
33036,5417.882645743707
33037,4614.440583499534
33038,3249.361398143561
33039,6356.41500528653
33040,6908.571393085127
33041,5359.022650689907
33042,6940.413677503305
33043,6133.367211806488
33044,7816.6709797197445
33045,4803.569161668044
33046,5861.593063515631
33047,4613.17112588206
33048,7113.663484422483
33049,7326.4449583883525
33050,2872.345862057077
33051,7886.574481742199
33052,7131.7082451012875
33053,6324.561972100021
33054,4943.177239504888
33055,3632.0240147866325
33056,6999.9451062645785
33057,4343.826134112541
33058,8046.754007095119
33059,6404.402711767954
33060,5081.896568486566
33061,6892.999655061163
33062,5594.356029585191
33063,4439.385059217985
33064,7203.687466065161
33065,4238.522683728391
33066,8702.444507351538
33067,9345.147944118062
33068,6669.2698902021275
33069,4024.013494653123
33070,5208.3729067138165
33071,3845.527830365485
33072,2908.0655054243166
33073,7051.888044169245
33074,5616.249593541779
33075,8107.521007973159
33076,4226.491088348851
33077,4928.604366932038
33078,4517.604223189473
33079,8650.936736691845
33080,4418.305288219082
33081,6036.495640904365
33082,4752.550653236691
33083,7170.221620390738
33084,5183.662843344782
33085,6303.250410590022
33086,6873.813336676691
33087,8612.25371153816
33088,7043.375667557208
33089,6701.620999362599
33090,5370.083659059543
33091,4280.1387498000795
33092,4587.123415938796
33093,10110.290206464257
33094,7731.98304937631
33095,11093.611504686023
33096,14928.234477696791
33097,4517.941641168887
33098,4891.926020580558
33099,5574.661215493329
33100,7767.431415555034
33101,10242.155371132072
33102,6075.262627361888
33103,7036.5469906300805
33104,7415.163088213432
33105,6854.110004873157
33106,5615.5374752385915
33107,4794.8945319359445
33108,4458.5813652876
33109,4540.376345844218
33110,3437.524983659707
33111,4268.078530253964
33112,7465.162397885229
33113,16540.71415719012
33114,5606.686911832062
33115,4646.093130352498
33116,6303.385519964058
33117,3547.341057210493
33118,6114.435980526707
33119,3689.9998440045674
33120,9364.578080276202
33121,6417.583874760112
33122,5955.900443077272
33123,12087.874947221615
33124,11488.807810489374
33125,5062.7927689564085
33126,5903.738568206782
33127,3782.9895611979027
33128,5510.38228834555
33129,5441.253761389509
33130,7683.975895483833
33131,4272.17979295439
33132,4299.570259508393
33133,5100.953715479569
33134,5416.181051547022
33135,6277.937452648088
33136,6241.729760123209
33137,3994.4017933905693
33138,7196.514450874595
33139,7304.753172858936
33140,6028.966919324027
33141,4072.7386751370464
33142,3234.4655325273193
33143,6989.099674938043
33144,4202.885938685287
33145,9188.018056253854
33146,3980.4905810562827
33147,5348.738862066072
33148,6150.119521483486
33149,8861.793621673893
33150,4295.808458347279
33151,5083.361264196154
33152,5744.844773151471
33153,8970.914582894717
33154,7974.173363244864
33155,5257.026555246015
33156,4113.859724558632
33157,5442.631503997038
33158,6971.4664536058835
33159,4707.7971284731575
33160,5642.847116905458
33161,5680.841042571696
33162,11247.57634051244
33163,7684.855029060063
33164,5381.909562019795
33165,7202.030175742988
33166,4452.642587598526
33167,8635.230945261106
33168,5257.136382552472
33169,10887.038505581615
33170,5462.347511731941
33171,4614.071346577152
33172,4438.397927282272
33173,3551.646965966411
33174,6980.169402683379
33175,19591.091674738385
33176,3397.230361698529
33177,4523.109003210103
33178,9591.014094550796
33179,6723.591956959055
33180,5796.735337511553
33181,7815.469970648057
33182,5412.078451631716
33183,5425.654768293222
33184,4141.956147474914
33185,8625.671122695547
33186,5146.719796307986
33187,6678.4846363414845
33188,7677.392219644836
33189,4484.848492645727
33190,8019.9362087387335
33191,5275.489342608779
33192,3864.5529564267736
33193,8967.736355011873
33194,8999.279877694837
33195,3800.8930051368015
33196,6494.8856703679285
33197,6205.717942955209
33198,5046.51230717829
33199,8634.869103280314
33200,6230.125150160005
33201,7984.456433709829
33202,4387.58930922698
33203,4242.846473580327
33204,7008.39139673927
33205,3138.242637994958
33206,7467.614960601459
33207,3956.835120024345
33208,5504.660362167162
33209,4255.3050800400315
33210,6218.629653763782
33211,6073.544428302047
33212,6168.828292489372
33213,5888.370957621714
33214,7778.070628424927
33215,4946.111410333856
33216,7693.919757347508
33217,5430.017240843613
33218,6896.114768459255
33219,8708.786356632665
33220,7020.195805715651
33221,3609.9057032934506
33222,4946.445528023657
33223,6671.644387863505
33224,4536.968404596649
33225,12847.10262508344
33226,5133.957881514234
33227,6233.106766274654
33228,9315.110451031427
33229,6013.760130524812
33230,3639.5393322519667
33231,10353.350168531304
33232,9458.726522453873
33233,5589.871679829541
33234,7241.174118896007
33235,9387.348133229902
33236,7070.644205023919
33237,4784.444820246802
33238,5772.417014089802
33239,4170.842196478724
33240,4486.761067025317
33241,6284.046288456947
33242,4075.532441558289
33243,6431.271006051072
33244,5689.571670502729
33245,5873.751661277247
33246,6313.532404605666
33247,5493.779860576837
33248,6473.204690392321
33249,5207.704178236541
33250,6061.747416457537
33251,6150.70646876873
33252,5846.712789341613
33253,6015.088397747277
33254,5689.131360546728
33255,8966.860989533212
33256,5267.046957910713
33257,4241.94052949411
33258,5319.44959177563
33259,6377.901428139504
33260,6935.606963833444
33261,4282.742470461679
33262,3687.930988286056
33263,6694.354065132061
33264,7034.220948872222
33265,5015.045068240055
33266,7194.827056930279
33267,6898.165567862245
33268,5836.281369754821
33269,4669.49694471695
33270,3107.735711660733
33271,6053.135028130164
33272,5886.742578814671
33273,5684.089262011236
33274,8403.531201503956
33275,7732.012950298092
33276,4521.23861519148
33277,7952.727594062522
33278,3395.9130523535932
33279,2698.7756256125667
33280,7535.6767948792885
33281,10603.686025566665
33282,6617.550675007006
33283,6351.146310229871
33284,3306.182789463386
33285,5912.2995359160195
33286,7103.815037270776
33287,5062.482187170966
33288,7195.75594675146
33289,4119.876686306209
33290,4958.191597809554
33291,4133.451450643137
33292,4918.034140634199
33293,5078.155308371508
33294,3736.8337302667956
33295,4197.44443878745
33296,3877.563599073709
33297,7648.562770764223
33298,5450.374450787997
33299,4164.164918356832
33300,6260.265128040374
33301,6796.701280832953
33302,4702.274871679613
33303,3760.4855158625896
33304,8109.471610022759
33305,7104.066180417219
33306,5394.350607743816
33307,3503.107323392081
33308,10331.970728435508
33309,6046.75371395767
33310,4724.586978280361
33311,7573.8954629328555
33312,7485.407751582137
33313,6637.184659402766
33314,5500.725858292918
33315,6599.956504775726
33316,7764.417524467775
33317,11529.17551124358
33318,3941.421426419273
33319,4045.7288843376728
33320,4298.3121757257295
33321,5811.580365816812
33322,5242.728267049925
33323,9319.843741631672
33324,8014.2470882809685
33325,5362.484519245977
33326,3867.13788975778
33327,5869.787033624962
33328,11391.333008606205
33329,3899.2350502260706
33330,6454.1451649810115
33331,3702.0997823082025
33332,6683.435192105399
33333,6428.333670916749
33334,6743.725087373107
33335,7531.478679600252
33336,5834.577032274123
33337,3886.3121083305014
33338,6019.239960244439
33339,6189.624743367354
33340,7729.860348703847
33341,6680.550431397566
33342,7100.448840021317
33343,5186.673683492171
33344,4184.10397719151
33345,9100.361708320203
33346,3765.295730326591
33347,9427.172504689597
33348,5310.581653690536
33349,4122.336953532169
33350,6500.044032653272
33351,5812.781039759774
33352,6915.380719332588
33353,7782.604571689183
33354,4111.670279288954
33355,4001.4200984635663
33356,6016.279752860683
33357,7462.864119766264
33358,10811.3718980711
33359,5376.11391547663
33360,5798.10041644591
33361,5121.5978965553695
33362,5892.825007811632
33363,4374.799046174351
33364,8788.16663490921
33365,8188.127554670213
33366,11420.29760338186
33367,4396.248454512742
33368,5352.042592277653
33369,8550.347197880883
33370,10574.204095800964
33371,4097.923877574945
33372,9351.443708170931
33373,6105.041524428476
33374,4520.39161304506
33375,5190.195199740153
33376,4546.30301508363
33377,5082.713111432051
33378,4163.455763296013
33379,3686.99637346366
33380,4269.919259894484
33381,7131.013483626057
33382,5935.267154104328
33383,23390.107793514184
33384,5975.292371648822
33385,0.0
33386,0.0
33387,0.0
33388,0.0
33389,0.0
33390,0.0
33391,0.0
33392,0.0
33393,0.0
33394,0.0
33395,0.0
33396,0.0
33397,0.0
33398,0.0
33399,0.0
33400,0.0
33401,0.0
33402,0.0
33403,0.0
33404,0.0
33405,0.0
33406,0.0
33407,0.0
33408,0.0
33409,0.0
33410,0.0
33411,0.0
33412,0.0
33413,0.0
33414,0.0
33415,0.0
33416,0.0
33417,0.0
33418,0.0
33419,0.0
33420,0.0
33421,0.0
33422,0.0
33423,0.0
33424,0.0
33425,0.0
33426,0.0
33427,0.0
33428,0.0
33429,0.0
33430,0.0
33431,0.0
33432,0.0
33433,0.0
33434,0.0
33435,0.0
33436,0.0
33437,0.0
33438,0.0
33439,0.0
33440,0.0
33441,0.0
33442,0.0
33443,0.0
33444,0.0
33445,0.0
33446,0.0
33447,0.0
33448,0.0
33449,0.0
33450,0.0
33451,0.0
33452,0.0
33453,0.0
33454,0.0
33455,0.0
33456,0.0
33457,0.0
33458,0.0
33459,0.0
33460,0.0
33461,0.0
33462,0.0
33463,0.0
33464,0.0
33465,0.0
33466,0.0
33467,0.0
33468,0.0
33469,0.0
33470,0.0
33471,0.0
33472,0.0
33473,0.0
33474,0.0
33475,0.0
33476,4361.403749977276
33477,0.0
33478,0.0
33479,0.0
33480,0.0
33481,0.0
33482,0.0
33483,0.0
33484,0.0
33485,0.0
33486,0.0
33487,0.0
33488,0.0
33489,0.0
33490,0.0
33491,0.0
33492,0.0
33493,0.0
33494,0.0
33495,0.0
33496,0.0
33497,0.0
33498,0.0
33499,0.0
33500,0.0
33501,0.0
33502,0.0
33503,0.0
33504,0.0
33505,0.0
33506,0.0
33507,0.0
33508,0.0
33509,0.0
33510,0.0
33511,0.0
33512,0.0
33513,0.0
33514,0.0
33515,0.0
33516,0.0
33517,0.0
33518,0.0
33519,0.0
33520,0.0
33521,0.0
33522,0.0
33523,0.0
33524,0.0
33525,0.0
33526,0.0
33527,0.0
33528,0.0
33529,0.0
33530,0.0
33531,0.0
33532,0.0
33533,0.0
33534,0.0
33535,0.0
33536,0.0
33537,0.0
33538,0.0
33539,0.0
33540,0.0
33541,0.0
33542,0.0
33543,0.0
33544,3071.6617664360906
33545,0.0
33546,0.0
33547,0.0
33548,0.0
33549,0.0
33550,0.0
33551,0.0
33552,0.0
33553,0.0
33554,0.0
33555,0.0
33556,0.0
33557,0.0
33558,0.0
33559,0.0
33560,0.0
33561,0.0
33562,0.0
33563,0.0
33564,0.0
33565,0.0
33566,0.0
33567,0.0
33568,0.0
33569,0.0
33570,0.0
33571,0.0
33572,0.0
33573,0.0
33574,0.0
33575,0.0
33576,0.0
33577,0.0
33578,0.0
33579,0.0
33580,0.0
33581,0.0
33582,0.0
33583,0.0
33584,0.0
33585,15958.347279903059
33586,31693.749006726823
33587,0.0
33588,0.0
33589,0.0
33590,0.0
33591,0.0
33592,0.0
33593,0.0
33594,7513.994826191288
33595,0.0
33596,0.0
33597,0.0
33598,0.0
33599,0.0
33600,0.0
33601,0.0
33602,0.0
33603,0.0
33604,0.0
33605,0.0
33606,0.0
33607,0.0
33608,0.0
33609,0.0
33610,0.0
33611,0.0
33612,0.0
33613,5254.5851851302405
33614,0.0
33615,0.0
33616,0.0
33617,0.0
33618,0.0
33619,0.0
33620,0.0
33621,0.0
33622,0.0
33623,3306.791140674549
33624,0.0
33625,0.0
33626,0.0
33627,0.0
33628,0.0
33629,0.0
33630,0.0
33631,0.0
33632,0.0
33633,0.0
33634,0.0
33635,0.0
33636,0.0
33637,0.0
33638,0.0
33639,0.0
33640,0.0
33641,8215.407767628552
33642,0.0
33643,0.0
33644,0.0
33645,0.0
33646,0.0
33647,0.0
33648,0.0
33649,0.0
33650,0.0
33651,0.0
33652,0.0
33653,0.0
33654,0.0
33655,0.0
33656,0.0
33657,0.0
33658,8524.257226728521
33659,0.0
33660,0.0
33661,0.0
33662,0.0
33663,0.0
33664,0.0
33665,0.0
33666,0.0
33667,0.0
33668,0.0
33669,0.0
33670,0.0
33671,0.0
33672,0.0
33673,0.0
33674,0.0
33675,0.0
33676,0.0
33677,0.0
33678,0.0
33679,0.0
33680,0.0
33681,0.0
33682,0.0
33683,0.0
33684,0.0
33685,0.0
33686,0.0
33687,0.0
33688,0.0
33689,0.0
33690,0.0
33691,0.0
33692,0.0
33693,0.0
33694,0.0
33695,0.0
33696,0.0
33697,0.0
33698,0.0
33699,0.0
33700,0.0
33701,0.0
33702,0.0
33703,0.0
33704,0.0
33705,0.0
33706,0.0
33707,0.0
33708,0.0
33709,0.0
33710,0.0
33711,0.0
33712,0.0
33713,0.0
33714,0.0
33715,0.0
33716,0.0
33717,0.0
33718,0.0
33719,0.0
33720,1794.3808346821052
33721,0.0
33722,0.0
33723,0.0
33724,0.0
33725,0.0
33726,0.0
33727,0.0
33728,0.0
33729,0.0
33730,0.0
33731,0.0
33732,0.0
33733,0.0
33734,6584.875156073527
33735,0.0
33736,0.0
33737,0.0
33738,0.0
33739,0.0
33740,0.0
33741,0.0
33742,0.0
33743,0.0
33744,0.0
33745,0.0
33746,0.0
33747,0.0
33748,0.0
33749,0.0
33750,0.0
33751,0.0
33752,0.0
33753,0.0
33754,0.0
33755,0.0
33756,0.0
33757,0.0
33758,0.0
33759,0.0
33760,0.0
33761,0.0
33762,0.0
33763,0.0
33764,0.0
33765,0.0
33766,0.0
33767,0.0
33768,0.0
33769,0.0
33770,0.0
33771,0.0
33772,0.0
33773,0.0
33774,0.0
33775,0.0
33776,0.0
33777,7232.397002390172
33778,0.0
33779,0.0
33780,0.0
33781,0.0
33782,0.0
33783,0.0
33784,0.0
33785,0.0
33786,0.0
33787,2702.969974250232
33788,0.0
33789,0.0
33790,0.0
33791,6160.041652432709
33792,0.0
33793,0.0
33794,0.0
33795,0.0
33796,0.0
33797,0.0
33798,0.0
33799,0.0
33800,0.0
33801,0.0
33802,0.0
33803,0.0
33804,0.0
33805,0.0
33806,0.0
33807,0.0
33808,0.0
33809,0.0
33810,0.0
33811,0.0
33812,0.0
33813,0.0
33814,0.0
33815,0.0
33816,0.0
33817,0.0
33818,19914.09992460761
33819,0.0
33820,0.0
33821,0.0
33822,0.0
33823,0.0
33824,0.0
33825,0.0
33826,0.0
33827,0.0
33828,0.0
33829,0.0
33830,0.0
33831,0.0
33832,6279.540385095414
33833,0.0
33834,0.0
33835,0.0
33836,0.0
33837,0.0
33838,0.0
33839,0.0
33840,0.0
33841,0.0
33842,0.0
33843,0.0
33844,0.0
33845,0.0
33846,0.0
33847,0.0
33848,0.0
33849,0.0
33850,0.0
33851,0.0
33852,0.0
33853,0.0
33854,0.0
33855,0.0
33856,0.0
33857,0.0
33858,0.0
33859,0.0
33860,0.0
33861,0.0
33862,0.0
33863,0.0
33864,0.0
33865,0.0
33866,0.0
33867,0.0
33868,0.0
33869,0.0
33870,0.0
33871,0.0
33872,0.0
33873,0.0
33874,0.0
33875,0.0
33876,0.0
33877,0.0
33878,0.0
33879,0.0
33880,0.0
33881,0.0
33882,0.0
33883,0.0
33884,0.0
33885,0.0
33886,0.0
33887,0.0
33888,0.0
33889,0.0
33890,0.0
33891,0.0
33892,0.0
33893,0.0
33894,0.0
33895,0.0
33896,0.0
33897,0.0
33898,0.0
33899,0.0
33900,0.0
33901,0.0
33902,0.0
33903,0.0
33904,0.0
33905,0.0
33906,0.0
33907,12296.261122259075
33908,0.0
33909,0.0
33910,0.0
33911,0.0
33912,0.0
33913,0.0
33914,0.0
33915,0.0
33916,0.0
33917,0.0
33918,0.0
33919,0.0
33920,0.0
33921,0.0
33922,0.0
33923,0.0
33924,0.0
33925,0.0
33926,0.0
33927,0.0
33928,0.0
33929,0.0
33930,0.0
33931,0.0
33932,0.0
33933,0.0
33934,0.0
33935,0.0
33936,0.0
33937,0.0
33938,0.0
33939,0.0
33940,0.0
33941,0.0
33942,0.0
33943,0.0
33944,0.0
33945,0.0
33946,0.0
33947,0.0
33948,0.0
33949,0.0
33950,0.0
33951,5121.96483429126
33952,15457.532483034362
33953,0.0
33954,0.0
33955,0.0
33956,0.0
33957,0.0
33958,0.0
33959,0.0
33960,0.0
33961,0.0
33962,0.0
33963,0.0
33964,0.0
33965,0.0
33966,0.0
33967,0.0
33968,0.0
33969,0.0
33970,0.0
33971,0.0
33972,0.0
33973,0.0
33974,0.0
33975,0.0
33976,0.0
33977,0.0
33978,0.0
33979,0.0
33980,11124.765573063683
33981,0.0
33982,0.0
33983,0.0
33984,0.0
33985,0.0
33986,0.0
33987,0.0
33988,0.0
33989,0.0
33990,0.0
33991,0.0
33992,0.0
33993,0.0
33994,0.0
33995,0.0
33996,0.0
33997,0.0
33998,0.0
33999,0.0
34000,0.0
34001,0.0
34002,0.0
34003,0.0
34004,0.0
34005,0.0
34006,0.0
34007,0.0
34008,0.0
34009,0.0
34010,0.0
34011,0.0
34012,0.0
34013,0.0
34014,0.0
34015,0.0
34016,0.0
34017,0.0
34018,0.0
34019,0.0
34020,0.0
34021,0.0
34022,0.0
34023,0.0
34024,0.0
34025,0.0
34026,0.0
34027,0.0
34028,0.0
34029,0.0
34030,0.0
34031,0.0
34032,0.0
34033,0.0
34034,0.0
34035,0.0
34036,0.0
34037,0.0
34038,0.0
34039,0.0
34040,0.0
34041,0.0
34042,0.0
34043,0.0
34044,0.0
34045,0.0
34046,0.0
34047,0.0
34048,0.0
34049,0.0
34050,3171.2776593767776
34051,0.0
34052,0.0
34053,0.0
34054,2806.1446834323847
34055,0.0
34056,0.0
34057,0.0
34058,0.0
34059,0.0
34060,0.0
34061,0.0
34062,0.0
34063,0.0
34064,0.0
34065,0.0
34066,0.0
34067,0.0
34068,0.0
34069,0.0
34070,0.0
34071,0.0
34072,0.0
34073,0.0
34074,0.0
34075,0.0
34076,0.0
34077,0.0
34078,0.0
34079,0.0
34080,0.0
34081,0.0
34082,0.0
34083,0.0
34084,0.0
34085,0.0
34086,0.0
34087,0.0
34088,0.0
34089,0.0
34090,0.0
34091,0.0
34092,0.0
34093,0.0
34094,0.0
34095,0.0
34096,0.0
34097,0.0
34098,0.0
34099,0.0
34100,0.0
34101,0.0
34102,0.0
34103,0.0
34104,0.0
34105,3214.769902027926
34106,0.0
34107,0.0
34108,0.0
34109,0.0
34110,0.0
34111,0.0
34112,0.0
34113,0.0
34114,0.0
34115,0.0
34116,0.0
34117,0.0
34118,0.0
34119,0.0
34120,10295.684105718135
34121,0.0
34122,0.0
34123,0.0
34124,0.0
34125,0.0
34126,0.0
34127,0.0
34128,0.0
34129,0.0
34130,0.0
34131,0.0
34132,0.0
34133,0.0
34134,0.0
34135,0.0
34136,0.0
34137,0.0
34138,0.0
34139,0.0
34140,0.0
34141,0.0
34142,0.0
34143,0.0
34144,0.0
34145,0.0
34146,0.0
34147,0.0
34148,0.0
34149,0.0
34150,0.0
34151,0.0
34152,0.0
34153,0.0
34154,0.0
34155,0.0
34156,0.0
34157,0.0
34158,0.0
34159,0.0
34160,0.0
34161,0.0
34162,0.0
34163,0.0
34164,0.0
34165,0.0
34166,0.0
34167,0.0
34168,0.0
34169,0.0
34170,0.0
34171,0.0
34172,0.0
34173,0.0
34174,0.0
34175,0.0
34176,0.0
34177,0.0
34178,0.0
34179,0.0
34180,0.0
34181,0.0
34182,0.0
34183,0.0
34184,4931.74832637111
34185,0.0
34186,0.0
34187,0.0
34188,0.0
34189,0.0
34190,0.0
34191,0.0
34192,0.0
34193,0.0
34194,0.0
34195,0.0
34196,0.0
34197,0.0
34198,0.0
34199,0.0
34200,0.0
34201,0.0
34202,0.0
34203,0.0
34204,0.0
34205,0.0
34206,0.0
34207,0.0
34208,0.0
34209,0.0
34210,0.0
34211,0.0
34212,0.0
34213,0.0
34214,0.0
34215,0.0
34216,0.0
34217,0.0
34218,0.0
34219,0.0
34220,0.0
34221,0.0
34222,0.0
34223,0.0
34224,0.0
34225,12185.092786517971
34226,5530.038544515428
34227,0.0
34228,0.0
34229,0.0
34230,0.0
34231,0.0
34232,0.0
34233,0.0
34234,0.0
34235,0.0
34236,0.0
34237,0.0
34238,0.0
34239,0.0
34240,0.0
34241,4003.3449039201064
34242,4024.12085900999
34243,7604.211724916008
34244,3018.3337377122657
34245,5861.801617991448
34246,4808.377891379713
34247,6400.73578035288
34248,6212.130352986882
34249,0.0
34250,3086.724126656877
34251,6142.397350088674
34252,4981.274021820228
34253,4089.771647834931
34254,5437.005768729425
34255,4529.836932564298
34256,3265.5092057984666
34257,4380.191873550513
34258,6934.510255850958
34259,7745.102469864539
34260,6623.407032254125
34261,6753.916281320238
34262,3886.5133323572586
34263,5761.018500424487
34264,0.0
34265,7595.683451798841
34266,7343.75845359463
34267,9045.779528007533
34268,5855.286617136928
34269,2904.5178114381683
34270,4571.212604951207
34271,6044.678552255389
34272,7298.77145765276
34273,3975.9653724929226
34274,5201.008208670348
34275,4694.577398979471
34276,5699.478267640672
34277,2576.572578558126
34278,7159.733723788877
34279,4142.904711071258
34280,6923.2159365380085
34281,6685.310024526216
34282,4103.711083126563
34283,7327.870760009434
34284,5587.76425635271
34285,4451.724854638053
34286,3579.1218692995876
34287,7697.953780134547
34288,9965.789987008518
34289,5822.637569466854
34290,5123.903739730434
34291,8862.561684880053
34292,7480.951067076659
34293,5694.5500331177755
34294,6495.26484495124
34295,2274.9780389605403
34296,3008.559676381177
34297,4551.721160846693
34298,6601.69384722235
34299,8265.637267663307
34300,7057.5447425010725
34301,4043.4805241730915
34302,7599.354763527417
34303,7330.063867711085
34304,4959.896244213417
34305,2764.8003190420413
34306,10225.367727258512
34307,3795.4855543913673
34308,4620.1907385257
34309,7101.3659863225585
34310,3724.4644100997366
34311,5276.012718814709
34312,2830.980512095885
34313,5587.767209462783
34314,4930.6512979770205
34315,5028.120578764033
34316,8006.863802978059
34317,7859.20934132328
34318,5289.035499090027
34319,3243.5667149609917
34320,7002.6467791975365
34321,11444.563780332279
34322,5968.191062026842
34323,3982.2686565733297
34324,6226.965224381363
34325,5528.031590636473
34326,7036.636123083147
34327,8833.710387846697
34328,2188.5848920615667
34329,7600.570190733381
34330,5154.140461229161
34331,5091.923246845918
34332,8624.281476282713
34333,2507.094472551866
34334,4547.525974736972
34335,4784.671007713574
34336,6709.487375436652
34337,7361.997317788402
34338,4005.737693753595
34339,4174.077004582578
34340,6238.73354881154
34341,5866.5293642801835
34342,4580.761488266628
34343,6746.687801607505
34344,4150.14209112378
34345,5962.563572182709
34346,4258.3436779229005
34347,3044.4359087746366
34348,4894.284132882559
34349,6568.317080810698
34350,0.0
34351,6722.5643213875355
34352,7687.693876863435
34353,4133.016973343141
34354,8361.939370122243
34355,3046.3529424595413
34356,3698.8641446373153
34357,7609.2889218202745
34358,6437.372249501248
34359,7254.450555398555
34360,9586.950267743066
34361,6654.691909777905
34362,5037.010454248596
34363,6297.4374431426995
34364,6835.9128326574255
34365,3801.3488558655126
34366,2834.149779167521
34367,5440.0227623886785
34368,4811.988178281509
34369,5700.050280743723
34370,3488.2027371159566
34371,5372.280354591309
34372,6150.097234521268
34373,6167.730666889555
34374,5650.037273662014
34375,2800.4178385457058
34376,6002.989733694818
34377,6840.533197423636
34378,3442.5327126432785
34379,4893.056015643635
34380,3315.5872000449817
34381,5256.074229180157
34382,3398.7377552778444
34383,4800.15306678617
34384,4566.320867984764
34385,6688.130931003508
34386,5756.337785162552
34387,6336.181449026546
34388,11488.891532031877
34389,4377.127996070079
34390,4826.908940676982
34391,9060.839267299993
34392,5047.745667665799
34393,7265.164731133025
34394,6104.423541598011
34395,5325.997535865153
34396,5905.449591621409
34397,4511.449810620922
34398,4441.230786769466
34399,8269.012466407565
34400,6308.047703964316
34401,2808.955542974527
34402,3918.310577699688
34403,6854.4212445023195
34404,9269.940611145772
34405,0.0
34406,5752.753724673432
34407,4391.127969018439
34408,2122.1058640847073
34409,1651.898093918322
34410,3438.8002814269366
34411,5632.22609868714
34412,6636.735669446526
34413,4524.419366440646
34414,4175.888354124331
34415,7871.81919423581
34416,7316.513840954476
34417,7562.631875025939
34418,4896.567312621357
34419,7837.893549894684
34420,8929.784696808565
34421,3471.562489833252
34422,5114.214175693792
34423,4807.324234959362
34424,6144.919216294598
34425,2953.1806524641192
34426,5440.792796029409
34427,4545.841981162932
34428,8158.632065130266
34429,5627.390193826859
34430,7059.734648552516
34431,7515.145654013495
34432,5141.6824437644345
34433,7364.998957357916
34434,16555.30242662517
34435,8891.778930649136
34436,3939.594771561711
34437,2967.7239734278337
34438,6032.4716985697605
34439,7730.824839414318
34440,4645.767241246262
34441,8652.335932450873
34442,17831.506737376665
34443,4630.972367916082
34444,2480.002416424431
34445,10288.465323325063
34446,3267.636291381831
34447,5219.609322902171
34448,3370.6662209892065
34449,5826.895304083948
34450,3756.619361036015
34451,6352.962804474011
34452,5178.3124123401085
34453,6033.614364778312
34454,8759.628050664036
34455,5781.732468321568
34456,6189.064642469327
34457,6960.928972913526
34458,5268.141858887069
34459,5783.016536668102
34460,8641.835278682629
34461,4868.9797205812465
34462,5587.390835339498
34463,4006.6343751479517
34464,3161.0608813915715
34465,5202.689464249093
34466,4407.172137077275
34467,4669.8734690288165
34468,8256.056707112995
34469,9681.921451180435
34470,6648.913339331225
34471,4688.567946769216
34472,3663.8776807537715
34473,4988.668346308957
34474,4916.613543124101
34475,5627.3675131414075
34476,2905.3576626907934
34477,10577.550535079668
34478,5610.315109312449
34479,8586.466151407474
34480,5058.488919192973
34481,4114.039693510906
34482,3430.6809763065685
34483,3062.805884137306
34484,8216.544820324209
34485,5501.010742270437
34486,6175.361400389449
34487,12085.028321392101
34488,7318.513646702553
34489,4183.49191943513
34490,5110.812724933049
34491,2488.696775722827
34492,3864.1562846701645
34493,3901.302539072785
34494,3481.301726348094
34495,8502.631754820524
34496,4417.734973791766
34497,8464.98627873316
34498,10105.050958248667
34499,5566.960608771917
34500,5193.658206443564
34501,4620.019822645822
34502,5755.625200820434
34503,4633.5651042819845
34504,10976.726477763028
34505,5808.65227188371
34506,7072.40500891571
34507,3144.398811444056
34508,5328.963850768825
34509,4982.4851744836105
34510,8400.775810180503
34511,6328.942108839473
34512,5257.884776275652
34513,7221.923910852949
34514,4516.428053163269
34515,7976.95340359751
34516,7572.8657220715195
34517,6295.7060241166855
34518,8706.470205208017
34519,6804.293195316032
34520,8058.553152037872
34521,3625.0105601409364
34522,0.0
34523,4901.5823483383165
34524,7991.6899877724545
34525,7171.567182778972
34526,7024.448729196113
34527,5752.527919049511
34528,7646.290685093785
34529,4558.692430787072
34530,7408.34530041082
34531,6123.802907915858
34532,3126.754334511286
34533,12230.289883694975
34534,15657.022993702563
34535,7047.789996411651
34536,6814.425163486896
34537,6451.052003336521
34538,7804.32454082106
34539,7737.167963444467
34540,2736.8877523985543
34541,4130.878866692456
34542,5561.684255791065
34543,7734.096837250899
34544,2443.6833371882412
34545,4115.088208068325
34546,5415.141068780044
34547,4831.475244544082
34548,4551.848732828072
34549,2793.18041233943
34550,2781.761620695977
34551,6482.001389028381
34552,3739.8087729714575
34553,4417.994657113409
34554,5022.1527784761265
34555,4672.7670866887665
34556,8623.538051211588
34557,11191.20540340657
34558,4319.203783369998
34559,6767.33149795683
34560,5891.842770125027
34561,9975.081046184247
34562,5078.022319828708
34563,2728.708637564373
34564,4623.502524000331
34565,12730.598735073694
34566,4565.285782969758
34567,6329.13615480823
34568,1939.1555820003705
34569,3562.436959547325
34570,5473.578623901222
34571,6098.360940788617
34572,5246.311488710161
34573,9012.940602032246
34574,8638.07141478966
34575,7739.675783407311
34576,4194.778954025597
34577,11030.112598551135
34578,1827.58621531993
34579,3375.806209622286
34580,6133.417569845379
34581,4557.119335030582
34582,9905.7227447847
34583,2719.5641107413385
34584,5076.3270117338625
34585,5162.857459308817
34586,7273.639154235013
34587,9323.301078253156
34588,4596.994386888924
34589,3788.836317064775
34590,10050.980823885791
34591,9137.436347201345
34592,4504.67831102389
34593,5467.253557724557
34594,8073.496782398248
34595,5780.715141030142
34596,4604.037859580066
34597,3532.6026529303
34598,7175.675842494429
34599,4123.570275498338
34600,12504.481293193505
34601,7550.392608190822
34602,11272.258121161993
34603,6641.549227111061
34604,4471.092546106977
34605,2043.4746975875291
34606,6004.456212048396
34607,5535.465184356526
34608,4964.034590368146
34609,9369.80611947322
34610,5133.224288845138
34611,2731.5356693504123
34612,7039.558419257248
34613,3758.500972409449
34614,8671.129643545606
34615,6607.033446469528
34616,7036.451203621681
34617,7074.462148643799
34618,4309.995868643157
34619,6972.19496165192
34620,7158.167576133028
34621,4796.258419396954
34622,5773.372812476482
34623,4138.718636584796
34624,8758.914449608366
34625,5901.891485421663
34626,3397.995129883226
34627,4824.762196372455
34628,7750.205861368054
34629,5477.638180974018
34630,3667.181854199244
34631,5028.709153002371
34632,5148.614833107553
34633,4439.434832975062
34634,4661.067250935318
34635,9403.227697187855
34636,3971.8863683784098
34637,3626.0471894815914
34638,5492.255661645172
34639,5896.331871137785
34640,3601.329381805957
34641,4834.394476811016
34642,7957.8087625230555
34643,7759.532449744414
34644,10129.374310166526
34645,8263.577470154389
34646,7788.350908709191
34647,7536.668529914289
34648,4677.993729540244
34649,8990.00562969309
34650,7462.771588728307
34651,6293.460472530863
34652,4962.00032965049
34653,5142.632627744349
34654,4296.068105963111
34655,2265.853743011836
34656,11345.807457931827
34657,5376.481187167272
34658,5472.510323336247
34659,4825.043342557366
34660,1250.0936440846253
34661,7583.651471461974
34662,5940.0188159812715
34663,3779.5251701551483
34664,3779.380821247935
34665,5171.4429455876425
34666,5527.374911055673
34667,3944.6001016658706
34668,9071.632896395895
34669,4370.112620491074
34670,4270.4047918469305
34671,3652.4747816762156
34672,2625.6148181910626
34673,4719.002409151659
34674,13370.037911772288
34675,4280.705734613319
34676,5771.505396650518
34677,4779.424070592362
34678,3683.5629174089718
34679,3164.100702537532
34680,5444.029758174607
34681,2713.466128023773
34682,8621.992382552275
34683,5669.708023136635
34684,2731.5384576437114
34685,8315.546972952005
34686,2240.5371284753437
34687,4205.6580884857185
34688,9883.825191047654
34689,7423.772721162778
34690,9437.125084651798
34691,2216.0795358739265
34692,4655.613267013305
34693,4179.720434751845
34694,4658.784671504881
34695,15211.473750907362
34696,10272.319218629282
34697,5650.460118628823
34698,3122.4346626891033
34699,5276.21630521974
34700,4198.039808203397
34701,2339.063611859704
34702,8525.35974331626
34703,4534.4069822854435
34704,5444.324737356321
34705,7354.555613240114
34706,4454.67383176637
34707,4482.146248692034
34708,4951.2204762928695
34709,6688.041845400913
34710,6476.086565894299
34711,2773.258431695087
34712,5529.591606534467
34713,6131.562378298972
34714,7480.058401281432
34715,5471.656794083723
34716,6733.4239946007
34717,2187.802942489725
34718,8658.968708744118
34719,4452.97654837629
34720,3254.044894632454
34721,4309.059130022476
34722,4156.015638686095
34723,4358.480648238408
34724,6169.658790882488
34725,3968.779397091366
34726,6547.703148805219
34727,5097.159244088794
34728,7409.667903568058
34729,7950.1579778073665
34730,4748.971970308442
34731,7710.013406174119
34732,5900.376704615919
34733,2667.2564952185476
34734,10405.51740848554
34735,3691.94222871529
34736,2870.795112169138
34737,5795.277195114672
34738,9535.543984130849
34739,9001.230040567134
34740,4032.5892789429154
34741,4929.446741502444
34742,6208.095430596713
34743,6374.8669708660045
34744,4264.186626020672
34745,7455.537422333178
34746,2713.3483787337486
34747,4261.528919815578
34748,3721.1526599068106
34749,3145.6321422786787
34750,2485.1534058323873
34751,6785.603607505699
34752,6752.723357601905
34753,5168.011609274347
34754,4924.7428143880425
34755,7369.222323975365
34756,7748.5402701087805
34757,4903.386286501732
34758,0.0
34759,4809.501121655295
34760,6830.965001568207
34761,4871.695061273567
34762,2200.5849327558617
34763,5752.529556378603
34764,6818.2026701242075
34765,5488.260344653196
34766,5187.441837000356
34767,3132.9373707496507
34768,8611.420154726404
34769,2999.103464895495
34770,8274.785482160278
34771,5093.059615849435
34772,4203.103568186027
34773,7523.683148068195
34774,3595.5493655409687
34775,4163.11087147702
34776,8012.245207450181
34777,2529.1664580807233
34778,6289.168155792639
34779,8871.93537335054
34780,6480.768065641032
34781,2499.58214756012
34782,4606.391398886349
34783,4071.7839622015495
34784,2152.807370267877
34785,4613.199866209147
34786,5986.975559277645
34787,4699.597094623876
34788,4269.617066384252
34789,5057.114909205484
34790,4761.203389294581
34791,8676.286057939651
34792,4867.371117492714
34793,5712.811310391062
34794,3865.4952911394084
34795,5330.015119395381
34796,6061.177800785789
34797,6649.31909709985
34798,7861.635861608642
34799,7618.407516355923
34800,7320.671654574398
34801,5604.983835209288
34802,5525.893670837925
34803,2688.4004103028174
34804,5300.5882587210945
34805,8288.863783889328
34806,6571.27435160241
34807,8283.2132533958
34808,12798.865311861267
34809,2882.451194843613
34810,4621.881051675694
34811,4108.586257325752
34812,7849.196483125686
34813,9167.32002375961
34814,6874.695523789225
34815,7157.159138145092
34816,7302.066251783923
34817,6837.25380028872
34818,5533.239778881826
34819,4857.488175030507
34820,2062.494183607809
34821,4859.067272617603
34822,3042.607445914003
34823,3064.1024708582963
34824,6484.082059476726
34825,16587.72820114498
34826,4552.563705211182
34827,2992.7100868568195
34828,4769.654328834786
34829,3576.352055923293
34830,6178.0769749965675
34831,2154.9946732149483
34832,6407.802025510863
34833,6354.249956512047
34834,3993.729202095001
34835,11679.172411532209
34836,10036.006777310718
34837,3355.5377779107903
34838,5451.467951434438
34839,3573.342372886633
34840,3777.5896440062584
34841,4342.701108422209
34842,7940.157259333116
34843,3604.7088743711165
34844,4303.559438904476
34845,4787.216669552701
34846,4597.759839241708
34847,4808.451720971456
34848,6815.293952006711
34849,3079.959260299232
34850,7622.912561867444
34851,6285.229185638236
34852,4653.192866076525
34853,3916.9598265000377
34854,3742.546901792506
34855,4676.6815072174095
34856,4062.2007866224153
34857,8981.262590073175
34858,4474.407325169367
34859,3968.844183190539
34860,6762.986137098539
34861,5039.418632656921
34862,5234.970795547775
34863,5066.308968599563
34864,5845.3134095329215
34865,9411.905024520549
34866,6560.804211090276
34867,5685.985344083042
34868,3596.8998297682697
34869,4264.119846574251
34870,6340.501652802721
34871,3440.839973542062
34872,4137.174119131526
34873,5084.593599274687
34874,11222.967318956651
34875,7933.286527438717
34876,4702.771184401212
34877,4886.500557535367
34878,4592.33824774429
34879,6210.275415855494
34880,5203.698134733645
34881,8368.128407128062
34882,6109.3586845383015
34883,4497.678904275765
34884,3706.353636929379
34885,1818.0742322928638
34886,4010.6501326639714
34887,19233.980292248565
34888,2074.1761238105273
34889,4912.7917116138615
34890,6006.230432847998
34891,6854.508745387953
34892,5305.382869158091
34893,7741.423140191824
34894,5538.2293296057705
34895,5587.081581877956
34896,2644.113341657882
34897,7742.393223100818
34898,3855.363953987088
34899,6522.3942663828
34900,8419.1042445667
34901,3851.218575274859
34902,7489.031186549266
34903,5884.242955643355
34904,3159.068315244408
34905,7161.01301944784
34906,7314.346969119013
34907,2528.545010744023
34908,7929.110354272028
34909,6341.280819046913
34910,5312.948413219722
34911,8985.545544916988
34912,7603.011876063338
34913,6263.976759597676
34914,4356.469708157358
34915,3697.912461176279
34916,6146.441763036857
34917,3352.7187989303047
34918,5822.4350693854
34919,2401.398045804657
34920,5235.330958853031
34921,2718.2026106806356
34922,5311.678537329506
34923,4737.553459552047
34924,4467.54640313725
34925,5134.45606609141
34926,8056.757480487644
34927,5178.980755308439
34928,7038.352769239438
34929,5279.576090439756
34930,5736.857094463742
34931,8576.381298666165
34932,7321.457347484013
34933,4333.66961018331
34934,5101.675128281708
34935,5764.579473643124
34936,4609.2430881029795
34937,11943.136679173767
34938,5510.900860272904
34939,6405.035875441961
34940,8040.350284882167
34941,6164.965187352796
34942,2073.0481074617283
34943,0.0
34944,8806.221763600659
34945,6310.451281936361
34946,7057.888959866268
34947,6810.510611981506
34948,7932.876165592761
34949,4976.764709630103
34950,4141.106205362461
34951,0.0
34952,4949.424277940246
34953,7438.866588014488
34954,2622.057835678465
34955,7066.2941775596155
34956,6193.636301582311
34957,7549.381722559939
34958,7125.777827628621
34959,4918.410826058312
34960,7390.7565098973255
34961,4286.727277163581
34962,4524.278829029463
34963,4588.396710066694
34964,3944.8301417350785
34965,5838.418321792279
34966,6493.818779963531
34967,7838.461394312325
34968,5773.140723511553
34969,4150.7306197942025
34970,5439.33977850459
34971,6536.97664419394
34972,7090.661652584139
34973,3230.0461094129196
34974,2589.0221330059417
34975,8277.336408001947
34976,5289.973692792582
34977,3779.7022790401993
34978,6551.427501497318
34979,6848.344995909636
34980,5874.301718310608
34981,4344.882509801943
34982,2001.3821457885797
34983,6011.295733613923
34984,5843.9131171328945
34985,4612.939650209279
34986,8263.977539832484
34987,6723.995900803252
34988,3315.974381889496
34989,5468.711136677318
34990,2797.7461463127274
34991,981.4891878274643
34992,5099.395093245977
34993,9009.462921110047
34994,5402.556930485284
34995,4310.85748227876
34996,2998.246285254922
34997,5009.181544840545
34998,8056.786575373801
34999,5385.708894607729
35000,8151.101131336164
35001,3808.3928986861565
35002,4367.756236855742
35003,3261.3353762912584
35004,5848.860009615744
35005,3184.90976168476
35006,2483.5096976744862
35007,4407.862866099836
35008,3620.8828991630517
35009,7196.309087744535
35010,4002.518081583306
35011,4520.793987082044
35012,5288.794046905383
35013,7666.66203049095
35014,4625.385868044148
35015,3650.676498926864
35016,9486.378850873869
35017,6745.007275881009
35018,6070.801731676854
35019,2006.1516644276335
35020,4887.005684835597
35021,5138.07651996195
35022,3531.4727178990115
35023,7557.232088832585
35024,8533.354237573141
35025,5987.117618766219
35026,6523.350585635075
35027,5563.718473589841
35028,6917.225311612036
35029,10335.128854575849
35030,3049.707148456434
35031,3454.3943236896457
35032,4977.11464127772
35033,5284.718746394224
35034,5744.149602572656
35035,7959.891623910381
35036,6258.6221305414765
35037,5991.879124075476
35038,2594.842647674082
35039,5734.445400621089
35040,8829.928896984064
35041,3397.5491133729365
35042,6205.599666904797
35043,3242.5176910829737
35044,6386.49519441196
35045,4641.809722322041
35046,5173.690426935687
35047,5619.811519079005
35048,4443.87772700212
35049,4090.496895629648
35050,7297.893685563977
35051,4283.841892370023
35052,7599.957524021494
35053,5245.30291783004
35054,7575.513133451015
35055,4844.083658624412
35056,3548.1893437966182
35057,7541.429751422195
35058,2701.8974079145405
35059,8923.224441883183
35060,5323.796929834964
35061,4364.929914103976
35062,6796.897530987091
35063,4323.5304518913335
35064,3973.463439376458
35065,5857.898680047105
35066,2685.7499938156125
35067,2668.8279301283233
35068,5333.484712690384
35069,6207.560549527662
35070,9943.45698766007
35071,5554.050303698004
35072,5066.188197419224
35073,3848.578237154339
35074,5774.3272231416195
35075,2931.7695594026004
35076,9891.106283539559
35077,7734.478434065858
35078,12306.08938415611
35079,5324.749098424386
35080,4832.845336970617
35081,6719.39087359506
35082,8419.982103572314
35083,2808.406285099497
35084,8870.601707354346
35085,6236.690397795202
35086,5015.837702582012
35087,5598.639413233999
35088,4686.563143712135
35089,3324.04087690211
35090,4841.669051861496
35091,3362.3354245061164
35092,2868.8935674369814
35093,7337.618659154231
35094,6696.1583616023745
35095,22188.35173471522
35096,6601.127092691599
35097,4479.130033107281
35098,7089.687292086674
35099,11058.983296193199
35100,5479.473491426385
35101,7009.770227107905
35102,5656.423306257423
35103,7568.677143322902
35104,7622.612221197389
35105,4352.60611431633
35106,5403.272481762404
35107,7684.956760822019
35108,7926.980187956979
35109,7016.610244854816
35110,6568.819955891147
35111,6265.321512432154
35112,4296.940931890225
35113,6072.746713661091
35114,9802.275354715723
35115,9577.245714340452
35116,9270.92500814704
35117,7723.984050099416
35118,3974.659503651287
35119,6544.222151586566
35120,3450.5513040030423
35121,7899.8811558222305
35122,10330.201591095103
35123,8395.064446133007
35124,5790.108876556654
35125,4906.916184532219
35126,4907.873271096001
35127,5917.805351081931
35128,9773.730207674944
35129,6596.0477533908615
35130,5592.929937971136
35131,4416.728866768739
35132,7281.072941151586
35133,3505.562181147436
35134,8161.3432454294325
35135,4596.763701421039
35136,6655.979421683425
35137,6992.576896104133
35138,5749.760232088909
35139,8184.257086902801
35140,5181.6158122953175
35141,4944.375180906241
35142,6252.306212587787
35143,7795.585682335634
35144,11644.446044081325
35145,6722.36207759212
35146,7664.532686941149
35147,8213.2292823003
35148,9950.780583093454
35149,6866.624432181006
35150,9126.115270774637
35151,3463.7286008742367
35152,4516.393267921892
35153,5694.580556640076
35154,6968.269686717212
35155,8582.419548705724
35156,8072.987668993349
35157,5633.272315338028
35158,8187.8344643539685
35159,5922.766357002401
35160,9194.96592583502
35161,3915.415943984416
35162,12305.351598990661
35163,4779.646256307033
35164,5540.724869264705
35165,8394.22368495601
35166,5669.917618818698
35167,6478.4259374628955
35168,6538.9355392085945
35169,7345.446752780119
35170,5634.146230590156
35171,4439.8991770548455
35172,7516.445678052861
35173,8010.827633707617
35174,7121.08285308756
35175,5081.819061918577
35176,7374.088214550996
35177,10663.543893809036
35178,6800.447304595257
35179,5271.483082564857
35180,7422.603892519107
35181,6294.747048927354
35182,6560.687476773081
35183,7230.054285926414
35184,3902.881235122782
35185,8312.081318931807
35186,6014.5791690989
35187,6968.968325408114
35188,9861.246704884928
35189,5131.93775726476
35190,5892.991853174007
35191,4131.114400595075
35192,8075.080990008816
35193,8014.59671841675
35194,4917.890253425829
35195,4170.75103328368
35196,5430.8286770572195
35197,6457.937567852247
35198,4447.029211235372
35199,8332.350500993736
35200,5719.2258255256775
35201,7260.6796059042435
35202,5498.189321942314
35203,4502.394709695348
35204,6979.599649599392
35205,7907.0011481169495
35206,6356.370236434729
35207,8451.6471248194
35208,8339.64763049401
35209,5202.97461356218
35210,9112.737355057916
35211,5455.9612758077365
35212,6961.699717100511
35213,9040.30214605966
35214,5925.6413717703135
35215,9680.856560668122
35216,9646.573976577003
35217,6974.725223749528
35218,6478.946981682292
35219,6973.642109462769
35220,8492.602922164948
35221,4782.2963629215765
35222,3404.1203023648736
35223,5525.858059778997
35224,8198.499224626317
35225,6215.291277135623
35226,4687.407167085541
35227,7909.662347869183
35228,5526.790964373208
35229,5803.636424603916
35230,5993.425620953993
35231,5024.193103866989
35232,7244.214020085131
35233,6731.58665506779
35234,5299.202448044251
35235,6189.310021201727
35236,4515.16330707282
35237,6430.10832339773
35238,3377.0085340368255
35239,7192.794564152243
35240,5688.391894842064
35241,8684.801562374754
35242,6360.533724639692
35243,5229.18167682788
35244,9272.471973346308
35245,5049.453765636298
35246,5516.512719618468
35247,10018.572941855242
35248,6922.67379697082
35249,8484.008913514292
35250,7825.853484494995
35251,6446.153479457564
35252,6413.376324126275
35253,5209.651086792067
35254,7586.728717342033
35255,10454.107622225953
35256,7700.962913404648
35257,3688.8816872607044
35258,4914.021153136888
35259,8530.246112178718
35260,9694.67375451584
35261,5484.628990154165
35262,6837.471470273559
35263,4992.550190457209
35264,4259.53206769412
35265,3082.0797498767433
35266,4564.1312250824285
35267,6701.0240351672
35268,7469.937413509475
35269,6484.599408069087
35270,5925.372972018248
35271,8565.198082871919
35272,9787.788262987491
35273,7938.866236253939
35274,4738.161652090313
35275,9226.505875382452
35276,10457.835769631607
35277,6036.814200250225
35278,7425.496434935933
35279,5585.6370593716165
35280,6943.76602947228
35281,4427.995627762024
35282,5828.047923205548
35283,5326.529325061624
35284,9245.668624857013
35285,7009.7392845251925
35286,9030.105334114178
35287,8030.221976687812
35288,6018.900040747911
35289,9120.534868429937
35290,18385.693220627236
35291,10531.589200374357
35292,5412.987223950815
35293,3428.6693943897167
35294,6445.052338010286
35295,8801.563347024905
35296,5700.9208854523
35297,12269.2813726957
35298,20371.66978232883
35299,3625.7224851278097
35300,5121.312749205738
35301,8842.850115348045
35302,4965.061693030823
35303,7711.185152326178
35304,6415.3946146300195
35305,7562.496906774065
35306,4711.4712822444335
35307,6149.851678841496
35308,6185.261969318797
35309,7491.676695958757
35310,7773.613858100531
35311,6321.395445031592
35312,6499.883444564408
35313,6205.883521448037
35314,4422.75322832674
35315,5419.362411164252
35316,7306.947582571808
35317,4942.775352616869
35318,6603.136423496835
35319,6893.250097085951
35320,5942.372248968698
35321,5801.012262776606
35322,7170.621719452257
35323,7025.0271878685235
35324,8585.215778930533
35325,9987.723397945567
35326,7769.041948382571
35327,5784.000607691803
35328,4351.500175555096
35329,12012.517299662444
35330,7111.915233307594
35331,6267.227087738754
35332,4118.856957848517
35333,9114.005568787934
35334,6687.819652847673
35335,10163.646581130772
35336,6202.036316435904
35337,5870.498472160308
35338,5325.602079983903
35339,5220.450363185071
35340,9918.214976406325
35341,5036.350025091111
35342,8744.389821108496
35343,14355.826758363832
35344,8087.443604631246
35345,5765.604444789022
35346,6111.352788277437
35347,4841.57491398481
35348,7598.943228625072
35349,4541.731898245092
35350,5310.082929786564
35351,9657.662198753564
35352,5558.204625181491
35353,14110.905419511399
35354,12980.687619912815
35355,5607.046151270574
35356,6879.561239098986
35357,6839.689084570398
35358,7084.709671967949
35359,5413.794170303447
35360,10572.520118790124
35361,7636.33747209148
35362,8788.159956515534
35363,3946.0005149773683
35364,7678.536555032709
35365,5789.4477788769655
35366,8261.344138630959
35367,7517.980321540756
35368,6374.852676042047
35369,7245.107665205568
35370,6250.466040879442
35371,8661.103143553511
35372,9439.925095422203
35373,6443.400177664821
35374,9917.524842702704
35375,7112.754943028222
35376,8965.47533173551
35377,5991.463856331936
35378,4670.919015554995
35379,5613.7384399619805
35380,10120.022307156516
35381,7256.999172339443
35382,8079.757982740785
35383,7007.801946565428
35384,9046.56715645256
35385,5354.653163568342
35386,8868.319900953586
35387,6823.247597022555
35388,4068.4817535315524
35389,14050.526963208278
35390,17198.194422426535
35391,6497.6087232597065
35392,7547.154257845791
35393,8781.234225936107
35394,9804.028407592696
35395,10395.590234885482
35396,6064.4437573199175
35397,6934.069853324214
35398,6301.840816378978
35399,9048.002143925867
35400,4147.279750969579
35401,6059.465090778237
35402,5957.706869390534
35403,4774.537919002836
35404,7305.365291901472
35405,4718.438287485611
35406,4356.533987441595
35407,7641.396947786239
35408,3765.3480907230132
35409,4916.891244477452
35410,6162.143922234275
35411,6075.434144678753
35412,10176.527509859141
35413,8446.561059102143
35414,5785.876041815684
35415,6747.294362308074
35416,6823.368537236409
35417,10582.000201824832
35418,6878.822995186402
35419,6218.266598449592
35420,4003.360585479988
35421,10907.17348144251
35422,4846.951959719976
35423,6778.320427327805
35424,3379.8913196524622
35425,4708.599108350289
35426,5559.714140402426
35427,6083.793096769491
35428,5523.435720831021
35429,8791.652095287194
35430,9580.172300758037
35431,11418.57332799096
35432,6166.005601578173
35433,9898.006692950645
35434,2685.870613084214
35435,5763.486713217234
35436,6934.517712225998
35437,4845.089782062983
35438,9133.217062858108
35439,5507.323255198572
35440,4981.553766157026
35441,8748.892047373703
35442,10301.509588466279
35443,8572.309735750812
35444,5585.183501016783
35445,5537.118844828331
35446,12346.492426464023
35447,9747.804797589768
35448,5722.123404021832
35449,5550.404101974937
35450,7386.293336313765
35451,9323.0345860228
35452,4805.552180649257
35453,5503.261803407098
35454,8533.286991220899
35455,8592.177511741382
35456,13018.213156285403
35457,6649.038174725716
35458,11822.878258018574
35459,6414.833014009113
35460,5246.859064512736
35461,3367.912850312272
35462,5939.3121428934555
35463,5663.427397816027
35464,6232.610244973826
35465,9206.318591417223
35466,4691.494595972504
35467,4485.283915568192
35468,7893.703442145018
35469,3812.906501340897
35470,7114.653042883167
35471,7366.491200958659
35472,6739.9088982122485
35473,8696.84036620518
35474,5747.576047996524
35475,9823.742264274435
35476,6009.689311314901
35477,5594.928845500534
35478,5284.9257967808635
35479,4948.958695661719
35480,10230.470700979376
35481,6257.747572926916
35482,4735.9521417487385
35483,7000.232848673431
35484,8942.90155126213
35485,7646.155450738097
35486,6229.5201364729555
35487,8442.245476570564
35488,5625.5736288183425
35489,5937.302043717382
35490,5021.654522588242
35491,9809.499421845168
35492,5515.586577097153
35493,6559.228410204145
35494,4941.065950601927
35495,5870.995370041113
35496,4809.196432572254
35497,6188.3557933446045
35498,7837.479046364217
35499,8712.835702673126
35500,11462.783802267553
35501,10987.3138906793
35502,8953.626081951848
35503,8805.092604514424
35504,5095.456129437453
35505,9519.159887581734
35506,10821.180457163879
35507,6472.2415388938825
35508,7764.321094446537
35509,8790.232056537538
35510,5584.00659082164
35511,3493.804143653293
35512,9943.229077976157
35513,4890.370538372977
35514,6704.779781553988
35515,5537.788280438846
35516,2887.6952613254666
35517,11609.726902559107
35518,5990.789435147919
35519,5373.088984261993
35520,5126.929428811667
35521,5642.538362814194
35522,6387.08558368915
35523,7514.074994435887
35524,7279.154909103148
35525,5127.643592641917
35526,4456.722867117054
35527,3922.158966317287
35528,3414.435007452767
35529,7307.073010299501
35530,17859.158643079783
35531,4561.493139337726
35532,6485.830741021766
35533,6730.394640908618
35534,5600.971606746919
35535,5157.73934499832
35536,5753.316487518717
35537,4025.4974217825143
35538,7081.622509229069
35539,7012.398750555759
35540,3497.5845564697493
35541,9087.871506158292
35542,3795.903829238764
35543,5065.828861493606
35544,10955.893415915996
35545,8148.786953447826
35546,9652.632154755327
35547,5144.66107416689
35548,6786.740794236318
35549,5171.572060470409
35550,5456.313885575178
35551,14941.61182366068
35552,8646.954167400936
35553,7443.204672439122
35554,5888.706480148286
35555,5111.4752980624535
35556,6092.205571089145
35557,4128.467725234738
35558,9707.876964092731
35559,5325.603394706329
35560,5096.348001090763
35561,8585.260848136979
35562,5312.9249480818935
35563,6377.676395675399
35564,6552.580077133962
35565,7164.745021322221
35566,7705.628447670323
35567,4216.887649527609
35568,5153.42423703293
35569,5972.043148293919
35570,9372.8128105254
35571,8393.263140823394
35572,7571.696445487111
35573,3622.9847467712266
35574,7425.2938098837885
35575,5857.885409472687
35576,5064.19972113827
35577,7318.613824128507
35578,7162.2595919665055
35579,6083.9008462094325
35580,6503.913167098863
35581,6357.754408036492
35582,7144.011075233131
35583,5707.382261959227
35584,6686.9292962102
35585,7281.07962130709
35586,4667.118001844048
35587,8429.92237553053
35588,5971.443846052662
35589,4871.486408873958
35590,12671.68976668637
35591,5892.030356596285
35592,3154.2120439487912
35593,7716.721064038703
35594,8612.38888130719
35595,9812.108180336825
35596,4385.837680067774
35597,6307.491147749046
35598,5440.327008847214
35599,6639.827280988503
35600,6209.582775159098
35601,9314.814287976467
35602,3393.486060751812
35603,6309.3965141174385
35604,5979.409228221037
35605,5227.1953353931485
35606,4063.39621884187
35607,7302.394040062217
35608,8167.600341303622
35609,6208.82259803343
35610,8036.386197470462
35611,7455.448080383278
35612,8733.720809684954
35613,5132.739413783124
35614,5540.704159031872
35615,5186.386018740113
35616,8800.729936926919
35617,8885.495299871736
35618,3876.8660955889827
35619,8516.556520562966
35620,6896.61650604763
35621,7147.271454278483
35622,5003.511275336552
35623,4386.4698541817215
35624,6657.540463874604
35625,5814.36499073977
35626,8911.705470914198
35627,7845.960446573568
35628,5608.847751616384
35629,8564.379328469091
35630,5834.737042782415
35631,6690.9873484805885
35632,6804.443608302322
35633,5408.539811964989
35634,8490.637245645394
35635,10732.446646323739
35636,7430.4186361170405
35637,5001.154849111813
35638,4383.4438353323185
35639,4366.644580048272
35640,3219.2406018215247
35641,7788.045107200705
35642,5294.646591934086
35643,9117.144527333254
35644,4080.7395073618713
35645,5594.832871353992
35646,5810.632729983786
35647,8876.86461520258
35648,6051.04731095392
35649,5170.130752603252
35650,5763.192548069495
35651,7721.503965720888
35652,5650.437550559262
35653,7704.498975997888
35654,8169.958197240964
35655,8772.641067330489
35656,8124.365793045679
35657,7408.47558288745
35658,6095.047078146482
35659,4917.475232913595
35660,6046.693028583188
35661,10794.002097057615
35662,8411.273877671865
35663,9676.649293982513
35664,16153.104710049129
35665,5505.8498095514615
35666,4590.9220823090245
35667,6078.852967881277
35668,8755.39200515061
35669,8502.502413063346
35670,7486.368375020902
35671,7780.560084050933
35672,8342.757136562095
35673,6155.475832679547
35674,6684.645780823223
35675,6150.560885574044
35676,5442.202302739356
35677,4749.931923073712
35678,3641.097606884698
35679,5253.72169697119
35680,8329.397385739172
35681,17346.028859715665
35682,6361.429723066812
35683,5058.470585598406
35684,7768.982393219445
35685,4546.409776549757
35686,6722.8263931254205
35687,4622.998105383822
35688,9079.828978009846
35689,6057.57615222477
35690,7259.912355314479
35691,13187.040185498447
35692,11656.29296593539
35693,5538.938185042349
35694,6176.882568358681
35695,3982.207037161564
35696,5163.872423916524
35697,5221.846335364452
35698,7507.885931350865
35699,4882.187319859345
35700,5260.863256620521
35701,4861.778848173525
35702,5859.2324817654235
35703,7732.358279890771
35704,7352.246041668548
35705,3838.0561548024425
35706,7983.088974902011
35707,8281.553873114033
35708,7241.288285472239
35709,5340.946323604637
35710,4516.205464680202
35711,7870.937271727183
35712,3721.8417311854146
35713,9396.398420712205
35714,4874.954175655942
35715,6145.120435252549
35716,7544.441361082456
35717,5892.951893447294
35718,4385.170263972489
35719,5763.79682300313
35720,5784.799297782517
35721,9892.648661936584
35722,9466.574752326775
35723,6389.800488521552
35724,4013.6997669201237
35725,5172.0745113285475
35726,6116.05902321856
35727,4659.638638635689
35728,6531.687528091854
35729,6088.897105398302
35730,10151.053692818385
35731,7955.114960643045
35732,6634.850000576068
35733,7617.356021995624
35734,3821.082504708434
35735,9298.88011937461
35736,5793.6924394400785
35737,12275.58670310847
35738,6733.25604480341
35739,5764.857885686497
35740,5225.212709211934
35741,4753.452431674138
35742,7171.629066641524
35743,19269.475688401937
35744,4126.28553020833
35745,5886.488762430642
35746,10382.007383013139
35747,7029.958926736787
35748,7230.468183433195
35749,8676.079395781375
35750,6124.192908326277
35751,5184.543253411057
35752,4428.2608145083295
35753,10133.194856746504
35754,6192.868298125045
35755,6847.222751640619
35756,8590.159258261025
35757,4163.164339519282
35758,6897.840503169269
35759,6602.106467949191
35760,4314.44892642714
35761,8658.986721911326
35762,10602.05273331336
35763,4213.46519881023
35764,7566.036057384939
35765,8272.607997184978
35766,5803.440839321096
35767,9752.816323083727
35768,7278.427048155896
35769,8786.755294367631
35770,4971.97401215161
35771,5391.290414618377
35772,7102.600127362151
35773,3756.551980903087
35774,8135.3889914557685
35775,4076.0837192950585
35776,5913.668147628234
35777,4548.276346479895
35778,5254.077962146079
35779,5959.701921906522
35780,6826.276562450941
35781,7233.32290497088
35782,8959.68443337445
35783,5138.84056512062
35784,7654.061320453268
35785,5198.868723946369
35786,9267.791108195168
35787,9024.471913252532
35788,6961.88766111549
35789,4073.2060523050272
35790,5265.0141705724545
35791,6882.3070705741975
35792,4429.844187864371
35793,11558.228098501084
35794,4958.463081913409
35795,6744.741458778453
35796,10143.467412161172
35797,7012.890996650274
35798,4262.696399965652
35799,7903.924110974811
35800,10313.839257812771
35801,5762.507915481668
35802,8751.33343613569
35803,9051.082596219616
35804,6407.15511757923
35805,5352.704166266624
35806,7187.560919838673
35807,4792.472205616105
35808,4659.324082039573
35809,7471.2924927656495
35810,4669.811752395682
35811,7779.237534056889
35812,7794.7972650796755
35813,6733.532943377507
35814,8211.31610047549
35815,5858.44969873892
35816,6697.107205655468
35817,5322.510859033138
35818,6571.8253581503
35819,7510.890945245121
35820,6545.050379597975
35821,6264.722913158701
35822,7029.04339116429
35823,9247.129574640678
35824,6631.727601259862
35825,4365.568439801827
35826,6800.68538406943
35827,7620.949688211078
35828,7116.964227667055
35829,4574.894397779035
35830,4125.956671497528
35831,7556.99892458239
35832,7659.406289036007
35833,5658.453863671853
35834,7826.857187645403
35835,6803.786498358004
35836,6334.281617761723
35837,5861.607171576511
35838,3306.4353692630466
35839,7278.099866760032
35840,7299.822893148658
35841,6605.185022842577
35842,9497.782132506043
35843,8287.693400676924
35844,4719.354509046712
35845,7986.106331184607
35846,3972.5234739619627
35847,2547.1292888760677
35848,7975.62489467215
35849,10057.09088718291
35850,7685.033373085025
35851,7027.095014251971
35852,3499.8787364444506
35853,6707.14261035633
35854,8284.019631471612
35855,6061.228019652877
35856,8530.11137756239
35857,5081.595862857099
35858,4719.045225223771
35859,4525.531118240813
35860,5813.033102888993
35861,5381.4558981159
35862,5016.848083884395
35863,5223.536675878625
35864,4331.148885965525
35865,6593.095914780244
35866,7455.379421671604
35867,4339.119373723226
35868,6261.59818605824
35869,7860.844624636546
35870,5573.14040967056
35871,4168.556240427464
35872,9404.341664403042
35873,7676.613948106713
35874,5492.153374290089
35875,3757.9164776568705
35876,12467.129365752337
35877,6863.944732733607
35878,5492.598607742876
35879,7235.0849542971955
35880,8219.148767982026
35881,7368.055145542154
35882,6583.85227286836
35883,7130.040973038108
35884,9928.563595245363
35885,10102.11645008739
35886,5060.106106594037
35887,4543.876077542202
35888,5772.338468215593
35889,6398.947606863616
35890,5863.836278902167
35891,9083.287428386013
35892,8581.457074774502
35893,5376.084375490141
35894,4071.8795642691157
35895,6312.697217269097
35896,10716.052970455054
35897,5234.313540474678
35898,7553.160078070373
35899,3549.113831541535
35900,8104.40537150432
35901,7206.508459102131
35902,7457.85631942166
35903,8435.825951940666
35904,6722.404632458828
35905,3618.6116427174097
35906,7007.656700101909
35907,7900.835688185411
35908,8175.7032701232965
35909,7346.390979727148
35910,8340.231978651096
35911,6512.475488357044
35912,4410.522118542898
35913,9301.540529948472
35914,3701.1006078430773
35915,9428.405826411168
35916,5609.578188238216
35917,4855.585332089538
35918,7145.511799361356
35919,6014.367400634991
35920,6937.308794914439
35921,8114.53248240318
35922,3749.018105222456
35923,4682.339163377738
35924,7845.416869870927
35925,8923.576480450442
35926,8826.306858720964
35927,6002.101873315555
35928,5929.351583380743
35929,6297.469088663012
35930,6604.0581477241485
35931,5182.032276207661
35932,10494.987235859233
35933,8834.90249875375
35934,10285.61334472014
35935,4211.546078664539
35936,6302.595454772745
35937,9009.21272103365
35938,9176.658444363802
35939,5302.645889087194
35940,10262.252517126524
35941,5738.155174815046
35942,5861.956435427752
35943,4994.855297471115
35944,5687.780961818723
35945,5304.968342590417
35946,4652.67647527627
35947,4052.119609677406
35948,4876.535156914861
35949,8460.84702920824
35950,6954.00362228341
35951,23384.10314709806
35952,7098.727600429942
35953,4473.419416067005
35954,7381.153956650726
35955,10796.362637251117
35956,6976.512185904373
35957,7056.826213651879
35958,5646.239999291614
35959,7951.56722387027
35960,8015.085055570694
35961,4150.498879070684
35962,5485.544156743038
35963,7445.332798983422
35964,8078.694152283248
35965,7093.579109113248
35966,8042.591738471012
35967,5992.610548783122
35968,3976.5103717022735
35969,5943.635287556872
35970,9476.180592980685
35971,10214.895041169422
35972,9685.302516454056
35973,7768.053388371083
35974,5140.138254051363
35975,6129.160453263544
35976,3398.3295358315695
35977,7748.056473720798
35978,10426.332357363119
35979,8405.942430677887
35980,5691.064387984314
35981,5366.434472481793
35982,5341.959137033219
35983,5775.875821227203
35984,10130.918827989924
35985,6499.0904613975445
35986,5636.377197791104
35987,4290.298582428462
35988,7821.290583033473
35989,3426.3147577477916
35990,7706.210591063084
35991,4544.91946529033
35992,6031.309584303177
35993,6800.6362669164855
35994,5726.551477077379
35995,7871.334877537551
35996,5137.252606321352
35997,5011.116312645979
35998,6415.63922196972
35999,7529.923145283881
36000,11618.37413534443
36001,6575.275426972663
36002,8301.75364834965
36003,8454.42063456127
36004,9755.176909651844
36005,6895.844484177982
36006,9087.060426320031
36007,3563.3598051868644
36008,4941.03909351142
36009,6196.406674086017
36010,6708.699584846707
36011,8004.467587815025
36012,7868.025291813362
36013,5625.166917641566
36014,8015.334696054682
36015,5556.0477163657815
36016,9849.190908616822
36017,3703.7871731639034
36018,12814.053547216534
36019,5065.223468412355
36020,5456.545682526647
36021,8524.09982967666
36022,5956.438931595884
36023,6770.349864290405
36024,5919.195177291834
36025,7534.719478892867
36026,5485.485264919
36027,4315.609691977528
36028,7097.976252855
36029,7814.518822020589
36030,7369.179814151166
36031,5118.748481751701
36032,7197.249837373077
36033,9940.707343322516
36034,6556.249696853657
36035,5831.521325553152
36036,6979.074912089134
36037,6240.098492994682
36038,6037.915845701968
36039,6505.796060220549
36040,3789.4876279505784
36041,8119.925441241521
36042,6125.8178166640455
36043,6810.371522890499
36044,10302.989087445114
36045,4092.6318128085013
36046,5975.834038108631
36047,3795.3555029983027
36048,8192.645846363735
36049,7838.462146152378
36050,5099.620095207565
36051,4330.09667336523
36052,5512.912255336926
36053,6204.871732210913
36054,4382.848454956392
36055,7495.363971757174
36056,5406.96068829936
36057,7685.442872504524
36058,5773.594083605617
36059,4224.93543923451
36060,6929.503500157919
36061,7758.355071633573
36062,6732.160478116808
36063,8133.826012746818
36064,7978.150624264644
36065,4921.700145223723
36066,9213.91163367881
36067,5404.5820123456415
36068,7222.864763559907
36069,9281.548991342894
36070,5267.674775788009
36071,10013.17334970975
36072,9267.66237010195
36073,6448.084650089887
36074,6449.050618752716
36075,6581.7866202055575
36076,8168.090132229863
36077,4825.4278052718755
36078,3251.6390448716897
36079,5854.146516144637
36080,8318.458933882988
36081,5876.046558799372
36082,4554.114608346646
36083,8011.719622077949
36084,5755.426627176198
36085,5504.649604213893
36086,5940.7947309034125
36087,5217.418556283439
36088,7894.991927450558
36089,6832.105975805736
36090,5373.042337207526
36091,6087.207712869708
36092,4494.837417036072
36093,6348.16873924634
36094,3268.683832247326
36095,6470.905391327711
36096,5785.227492441446
36097,8517.632880282077
36098,6063.591912085976
36099,5233.302243670987
36100,8869.86569182244
36101,5755.491760824127
36102,5267.846736541776
36103,9968.617483859842
36104,6253.002925370866
36105,8378.041039417147
36106,7567.486857529027
36107,6309.210140663936
36108,6271.551902993213
36109,4838.04283370246
36110,8497.23347411419
36111,11147.023303067235
36112,8285.53738224999
36113,3644.7449808553756
36114,4879.521487294993
36115,8389.762587620073
36116,8730.48604094206
36117,5338.763770452922
36118,6963.1487223928025
36119,5162.119161068658
36120,4680.578264057893
36121,3173.8960810610397
36122,4846.307922785543
36123,6503.749793553515
36124,7457.353380119911
36125,6700.363009929889
36126,5680.733775810264
36127,8289.253752428325
36128,9584.590437764096
36129,7838.4378378825095
36130,4213.605386566561
36131,9415.374071206244
36132,10122.150953399025
36133,6243.572771215936
36134,7702.928627386187
36135,5646.967009290628
36136,6545.46096795219
36137,4185.928806073583
36138,6409.657322188898
36139,5061.508436552749
36140,9503.30405464858
36141,6951.469754872132
36142,9056.054667563294
36143,8444.614681652087
36144,6004.799611915491
36145,9124.101978038048
36146,19783.009856201803
36147,10677.947709456043
36148,5868.132248107355
36149,3255.2284859891793
36150,6100.365420428566
36151,9482.913030228927
36152,5377.005256958954
36153,12568.354471851242
36154,19410.864445497966
36155,3418.226888490569
36156,5410.218572242339
36157,10554.537773827513
36158,4777.80978815055
36159,8104.733580798669
36160,6774.842615134535
36161,7840.948464058794
36162,4289.071679968881
36163,5474.034455382316
36164,5526.433594983881
36165,7709.673976319054
36166,7291.2808289025415
36167,6004.411448956665
36168,6096.191741668394
36169,6361.749816114356
36170,4266.473751503778
36171,5014.714750593809
36172,6999.996030563419
36173,4895.898894286449
36174,6459.398129982492
36175,6729.510945722999
36176,6356.846804122715
36177,6144.213065130176
36178,7508.77987320977
36179,7120.365287682826
36180,7873.398025426769
36181,9902.617494938137
36182,7698.5313579783615
36183,5625.427592695609
36184,4002.052468719453
36185,12432.729587444182
36186,7432.262979932807
36187,6414.688159764747
36188,4019.2977548685058
36189,9409.360514823236
36190,7176.38341060557
36191,9995.343680595932
36192,6464.341589619694
36193,5759.923063659138
36194,5713.9938781234505
36195,5268.76783846318
36196,9762.071896992464
36197,4291.058561926763
36198,7985.277034746568
36199,15549.037787095562
36200,7890.900129517964
36201,8000.974602733202
36202,5737.075996011485
36203,4752.316268945175
36204,7120.145686957767
36205,4492.827726370237
36206,5826.542054345055
36207,10433.284247646257
36208,5230.151904774025
36209,15355.788497089465
36210,13993.93432199315
36211,5097.028179413791
36212,6841.6993445000135
36213,7121.114381214393
36214,7083.096549076915
36215,5443.451033119932
36216,10229.452678877624
36217,7512.106600854299
36218,9725.408790072051
36219,3954.2555926189684
36220,7604.310126193354
36221,5422.985521240528
36222,7898.676126135721
36223,7163.016146810487
36224,6180.857516627905
36225,6938.747113941515
36226,6254.433500974056
36227,7943.117029206154
36228,10374.815645529838
36229,6065.190512074927
36230,9730.38698114633
36231,6935.353449471709
36232,9682.902157050647
36233,6027.840351364721
36234,4709.124569492624
36235,5575.614538574166
36236,10174.615293480907
36237,6803.53157236798
36238,8015.739710915578
36239,7102.852957518202
36240,8794.61612499221
36241,4974.200317658042
36242,9046.929872657038
36243,7450.85206571471
36244,4160.271250122087
36245,14094.671540532558
36246,18163.217842057064
36247,5931.781480923021
36248,7224.240870326453
36249,9429.326791544896
36250,9977.978268415307
36251,10976.195657019056
36252,5975.42916077337
36253,7212.272980780685
36254,6034.729304655425
36255,8347.275952664113
36256,3852.682656330528
36257,6270.077716556418
36258,5720.866499044168
36259,4660.062518229959
36260,7107.070197140817
36261,5215.394866825482
36262,4642.261097929069
36263,7563.165626055806
36264,3579.0182938818807
36265,4749.882982054794
36266,6429.3635724995875
36267,6170.711880237947
36268,9904.42252646864
36269,7725.048281664729
36270,6077.359455749624
36271,6547.733403811149
36272,6711.585124631148
36273,11610.852559237122
36274,7394.929750831967
36275,5491.465957742633
36276,3949.1025194785943
36277,10319.14118749098
36278,4653.916153745374
36279,6450.539694662044
36280,3559.913394324817
36281,5118.152847248682
36282,5772.926449656135
36283,5787.671451949199
36284,4818.800740672735
36285,8350.925111826411
36286,9908.29402700352
36287,12278.166893130758
36288,6435.396987435491
36289,8870.638142440872
36290,2770.592479426095
36291,5320.334428544813
36292,6313.932605027509
36293,4788.223456182682
36294,8691.194549310037
36295,5616.778100408534
36296,4988.263559422841
36297,8447.842713561504
36298,11504.37476191346
36299,10639.089723929648
36300,5405.160398764169
36301,5579.515793862582
36302,13190.437010212323
36303,9362.231242369651
36304,6445.815519004278
36305,4971.271454174797
36306,7115.752912422388
36307,10717.174030690116
36308,4416.030581212872
36309,5890.049496376253
36310,8124.556097022518
36311,7897.777130540232
36312,14470.477205464207
36313,6112.382212074495
36314,12240.678970602361
36315,6193.468883780067
36316,5236.253035186673
36317,3822.8787363912015
36318,5979.125195342818
36319,5416.379821061678
36320,6312.556614880878
36321,7932.50586048373
36322,4170.880564300157
36323,4855.929383242242
36324,7604.052824306226
36325,3662.8809269109374
36326,7035.620391130335
36327,7110.821017395515
36328,6773.7012056977355
36329,8544.65244255647
36330,5746.088068030117
36331,9552.740917063229
36332,5996.774899281201
36333,5648.092153641244
36334,4800.932710389589
36335,4813.886936713123
36336,10709.200335747388
36337,6543.0586248550835
36338,5050.811680988376
36339,7083.4489432113205
36340,8723.879446022966
36341,7598.309619546178
36342,6321.131899061772
36343,8144.9098526810585
36344,5544.544689833566
36345,5430.876378459628
36346,4995.657461306521
36347,8714.1501976681
36348,6588.813822339554
36349,6819.5540211971775
36350,4368.245150276472
36351,5607.8585963209
36352,4739.856295400604
36353,6112.5153384863725
36354,7352.3769779140985
36355,9137.684749506547
36356,10796.082751429705
36357,11023.10853196419
36358,8577.217134175267
36359,9047.175594661943
36360,5237.767599808112
36361,9689.952832724905
36362,10623.101813536709
36363,5857.256404823311
36364,8351.487237017665
36365,8170.180644969537
36366,5641.896233831673
36367,3788.7631374295984
36368,9605.7875692385
36369,4915.947255873849
36370,6975.302961647055
36371,5446.460708369283
36372,3123.4241301654865
36373,12339.97022566988
36374,5821.375873984607
36375,5183.163044251158
36376,4611.388421096365
36377,5305.6309579615245
36378,6409.747943786189
36379,8111.597421646379
36380,6805.683628601456
36381,5429.510882996554
36382,4301.423756126495
36383,4211.908123349178
36384,3498.7528505610308
36385,7104.914763716143
36386,17949.317320166298
36387,4966.205212670238
36388,6342.094710981821
36389,6694.407201763025
36390,5398.677371454706
36391,5475.598317357275
36392,5173.863175560362
36393,4243.23567037749
36394,6404.575788436055
36395,6979.545519481068
36396,3398.0366126867375
36397,8799.008198070514
36398,3767.166598892382
36399,4931.318425341976
36400,10671.678284374837
36401,8148.197432268719
36402,10412.02792102903
36403,5364.232246201005
36404,7299.668145067203
36405,5093.3061728143775
36406,5302.7240303455355
36407,15657.079882024189
36408,8127.093502255839
36409,7111.171553881317
36410,6362.032273643441
36411,4752.0098466712025
36412,5637.877516376013
36413,5342.22943329103
36414,12411.708284269098
36415,5523.30901712272
36416,5065.825015085741
36417,8160.841074156573
36418,4740.373829980311
36419,6686.814006072799
36420,7206.679937183564
36421,6736.785540328339
36422,7343.917459058281
36423,4240.590129949031
36424,5082.744242884434
36425,5341.598871512958
36426,9640.600416261637
36427,8243.630003874661
36428,7150.795098269502
36429,3663.5622435150653
36430,7009.773602832247
36431,5942.406726243558
36432,4977.251051217888
36433,6899.234359250968
36434,7242.160024839967
36435,6269.80339206471
36436,6390.569603440569
36437,6479.87927060357
36438,6567.862951879475
36439,5881.139201860665
36440,6634.815551114304
36441,6267.1315183162005
36442,4459.900995004215
36443,8240.637351390045
36444,5395.909018226913
36445,4679.733721253926
36446,12206.671775963583
36447,6845.254642308252
36448,3375.4638816571546
36449,7363.942006258553
36450,7740.636754539976
36451,10707.36437341976
36452,4491.102554417685
36453,5949.55205756795
36454,5164.507215695864
36455,6752.125240493246
36456,5937.96592097588
36457,9406.88308181561
36458,3474.8732944770345
36459,6607.1368322785775
36460,6240.668750769242
36461,5614.107849431339
36462,3927.8081771116085
36463,7060.803606465487
36464,8103.29614873316
36465,6310.718263493067
36466,8548.378589378453
36467,7426.354530256933
36468,8623.506729997684
36469,4614.083581263991
36470,5463.581246192287
36471,5148.699839175689
36472,8865.474198357555
36473,7909.537036449676
36474,5493.884427736324
36475,8368.382739454622
36476,6727.7229790460915
36477,7494.144618022557
36478,5092.551614191839
36479,4714.367880160207
36480,6575.633983000217
36481,6057.679856622727
36482,8806.867990421515
36483,7727.6663736568835
36484,6060.043278617973
36485,8419.949520779923
36486,6670.64255322567
36487,6919.70005151325
36488,6588.505644659613
36489,5752.558917599883
36490,9039.845511221261
36491,10460.74467559347
36492,7413.540254868898
36493,5020.371482263388
36494,4239.627529791993
36495,4067.237100360475
36496,3362.489916277632
36497,8074.391992004949
36498,4708.413032781436
36499,8694.687338101437
36500,3664.8872278141907
36501,5461.572048812719
36502,5641.50974371384
36503,9518.609204069595
36504,5528.483934584511
36505,4455.415393596477
36506,5717.587577929339
36507,7768.4353507631595
36508,5382.398968321812
36509,7674.598847167309
36510,7614.188459846982
36511,9359.691277447
36512,7908.332989122601
36513,7616.571798075238
36514,5850.381467711288
36515,4869.997179844084
36516,5672.809313298057
36517,10044.958241663317
36518,8797.975652051811
36519,10534.436912130068
36520,15066.253946066297
36521,5833.305404309583
36522,4745.736426754631
36523,6563.678922440568
36524,8254.76484243681
36525,8094.607584477788
36526,6999.459490927061
36527,8305.8393786529
36528,8157.544100100595
36529,6039.047839602713
36530,6720.933433356928
36531,5877.4582751500875
36532,5294.678890204982
36533,4472.864180079173
36534,3906.042837169915
36535,5489.742946848176
36536,8404.101353952145
36537,17594.267731726854
36538,6417.172974515236
36539,5346.429140552388
36540,7573.306049830531
36541,4607.016029555512
36542,6467.0588342854135
36543,4750.843809413621
36544,9647.177289499974
36545,5664.479708266432
36546,6620.588503663488
36547,13682.953587835063
36548,10653.893809628657
36549,6013.780658152169
36550,6202.207989719893
36551,4106.1558953514495
36552,5227.866872644733
36553,5433.001482554522
36554,7293.003173968121
36555,4892.400174596248
36556,5063.531560320927
36557,5007.553359234275
36558,5865.719584660088
36559,7199.161601671609
36560,7489.449892098141
36561,3855.1992949077785
36562,7305.958744091752
36563,8424.312690580284
36564,7489.254094175126
36565,5098.119729811147
36566,4617.897659965697
36567,8349.808922620989
36568,3526.0670464871187
36569,9250.890186100023
36570,4800.801753212459
36571,6174.535346960008
36572,7449.459945993871
36573,5927.8915867174
36574,4239.415007243655
36575,5561.6973517793
36576,5764.4020379178855
36577,9378.452300831985
36578,9536.104142076234
36579,6131.798997659612
36580,4183.054492088865
36581,5335.237991948498
36582,6147.384536397118
36583,4821.449134629235
36584,6874.545435304934
36585,6052.302872449097
36586,9871.49201598199
36587,7950.202104219145
36588,6484.915701625203
36589,8191.945279898164
36590,3807.967354967697
36591,9234.284507915654
36592,6132.636921514743
36593,13650.864563175372
36594,6272.510906409449
36595,5577.832041877706
36596,4853.172680946185
36597,4389.40325101937
36598,7649.521486431004
36599,17854.335148402726
36600,4008.2884416390307
36601,5232.395359678088
36602,10045.272135158964
36603,7009.006817405547
36604,7410.567334140744
36605,8446.823970733318
36606,6130.719527048699
36607,4740.8578399510625
36608,4795.10091488546
36609,10329.059774094922
36610,6243.968619948774
36611,7120.545898724516
36612,8361.676955023746
36613,4170.664529305307
36614,6544.4643286654255
36615,5973.978993646953
36616,4523.483971082666
36617,8978.200670307962
36618,9630.37437715778
36619,4316.68654351059
36620,7444.893303095101
36621,7935.402936792824
36622,5695.387999137105
36623,9288.125968911583
36624,6772.982080481503
36625,8448.28255107502
36626,4733.701328465903
36627,5318.38329563392
36628,7458.639793169511
36629,3800.147028151815
36630,8125.33141827717
36631,4274.650340163939
36632,5736.696385233062
36633,4377.099278308782
36634,5150.953494668883
36635,6305.263728591889
36636,6860.615963065735
36637,7298.028242240906
36638,8250.41966357543
36639,4934.561544988535
36640,7634.7421313174755
36641,5716.885667060547
36642,8308.538521934324
36643,9007.069470423832
36644,7109.605728856007
36645,3519.5893592551074
36646,5035.945372166797
36647,7128.602919619379
36648,4492.5846321430845
36649,10552.9270931397
36650,4757.325171161725
36651,7128.8950010158005
36652,10485.350495934468
36653,7347.49991421388
36654,4211.328422645984
36655,7869.425023915694
36656,10167.609316396782
36657,5679.323293284962
36658,9189.510388718423
36659,10159.400764644677
36660,5532.915268667865
36661,5228.1422720963465
36662,6544.0745206555475
36663,4824.306634436942
36664,4456.908781311364
36665,6939.6140065748705
36666,4830.750236421675
36667,6813.379300123214
36668,7374.346727583847
36669,7052.965972228317
36670,8170.400727519231
36671,5963.833126171112
36672,7002.1411074755415
36673,6122.32402359144
36674,6419.490848834944
36675,7047.861854845504
36676,6741.169458080741
36677,6357.272902557404
36678,6755.205340981398
36679,9514.37965685031
36680,5968.160540165061
36681,4495.853094983384
36682,6692.9275790984675
36683,7495.531352057516
36684,7300.623771889592
36685,4480.3112170099175
36686,4183.802215457997
36687,7634.20666083885
36688,7355.245693007483
36689,5426.514452363784
36690,7774.034854069258
36691,6059.597555612801
36692,6637.5035277257075
36693,5754.95836995827
36694,3820.322029884891
36695,7159.2372755192155
36696,6657.576876109116
36697,6495.744732904855
36698,9984.4962328471
36699,8749.351089079515
36700,4561.701633141259
36701,8919.987126865726
36702,4384.142977212083
36703,3029.86603863939
36704,8274.632421144765
36705,10195.540995121455
36706,8151.423180811544
36707,7119.108289155491
36708,3519.1737799423263
36709,6452.277134074305
36710,8958.007734628758
36711,6424.339804889152
36712,8399.0916623747
36713,5158.864982785961
36714,5161.819621905893
36715,4374.87461716609
36716,5441.704703790606
36717,5234.97342816603
36718,4840.7752499895
36719,5074.831536919534
36720,4169.939404138226
36721,6522.660769588461
36722,6973.588134393524
36723,4011.507733667186
36724,6447.343084116652
36725,7348.4763784534125
36726,5929.0441662484645
36727,4289.203897675586
36728,8860.679636477933
36729,7882.748246310473
36730,5181.541212963956
36731,3899.2752600643703
36732,12042.355415521362
36733,6816.867481736182
36734,5510.885638210705
36735,6816.84625236812
36736,7851.988739426317
36737,7641.7851108977175
36738,6123.98221239003
36739,7152.586550001792
36740,9014.25633986263
36741,10335.414015048202
36742,4969.414288674118
36743,4669.7985972035585
36744,5555.694438292369
36745,7215.160439033558
36746,5364.319889109259
36747,9488.247225425872
36748,8737.100946534336
36749,5206.429990168804
36750,4267.194172871784
36751,6505.945911636347
36752,11769.984898861268
36753,4767.313719583469
36754,7650.813255869683
36755,3608.4061573844065
36756,7840.554354557955
36757,7713.355593489675
36758,7630.795595647186
36759,8875.469153729036
36760,6725.592849272052
36761,3269.9363958349163
36762,6862.184761039773
36763,7327.203964669558
36764,8321.262147015004
36765,7249.527785634294
36766,8337.264453995449
36767,6805.385367110639
36768,4401.0100778351525
36769,9559.416245027012
36770,3648.5272042768725
36771,9396.32994742049
36772,5185.716636935544
36773,4490.1974590452965
36774,7423.71712860441
36775,6457.26273105658
36776,6904.176688409763
36777,8312.5614215485
36778,4019.459736518487
36779,4496.756486908902
36780,8256.529731115903
36781,9015.055058906522
36782,8445.755194575517
36783,5547.418681431055
36784,6439.585189520071
36785,6813.521045877626
36786,6381.098371596694
36787,5496.25250587993
36788,9691.081281008685
36789,8619.69744086948
36790,9928.992523996318
36791,3817.9868597580876
36792,6079.649522753155
36793,9003.715191942341
36794,9929.31578752679
36795,5175.702614809356
36796,10356.260592983619
36797,5826.192183044701
36798,5720.476320223627
36799,4704.983135372884
36800,5787.380381792412
36801,5547.907615999252
36802,4517.190312796468
36803,3956.7447243626534
36804,4838.549793020598
36805,8556.681659144033
36806,7632.591459979342
36807,23645.77539561879
36808,6715.121774613917
36809,4730.524191213794
36810,7805.074946571374
36811,11140.10684118291
36812,6287.194666583903
36813,7263.899687029342
36814,5732.3613830583145
36815,8934.951654023997
36816,8562.500385448524
36817,4434.78778048706
36818,5632.60415670654
36819,7311.789139812309
36820,8691.495592587093
36821,7263.023073410218
36822,7620.353585904775
36823,6098.2322784815415
36824,4019.671293714124
36825,6035.694721039421
36826,10170.103174020285
36827,10422.96347479343
36828,10319.43884647968
36829,8378.09895669275
36830,4737.182348916344
36831,6090.181341465008
36832,3702.820171303334
36833,8038.819340123342
36834,10647.399102862097
36835,8744.076174831689
36836,6142.314862765226
36837,5904.438369799436
36838,5212.549555393723
36839,5831.389531537377
36840,11337.08584768409
36841,6756.509232556245
36842,5372.02957077744
36843,4381.921546000273
36844,8432.547965434775
36845,3510.2578702226665
36846,8253.861635171847
36847,4582.1563913119635
36848,5798.478470074876
36849,6774.028455887175
36850,5849.997817030592
36851,7739.957261693156
36852,5232.358213421368
36853,5647.881606082186
36854,6793.126304473047
36855,7365.751055082038
36856,11384.175663103493
36857,6468.842501252158
36858,9032.829490714366
36859,9163.20029769361
36860,10339.940971979066
36861,7173.966572841088
36862,9436.789811487197
36863,3580.6504217789125
36864,4765.574227027094
36865,6641.374891198735
36866,6543.466696168087
36867,8098.372567212908
36868,7847.7615540065335
36869,5874.814581009981
36870,7736.800378546936
36871,5944.359236002368
36872,9429.540342816841
36873,3931.5905185155743
36874,14519.786896684636
36875,5292.728679954412
36876,5654.005507518069
36877,9049.536161688686
36878,6336.739048935558
36879,7112.695412562077
36880,6037.241460801323
36881,7746.999885000477
36882,5379.622023539326
36883,4464.829107828367
36884,7280.527445463084
36885,8056.568430521559
36886,7987.022190978118
36887,5305.090378684006
36888,7367.200786562243
36889,10143.908133638153
36890,6639.120621556086
36891,6027.796805393332
36892,6893.6334317624505
36893,6359.28530014694
36894,6340.805216963619
36895,6728.046973481794
36896,3905.1967016518884
36897,8420.826228788917
36898,6583.598184000943
36899,7009.8059659685405
36900,11233.933764091871
36901,4393.976140081768
36902,6011.864158822996
36903,4099.97458892433
36904,8590.464722667977
36905,7872.433965525396
36906,5243.584564638615
36907,4350.431391857932
36908,5553.501084993529
36909,6224.428234141746
36910,4498.174113309222
36911,7814.548034677554
36912,5632.325069473462
36913,7826.235416369163
36914,5913.074851402409
36915,4437.383705390999
36916,7140.0434884071965
36917,7304.058976427149
36918,6987.033573494128
36919,8248.49381363008
36920,8596.334188840043
36921,5134.9610275239465
36922,9429.44809264759
36923,6334.001132882718
36924,7669.758518027604
36925,9365.52927835575
36926,5425.587905205187
36927,10469.836008009419
36928,9747.083051082462
36929,6558.044659998313
36930,6161.445046633944
36931,6856.833379344259
36932,8181.677199097924
36933,4902.992434375728
36934,3441.14386615667
36935,5872.185342053173
36936,9109.96400036511
36937,6026.64586431962
36938,4750.677533309415
36939,8330.997137462906
36940,6110.340941587646
36941,5674.999369081297
36942,6134.158311237615
36943,5434.825336591827
36944,8251.178354429114
36945,6906.654559215998
36946,5507.40408215686
36947,6192.580231554619
36948,4811.966052095167
36949,6718.710799896979
36950,3323.895660872318
36951,6518.184781358447
36952,6117.412930679236
36953,8742.446774466465
36954,6507.3344872164525
36955,5421.226498705902
36956,9145.185200428734
36957,7201.664894845553
36958,5389.415771110344
36959,10811.814877653302
36960,7069.64765268372
36961,8438.699473443608
36962,7925.683227809104
36963,5820.927368581974
36964,6231.949549772832
36965,4927.6007187774785
36966,8279.129905606527
36967,12322.97129098534
36968,7907.127389075057
36969,3694.9054368729444
36970,5728.211052342142
36971,8983.066696353293
36972,9218.058599431266
36973,5476.9366969241355
36974,7318.856824132662
36975,5238.3780987408
36976,4702.989981964595
36977,3309.0857694976894
36978,4996.850573333298
36979,6366.638913474072
36980,7690.826173820138
36981,7025.909427896991
36982,5965.511663847496
36983,8487.295233189003
36984,9597.029890909382
36985,7963.180898676404
36986,4369.752307514814
36987,9852.717359841135
36988,11188.995464613437
36989,6240.978439684455
36990,8014.426320998576
36991,5671.702752873031
36992,6957.482321909426
36993,4031.6285855807537
36994,6762.40965112321
36995,5613.887335787654
36996,9957.692908067647
36997,7031.1597216465525
36998,9209.120192846343
36999,8713.449909195879
37000,5737.427716698412
37001,9771.921720787102
37002,20455.784393450063
37003,11267.582807342833
37004,6290.277245646547
37005,3342.6359435635372
37006,6299.499894287564
37007,9928.58278106418
37008,5164.238353989742
37009,12689.854013600549
37010,19567.28721744127
37011,3537.527000859753
37012,5646.980970449954
37013,8959.53509021639
37014,5633.598572795572
37015,8682.90109893832
37016,6726.7654641988465
37017,8237.353822464327
37018,4275.616307734199
37019,6085.93394312196
37020,5837.643172219753
37021,7887.969355649651
37022,7764.035278109017
37023,5795.808833112176
37024,5875.494731347857
37025,6589.118125122114
37026,4683.514796316599
37027,5441.879596533448
37028,7350.7895604340365
37029,4800.367832115405
37030,6560.076426259288
37031,7306.153776133954
37032,6377.030698518197
37033,6804.909367042179
37034,7563.645429537761
37035,7520.837523349072
37036,7715.772652986284
37037,10214.319861231563
37038,7458.588109469603
37039,5767.579511228281
37040,4137.006890117107
37041,13923.161293849762
37042,7592.367665753953
37043,6596.306164414385
37044,4064.930379174252
37045,9958.348718873283
37046,7291.74847575585
37047,10692.431099516207
37048,6902.060578626415
37049,5663.973756090694
37050,5551.934353890404
37051,5198.174074862553
37052,9695.82749908769
37053,4499.11907631381
37054,8128.644596865252
37055,15364.491119327147
37056,7898.049476011349
37057,6243.141654031531
37058,5378.830986416501
37059,5114.711220888629
37060,7121.128592013998
37061,4597.496080401396
37062,5880.888556856107
37063,10334.707752595828
37064,5270.721429420322
37065,17094.46013412114
37066,14924.287172817792
37067,5037.69285226885
37068,7173.501756682552
37069,7340.774490642714
37070,7169.144500538927
37071,5587.490273891328
37072,10632.07186880766
37073,7468.5692397643315
37074,9760.502017952736
37075,4106.4613353328195
37076,8001.4848944463465
37077,5247.4131540943
37078,8215.448756587222
37079,7032.329530738275
37080,6174.160342065571
37081,6847.599097599551
37082,6237.880402092899
37083,8308.795574948097
37084,9911.762888634066
37085,6155.327322795459
37086,10366.499415796447
37087,6787.495471149338
37088,10114.702086716388
37089,6092.051150169985
37090,4994.217782137086
37091,5682.081953422486
37092,10832.140436432754
37093,6767.3625595953345
37094,7492.544027404826
37095,7503.7098802904175
37096,9094.413121391408
37097,5015.614330047011
37098,8704.898294658196
37099,7301.317311403033
37100,4179.234810842776
37101,16118.975342106653
37102,18141.222955886577
37103,6294.8353570429745
37104,7604.345335798835
37105,9942.268100128998
37106,10315.00659425689
37107,11258.701166559236
37108,5958.937803647647
37109,7692.312288623266
37110,6080.283865219892
37111,8393.827640073472
37112,3876.6880075781446
37113,6658.774879261804
37114,6005.026275455896
37115,4725.720329721579
37116,7418.841756398967
37117,5642.919138741958
37118,4812.584099418716
37119,7554.632766563081
37120,3423.8221943069607
37121,5130.060969733077
37122,6386.714998073592
37123,7221.685323557738
37124,10072.358405684718
37125,7956.553568617964
37126,6167.345169543174
37127,6389.448915589055
37128,6694.308812073671
37129,11608.624637301813
37130,7822.252430411118
37131,5792.9799120800635
37132,4138.106664290375
37133,10779.115655491869
37134,4775.684301285709
37135,6873.374144671631
37136,3524.1233778487112
37137,5844.791733266924
37138,5862.4858632884425
37139,5814.31362383751
37140,4918.394915421779
37141,8476.974688260994
37142,9579.581076853003
37143,12827.119329799594
37144,6331.644336787186
37145,8738.82458208516
37146,2987.8350682299333
37147,5662.227828369833
37148,6455.549034519533
37149,4816.809410073064
37150,9263.441703860346
37151,5807.413710439649
37152,5230.620956042596
37153,8963.044197030687
37154,12117.773887322763
37155,9299.77315772485
37156,5446.403223019355
37157,5388.163393053315
37158,15943.20634752795
37159,10168.254964435011
37160,6559.862607329436
37161,4986.179447392907
37162,7590.256506719606
37163,10679.013700551866
37164,4889.550199218224
37165,6124.941362483383
37166,8576.76538165496
37167,8736.91741238707
37168,14507.662263264741
37169,6175.610282809204
37170,13165.871515320929
37171,6131.982099393778
37172,5250.049730459949
37173,3531.491429961915
37174,6403.635282234012
37175,5199.321545939289
37176,6367.943825106612
37177,7554.656607941707
37178,4343.724022102105
37179,4686.337702565973
37180,7571.901231731878
37181,3906.357919923097
37182,7291.9206027162345
37183,7388.9626506641025
37184,6978.113584103146
37185,8944.918254977792
37186,5631.825012182816
37187,9890.07510709079
37188,6346.683705580884
37189,6046.685008098276
37190,5044.698682524421
37191,5651.017425886452
37192,11082.88302470585
37193,6586.351010302732
37194,5273.25799962283
37195,8063.517923617957
37196,8651.486041655699
37197,7749.362256939815
37198,6604.7947025578405
37199,8915.465275860206
37200,5649.987171475531
37201,5428.372543018843
37202,5132.005868794655
37203,8709.027766273963
37204,6400.263448798304
37205,6826.023243703516
37206,4458.005807783723
37207,5707.232217282895
37208,5016.401696717885
37209,5700.776282508452
37210,7123.427659835219
37211,9158.179029745144
37212,11412.079099465132
37213,11435.757265193024
37214,8324.327350565014
37215,9459.121683891342
37216,5216.144967192332
37217,10177.191165731947
37218,10719.034397325024
37219,6042.187338657045
37220,8662.9332360577
37221,8172.268188682744
37222,5862.725711115972
37223,3786.9994680651566
37224,10092.828322091722
37225,5241.207117330277
37226,7363.168157287399
37227,5489.729603162904
37228,3281.259234243033
37229,12489.100391619997
37230,5735.024930117633
37231,5374.351911194744
37232,4718.1746054742725
37233,5600.577144733966
37234,6466.654696800724
37235,9121.557258454724
37236,6807.28577714452
37237,5642.133392229809
37238,4392.845725433881
37239,5112.569971233538
37240,3407.1937924740464
37241,7296.739108425481
37242,18492.551101113942
37243,5028.5270019411955
37244,6361.244051564089
37245,7571.55956855393
37246,5435.879890604707
37247,5664.2016793354
37248,5242.826905477739
37249,4563.956785263498
37250,6316.675011365947
37251,6914.369358842052
37252,3639.736433014544
37253,9244.688665532889
37254,3898.5189273694373
37255,5058.124010538309
37256,11084.843959065103
37257,8693.295102954547
37258,10543.707087368166
37259,5709.208663674032
37260,7543.744842063678
37261,5293.030212008977
37262,5418.285520798028
37263,17804.706646759438
37264,8354.222349679023
37265,6868.889604858867
37266,6615.495987242993
37267,4661.629377125869
37268,5813.473073693694
37269,4457.951511825257
37270,10629.884847797755
37271,5752.463862065448
37272,5194.447577563961
37273,8071.911479672066
37274,5005.271925688067
37275,6805.284043016926
37276,7353.114080737755
37277,6759.325162369526
37278,7400.2699478518025
37279,4460.525596292657
37280,5302.558083478138
37281,5128.463749254407
37282,10157.908526847352
37283,8352.278465208792
37284,7220.380216110991
37285,3855.4652929833796
37286,7251.912309569181
37287,6250.72876170853
37288,4929.424215335672
37289,6932.5860725163375
37290,7249.789460105397
37291,6406.752290812545
37292,6661.295580877053
37293,6855.113480174781
37294,6753.701453284325
37295,6032.329932432421
37296,6793.42316263432
37297,6287.4244747184775
37298,4741.8483599127085
37299,7905.216630081319
37300,5444.322537523274
37301,5040.186674048653
37302,13006.496470854234
37303,6526.685545235006
37304,3840.6476663320714
37305,7500.84495640433
37306,8056.889482493867
37307,11155.936672376385
37308,4633.515249227762
37309,5885.754316921288
37310,5459.512476387217
37311,7183.11393647546
37312,5929.9670852443605
37313,9707.739782814057
37314,3416.3414398102173
37315,6998.999664076178
37316,6372.389802204577
37317,5907.883287522312
37318,3922.554166051922
37319,7355.154257975304
37320,8913.017517123671
37321,6538.413021294158
37322,8954.16763589363
37323,7783.77954247664
37324,8849.14520218599
37325,4639.629518582011
37326,5619.79568683502
37327,5249.844899083188
37328,8953.803699093054
37329,8841.554997655983
37330,3870.628171062941
37331,8539.746662524609
37332,6834.534739040298
37333,7583.516789824317
37334,5428.936317710968
37335,4902.403626200678
37336,6874.85914806693
37337,6378.729476520292
37338,9300.291238217556
37339,7583.22187602358
37340,6279.569845769317
37341,8235.300655206422
37342,6799.129433453358
37343,7226.471543089189
37344,6896.024236094731
37345,5656.834959601809
37346,9413.52542593991
37347,10986.231172815018
37348,7772.301210811559
37349,5106.938647968875
37350,4437.457988917218
37351,4082.7890333491523
37352,3455.3284961012278
37353,8232.396101884855
37354,4724.907368597593
37355,9088.169611035608
37356,3621.4570841004193
37357,5536.981713030409
37358,5678.99863443417
37359,11062.119239534333
37360,5780.782421061944
37361,4745.5077248201715
37362,6146.550805465394
37363,7987.554063955298
37364,5176.732575129333
37365,8079.566962826708
37366,7586.626050679686
37367,9901.39511616868
37368,7877.290415742325
37369,7519.51306201155
37370,5484.4896289775215
37371,5111.422781269822
37372,5528.957066351747
37373,10746.147307568508
37374,9302.41268828746
37375,10632.166791310005
37376,15401.290062685208
37377,5995.808540685669
37378,4717.636874645444
37379,6672.899126243214
37380,8322.525893172076
37381,8403.048670319853
37382,7380.935567426396
37383,8361.466654674517
37384,8551.815255030597
37385,6474.532224305152
37386,6826.498223079072
37387,5751.591102759078
37388,5526.934163263826
37389,4617.64948403679
37390,4095.67260655427
37391,5718.131504102704
37392,8608.249069702542
37393,18244.85597916727
37394,6775.581726195616
37395,5555.653476692283
37396,8358.965803355191
37397,4444.4096111294275
37398,6469.808004634386
37399,4656.485424294655
37400,9570.885705992692
37401,5762.33858943713
37402,6753.159151674969
37403,14070.203622399225
37404,11359.353315348173
37405,6068.425096291958
37406,6073.315468841904
37407,4052.659437518707
37408,5441.190101712844
37409,5689.400161425888
37410,7176.901901761731
37411,5230.66101322332
37412,5107.026825277701
37413,5191.327458665478
37414,5851.636688971546
37415,7658.536519121302
37416,7479.301949862514
37417,3816.690547215042
37418,7277.501672142158
37419,8689.418867569591
37420,7634.080270493824
37421,5462.227691356798
37422,5244.397470252392
37423,8449.191933210997
37424,3713.654114400334
37425,9682.975367600462
37426,4797.100076828625
37427,6102.46984121402
37428,7392.167052066238
37429,6153.720870273291
37430,4376.550685441654
37431,5688.841530536574
37432,6247.46493500466
37433,9928.57708266105
37434,10384.547056766782
37435,6131.88297264144
37436,4100.925945775267
37437,5433.630669462418
37438,6369.761272559417
37439,4917.040033313239
37440,7151.3863635025355
37441,6158.97346278083
37442,10486.729452244443
37443,8426.262441261926
37444,6344.246431208178
37445,8702.50739348066
37446,3934.4674698280037
37447,9409.372829360367
37448,6255.931603521959
37449,14725.121361937425
37450,6398.048491408108
37451,5808.491795130504
37452,5181.251802636802
37453,4048.7245068505354
37454,8041.490423695205
37455,18366.210030445425
37456,4690.0090397597305
37457,5202.991488489686
37458,9805.258618658354
37459,7463.861760956525
37460,7720.356220834921
37461,8982.986502130074
37462,6233.057503491932
37463,4974.61558004991
37464,4737.767258408551
37465,10807.45315093651
37466,6362.856209530261
37467,7328.645121317964
37468,9047.463212463446
37469,4443.704574020878
37470,6809.594917625672
37471,5981.38753661668
37472,4750.582236265687
37473,9119.699154568129
37474,9524.241808459316
37475,4506.630141781269
37476,7381.3723111442305
37477,7590.194008216061
37478,5741.1544871978695
37479,9409.855001747455
37480,6629.75062212289
37481,8265.210893782401
37482,4644.877244305269
37483,5316.354831113537
37484,8776.43735558657
37485,3530.180528006849
37486,8328.595036820916
37487,4812.768261053438
37488,5910.536276507229
37489,4516.130427359464
37490,5287.674452438754
37491,6693.579714060842
37492,7078.706431552477
37493,7390.031414491545
37494,8239.298966493454
37495,4944.122443620214
37496,7990.849357701291
37497,6124.67630878996
37498,9895.733944188725
37499,9310.515797434742
37500,7033.4182209567
37501,3690.4960115969543
37502,5214.520299169467
37503,7317.384497935651
37504,4819.815446770832
37505,10911.345666135485
37506,4835.821654484336
37507,7217.521650796107
37508,10757.612889410231
37509,7093.432242891105
37510,4306.148527148039
37511,8046.53793372111
37512,10658.35848027571
37513,5889.110299846788
37514,9705.667833545538
37515,9650.248294442361
37516,5463.491244269454
37517,5669.458600323699
37518,6836.259505047322
37519,5001.92169838979
37520,4692.8594723755
37521,7044.129378609978
37522,4852.330406628369
37523,7370.478918805656
37524,7507.351969996266
37525,7298.4957162639075
37526,8755.514544657462
37527,5940.305408067928
37528,7329.8721258118085
37529,5821.1358400941435
37530,6433.35025500534
37531,7410.75197980696
37532,6250.267050343293
37533,6794.7729991844835
37534,7124.3609912338925
37535,9582.928894072056
37536,6235.648894350178
37537,4759.520238914275
37538,6416.293653133144
37539,7638.684597288746
37540,7672.567775790869
37541,4641.329988348269
37542,4181.179169007436
37543,8897.498329298418
37544,7443.864724834901
37545,5628.103560673636
37546,7978.320472577046
37547,6226.69302817269
37548,7989.822858923751
37549,5788.456352508207
37550,3657.4469668679903
37551,7529.06359466627
37552,6779.380311354548
37553,6720.636802301188
37554,10379.837430172178
37555,10374.98670998062
37556,4858.972287074456
37557,8105.713211115631
37558,4683.841733279226
37559,3007.927997088427
37560,8505.174310462855
37561,10887.709112982911
37562,7648.482152966561
37563,7607.597951268772
37564,3576.2202039458098
37565,6934.211855420337
37566,9352.293668149487
37567,7041.341763485877
37568,8501.489834229638
37569,5448.39549748057
37570,5131.835066969149
37571,4521.712920964514
37572,5395.763911529572
37573,5607.9552716598055
37574,5158.700093455131
37575,5004.337450167498
37576,4382.932973072571
37577,6905.397836457896
37578,7300.631244981969
37579,4315.412958476457
37580,6482.0460637369915
37581,7619.48572102328
37582,6196.526653910847
37583,4510.309077537832
37584,8930.215091346896
37585,8320.927321528417
37586,4907.575920252233
37587,4115.736023517187
37588,12576.9336413506
37589,6612.22940581868
37590,5794.5565136440355
37591,6967.423154025884
37592,8973.730712271672
37593,8056.650551118172
37594,6190.069169048966
37595,7355.110602547115
37596,9676.043203822845
37597,11305.517099844412
37598,5258.516052038332
37599,4981.157296479705
37600,5322.473036827313
37601,6987.0223240051155
37602,5244.906889979427
37603,10830.002888254367
37604,8692.606400957146
37605,5434.88353264252
37606,4193.362453573233
37607,6680.024208030833
37608,11427.338731563996
37609,4999.05786180955
37610,7710.55056453128
37611,3682.246332039145
37612,7912.845067276143
37613,8201.867255748406
37614,7739.63218417696
37615,9774.103328466867
37616,6910.989689409581
37617,3324.849564458771
37618,6421.1323823150315
37619,7866.796795443957
37620,8559.621493901954
37621,7405.575113215062
37622,8271.298917354765
37623,6609.03029267035
37624,4529.390671474951
37625,9950.59619907746
37626,3766.674837899934
37627,9693.169502593135
37628,5140.342727885691
37629,4862.825334578208
37630,7883.946515366767
37631,6418.586992162075
37632,7301.917246437709
37633,8744.627163225023
37634,3923.4355407116614
37635,4583.213245337403
37636,9180.198406435717
37637,9493.787573997564
37638,8986.85235034375
37639,6028.836398774193
37640,6311.712962727653
37641,7120.313413296772
37642,6307.587825093443
37643,5456.65105035204
37644,10026.497504530007
37645,9001.530003774746
37646,10643.826416397711
37647,4114.059464763491
37648,6370.237188646948
37649,9146.132433937171
37650,10092.968940140045
37651,5498.083456461977
37652,10323.758751740379
37653,6120.638916567255
37654,5955.558444771494
37655,4556.831675991464
37656,6065.991904463581
37657,5581.299792109526
37658,4644.762382642102
37659,4199.500060295387
37660,4992.149759820691
37661,9014.027119242726
37662,7262.267576929334
37663,24236.55504417258
37664,6810.401104219486
37665,4916.043195251194
37666,8482.279437526431
37667,13077.995838154042
37668,7228.4209696788075
37669,7884.73138689251
37670,6221.958109376426
37671,8931.351988927549
37672,8803.541888235497
37673,4330.482288325555
37674,6055.67505339699
37675,7952.203782861756
37676,9121.06268174056
37677,7829.184314946362
37678,7915.717703216959
37679,7056.212278534457
37680,4154.40243819508
37681,6511.714069946351
37682,10809.857336514475
37683,11393.976655482553
37684,11528.591428531146
37685,9086.27989463246
37686,6003.059947856785
37687,6475.861485547021
37688,3672.776378324242
37689,8561.101055145782
37690,11601.24821169201
37691,8804.345361839516
37692,6755.410267342445
37693,6301.310583231745
37694,5714.382813649264
37695,5813.865687867107
37696,11216.37668813736
37697,7368.243509257957
37698,5454.430935495862
37699,4536.992633254644
37700,8597.191279247585
37701,3702.923105758949
37702,8559.100180465408
37703,4834.106216568396
37704,5689.231373241753
37705,6978.007424876392
37706,6224.225614803997
37707,8418.677252989037
37708,5449.58540910475
37709,5698.4639238455
37710,7456.831877179891
37711,7413.029162201657
37712,11593.669583680572
37713,6677.290291440728
37714,9854.397061871181
37715,8852.945318838196
37716,11330.470681527266
37717,7791.9647168739775
37718,10376.837571382588
37719,4014.7066908631564
37720,5413.971518376688
37721,7160.013392745352
37722,6836.412251375186
37723,8288.733088671637
37724,8477.84607304738
37725,6544.522783014858
37726,8393.742397826558
37727,5939.769418120198
37728,10273.323342288733
37729,4174.3876138757
37730,14874.685726710039
37731,5656.480036108925
37732,5928.272363600169
37733,9731.905309809816
37734,7004.636919103516
37735,7406.346770410868
37736,6436.146851914461
37737,8198.978882057407
37738,5736.205580572549
37739,4557.2507559806545
37740,7259.502282315924
37741,8447.928387204915
37742,8875.668079546333
37743,5502.222983839526
37744,7915.579372093296
37745,10343.39774015646
37746,7399.212404593072
37747,6320.575997952986
37748,7215.746756726323
37749,6601.260925740955
37750,6598.825746131895
37751,6885.03547587082
37752,4309.532340346058
37753,9104.521543815923
37754,7000.314284289875
37755,7530.328626593081
37756,11287.958912478467
37757,4976.689374035494
37758,6360.199910807075
37759,4219.41394571386
37760,9152.072545344128
37761,8341.304296953302
37762,5301.313862087974
37763,4544.65747676004
37764,5604.450364303846
37765,6454.380883096097
37766,4667.6816941149245
37767,7997.521636770979
37768,5803.190711198394
37769,8220.248139284115
37770,6456.143509463122
37771,4615.269168417914
37772,8053.508177775714
37773,7208.002924112324
37774,7161.860446439393
37775,8714.005318591868
37776,8752.226639851173
37777,5403.14331013648
37778,9880.468012523928
37779,6513.722582244769
37780,8263.602220500254
37781,9849.242487754855
37782,5505.936693036837
37783,11832.67647086053
37784,9543.26896960496
37785,6997.650917611312
37786,6731.759116163366
37787,7300.691071445457
37788,8969.96359351702
37789,5142.642508758246
37790,3689.3924716883166
37791,6198.298265385791
37792,9450.810326990646
37793,6342.9265931433565
37794,5026.7585437314
37795,9115.038615978638
37796,6096.403008788692
37797,5642.85392664968
37798,6451.780879753453
37799,5892.2091197062355
37800,9340.538431687333
37801,7106.930198445893
37802,5826.5908584750605
37803,6526.54600718798
37804,5092.709976784563
37805,7203.508004526289
37806,3559.2039249529553
37807,8075.1659543453725
37808,6410.273742991817
37809,9140.12008203209
37810,6836.668918515471
37811,5549.652387336833
37812,9444.029824772988
37813,7048.509782195506
37814,5213.316062492802
37815,11165.577819329455
37816,7074.431568200199
37817,8844.438578384297
37818,8418.036665364796
37819,5866.242169458761
37820,6666.15690187268
37821,5027.989376369948
37822,9112.614471936231
37823,13103.71515743671
37824,8751.875044802247
37825,3919.3703913943195
37826,5266.58512600005
37827,9673.047636111914
37828,9826.036009721118
37829,5564.68376776554
37830,7875.011304603906
37831,5346.148276959558
37832,5007.69835647098
37833,3469.8387216042456
37834,5612.960495835949
37835,6919.286867725231
37836,7931.75683185657
37837,7583.7305376538725
37838,6213.193867028891
37839,8684.874347597346
37840,10134.380285382258
37841,8375.617605884654
37842,4390.890359730698
37843,10353.80046426271
37844,12217.619508581312
37845,6962.238508840752
37846,8534.913821685317
37847,5899.773760131864
37848,7261.786333883556
37849,4478.448934403943
37850,7054.3493016946795
37851,5895.771441551468
37852,10278.973492946167
37853,7462.2798622085165
37854,9744.507839816355
37855,9519.30694238966
37856,6118.67008091837
37857,10252.61763806893
37858,21267.757880248904
37859,11833.53884206327
37860,7085.2755076346
37861,3715.0807417949036
37862,6563.935563116208
37863,11389.117975934369
37864,5455.441412453416
37865,12663.80221183291
37866,19961.721605479368
37867,3595.507290201988
37868,6021.427053029006
37869,9421.947368621017
37870,5550.403240820567
37871,9756.56371954452
37872,7521.6242781089295
37873,8796.034514665253
37874,4406.910254333217
37875,6287.182974812819
37876,6014.130158965376
37877,8445.798496963704
37878,7834.831985087174
37879,5861.394831579709
37880,6082.936064128643
37881,6678.858967692054
37882,4907.2734925213235
37883,5541.481389069529
37884,7672.1963613138805
37885,4888.407009265986
37886,6991.896473141456
37887,8340.685359668558
37888,7373.683513169198
37889,7138.659620616983
37890,8386.065642957281
37891,8109.0544456746975
37892,7664.713807220518
37893,11062.04419929324
37894,8624.940893809473
37895,5884.862523394664
37896,4306.194117989007
37897,14882.789060150126
37898,8225.17696783146
37899,7063.950621175886
37900,4328.742386518728
37901,10737.33187854681
37902,7746.107247730365
37903,11072.657423912504
37904,7248.77191184074
37905,6363.915027650127
37906,5980.141392622702
37907,5394.231455216337
37908,10967.493541202848
37909,4559.168679279828
37910,8425.679061707324
37911,17135.023068132017
37912,8148.386530461612
37913,6915.578747306194
37914,5502.360140605408
37915,5498.618016643939
37916,7699.439894225526
37917,4755.259377120786
37918,6157.699969624513
37919,11071.24213673803
37920,5348.005609154717
37921,18183.493587056844
37922,16194.171327943814
37923,5159.300209366356
37924,7439.672348844804
37925,7746.268455569596
37926,7737.117840754022
37927,6091.5137107483215
37928,10912.393143495117
37929,7855.12642403441
37930,11173.846719887122
37931,4450.219826450282
37932,8281.144744391766
37933,5371.055075977356
37934,8465.681428828942
37935,7559.878838336425
37936,6688.889706671867
37937,6941.3177196718825
37938,6155.751456825814
37939,8768.958898544128
37940,10813.241640124743
37941,6267.044774098302
37942,10836.672081175748
37943,6733.289137847707
37944,10975.526266754545
37945,6701.917689276518
37946,4989.246749123292
37947,6112.805575228102
37948,11201.460274979527
37949,7078.759821730843
37950,7936.83031262153
37951,8003.290853245394
37952,9813.261993393897
37953,5026.428824471029
37954,9976.923129127214
37955,8354.384784226686
37956,4404.89621999284
37957,16643.043410125214
37958,18079.88687459478
37959,6428.432564695909
37960,8139.7288877989695
37961,11039.370789972594
37962,11039.369079123602
37963,11977.20545271021
37964,6860.520748659716
37965,8424.61501156512
37966,6600.395532966266
37967,8758.454787850316
37968,4365.919798706602
37969,7352.94167914361
37970,6162.032736550688
37971,4890.443287447507
37972,7826.437222116823
37973,5657.842304904733
37974,5468.83740534212
37975,7832.196965954746
37976,3598.5467815904876
37977,5127.256321999214
37978,6908.078587705725
37979,7278.292385410434
37980,10435.11820712089
37981,8216.540076327772
37982,6361.165021040033
37983,6439.533725252778
37984,6972.771832113298
37985,12292.871564183619
37986,8494.166877075528
37987,6442.464818605153
37988,4144.037069435552
37989,11066.310239272816
37990,4805.0151859570315
37991,6822.917246410627
37992,3791.700945031839
37993,6181.579403310027
37994,6474.213382472598
37995,5915.304714110718
37996,4907.318893983003
37997,8570.994801793204
37998,10047.276731033046
37999,13094.735123867613
38000,7178.500388193877
38001,8718.29458251044
38002,3050.29508750748
38003,5934.209731362344
38004,6699.404887538772
38005,5143.016164224434
38006,9396.623300367157
38007,6346.186796107296
38008,5464.064458361721
38009,9579.594282360113
38010,13167.898902886176
38011,9767.84425734062
38012,5627.581049772932
38013,5949.379150466055
38014,15350.858652837855
38015,9877.979214634634
38016,7410.53395031765
38017,5173.6052994147385
38018,7938.591312400452
38019,12124.791012037405
38020,4895.569633259587
38021,6447.121905015758
38022,8969.313860237164
38023,9333.441482095406
38024,16293.62926108079
38025,6291.034030052611
38026,13925.055794466785
38027,6212.0916981942155
38028,5505.6832449592275
38029,3926.607262391004
38030,6929.624201933774
38031,5421.870139472599
38032,6716.34440657883
38033,7688.787867778163
38034,4490.0523537669815
38035,4997.177643710106
38036,8002.242247175898
38037,4221.619691823856
38038,7594.1049790690695
38039,7932.9958710675355
38040,7573.734961110811
38041,9578.360308850919
38042,5841.177453596875
38043,10733.531717429376
38044,6297.657472907305
38045,6078.6421813412935
38046,5116.909559470577
38047,5112.7477888559015
38048,11827.991417761521
38049,6977.668406176186
38050,5559.5990496947925
38051,8120.168116828062
38052,9210.032637910363
38053,8386.623000710837
38054,7324.827177022173
38055,9070.355217967764
38056,5921.461744946398
38057,5309.098447330027
38058,5519.2706706549925
38059,8752.418465629522
38060,7461.8810508355655
38061,7588.484447580531
38062,4689.118450371753
38063,6057.905523788447
38064,5345.25161980044
38065,5957.556536393591
38066,7212.552498459437
38067,9987.30583442589
38068,11952.130006049221
38069,12053.932093223568
38070,8991.122367965907
38071,10275.138466691338
38072,5412.057819716848
38073,10540.374352941211
38074,11460.726715548688
38075,6126.735398144753
38076,9436.782386411465
38077,9825.784949467758
38078,6247.708782597404
38079,4431.731721106991
38080,10447.597489721587
38081,5373.7800356660955
38082,8088.303460242885
38083,5843.769598857478
38084,3524.046972307761
38085,13378.46853328976
38086,5861.241009495399
38087,6150.163329040845
38088,4743.7402499806085
38089,5842.422930528651
38090,7428.879402616403
38091,9992.941298454576
38092,7071.699309956155
38093,5832.777237868991
38094,4488.449643915455
38095,4925.812658267916
38096,3705.377091759312
38097,7660.074217237804
38098,18519.187552507858
38099,5514.596685678611
38100,6516.536449874118
38101,7924.062014958628
38102,5957.687534741504
38103,6095.124917209219
38104,5259.391539040855
38105,5064.543975933344
38106,6640.492316181007
38107,7267.095769573103
38108,3817.3989925152646
38109,9831.369461290245
38110,4231.48029665032
38111,5393.1150793050365
38112,11627.338598304048
38113,9459.458420129446
38114,11354.609182699849
38115,6531.988043106149
38116,8345.551515240744
38117,5518.2459924828
38118,5777.051182974199
38119,17709.725770114073
38120,8496.937123309934
38121,7304.164141902808
38122,7000.208422790072
38123,4809.256812124142
38124,5996.02099065143
38125,5022.837613648168
38126,11864.520988668928
38127,6275.973414703329
38128,5526.40143743321
38129,8176.583651889951
38130,5282.989315041603
38131,7443.122617853655
38132,8368.565807090728
38133,7029.062191210888
38134,7882.534821628247
38135,5162.721228234466
38136,5399.86595693224
38137,5341.402023732858
38138,11143.098689856894
38139,9117.052949322751
38140,7584.978608107611
38141,3977.368564552295
38142,7267.645304608921
38143,6761.571277052704
38144,4900.617150488167
38145,7716.498605994492
38146,7770.045709993481
38147,7098.274051296537
38148,7188.347158316229
38149,7258.145350127561
38150,6795.517908179681
38151,6577.727113052543
38152,7059.435350438496
38153,6290.638437080999
38154,5008.910290391966
38155,8189.88444316573
38156,5352.533429872941
38157,5387.849393373336
38158,13448.529494693805
38159,7344.927470641112
38160,3920.1290280935013
38161,8473.459561714692
38162,8349.16460484422
38163,11667.435079025783
38164,4665.224708815602
38165,6353.148674169517
38166,5623.883190273038
38167,7351.867579718266
38168,6547.972602220767
38169,10186.999663659532
38170,3790.490271811073
38171,7735.059936726028
38172,6714.817659490177
38173,6400.219856187902
38174,4422.453976175597
38175,7885.69164374317
38176,9617.728832331013
38177,6934.975647997914
38178,9966.393782037063
38179,8388.88639445139
38180,9565.07755674162
38181,4357.687953725353
38182,5767.226288526207
38183,5483.998451626851
38184,9219.55877471676
38185,9055.766710647371
38186,4439.121408407237
38187,8720.334041351285
38188,7010.9772960602395
38189,8189.268314243774
38190,5612.697710466768
38191,5230.254231536366
38192,7145.623736980434
38193,7123.58757790217
38194,9534.818337567634
38195,8254.462223959232
38196,6786.500198766745
38197,8586.889852209688
38198,8096.279124058675
38199,8577.964304341313
38200,7203.201155261015
38201,6312.94109393055
38202,9830.80131978746
38203,11389.280647017802
38204,8408.443028049467
38205,5533.93934804125
38206,4651.614716659573
38207,4086.583532529085
38208,4005.3844614282993
38209,9144.365165686395
38210,4816.290626788036
38211,10506.608950675014
38212,3772.0677623040515
38213,5548.660781528355
38214,5941.947992291666
38215,10748.182365114253
38216,5838.20380484475
38217,4898.903233242951
38218,6671.696037268424
38219,8785.839174081904
38220,5248.6823859551105
38221,7973.047685842486
38222,7654.768899656088
38223,10256.225015325821
38224,8311.865648869232
38225,7974.278555363003
38226,5779.265081520274
38227,5569.518782623264
38228,5664.900051387391
38229,12236.501240118396
38230,9837.348281882847
38231,11240.692053610284
38232,15674.909677855476
38233,6543.259976502534
38234,4917.649168677101
38235,7550.278441985579
38236,8897.501176628875
38237,8689.615834826536
38238,7875.617903842613
38239,9246.950165358843
38240,8907.12539420483
38241,6733.012835818839
38242,7269.06347490948
38243,6293.439897148964
38244,6300.130259543942
38245,4684.376332040788
38246,4303.079124704495
38247,6266.702313103582
38248,9354.484722958203
38249,19119.769565162038
38250,7152.569680239092
38251,5640.7471295480245
38252,8843.951736208515
38253,4537.85749082638
38254,6549.964346460307
38255,4767.239186150701
38256,10493.647014880618
38257,5794.498936340369
38258,7505.33083218268
38259,15331.538455134769
38260,10978.113925187099
38261,6624.2922296817915
38262,6352.634977410049
38263,4095.6577942086888
38264,5491.176225458785
38265,6027.803714184001
38266,7472.303288346992
38267,5753.9018135546185
38268,5269.8801875236695
38269,5565.554205302258
38270,6085.699952661079
38271,8820.0508889232
38272,8035.544818248148
38273,3974.0396316716715
38274,7709.82025984939
38275,9678.430551667734
38276,8038.745198772471
38277,6425.211557460846
38278,5492.377928218202
38279,9503.226291991272
38280,3797.2029957173136
38281,10139.25119052482
38282,4920.948838442964
38283,6592.049061591839
38284,7476.366869450438
38285,6428.57963505038
38286,4473.385828617956
38287,5733.959474428627
38288,6280.136945001707
38289,10364.810726466543
38290,11063.688884022959
38291,6433.691093078358
38292,4484.466392856541
38293,5516.693007437007
38294,6635.938668539525
38295,5435.353187019227
38296,7914.197513880137
38297,6467.629341482054
38298,10590.18447684071
38299,9057.25194858683
38300,6923.648425006205
38301,9082.371452335836
38302,4181.78452560288
38303,10198.267070265594
38304,6863.997369752662
38305,15749.37930156079
38306,6807.65616495925
38307,6189.869447198001
38308,5542.662040335471
38309,4788.119460703636
38310,8654.442626485474
38311,18634.60405568324
38312,4521.953418968387
38313,5300.713406902869
38314,11698.073492466394
38315,8061.864865916901
38316,8264.857375383099
38317,9282.399682897163
38318,6737.905613467113
38319,4794.095345951687
38320,5422.067333294027
38321,11496.705096694135
38322,6741.013446834679
38323,7695.332879278961
38324,9565.080657828254
38325,4677.540264878863
38326,6949.2423758134255
38327,6797.6489591573345
38328,4726.624631893552
38329,10074.540943745234
38330,11065.666771986702
38331,4485.953904190692
38332,7763.595954545832
38333,7996.820239932243
38334,5873.93790761643
38335,10005.288070924722
38336,6685.851345531898
38337,8735.660044302067
38338,4855.457998934942
38339,5760.963650708598
38340,8316.99078617837
38341,3668.6551158459597
38342,8906.500844157603
38343,5016.608853151328
38344,6430.309498907179
38345,5024.599958954194
38346,5550.40324452449
38347,7105.1003978875
38348,7763.892631981119
38349,8024.702243429345
38350,8813.648567209457
38351,5130.662011124712
38352,8422.914526391327
38353,5886.358035267864
38354,10350.219009806337
38355,9577.770316347724
38356,7556.689846112066
38357,3775.8673486362313
38358,5484.033980014771
38359,8002.413603688148
38360,4896.131863017591
38361,10741.220766471013
38362,5027.226338433253
38363,7947.181102098466
38364,11678.011082553367
38365,7972.734520633874
38366,4652.776135912967
38367,8338.00172566676
38368,10827.17502366902
38369,6101.7781536941775
38370,10653.868945358528
38371,11479.947559944812
38372,5560.666019031693
38373,6189.094409585451
38374,7493.75262850583
38375,5189.0483966341035
38376,4765.582413191442
38377,7363.095278606242
38378,5358.719652608482
38379,8314.02455185461
38380,8059.002029431825
38381,7973.597728449601
38382,9152.033308328924
38383,6456.856149452331
38384,7881.767287581482
38385,6098.687504465712
38386,6565.6532238352265
38387,7921.625700056757
38388,6769.548817578936
38389,7250.961524926032
38390,7668.016573739822
38391,10856.16110134716
38392,6602.04011430731
38393,5052.992304390314
38394,6942.9426407234605
38395,7452.375088324957
38396,8513.88735565632
38397,4650.982646003812
38398,4643.879966641192
38399,8392.062233089659
38400,7405.963846753566
38401,6254.422468123418
38402,8525.20659688849
38403,6356.069959536564
38404,8119.379642763692
38405,6075.222986269746
38406,3911.257767051223
38407,7964.246642758964
38408,7309.220897862531
38409,8314.986246098484
38410,10563.717539818375
38411,10440.12514828099
38412,5109.233438665819
38413,8921.684812546315
38414,4736.636256433498
38415,3394.7528415099478
38416,9291.899345017764
38417,11292.563391559217
38418,7930.067996784982
38419,8143.263071652095
38420,4047.563714584403
38421,7771.673694094213
38422,9922.872393566407
38423,7642.133762828695
38424,9081.029647979754
38425,5728.42529521068
38426,5481.1076755642625
38427,4853.131582241696
38428,5510.285050962081
38429,5971.363408169695
38430,5667.376153064392
38431,5396.817702200339
38432,4514.753663379055
38433,7269.64901915211
38434,8790.761676851042
38435,4270.151182271044
38436,7326.789661082731
38437,8026.360305294339
38438,6677.9336043558305
38439,4630.791140785278
38440,8970.614762583302
38441,8860.62041070711
38442,4875.322196327653
38443,4418.491323145232
38444,15420.35154544722
38445,6918.871052772723
38446,6656.322726622331
38447,7399.859321976757
38448,9440.784387193815
38449,8619.461428057797
38450,6509.750425146168
38451,7872.389372221647
38452,11296.792469746002
38453,11441.783854179357
38454,6016.668966578339
38455,5754.546343643742
38456,5421.172227516417
38457,7446.640717898399
38458,5384.09047808206
38459,10875.225213424195
38460,9703.591041826912
38461,5618.584896874014
38462,4388.419642584724
38463,7503.068514937595
38464,12282.683138142424
38465,5352.997795176164
38466,8426.473154688425
38467,3929.5024205275463
38468,8216.993886722008
38469,9080.89355625525
38470,8070.285107237215
38471,10639.290035174401
38472,7502.602467575556
38473,3385.417233062644
38474,6754.581335546708
38475,9022.664456537092
38476,9061.083322749824
38477,7471.598804524591
38478,8566.206467076327
38479,7322.777044671314
38480,4798.975025439146
38481,10631.714168403822
38482,3831.3674981772638
38483,10322.01857609345
38484,5213.160869523762
38485,4965.323766767462
38486,8648.730531312056
38487,7156.575205516556
38488,7599.093100643748
38489,9192.946409266418
38490,4250.352155370161
38491,5039.490295642405
38492,10025.649532130803
38493,10615.991019398252
38494,8953.43884650741
38495,6173.13282751522
38496,6866.589664293307
38497,7970.653888445126
38498,6760.439268417893
38499,5976.129938727517
38500,10974.496870354713
38501,9607.183086788134
38502,10933.586399344398
38503,4257.202842824096
38504,6847.923364385625
38505,9137.917898097407
38506,10780.67869353285
38507,6390.118856668743
38508,11461.188721416398
38509,6443.3156990631305
38510,6562.280965671731
38511,4863.261757171092
38512,6785.788638425654
38513,6073.090529183372
38514,4999.099115433167
38515,4604.3128388241685
38516,5640.287634980516
38517,9810.468627684491
38518,7355.336430821067
38519,24573.0415592521
38520,7082.649647176284
38521,5787.985416978523
38522,9862.684718209684
38523,15528.852916480835
38524,8670.466588188172
38525,10485.14813265997
38526,7429.180739783521
38527,10847.835882508356
38528,10778.723643400279
38529,5140.094934091884
38530,7541.802777802845
38531,10093.352712553278
38532,10918.28414738902
38533,10147.871512478288
38534,9141.317276156688
38535,8985.346524740611
38536,4913.4084424231805
38537,8857.249032633908
38538,13929.733906012072
38539,13756.515479270836
38540,14277.335625563685
38541,12670.00073920737
38542,6825.285383993208
38543,8157.881212574634
38544,4319.772122264068
38545,10288.19272732466
38546,15627.906034554051
38547,10274.995210935764
38548,9197.220727597063
38549,8134.2729242568275
38550,6039.4214142845285
38551,7521.931088423113
38552,14246.995457480487
38553,9026.244715133655
38554,7417.283707081389
38555,5672.80913201953
38556,9927.983695049606
38557,4300.925704544876
38558,10724.94758548267
38559,6690.500712050537
38560,7664.3412547508005
38561,8940.58303764698
38562,8066.321844945279
38563,10443.36038003284
38564,7240.840938007943
38565,6899.6334484619665
38566,8713.598522968867
38567,9773.148276461749
38568,15190.6992378714
38569,8226.44710308453
38570,12218.759974875516
38571,10440.308151815527
38572,13297.202487560347
38573,10466.311339183401
38574,13260.699593389718
38575,5098.713811921634
38576,6417.129288815839
38577,9045.099290834472
38578,8747.637230569026
38579,10467.813763991877
38580,11098.169938736133
38581,8566.983224799415
38582,10604.039120426705
38583,7467.604497399462
38584,12829.45300220947
38585,5143.6370672896
38586,17889.435714186646
38587,6747.271898830737
38588,7058.278215154355
38589,11831.182695579524
38590,8461.956273044501
38591,9777.182378970812
38592,7796.683857447747
38593,10941.491716815635
38594,7224.4057244483865
38595,5510.763408331602
38596,9191.564743528776
38597,10238.025869150404
38598,11452.421026651931
38599,7523.295690056167
38600,9568.974305881107
38601,13219.865148771272
38602,8889.616712094376
38603,7948.587312131243
38604,9277.007348674872
38605,8126.803235432291
38606,8280.817295442837
38607,8326.863386419165
38608,5229.6377908359655
38609,12990.585033563557
38610,8714.784004185247
38611,9402.641278846297
38612,14648.492077353385
38613,5324.896656758703
38614,8211.814193654713
38615,5169.383946158068
38616,11811.21356849352
38617,9749.874736945627
38618,6603.097832072954
38619,5878.169391360356
38620,6964.699743472882
38621,8047.657718362714
38622,5694.626185272524
38623,9441.088161943988
38624,7250.929947192003
38625,9704.906527936946
38626,8053.498029484824
38627,5627.181455892818
38628,10979.601225977987
38629,8989.921791411109
38630,8166.891813252918
38631,11346.934072860926
38632,11545.157678500056
38633,6604.340060402927
38634,13115.289467525252
38635,7937.792009854384
38636,10196.535203663794
38637,13133.632608003913
38638,7510.705462911559
38639,14014.203641670832
38640,10560.063753833561
38641,9042.153995328663
38642,8267.71969174229
38643,8489.805715413071
38644,11653.568747716705
38645,6627.881621843339
38646,4202.841755982688
38647,7575.693268134762
38648,12063.930996686568
38649,7699.783563160623
38650,6104.391226489898
38651,12033.939048973296
38652,7135.561161511167
38653,6790.154764749971
38654,7454.716564079552
38655,7857.151284010615
38656,11705.184823441065
38657,8803.664730290837
38658,7303.625042589327
38659,8601.53166691168
38660,6323.868272602482
38661,9483.030517475363
38662,4164.443198876041
38663,9289.650631013807
38664,8405.22535885039
38665,10772.29642999872
38666,8197.415681524382
38667,6692.916660056179
38668,11157.546928448519
38669,8856.209453974745
38670,6324.146943365803
38671,13503.141568018515
38672,8665.162523642632
38673,11644.324708061518
38674,9688.47770622067
38675,7785.40544364031
38676,8462.424412795446
38677,6116.3581257545675
38678,11392.328683958021
38679,17561.59912753031
38680,10826.477994915478
38681,4630.615224832023
38682,6528.695178987496
38683,12423.63611301142
38684,12741.115713874706
38685,6561.108696356872
38686,9671.19969858902
38687,6372.444237330726
38688,5746.969669531056
38689,4237.282175831043
38690,6459.103782189592
38691,8855.665723452628
38692,10571.016802435193
38693,8871.558674066731
38694,7353.158405692134
38695,10417.44304749987
38696,12857.116986227735
38697,10311.813399151697
38698,5504.799319783674
38699,12198.312701173425
38700,17048.438561887255
38701,9283.327139456209
38702,10137.56443299061
38703,7912.680545061387
38704,9201.844178637846
38705,6532.536758754276
38706,8265.475594218498
38707,8220.193944634686
38708,12021.725139844524
38709,9080.665757167326
38710,12577.316042019502
38711,11375.65138140718
38712,7790.911152644452
38713,13725.08236367356
38714,24877.912613687044
38715,15626.351434962105
38716,9453.731979564189
38717,4501.288967957106
38718,8238.02126227161
38719,14225.21439090026
38720,6710.667802738411
38721,13628.787142031711
38722,21740.10003508874
38723,4079.637837310857
38724,7805.468473071107
38725,11563.735992863476
38726,6961.334405200345
38727,12633.887182000697
38728,9821.201362456206
38729,11794.183011034143
38730,4834.6820880043715
38731,7885.495501573065
38732,7359.294038173005
38733,10593.414448848955
38734,10620.998516883747
38735,7584.921763388214
38736,7714.606664163607
38737,8081.925551548771
38738,5796.379226667403
38739,6919.847882136643
38740,9366.013329869262
38741,6274.033768054207
38742,9527.330667214153
38743,10468.026661591452
38744,8490.474564219103
38745,8662.465679905796
38746,9868.379852198488
38747,10588.761956915785
38748,9933.490533875285
38749,15172.84513996133
38750,9453.09454819491
38751,7104.254266379327
38752,5484.731224065604
38753,17255.215044497792
38754,9850.086394820495
38755,9762.236496895528
38756,5141.857663257114
38757,13055.65751805859
38758,9932.865628850026
38759,14507.665405949807
38760,8579.87185668332
38761,8464.226225935568
38762,7790.532459303627
38763,7049.217030970558
38764,14687.565200133258
38765,5709.271439168743
38766,10060.405012114667
38767,20828.601249378327
38768,9880.594219923509
38769,8077.690882687157
38770,7411.822433146286
38771,6583.817366230591
38772,9901.619082278652
38773,5708.940630461699
38774,7326.797479268227
38775,13103.920073995709
38776,6970.214754056003
38777,20966.013251179782
38778,18794.86041741043
38779,6378.578044142332
38780,8916.274035733255
38781,8926.542296573145
38782,9861.822574852018
38783,7319.761685247901
38784,13255.80945656814
38785,10237.252953364514
38786,13827.260970292886
38787,5352.331197461743
38788,9727.235981869442
38789,6919.883968550559
38790,10014.207296636898
38791,9811.67586845443
38792,8636.727258819812
38793,8856.438918576714
38794,6880.165865816143
38795,11474.155910576035
38796,13352.171690154353
38797,7743.340651634187
38798,14814.281195763806
38799,8622.921494260943
38800,13441.901445158337
38801,7482.779750988198
38802,6073.3220064475245
38803,8535.595774229369
38804,15132.048480452064
38805,8929.936630258264
38806,10170.114101496574
38807,10524.471573149744
38808,12948.265936899215
38809,6289.565643471483
38810,10699.1403981912
38811,9929.826463354317
38812,5835.61365480217
38813,19651.94358244729
38814,21250.22651031522
38815,8430.520369032743
38816,10836.52328252596
38817,14009.714282566165
38818,14522.505732398868
38819,14094.438723782416
38820,8609.471124449157
38821,11550.010073132316
38822,8755.8101760371
38823,10567.303701209601
38824,5011.446604834745
38825,8969.638039080011
38826,7901.515356209017
38827,5993.36322683882
38828,9385.430725270073
38829,6859.885947330017
38830,7437.582786783483
38831,9866.345572260445
38832,3995.768747185921
38833,6445.119644343022
38834,8041.467954684533
38835,9720.32697415701
38836,14276.704068824094
38837,10073.325831264174
38838,7842.911043668891
38839,8131.993726743765
38840,8854.324874395501
38841,14847.763723055268
38842,10248.023382498397
38843,8243.875861312172
38844,5047.6266504015475
38845,13795.566157411433
38846,5814.288650547793
38847,9153.969481549155
38848,4649.3097350914395
38849,7283.285133805941
38850,7608.932778172311
38851,7591.500851565153
38852,6445.4596001254595
38853,10519.938436425582
38854,12549.20881523325
38855,14995.165479721893
38856,8729.190501436384
38857,10828.53532377588
38858,3676.508650686594
38859,7256.7270779434975
38860,8322.553938440844
38861,6524.230614404758
38862,10720.616796413638
38863,7863.523728248647
38864,6769.287873998966
38865,12157.750912339461
38866,15994.362300957324
38867,12131.346535037655
38868,7026.468615755551
38869,7488.119614459886
38870,19079.32235241497
38871,11454.798415786036
38872,8747.223221168755
38873,6642.273318985391
38874,10079.153976044603
38875,14059.329043939786
38876,6098.325112091197
38877,8306.571664550025
38878,11662.150983721232
38879,11590.924712316153
38880,18740.051655603318
38881,8468.85103485024
38882,15966.064154393056
38883,7714.96828304551
38884,6733.997966540895
38885,4612.151774886619
38886,8403.046325258514
38887,6922.691691018319
38888,8907.15624497672
38889,9607.087450028463
38890,5464.142065268355
38891,7020.065743245602
38892,9872.825849440895
38893,5126.1452770727265
38894,8810.808842438219
38895,10628.559779699857
38896,8889.161612027136
38897,12409.36965437486
38898,7944.910760952513
38899,12214.571350964008
38900,7556.849753356407
38901,7677.415865646002
38902,6134.328319608266
38903,6226.833555782498
38904,14463.197016342727
38905,9251.837476867036
38906,6703.812586471746
38907,10428.894012507388
38908,11998.77208222285
38909,11134.054922646683
38910,9173.251594650907
38911,10872.286594354211
38912,7155.283238269969
38913,5937.9382160766745
38914,6592.593078530981
38915,10613.762804552669
38916,9377.694317641512
38917,9580.836904058622
38918,6168.570516661218
38919,8105.284314027961
38920,6481.61035410715
38921,7485.717891798484
38922,9150.736059618752
38923,12447.728974779597
38924,14402.074092471408
38925,15684.777154273375
38926,11449.085369663555
38927,12863.588509689298
38928,6374.732578349974
38929,12104.189548768689
38930,14983.358546789977
38931,8024.375897380393
38932,11435.680671522543
38933,11249.964352517889
38934,7470.811716603206
38935,5295.598719471778
38936,12002.332809820124
38937,6477.218575925849
38938,10962.651193224996
38939,6888.695495697863
38940,4487.305525049063
38941,16941.53831902929
38942,7554.226642395947
38943,7670.034901788359
38944,5610.485344783252
38945,7330.5490001469925
38946,8639.118320263133
38947,13191.064921055653
38948,8722.473164167472
38949,6908.994729760676
38950,5799.675433869909
38951,6449.458803018241
38952,4195.984745462897
38953,9601.33757423254
38954,21098.903796244293
38955,6601.672207740418
38956,8367.956862270486
38957,10352.06262269726
38958,7025.51776646308
38959,7771.272329894728
38960,6766.752655087456
38961,6257.591411022226
38962,8628.760516413968
38963,9695.187019745874
38964,4389.925275529399
38965,12613.32831839502
38966,5170.345230870992
38967,6577.727605884969
38968,15256.511877614403
38969,12416.729061618325
38970,13207.929614356595
38971,8116.929850898906
38972,10325.931052457143
38973,6759.402051750082
38974,7137.532128890154
38975,20546.076527200697
38976,10847.911386794096
38977,9360.898028308065
38978,9231.951906954606
38979,6428.1147905602165
38980,7302.164274349235
38981,5947.203067249912
38982,14355.159764771966
38983,7089.24024407949
38984,6574.512075751298
38985,10597.867915227784
38986,6752.632520895176
38987,8972.21853034957
38988,9649.859449713244
38989,8910.56585654801
38990,10061.373894223607
38991,6978.542190203463
38992,6478.0202429672945
38993,7172.695368499222
38994,13993.040569040975
38995,10887.028608851799
38996,9899.665995806363
38997,4719.095159946251
38998,8994.73483853684
38999,7541.200280000491
39000,6596.2751118657625
39001,8855.532639490813
39002,10119.047262013743
39003,8770.405001015119
39004,9308.579857784775
39005,9163.259839547518
39006,9022.582579203958
39007,7906.610289739121
39008,8653.339180050434
39009,7701.019764994337
39010,6551.621471567023
39011,9698.563058076887
39012,6195.285691842988
39013,6583.733853280542
39014,17466.322347278092
39015,9232.687175660092
39016,4006.534897684313
39017,9223.451424756786
39018,10189.751967335294
39019,13969.400401316598
39020,5530.344866029943
39021,8453.262394162732
39022,6633.751038682234
39023,8900.93288037271
39024,8123.241108736109
39025,14270.404109940277
39026,4048.2654561017603
39027,10120.780185843563
39028,8512.736293013675
39029,7654.8021730449755
39030,5506.052935732909
39031,9729.113777478613
39032,12319.399542684701
39033,8097.3086271000875
39034,11865.592979394125
39035,11266.568676315379
39036,12945.115003732813
39037,5530.269941117655
39038,7118.430109427355
39039,6328.888883520549
39040,11467.66753705256
39041,11501.538697005055
39042,5709.974560456077
39043,9475.20731816767
39044,8826.269081317265
39045,10586.787248800085
39046,6600.371150534795
39047,5970.5536428840815
39048,9249.809084371202
39049,8873.7833795503
39050,11633.43916512298
39051,10443.425342087812
39052,7736.259145162933
39053,11112.1412128816
39054,10251.860670986944
39055,11862.451808664051
39056,8339.929943650968
39057,8605.88382264513
39058,11827.786993376301
39059,14919.091458364566
39060,9084.655691900642
39061,6999.210462160069
39062,5830.551513642834
39063,4954.721082894072
39064,4443.69538377426
39065,11906.338495846627
39066,6123.536963301245
39067,12945.10405510665
39068,4924.039297315485
39069,7155.694230011521
39070,7515.72495150219
39071,13444.600338648777
39072,7557.574333274487
39073,6020.5772265383775
39074,8751.31264903708
39075,10404.668182755087
39076,6743.4375256006815
39077,9865.277375032716
39078,9080.751167141645
39079,12633.074525275702
39080,10633.975153195111
39081,10035.071135411245
39082,7205.457276675232
39083,6630.545885735082
39084,7161.679018551864
39085,15833.287631386169
39086,12388.015056076243
39087,14518.231615732866
39088,17334.721108312777
39089,7971.566219422288
39090,6019.675432899572
39091,9841.826163560558
39092,10802.647877711755
39093,11068.51019077066
39094,10123.607250949757
39095,11202.748284815421
39096,12215.82723421706
39097,7921.256937497543
39098,9488.159128531395
39099,8272.336434690607
39100,8155.136538894629
39101,5805.034222170171
39102,5360.8025758777
39103,8650.843478401885
39104,11945.5620230218
39105,22570.842624214394
39106,9287.74824509771
39107,7271.727425774079
39108,10923.940061568097
39109,6141.97046949913
39110,8902.60682407762
39111,5442.445541324693
39112,12673.966889641322
39113,7188.837782333485
39114,9851.938332657932
39115,20212.635887701104
39116,12511.645606902854
39117,8733.51014185974
39118,8194.015197463637
39119,4762.2134699469
39120,6327.321797456848
39121,7351.241663587982
39122,9415.188136178855
39123,7491.409433304314
39124,6837.9198736069475
39125,6282.839621268533
39126,7734.353110168004
39127,10909.55072931942
39128,11359.836240373374
39129,4451.915302554841
39130,9810.606241229074
39131,12591.986720144912
39132,10623.23689196865
39133,9268.893285442477
39134,7173.182891763124
39135,11594.370209912193
39136,4624.306980898019
39137,12701.281058188613
39138,6506.873384948905
39139,9419.37488318501
39140,9839.776968191258
39141,8164.215312769331
39142,5241.832019657031
39143,7791.638428968248
39144,7839.194216974413
39145,12890.530108219404
39146,13757.386333675862
39147,8355.79232688971
39148,5556.008924772414
39149,6632.514144161938
39150,8106.001820893506
39151,6629.144213098139
39152,10981.617526112972
39153,7826.463322472647
39154,12481.586903710893
39155,12118.525781130938
39156,8625.57293351432
39157,11179.431092908797
39158,4788.373112131507
39159,12682.83096926657
39160,7925.816383882739
39161,17221.99610808593
39162,8749.37798022345
39163,7905.045602727799
39164,7288.780233680563
39165,5701.890901375867
39166,10452.149711540347
39167,21974.6522545609
39168,6075.997944684235
39169,6837.996473414844
39170,14209.31493066339
39171,9593.004689634912
39172,10208.048235870745
39173,11723.716156268385
39174,9085.901641188773
39175,6186.587612134512
39176,6508.289895219993
39177,13892.944225486643
39178,8448.64301235518
39179,9170.968096085011
39180,11456.491437250623
39181,5657.607684488994
39182,8575.6915314801
39183,8109.428054553233
39184,5433.359958461054
39185,11983.744717568119
39186,12904.56344004451
39187,5437.249158399223
39188,9666.899845967002
39189,10603.439926327033
39190,7722.037556203057
39191,12739.075630054043
39192,8899.136461504611
39193,10898.34706796987
39194,6590.270765794027
39195,7201.792177084514
39196,9918.476965121996
39197,4244.528431182618
39198,10824.914966558454
39199,6621.721190948783
39200,7774.202810881083
39201,6143.608461497285
39202,7019.413502995535
39203,7932.725774939677
39204,9125.707402580341
39205,10708.055459387773
39206,10882.2593428068
39207,6722.26649047621
39208,10485.6450359592
39209,6726.878335007652
39210,12834.738482270817
39211,11775.619613032048
39212,8853.14378052972
39213,4523.4118988041355
39214,6494.9006367979255
39215,10221.610294081387
39216,6199.567340461372
39217,13254.036863252533
39218,6325.060852013309
39219,9525.527495871325
39220,13789.522283006037
39221,8422.6551927631
39222,6470.334036261377
39223,9672.541301000656
39224,14268.167047743436
39225,7359.798951150861
39226,12119.933450445667
39227,13221.216114848763
39228,6988.896905875492
39229,7059.470951728707
39230,9385.830313569224
39231,6181.157890031509
39232,5433.254508064072
39233,9200.622114215505
39234,6724.1743793209735
39235,8873.169723185012
39236,10396.515556243383
39237,9982.715310792744
39238,12691.918992542294
39239,7886.173861279811
39240,9851.855644466617
39241,7245.50961986579
39242,7651.996629373706
39243,10114.405465053354
39244,8804.103841191689
39245,8672.92349391546
39246,9620.118921899419
39247,13622.987172852268
39248,8799.901590504038
39249,6061.1867284454665
39250,8768.072603794237
39251,9595.545776365783
39252,10212.094305588358
39253,5708.65426305378
39254,5862.795633398265
39255,9344.037625135155
39256,8313.385832800015
39257,8003.561625944514
39258,10619.04269137904
39259,7610.239288528509
39260,10553.187902860345
39261,8125.866598569915
39262,4806.653197489001
39263,10184.333564044342
39264,9231.895071421899
39265,10271.430423254376
39266,13249.715646979737
39267,12639.10417412822
39268,6075.024193194589
39269,11089.805980506286
39270,5330.835808723478
39271,3937.4949470533925
39272,11956.42542265008
39273,12809.819704675047
39274,9920.807457130079
39275,10809.014693739173
39276,5163.853004640014
39277,9971.602533296076
39278,12650.216437470248
39279,9548.227085381572
39280,11076.918769919896
39281,6725.240288939144
39282,6519.336096122422
39283,5885.881949466328
39284,7025.368461010338
39285,7191.216225718053
39286,7656.517475562848
39287,7518.574039532054
39288,5420.357589289133
39289,8475.540974666508
39290,10860.118704495047
39291,5373.419923196884
39292,8873.341006494846
39293,10382.701557737742
39294,8114.644166717542
39295,5307.9360552576245
39296,11976.87855546777
39297,10843.161529605184
39298,6334.204013578391
39299,5926.6647095929775
39300,18760.73111639435
39301,8997.35145487287
39302,9005.559309420305
39303,9858.796659947906
39304,11060.94736883617
39305,12054.68405204902
39306,8233.540087147503
39307,9069.742894438863
39308,13406.643860231945
39309,13250.68624438508
39310,7885.211881038965
39311,7943.429777781127
39312,6948.632536497644
39313,9391.320968904747
39314,7110.6532378195
39315,12585.809778767298
39316,12469.578300787913
39317,6382.218048960055
39318,5499.24970187414
39319,9165.388020417266
39320,15117.74577513258
39321,6749.356217170535
39322,10909.238214359466
39323,4339.8254267233815
39324,10676.131694462527
39325,10423.206153383011
39326,10397.677292563687
39327,13143.93702060863
39328,9721.36622106972
39329,4085.6043261461396
39330,8640.065735610431
39331,10270.63839918295
39332,10597.737724181077
39333,9673.532779827123
39334,11071.528441672228
39335,9008.004187596278
39336,6492.127398562303
39337,12304.691381185332
39338,4562.344902140099
39339,12297.846510021378
39340,6336.570392539007
39341,6694.6892041577075
39342,11109.593962448651
39343,8247.536081355567
39344,8651.395880209671
39345,10745.027398225979
39346,5459.096045317314
39347,6825.013934756101
39348,12516.65250125791
39349,12695.711447930847
39350,10817.88669864154
39351,7335.406825025617
39352,7961.50017973198
39353,10072.442972744793
39354,8657.008354849391
39355,7289.401525270141
39356,13613.040215764386
39357,12645.33707908321
39358,12705.576569737785
39359,5216.13408667082
39360,8956.698132773368
39361,9855.16906169555
39362,14038.554645433082
39363,7936.069528520439
39364,15164.707423096635
39365,7717.5492755765745
39366,8065.777104213277
39367,6115.807573535366
39368,9162.92675837909
39369,7322.079280381244
39370,6475.30471413353
39371,5684.875940502298
39372,7194.779757250914
39373,13824.058497909544
39374,8900.64163667905
39375,27508.98286703341
39376,9196.986083117787
39377,0.0
39378,0.0
39379,0.0
39380,0.0
39381,0.0
39382,0.0
39383,0.0
39384,0.0
39385,0.0
39386,0.0
39387,0.0
39388,0.0
39389,0.0
39390,0.0
39391,0.0
39392,0.0
39393,0.0
39394,0.0
39395,0.0
39396,0.0
39397,0.0
39398,0.0
39399,0.0
39400,0.0
39401,0.0
39402,0.0
39403,0.0
39404,0.0
39405,0.0
39406,0.0
39407,0.0
39408,0.0
39409,0.0
39410,0.0
39411,0.0
39412,0.0
39413,0.0
39414,0.0
39415,0.0
39416,0.0
39417,0.0
39418,0.0
39419,0.0
39420,0.0
39421,0.0
39422,0.0
39423,0.0
39424,0.0
39425,0.0
39426,0.0
39427,0.0
39428,0.0
39429,0.0
39430,0.0
39431,0.0
39432,0.0
39433,0.0
39434,0.0
39435,0.0
39436,0.0
39437,0.0
39438,0.0
39439,0.0
39440,0.0
39441,0.0
39442,0.0
39443,0.0
39444,0.0
39445,0.0
39446,0.0
39447,0.0
39448,0.0
39449,0.0
39450,0.0
39451,0.0
39452,0.0
39453,0.0
39454,0.0
39455,0.0
39456,0.0
39457,0.0
39458,0.0
39459,0.0
39460,0.0
39461,0.0
39462,0.0
39463,0.0
39464,0.0
39465,0.0
39466,0.0
39467,0.0
39468,4748.0323717721985
39469,0.0
39470,0.0
39471,0.0
39472,0.0
39473,0.0
39474,0.0
39475,0.0
39476,0.0
39477,0.0
39478,0.0
39479,0.0
39480,0.0
39481,0.0
39482,0.0
39483,0.0
39484,0.0
39485,0.0
39486,0.0
39487,0.0
39488,0.0
39489,0.0
39490,0.0
39491,0.0
39492,0.0
39493,0.0
39494,0.0
39495,0.0
39496,0.0
39497,0.0
39498,0.0
39499,0.0
39500,0.0
39501,0.0
39502,0.0
39503,0.0
39504,0.0
39505,0.0
39506,0.0
39507,0.0
39508,0.0
39509,0.0
39510,0.0
39511,0.0
39512,0.0
39513,0.0
39514,0.0
39515,0.0
39516,0.0
39517,0.0
39518,0.0
39519,0.0
39520,0.0
39521,0.0
39522,0.0
39523,0.0
39524,0.0
39525,0.0
39526,0.0
39527,0.0
39528,0.0
39529,0.0
39530,0.0
39531,0.0
39532,0.0
39533,0.0
39534,0.0
39535,0.0
39536,3227.405870521817
39537,0.0
39538,0.0
39539,0.0
39540,0.0
39541,0.0
39542,0.0
39543,0.0
39544,0.0
39545,0.0
39546,0.0
39547,0.0
39548,0.0
39549,0.0
39550,0.0
39551,0.0
39552,0.0
39553,0.0
39554,0.0
39555,0.0
39556,0.0
39557,0.0
39558,0.0
39559,0.0
39560,0.0
39561,0.0
39562,0.0
39563,0.0
39564,0.0
39565,0.0
39566,0.0
39567,0.0
39568,0.0
39569,0.0
39570,0.0
39571,0.0
39572,0.0
39573,0.0
39574,0.0
39575,0.0
39576,0.0
39577,16134.870377541436
39578,31804.220636609232
39579,0.0
39580,0.0
39581,0.0
39582,0.0
39583,0.0
39584,0.0
39585,0.0
39586,7477.87264174062
39587,0.0
39588,0.0
39589,0.0
39590,0.0
39591,0.0
39592,0.0
39593,0.0
39594,0.0
39595,0.0
39596,0.0
39597,0.0
39598,0.0
39599,0.0
39600,0.0
39601,0.0
39602,0.0
39603,0.0
39604,0.0
39605,5707.314820312513
39606,0.0
39607,0.0
39608,0.0
39609,0.0
39610,0.0
39611,0.0
39612,0.0
39613,0.0
39614,0.0
39615,3212.4429389683664
39616,0.0
39617,0.0
39618,0.0
39619,0.0
39620,0.0
39621,0.0
39622,0.0
39623,0.0
39624,0.0
39625,0.0
39626,0.0
39627,0.0
39628,0.0
39629,0.0
39630,0.0
39631,0.0
39632,0.0
39633,8454.120762859744
39634,0.0
39635,0.0
39636,0.0
39637,0.0
39638,0.0
39639,0.0
39640,0.0
39641,0.0
39642,0.0
39643,0.0
39644,0.0
39645,0.0
39646,0.0
39647,0.0
39648,0.0
39649,0.0
39650,8752.40746675641
39651,0.0
39652,0.0
39653,0.0
39654,0.0
39655,0.0
39656,0.0
39657,0.0
39658,0.0
39659,0.0
39660,0.0
39661,0.0
39662,0.0
39663,0.0
39664,0.0
39665,0.0
39666,0.0
39667,0.0
39668,0.0
39669,0.0
39670,0.0
39671,0.0
39672,0.0
39673,0.0
39674,0.0
39675,0.0
39676,0.0
39677,0.0
39678,0.0
39679,0.0
39680,0.0
39681,0.0
39682,0.0
39683,0.0
39684,0.0
39685,0.0
39686,0.0
39687,0.0
39688,0.0
39689,0.0
39690,0.0
39691,0.0
39692,0.0
39693,0.0
39694,0.0
39695,0.0
39696,0.0
39697,0.0
39698,0.0
39699,0.0
39700,0.0
39701,0.0
39702,0.0
39703,0.0
39704,0.0
39705,0.0
39706,0.0
39707,0.0
39708,0.0
39709,0.0
39710,0.0
39711,0.0
39712,1988.037049880087
39713,0.0
39714,0.0
39715,0.0
39716,0.0
39717,0.0
39718,0.0
39719,0.0
39720,0.0
39721,0.0
39722,0.0
39723,0.0
39724,0.0
39725,0.0
39726,7385.537608146348
39727,0.0
39728,0.0
39729,0.0
39730,0.0
39731,0.0
39732,0.0
39733,0.0
39734,0.0
39735,0.0
39736,0.0
39737,0.0
39738,0.0
39739,0.0
39740,0.0
39741,0.0
39742,0.0
39743,0.0
39744,0.0
39745,0.0
39746,0.0
39747,0.0
39748,0.0
39749,0.0
39750,0.0
39751,0.0
39752,0.0
39753,0.0
39754,0.0
39755,0.0
39756,0.0
39757,0.0
39758,0.0
39759,0.0
39760,0.0
39761,0.0
39762,0.0
39763,0.0
39764,0.0
39765,0.0
39766,0.0
39767,0.0
39768,0.0
39769,7400.363920784009
39770,0.0
39771,0.0
39772,0.0
39773,0.0
39774,0.0
39775,0.0
39776,0.0
39777,0.0
39778,0.0
39779,2450.7232285910013
39780,0.0
39781,0.0
39782,0.0
39783,7013.727042160634
39784,0.0
39785,0.0
39786,0.0
39787,0.0
39788,0.0
39789,0.0
39790,0.0
39791,0.0
39792,0.0
39793,0.0
39794,0.0
39795,0.0
39796,0.0
39797,0.0
39798,0.0
39799,0.0
39800,0.0
39801,0.0
39802,0.0
39803,0.0
39804,0.0
39805,0.0
39806,0.0
39807,0.0
39808,0.0
39809,0.0
39810,20361.03363228538
39811,0.0
39812,0.0
39813,0.0
39814,0.0
39815,0.0
39816,0.0
39817,0.0
39818,0.0
39819,0.0
39820,0.0
39821,0.0
39822,0.0
39823,0.0
39824,6629.120032116783
39825,0.0
39826,0.0
39827,0.0
39828,0.0
39829,0.0
39830,0.0
39831,0.0
39832,0.0
39833,0.0
39834,0.0
39835,0.0
39836,0.0
39837,0.0
39838,0.0
39839,0.0
39840,0.0
39841,0.0
39842,0.0
39843,0.0
39844,0.0
39845,0.0
39846,0.0
39847,0.0
39848,0.0
39849,0.0
39850,0.0
39851,0.0
39852,0.0
39853,0.0
39854,0.0
39855,0.0
39856,0.0
39857,0.0
39858,0.0
39859,0.0
39860,0.0
39861,0.0
39862,0.0
39863,0.0
39864,0.0
39865,0.0
39866,0.0
39867,0.0
39868,0.0
39869,0.0
39870,0.0
39871,0.0
39872,0.0
39873,0.0
39874,0.0
39875,0.0
39876,0.0
39877,0.0
39878,0.0
39879,0.0
39880,0.0
39881,0.0
39882,0.0
39883,0.0
39884,0.0
39885,0.0
39886,0.0
39887,0.0
39888,0.0
39889,0.0
39890,0.0
39891,0.0
39892,0.0
39893,0.0
39894,0.0
39895,0.0
39896,0.0
39897,0.0
39898,0.0
39899,13616.280926000632
39900,0.0
39901,0.0
39902,0.0
39903,0.0
39904,0.0
39905,0.0
39906,0.0
39907,0.0
39908,0.0
39909,0.0
39910,0.0
39911,0.0
39912,0.0
39913,0.0
39914,0.0
39915,0.0
39916,0.0
39917,0.0
39918,0.0
39919,0.0
39920,0.0
39921,0.0
39922,0.0
39923,0.0
39924,0.0
39925,0.0
39926,0.0
39927,0.0
39928,0.0
39929,0.0
39930,0.0
39931,0.0
39932,0.0
39933,0.0
39934,0.0
39935,0.0
39936,0.0
39937,0.0
39938,0.0
39939,0.0
39940,0.0
39941,0.0
39942,0.0
39943,5479.9237774797075
39944,16387.623123861966
39945,0.0
39946,0.0
39947,0.0
39948,0.0
39949,0.0
39950,0.0
39951,0.0
39952,0.0
39953,0.0
39954,0.0
39955,0.0
39956,0.0
39957,0.0
39958,0.0
39959,0.0
39960,0.0
39961,0.0
39962,0.0
39963,0.0
39964,0.0
39965,0.0
39966,0.0
39967,0.0
39968,0.0
39969,0.0
39970,0.0
39971,0.0
39972,11610.310367009724
39973,0.0
39974,0.0
39975,0.0
39976,0.0
39977,0.0
39978,0.0
39979,0.0
39980,0.0
39981,0.0
39982,0.0
39983,0.0
39984,0.0
39985,0.0
39986,0.0
39987,0.0
39988,0.0
39989,0.0
39990,0.0
39991,0.0
39992,0.0
39993,0.0
39994,0.0
39995,0.0
39996,0.0
39997,0.0
39998,0.0
39999,0.0
40000,0.0
40001,0.0
40002,0.0
40003,0.0
40004,0.0
40005,0.0
40006,0.0
40007,0.0
40008,0.0
40009,0.0
40010,0.0
40011,0.0
40012,0.0
40013,0.0
40014,0.0
40015,0.0
40016,0.0
40017,0.0
40018,0.0
40019,0.0
40020,0.0
40021,0.0
40022,0.0
40023,0.0
40024,0.0
40025,0.0
40026,0.0
40027,0.0
40028,0.0
40029,0.0
40030,0.0
40031,0.0
40032,0.0
40033,0.0
40034,0.0
40035,0.0
40036,0.0
40037,0.0
40038,0.0
40039,0.0
40040,0.0
40041,0.0
40042,3127.8450159429367
40043,0.0
40044,0.0
40045,0.0
40046,2897.5063088243946
40047,0.0
40048,0.0
40049,0.0
40050,0.0
40051,0.0
40052,0.0
40053,0.0
40054,0.0
40055,0.0
40056,0.0
40057,0.0
40058,0.0
40059,0.0
40060,0.0
40061,0.0
40062,0.0
40063,0.0
40064,0.0
40065,0.0
40066,0.0
40067,0.0
40068,0.0
40069,0.0
40070,0.0
40071,0.0
40072,0.0
40073,0.0
40074,0.0
40075,0.0
40076,0.0
40077,0.0
40078,0.0
40079,0.0
40080,0.0
40081,0.0
40082,0.0
40083,0.0
40084,0.0
40085,0.0
40086,0.0
40087,0.0
40088,0.0
40089,0.0
40090,0.0
40091,0.0
40092,0.0
40093,0.0
40094,0.0
40095,0.0
40096,0.0
40097,3124.7840786939782
40098,0.0
40099,0.0
40100,0.0
40101,0.0
40102,0.0
40103,0.0
40104,0.0
40105,0.0
40106,0.0
40107,0.0
40108,0.0
40109,0.0
40110,0.0
40111,0.0
40112,10968.077334266749
40113,0.0
40114,0.0
40115,0.0
40116,0.0
40117,0.0
40118,0.0
40119,0.0
40120,0.0
40121,0.0
40122,0.0
40123,0.0
40124,0.0
40125,0.0
40126,0.0
40127,0.0
40128,0.0
40129,0.0
40130,0.0
40131,0.0
40132,0.0
40133,0.0
40134,0.0
40135,0.0
40136,0.0
40137,0.0
40138,0.0
40139,0.0
40140,0.0
40141,0.0
40142,0.0
40143,0.0
40144,0.0
40145,0.0
40146,0.0
40147,0.0
40148,0.0
40149,0.0
40150,0.0
40151,0.0
40152,0.0
40153,0.0
40154,0.0
40155,0.0
40156,0.0
40157,0.0
40158,0.0
40159,0.0
40160,0.0
40161,0.0
40162,0.0
40163,0.0
40164,0.0
40165,0.0
40166,0.0
40167,0.0
40168,0.0
40169,0.0
40170,0.0
40171,0.0
40172,0.0
40173,0.0
40174,0.0
40175,0.0
40176,5438.769331163402
40177,0.0
40178,0.0
40179,0.0
40180,0.0
40181,0.0
40182,0.0
40183,0.0
40184,0.0
40185,0.0
40186,0.0
40187,0.0
40188,0.0
40189,0.0
40190,0.0
40191,0.0
40192,0.0
40193,0.0
40194,0.0
40195,0.0
40196,0.0
40197,0.0
40198,0.0
40199,0.0
40200,0.0
40201,0.0
40202,0.0
40203,0.0
40204,0.0
40205,0.0
40206,0.0
40207,0.0
40208,0.0
40209,0.0
40210,0.0
40211,0.0
40212,0.0
40213,0.0
40214,0.0
40215,0.0
40216,0.0
40217,12912.6050465148
40218,5712.942066073216
40219,0.0
40220,0.0
40221,0.0
40222,0.0
40223,0.0
40224,0.0
40225,0.0
40226,0.0
40227,0.0
40228,0.0
40229,0.0
40230,0.0
40231,0.0
40232,0.0
40233,4916.653981775613
40234,4716.177900593221
40235,8353.140340278147
40236,3579.1016447441493
40237,6626.303962048215
40238,4995.0431572026155
40239,6217.042052680309
40240,6467.084465578633
40241,4821.53457129031
40242,3268.3543194021186
40243,6509.290764171446
40244,5684.560081212936
40245,4492.44904499074
40246,5002.179472638941
40247,5221.418895149969
40248,3813.2992528648892
40249,4982.259059309736
40250,7462.252411033112
40251,8767.467006595614
40252,7258.457653685038
40253,7421.704599325801
40254,4037.560614760432
40255,6116.5912105275975
40256,2706.8369517406686
40257,9346.514342282862
40258,8995.756991441314
40259,9631.832178332097
40260,6761.855681141305
40261,3697.857971302792
40262,4903.132042132035
40263,6473.679525836836
40264,7746.732773612178
40265,4772.540566209551
40266,6043.783014772976
40267,5221.41232421393
40268,6155.607893921107
40269,2769.326667649419
40270,8345.944743623393
40271,4955.430579301472
40272,7978.511900903516
40273,7243.9892653506995
40274,4247.185254864464
40275,8219.428663946723
40276,6653.175769439197
40277,5058.906203584597
40278,3944.7041241399793
40279,8153.790824631934
40280,10875.984743110268
40281,6735.840169951591
40282,5927.049979626797
40283,9466.093619284908
40284,7732.738230874287
40285,6375.715942320934
40286,6806.0243579261905
40287,3031.1873284625335
40288,2636.386840021445
40289,5008.5247480521175
40290,7380.85665209279
40291,6943.076580295069
40292,7814.83871336818
40293,4622.417635721816
40294,8604.949958887719
40295,8725.388315400818
40296,5391.870495674861
40297,3169.4451010684493
40298,11114.328251430616
40299,4024.6889623835873
40300,4699.350570041634
40301,8105.313378208726
40302,4609.504636881129
40303,5924.967221678333
40304,2572.4512998318837
40305,6313.623359428014
40306,5256.887263424313
40307,5877.560679196171
40308,8733.186565839405
40309,8289.16401096719
40310,6312.980007602919
40311,3676.3048595550745
40312,7775.468338447555
40313,13283.66734935144
40314,5839.44035597227
40315,3798.327946418197
40316,6973.525608840519
40317,6393.6395949607195
40318,8331.719357183261
40319,10215.2209001216
40320,2473.2758398704586
40321,9003.929708153115
40322,5124.394813787667
40323,5944.35345017317
40324,9328.820915199774
40325,2923.1782642022895
40326,4693.590839176117
40327,5571.599314662271
40328,8103.718302493785
40329,6854.834497217056
40330,4351.860992380725
40331,4569.009958499752
40332,6716.986992047375
40333,6780.327708406309
40334,5351.190217436689
40335,7072.913921850214
40336,5035.169961222349
40337,6556.852095103637
40338,4968.501635663609
40339,3143.6893996642034
40340,6497.584602953403
40341,5939.235689611505
40342,6196.230480676661
40343,7694.883115484063
40344,8575.023910385094
40345,4317.236686415078
40346,9303.862772940878
40347,3562.610894715407
40348,3828.6184857792114
40349,8377.58916502074
40350,7397.403725936443
40351,7419.699988405885
40352,9332.355572295
40353,7549.730962288177
40354,5837.1669109018385
40355,7015.154978232284
40356,7756.470325356855
40357,4678.193744280446
40358,3206.460841407476
40359,6090.865139608907
40360,5473.725720574744
40361,5922.192734315651
40362,3767.185885441245
40363,5724.718692269297
40364,6394.655692277951
40365,6550.797063878602
40366,6714.643585818691
40367,3189.1776409228837
40368,7109.995272654766
40369,7737.796301057602
40370,4107.770000992604
40371,5798.403541646101
40372,3698.6381018086986
40373,6171.662164944507
40374,4199.856924988885
40375,5267.5443402711335
40376,5361.925951142799
40377,7565.944683764907
40378,6785.947347988643
40379,6910.790608980129
40380,13608.842707125388
40381,4578.564084218758
40382,5417.4961607509695
40383,9743.414527022942
40384,5353.205050092492
40385,8327.686173339856
40386,6772.474507375734
40387,5974.467662478141
40388,6686.594036904478
40389,4647.811113681954
40390,5008.29501900534
40391,8409.81390690562
40392,6463.560492753283
40393,3615.580788347138
40394,4075.0955209422223
40395,7640.9790649538745
40396,10153.784418456966
40397,6420.028593198695
40398,5813.818801805781
40399,4360.226430297431
40400,2346.2394850251717
40401,1805.5775901871582
40402,3704.8299713028455
40403,6531.598860301049
40404,7384.934137582121
40405,4863.913045151446
40406,4780.54119165878
40407,7636.20678293782
40408,8352.149969758675
40409,8309.338618864134
40410,5193.539816868834
40411,8578.108550442666
40412,10104.000520223797
40413,3958.666242740036
40414,5537.026694582247
40415,5588.657399795728
40416,6924.233234558254
40417,3138.3354880400316
40418,6035.906471439589
40419,5009.109103948988
40420,9502.315362257701
40421,6444.631730919255
40422,7949.654456422798
40423,7526.021196853289
40424,5387.331419263012
40425,8227.316039361063
40426,16201.709757493085
40427,8899.258039549713
40428,4139.119973661959
40429,3673.4494938144962
40430,6382.54859209423
40431,8530.551471820034
40432,4837.174596543219
40433,9330.568346023427
40434,18903.363461487083
40435,5251.769276239651
40436,3189.7430147935997
40437,11039.713497131916
40438,3961.841494081678
40439,5413.616041758377
40440,4075.5817254525505
40441,6388.205277431089
40442,4565.838285981229
40443,7760.24633857698
40444,5198.51514736822
40445,6203.681407537618
40446,9549.313380433512
40447,6590.27781614389
40448,6756.9307077168305
40449,7547.241256665404
40450,5957.308462285223
40451,6832.314621264917
40452,9292.9366501615
40453,5005.4179749629575
40454,6452.9134685686795
40455,4633.299914714597
40456,3547.241431550974
40457,6113.554562083049
40458,4953.060737324205
40459,5300.2017611203255
40460,8106.665173689283
40461,10516.340015049373
40462,7607.849003512644
40463,4524.411383307491
40464,4051.45358348543
40465,4477.350507317263
40466,5976.531537058907
40467,6735.826437671099
40468,3238.415025716706
40469,6172.96810066403
40470,5831.368282196386
40471,8205.145726241279
40472,5319.576242138249
40473,4712.717761792671
40474,3539.6940789528253
40475,3085.8050869742156
40476,9080.965960545143
40477,6717.566934537813
40478,6213.052764798447
40479,12898.631747927539
40480,7523.519309779346
40481,4186.397952173729
40482,5854.565100515646
40483,2747.5077195561425
40484,4339.554167218625
40485,3837.81855654538
40486,3869.5287377493955
40487,8635.728788840384
40488,4961.286501038771
40489,9264.209102778294
40490,11394.582116721107
40491,5973.899385622203
40492,5715.418691795326
40493,5264.415457218839
40494,5741.535775548556
40495,5043.644385257113
40496,12552.743217768466
40497,6505.467405614741
40498,7924.697495665946
40499,3462.8750623344404
40500,6121.650795484292
40501,5709.66643806722
40502,11106.847946016964
40503,7076.073831287672
40504,5516.513051164899
40505,7565.334847215576
40506,5172.938758442701
40507,9405.392520308784
40508,7495.549473823174
40509,6815.112557635967
40510,9822.160903761936
40511,7353.679235774464
40512,8357.327509589757
40513,3834.194745122192
40514,6207.9937692941285
40515,5276.992929400162
40516,9617.137639930992
40517,8600.755619583053
40518,7349.335665516067
40519,6745.273740501481
40520,8412.018154667901
40521,5140.45174115579
40522,7143.459404815781
40523,6822.124226118565
40524,3375.5972163599445
40525,13224.13296992265
40526,15954.925910346647
40527,8261.657428026061
40528,7299.22899537151
40529,7276.384688620152
40530,8150.9499829265105
40531,8147.437473038666
40532,3264.5845533899387
40533,4608.756229515287
40534,6008.356236444857
40535,8962.750779998643
40536,2620.7095392130923
40537,4204.833176037563
40538,5969.439686035081
40539,5099.904342802407
40540,5251.361835694957
40541,3285.929762369277
40542,3413.5561166997986
40543,7332.404983797254
40544,3769.0212128130033
40545,4912.821701052315
40546,5576.43285701125
40547,5348.663117865304
40548,9774.964400286644
40549,11359.308014139735
40550,4349.73713845637
40551,7374.873264896522
40552,6905.524131106102
40553,10671.200863444728
40554,5490.918869568983
40555,3004.3216525584403
40556,5177.403698250558
40557,14708.111895875589
40558,4432.683034942841
40559,7265.631447987806
40560,2162.32030183849
40561,3684.018430560007
40562,6305.874003159741
40563,6878.098238788377
40564,6003.631966900861
40565,9055.327048739757
40566,8714.705907411908
40567,7595.0080174802115
40568,4508.545274776037
40569,12208.864845605045
40570,2012.430105642402
40571,3988.7587441553214
40572,7290.988821742092
40573,5232.020439039861
40574,10107.900829808805
40575,2861.980751906056
40576,5501.408616141297
40577,5405.661788723885
40578,7878.707638253694
40579,11049.69528097014
40580,5089.234853197457
40581,3332.8489386269434
40582,10943.247497037348
40583,10857.761561196774
40584,4910.687574676236
40585,6097.95069454397
40586,9660.774029651182
40587,6172.65076241265
40588,5142.586490897172
40589,3823.778080253142
40590,7895.327489766922
40591,4750.192932735993
40592,13388.416383198322
40593,8593.375396894411
40594,11936.0842409065
40595,7107.921068380512
40596,4959.125533023943
40597,2284.9336860656904
40598,7013.16765908752
40599,6466.912340206033
40600,5599.534549158388
40601,10800.25982454813
40602,5879.504413149034
40603,2973.516913906917
40604,7523.934226529174
40605,3879.2940975907045
40606,9323.09015191769
40607,7176.143336585459
40608,7004.162281667769
40609,7797.2753461728025
40610,5255.863405816975
40611,7497.625191673423
40612,7614.003183698813
40613,5466.101857408033
40614,7037.502900306247
40615,4568.845434346473
40616,9353.989780279027
40617,6685.773898319239
40618,3696.678461493714
40619,5090.356176126391
40620,8154.3183934469525
40621,6553.140953167676
40622,3915.674362468323
40623,5410.163585936482
40624,5751.921761649443
40625,5181.189144522512
40626,5026.249444911996
40627,9802.630039741069
40628,4199.517701385814
40629,4317.731712540612
40630,6638.9720032959
40631,6605.577494412122
40632,3781.4902592949247
40633,5781.2883599106635
40634,9274.47003443222
40635,7609.399729553126
40636,11175.869172327446
40637,9151.55551804293
40638,7977.652960061739
40639,8694.751107553335
40640,4734.180068562251
40641,9573.789423612196
40642,8158.076692720569
40643,7417.127028092146
40644,5639.4756348416195
40645,5303.2101633945795
40646,5015.882225876814
40647,2382.729400421066
40648,12379.384444181658
40649,6351.926048589969
40650,6368.260300222755
40651,4818.540618679336
40652,1370.516679117209
40653,8025.217882950239
40654,6151.603089797061
40655,4280.385938352658
40656,3975.534206605244
40657,6183.17132182269
40658,6226.147559732443
40659,4457.701155102116
40660,12597.368705973604
40661,4711.372573256853
40662,5067.746566122885
40663,4071.6450376075018
40664,2841.6932882835363
40665,5441.987602133963
40666,14071.95224629463
40667,4747.9970825449645
40668,6280.55055834569
40669,5365.905249125527
40670,4015.5321173993266
40671,3285.3020629385137
40672,6515.054406660706
40673,3137.7250823975714
40674,10567.141554297248
40675,6358.3370348355575
40676,2868.6377489187103
40677,8968.797757893635
40678,2775.3754562958466
40679,4581.698377150811
40680,10373.612211740625
40681,8645.700065411153
40682,8951.826523535688
40683,2758.2373329933525
40684,5299.919072810679
40685,5332.015250789543
40686,5359.613098876924
40687,16667.22256517915
40688,11365.428995601776
40689,5835.794690312009
40690,3650.4725660155477
40691,6551.192539313263
40692,4921.685438999734
40693,2912.979968172295
40694,8517.061825926838
40695,5073.565556130886
40696,6002.28715832872
40697,7327.595164896997
40698,5187.764823745029
40699,4734.272651489516
40700,5954.226073281721
40701,7620.811135306536
40702,7268.351349956403
40703,2992.312686010478
40704,6046.858996980281
40705,6520.014555916682
40706,8823.773799204373
40707,6140.023814802716
40708,7725.877520916239
40709,2875.1887659256167
40710,9763.990817491533
40711,5366.759880833577
40712,3786.700927942615
40713,4650.494744101577
40714,4653.786948465087
40715,4361.197848723015
40716,7026.085713186293
40717,4957.038597153536
40718,6808.059007820769
40719,5429.742431438241
40720,8496.726635568968
40721,8869.120655051807
40722,5440.168635844325
40723,7847.97894692272
40724,6709.469634892868
40725,3146.192728177171
40726,11179.194656694699
40727,3587.9448003224547
40728,3131.5590328006615
40729,5717.431222110689
40730,10961.187050791572
40731,10072.837498978746
40732,4229.0610714627865
40733,5787.94106044727
40734,6927.613131898579
40735,6750.534029027998
40736,4383.935358064166
40737,8610.55602302385
40738,3238.407741014468
40739,5720.505403769536
40740,4097.394582701144
40741,3743.168241215719
40742,3093.5546519504946
40743,7707.008736740207
40744,8123.423290706562
40745,5798.210435543322
40746,5429.343680504991
40747,8584.21728594308
40748,8918.169677573927
40749,5277.395792308645
40750,5656.276362826033
40751,5314.874226825839
40752,7250.5185726880845
40753,5574.819784698148
40754,2449.237508606402
40755,6686.890620456325
40756,7387.385919657041
40757,6516.944352365189
40758,5749.201101563653
40759,3450.869973507526
40760,9881.580967055701
40761,3096.0887528875032
40762,8741.22602532678
40763,5586.717816938108
40764,4389.452402671251
40765,8464.35486292488
40766,4378.4153800039585
40767,4415.291644132837
40768,9275.77668256304
40769,2757.350943537521
40770,7216.667986655171
40771,9882.894537819233
40772,7034.591017434956
40773,2851.635212497914
40774,5471.580173179291
40775,4384.429050857164
40776,2375.289515252553
40777,5197.971227531093
40778,7161.125868431318
40779,5193.498334952931
40780,4985.510908574751
40781,5818.6536011540375
40782,5211.901327692148
40783,9842.120613720539
40784,5586.2687720292515
40785,6225.281713405972
40786,4311.947606857519
40787,6011.816975688264
40788,6740.453664169933
40789,6990.290751924688
40790,8540.458754196037
40791,7954.33109550378
40792,7612.800894017739
40793,5400.352689732759
40794,5883.5874560633
40795,2883.610524136537
40796,6296.509038587649
40797,9292.432446508923
40798,7141.687257204978
40799,8997.849354301912
40800,14440.489328297488
40801,3210.6547033830047
40802,5462.392788378945
40803,4761.918360909128
40804,8227.690061909558
40805,10314.396452996742
40806,8111.092234807433
40807,8339.36389926483
40808,8132.807845282766
40809,7840.880168884716
40810,6605.71369937384
40811,5711.397095755198
40812,2416.5114380711625
40813,5464.875025383345
40814,3507.329057396732
40815,3596.7699749994276
40816,7135.860162445218
40817,17410.351400792955
40818,5731.653225206914
40819,3490.9925148484617
40820,5131.942359012026
40821,4141.378094171757
40822,6474.551357279315
40823,2324.864011846528
40824,7015.599418696074
40825,6392.256243526437
40826,4300.7100404774255
40827,12547.53420316154
40828,10997.058760883361
40829,3856.314324008286
40830,6020.133525176453
40831,3929.0388531922404
40832,4166.938246389709
40833,4182.334419359344
40834,8991.16567833366
40835,3880.385078129277
40836,5029.325886144493
40837,5099.285089521221
40838,5786.817265458995
40839,5653.5733263126995
40840,7739.658470043957
40841,3358.473558721175
40842,8894.773835437289
40843,7089.042217639274
40844,4847.777342556345
40845,4953.497164203156
40846,4318.020733298582
40847,5133.892964994937
40848,4923.7023958058
40849,9800.868681126749
40850,4931.702700920937
40851,4490.548126931576
40852,6513.781511507332
40853,5145.527749069848
40854,6047.048501749656
40855,5866.232609582841
40856,6185.953544206451
40857,10358.767876947737
40858,7331.931506927366
40859,6539.726567551336
40860,3880.6659967841297
40861,4487.264548748109
40862,7238.759178043807
40863,3460.887289404158
40864,4898.375655050424
40865,5240.127630151436
40866,12182.586149655175
40867,8942.10139318555
40868,4851.746445350961
40869,6486.510809488571
40870,5179.931368494402
40871,6668.5650614748865
40872,5873.598926257835
40873,9333.034518474522
40874,6662.066619883397
40875,4966.123247760786
40876,4479.972502044714
40877,2245.928975911349
40878,4580.233020926407
40879,19722.354637086497
40880,2399.085413162276
40881,5213.227630457641
40882,6139.560175081446
40883,7380.314787358953
40884,6407.477936201852
40885,8624.647197253087
40886,6117.098539312348
40887,6461.104129084626
40888,3126.128032860251
40889,8364.404465266263
40890,4393.098948280049
40891,6777.579661417132
40892,9612.966230433185
40893,3978.3867790255813
40894,8768.61577826329
40895,7048.667907463278
40896,3289.1925255990573
40897,6945.395588510354
40898,7431.031380755651
40899,2814.0752271351153
40900,8767.565094955586
40901,6974.337742007299
40902,5481.641734594956
40903,9928.42632982721
40904,9150.179643364247
40905,7067.959610161427
40906,5224.500940794611
40907,4002.203363351777
40908,6105.833828093653
40909,3877.9806017403994
40910,6332.72175028095
40911,2978.657934842121
40912,6294.058509081206
40913,3201.6903664059405
40914,5832.244269387812
40915,5256.397978945961
40916,4910.013188662839
40917,6037.769960663577
40918,8832.814368477908
40919,6142.521735894811
40920,7934.662713416168
40921,5502.6319295230105
40922,6411.886462932171
40923,9001.9943412019
40924,7565.6777068143265
40925,4095.293942128824
40926,5150.948719940952
40927,5687.95867723069
40928,4362.807454791999
40929,12794.185056108805
40930,6156.396703093011
40931,6788.154516792474
40932,9479.600551020927
40933,6319.297157815402
40934,2480.315661964992
40935,9548.074697516076
40936,8849.984545657951
40937,6828.676480677896
40938,7513.7391335872435
40939,7291.932338154818
40940,8939.174741107208
40941,5357.073833608067
40942,4600.700832316533
40943,3347.3427332749434
40944,5981.295369589913
40945,8354.251218181453
40946,2728.076402857783
40947,8314.364605770592
40948,6988.114541865096
40949,5256.891190161744
40950,7653.048920515098
40951,5131.2766249017495
40952,7959.2752731756245
40953,4802.557644589745
40954,5552.335723345444
40955,4740.692286118332
40956,4328.3212962959315
40957,6370.499569695824
40958,7197.800334077
40959,8896.807435575818
40960,6753.771475482573
40961,4503.774115168093
40962,5994.693158438529
40963,6774.91331767614
40964,7695.229566898722
40965,3496.0627353259865
40966,3033.3365135570357
40967,9031.85957286499
40968,6520.438846809326
40969,4160.650181623421
40970,7301.709758600446
40971,7690.708276542198
40972,6893.77803796928
40973,4994.796600321197
40974,1966.6516067182142
40975,6823.414698642297
40976,6584.7106418847
40977,5362.832190924066
40978,9195.210003627157
40979,6785.748983787181
40980,3799.7465616020977
40981,5954.533719098762
40982,3186.9807588007343
40983,1093.6018428183647
40984,5923.558058958562
40985,8907.57202770488
40986,5896.6663571500785
40987,5196.334905515894
40988,3507.771247748332
40989,5287.848916150684
40990,8545.394649986523
40991,5997.7583414736255
40992,9467.55200623134
40993,4017.9916701085667
40994,4704.914356203277
40995,3603.5655248908815
40996,6454.792555222719
40997,3711.209099787098
40998,2401.9575655417484
40999,4795.655748248895
41000,4200.235833213187
41001,8278.267031717425
41002,4319.561526393143
41003,5556.694262024231
41004,5469.06575170019
41005,9352.907338743002
41006,5175.381446813613
41007,4206.887015049889
41008,9208.29108277482
41009,7076.147559234507
41010,7252.714673781339
41011,2328.9814217338308
41012,5392.429653365456
41013,5495.3748281646485
41014,4090.0171722646196
41015,8699.627455541324
41016,9616.364210737558
41017,6278.775854521554
41018,7591.538187244496
41019,6258.652813029174
41020,7504.883737343682
41021,11569.153942380713
41022,3733.5504143322655
41023,4535.499060201009
41024,5545.537894360479
41025,5799.946079609419
41026,6635.943123994536
41027,9357.02029032589
41028,7321.595743703888
41029,6947.025932187936
41030,3031.3375232001727
41031,6432.683376251984
41032,9368.856334568236
41033,3391.231341908919
41034,6754.632355177516
41035,3390.9226101657537
41036,7213.921487810148
41037,5831.796760910525
41038,5314.999867373764
41039,6626.773308280738
41040,4329.2476997184585
41041,5139.5450498949285
41042,8224.87178631467
41043,4801.368884604557
41044,8517.993121443787
41045,5872.944640384721
41046,9298.383383861432
41047,5486.70485907167
41048,3764.507092148756
41049,7882.953672579552
41050,2879.6336750985124
41051,9575.841015231834
41052,6018.210794775443
41053,5288.488316180444
41054,7622.748750674836
41055,4455.2810953682765
41056,4378.465965774092
41057,6136.477996204497
41058,3229.7550341406686
41059,2963.721794003929
41060,6279.263313145404
41061,6825.6221757938665
41062,10279.183071611891
41063,5932.494887601444
41064,5549.217577400807
41065,4051.6531894522736
41066,6660.835322022567
41067,3092.913931231282
41068,11149.363218645898
41069,8168.543603594611
41070,13152.697789934069
41071,6341.795157329362
41072,5621.329655287275
41073,7903.370025455609
41074,8656.606649949223
41075,3236.520762660751
41076,9084.5081607182
41077,7039.579338664189
41078,5456.994489772734
41079,6508.098705485205
41080,5579.984787094386
41081,3376.0758961515444
41082,6121.462095178389
41083,3529.2722341298854
41084,3097.7674430231295
41085,7734.266597246126
41086,6552.613599946866
41087,23289.94735114468
41088,7366.622660200461
