pickup_flag,user,text
0,r-isahai,"@re-yoshimoto 社内行事などのPJコードはこちら参考にしてください。
https://chat.jbdcl.com/all/pl/drtm9dcj4fyuzk3bpawm6yc9cr"
0,n-ishii,あるいは、`/project_code`でも確認できるはずです。
0,n-ishii,"ケーブルまきまき
https://www.monotaro.com/g/02959011/

※太いケーブルにも使用可能かどうか不明"
1,yano,"@channel 
昨日明治神宮に、新年の祈願に行きましたが、
AICには神棚がないので木札（35cm×10cmくらい）をまつっておく位置を考える必要があります。
・東向きor南向き
・立ち上がった際に頭より上部
・両面テープなどでとめることは可能だが、釘などを直接木札に打つことはNG

皆でアイデアを出し合ってまつり方を検討したいと思うのでアイデアを出してください。"
0,yano,"あと、おさがりで
・御神酒（1合瓶くらい）
・神饌：お餅かお饅頭一つ
・神饌：鰹のふりかけ
を頂いていますが、皆で分けるほどの分量ではないので希望する人にお渡ししようと思います。
本日期限で希望ください。"
0,r-isahai,"@yano 
- 設置場所
    - ロッカーが配置されている方角が南東のため、窓側の壁に設置。以下のいずれか
        - スタンディングデスクの上（窓と窓の間）
        - 打合せブース後ろの黒い柱部分（磁石になっている面）

- 設置方法
    - お札ホルダー（簡易神棚）が1000～2500円程度で購入できそう、いくつかリンクを貼ります
        - [磁石式で外見が神棚っぽいもの](https://amzn.asia/d/2vMDVDo)
            - 画鋲を使うことでマグネット面以外でも利用可能らしい
        - [石膏ボード用プッシュピンで付けられる、スタイリッシュな感じ](https://amzn.asia/d/6n3sigh)
        - [マグネットタイプのスタイリッシュな感じ](https://www.amazon.co.jp/dp/B0BKKZQDVK?_encoding=UTF8&psc=1&ref_=cm_sw_r_cp_ud_dp_DD1QZ1YNW4SJVMEJSPX4&newOGT=1)

お札ホルダーを使うのであれば、設置場所を決める→場所にあった取付方法のものを購入、となりそうです。"
0,yano,"@r-isahai 
ありがとう。いろいろあるんだね。
ブースの後ろの柱の部分は暗いので、
時計がかけてある壁面に設置する感じかな。

*   [マグネットタイプのスタイリッシュな感じ](https://www.amazon.co.jp/dp/B0BKKZQDVK?_encoding=UTF8&psc=1&ref_=cm_sw_r_cp_ud_dp_DD1QZ1YNW4SJVMEJSPX4&newOGT=1)

が良さそうな気がします。"
0,r-isahai,"@yano 
- 時計が書けてある面だと、結構北向きよりになってしまいそうです。角に設置すれば問題ないでしょうか
- マグネットタイプで挙げたものが上下に固定する形式なのですが、上部で挟める厚さが0.7cmまでみたいです。木札というより神札用のため、木札の厚み確認してから購入検討したほうがよさそうです。紙ではないので上部がなくても自立しそうですが"
1,r-isahai,"@channel 
大掃除の実施結果を受けて、日々の掃除項目の見直しを行いました。
ご確認よろしくお願い致します。
[/2000_開発者向け/2000_開発者向け/2YYY_組織/AIビジネス研究室/000_部署の決めごと/040_AIC管理#掃除](https://wiki.jbdcl.com/66fb5fba9ff03c06b014a82a#掃除)
- 水曜：椅子座面の掃除機かけを追加
    - 椅子の座面・背面に思った以上にほこりがたまっていたため
    - とはいえすべてを毎週する必要はなさそうなので、使用頻度の高い執務室の椅子を対象
- 金曜：モニター掃除の内容変更
    - モニターは今まで雑巾で拭いていたが、ハンディモップで汚れを落とすに変更"
0,yano,"@channel 
気づいた人確認してほしいんだけど、
石井くんが今日座っている席のACアダプターに矢野の社用携帯充電されてます？"
0,r-isahai,"@yano 
されています。"
0,yano,"@r-isahai 
ありがとう、取りに戻ります :face_with_rolling_eyes:  "
1,r-isahai,"@channel 
AIビジネス事業部　各位
#### 緊急連絡網の変更について
メンバー構成変更と各案件参画状況により、緊急連絡網を見直し、更新いたしました。
ご確認よろしくお願い致します。
\\jbdtkfs2020\プロジェクト\JBD\AIビジネス研究室\99_個人\yano\緊急連絡網\緊急連絡網（46期_AIビジネス研究室）_202501.xlsx

特に@r-kinoshita さん、@r-asanoma さんは、伝達先を変更しておりますので、ご確認よろしくお願い致します。"
1,yano,"@channel 
衛生委員会から1月1日～16日までの勤怠の中間集計を、17日(金)14時～に作成する旨、連絡がありました。
期限に間に合うように、Zaionの申請および承認を済ませてください。
くれぐれも、直前に承認して下さい、とならないように17日の朝一には承認依頼を行うようにして下さい。"
0,r-asanoma,"@yano (cc: @channel )
湿度計付きの時計が到着しました。
窓側のデスクに置いておきます。"
0,at-yoshida,"@yano 
お疲れ様です。
昨日(1/16)分の残業申請をzaionにて行っています。
お手すきの際にご確認よろしくお願いいたします。"
1,yano,"@channel 
AICの室内に、以下の加湿器を2台購入しようと思います。
タンク容量が小さすぎず大きすぎず、お手入れ簡単、で選択してみました。

・[Yokizu加湿器](https://www.amazon.co.jp/Yokizu-LED%E3%83%A9%E3%82%A4%E3%83%88-%E3%81%8A%E6%89%8B%E5%85%A5%E3%82%8C%E3%81%97%E3%82%84%E3%81%99%E3%81%84-%E6%AC%A1%E4%BA%9C%E5%A1%A9%E7%B4%A0%E9%85%B8%E6%B0%B4%E5%AF%BE%E5%BF%9C-%E3%82%B3%E3%83%B3%E3%83%91%E3%82%AF%E3%83%88/dp/B0DCW87ZXL/ref=sr_1_1?crid=28F9VFFGHAZN6&dib=eyJ2IjoiMSJ9.I-VYoVUeMfA81mxLgKU2J3H9mS__bwQU3R9S13RFEegZVjAR-LkadtE5d2JsgvsUPDRpfg6N81vpgDo5Jac980ooTCJvwhITv34Gb1fmcqOeJVd-QFL8_lFJjg_ewmXlaGDRWR-5fNzujdnhsa3A3KAY09Ke__ETT3MTH49yLjVJQv9ei78X2NPMPUHkqZSPTo_t8VEzcresmV3De31i_b1b3JPW_e8xstwq2ebcxBdz6xVsoN8pcL-n2JiDc-xJCOxigRqypQCN6T9ig4dCNDMs1NLXKDhEGbUPTZgCuTFdELE4uS0gY8il2v340aZpWPwzbHkF_h0_LzEko6qQrCD2o-A3QC0ocZX6__5VNICOMLPUL3n9ODfdGu4R1C_yibUbpwg2HNhCH5tRll_sSDg2a0dLfXrNB8RiSpwmZi0sjN5HOXo4AXiJhri6lx82.P4zwQMvLohazLu_MXBySCOnFzwGmJxkdhyId00B3q0E&dib_tag=se&keywords=%E5%8A%A0%E6%B9%BF%E5%99%A8%2B%E5%8D%93%E4%B8%8A%2B1.5l&qid=1737350109&sprefix=%E5%8A%A0%E6%B9%BF%E5%99%A8%2B%E5%8D%93%E4%B8%8A%2B1%2Caps%2C189&sr=8-1&th=1)

他に何かおすすめがあれば言ってください。
明日の定時中くらいまでにほかのおすすめがなければ上記を注文しようと思います。"
0,yano,@channel 特に他のおすすめもなさそうなのでこちらで稟議を上げて購入します。
0,at-yoshida,"@channel 
早めに着いたのでゴミ処理券買っておきます"
0,yano,"@at-yoshida　CC：@channel  
ありがとう。ただ、3月いっぱいまでは吉田くんが部署経費対象の経費精算を行うとコンサルEに配賦されるため、3月いっぱいまでは吉田くん以外の人が購入してくれると助かります。"
0,r-asanoma,"@yano (cc: @channel )
淺野間が吉田さんから買い取りました。
申請は淺野間が出します。"
0,r-asanoma,"@yano @n-ishii 
上記申請しました。
お手すきの際にご確認ください。"
1,r-isahai,"@at-yoshida @re-yoshimoto (@yano @n-ishii @m-unno @r-asanoma @r-kinoshita )
### AIB新卒説明会　対応について

森さんからもアナウンスがありましたが、
AIBの新卒採用説明会で先輩社員として15～30分ほど説明する場があります。
https://chat.jbdcl.com/jbd/pl/jcjebtcwjpr7p8kcmoo6x45kzc

例年、ローテーションで対応しているのですが、4月以降はお二人もローテーションに参加して対応お願いしたいです。
※3月分は他メンバーで対応いたします。

説明会対応にあたり、使用するスライドの作成も必要となります。
作成スケジュールの目安は、
　2月中　各自作成
　2月下旬～3月上旬　1次レビュー（砂盃＋ほか先輩）
　3月中旬～　矢野さん・石井さん含めて対面レビュー（話す練習込み）
を予定しています。

概要説明を行いたいため、今週金曜～来週水曜程度の間で1時間打合せをいれさせてください。
**いったん仮で【1/31 13:00~14:00】に予定入れました。**
都合あわない場合は他日程調整させてください。よろしくお願いいたします。"
0,at-yoshida,"@yano  @r-asanoma 
お疲れ様です。
CTCのPC故障のため、神谷町オフィスに交換に行く必要があります。
本日の午後にご対応いただけるとのことなので、以下の2つについてご確認よろしくお願いいたします。

- 13時にCTCに向け出社、そのまま直帰
- 本日中にキッティング作業が終わらなかった場合、
　明日CTCに直行し、終了次第在宅勤務に切り替え（本日中に連絡します）
※キッティング作業が間に合った場合は、明日は予定通り最初から在宅勤務

以上、よろしくお願いいたします。"
0,at-yoshida,"@yano 
CTCオフィスからの直帰申請をZaionにて行いました。
お手すきの際にご確認よろしくお願いいたします。"
1,yano,"@channel 
2/4のAIMに参加できないため、矢野から共有したい内容を以下の枠で30分程度で共有したいと思います。

・2/5（水）　15:00-17:00

そもそも上記NGの人、一部NGの人教えて下さい。
OKの人はスタンプで。"
0,m-unno,"@yano 
13:30-17:00で打ち合わせが入っており、上記時間帯はNGです。"
0,yano,"@channel 
・2/5（水）15:00-15:30
で設定し、参加が難しい人は個別にフォローします。"
0,yano,@endo 遠藤さん、ごめんなさい。上記は、AIの組織の話が中心なので遠藤さんは参加いただかなくとも大丈夫です。興味があれば参加してもらうことはNGではないです。
0,yano,"@m-unno 
上記の件、2/7 11:00-11:30で話せますか？
リモートでOKです。"
0,m-unno,"@yano 
はい、問題ありません。
よろしくお願いします。"
0,endo,"@yano 
では遠藤は不参加にします。"
0,at-yoshida,"@channel 
PC交換とキッティング作業は終了したため、明日は予定通り在宅勤務いたします。
よろしくお願いします。"
0,at-yoshida,"@yano 
お疲れ様です。
X-pointにて昨日の神谷町までの交通費申請を行いました。
なお、1月後半分の交通費は2月3日に申請予定です。
以上、ご対応よろしくお願いいたします。"
1,r-isahai,"@channel 
TeamViewerの脆弱性が発見されたため最新バージョンへのアップデート依頼が来ています。
各自対応の上、 :sumi: アクションをつけてください。
　TeamViewerを立ち上げ、左下の「？」から新しいバージョンを確認できます。
　現在のバージョン確認は同じく「？」のTeamViewerについて、から確認できます。
　※バージョンによってUIに若干の差がありそうです
https://chat.jbdcl.com/all/pl/f8gt5z41hbnuur7n3tiin6jbzr"
0,r-isahai,"@at-yoshida @re-yoshimoto 
本日13時より打合せで説明する資料です。
\\jbdtkfs2020\プロジェクト\JBD\AIビジネス研究室\80_新卒採用\10_準備\新卒採用説明会・座談会の対応について.txt"
1,n-ishii,"@channel 各位。いつもの月末・月初処理を忘れずにお願いします。2/4（火）厳守です。
- Zaionの各種申請（残業、タイムカード）
- XPointでの交通費申請"
0,at-yoshida,"最終退出者となったため、鍵とカードキーを持ち出し中です。
よろしくお願いいたします。"
1,r-isahai,"@channel 
GSにて労使協定に関するアンケートが来ています。
実施の上  :sumi: アクションをお願いします。
【期限：2/14(金)】
https://chat.jbdcl.com/jbd/pl/nbenzo3kutyhjn476jb4yfp6za"
0,r-isahai,"@channel 
直前となり申し訳ありません。
本日のAIMのアジェンダを共有いたします。
[/2000_開発者向け/2000_開発者向け/2YYY_組織/AIビジネス研究室/100_AIM/2025/01](https://wiki.jbdcl.com/67987d469ff03c06b0b1e5f3)"
0,r-kinoshita,すみません、JBDMEET入れないのでVPNつなぎ直してみます
0,r-isahai,"@r-kinoshita 
先に開始します。
繋げたら入室お願いします、不参加部分は録画または議事録で確認お願いします。"
0,r-kinoshita,"@r-isahai 
再度接続試してみましたが、変わらず接続できない状態です。
zaionや共有フォルダにはアクセスできるのですが、上記URLを開こうとするとアクセスできませんと表示されています。
原因調査してみますがすぐには入れなさそうなので、申し訳ありませんが不参加とさせてください。
後程録画と議事録確認いたします。"
0,at-yoshida,バグってメニューが何も押せないので一回抜けます
0,r-isahai,"@r-kinoshita 
録画はこの後共有いたします。
議事録は吉田さんに作成していただいたのち共有します。

1点だけ打ち合わせ内で他メンバーと確認したこと、木下さんにも確認させてください。
3月から新卒説明会が始まる件で、森さんから日程調整の連絡が来ておりました。
https://chat.jbdcl.com/jbd/pl/jcjebtcwjpr7p8kcmoo6x45kzc
**第1・第3火曜日、第2・第4金曜日の14時～（先輩社員の皆様が参加するのは14時30分～）**
こちらの日程で打診されているのですが、問題ないでしょうか。
火曜は日本橋出社かと思いますので、金曜在宅時に対応できます、ということであれば火曜は他メンバーでまわせるので問題なさそうです。
各自のスケジュールを見て対応できる人がする、という想定なので、とりあえずOK、でも構わないです！
確認お願い致します。"
0,r-kinoshita,"@r-isahai 
お手数おかけします。ありがとうございます。
新卒説明会についてですが、火曜日は基本日本橋なので、金曜日の在宅時に対応させていただけると助かります。
時間については問題ありません。"
0,r-isahai,"@at-yoshida @r-kinoshita 
本日の打ち合わせ録画です。
\\jbdtkfs2020\プロジェクト\JBD\AIビジネス研究室\71_定例ミーティング\資料\2025\01\AIM_2025-02-04.webm"
0,r-isahai,"@r-kinoshita 
確認ありがとうございます。
では木下さんは金曜、可能なときにお願いします。

追加で一点
説明会資料の最新化が必要そうなので各自最新化の上相互レビューを行いたいと思います。
また別途で連絡します。よろしくお願いいたします。"
0,yano,@channel 今、客先打合せが終わったので岡山発18:20で東京に帰ります。雪大丈夫そうなので明日はAICに出社予定です。
0,yano,ダッシュで新幹線に乗り換えるので今回はお土産買えないですm(_ _)m
0,at-yoshida,"@n-ishii @r-isahai @m-unno 
お疲れ様です。
先ほどの2025年1月度AIMの議事録が完成しました。
お手すきの際にレビューをお願いいたします。
- 議事録
https://wiki.jbdcl.com/67a1c64c9ff03c06b0bea2db
- レビュー指摘表
`\\jbdtkfs2020\プロジェクト\JBD\AIビジネス研究室\71_定例ミーティング\議事録\フォーマットやレビュー前のもの\レビュー指摘表\レビュー指摘票_20250204_定例AIM議事録_吉田.xlsx`"
0,r-isahai,"@at-yoshida 
8点指摘いたしました。よろしくお願いいたします。"
0,at-yoshida,"@r-isahai 
レビュー指摘対応終了いたしました。
ご確認よろしくお願いいたします。"
1,yano,"@m-unno @r-asanoma @r-kinoshita @r-isahai 
来期の目標管理作成にあたってのブレストの件、1時間枠×3回で実施したいと思います。
原則定時中に実施したいと考えていますので、2月中でこの日（曜日）のこの時間はNGというのがあれば返してください。"
0,r-kinoshita,"@yano 
毎日10:30-11:30で朝会のため、ここは参加難しいです。
それ以外であれば問題ありません。"
0,r-asanoma,"@yano (cc: @r-kinoshita  @m-unno )
淺野間ですが、以下の時間はNGとさせてください。
よろしくお願いいたします。
定時：
・毎日：09:30-11:00 CTC朝会
・月曜：15:00-17:00 顧客定例
・木曜：16:00-18:00 顧客定例
2月固有：
・2/20(木) ：午前中 3年目フォローアップ研修"
0,r-isahai,"@at-yoshida 
2件修正漏れがありましたので、対応お願いします。"
0,at-yoshida,"@r-isahai 
修正いたしました。
申し訳ありませんが再度ご確認お願いいたします。"
0,r-kinoshita,"@yano 
すみません、失念しておりました。
木下も2/20（木）フォローアップ研修のため、午前中は参加不可です。"
0,r-isahai,"@at-yoshida 
OKです。共有おねがいします"
0,r-isahai,"@yano 
矢野さんと共通のAI活用委員会周りの予定以外でNGな時間帯は以下です。
- 毎週　月・木　9:30-10:00
- 2/6 終日NG
- 2/7 午後休暇
CTC側の定例会議には出席予定なし、で合意はとっております。
よろしくお願いいたします。"
0,at-yoshida,"@channel 
お疲れ様です。
2025年1月度AIMの議事録が完成いたしました。
以下に配置しております。
https://wiki.jbdcl.com/67a1c64c9ff03c06b0bea2db

以上、よろしくお願いいたします。"
0,at-yoshida,"@yano cc: @n-ishii 
お疲れ様です。
ごみ出し当番のため、2月7日（金）はシフト勤（8:30出社）となります。
また、そのために鍵とカードキーを持ち帰ります。
よろしくお願いいたします。"
0,yano,"@at-yoshida 
了解。

@re-yoshimoto 
明日は最終退出者にならないように気を付けてください。"
0,yano,@m-unno リマインド、海野くんの回答待ちです。
0,m-unno,"@yano 
NGの時間は以下の通りです。
・毎日 10:00-10:30
・月曜 14:30-15:30, 16:30-17:30
・2/10 終日
・2/17 終日
・2/18 15:00-15:30, 16:30-17:30
・2/19 10:00-11:00, 13:30-17:00
"
0,r-isahai,"@channel 
CTCにてPC受け取り完了したため今からAICに帰社いたします。"
0,at-yoshida,"@yano cc: @r-isahai @r-asanoma
お疲れ様です。
2月13日開催の1年目フォローアップ研修参加に関して、3点確認事項がございます。
`開催概要：2月13日（木）10:00～12:00 @五反田事業所`
- 1. 出社時刻
研修は10時開始ですが、9時に五反田事業所に出社して10時までCTCの業務を行う予定です。
（ネットワークはスマホのテザリング、打ち合わせ用の会議室は予約済み）
- 2. 昼休憩時間
研修が12時に終了した後、AICに向かいます。移動に30分ほどかかるため、昼休憩時間を12:30～13:30とさせていただきたいです。
- 3. 在宅勤務日切り替え
この研修の日は木曜日で本来在宅勤務の日なのですが、出社せざるを得ません。
そこで、木曜日に出社する代わりに来週の他の曜日を在宅勤務に変更することは可能でしょうか。可能であれば、14日（金）を在宅勤務とさせていただきたいです。

以上、ご迷惑をお掛けしますがご確認よろしくお願いいたします。"
0,yano,"@at-yoshida @r-asanoma 
淺野間くんに相談して、業務に支障の出ない範囲で調整したらええよ????"
0,at-yoshida,"@yano @r-asanoma @r-isahai 
ありがとうございます。
淺野間さんに許可を頂いたため、上記1?3を記載通りで、2月14日を在宅勤務とさせていただきます。
CTC様にも離席時間について報告いたしました。

以上、よろしくお願いいたします。"
0,m-unno,"@yano 
2/17も終日NGでした。
上記のNGリストに ~~追記いたします。~~ 追記しました。"
0,r-isahai,"@re-yoshimoto 
電話メモ追加印刷する場合はこちら使ってほしいです。
\\jbdtkfs2020\プロジェクト\JBD\AIビジネス研究室\99_個人\isahai\99_メモ\★電話連絡メモ.xls"
1,yano,"@m-unno @r-asanoma @r-kinoshita cc:@r-isahai 
上記の件、矢野の予定で調整中のものがあるので暫定ですが。
??1回目:部署の確認と皆の現状把握
・2/12  13:00-14:00 or 17:00-18:00
※自身の保有スキルと3年後、5年後のキャリア到達点を整理した上で参加してください

??2回目:1年後の組織としての到達点
・2/19 17:00-18:00
※部署方針に沿った到達点(ゴール)とアクションプランのブレスト＆整理
※次回までの宿題:各自のアクションプラン案の作成

??3回目:各自のアクションプランの作成・3人の役割の整理と擦り合わせ
2/26 17:00-18:00
※AICで対面でやりたいので業務調整してください(場合によっては定時後にズレ込んでやることも心積りしておいて下さい)
※事前に自分なりにアクションプラン案を考えて来てください"
0,yano,2/12は13:00-14:00でお願いします。
1,r-isahai,"@m-unno @r-asanoma @r-kinoshita 
### AI新卒説明会対応用資料の最新化について
2/4のAIMでアナウンスいたしましたが、３月からの説明会対応にあたり、各自資料の最新化実施をお願いいたします。

出社メンバーを加味して、以下の組み合わせで適宜相互レビューの実施もお願いいたします。
・砂盃 ⇔ 木下
・海野 ⇔ 淺野間
※共通部分の最新化は一律で行うため、各自で行う必要はありません
※各自の参画案件の状況など、説明会で話せるネタに変化があるかたは修正お願いします
※作業フォルダは以下に
\\jbdtkfs2020\プロジェクト\JBD\AIビジネス研究室\80_新卒採用\20_資料

初回の説明会は3/4予定です。2/21ごろまでに最新化→レビュー依頼し、翌週中に修正完了目途としてください。
また、共通スライド部分については、作成予定が決まり次第追って連絡いたします。

よろしくお願いいたします。"
1,yano,"@m-unno @r-asanoma @r-kinoshita @r-isahai 
昨日は打ち合わせお疲れ様でした。
次回は2/19 17:00-18:00で実施するのでよろしくお願いします。
一年後にどんな部署になっていたいかをブレストするので自分なりにこんな部署になっていたら、というのを妄想しておいてください。

PS 次回終了後に懇親会をと話していましたが、三回目を終えてからの2/26の定時後にやりましょう!"
0,at-yoshida,"@channel 
お疲れ様です。
フォローアップ研修終了いたしました。"
0,re-yoshimoto,"@channel 
お疲れ様です。
同じくフォローアップ研修終了いたしました。"
0,re-yoshimoto,これより秋葉原に移動します
1,yano,"@channel 
誰か対応お願いします。
2/14 17:00-18:00で大阪本社(肥後橋)の会議室を押さえてください。
タイトルは
NTTCom IDMT外部打ち合わせ
でお願いします。

PS  GSで2/14の社長の予定を確認してこの書き込みにレスしてください。"
0,r-isahai,"@yano 
2/14 17:00-18:00 大阪本社 第一会議室
で矢野さんに上記予定登録いたしました。
2/14 社長の予定は何も登録されていないです。"
0,r-isahai,第一以外も会議室空いているようなので、他のご希望あれば取ることは可能そうです。
0,yano,@r-isahai ありがとう。第一会議室でOKです。社長何も予定ないのか…了解です。
0,yano,@r-isahai 因みに火曜-木曜何か予定入ってた？
0,r-isahai,"@yano 
今週は
2/12 15:00-20:00 大商（外出）
2/13 13:00-14:00　来客
　　　16:30-20:00 大心総会（外出）
来週でしたら、
2/19 13:15-17:00　大阪倶楽部（外出）
が入っています。
それ以外の予定は入っていません。"
0,yano,@r-isahai ありがとうm(_ _)m
0,re-yoshimoto,"@channel
おはようございます。
昨夜から体調不良のため、本日は欠勤させていただきます。
本日ゴミ出し当番なので、何方かに引き継ぎ願えないでしょうか。
ご迷惑お掛けしますが、よろしくお願いいたします。"
0,r-isahai,"@re-yoshimoto 
ゴミですが、掃除の方が捨ててくれたみたいです。
ためしにちょうど昨日パントリーにおいてみてよかったです :flushed:  
お大事にしてください。"
1,yano,"@m-unno @r-kinoshita @r-asanoma @at-yoshida @r-isahai 
昨日話した事業部の来期の計画（実施目標）は以下となります。

（１）AI関連システムの開発
-知識習得目的ではなく、実務レベルでの能力向上を目的とし、模擬のPJを実施することで実施事項や役割などを経験し、事業部としての対応能力の底上げを図る

（２）各自の保有スキルのトランスファー実施
-部署メンバーのユーティリティを向上し、マルチファンクションでの業務遂行を行うため、各自の保有スキルを相互に共有し、各メンバーの対応能力を向上させる

（３）部署内でのコミュニケーションの活性化
-普段、客先案件に従事しているためコミュニケーションが不足しがちであるが、上記（１）（２）実現のための行動を通じてメンバー間のコミュニケーションを活性化し、部署として対応するマインドを醸成する

昨日の話題には直接出てきていない内容も含まれるかもしれませんが、部署目標は上記とします。

各自、次回までに自身の目標とアクションプラン案を作成したうえで参加して下さい。
一人で考えてもなかなか作成しづらい部署目標となっていると思います。
逐次、連携して進めて下さい。"
0,yano,追伸）吉田くんには、３回目の検討終了後、フィードバックするので、一旦、先輩が集まって検討しているんだ、くらいに認識しておいて下さい。
0,yano,"おはようございます。朝一、秋葉原によって加藤さんと打ち合わせをした後、AICに出社します。

@n-ishii @r-isahai 
朝会間に合わないと思うので進めておいてください。次回の活用委員会のアジェンダ作成どうするか検討お願いします。"
0,yano,"@n-ishii @r-asanoma 
昨日、来期のAISの予算が無茶しなくてもある程度みこめそうだ、と伝えましたが、経管から費用配分に誤りがあった、もっと費用が増えるとの連絡がありました。
ぬか喜びとなったので来週改めて共有します。"
0,at-yoshida,"@yano @n-ishii @r-isahai @r-asanoma 
2月28日（金）にごみ出し当番で早出するため、本日退勤時に鍵・カードキーを持ち出します。
よろしくお願いいたします。"
0,at-yoshida,ごみ出しと鍵返却完了いたしました。
0,r-isahai,"@yano 
・掃除機
　先ほど東京本社に持っていき、集荷お願いしました。
　到着予定日わかり次第連絡いただきますので、矢野さんにも連携いたします。
　　担当者連絡先：ヤマダ難波店　野澤様（0666498121）
・本人確認書類
　渡辺さんに直接お渡しいたしました。"
0,yano,"@r-isahai 
上記、砂盃さんのほうで日付指定はしていないってことかな？
これなら届くという日を書いておけばいいのに↓
東京本社に確認します。"
0,yano,本人確認書類の件、ありがとうm(__)m
0,r-isahai,"@yano 
日付指定はしていないです。
申し訳ありません。集荷時に予定日を聞いて連絡いただくようお願いしております。"
0,yano,"@r-isahai 
うん、集荷って17時くらいだよね？
それから経管→砂盃さん→矢野→ヤマダ電機を今日できるかな、と思って。。。
矢野は3/3いないので。"
0,r-isahai,"@yano 
集荷の時間は把握していないです。
気が回らず申し訳ありません。"
0,yano,"@r-isahai 
うん、何とも言えない。。
矢野の対応が異常なのかもしれないし。。"
0,yano,"@r-isahai 
宮林さんに確認したところ、大体翌日には着く、とのことでしたので、3/3（月）着で指定し、野澤様に連絡済みです。"
0,r-isahai,"@yano 
ありがとうございます。"
0,yano,"@channel 
月次締め処理の件、矢野は3/3（月）実家事情で休むため、3/4（火）に矢野の承認ができるように進めてください。よろしくお願いします。"
1,yano,"@m-unno @r-asanoma @r-kinoshita @at-yoshida @endo CC: @r-isahai 
来期は目標管理の進捗確認とその他諸々の会話を月一で各自と実施したいと思います(要するに1on1的な)。
来期になってから微調整が入るのはやむなしとして今のうちに予定を立てておきたいので、各自この曜日のこの時間(1時間)なら行けそう(今期の予定ベースでいいです)をこのスレッドに返してください。

矢野NGは以下です。
・水曜日:11:00-12:00、15:00-17:00(AIBのスクラムイベント想定)
・第3、第4金曜の14:00-18:00(役員会想定)
・その翌週の10:00-12:00(事業部長会議想定)

@n-ishii @r-isahai 
石井くんと砂盃さんはどれくらいのペースでやるか3/5に相談しましょう。"
0,yano,もう一点、先日話した「育成メンバー」の件、やりたいという人は、来週中にこちらのスレッドにこの観点を鍛えたい！を添えて手をあげてください。
0,at-yoshida,"@yano 
お疲れ様です。1on1の日時ですが、
・水曜日：13時～15時
・第1or2金曜日：14時～18時
なら対応可能です。
以上、よろしくお願いいたします。"
0,yano,@at-yoshida 了解。いずれかの水曜13:00-14:00で調整します。
0,r-isahai,"@m-unno @r-asanoma @r-kinoshita @at-yoshida 
新卒説明資料の共通スライド部分を修正いたしました。
\\jbdtkfs2020\プロジェクト\JBD\AIビジネス研究室\80_新卒採用\20_資料\部署紹介_共通スライド.pptx

修正案や意見などありましたらご連絡ください :woman-bowing: 
よろしくお願いいたします。"
0,r-asanoma,"@yano 
お疲れ様です。
1on1の日程について、淺野間は以下の時間**以外**であれば対応可能と思われます。
・毎日 9:00-11:00 or 17:00-18:00（朝会または夕会を想定）
・毎週 月 15:00?、木 16:00?（顧客定例会想定）
・毎週 火or金 14:30~ （AI事業部Web会社説明会を想定）
以上、よろしくお願いいたします。"
0,r-kinoshita,"@yano 
お疲れ様です。
1on1の日程ですが、以下であれば対応可能です。
・月曜日：13:00-16:30, 17:00-
・金曜日：13:00-16:30, 17:00-
よろしくお願いいたします。

また、育成メンバーやります :man-raising-hand: 
鍛えたい観点は環境構築等の技術力になります。何卒よろしくお願いいたします。"
0,at-yoshida,"@yano 
お疲れ様です。
夜遅くにZaion勤怠承認してくださり、ありがとうございます。確定申請完了いたしました。
また、X-pointで2月後半分の交通費を申請いたしましたので、お手すきの際にご確認よろしくお願いいたします。"
1,r-isahai,"@channel 
### 情報セキュリティ研修
本日より東日本の情報セキュリティ研修が開始しております。
メール確認の上受講し、完了したら  :sumi: スタンプを押してください。
#AIB完了確認
https://chat.jbdcl.com/jbd/pl/6jkg8n7psjyutbsfd8ixai1psa"
1,at-yoshida,"@channel 
AICのスキャンフォルダにユニマット請求書のファイルが置かれたままになっています。
僕には削除してもよいのか判断できないので、思い当たる方はご対応お願いします。"
0,m-unno,"@yano 
1on1日程の件、海野のNGの時間帯を共有いたします。
（2週間スプリントの都合上、隔週のものが存在します）
・毎日 10:00-11:00
・月曜 14:30-15:30, 16:30-17:30
・火曜 15:00-15:30, 16:30-17:30（いずれも隔週）
・水曜 10:00-11:00, 13:30-17:00（いずれも隔週）"
0,yano,"@at-yoshida 
4/23（水）13:00-14:00
を皮切りに毎月第4水曜日の13:00-14:00で。"
0,yano,"@r-asanoma 
4/23（水）14:00-15:00
を皮切りに毎月第4水曜日の14:00-15:00で。"
0,yano,"@r-kinoshita 
4/11（金）17:00-18:00
を皮切りに毎月第2金曜日の17:00-18:00で。"
0,yano,"@m-unno 
4/10（木）17:00-18:00
を皮切りに毎月第2目曜日の17:00-18:00で。"
0,r-isahai,"@channel 
本日のAIMのアジェンダを共有いたします。
[/2000_開発者向け/2000_開発者向け/2YYY_組織/AIビジネス研究室/100_AIM/2025/02](https://wiki.jbdcl.com/67c501a39ff03c06b0df8275)
議事録作成は木下さんに依頼しています"
0,r-isahai,"@channel 
本日のAI新卒説明会について共有いたします。
参加者：２名
今後：選考に進むか、未定

質疑応答内容などは下記に配置しております。
\\jbdtkfs2020\プロジェクト\JBD\AIビジネス研究室\80_新卒採用\30_実施結果\2026卒\2025-03-04_新卒説明会対応.txt

昨年までBoardで新卒説明対応を管理しておりましたが、きえてしまったため、共有フォルダ上に配置しました。"
0,yano,"@r-isahai 
総覧的に見れるようにできないかな？
Excelに
名前｜参加日｜質問｜回答
みたいな感じで。"
0,r-isahai,"@yano 
承知しました。
ひな形を作ったうえで本日分から記載します。"
0,r-isahai,"@channel 
本日のAIM録画を配置いたしました。
\\jbdtkfs2020\プロジェクト\JBD\AIビジネス研究室\71_定例ミーティング\資料\2025\02\2025-03-04_AIM.mp4"
1,r-isahai,"@channel 
AIBメンバー変更に伴い、46期連絡網を修正いたしました。
\\jbdtkfs2020\プロジェクト\JBD\AIビジネス研究室\99_個人\yano\緊急連絡網\緊急連絡網（46期_AIビジネス研究室）_202503.xlsx

若干いびつな形となっていますが、47期メンバー構成変更を見越しての形となります。
ご確認をお願いいたします。"
1,r-isahai,"@channel 
上記質問内容を一覧に記載いたしました。

\\jbdtkfs2020\プロジェクト\JBD\AIビジネス研究室\80_新卒採用\30_実施結果\2026卒\説明会質疑応答一覧.xlsx

新卒説明会対応予定のメンバーはこのような形でメモを取っておくようにおねがいします。
次回以降の学生情報は、AIー経管・人事のチャンネルで人事の方から連携いただくようにお願いしております。
選考に進むかどうかも、都度共有いただけるようにお願いしておりますので、確認の上記載お願いします。"
0,endo,"@yano 
お疲れ様です。返信失念しており、申し訳ありません。
遠藤の1on1日程については、以下がNGになります。
・第2 または 第3金曜日 17:00 以降
・上記金曜の翌開院日 17:00 以降

基本は金曜日が通院日ですが、先生が不在の時があり、その場合は翌開院日（大抵は月曜日）に変わります。"
0,yano,"@endo 
せっかくなので、遠藤さんの通院同行で矢野が帰阪した際にしましょうか。
通院同行後にできればと思います。"
0,yano,"@at-yoshida  CC:@r-asanoma 
今日、新入社員研修のサブ講師選出（来期2年目の社員）の依頼がありました。各本部2-3名とのことですがソ企本部から出せるのは吉田くんのみかつお客様案件が刺さってるので合計で避ける工数にも限りがある、旨、伝えてあります。
現実的に、お客様案件に迷惑をかけない前提で一カ月あたり何日サブ講師できますか？
明日の朝、JBD淺野間くんと相談して参画できる日数を教えてください。"
0,yano,"@at-yoshida 
もう一点、新規ビジネスアイデアに提出した書類を石井くん、砂盃さん、矢野が見えるフォルダに置いて明日の朝確認できるようにしてください。
ビジネス化するとなった場合の想定をしておきたいと思います。
@n-ishii @r-isahai 
朝会後、本件、少し時間ください。"
0,at-yoshida,"@yano 
残業ほぼなしと仮定すると、サブ講師で丸一日抜けてしまうと5月は140時間を高確率で下回るため参加は厳しいです。（4・6月はギリギリ1回）
残業が月約20時間あると仮定すると、4・6月は2回、5月は1回は参加可能な見込です。
残業なしはおそらくあり得ないため、平均でいうと月1～1.5回参加可能という回答になります。"
0,at-yoshida,"@yano 
スライドではなく入力フォームで提出し、保存に失敗したため、確実な入力が手元に残っていません。
堀口さんに連絡してデータを回収してもらっています。
申し訳ございません、データを頂き次第連絡いたします。"
0,at-yoshida,"@yano @n-ishii @r-isahai 
頂いたものを以下に配置しました。（元々は入力フォームだったものをスライドに貼り付けたもの）
\\jbdtkfs2020\プロジェクト\JBD\AIビジネス研究室\99_個人\yoshida\ビジネスアイデア応募.pptx
遅くなって申し訳ございませんが、よろしくお願いいたします。"
0,yano,"@endo 
今、AIBで新規サービスを作ってました、保守マニュアルを定めておきたいと思っています。
ひとまず目次を作ってみたのですが、遠藤さんの目で見て、追加しておいた方がよさそうな項目ありますか？（最初から100点は目指してなくて、当座必要な内容を書いておき、追記していく想定です。）

`\\jbdtkfs2020\プロジェクト\JBD\44期GoldStone運用保守`

の「caitayo保守マニュアル.docx」"
0,endo,"@yano 
確認してみます。"
0,endo,"@yano 

● 日次業務
* ディスク残量の確認は必要ないですか？
* 可能であれば CPU 負荷やトラフィックの状況なども監視対象にしたほうがいいです（不正アクセス検知にもつながる）

●月次作業
* ちなみにGoldStoneでは、ソフトウェアアップデートは、毎日チェックしています。これはアップデート頻度によるかと思います。

●年次業務
* 不要データの削除は、何が不要データなのかにもよりますが、バックアップデータも含むのかを考える必要があるかと思います。

差し当たっては、こんなところです。"
0,n-ishii,"音声文字起こしシステム「caitayo」のロゴデザインを、デザイナーさんにお願いして作っていただきました。
```
\\jbdtkfs2020\プロジェクト\JBD\AIビジネス研究室\99_個人\ishii\作業\案件\社内\caitayo\250307_caitayo_logo_A.pdf
```

何か意見などあれば、今日中にいただければと思います。"
0,r-kinoshita,"@n-ishii @r-isahai @m-unno 
お疲れ様です。
遅くなってしまい大変申し訳ありません。先日の2025年2月度AIMの議事録が完成しました。
お手すきの際にレビューお願いいたします。
- 議事録
https://wiki.jbdcl.com/67d0a30b9ff03c06b0e9a9e4
- レビュー指摘表
\\\jbdtkfs2020\プロジェクト\JBD\AIビジネス研究室\71_定例ミーティング\議事録\フォーマットやレビュー前のもの\レビュー指摘表\レビュー指摘票_20250304_定例AIM議事録_木下.xlsx"
0,r-isahai,"@r-kinoshita 
ありがとうございます。特に問題ありませんので共有おねがいします。"
0,r-kinoshita,"@channel 
お疲れ様です。
2025年2月度AIMの議事録が完成いたしました。
以下に配置しております。
https://wiki.jbdcl.com/67d0a30b9ff03c06b0e9a9e4

以上、よろしくお願いいたします。"
1,yano,"@channel 
各位、47期の目標について、矢野との面談でＯＫが出たら以下に保存してください。
```
\\jbdtkfs2020\プロジェクト\JBD\AIビジネス研究室\99_個人\yano\★目標管理\47期
```"
0,r-isahai,"@m-unno @r-asanoma @r-kinoshita 
新卒説明会について２点確認相談です。

①3/18説明会の担当者
予約者３名で開催予定とのことです。
砂盃は打合せがあるため参加が難しく、木下さんも在宅ではないため難しそう？です。
海野さん、淺野間さんどちらか対応おねがいしたいです。14:30-15:00です。

②４月以降の説明会日程について
３月と同様以下の日程で問題ないでしょうか。
```
第1・第3火曜日、第2・第4金曜日の14時～（先輩社員の皆様が参加するのは14時30分～）
```
誰も対応できない、という日は現状なさそうですが、異論ある方いましたらお知らせください。
特に問題なければ５月以降もその日程でOK出しておこうと思います。

https://chat.jbdcl.com/jbd/pl/e39y9f1me3n45kwi8md99fen8y"
0,r-asanoma,"@r-isahai  @m-unno (cc: @r-kinoshita )
①について、
打合せ等が入っているわけではないので、対応は可能です。
ただ、案件のリリース日が迫っており、タスクも多く抱えているので、
海野さんの状況次第で相談させてください。

②について、
淺野間は現時点では問題ないと思います。
4月以降で状況変わればまた連絡します。"
0,m-unno,"@r-isahai @r-asanoma CC: @r-kinoshita 
① 3/18ですが、対応可能です。
② Com案件の都合で隔週火曜の午後に打ち合わせが入っておりまして、火曜開催の説明会への参加が難しくなることがあります。その際はどなたか別の方にご対応いただくこととなりますが、よろしくお願いいたします。"
0,r-asanoma,"@m-unno 
では、お手数ですが3/18（火）は
お願いしてもよろしいでしょうか？
緊急で不都合等発生しましたら、
淺野間が対応いたしますのでお声がけいただければと思います。"
0,m-unno,"@r-asanoma 
はい、問題ありません。

@r-isahai 
3/18は海野が対応いたします。"
1,yano,"@channel 
衛生委員会のZaion中間集計が以下の日程で実施されるので、それまでに3/14までの勤務入力＆承認をお願いします。

＊＊＊＊＊
 3月1日～14日までの勤怠の中間結果は、1７日(月)14時～に作成します。 
申請漏れおよび承認漏れ等がありますと、正確な時間の把握が難しいため、 
お手数お掛けしますが、ご対応の程よろしくお願いいたします。"
0,at-yoshida,"@channel 
連絡が遅れて申し訳ありません。
来週月曜日は11:30より東京本社で作業のため、
10:45でCTC様業務中断・移動→東京本社→終わったら帰宅して13:00に業務再開
となります。(CTC様連絡済み)"
0,m-unno,"@r-asanoma 
**（明日の確認・回答で問題ありません）**
夜分遅くに失礼します。
明日の新卒説明会ですが、私の代わりに淺野間さんに参加いただく、というのはさすがに厳しいですよね…??
（あまりにも急すぎますよね…）
Com案件でトラブってしまいまして、可能ならば明日は終日田町で作業したいと思っているのですが…"
0,r-asanoma,"@m-unno 
承知いたしました。
淺野間が代わりに対応します。"
0,m-unno,"@r-asanoma 
14:30-15:30でAICの応接室を押さえておりますので、説明会の際はそちらをお使いください。"
0,r-asanoma,"@channel 
本日のAI新卒説明会について共有いたします。
ご確認いただけますと幸いです。

参加者：3名
今後：3名とも選考に進む予定
質疑応答など：
以下のファイルに追記しました。
\\jbdtkfs2020\プロジェクト\JBD\AIビジネス研究室\80_新卒採用\30_実施結果\2026卒\
・説明会質疑応答一覧.xlsx

以上です。よろしくお願いいたします。"
0,r-asanoma,"@channel 
おはようございます。
本日淺野間ですが、
今朝からの突発的な嘔吐感と下痢の症状が出ており、
ノロウィルス感染の疑いがあるため、
在宅勤務とさせてください。

今は少し落ち着いてますが、
悪化するようであれば通院のためお休みいただきます。

ご迷惑をおかけしますが、よろしくお願いいたします。"
0,r-isahai,"@channel 
CTC案件の作業終了時刻が見えない状況のため、在宅勤務に切り替えさせてください。
今から移動し、20:15ごろに自宅にて作業再開いたします。
よろしくお願い致します。"
0,r-isahai,"@m-unno @r-kinoshita (@r-asanoma )
3/28(金) 14:30-15:00 の新卒説明会について
淺野間さんは案件業務で対応が難しいとのことです。
海野さんは休暇予定入っているので、木下さん可能でしたらおねがいしたいですが、状況どうでしょうか？
難しい場合は砂盃が対応します。確認、よろしくお願い致します。"
0,r-kinoshita,"@r-isahai 
承知しました。木下が対応いたします。"
0,r-isahai,"@r-kinoshita 
ありがとうございます。 :woman-bowing: 
都合変わった場合はご連絡ください。 "
1,r-isahai,"@channel 
AICメンバー各位
東京本社と合同でお花見2025を開催いたします。
参加人数確認のため、**4/1 12:00まで**に :sanka: または: :fusanka: のスタンプで出欠を教えてください。
直近の予定となり恐縮ですが、ご確認と回答をよろしくお願い致します。

開催概要は以下となります。

---

お疲れ様です。
桜の花が見頃を迎えましたので、今年もお花見を開催いたします。
軽食やお飲み物等準備しておりますので、ご都合良い方は是非ご参加ください！

【日　　時】 4月4日（金曜日）18:30～
【開催場所】上野恩賜公園（最寄りは上野駅）
【費　　用】互助会より1人1,500円補助
【参加予定】東京本社、AICメンバー
〈開催の有無について〉
雨天等の場合は、残念ながらお花見は中止となります。
4/2（水）に改めてご連絡いたします。"
0,r-kinoshita,"@channel 
本日のAI新卒説明会について共有いたします。
ご確認いただけますと幸いです。

参加者：7名
今後：6名選考に進む予定
質疑応答など：
以下のファイルに追記しました。
\\jbdtkfs2020\プロジェクト\JBD\AIビジネス研究室\80_新卒採用\30_実施結果\2026卒\
・説明会質疑応答一覧.xlsx

以上です。よろしくお願いいたします。"
1,yano,"@channel 
おはようございます。4/2-4/4の間、Com業務で全日出張となるため、JBD端末は置いていきます。
3月度の締め処理は、4/1定時中に申請→石井くん承認を完了し、矢野が承認できる状態にしてください。
よろしくお願いします。"
1,yano,"@channel 明日のAIMですが、新年度最初の打ち合わせなので、AIB/AISの事業計画中心にやりたいと思います。

・AIBの目標(石井くんから)
・AISの目標(矢野から)
・AIMの今後の進め方(組織が別れるけどどうする？的な)

3月末時点での業績等については確定後改めて共有します。

@n-ishii これまで検討した内容で良いので発表できるようにしてください。

@endo 上記内容なので明日のAIMに参加するかどうかはお任せします。

なお、海野くんからCom案件で緊急対応のため、AIMへの参加が16:00以降になる旨、連絡を貰っています。"
0,endo,"@yano 
そういうことでしたら、不参加とさせて頂きます。"
0,r-isahai,"@yano @n-ishii 
上記含めて明日のアジェンダを作成いたしました。
内容確認、お願いいたします。
[/2000_開発者向け/2000_開発者向け/2YYY_組織/AIビジネス研究室/100_AIM/2025/03](https://wiki.jbdcl.com/67e9f7459ff03c06b0fac746)"
0,at-yoshida,今から東京本社・AICに移動します。
1,r-isahai,"@m-unno @r-asanoma @r-kinoshita 

本日リリースのcaitayoです。社内告知前に内部向けに先にお送りします。
caitayoのアクセス方法です。

1. `https://caitayo.jbd-ai.com`にアクセス
1. ログイン画面に遷移したら、「LDAP」リンクを押下
1. テナントIDに`1`を、ユーザー名・パスワードにMattermost等（社内基盤）のIDおよびパスワードを入力しログイン"
0,r-isahai,"@channel 
本日のAIMのアジェンダです。
[/2000_開発者向け/2000_開発者向け/2YYY_組織/AIビジネス研究室/100_AIM/2025/03](https://wiki.jbdcl.com/67e9f7459ff03c06b0fac746)

議事録は淺野間さん、お願いいたします。"
0,r-isahai,"@m-unno @r-asanoma @r-kinoshita 
先ほどAIMにて石井さんより共有がありました、AIBの47期事業部目標は下記に配置しております。
```
\\jbdtkfs2020\プロジェクト\JBD\AIビジネス研究室\99_個人\yano\★期別予算\47期\事業部長目標設定_AIB事業部_AIB部.xlsx
```"
0,r-isahai,"@channel 
さきほどのAIMの録画を下記に配置いたしました。
\\jbdtkfs2020\プロジェクト\JBD\AIビジネス研究室\71_定例ミーティング\資料\2025\03\2025-04-01 15.33.31 AIM"
0,r-asanoma,"@n-ishii @r-isahai  @m-unno 
お疲れ様です。
本日開催した、3月度のAIMの議事録を作成しました。
お手すきの際にレビューをお願いいたします。

・議事録：
https://wiki.jbdcl.com/67ebbf709ff03c06b0001fd7

・レビュー指摘表：
\\jbdtkfs2020\プロジェクト\JBD\AIビジネス研究室\71_定例ミーティング\議事録\フォーマットやレビュー前のもの\レビュー指摘表\
・レビュー指摘票_20250401_定例AIM議事録_淺野間.xlsx
"
0,yano,"@r-asanoma 　CC：@n-ishii @r-isahai 
資料の枠ってこれまで書いたことあるかな？
書かないなら消してください。
書くならきちんと書きましょう。"
0,yano,"@r-asanoma 
要約もつけてみて。

@n-ishii @r-isahai 
議事録機能がリリースされたらcaitayo内で共有しましょう。"
1,yano,"@channel 46期下期の査定及び47期目標の面談の件、以下でお願いします。

矢野から経管への提出が4/30なので、4/25までには矢野との面談を完了すること。

・@n-ishii @r-isahai @endo 
→矢野との面談を設定してください

・AISメンバー
→既に設定済みの1on1枠でやりましょう"
0,yano,"@n-ishii @r-isahai @endo 
矢野のGSスケジュールがあいているように見えてもCom側で埋まっている場合があるのでいくつか候補を挙げて矢野に打診してください。（ごめんね、同期無理↓）"
0,r-asanoma,"@n-ishii  @r-isahai @m-unno
caitayoの共有グループ「JBD AIB・AIS共用」を作成し、
今回の議事録作成で用いたタスク「3月度AIM_20250401」を共有しました。
こちらも併せてご確認いただけますと幸いです。

@yano  @r-kinoshita 
caitayoにログイン済みのメンバしかグループに追加できない様なので、
矢野さん、木下さんは追加出来ていません。

初回ログインを対応いただけましたら、メンバに追加いたしますので、
お声がけいただけますと幸いです。

お手数をおかけしますが、よろしくお願いいたします。"
0,r-isahai,"@yano 
以下日程時間帯のいずれかで1時間、面談をお願いしたいです。
①4/16(水) 11:00~18:00
②4/17(木) 11:00~12:00
③4/23(水) 13:00~14:00
④4/24(木) 15:00~17:00

上記日程前に石井さんとの面談は設定済です。
ご確認、よろしくお願い致します。
"
0,yano,@n-ishii 上記、そういう仕様なの？
0,yano,@r-isahai 4/16 17:00-18:00でGSの予定入れてください
0,n-ishii,@yano そういう仕様です
0,r-isahai,"@yano 
4/16 17:00-18:00　にて、GSに予定入れました。
よろしくお願い致します。"
0,r-isahai,"@channel 
さくじつのAIMにて決定した通り、**役員会の翌週火曜15:30-16:30**にて、2025年度1年分のAIMを設定いたしました。
9月のみ当該日時が祝日のため、翌々週の同時間に設定しております。
・9/23→9/30

@endo 
ご不在の中の決定で恐縮ですが、上記のとおり今年も1年間AIM設定いたしましたので、ご参加よろしくお願い致します。"
0,yano,"@r-kinoshita 
4/11の1on1は
・46期の査定面談30分
・47期の目標の件0分
・育成メンバーの計画の件30分
の予定でお願いします。
育成メンバー枠で何をいつまでにやりたいか、具体的なイメージをまとめておいてください。"
0,r-asanoma,"@yano (cc: @n-ishii  @r-isahai  @m-unno )
お疲れ様です。
議事録について、以下の対応が完了いたしました。
お手すきの際に、改めてご確認いただけますと幸いです。

・「資料」枠の削除
・「要約」枠の追記

お忙しいところ恐縮ですが、よろしくお願いいたします。"
0,endo,"@yano 
面談希望日程を挙げてみました。
* 4/17(木) 17:00～18:00
* 4/18(金) 13:00～14:00
* 4/22(火) 17:30～18:30
* 4/23(水) 17:30～18:30
* 4/24(木) 11:00～12:00、17:00～18:00
* 4/25(金) 14:00～15:00
"
0,yano,@n-ishii 改善の余地がありそうだね。
0,yano,@r-asanoma ありがとう、月曜に確認します。
0,yano,"@channel 
13:12に誰かが稟議申請あげた旨、通知が来ました。
承認が週末になる(来週以降しか進まない)けど大丈夫かな？"
0,r-isahai,"@yano 
私があげたレビューサポートの本番環境用クラウド利用申請です。
4/14週～構築開始予定のため、今週末に承認いただければ問題ない見込みです。
よろしくお願いいたします。"
0,n-ishii,"@yano 面談候補日時は以下の通りとなります。よろしくお願いいたします
- 4/16（水）13:00 - 17:00
- 4/22（火）14:00 - 15:30
- 4/23（水）13:00 - 14:00
- 4/24（木）14:00 - 18:00
- 4/25（金）14:00 - 17:00
"
0,yano,@endo @n-ishii 面談の件、来週月曜に確定させますね。
0,r-isahai,"@r-asanoma 
3点指摘いたしましたので、確認お願いいたします。"
0,r-asanoma,"@r-isahai 
ご指摘ありがとうございます。
3点すべて対応完了いたしましたので、改めてご確認いただけますと幸いです。
よろしくお願いいたします。"
0,r-isahai,"@r-asanoma 
修正確認いたしました。"
0,r-isahai,"@channel 
お疲れ様です。
風邪のため本日在宅勤務とさせてください。
明日には出社できるよう努めます。たびたび申し訳ありませんが、よろしくお願い致します。"
0,yano,"@endo 
4/22（火）　17:30-18:30
でお願いします。
GSへの登録もお願いしたく。（AICはAIC社内会議室を取ってください）"
0,yano,"@n-ishii 
4/23（水）13:00 - 14:00
でお願いします。
GSへの登録もお願いしたく。（AICはAIC社内会議室を取ってください）"
0,r-isahai,"@m-unno @r-asanoma @r-kinoshita 
4/11(金) 14:00~　新卒説明会があります。
どなたかご対応可能ですか？"
0,r-kinoshita,"@r-isahai 
木下対応可能です。"
0,r-isahai,"@r-kinoshita (@r-asanoma @m-unno )
ありがとうございます。木下さん、お願いします。"
0,r-asanoma,"@r-kinoshita 
反応遅れましたが、淺野間も予定は空いているので、
緊急の対応等の不都合あれば、ご連絡ください :man-bowing:  "
0,yano,"@m-unno @r-asanoma @r-kinoshita 
47期のPJコードを共有したかどうか定かではないので^^;
・CTC案件（通年）：47005400　AI解析基盤プロジェクト支援
・ｵｰｼﾞｽ案件（第1Q）：47013500　電力取引リスク管理システム開発支援
・NTTCom（第1Q）：47016000　AI／機械学習案件提案､構築支援 2025年度1Q
"
0,m-unno,"ちなみに、PJコードは /project_code で確認可能です
（みなさんご存じかもですが念のため）"
0,yano,へぇ、そんなことできるのね。とて、間違ったPJコードに経費が上がると目が当てられないので、今後も一応伝えますね。
0,m-unno,"@yano 
本日の1on1ですが、zoomのAIMにてお願いいたします。
https://zoom.us/j/95865447953?pwd=c0t6L2Z2NEVmV21xUzJWWUoyNDFiZz09"
0,yano,@m-unno しばしお待ちを
1,m-unno,"@here 
矢野さんとの査定面談後、以下のフォルダに査定シートを保存してください。
\\jbdtkfs2020\プロジェクト\JBD\AIビジネス研究室\99_個人\yano\★目標管理\46期\下期査定後"
0,r-kinoshita,"@yano 
本日17:00からの1on1ですが、AIMにてお願いいたします。"
0,r-kinoshita,"@channel 
本日のAI新卒説明会について共有いたします。
ご確認いただけますと幸いです。

参加者：1名
今後：選考に進む予定
質疑応答など：
以下のファイルに追記しました。
\\jbdtkfs2020\プロジェクト\JBD\AIビジネス研究室\80_新卒採用\30_実施結果\2026卒\
・説明会質疑応答一覧.xlsx

以上です。よろしくお願いいたします。"
0,r-isahai,"@m-unno @r-asanoma @r-kinoshita 
失念しており確認おそくなりました。
明日14:00~新卒説明会あります、どなたか対応可能でしょうか？（砂盃は一応あいています）"
0,r-kinoshita,"@r-isahai 
空いていますが客先業務のため、他に人がいない状況であれば対応いたします。"
0,r-isahai,"@m-unno @r-kinoshita 
海野さん空いているそうなので、海野さんにお願いします。
木下さん、確認ありがとうございます。"
1,yano,"@channel 
定期健康診断の案内が出ています。
早めの予約・受診をお願いします。
https://chat.jbdcl.com/jbd/pl/5x8yrmdgcfnpzxn8bfqo9r7rgc"
0,m-unno,"@channel 
本日のAI新卒説明会について共有します。

参加者：1名
今後：選考に進む予定
質疑応答など：以下のファイルに追記
\\jbdtkfs2020\プロジェクト\JBD\AIビジネス研究室\80_新卒採用\30_実施結果\2026卒\説明会質疑応答一覧.xlsx"
0,yano,"@m-unno AICに出社した時ってComさん業務用のネットワークどうしてるのかな？
以前AICに置いてた外部回線用のルーター古いから、家庭用のそこそこのルーター見繕って買ってください(by 経管森田くん)とのことです。

適当なルーターを見繕って稟議上げて貰えますか？"
0,m-unno,"@yano 
今は応接室にある外部回線用のルータでなんとか対応しています。
社内会議室側のデスクだとたまに回線が不安定になることがありますね...
稟議の件、承知いたしました。"
0,yano,"@m-unno 今、執務室内に飛んでる外部回線の電波は応接から飛んできてるやつやからね^^;
なので執務室に置くルーターを買って、みどり線に繋いだら執務室内でも普通に使えます、ということです。"
0,r-isahai,"@channel 
明日のAIMのアジェンダを共有いたします。
[/2000_開発者向け/2000_開発者向け/2YYY_組織/AIビジネス研究室/100_AIM/2025/04](https://wiki.jbdcl.com/6801a3839ff03c06b015e139)"
0,r-kinoshita,"@channel 
すみません
客先業務が立て込んでおり、申し訳ありませんが本日のAIM欠席とさせてください。
予定通り議事録は作成いたします。"
0,r-isahai,"@endo 
こちらでお願いします。"
0,r-isahai,"@channel 
本日AIMの録画を配置しました。
\\jbdtkfs2020\プロジェクト\JBD\AIビジネス研究室\71_定例ミーティング\資料\2025\04\2025-04-22_AIM.webm
caitayoにて書き起こし・要約をグループ共有済です。"
0,r-asanoma,"@yano  @r-kinoshita 
前回グループを作成した際に、
矢野さんと木下さんをメンバに追加出来ていなかったので、
遅れましたが、今追加しました。
お手すきの際にご確認いただけますと幸いです。"
1,n-ishii,"@channel 議事録機能（WIP）がしれっと使用できるようになりました。議事録テンプレートを作成し、とりあえず出力しています。
たぶん、議事録タブから見ることが出来ますので、見てみてください"
0,r-asanoma,"@yano 
先ほどは、お時間いただきありがとうございました。
上記のパスに、46期の査定シートを配置いたしました。
また、47期の淺野間の査定シートがスタッフ用になっていたため、
エキスパート用の査定シートに交換しています。

以上、ご確認いただけますと幸いです。
よろしくお願いいたします。"
0,r-isahai,"@channel 
健康診断予約完了したらExcel記入と、 :sumi: スタンプ押下お願いします。 
```
\\10.0.2.179\全社共有\47期\03000_東日本\03100 全体\47期健康診断 受診リスト(東日本)\★2025年度健康診断 受診リスト（AI）.xlsx
```"
1,yano,"@channel 
以下、興味があれば聴講してみて下さい。

[https://www.ai-driven.dev/](https://www.ai-driven.dev/ ""https://www.ai-driven.dev/"")

[https://xexeq.jp/blogs/media/topics43337](https://xexeq.jp/blogs/media/topics43337 ""https://xexeq.jp/blogs/media/topics43337"")

[https://weel.co.jp/media/ai-code-review/](https://weel.co.jp/media/ai-code-review/ ""https://weel.co.jp/media/ai-code-review/"")

[https://www.insurtechlab.net/%E3%81%BC%E3%81%8F%E3%81%AE%E3%81%8B%E3%82%93%E3%81%8C%E3%81%88%E3%81%9F%E3%81%95%E3%81%84%E3%81%8D%E3%82%87%E3%81%86%E3%81%AEai%E3%82%B3%E3%83%BC%E3%83%89%E3%83%AC%E3%83%93%E3%83%A5%E3%83%BC%E3%83%97/](https://www.insurtechlab.net/%E3%81%BC%E3%81%8F%E3%81%AE%E3%81%8B%E3%82%93%E3%81%8C%E3%81%88%E3%81%9F%E3%81%95%E3%81%84%E3%81%8D%E3%82%87%E3%81%86%E3%81%AEai%E3%82%B3%E3%83%BC%E3%83%89%E3%83%AC%E3%83%93%E3%83%A5%E3%83%BC%E3%83%97/ ""https://www.insurtechlab.net/%e3%81%bc%e3%81%8f%e3%81%ae%e3%81%8b%e3%82%93%e3%81%8c%e3%81%88%e3%81%9f%e3%81%95%e3%81%84%e3%81%8d%e3%82%87%e3%81%86%e3%81%aeai%e3%82%b3%e3%83%bc%e3%83%89%e3%83%ac%e3%83%93%e3%83%a5%e3%83%bc%e3%83%97/"")

[https://chapro.jp/prompt/3500](https://chapro.jp/prompt/3500 ""https://chapro.jp/prompt/3500"")

[https://jpsummit-smp25.awsevents.com/public/application/add/76](https://jpsummit-smp25.awsevents.com/public/application/add/76 ""https://jpsummit-smp25.awsevents.com/public/application/add/76"")"
0,r-isahai,"@m-unno @r-kinoshita @r-asanoma 
失念しておりました！
明日の新卒説明会対応可能な方いますか？　
どなたもいなければ私が対応します :woman-bowing: 
https://chat.jbdcl.com/jbd/pl/wzx7uw8gopy13mpemk91nnswch"
0,r-asanoma,"@r-isahai @m-unno @r-kinoshita 
淺野間、対応可能です。"
0,m-unno,"@r-isahai @r-asanoma @r-kinoshita 
すみません、明日は対応不可です…"
0,r-kinoshita,"@r-isahai @m-unno @r-asanoma 
自分も対応可能です"
0,r-isahai,"@r-asanoma @r-kinoshita 
ありがとうございます。
淺野間さん、お願いできますか。
急用の場合は木下さんまたは私で対応いたします。 :woman-bowing:  "
0,yano,"@m-unno 
47期の目標管理シートが（仮）となっているのって何か理由ありますか？
内容が問題なければヘッダー部を最新化して提出しておきます。

```
\\jbdtkfs2020\プロジェクト\JBD\AIビジネス研究室\99_個人\yano\★目標管理\47期
```"
0,m-unno,"@yano 
46期中に目標設定を開始したとき、46期の目標管理シートを流用したために（仮）とつけていました。
そして、そのままファイルサーバに上げてしまいました。
いま改めて確認したところ、一部情報が46期のものから更新されていなかったので、急ぎファイルを差し替えます。"
0,m-unno,"@yano 
先ほどファイルを差し替えました。
よろしくお願いいたします。"
0,r-asanoma,"@channel 
本日4/25（金）のAI新卒採用説明会について共有します。
お手すきの際にご確認ください。

参加者：3名
今後：3名とも選考に進む予定
質疑応答など：以下のファイルに追記
\\jbdtkfs2020\プロジェクト\JBD\AIビジネス研究室\80_新卒採用\30_実施結果\2026卒\
・ 説明会質疑応答一覧.xlsx

以上です。よろしくお願いいたします。"
0,yano,"@channel 
矢野の携帯に連絡くれている用件を書いてください。
打合せ中のため、出れません。"
0,r-isahai,"@yano 
サブドメイン追加時にあやまってお名前ドットコムのオプションを追加してしまい、稟議申請している金額に追加で課金してしまいました。年額1078円＋サービス維持費で計1300円ほどです。

不注意で、大変申し訳ございません。
どのように対応したらよいかお伺いしたく、電話いたしました。"
0,yano,"@r-isahai 
上の件、あとで電話します。"
0,r-kinoshita,"@n-ishii @r-isahai @m-unno 
お疲れ様です。
大変遅くなってしまい申し訳ありませんが、先日のAIMの議事録を作成しました。
お手隙の際にレビューお願いいたします。
・議事録 : https://wiki.jbdcl.com/681145fa9ff03c06b020797d
・レビュー指摘表 : \\jbdtkfs2020\プロジェクト\JBD\AIビジネス研究室\71_定例ミーティング\議事録\フォーマットやレビュー前のもの\レビュー指摘表\レビュー指摘票_20250422_定例AIM議事録_木下.xlsx

上記、caitayoの議事録機能を使ってみました。
議事録のテンプレートを登録してグループに共有してあるので、次回以降、必要に応じて修正して使用いただけますと幸いです。

所感）
・第1部の要約はいい感じに出来ている。
・第2部は上手く要約出来なかった。自分のテンプレートの作り方が悪いのもあるだろうし、元々の録画音声が人間でも聴き取り辛いような音質のところもあったので、マイクを良くしたら変わるかもしれない。
・「石井」は比較的ちゃんと変換されるのに「砂盃」は全然変換されていないが、これは珍しい苗字（名詞？）だからかな？"
0,r-isahai,"@r-kinoshita 
確認遅くなり申し訳ありません。
一点だけ、次回打合せ予定が前回のままでしたので修正お願いします。
よろしくお願い致します。"
0,r-kinoshita,"@r-isahai 
ご確認いただきありがとうございます。
該当箇所を修正いたしました。お手数ですが、ご確認のほどよろしくお願いいたします。"
0,r-isahai,"@r-kinoshita 
ありがとうございます。修正確認できました。
共有お願いいたします。"
0,r-kinoshita,"@channel 
お疲れ様です。
2025年4月度AIMの議事録が完成いたしました。
以下に配置しております。
https://wiki.jbdcl.com/681145fa9ff03c06b020797d

以上、よろしくお願いいたします。"
0,r-kinoshita,"@yano @r-isahai 
本日17:00からの1on1ですが、AIMにてお願いいたします。"
1,n-ishii,"@m-unno 
開発庶務（田渕さん）から以下の連絡がありました。
希望する場合は声かけてください

PC交換の依頼
-------

*   PC貸出（個人利用）されているPCでPC１９＊、PC２０＊についてPC交換を検討しております。
*   PC交換を希望される方は、拠点単位で取りまとめて頂き、PC貸出申請を実施してください。

| 拠点 | 事業部 | username | pc | os |
| --- | --- | --- | --- | --- |
| 浅草 | AIシステム開発事業部 | 海野 亮 | PC20002B | win11 |"
0,m-unno,"@n-ishii 
PC交換を希望します。"
0,r-isahai,"@m-unno @r-asanoma @r-kinoshita 
5/16の新卒説明会、砂盃時間とれそうなので対応しようと思います。

5/20にもありますが、こちらどなたか可能ですか？20も時間取れますので砂盃は対応可能です。"
0,m-unno,"@r-isahai 
新卒説明会の件、海野の対応可否は以下の通りです。
・5/16（金）×
・5/20（火）○"
0,r-kinoshita,"@r-isahai 
木下の新卒説明会対応可否は以下の通りです。
・5/16（金）〇
・5/20（火）×"
0,r-asanoma,"@r-isahai 
返信が遅れて申し訳ありません。
16、20日どちらも対応可能です。
16日はよろしくお願いいたします :man-bowing: "
0,m-unno,@channel 京浜東北線遅延のため、本日の出社が5-10分程度遅れそうです。
0,m-unno,"@yano 
本日の出社遅延に関して、Zaionにて遅延申請を提出しました。
ご確認のほど、よろしくお願いいたします。"
0,r-isahai,"@channel 
本日5/16(金)のAI新卒採用説明会について共有します。

参加者：２名
今後：２名とも選考に進む予定
質疑応答など：
```
\\jbdtkfs2020\プロジェクト\JBD\AIビジネス研究室\80_新卒採用\30_実施結果\2026卒\説明会質疑応答一覧.xlsx
```

以上、よろしくお願い致します。"
0,r-isahai,"@m-unno (@r-asanoma )
過去実施回数加味して、20日は、海野さんにお願いできますか。
都合悪くなった場合は淺野間さんか私でお願いします :woman-bowing: "
0,m-unno,"@r-isahai 
承知しました。
20日は海野が参加いたします。"
0,r-isahai,"@yano @n-ishii @m-unno 
AICの外部線ルーターについて
森田さんにも確認とりまして、内部線に使用している
https://www.buffalo.jp/product/detail/wapm-1266r.html
こちらのルーター購入すれば問題ないそうです。（44,000円＋税）

購入のための稟議申請を砂盃から実施しようと思います。
ご確認、よろしくお願い致します。"
0,r-isahai,"@n-ishii 
Xpointにて申請いたしました。
ご確認よろしくお願い致します。"
0,m-unno,"@channel 
本日5/20（火）のAI新卒説明会について共有します。

参加者：1名（3名予約だったが、2名不参加）
今後：選考に進む予定
質疑応答など：以下のExcelに追記
\\jbdtkfs2020\プロジェクト\JBD\AIビジネス研究室\80_新卒採用\30_実施結果\2026卒\説明会質疑応答一覧.xlsx"
0,r-isahai,"@yano @n-ishii 
新規物品購入にて再度申請いたしました。
お手数おかけしますがご確認よろしくお願い致します。"
0,r-isahai,"@channel
秋葉原のヨドバシで取り寄せしました。
今週中には店舗に届くようです。"
0,r-isahai,"@channel 
おはようございます。
山手線運転見合わせのため出社遅れる可能性があります。
申し訳ありませんが、よろしくお願い致します。"
0,r-isahai,"@channel 
明日のAIMのアジェンダを共有いたします。
[/2000_開発者向け/2000_開発者向け/2YYY_組織/AIビジネス研究室/100_AIM/2025/05](https://wiki.jbdcl.com/682c52629ff03c06b0332fc3)"
0,r-isahai,"設定について森田さんより返信いただきました
```
基本はガイドラインに沿って設定していただければ問題ありません。

ネットワーク設定は以下となります。

IP/MSAK：10.8.200.250/24
GW：10.8.200.254
```"
0,r-isahai,"@channel 
執務室内の社外線にも無線LAN取付完了しました。
（おそらく）使えるようになっているはずなので、社外線利用者の方、確認お願いします。"
0,r-asanoma,"@r-isahai  (cc: @m-unno )
本日半日ほど使っている分には、
会議室側に座っていても、
瞬断等がなく、使っていて快適でした。

後は海野さんの端末との相性次第かな、
と思います…"
0,r-isahai,"@channel 
おはようございます。
腹痛のため10時に出社とさせていただきたいです。
ご迷惑をおかけしますが、よろしくお願い致します。"
0,r-kinoshita,"@channel 
すみません、AIM少し遅れます"
0,m-unno,"@r-isahai @r-asanoma @r-kinoshita 
明日、5/30 14:30-の新卒説明会、対応可能な方はいらっしゃいますか？
海野は対応可能です。
https://chat.jbdcl.com/jbd/pl/ybxuoczietn7dmghspi4rffy5y"
0,r-asanoma,"@r-isahai @m-unno @r-kinoshita 
すみません、CTC業務対応のため、
淺野間は、明日は対応不可とさせてください。
ご迷惑をおかけしますが、よろしくお願いします???♂?"
0,r-kinoshita,"@m-unno @r-isahai @r-asanoma 
すみませんが、木下も業務状況的に対応難しそうです。"
0,r-isahai,"@m-unno @r-kinoshita @r-asanoma 
失念しており、すみません。確認ありがとうございます。
明日私調整できますので対応いたします。"
0,r-isahai,"@channel 
本日5/30（金）のAI新卒説明会について共有します。

参加者：2名（4名予約だったが、2名不参加）
今後：2名とも選考に進む予定
質疑応答など：以下のExcelに追記
```
\\jbdtkfs2020\プロジェクト\JBD\AIビジネス研究室\80_新卒採用\30_実施結果\2026卒\説明会質疑応答一覧.xlsx
```"
0,r-kinoshita,"@channel 
おはようございます。
昨夜から体調不良のため、すみませんが、本日おやすみいたします。
お忙しいところ申し訳ありませんが、よろしくお願いいたします。
客先には連絡済です。"
0,r-asanoma,"@r-isahai  @m-unno  @r-kinoshita 
お疲れ様です。
今月の説明会の日程のリマインドです。
淺野間は取り急ぎ6/6（金）は対応可能です。
各自ご確認ください。

>【6月説明会開催日程】
・6/6(金)　14:30～
・6/10(火)　14:30～
・6/20(金)　14:30～
・6/24(火)　14:30～"
0,r-isahai,"@r-asanoma @m-unno @r-kinoshita 
淺野間さんありがとうございます！！
月単位で決めちゃう方がらくそうですかね。一応私の予定は下記です

・6/6 〇
・6/10 △（直前まで打合せの可能性あり避けたいです）
・6/20 ×（休暇予定です）
・6/24 〇"
0,r-asanoma,"@r-isahai @m-unno  @r-kinoshita 
淺野間は現状上記全日空いてますが、
業務都合で急に忙しくなる可能性は否めないです。
（スケジュール的には遅延しているため。。。）"
0,m-unno,"@r-isahai @r-asanoma @r-kinoshita 
海野ですが、対応可否は以下の通りです。
・6/6 ○
・6/10 ×
・6/20 ○
・6/24 ×"
0,r-isahai,"@m-unno @r-asanoma @r-kinoshita 
確認ありがとうございます。
6/6 砂盃
6/10 淺野間
6/20 海野
6/24 砂盃（木下さんあいていれば木下さんでも）

でお願いします :woman-bowing: "
0,r-isahai,GS登録しました :woman-bowing: 
0,r-isahai,"@channel 
本日6/6（金）のAI新卒説明会について共有します。

参加者：2名（3名予約だったが、1名不参加）
今後：2名とも選考に進む予定
質疑応答など：以下のExcelに追記
```
\\jbdtkfs2020\プロジェクト\JBD\AIビジネス研究室\80_新卒採用\30_実施結果\2026卒\説明会質疑応答一覧.xlsx
```"
0,m-unno,遅くなりましたが健康診断予約しました
0,yano,"@channel 
来週6/16（月）14時に勤怠の中間集計が実施されるので、余裕をもって6/13までの勤怠（特に残業）をZaionで申請してください。"
1,r-isahai,"@channel 
新入社員研修成果発表会の案内が来ています。
AIS配属の百合野さんの発表は以下時間帯ですので、各自業務都合次第にて参加お願いします。
【日時】6/27(金)　13:10～13:30

後日録画の配信もあるとのことです。

詳細はGSに案内がありますのでご確認ください。
[2025年度 新入社員研修 成果発表会について
](https://gs.jbdcl.com/gsession/common/cmn001.do?url=%2Fgsession%2Fbulletin%2Fbbs060.do%3Fbbs010forumSid%3D5%26threadSid%3D2897)"
0,r-isahai,"@channel
山手線遅延のため出社5分ほど遅れる可能性があります。
よろしくお願い致します。"
0,m-unno,"@channel 
明日のAIMですが、16:00まで打ち合わせが入ってしまったため、途中からの参加とさせてください。
よろしくお願いします。"
0,r-kinoshita,"@channel 
明日のAIMですが、客先打ち合わせが入ってしまったため欠席いたします。
ご迷惑おかけいたしますが、よろしくお願いいたします。"
0,r-isahai,"@channel 
本日のAIMのアジェンダを下記に配置しました。
[/2000_開発者向け/2000_開発者向け/2YYY_組織/AIビジネス研究室/100_AIM/2025/06](https://wiki.jbdcl.com/685366dc9ff03c06b05e57a7)"
0,m-unno,"@channel 
予定していた打ち合わせが消滅したので、15:30よりAIMに参加します。"
0,r-isahai,"@channel 
本日6/24(火)のAI新卒説明会について共有します。

参加者：1名
今後：選考に進む予定
質疑応答など：以下のExcelに追記
```
\\jbdtkfs2020\プロジェクト\JBD\AIビジネス研究室\80_新卒採用\30_実施結果\2026卒\説明会質疑応答一覧.xlsx
```"
0,r-isahai,"@channel 
本日のAIMの議事録・録画を下記に作成いたしました。
ご確認宜しくお願い致します。
- 議事録
    - [/2000_開発者向け/2000_開発者向け/2YYY_組織/AIビジネス研究室/100_AIM/2025/06/議事録](https://wiki.jbdcl.com/685a5fc09ff03c06b065df42)
- 録画
```
\\jbdtkfs2020\プロジェクト\JBD\AIビジネス研究室\71_定例ミーティング\資料\2025\06\20250624_AIM.webm
```"
0,r-isahai,"@m-unno @r-asanoma @r-kinoshita 
AIの新卒採用のため、引き続き7月も説明会を実施する予定です。
・7/1(火)14:30-15:00
・7/11(金)14:30-15:00
・7/15(火)14:30-15:00
・7/25(金)14:30-15:00
対応可否をこのスレッドに返信お願いいたします。"
0,r-isahai,"・7/1　△（BPさん受け入れの日のため）
・7/11　〇
・7/15　〇
・7/25　〇"
0,m-unno,"@r-isahai @r-asanoma @r-kinoshita 
海野ですが、対応可否は以下の通りです。
・7/1 ○
・7/11 ×（休暇予定）
・7/15 ○
・7/25 ○"
0,r-asanoma,"@r-isahai  @m-unno @r-kinoshita 
淺野間は以下の予定です。
・7/1　△（顧客稼働工数調整の為）
・7/11　〇
・7/15　〇
・7/25　△（顧客稼働工数調整の為）"
0,r-kinoshita,"@r-isahai @m-unno @r-asanoma 
木下ですが、対応可否は以下の通りです。
火曜日も対応可能ですが、金曜日の方が都合よいです。
・7/1　△
・7/11　〇
・7/15　△
・7/25　〇"
0,r-isahai,"@m-unno @r-asanoma @r-kinoshita 
ありがとうございます。以下でお願いできればと思います。

・7/1海野さん
・7/11砂盃
・7/15淺野間さん
・7/25木下さん

都合悪くなった場合には砂盃の方でフォローできますので、よろしくお願いいたします。"
1,r-isahai,"@channel 
AICのロッカーについて
7月から使用数が上限ぴったりになる見込みのため、追加で6名分のロッカー発注を依頼しました。
合わせて小物を入れるための収納ボックス（東京本社の冷蔵庫付近にある文房具などが入っているもの）も発注しました。
工事は8月となる見込みです。
取付の際には騒音など発生するかと思いますが、ご協力お願いします。

段取りわかり次第また共有します。"
0,r-asanoma,"@channel 
リマインドです。
ご都合合えばご参加ください。"
0,r-isahai,"URLこちら
[https://us02web.zoom.us/j/86788153169?pwd=LqTX3d8TRdsVW42ja1PgsET4XxPRIM.1](https://us02web.zoom.us/j/86788153169?pwd=LqTX3d8TRdsVW42ja1PgsET4XxPRIM.1)  "
0,r-isahai,"@r-asanoma 
7/15→7/17にスライド分の説明会も淺野間さんにお願いして大丈夫でしょうか？
GS移動いただいていたので、お願いできる認識ならありがたいです。"
1,r-isahai,"@channel 
### ストレスチェック実施
対応次第 :sumi: スタンプを押下してください。
期間：7/1～7/30
https://chat.jbdcl.com/jbd/pl/1juazfe83jfct8bjrim488yqfw"
0,mattermost,"|登録者|勤務状況|登録日|
|-|-|-|
|@r-isahai|:jbd:|2025/07/4 08:54|
"
0,m-unno,"@channel 
少し先の話となりますが、別件業務のため7/22（火）のAIMを欠席いたします。"
0,n-ishii,@r-isahai @m-unno 金曜日いないので、掃除入れ替えをどちらかお願いしたく
0,r-isahai,"@channel 
本日7/11(金)のAI新卒説明会について共有します。

参加者：1名
今後：選考に進むか不明（アンケート回答待ち）
質疑応答など：以下のExcelに追記
```
\\jbdtkfs2020\プロジェクト\JBD\AIビジネス研究室\80_新卒採用\30_実施結果\2026卒\説明会質疑応答一覧.xlsx
```"
0,r-asanoma,"@yano 
お疲れ様です。
本日7/16（水） 10:50頃、
セントウェル印刷株式会社様から、「社内報（？）」が届きました。
念のため共有いたします。"
0,yano,@r-asanoma 社内にいるメンバーに配布しておいてください。
0,r-isahai,全員対応済です :woman-bowing: 
1,yano,"@channel 
各位
今、役員会に出席していますが、会社から斡旋している大阪万博チケットの件、
これまでは社員分のみ３０００円で家族分は定価でしたが、今後、家族分も含めて３０００円で入手できるとのことです。
残り９７枚、先着順なので購入希望の人は、経管　久保さん、川島さんまで連絡してください。
取り急ぎ。"
0,r-isahai,"@channel 
本日のAIMのアジェンダを共有いたします。
[/2000_開発者向け/2000_開発者向け/2YYY_組織/AIビジネス研究室/100_AIM/2025/07](https://wiki.jbdcl.com/6878c2eb9ff03c06b0ac8306)"
0,r-isahai,"@r-yurino 
すみません、録画に音声が収録されていない事件がおきました :smiling_face_with_tear: 
今から音声なしで作成してもらうのは大変すぎるので、議事録の作成来月にお願いします :woman-bowing: "
1,r-isahai,"@channel (@m-unno )
AIM内でも共有いたしましたが、緊急連絡網に百合野さんを追加しました。
```
\\jbdtkfs2020\プロジェクト\JBD\AIビジネス研究室\99_個人\yano\緊急連絡網\緊急連絡網（47期_AIビジネス事業部・AIシステム開発事業部）.xlsx
```
連絡元となる海野さんは特に、確認と把握をお願いいたします。"
0,yano,"@channel 
7/23　10時以降出張となるので連絡取りづらくなります。
急ぎの場合は、携帯に連絡ください。"
0,r-yurino,"@channel 
山手線遅延のため、5分?10分ほど出社が遅れる可能性あります。申し訳ありません。"
0,r-isahai,"@channel
砂盃、百合野、今から帰社いたします。16時半ごろ到着予定です。"
1,r-isahai,"@channel 
## PCのバージョンチェック対応をお願いします
GroupSessionにて通達がでております。
### AIB/AISの実施期日：7月中
ISMSの内部監査日程は調整前の為未定ですが、全社の期日より早まる可能性もありますので、7月中に対応お願いします。

対応後、GroupSessionの回覧板にて確認連絡の上、本スレッドに :sumi: ボタンを押下してください。
https://chat.jbdcl.com/jbd/pl/ugnueq1ht7bo7pgqjb431zkojc"
1,r-isahai,"@channel (@r-yurino )
7/25(金)に行きましたAI Worldのセミナー受講報告書を下記に配置しております。
```
\\jbdtkfs2020\プロジェクト\JBD\AIビジネス研究室\72_外部セミナー\
```
書棚の人工知能学会の横にもらったチラシ類もおいておきます。（頃合いを見て処分します）
よろしければご確認ください。"
0,r-yurino,"@channel 
本日の津波警報の影響で、京急線に一部運転見合わせが発生してきているようなので、これより在宅に切り替えたいと思います。よろしくお願いいたします。"
0,m-unno,"@r-yurino CC: @yano 
本日の勤務ですが、18:00から移動時間分を加えた時刻まで（例：移動時間が2時間ならば、20:00まで）の勤務をお願いします。
また、Zaionに手動で打刻する際の時刻は、**18:00**としてください。
よろしくお願いします。"
0,r-yurino,すみません。連絡遅れましたが、16:40頃から勤務再開しております。
0,r-yurino,"@channel 
本日の京急線、平常通り運行しているため出社します。よろしくお願いいたします。"
0,r-isahai,"@yano @n-ishii 
AIB/AIS/ソリューション企画開発
各事業部の所属メンバーは全員対応済となります。"
0,yano,"@r-isahai 
上記、証跡はどこに保存しましたか？"
0,yano,"@r-isahai 
あと、BPさんの対応も必要です。"
0,r-isahai,"@yano @n-ishii 
BPさんには証跡を共有フォルダに配置いただくようお願いします。"
0,yano,"@r-isahai @r-yurino 
報告書確認しました。

@r-isahai 
今、AIBで実施しているサービス開発に反映できそうなこと、やった方が良いことはPBI化して進めて下さい。

@r-yurino 
こういった展示会への参加は初めてかな？
百合野くんは情報収集・知識習得の段階だと思うので、アンテナを広く張って、いろいろな展示会やセミナーに参加してみてください。"
0,r-isahai,"@yano @n-ishii 
AIBプロジェクトのBPさん5名、全員実施いただきました。
下記にスクリーンショットを配置しております。
```
\\jbdtkfs2020\プロジェクト\JBD\AIサービス開発\90_管理\ISMS対応\バージョンチェッカー実施結果
```"
0,m-unno,"@channel 
資格手当一時金の対象となっている資格に合格したのですが、
一時金を受け取るためにどの申請を出せばよいか、どなたか教えていただけませんか？
（WikiやXpointなどを見てもよくわからなかったので... :bow: ）"
0,r-yurino,"@m-unno 
恐らく以下リンクの「申請報告書（JBD及び互助会）」かと思います。
諸々の項目まとまってますが、下のほうに資格についての記入欄があります。
間違ってたら申し訳ありません...
[1112\_人事慶弔関連 - JBDナレッジ](https://wiki.jbdcl.com/648a60eb922bc9d167f337f1)"
0,yano,百合野くんの方が物知りw
1,r-isahai,"@channel 
### 安否確認訓練について
以下日程にてGroupSessionでの安否確認訓練が実施されます。
日時：9/1(月) 12:00～14:00
　
訓練前に登録されている緊急連絡先に誤りがないかの確認をお願いします。
設定方法詳細はGroupSessionの掲示板「[2025年度GroupSession安否確認訓練実施のお知らせ
](https://gs.jbdcl.com/gsession/common/cmn001.do?url=%2Fgsession%2Fbulletin%2Fbbs060.do%3Fbbs010forumSid%3D5%26threadSid%3D2921)」を確認ください。
　
**8/22(金)までに**設定・確認の上、完了したかたは: :sumi: スタンプ押下してください。"
0,yano,"@channel 
誰でもよいので、百合野くんの設定に誤りがないかを確認してこちらにスタンプください。"
0,r-yurino,"@channel 
本日、京急線の遅延のため、10分程度出社が遅れる可能性があります。
よろしくお願いいたします。"
0,r-isahai,"@yano (@n-ishii @r-yurino )
8/28(木)　9:30～17:00
百合野さんと砂盃で、[AI博覧会](https://aismiley.co.jp/ai_hakurankai/2025_summer/)に参加してまいります。
帰社後、報告書提出いたします。よろしくお願いいたします。"
0,yano,"@r-isahai 
了解です。
AIBで新サービスを検討する際に役立つ情報の収集＆AIエンジニアの人出しを頼めそうな会社の探索、の観点で回ってみてください。"
0,r-kinoshita,"@channel 
すみません、打ち合わせが入ってしまったため本日のAIM欠席いたします。"
0,r-isahai,"@channel 
本日のAIMのアジェンダを共有します。
[/2000_開発者向け/2000_開発者向け/2YYY_組織/AIビジネス研究室/100_AIM/2025/08](https://wiki.jbdcl.com/68a7ddd19ff03c06b000a83a)"
0,m-unno,"@channel 
客先業務の打ち合わせが延びておりまして、AIMへの参加が遅れます（最悪の場合、欠席となります）。"
0,r-isahai,"@r-yurino 
録画です
```
\\jbdtkfs2020\プロジェクト\JBD\AIビジネス研究室\71_定例ミーティング\資料\2025\08\jbd-aibusiness-pwgfvpihko_2025-08-26T07_08_33.658Z.webm
```"
0,r-yurino,"@channel 
昨日のAIMの議事録を作成いたしました。
ご確認よろしくお願いいたします。
- [議事録 - JBDナレッジ](https://wiki.jbdcl.com/68ae59c59ff03c06b00b64c4)"
0,r-asanoma,"@r-yurino 
caitayo利用されてます？
使ってたらJBD AIB・AIS共用グループに共有して欲しいです。"
0,r-yurino,"承知しました。
以下、caitoyoのリンクになります。
[caitayo.jbd-ai.com/tasks/68ad5f45e3ddc8bea2e15172](https://caitayo.jbd-ai.com/tasks/68ad5f45e3ddc8bea2e15172)"
0,r-isahai,"@channel 
予定より早いですが、砂盃・百合野、今から帰社いたします。"
0,r-isahai,"@channel 
リマインドです。
本日12時より安否確認訓練です。"
1,m-unno,"@channel 
（もう対応済のメンバーも多そうですが念のため）
安否確認のメールが来ています
各自対応をお願いします :man-bowing: "
0,n-ishii,"@channel 本件、要約が見られません。
◆原因
- DB上のデータ不整合
- 要約を生成AIに依頼した時に、エラーが返却された
  - 要約時に投げ込むデータ量が多かったものとみられる（エラーメッセージが確認できず）
- 参考資料に登録したファイルの文字数が多すぎた
◆暫定対応
- 未定
◆その他
- とりあえず、HTMLではなく、中のMarkdownを参考資料とした方がいいと思いますよ？
- エラーが出たら、さっさと報告してください。"
1,r-isahai,"@channel 
#### インフルエンザ予防接種について
AICメンバー各位
以下確認のうえ、GroupSessionからインフルエンザ予防接種についてのアンケートに答えてください。
【期限】10/14(火)
完了したら :sumi: スタンプ押下おねがいします！
https://chat.jbdcl.com/jbd/pl/95hhoiq4mjry7p53aogghmygur"
0,r-isahai,"@yano @n-ishii 
プラスチックごみのゴミ箱が20L用のため、2週に一度は捨てなくてはならない状況です。
給湯室にある大きいゴミ箱（45L）と同じものを購入して、執務室内のゴミ箱横に設置してよいですか？
スペース的には問題なく、金額は2750円のものだと思います。
"
1,n-ishii,"@channel 各位
今期入社の新人さんが作成しているサイトの一つ、JBDシステムポータルが公開されています。
https://portal.jbdcl.com/

JBD基盤アカウント（Mattermostへのログインと同様のもの）でログインすることで、JBDの社内システムを一覧で見ることができます
- GroupSessionの「社内サイト」とは違うの？
  - 違います。GroupSessionには記載の無いサイトも存在します
  - カテゴリ分けされています。見やすいです。（たぶん。私はシンプルでぎゅうぎゅう詰めなUIを好むので、慣れるまで苦労しそうです）
  - スマートフォンからも見られるそうです。
- 「社内向けチャットボット」「業務経歴書管理」「KPT」の三つも、新人さんが作成しているサイトです。
- 「社内向けチャットボット」は、今は使わない方が良いです（料金の関係上、上限があるそうです）。少なくとも使い過ぎないでください。
  - LLMMSSとは違うシステムです。使っているのはGPT5系列っぽい。
  - [/JBD基盤チャットポット利用状況](https://wiki.jbdcl.com/68a54d229ff03c06b0fb39ce)に利用状況が更新されるそうですよ

何か意見、指摘事項、改善案、要望などあれば、私まで。私から担当者に連携します。"
1,r-asanoma,"@channel 
お疲れ様です。
（海野さん、木下さん、百合野さんには別途共有済みですが）
今期淺野間が得た知識を、ナレッジとするため以下で公開しています。
ご興味があれば、ぜひご確認ください。

- HTMLを作成する際に意識すること [https://wiki.jbdcl.com/68d391809ff03c06b049e2fe](https://wiki.jbdcl.com/68d391809ff03c06b049e2fe)
- JavaScriptを作成する際に意識すること [https://wiki.jbdcl.com/68d394b09ff03c06b04a008e](https://wiki.jbdcl.com/68d394b09ff03c06b04a008e)
- CSSを作成する際に意識すること [https://wiki.jbdcl.com/68d9ca419ff03c06b052c85c](https://wiki.jbdcl.com/68d9ca419ff03c06b052c85c)
- UI・UXデザインを行う際に意識すること [https://wiki.jbdcl.com/68d9d2819ff03c06b05340fb](https://wiki.jbdcl.com/68d9d2819ff03c06b05340fb)"
0,r-isahai,"@channel 
本日のAIMのアジェンダを共有いたします。
[/2000_開発者向け/2000_開発者向け/2YYY_組織/AIビジネス研究室/100_AIM/2025/09](https://wiki.jbdcl.com/68cb75099ff03c06b03df894)"
0,r-yurino,"@channel 
9月AIMの議事録を作成いたしました。
[議事録 - JBDナレッジ](https://wiki.jbdcl.com/68db8ce09ff03c06b05cb890)
caitayoを使用しましたが、現在メンテナンス中のため、リンクは後ほど共有いたします。"
1,yano,"@channel 
社員旅行の件、以下対応を要する人はこのスレッドまで10/2中に返信してください。
東京駅でOKの人は :ok2: でリアクションしてください。

＊＊＊＊＊＊＊＊＊＊
47期社員旅行の件、東京メンバーは新幹線を利用しますが
基本的には東京駅発着となっております。

ただし、上野駅or大宮駅 の方が自宅から近い場合
そこからの乗降車を出来るように調整しますので、
ご希望の方は、下記ファイルの【L列】にて記入頂きますようお願い致します。

締切：2025年10月3日（金）12:00

タイトなスケジュールで申し訳ございませんが、上長の皆さまより、
参加メンバーにご確認頂きよろしくお願い致します。
＊＊＊＊＊＊＊＊＊＊＊

「下記ファイル」は管理職以外見れないので気にせずに"
0,r-asanoma,"@yano 
淺野間は上野駅からの乗車とさせてください。"
0,m-unno,"@yano 
大宮で乗降車いたします。"
1,r-isahai,"@channel 
#### 燃えるごみのゴミ処理券について
　
月・木で燃えるゴミのゴミ捨てを実施していますが、特に月曜はゴミの量が少量の場合があります。
45L分もゴミがない場合に、45Lのゴミ処理券を利用するのはもったいないので
**20L用の有料ごみ処理券も購入してみました！！**
 
ごみが少量の場合は20Lのゴミ袋の方にまとめて、20L用のゴミ処理券を使ってください。
　
貼り間違えていると業者が回収してくれませんので、サイズに応じた券を使うように注意してください。
#####  :warning: 今まで通りの45Lは青色、少ない場合の20Lは赤色
　
併用で運用してみて、20Lが不要そうであれば今まで通りすべて45Lに戻そうと思います。
よろしくお願い致します。"
0,n-ishii,@channel 本件、一昨日のリリースで解決しています。なお、参考資料のテキスト量が多いため、実行しても失敗し、しかもエラーメッセージが表示されません。
1,n-ishii,"@channel 人工知能学会誌ですが、以下がありません
- 2022年1月（Vol. 37 No. 1）
- 2024年1月（Vol. 39 No. 1）

どこにあるかご存じの方がいれば、声かけていただければ。"
0,yano,引越しの時に東京本社に置き忘れとかないかな？
0,r-isahai,10/22インフルエンザ注射で東京本社行く際に確認してみます。
0,yano,"@channel 
掃除機のヘッドの巻き取りブラシに長い髪がぐるぐるに巻き付いてまったく吸い込まないね。。。"
0,r-isahai,"ヘッドの見えるゴミは取り除いたのですが、まだうまく回転できないようです。
時間ある時にもうすこしゴミ取り除いてみます。"
0,yano,@r-isahai ありがとう。場合によってはどこかに詰まってるのかもしれないね??
0,yano,"@r-isahai 
あと、巻き取りブラシの軸の部分に髪の毛が巻き付いて回転が悪くなってるとか。。
変に分解できないので見えるところを取って吸い込めないのなら修理だろうね。"
1,yano,"@channel 
インフルエンザの予防接種の回答期限が10/14（火）です。
AISで1名未回答の人がいるとの連絡がきましたので未回答の人はすぐに回答してください。"
0,r-isahai,ブラシの外側の溝みたいなところに結構つまっちゃってます。回転ブラシ部分は水洗いもできるみたいなので定時後にやってみます。
0,m-unno,"@yano (CC: @r-asanoma @r-kinoshita @r-yurino )
AISのメンバで確認しましたが、全員「回答済」の状態になっていました。"
0,r-isahai,"@yano 
回転するブラシ自体の髪の毛はかなりきれいにとれました。
やはり回転させる側が詰まっちゃっているみたいです。
ブラシ抜いた状態で動作させてみましたがエラーになりました。
週明けにヤマダに連絡してみます。"
1,r-isahai,"@yano @n-ishii 
以前交換対応いただいたヤマダ電機難波店野澤様にお電話で確認いたしました。
　
・修理対応はなし、代わりに修理相当額での新品交換
・保証が切れているため、修理相当額は負担が必要
・金額：4,900円（税抜き）
・髪の毛が絡まったまま使用を続けたのでモーター側に不備が出た可能性があるとのこと
　
回転ブラシなしの製品も検索してみましたが、AICカーペット敷き詰めなので回転ブラシがあった方がよさそうです。
髪の毛が絡まったら適宜ハサミで切って取り除くように周知徹底したうえで、新品交換お願いしたいですが問題ないでしょうか？"
0,yano,@r-isahai ありがとう。上記で対応してください。
0,r-isahai,"@yano @n-ishii 
稟議申請いたしました。
よろしくお願いいたします。"
0,m-unno,"@channel 
少し先の話となりますが、案件業務での出張と被ってしまったため10/28（火）のAIMを欠席します。"
1,m-unno,"@channel （AIC出社メンバー向け）
今週私は木曜日の掃除担当になっていたと思うのですが、明日も終日田町勤務となりそうです。
どなたか代わりにゴミ出しをしておいていただけないでしょうか。
よろしくお願いいたします。"
0,r-isahai,"@n-ishii 
先ほど掃除機経費支払い申請上げました。
支払いサイトについて「貴社お支払い条件は、月末締/翌々月15日支払いとなりますので、こちらの条件以内であれば問題御座いません。」とのことで、支払い予定日設定してます。（条件は先方に、Xpoint記載方法は宮林さんに聞きました）"
0,m-unno,"@yano 
ポケットWi-Fiを持ち出しております。
10/30（木）返却予定です。"
0,r-isahai,"@r-yurino 
年末調整用のサイトのログイン情報確認依頼が来ていました。
27日までにとのことなので、今日中に確認してもらえるとよいかなと。
既に実施済でしたら無視してください！
https://chat.jbdcl.com/jbd/pl/j88mmrijdifmpq4p9qdw1kynhe"
1,r-isahai,"@channel 
### 年末調整の案内が届いています
#### 期日：11/20(木)
保険など控除には原本の提出が必要になります。東京本社への提出が必要なことも見越して早めに実施しましょう。
　
完了次第 :sumi: ボタン押下してください。
https://chat.jbdcl.com/jbd/pl/99hagswj77ne587xdfycrni8ke"
0,r-isahai,"@r-yurino 
リンク先対象者「2」の内容確認お願いします。
　
入社前の1月～3月にアルバイトなどで収入があった場合、それの源泉徴収も必要になります。"
1,n-ishii,"@channel 各位
今週末の社員旅行について、部屋割り及び移動時の席について、以下のファイルに記載してあります。
```
\\jbdtkfs2020\プロジェクト\JBD\AIビジネス研究室\90_管理\親睦会等共有\47期社員旅行【東京】新幹線・バス・宿・宴会.pdf
```

各自、ご確認ください。"
1,yano,"@channel 
47期上期査定後の目標管理シートを以下のフォルダに保存してください。
保存期限は、10/28（火） 15:00まで

```
\\jbdtkfs2020\プロジェクト\JBD\AIビジネス研究室\99_個人\yano\★目標管理\47期\47期上期査定後
```"
0,r-isahai,"@channel 
本日のAIMのアジェンダを共有します。
[/2000_開発者向け/2000_開発者向け/2YYY_組織/AIビジネス研究室/100_AIM/2025/10](https://wiki.jbdcl.com/68fad2959ff03c06b086d897)"
1,n-ishii,"@channel AISおよびAIB各位
忘年会の幹事、どなたか一名やってほしいと経管から連絡がきました。
作業は以下のようなものだそうです。
・受付（準備含む）
・司会進行
・催し物の企画・運営（買い出しなど）

やりたいという方はぜひ。"
0,r-asanoma,"@m-unno 
こちらの件、業務都合等があり、
淺野間か海野さんで対応して欲しい、と話が出ています。
11月の業務状況を認識合わせしたいので、
どこかで会話させてください :man-bowing: "
1,r-kinoshita,"@channel  (@r-yurino )
百合野君がJBD基盤のパスワード変更後VPNが使えずzaionや共有フォルダにアクセスできなくなってしまったようなのですが、同様の事象に遭遇されたことのある方はおりますでしょうか。
VPN接続開始はできるが01_startなどの実行ができない状態です。
mattermostやRedmineにログインはできたので基盤のパスワード同期は問題なく完了していると思います。
wikiなどを確認したのですが対処法が分からず、「JBD全体のお知らせ」で冨澤さんに確認しようと思っております。"
0,r-isahai,"@channel 
AIMの議事録作成しました。
https://caitayo.jbd-ai.com/tasks/69006e7fd74782fa74f639e3"
0,n-ishii,"@r-kinoshita @r-yurino 私が先日パスワード変更した際は、ADパスワード変更完了までに2時間ほどかかりましたが、「ADパスワード変更完了」といった通知は来ていますでしょうか？
もしかしたらこれが原因かもしれませんが、急ぎの場合は連絡した方が良いかなと（DMでもよいかなと）"
0,r-yurino,"@n-ishii 
ADパスワードの変更完了通知は来ておりました。ADパスワードに関しても、おそらく変更できているかと思います。DMで連絡いたします。"
0,n-ishii,"@r-yurino CC: @r-kinoshita 
https://wiki.jbdcl.com/661de0639ff03c06b0fc2743#a4%E6%96%B0%E3%83%91%E3%82%B9%E3%83%AF%E3%83%BC%E3%83%89%E3%81%AE%E5%90%8C%E6%9C%9F

ここに記載ありますね。

- 同期処理を実施しないと、端末とADに差異が生まれ、以下のような現象が発生してしまいます。
  - ファイルサーバーを開く際に資格情報を求められたりし、パスワードロックの原因になってしまいます。
  - VPNの01_start等のバッチが実施できなくなります。

もしかしたらこれかもしれないので、合せて富澤さんに確認してみてください。"
0,m-unno,"@yano 
すみません、対応が遅くなりましたが、先ほど上記フォルダに査定シートを保存しました。"
0,r-asanoma,"@n-ishii  (cc: @channel )
忘年会の幹事ですが、今年は淺野間が担当します。
よろしくお願いいたします。"
1,n-ishii,"@channel 各位
以下、少々修正されています。大きな変更はありません。

```
\\jbdtkfs2020\プロジェクト\JBD\AIビジネス研究室\90_管理\親睦会等共有\（最新版）47期社員旅行【東京】新幹線・バス・宿・宴会_20251029.pdf
```

AIB/AISにかかわる変更点は以下の通りです
- 部屋割りで矢野さんの部屋が別館5階から本館5階に修正されています
- 宴会席の淺野間君百合野君の位置が一つずれています"
1,r-isahai,"@channel 
水曜日にビジネス情報収集に関するセミナ―に参加しました。
報告書と、いただいた資料をそれぞれ下記に配置しました。
・報告書
```
\\jbdtkfs2020\プロジェクト\JBD\AIビジネス研究室\72_外部セミナー\セミナー受講報告書（砂盃）20251029.xlsx
```
・資料
```
\\jbdtkfs2020\プロジェクト\JBD\AIビジネス研究室\99_個人\isahai\40_資料\日経BP Insightセミナー：ビジネスチャンスを逃さない情報収集・活用戦略
```

現地にてメモを書いた資料の原本も次にAIC出社したときに書棚に置きます。
AIやITに限ったトレンドでなく、社会全体の情報を収集するという観点において、とりあえず読んでみるという一歩を踏み出すのにいいかもしれない、というサイトがいくつも紹介されています。
よろしければ参照ください。"
0,r-isahai,"私はとりあえずこれチェック対象にしてみたいなとおもいました
https://www.meti.go.jp/topic/data/e90622aj.html"
0,r-yurino,"@n-ishii 
パスワード同期の件、解決いたしました。古い資格情報を保持してしまっていたことが原因らしく、コントロールパネル上で該当する資格情報を削除したところ、バッチファイル等の実行を確認できました。
この度はご助言いただき、ありがとうございました。"
1,yano,"@channel 
明日は社員旅行です。雨でかなり冷え込みそうなので皆さん、温かい恰好（もしくは上から羽織れるもの持参）で行きましょう。

で休み明けのの11/4に勤怠及び経費精算を定時中に矢野まで届くようにしてください（11/5終日出張＆11/6有給休暇のため）。"
1,yano,"@channel 
zaionの業務開始時間について。
zaionとmattermostの時刻同期？のズレ？で業務開始時刻がmattermost上は8時台だけど、Zaion上は９時を過ぎている人が散見されます。
今回は矢野の方で修正しますが、次回以降申請前に確認をお願いします。
　＃システム不具合なんだけどね。。。"
1,yano,"@channel 
どうも、8:59-9:00にmattermostで業務開始押した人は、Zaionの業務開始時間が9:02になることがあるみたいね。
もう少し余裕をもって業務開始する＆申請前に再チェックをお願いします。"
1,yano,この後、本日終日エンドユーザー先訪問、明日は有給休暇を取得するので、経費申請できていない人は本日17時以降に矢野に個別に連絡ください。
1,r-isahai,"@n-ishii @m-unno 
先ほど宮林さん巡回の際に、
保険証とマイナンバーの紐づけを行っていない人に資格証の発送が必要なため、署名が欲しいとのことでした。
石井さん打合せ中＆海野さんお休みでしたので、また来週、宮林さんが来てくださるとのことです。
海野さんの出社日に合わせてとなるかと思いますので、個別に連絡あるかもしれません。
よろしくお願いいたします。"
0,r-isahai,"@r-yurino 
A01の修了証うけとりましたので、ロッカーに入れておきます。
出社時に確認おねがいします"
0,yano,"@r-isahai 
11/25（火）のAIMの件、
矢野は当日、午前大阪でその後東京に移動するので間に合わなかったら前後半を入れ替えて実施お願いします。"
1,r-isahai,"@channel 
既に完了済の方はご放念ください。
#### 年末調整の提出期限は来週、11/20(木)です
　
原本提出がある方は11/20に宮林さんが巡回してくださいますので、それまでにAICの秋葉行きBOXにいれてください。"
1,r-isahai,"@channel 
11/28(金)18:30～、東京本社にて営業主催の懇親会が開催されます。
AICメンバーも参加自由とのことなので、希望のかたいましたら砂盃にお声がけください。
砂盃は参加します。今週中で締め切って営業に連携します、よろしくお願いします。"
1,yano,"@channel 
みんな推し社員は投票したのかな？
誰に入れようか悩んでいる人は「自分」か今一緒に仕事をしててお世話になっている先輩や後輩を入れてあげて下さい。"
0,r-isahai,↑特にいなければ締め切ります
0,r-kinoshita,"@channel 
11/25のAIMですが、客先打ち合わせが入ってしまったため欠席いたします。"
0,r-isahai,"@channel 
本日のAIMのアジェンダを共有いたします。
[/2000_開発者向け/2000_開発者向け/2YYY_組織/AIビジネス研究室/100_AIM/2025/11](https://wiki.jbdcl.com/691feded9ff03c06b0b2ce1c)"
0,m-unno,"@r-isahai 
客先案件打ち合わせのため、遅れての参加となります。"
0,r-isahai,"@channel 
昨日のAIMの議事録を共有します。
https://caitayo.jbd-ai.com/tasks/6925597f4307823b7adbbdc2"
1,r-isahai,"@channel 
こちらのセミナー、録画配信されましたので共有いたします。
<https://em.nikkeibp.co.jp/ODA2LVdDVS04OTYAAAGeYcwYaIFdrsjCsebWppJNZltHTNviJ-fMgkJNwgwtUWrjlMgIvk5h94jNgL7F6MsK5Vml91w=>
２部・３部は日経BPのセールス的な部分が強いですが、１部の話は興味深かったのでお時間あれば、ぜひ。"
1,r-isahai,"@channel 
毎年恒例ですが、最終営業日に大掃除後、納会を実施します。
昨年同様東京本社との合同で開催するか、今年はBPさんも増えたのでAICでの開催もありだと考えています。
AICで開催の場合は、2次会から東京本社メンバーと合流するように調整しようと思っています。
　
どちらでの開催がよいか、投票お願いします。
東京本社と合同→ :akihabara: 　　AICで開催→ :aic: 
 
**投票期日：12/4(木)**
　
納会への参加可否や、客先メンバーが大掃除時にAICに戻ってこられるかは12月中旬ごろに確認させてください。
よろしくお願いいたします。"
0,n-ishii,"@r-asanoma 
以前、caitayoに投げて止まったファイルって残っていますか？"
0,r-asanoma,"@n-ishii 
うろ覚えですが、たしか以下をファイル共有から直接アップしようとしたときに落ちた気がします。

\\jbdtkfs2020\プロジェクト\JBD\AIビジネス研究室\99_個人\yurino\CRS\録画\
・ユーザビリティテスト（石井さん）.webm"
1,r-isahai,"@m-unno @r-kinoshita @r-asanoma 
PM03研修の受講募集が本日からきています。
プロジェクト企画書提出の資格を得るため、必ず受講申し込みしてください。
　
よろしくお願いします。"
1,m-unno,"@r-asanoma @r-kinoshita @r-yurino CC: @r-isahai 
本日、JBDのPCに貼り付ける管理シートがAICに届きました。
既存の管理シートをはがして新しい管理シートを貼り付けるよう、よろしくお願いします。
木下さん・百合野さんに関しては、AICにいらしたタイミングでお渡しするので、その際にご対応ください。
https://chat.jbdcl.com/all/pl/6ww9unkp67fexdxscmmqxpwuzw"
0,r-isahai,AIBのBPさんは全員対応済です :sumi: 
1,r-isahai,"@channel 
とりまとめ遅くなりまして申し訳ございません。
BPさんの26日作業の兼ね合いもあり、納会は東京本社合流で実施したいと思います。
26日は大掃除（AIC出社でできそうな人で）→納会の流れとなります。
　
・12/26(金) 17:00-19:00＠東京本社
　
参加/不参加について**今週中12/12(金)まで**に回答お願いします。 :woman-bowing: "
0,r-isahai,"@yano 
こちらです"
0,r-isahai,"@r-yurino 
納会参加可否、来週月曜にご連絡ください！"
0,r-isahai,AIB/AIS全員 :sumi: です
0,m-unno,"@yano 
AICのポケットWi-Fiをお借りします。
12/24（水）返却予定です。"
1,r-isahai,"@yano @m-unno @r-kinoshita @r-asanoma @r-yurino 
12/26(金)納会後、2次会参加希望の方いますか？
予約の関係で正確な人数を把握したいそうです :woman-bowing: 
砂盃は参加します :+1: "
0,r-isahai,↑本日夜に連絡しますので、急で恐縮ですが18時ごろまでにご連絡ください :woman-bowing: 
0,r-isahai,"@channel 
本日のAIMのアジェンダを共有します。
[/2000_開発者向け/2000_開発者向け/2YYY_組織/AIビジネス研究室/100_AIM/2025/12](https://wiki.jbdcl.com/69434c4e9ff03c06b0d1be7d)"
0,r-yurino,"@channel 
すみません。
通信環境を用意できなかったため、本日のAIMは参加を見送らせていただきます。よろしくお願いいたします。"
0,r-isahai,"@r-yurino 
自社PCで利用できるWifiがない（会議室とかに行けばあるけど）ってことですかね？
状況教えていただきたく。"
0,r-yurino,"@r-isahai 
おおむねその通りです。ただ、今の環境から繋げるネットワークが無く……
これまでAIMに参加していた際は、木下さんのポケットWi-Fiお借りして接続していました。ただ今日は、木下さん在宅なので、自分のスマホのテザリングで繋ごうとしたのですがうまくいかず、という状況です。"
0,r-isahai,"@r-yurino (@r-kinoshita )
理解しました、来月以降ちょっと考えないといけないですね。。。
議事録は作成して共有しますので、内容そちらで確認ください。"
0,r-isahai,"@channel 
本日のAIMの議事録を共有いたします。
https://caitayo.jbd-ai.com/tasks/694a3d4639b81f47c1c41876
　
【AISメンバー向け】
第二部はスキップとなりましたので、役員会報告と全体共有事項が主な話題となっております。"
1,yano,"@channel 
特にAISメンバーへのお願いです。
Mattermostでの始業報告とzaionを連携させている人で、9時ギリギリに始業報告をするとzaionへの打刻時間が9時を過ぎる場合があります。
連携を外して手動で時間を投入するか、確定前に確認して修正の上で確定提出をお願いします。"
0,yano,"@channel 
AICに出勤している人向けです。
本日15:00-15:15て共有したい事項があるので、社内会議室に集まってください。
参加が難しい人、OGISメンバーにはおって共有します。"
0,r-isahai,"@channel 
社員証ストラップの伸縮する部分の予備、届きましたのでコピー機横の棚4段目に入れておきました。"
0,r-isahai,"@channel 
明日のAIMのアジェンダを共有いたします。
[/2000_開発者向け/2000_開発者向け/2YYY_組織/AIビジネス研究室/100_AIM/2026/01](https://wiki.jbdcl.com/6972d9589ff03c06b0f22728)"
0,mattermost,"|登録者|勤務状況|開始時間|終了時間|
|-|-|-|
|@r-isahai|:otukare2:|2026/01/26 08:58|2026/01/26 18:44|
"
0,r-isahai,すみません、投稿先を間違えてしまいました。
0,m-unno,"@channel 
AIC備え付けの鍵を持ち出しております（私個人に貸与された鍵を自宅に置いてきてしまったため）。
明日の朝に返却予定です。"
0,m-unno,"AICのポケットWi-Fiを持ち出します。
（2/16の朝から田町で作業を実施したいのですが、2/15のビル法定停電の影響で通信環境が不安定な可能性があるため）
2/19（木）の朝に返却予定です。"
0,m-unno,"@channel 
おはようございます。
南北線の遅延のため、AICへの到着が数分遅れる可能性があります。"
0,r-isahai,"@channel 
本日のAIMのアジェンダを共有します。
[/2000_開発者向け/2000_開発者向け/2YYY_組織/AIビジネス研究室/100_AIM/2026/02](https://wiki.jbdcl.com/699cfc139ff03c06b00f357e)"
0,m-unno,"@channel 
先ほど、AICに警備会社の方がいらっしゃいました。
本日21:15ごろ、AICが入っているビルの2階の警備開始ボタンが押されたらしく、その一方で私が勤務中でしたので駆けつけてこられたとのことです。
AICで特に異常があったわけではないので、警備会社の方にその旨をお伝えし、お帰りいただきました。
取り急ぎご連絡まで。"
1,r-isahai,"@channel 
今年の花見は4/3(金)予定となりました。 :cherry_blossom:  :beers: 
近づきましたら人数確認の連絡しますが、参加できそうな方は予定空けておいてもらいたいです :sparkles: "
0,r-isahai,"@r-yurino 
毎年東京本社メンバーと合同で上野公園でお花見をしています :cherry_blossom:  :beers: 
強制ではないですが、他部署メンバーも多く参加される会なのでよろしければぜひ :sparkles: "
1,r-isahai,"@channel 
こちらの件警備会社に問い合わせいたしました。
正確には警備開始ボタンが押されたのは20:50、警備を行ったカードは淺野間さん所有のものでした。
外部の人間によるセットではなく、カードが外に漏れているなどの心配は無いようです。
　
全メンバーあらためて、
最終退出者が警備セットを行うことを認識づけて注意するようにしましょう。

よろしくお願いいたします。"
0,r-asanoma,"@m-unno  @r-isahai  (cc: @channel )
大変ご迷惑をお掛けしました :man-bowing: 
以後再発しない様努めます。
申し訳ございません。"
0,m-unno,"@channel 
AICのトイレットペーパーが切れそうで明日までもたなさそうなので、東京本社から少しもらってきます。
あわせて、AICにたまっていた経費支払申請書類・納品書を宮林さんに渡してきます。"
1,r-isahai,"@channel 
### 情報セキュリティ教育（2026）
東日本の実施期間が始まりました。
Seculioからメールが届いていますので、実施したら :sumi: を押してください。
【期間】3/2(月)～3/16(月)"
0,r-isahai,"@channel 
警備報告書はAICにて保管とのことでしたので、一番左のロッカー下書類入れに保管しました。"
1,yano,"@channel 
通勤定期を購入している人で、3/14の運賃改定の対象となっている交通機関を使用している人は3/14までに[J_G020] 通勤費変更届を提出してください。"
1,r-isahai,"@channel 
お花見の件
GroupSessionのアンケートにて参加確認が出ていますので、AICメンバーは返答お願いします。 :cherry_blossom: 
【回答期限】3/19(木)"
0,r-isahai,"@r-yurino 
こちら完了していますか？
完了していたら :sumi: ボタンを、そうでなければ対応お願いします。"
0,m-unno,"AICのポケットWi-Fiを持ち出します。
3/17（火）の朝に返却予定です。

"
1,r-isahai,"@channel 
### 3月の懇親会実施について
お疲れ様です。月例の懇親会を以下日時で実施いたします！

・3/26(木) 18:30～

【3/18 15:00】までに参加可否のスタンプを押下いただきたいです :woman-bowing: 
東京本社メンバーにも声かけて、先月同様、合同実施できればと考えています。

ぜひ参加お待ちしています！"
0,yano,パートナーさんは声かけないの？
0,r-isahai,"@yano 
送別会を同週に実施しようと思いまして、連続になってしまうので、いったん社員だけで確認しました。稟議申請に影響しないので、送別会の日程決まり次第BPさんにも声かけてみます。"
0,r-isahai,"@channel 
こちら、東ソ販から石金正彦取締役、茅野さんの計２名も参加いただけるとのことです。
　
@yano @n-ishii 
稟議申請いたしましたので、ご確認のほどよろしくお願いします。"
0,yano,"@channel 
3/24のAIMの件、海野くん、矢野は16:00までNTTdB側の業務となるので16:00-16:30の参加となります。

@r-isahai 
役員会FBは後半で実施します。"
0,r-isahai,@yano 承知いたしました。
1,r-isahai,"@yano @m-unno @r-yurino 
お花見の出席回答期限、
・明日　3/19(木)
となっております。
未回答のようなのでGroupSessionのアンケートから回答お願いします。"
0,yano,"@r-isahai 
連絡ありがとう、回答しました。"
0,r-isahai,"@channel 
本日のAIMのアジェンダを共有いたします。
アジェンダ通り矢野さんから役員会共有→全体共有　の流れとなる予定です。
[/2000_開発者向け/2000_開発者向け/2YYY_組織/AIビジネス研究室/100_AIM/2026/03](https://wiki.jbdcl.com/69ba12209ff03c06b02ccaba)
　
また、48期のAIM実施予定を、本年度と同様に**役員会翌週火曜日 15:30-16:30にて設定して問題ないか**の決定を行います。
客先勤務のかたは特に、事前に予定確認をお願いいたします。"
0,yano,"@r-isahai 
矢野の希望は、可能であれば、時間を15:00-16:00にしてほしいです。。"
0,m-unno,"@r-isahai 
私が隔週火曜日15:00-15:30, 16:30-17:30で打ち合わせが入っている影響で、AIMが15:30開始になったのだと思います。
4月以降も同時間帯で打ち合わせが入る見込みでして、15:30開始で維持していただけると助かります。"
0,yano,"@channel 
4月以降、平日15:00～で客先定例とかでNGの時間のある人はここに書いてください。"
0,r-isahai,"AIBプロジェクト
・隔週水曜に14:00-17:00の打ち合わせ有"
0,r-asanoma," CTCは以下の日程で客先定例会があります
・月曜日: 15:00?16:00
・木曜日: 16:00?17:00"
0,r-isahai,@channel Zoomにて実施いたします。
0,m-unno,"@yano 
NGの時間は以下の通りです。
- 月曜 15:30-17:30
- 火曜 15:00-15:30, 16:30-17:30（※いずれも隔週）
- 水曜 15:00-17:00（※隔週）"
0,r-isahai,"@channel 
頂いた情報もとに1時間枠を確保できる日程が以下になります。
・火曜：15:30-16:30（※現行まま）
・木曜：15:00-16:00、17:00-18:00
・金曜：15:00-18:00

@yano 
月末木曜をAISのPJ集中作業日に充てたいとのことで、金曜の15:00-16:00が可能であれば決定したいのですが、いかがでしょうか。"
0,yano,金曜15:00-16:00でお願いします。
1,r-isahai,"@channel 
来年度のAIMは
・役員会翌週 金曜日 15:00～16:00
にて設定いたしました。
GroupSessionには登録済です。

各自、案件先のスケジュールもおさえておくようにお願いいたします。"
1,yano,"@channel 
47期下期査定及び48期目標設定の件、矢野との面談をまずは60分で設定してください。
　遠藤さんについては、帰阪時に実施します。
　4/16（木）は京橋事業所に出社するので、15:00～でお願いします。

4月最終週はGWが絡むため、48期目標の完成期限を以下に設定します。

★完成＆矢野への提出期限：4/24（金）18時

なお、48期からフォーマットが変わっているので、各自48期用はGroupsessionから入手してください。
```
https://gs.jbdcl.com/gsession/common/cmn001.do?url=%2Fgsession%2Fbulletin%2Fbbs060.do%3Fbbs010forumSid%3D5%26threadSid%3D3018
```
48期目標については一回の面談でOKは出ない人が多いと思うので、一回目の面談はなる早で設定をお願いします。
時間帯は、火、木、金耀の15:00以降でお願いします。

今空いているところに入れてもらって、予約した日時をこのチャットに返信してください。"
0,r-asanoma,"@yano 
お疲れ様です。
淺野間の査定面談ですが、
以下の日程で設定させていただきました。
不都合等ございましたらお声がけください。
- 4/9（木） 15:00-16:00
よろしくお願いいたします。"
0,n-ishii,"@yano 
- 4/14（火）15:00-16:00
で設定いたしました。よろしくお願いいたします。"
1,m-unno,"@channel （※お花見参加メンバー向け）
本日のお花見の開催場所について、東京本社共有のチャンネルにて情報共有がありました。
上野恩賜公園内の「時忘れじの塔」の近くとのことです。
マップ：[https://maps.apple/p/9QBbxPJ7rCC3kG](https://maps.apple/p/9QBbxPJ7rCC3kG)
元の投稿：https://chat.jbdcl.com/jbd/pl/ca6mwihk6j81fjfnrpgw8ntxto"
0,r-kinoshita,"@yano 
査定面談ですが以下の時間で設定しました。
4/14（火）17:00-18:00
よろしくお願いいたします。"
0,r-isahai,"@yano 
・4/14(火) 16:00-17:00にて設定いたしました。
よろしくお願いいたします。"
0,r-yurino,"@channel 
すみません。
上野駅で迷って若干遅れます。"
0,r-yurino,"@yano 
以下の時間で設定いたしました。
よろしくお願いいたします。
・4月9日（木）16:00-17:00"
0,m-unno,"@yano 
査定面談の時間を **4/16（木）17:00-18:00** で押さえました。
リモートですがよろしくお願いいたします。"
0,yano,@m-unno 対面可のタイミングではできませんか？
0,m-unno,"@yano 
対面で実施するとなると、最速で **4/21（火）15:00-16:00** になります。
提出期限までギリギリとなりますが、対面で開催することを優先して4/21実施でよいでしょうか？
"
0,yano,"@m-unno 
矢野が予定を調整するとした場合、海野くんの準備はいつまでにできますか？"
0,m-unno,"@yano 
4/9（木）中にはできると思います。"
0,yano,@m-unno なら、4/13（月）にやりませんか？
0,yano,NdBのスクラムイベントないので。
0,m-unno,"@yano 
はい、問題ありません。
こちらも15:00以降空いております。"
0,yano,@m-unno 15:00-16:00で
0,m-unno,"@yano 
4/13（月）15:00-16:00 でGroupSession, Outlookの予定を押さえました。
よろしくお願いいたします。"
0,m-unno,"AICのポケットWi-Fiを持ち出しております。
4/13（月）に返却予定です。

"
1,m-unno,"@channel 
47期下期査定後の査定シートを入れるフォルダを作成しました。
こちらに査定シートのアップロードをお願いします。
```
\\jbdtkfs2020\プロジェクト\JBD\AIビジネス研究室\99_個人\yano\★目標管理\47期\47期下期査定後
```"
1,yano,"@channel 
各自、本日までの勤怠を明日の朝一で矢野が承認できるように登録をお願いします。

＊＊＊＊＊
4月残業時間 中間結果について
お疲れ様です。宮林です。
 4月1日～14日までの勤怠の中間結果は、15日(水)14時～に作成します。 
申請漏れおよび承認漏れ等がありますと、正確な時間の把握が難しいため、 
お手数お掛けしますが、ご対応の程よろしくお願いいたします。 
毎月同様の考え方で、一覧表を作成します。
 総稼働時間－（171h＊10日/21日） 

お忙しい中恐れ入りますが、何卒よろしくお願いいたします。

"
1,r-kinoshita,"@channel 
48期上期目標設定後のの査定シートを入れるフォルダを作成しました。
査定シートはこちらにアップロードお願いします。
```
\\jbdtkfs2020\プロジェクト\JBD\AIビジネス研究室\99_個人\yano\★目標管理\48期\上期目標設定後
```"
1,r-isahai,"@channel 
## JISA 生成AI人材育成フォーラムについて
案内のメールが来ておりましたので展開いたします。
参加者数に制限ないため、参加希望の方は各自申し込んでみてください。

**・実施日時：4/24(金) 17:00～19:00＠オンライン**
以前参加しましたが途中参加・途中離脱も可能でしたので、ご参考までに。

以下、メールより転記
```
■□━━━━━━━━━━━━━━━━━━━━━━━━━━━━━━━━◇
　　　　　　第３回生成AI人材育成フォーラム開催のご案内
　　　～AI駆動ビジネス最前線 － AIが変える仕事と人材の再設計～
　　https://www.jisa.or.jp/event/tabid/152/pdid/3364/Default.aspx
◇━━━━━━━━━━━━━━━━━━━━━━━━━━━━━━━━━◇
　　　　　　　　　　　　　　　　　 一般社団法人 情報サービス産業協会
 　　　　　　　　　　　　　　　　　　　　　 　　　　　　　人材委員会

　JISAでは、生成AIの社会実装を通じて企業のデジタル競争力を高め日本の社
会・産業の活力向上を目指し、「生成AI技術の社会的活用に関する提言」を公
表し、さらに、同提言の実現に向けて、4つのアクションプランを発表してお
ります。

　本フォーラムは、そのうちのアクションプラン①「＋AIスキリングによる価
値創造エンジニアへの転換」を具体化する取り組みとして開催するものです。
生成AIの急速な進化を踏まえ、生成AI活用の実践、人材育成、AI教育体系の先
進事例を共有してまいります。

　第3回では、昨年度実施して非常に好評だった現場のエンジニアによるAI活用
について、デモを交えながら実践事例をご紹介したいと思います。アプリケー
ション開発、企画、提案、運用といったそれぞれのフェーズにおいてどのよう
にAIを活用しているかお話します。その上で、今後、AIによって変革すると考
えられる情報サービスにおける仕事や人材について討議し、どのような将来像
を目指すべきかを探りたいと考えております。皆様のご参加を心よりお待ち申
し上げます。

　　　　　　　　　　　　　　　　　　記
１．日時
　　令和8年4月24日 (金)　17時00分 から19時00分

２．開催方法
　　オンライン開催(Zoom)
　　※申込者に限り、後日講演録画を限定公開予定です(再利用不可)。

３．講師
　【コーディネーター】：
　　株式会社BeeS　古宮 浩行　(JISA版NTCプロジェクト メンタリーダ)
　【パネリスト】：
　　SCSKサービスウェア株式会社　小澤 仁護
　　株式会社アイネス総合研究所 白 済皞
　　株式会社TOKAIコミュニケーションズ　山田 周策
　　株式会社DTS　涌田 裕規

４．アジェンダ
　(1)デモ：ローカルLLM(15分)
　　外部と隔離されたセキュアな環境に構築したローカルLLMを利用して、
　　案件見積の作成を行うAIエージェントについてデモを行います。
　(2)デモ：Claude Cowork(15分)
　　Claude CoworkのSkills機能を使い、業務知見をAIに実装することで、
　　FAQ作成などの知識作業を自動化するデモを行います。
　(3)デモ：ハーネスエンジニアリング(25分)
　　Anthropic社が提唱するハーネスを用いてAIの出力を制御し、実運用
　　に耐える品質を実現するエンジニアリングのデモを行います。
　(4)デモ：AIエージェント(15分)
　　提案活動や新規事業創出に伴う企業リサーチの効率化を目指し、AIを
　　活用した企業調査エージェントについてデモを行います。
　(5)ディスカッション(40分)

５．受講対象／申込期間
　　対象：JISA法人会員
　　申込期間：4月23日(木)まで

６．参加費
　　無料

７．申込先
　　https://www.jisa.or.jp/event/tabid/152/pdid/3364/Default.aspx

　　ご登録完了後、確認メールが自動送信されます。
　　お申込ページや確認ページが表示されない、自動返信メールが届かない
　　などございましたら、ntc@jisa.or.jpまでイベント名と参加者情報をご連絡ください。

８．問い合わせ先
　　一般社団法人 情報サービス産業協会　事業推進本部　大原　道雄
　　TEL：03-5289-7651　E-mail：ntc@jisa.or.jp

　　　　　　　　　　　　　　　　　　　　　　　　　　　　　　　　　以上
```"
1,r-isahai,"@channel 
## 健康診断実施のお知らせ
今年度の健康診断実施のお知らせがGroupSessionで周知されています。
[2026年度 定期健康診断実施のお知らせ](https://gs.jbdcl.com/gsession/common/cmn001.do?url=%2Fgsession%2Fbulletin%2Fbbs060.do%3Fbbs010forumSid%3D15%26threadSid%3D3031)
 
**・受診期間：2026年4月13日（月）～2026年12月28日（月）**

早めに予約の上、Excelファイルに予約日の記入まで行ってください。
```
\\10.0.2.179\全社共有\48期\03000_東日本\03100 全体\48期健康診断 受診リスト(東日本)\★2026年度健康診断 受診リスト（東日本）.xlsx
```
※今年度は部署ごとでなく東京全体のExcelファイルに記入するようです。

予約が完了したら :sumi: スタンプを押してください。"
0,r-isahai,"@channel 
本日のAIMのアジェンダを共有いたします。
今年度から**役員会翌週金曜 15:00～16:00** に日程変更しておりますのでお気を付けください。
[/2000_開発者向け/2000_開発者向け/2YYY_組織/AIビジネス研究室/100_AIM/2026/04](https://wiki.jbdcl.com/69eae1909ff03c06b05a0171)"
1,yano,"@channel 
47期下期査定表、48期上期目標のファイルを以下のフォルダに入れていない人はすぐに保存してください（すでに期限きれています）。
いずれも未提出の人が1人ずついます。

```
\\jbdtkfs2020\プロジェクト\JBD\AIビジネス研究室\99_個人\yano\★目標管理\47期\47期下期査定後
```

```
\\jbdtkfs2020\プロジェクト\JBD\AIビジネス研究室\99_個人\yano\★目標管理\48期\上期目標設定後
```"
0,m-unno,"@yano 
先ほど48期の査定シートをファイルサーバへアップロードしました。
提出が遅くなり申し訳ありません。"
0,r-yurino,"@yano 
提出遅れてしまい申し訳ありません。
47期査定後のシートをアップロードしました。"
0,yano,"@r-yurino 
48期以降は考課者欄を入れておいてくださいね。47期は入れておきました。"
0,yano,"@channel 
統計検定、AI検定の資格保有状況を確認したいので、以下の各スレッドに :sumi:  or :mi:  で答えてください。"
0,yano,統計検定2級
0,yano,統計検定準1級
0,yano,AI検定G検定
0,yano,AI検定E検定
0,m-unno,"AICのポケットWi-Fiを持ち出します。
5/29（金）に返却予定です。"
1,n-ishii,"機械学習コンペティションサイトを以下に立ち上げました。
https://ai.gs-biz.com/ml_competition

バイブコーディングで作っています。謎のボタンがあったり、推論結果登録時に推論ファイルのサイズが正しく表示されなかったりしますが、大まかには動きます。

◆コンペティション頻度
- 少なくとも、６月と８月に実施予定です。それぞれ、７月末と９月末ごろに解説会を実施予定です。
- コンペティションは、各自で自由に作っていただいて問題ありません

追加予定機能
- 生成AIに、分析結果の講評をしてもらう機能

他、希望あれば受け付けます。"
0,n-ishii,"技術スタック
- 言語：TypeScript
- 実行環境：node.js
- フレームワーク：Nuxt.js
- DB：MongoDB"
0,r-isahai,"@channel 
本日のAIMのアジェンダを共有いたします。
[/2000_開発者向け/2000_開発者向け/2YYY_組織/AIビジネス研究室/100_AIM/2026/05](https://wiki.jbdcl.com/6a1643de9ff03c06b07725b9)"
0,yano,今期もずっと砂盃さんがアジェンダ作るのかな？
1,n-ishii,"@channel 6月のコンペデータを登録しました。
https://ai.gs-biz.com/ml_competition/competitions/6a1cf3f0143cf3f5f6185a7e
◆概要
- 依頼者：高校の図書室の司書さん
- 課題：来年どんな本を買えばいいのかの検討材料が欲しい
- 詳細：去年の貸し出し数などのデータを用意したので、そこから貸し出し数を予測するモデルを作成してほしい（できれば、要因分析もしてほしい）"
0,n-ishii,@r-isahai 8月および12月については、私用のため出られません。
0,n-ishii,@channel 任意の社内ネットワークからアクセスできるようにしました
1,yano,"@channel 
明日は関東地域に台風が直撃する見込みです。
皆さん原則在宅勤務で対応をお願いします。
何かあった場合は緊急連絡網に基づいて連絡するようにしてください。
遠藤さんは矢野（080-4091-9405）に直接連絡ください。

```
\\jbdtkfs2020\プロジェクト\JBD\AIビジネス研究室\99_個人\yano\緊急連絡網
```

但し、矢野は明日8:30-18:00まで他社の研修講師で電話に出られないため、
留守電を残すか、急ぎの場合は砂盃さんもしくは経管に連絡をお願いします。"
0,r-kinoshita,"@n-ishii 
新規コンペティション登録をしようとしたのですが、登録ボタンを押しても画面が登録画面から変わらない状態です。
一覧にも表示されていないように見えるのですが、登録のために何か設定など必要でしょうか。社内VPNからつないでいます。

追記 : 推論結果の登録はできました"
0,r-isahai,"@channel 
### 6月の懇親会について
毎月AICにて懇親会を実施していますが、今月は東京本社で開催があるとのことなのでそちらに合流しようと思います。
・6/15(月) 18:30～21:00ごろ＠東京本社
　
参加可否を6/9(火) 12:00までに教えてください。（都合わからないけど参加したい場合はとりあえず参加で出してください）"
0,n-ishii,"@r-kinoshita 
原因確認しました。
- 説明（description）は500文字以下である必要がありますが、それを超えているようです。"
0,r-kinoshita,"@n-ishii 
ありがとうございます！無事登録できました！ :man-bowing: "
0,r-isahai,"@yano @n-ishii @r-yurino 
こちら参加可否12時までにいただきたいです。
連絡ない場合は参加でだします :woman-bowing: "
0,yano,"@yano 
経営会議向け資料作成で参加してる場合じゃないと思うけど参加でm(__)m"
0,m-unno,"@r-isahai 
すみません、つい先ほど客先案件での出張が決まってしまったので、6/15の懇親会は不参加となります..."
1,r-isahai,"@yano @r-asanoma @r-kinoshita (@channel )
経管の宮林さんが16日最終出勤で7末に退社されます。
15日の懇親会にてお花を送ろうとのことで、参加できる方教えてください。
1人あたり200円です。
懇親会参加しないメンバーでも希望あれば教えてください。
 
@r-asanoma 
急で恐縮ですが、今日中にAIメンバーからの参加者人数確認をして、会田さんに人数連絡してもらえますか？
砂盃は参加でおねがいします。"
0,r-asanoma,"@r-isahai (cc: @yano )
承知いたしました。
自分と矢野さんは参加で連絡しておきます。
（矢野さんは当日出られるか不明とのことなので、淺野間が200円預かっています）

@r-kinoshita (cc: @r-yurino )
上記の件、木下君と百合野君の意見を纏めて、参加者を淺野間に教えてもらえますか？"
0,r-asanoma,"@r-isahai (cc: @n-ishii )
追加：
石井さんも参加で伺いました。
こちらも淺野間が200円預かっています。"
0,m-unno,"@r-asanoma 
私も参加いたします。"
0,r-asanoma,"@m-unno 
ありがとうございます！
当日は淺野間からお渡ししておきますか？"
0,m-unno,"@r-asanoma 
そのようにしていただけますか？
本日午後に200円をお渡しします。"
1,r-isahai,"@channel 
### 新入社員の成果発表会について
今年も新入社員の成果発表会が行われるそうです。
・日時：6/30(火)13:00～15:00

AIS配属予定の森さんは、**13:45～14:05**に発表予定です。
時間合う方は見てみてください。

詳細は[GS掲示板](https://gs.jbdcl.com/gsession/common/cmn001.do?url=%2Fgsession%2Fbulletin%2Fbbs060.do%3Fbbs010forumSid%3D5%26threadSid%3D3048)にて確認ください。

さらに今年は直接新入社員の作成したシステムを見聞できる時間があります。
・日時：6/29(月)16:00～17:00＠五反田セミナールーム
特に事前連絡は必要なく、上記時間内に自由に出入りできるとのことです。
こちらも詳細は[GS掲示板](https://gs.jbdcl.com/gsession/common/cmn001.do?url=%2Fgsession%2Fbulletin%2Fbbs060.do%3Fbbs010forumSid%3D5%26threadSid%3D3049)にて確認ください。"
0,r-kinoshita,"ありがとうございます！
自分は30日、中抜けして五反田に行こうと思います。"
0,r-isahai,"@r-kinoshita 
30日てことは、発表会のほうですかね？こちらはオンラインでも現地でもＯＫみたいです。
私はオンラインで見てみます :eyes: "
0,n-ishii,"@channel 本日、マクロを夜通し実行するため、サーバルーム内でPCを動作させたままにします。
よろしくお願いいたします。

※予定
- 今夜：一通り通ることを確認
- 明日夜：細かい設定を行ったうえで、動作することを確認
- 明後日夜～月曜の朝：本番動作"
0,n-ishii,"@channel 今朝、執務室の換気扇および冷房がつけっぱなしになっておりました。
最終退出者の方はお気を付けください。"
0,m-unno,すみません、以後気をつけます。
1,r-isahai,"@channel 
明日 加藤常務の最終出社日です。（お昼過ぎに東京本社こられるとのこと）
花束をお渡しするとのことですが、参加される方いますか。
300円/人　とのことです。
17時時点の参加人数で確定しようと思います。よろしくお願いいたします。"
0,endo,遠藤も是非とも参加したいのですが、無理ですね。。。 :disappointed: 
0,r-isahai,"@endo 
お気持ちだけ、おつたえしておきます :woman-bowing: "
0,endo,"@r-isahai 
ありがとうございます！"
0,r-isahai,"@yano @n-ishii @m-unno @r-asanoma @r-kinoshita @r-yurino 
砂盃がまとめて会田さんにお渡ししますので、砂盃に300円頂ければと思います。"
0,r-isahai,"@channel 
挨拶に行きたいとの声がありましたので渡辺さんに確認したところ、
加藤常務、本日13時ごろにいらっしゃるとのことです。"
0,r-isahai,"@channel 
明日のAIMのアジェンダを共有いたします。
矢野さんパートは後半で実施します。
[/2000_開発者向け/2000_開発者向け/2YYY_組織/AIビジネス研究室/100_AIM/2026/06](https://wiki.jbdcl.com/6a38ffb39ff03c06b0aa94ad)"
0,r-kinoshita,"@r-isahai 
確認ありがとうございます！
13時少し前に東京本社に着くように移動します。"
0,r-isahai,"@channel 
加藤さん、もういらしたそうです！！
14:30まではいらっしゃるとのことですが念のため。"
0,r-kinoshita,"@r-isahai 
ありがとうございます。
14:30までいらっしゃるとの事であれば、14時頃に東京本社出向くことにしようかと思います。"
0,r-kinoshita,"@r-isahai 
東京本社着いたんですけど、皆さんどこにいますか。
AICに戻っちゃいましたか。"
0,r-isahai,@r-kinoshita 戻っちゃいました！ごめん！
0,r-kinoshita,@r-isahai 承知です！AICに行きます。
0,r-isahai,@r-kinoshita 加藤さん、挨拶いけました？
1,n-ishii,"@channel 共同実験に参加された方で、（特に）明日AICにいる方にお願い
明日、MemMenで「個人を特定した状態で」データの収集をお願いいたします。
10分を数回取っていただけると助かります。詳細は明日の朝まとめておきます。"
1,n-ishii,"@channel 
今回の実施手順は次の通りです
1. 初回または席を移動した場合、キャリブレーション用画像を撮影する（できれば計測前に実施）
  - 線を巻き取る真ん中が白いやつを、白い線がはっきりと見えるように、顔の前に持ち、白い線が「縦」と「横」になるよう二枚撮影する（「キャリブレーション」という黄色いボタンをクリック）
1. 社内検証と同様に、計測を実施する

※キャリブレーション用画像撮影時にダウンロードされたファイルは、
```
\\jbdtkfs2020\プロジェクト\JBD\AIビジネス研究室\10_社内\08_MemMen\11_社内PoC_キャリブレーション付き\キャリブレーション画像
```
に配置してください。ファイル名は変更しないでください。"
0,n-ishii,「線を巻き取る真ん中が白いやつ」は私が座っている席あたりに置いてあります。
0,m-unno,"@n-ishii 
現在計測実施中です。
キャリブレーションの際にダウンロードされたファイルをファイルサーバに配置しています。こんな感じでよいでしょうか？"
0,n-ishii,@m-unno はい、ありがとうございます。大丈夫です。
1,r-yurino,"@channel 

### 決起会について
７月にAIビジネス事業部・AIシステム開発事業部合同での決起会を開催いたします。

みなさまのご都合のよい日時を確認したく、
調整さんへの記入をお願いします。

https://chouseisan.com/s?h=91ad566d0fea4076bdaf12a6203c117b

確実に参加できる→〇
確実に参加できない→×
その他→△（例：19時には間に合わない、そこしかなければ調整します　など）
△の日程についてはコメント欄に記載いただけると調整時に参考にさせていただきます。

##### 期限は【7/2(木) 18:00】でお願いします。

合わせて、アレルギーや苦手な食べ物などある方がいましたら、こちらかDMにてお伝えいただきたいです。"
0,r-kinoshita,"@channel 
豆知識コーナーの章に、発表時に使う資料のリンクを貼りました。"
0,n-ishii,"@r-kinoshita 日々の水分利用量記録方法メモです。参考に。
- 紙に記録：準備及び記入が楽。忘れにくい。電子化が面倒（手動にしてもOCRにしても）
  - OCR前提であれば、OpenCV等で画像解析すればそこまで難しくはないようにすべきで、例えば正の字は意外と面倒なので、●を書いてもらうとかすると、セグメンテーションだけで判別できます。あるいは、升目を更に九分割して、その中を一回ごとに塗りつぶしてもらうとか（目がチカチカしそう）
- Webで記録（既存システム）：準備および電子化が楽。記入も比較的楽だが手間。忘れるかも。Webシステムはいくつか確認しましたが、有効そうなのは以下の二つ
  - フォーム系：Google form等でフォームを作成。集計がちょっと手間
  - スプレッド系：Google spread等で表計算ソフトに直接入力。集計が楽
  - チャット系：Mattermost等で報告。集計が面倒。
- Webで記録（新規システム）：準備が多少大変。電子化は楽。記入も比較的楽だが手間。忘れるかも。
- ファイルに直接記録：準備および電子化が楽。記入は手間。忘れるかも。「共有」しとかないと面倒。
- センサーで記録：給水機周辺にセンサーを配置し、自動で収集。準備が大変。電子化が楽、記入不要。人の識別と、給水量の特定方法の検討。給水量は、「水が減った量」でも量れる。"
0,r-kinoshita,"@n-ishii 
丁寧に纏めていただきありがとうございます！
こう見ると、席に戻ってから記入しないといけない電子手法よりも、汲んでその場で記入できるアナログの方が負担は無さそうに思えてきました。
集計の負担としてはセンサーで記録するのが1番楽ではありそうなので、ゆくゆくは給水器自体にレベルアップしてもらうのが良さそうですね！
水が減った量から考えるというアイディアは自分は持ってなかったので、いいアイディアに思えます！ちょっと検討してみます！"
0,r-isahai,1L＝1kgなので重さで計測も簡単そうですね。
1,r-asanoma,"@r-isahai  @n-mori  (cc: @channel )
プロジェクト企画申請の為、直近で受けるべき研修を共有します。
※ 森君は、7/1に改めて説明するので、一旦頭に入れておいてください。

~7/3までに募集開始・締め切る研修
研修：対象者
A01（7/1~7/31）：森君
A04（7/1~7/31）：砂盃さん

この後は、
リマインダー登録のシステム化（出来るところまで）と、
リマインダー登録（こちらは今年度分までは必ず登録する）を7/3（金）までに行います。"
0,r-asanoma,"社内教育： [https://wiki.jbdcl.com/63be6e602569e8f7a4379090](https://wiki.jbdcl.com/63be6e602569e8f7a4379090)

受講者状況： [https://wiki.jbdcl.com/63e0960d922bc9d167bd84bb](https://wiki.jbdcl.com/63e0960d922bc9d167bd84bb)"
1,r-kinoshita,"先日のAIMで頭出しした、社員ごとの水の消費量を記録するためのシートを作成しました。
以下のフォルダに印刷用のExcelファイルを配置してあります。
```
\\jbdtkfs2020\プロジェクト\JBD\AIビジネス研究室\99_個人\kinoshita\共有\AIS-PJ\水消費量記入シート.xlsx
```

【使用方法】
月ごとに日付を記入したシートを印刷して使用します。
予め「1回あたりの量(L)」欄に各々の容器で1回汲んだ時の量を記入してもらい、各日ごとに自身の容器に水を汲んだ回数を記入してもらう想定です。
将来的には電子的な取得方法に移行するかもしれませんが、それまではこの手法で記録する想定です。

【連絡】
データの都合上、7/1から記録を開始することにしました。
7/1は木下がAICにいるので、出社時に印刷してウォーターサーバのところに置いておきます。
それに合わせて、BPさん向けにも社員&パートナー様チャンネルで協力依頼いたします。"
0,r-asanoma,"メモ：
> リマインダー登録のシステム化

それっぽいコードは組めたが、
マタモスのPATが取得できず未検証。
PATが取れないのが自分だけっぽいので、誰かにお願いするかも

追記：
現時点の成果物を以下に配置
```
\\jbdtkfs2020\プロジェクト\JBD\AIビジネス研究室\99_個人\asanoma\04_その他\11_研修用リマインドメッセージ登録\研修リマインダー.7z
```"
0,yano,"@channel 
森くんとBPさんにウォーターサーバーの水飲んでいいとか、AICでの振る舞い？を伝えてあげてね。
やのはセキュリティ教育とパントリー、トイレの位置くらいしか伝えてないです。"
1,r-asanoma,"@channel 
緊急連絡網を更新しました。
各自ご確認いただき、問題なければ :ok2: のリアクションをお願いします。

@n-mori 
上記とは別で、
緊急連絡網の自身の欄に、緊急連絡先の記入をお願いいたします。
記入完了したら、 :sumi: のリアクションをお願いします。

```
\\jbdtkfs2020\プロジェクト\JBD\AIビジネス研究室\99_個人\yano\緊急連絡網\
・ 緊急連絡網（48期_AIビジネス事業部・AIシステム開発事業部）.xlsx
```"
0,yano,"@r-isahai 
 @m-unno 
加藤さんと岡村さんの連絡先の確認もお忘れなく。"
0,r-asanoma,"メモ：
海野さんに協力いただき、動作検証。
- 予約投稿：不可。マタモス無料版だとAPIが対応してない、
- 即時投稿：可。毎日バッチを自動キックする仕組みを作れば相当楽は出来そう。
 → PAT取得できるユーザが、自身のPCで設定すれば自動キックできるが、運用としては適切ではない。
- リマインドメッセージ一括作成：可。一旦こちらを利用して、リマインダーの設定は手動で、という流れとする。"
0,m-unno,"AICのポケットWi-Fiを持ち出します。
7/6（月）に返却予定です。"
1,r-yurino,"@channel 
### 決起会の日程について

皆様、期限内のご回答ありがとうございます。
開催日は、**7/30(木)**に決定したいと思います。
開催時間は19時～を予定しております。
コースにより2時間または3時間を見込んでおります。
お店が決まり次第、本チャンネルにてご連絡します。"
0,yano,"@endo 
遠藤さんは深川さん？のところに参加する、でOKですよね？"
0,endo,"@yano 
いえ、何も言われていませんので、今は何も決まっていない状況です。"
0,yano,"@endo 
一度、深川さんに確認してみてくださいー"
1,yano,"@channel 
ISMS審査に併せて事業所ごとの廃棄取り纏めの案内が来ました（AICは東京本社と合わせて実施）

何か廃棄するものあるかな？

＊＊＊＊＊＊＊＊＊＊＊＊＊
★2026年9月7日（月）（※午前中予定）★
例年同様、各事業所内で取りまとめて頂き、機密書類を含む不用品等の種類/数量を
下記日程までにご記入頂きますようお願いいたします。

※あくまで目安なので、当日廃棄内容等変更があっても問題ございません。
※AICは、東京本社と合せて回収してもらいますので渡辺までチャットしてもらえればと思います。（廃棄量によっては、別調整）

\\10.0.2.179\全社共有\48期\03000_東日本\03100 全体\テルヰ【廃棄物回収_目安】★締切：20260731.xls
記入期限：2026年7月31日（金）～18:00　まで

お忙しいところ恐れ入りますが、何卒よろしくお願いいたします。 
"
1,m-unno,"@channel 
7/1（水）にストレスチェックのメールが届いていると思います。
7/31（金）までにストレスチェックの実施をお願いします。
完了した方はこちらの投稿に:sumi:のリアクションをつけてください。"
0,m-unno,"@yano CC: @r-asanoma 
7/23（木）に矢野さん-海野、淺野間さん-海野（オブザーバー 矢野さん）の1on1を実施予定でしたが、出張と被ってしまったためリスケさせてください。
以下の中で1時間×2回分の予定を押さえたいのですが、ご都合いかがでしょうか？
（淺野間さんが参加可能なことは確認済です）
- 7/29（水）16:00-18:00
- 7/30（木）16:00-18:00"
0,yano,"@channel 
この件、AICに居る人で誰か責任を持って取り纏めてください。"
0,yano,"@m-unno 
7/30　17:00-18:00で"
0,m-unno,"@yano 
すみません、
- 矢野さん-海野 の 1on1
- 淺野間さん-海野（オブザーバー 矢野さん）の1on1
の2回分の1on1をリスケしたく、もう1時間分押さえさせていただきたいです。"
0,yano,"@m-unno 
淺野間くん45分、海野くん45分で
同じ日の17:00-18:30でOK？"
0,yano,今から外出するので続きは明日で。
0,r-asanoma,"@yano (cc: @channel )
承知いたしました。
淺野間が担当します。"
0,m-unno,"@yano CC: @r-asanoma 
承知しました。
それでは7/30（木）17:00-18:30でよろしくお願いします。"
0,yano,@m-unno groupsesionかえておいてね。でないと、他の打合せを平気で入れちゃう。。
1,r-asanoma,"@channel 
監査に向けて、インストールしているソフトウェアのバージョンアップ確認をお願いします。
実施内容は以下の通りですが、
チェッカーで確認可能なソフトウェア以外も独自で入れているものがあれば確認すべし、とのことです。
期日は、7/31（金） までにご対応ください。

チェックと最新化が完了した方は、こちらのスレッドに :sumi: のリアクションをお願いします。
https://chat.jbdcl.com/jbd/pl/qxgu9jo9bt8e7bwdwdec6er8ne"
1,r-isahai,"@channel 
自分のPCのソフトウェアバージョン確認時に、上記ツール外で確認が必要だったものをリスト化して手順も簡単に記載しました。（追記もＯＫです）
```
\\jbdtkfs2020\プロジェクト\JBD\AIビジネス研究室\90_管理\バージョンアップ確認リスト.xlsx
```

Zoom・TeamViewerあたりの最新化が漏れやすいので各自確認してください。"
0,yano,"@channel 
自身の参画PJでJBDからの貸与PCを使っているBPさんが居られたら併せて実施してもらってください。"
0,r-asanoma,"@yano (cc: @r-isahai  @n-ishii )

会議室のケーブルの件、計測結果を残しておきます。

---
- 既存のHDMIケーブル（両方）：約3m
- 会議室（執務室側）：
	- TV→テーブル（中央）（床までの高さ含む）：5m
	- テーブル（中央）→席（端）：2.5m
- 応接室（エントランス側）：
	- TV→テーブル（中央）（床までの高さ含む）：5m
	- テーブル（中央）→席（端）：1.5m"
0,r-kinoshita,"@r-yurino 
ここです"
0,r-isahai,"@yano 
加藤さん、確認済です。AIBは他にBPさん貸与PCありません。"
0,m-unno,"AICのポケットWi-Fiを持ち出します。
7/22（水）に返却予定です。"
0,m-unno,"@channel 
今週の海野の動きについて、当初は明日午前は東京にいる予定だったのですが、明日も大阪にて勤務となる可能性があります。
（現地作業ではなく、宿泊先で終日勤務予定）
現在お客様と検討中です、確定次第追って共有いたします。"
1,r-isahai,"@channel 
PCソフトウェアバージョン確認について、
チェック完了後にGroupSessionの回覧板より「確認ボタン」の押下もお願いいたします。"
0,r-kinoshita,"@r-isahai 
失念してました、ありがとうございます。
ボタン押しました！"
0,m-unno,本日・明日と大阪にて宿泊し、明日は終日大阪にて勤務することとなりました。
0,r-isahai,"@channel 
明日のAIMのアジェンダを共有いたします。
[/2000_開発者向け/2000_開発者向け/2YYY_組織/AIビジネス研究室/100_AIM/2026/07](https://wiki.jbdcl.com/6a5ebb6b9ff03c06b0d95a3f)"
0,r-isahai,"@yano 
ここです"
1,r-asanoma,"@channel 
48期親睦旅行の日程につきまして、調整さんを用意しました。
8/7（金）18:00までにご記入いただけますと幸いです。
記入済みの方は :sumi: のリアクションをお願いします。
```
https://chouseisan.com/s?h=bc33a18c798b424f8542f339930e5c4f
```"
0,r-asanoma,"@channel 
リマインドです！
来週末までにご入力をお願いいたします :man-bowing: 
また、記入済みの方は :sumi: のリアクションをお忘れなく！
お手数ですが、よろしくお願いいたします。"
1,yano,"@n-ishii @endo 
本日16:00～のISMS内部監査に同席してもらう際に、石井くん、遠藤さんのPCの状況も見られる可能性があるので、以下の対応をお願いします。

・デスクトップ、マイドキュメント、ダウンロードフォルダにファイルを残さない
・添付ファイル付きのメールを送受信している場合、セキュリティルールに則ったファイルになっているかを確認（怪しければ、添付を全て削除する）"
1,r-asanoma,"@channel 
皆様ご記入ありがとうございました！
日程候補は以下となりますので、以下に沿った旅行案を各自ご検討いただけますと幸いです。
- 11/7（土）
- 11/8（日）
- 11/29（日）

旅行案の集め方は別途ご連絡いたしますので、少々お待ちいただければと思います :man-bowing: 

よろしくお願い致します！"
0,endo,@yano 了解しましたが、添付ファイル削除はめちゃくちゃ大変です。。。
0,m-unno,"@channel 
AICのポケットWi-Fiを持ち出します。
8/12（水）に返却予定です。"
1,n-ishii,"@channel 8月のコンペデータを登録しました。
https://ai.gs-biz.com/ml_competition/competitions/6a75309d13b8f59c143502c1

◆概要
・課題：中高一貫校のeスポーツ部で、レースゲームの順位を予想したい
・詳細：過去５年間の成績を元に、各選手・コースのタイムを予測する"
1,r-asanoma,"@channel (cc: @m-unno )
お疲れ様です。
2026年親睦旅行につきまして、皆様に発案をご協力いただきたいです！
次回AIM（8/28（金））までに、
1人1案以上、 以下のテンプレートに従って、
こちらのスレッドに投稿をお願いします:man-bowing: 
お忙しいところ恐縮ですが、よろしくお願い致します！

追記（8/13）
各案に対してのリアクションも、円滑な方針決定のため、併せてお願いいたします :man-bowing: 
「賛成」であれば「 :+1: 」、「う～ん」であれば「 :pleading_face: 」の反応をお願いします！

---

旅行案：
・（必須）日程：① 11/7（土）、② 11/8（日）、③ 11/29（日）
　※ 「この日しか開催してない」等なければ、基本①~③全て対象にしてください。
・（必須）案の名称：{ ○○案、と呼びやすい名前を付けて貰えると幸いです }
・（必須）主目的/メインの体験：{ 案の中で、絶対に外せない要素・体験を記載してください }
・（任意）見込金額：{ 参考までに、予算は1人2万 + 交通費3000円 }
・（任意）旅行の流れ・タイムライン：{ 基本は幹事の方で考えますが、もし考えているものがあれば教えてください }
・（任意）その他：{ 注意事項や、懸念点、体験に必要なモノなど、考慮すべきものがあれば教えてください }"
0,r-asanoma,"旅行案：
・（必須）日程：① 11/7（土）
・（必須）案の名称：福生蔵開きと酒造見学
・（必須）主目的/メインの体験：
 ① 酒造見学×2（石川酒造、田村酒造場）
 ② 『福生蔵開き』参加（一斉乾杯、神事、お囃子、ライブ、限定酒販売、西多摩ビールフェスなど）
・（任意）その他：https://fussa-sci.com/kurabiraki.html"
0,n-ishii,"- 日程：①②③
- 名称：両国めぐり
- 目的：ちゃんこ鍋。刀剣博物館/江戸東京博物館/隅田北斎美術館のいずれか/複数。
- 金額：各施設入館料￥1,000もいかないので、ちゃんこ鍋で奮発
- その他：両国リバーセンターから川下りもありかも"
0,n-ishii,"- 日程:①②③
- 名称:筑波山
- 目的:筑波山に登る"
0,n-ishii,"- 日程：①②
- 名称：歌舞伎
- 目的：歌舞伎を見る。１１月は「仮名手本忠臣蔵」。
- 金額：￥10,000前後。
- その他：昼食または夕食は取るのも可。マジックバーとか行きたい。"
0,n-ishii,"- 日程：②③
- 名称：N響
- 目的：クラシックを聴く。11/8の場合はショスタコ、11/29の場合はベルリオーズ"
0,n-ishii,"- 日程:①②③
- 名称:鋸山周辺散策
- 目的:鋸山および周辺をめぐる。海鮮丼食べる。"
0,n-ishii,"- 日程：①②③
- 名称：浜松で鰻と音楽堪能
- 目的：浜松で鰻を食べ、博物館（浜松市楽器博物館/ヤマハイノベーションロード）をめぐる"
0,n-ishii,"- 日程:①②③
- 名称:川越で体験&うまいもん
- 目的:川越で何か体験したりサツマイモや鰻を食べたり"
0,n-ishii,"- 日程:①②③
- 名称:茨城でコキアとアンコウを楽しむ
- 目的:国営ひたち海浜公園→大洗水族館→あんこう鍋。
- その他:あんこうは冬季限定の場合もあるため,③が有力"
0,yano,"?日程：①②③
?名称：眠り猫と金谷ホテルのランチを楽しむ
?目的：日光東照宮散策と明治時代から続く歴史的なホテルでランチを満喫
?その他（懸念事項）：雨男なので雨降ります"
0,r-isahai,"@r-yurino (@yano  )
決起会の稟議申請について、
[GJ002]互助会実施報告書 が差戻後、再申請されていないようです。
経費支払い申請のみ上がっているとのこと。
確認と、申請をお願いします。"
0,r-isahai,"@r-yurino 
実施報告書は、企画書の関連文書から作成。
経費支払い申請は、実施報告書の関連文書から作成、です。
　
報告書をあげたときに、一回１人あたりの料金を書きましょうとなり、その際に間違えて経費支払い申請をあげている可能性がありそう。

わからないところあったら連絡ください。"
0,r-yurino,"@yano cc: @r-isahai 
実施報告書の申請が行えていませんでした。
度々申し訳ありませんが、実施報告書を提出しました。
お時間ある際にご確認お願いいたします。"
1,r-asanoma,"@channel  (cc: @m-unno  @r-kinoshita )
お疲れ様です。
淺野間主催で、以下の日程・テーマにて、AICメンバ向けの勉強会を企画しています！
ご参加いただける方は、こちらのスレッドに「 :hand: 」のリアクションをお願いします！

日程：8/7(木) 16:00-18:00
テーマ：早期に見つけるバグ原因 ～実際にあったバグから、予防策を考えよう～
場所：AIC 会議室
注意：
　・参加は任意です（木下君、海野さんを除く）。業務に影響のない範囲でご参加ください。
　~~・遅い時間の開催となりますが、残業代は出ません。~~
　・業務都合によって、日程に変更の可能性があります。
　　変更の際は別途ご連絡させていただきます。

以上、
よろしくお願いいたします :man-bowing: "
0,k-tomatsu,"@n-ishii おはようございます。
本日は1日を通して雷雨が予想され、雷注意報が発令されているためリモートさせていただきます。よろしくお願いします"
1,r-isahai,"@channel 
### 決起会について :beers:  :sparkles: 
７～８月にAIビジネス事業部・AIシステム開発事業部合同での決起会を開催いたします。
今年はAIBのプロジェクトに協力いただいているメンバーも含めて実施できたらと思います。

人数がおおくなるため、なるべく多くの方が参加できる日を割り出したく、
候補日程が多くて恐縮ですが、調整さんへの記入をお願いします。

https://chouseisan.com/s?h=cf950302b3e24b31972a838a4d106a44

確実に参加できる→〇
確実に参加できない→×
その他→△（例：19時には間に合わない、そこしかなければ調整します　など）
△の日程についてはコメント欄に記載いただけると調整時に参考にさせていただきます。

##### 期限は【7/8(火) 18:00】でお願いします。

合わせて、アレルギーや苦手な食べ物などある方がいましたら、
このスレッドまたは砂盃に個別DMにてお伝えいただきたいです。

ご協力、よろしくお願いいたします。"
0,k-tomatsu,"すみません。現在39.5℃の熱が出ているため明日はお休みいただきます。
回復しなかった場合はPoCの件は皆さんで進めていただいて構いません。
ご迷惑をおかけし申し訳ないです"
0,r-isahai,"@channel 
こちら明日中までに回答お願いします。 :woman-bowing: "
1,r-isahai,"@channel 
### 決起会の日程について :beers:  :sparkles: 

皆様、期限内の回答ありがとうございます。
開催日は直近ですが、**7/17(木)**に決定したいと思います。
開催時間は19時～を予定しております。
コースにより2時間または3時間を見込んでおります。
お店が決まりましたら本チャンネルにてご連絡します。"
0,k-tomatsu,"すみませんまだ熱下がらないので明日もお休みいただきます。
早く治します"
0,yano,@channel おはようございます。本日は午前中、健診で人間ドック受診しますので午後出社となります。
1,n-ishii,"@channel 各位
人が増えてゴミの量も増えたので、ゴミを小さくしてゴミ箱へ入れていただきますと助かります。
- 例
  - ペットボトルは、キャップを外し、ラベルをはがし、潰してください
  - 弁当ごみ、特にカップ型のものは、潰してください"
1,r-isahai,"@m-unno @r-yurino @s-sano @yu-takagi @d-kikuchi 
VPN設定、下記日程にて実施します。
・7/10(木) 14:00-15:00
時間内は着席していられるように調整お願いします。
また、順番は以下の通りに実施します。
①海野さん
②百合野さん
③佐野さん
④高木さん
⑤菊地さん

海野さん、百合野さんはGroupSessionで「出席」に登録しておいてください。"
0,k-tomatsu,"大分具合も良くなってきたので明日はリモートで復帰出来そうです。
ダメだったらまた連絡します。"
0,mattermost,"|登録者|勤務状況|登録日|
|-|-|-|
|@k-tomatsu|:zai:|2025/07/9 08:55|
"
1,r-isahai,"@channel 
## 決起会のお店について :beers:  :meat_on_bone: 

決起会について、以下のとおり予約いたしました :sparkles: 

日程：7/17(木)　19:00～21:30
開催地：ミートガーデン秋葉原店
　　　　東京都千代田区神田佐久間町３-29

コースは[こちら](https://www.hotpepper.jp/strJ001224790/course_cnod02/)です。
AICから徒歩数分の場所にあるお店です！

都合がつかなくなった場合や、当日参加が遅れる場合などは
こちらのチャンネルまたは砂盃・木下宛にご連絡お願いします :woman-bowing: "
0,yano,↑矢野が1週間に1回はお昼ご飯に行く店ですw
0,r-isahai,"@m-unno @r-yurino @s-sano @yu-takagi @d-kikuchi 
14時からのVPN設定前に以下対応お願いします。
・外部線への接続（JBD-GuestというWifiをとってください。パスワードは`WelcomeToJBD`です）
・TeamViewerの起動"
1,r-isahai,"@channel 
### ロッカー搬入について
追加のロッカーを1台（6人分）発注しましたので、下記日程で搬入予定です。
・日時：7/29(火) 9:00～13:00

現在配置中のものの移動や、転倒防止工事（当日の工事有無は確認中）により、業務時間内に騒音が発生する場合がございます。ご了承ください。

ご協力、よろしくお願いいたします。"
0,k-tomatsu,直前になって申し訳ないです！会議室を14時から30分程度お借りします???♀?
0,r-isahai,"@k-tomatsu 
社内会議室とっておきました"
0,k-tomatsu,終わりました！ありがとうございました。
0,r-asanoma,"@channel 
上記の件、淺野間の勘違いがありましたので訂正します。
・残業代出ない ×
・業務扱い（稼働時間扱い）としていい 〇
　（BPさんも同様です！）

また、「参加したいけども日程が…」
という方がおられましたら、日程調整できますので、是非お声がけください :man-bowing: 

皆様、ご協力のほど、よろしくお願いいたします！
"
1,r-asanoma,"@channel 
改めて日程を調整するため、
以下を用意しました。

ご興味のある方は、
**7/30（水） 18:00**
までにご回答をお願いいたします :man-bowing: 

https://chouseisan.com/s?h=8d392b92024a49a0a8e9432eb2fabfde

お忙しいところ大変恐縮ですが、
ご協力よろしくお願いいたします。"
0,r-asanoma,"@channel 
申し訳ありません、本日燃えるゴミを捨て忘れました…
木曜日に捨てることになりますので、
臭いとか気になったらごめんなさい???♂?"
1,r-isahai,"@channel 
こちら本日です :woman-bowing: 
転倒防止工事も実施いたしますので作業中はすこし煩くなる可能性があります。
ご協力、よろしくお願いいたします。"
1,r-isahai,"@channel 
本日導入したロッカーについてですが、
もともと配置されていたものと若干色が異なる件＋転倒防止工事が未実施のため、現在確認中となります。

交換の可能性もあるため、新しいロッカーのご利用は確認が終わるまでお控えください :woman-bowing: "
0,r-asanoma,"@channel 
リマインドですが、こちら本日までです！
ご興味がある方で、
まだ入力されていない方は、ご確認をお願いします :man-bowing: "
1,r-isahai,"@channel 
BPさんも含めて、以下警報でているため、必要に応じて在宅勤務への切り替えを行ってください。

### 【東京】津波警報に伴う、在宅勤務へ切替えについて

各位

お疲れ様です。 本日、津波警報が出ておりますが、その影響に伴い 現在も一部の交通機関に遅れおよび運転見合わせが出ております。 [関東の運行情報（JR、私鉄、地下鉄、新幹線） - Yahoo!路線情報](https://transit.yahoo.co.jp/diainfo/area/4)

特に帰宅時間帯に、駅等で混雑や混乱が生じる場合もありますので、 該当する交通期間を利用せざるを得ない場合は、在宅勤務に切り替え、 混雑する時間帯迄に移動するなど、ご注意願います。"
1,r-asanoma,"@channel 
皆様ご投票ありがとうございました :man-bowing: 
投票の結果、上記の勉強会は以下の日程で開催します！
**8/7(木) 16:00-18:00
**
当日は宜しくお願い致します！"
0,r-asanoma,"@m-unno @r-kinoshita @r-yurino @r-isahai @yu-takagi @s-sano (cc: @channel )
おはようございます！
リマインドですが、こちら本日開催です！
皆様ご参加のほど、よろしくお願いいたします :man-bowing: "
1,r-isahai,"@channel 
### ロッカーの錠前交換について
ロッカーの錠前の色が新しいものと古いもので異なっております。

急で恐縮なのですが、以下の日程で**現在使用中のほうのロッカーの錠前交換**を行います。
日時：8/8(金)16時頃
　
交換のために、各ロッカーを開けてもらいたいです。
明日出社されている方は工事の際に開けることにご協力お願いします。
出社されない方は、マスターキーで開けることをご了承ください。
　
あわせて転倒防止工事も実施いただきますので、作業時間内はすこし煩くなる可能性があります。
ご確認とご協力、よろしくお願いいたします"
1,r-isahai,"@channel 
### ロッカーのカギ番号設定について
錠前交換に協力いただき、ありがとうございました。
既存のロッカー分についても錠前を交換いたしましたので、暗証番号が初期化されております。
　
コイン等を使って**再度暗証番号を設定いただくよう、お願いいたします**

設定方法は
・本日砂盃がいる間は砂盃からうけとって確認ください
・以降、砂盃のロッカーの下のロッカーに入れておきます

7センチ角程度のシールのような形状のものです。"
0,k-tomatsu,すみません現在体調不良のため明日お休みいただきます....すみません。
0,k-tomatsu,治ったので本日勤務します
0,r-asanoma,"@m-unno @r-kinoshita @r-yurino (cc: 参加者の皆様)

お疲れ様です。
遅くなりましたが、当日のスライドと録画を共有します。
（Wikiでの共有ですが、本文は作成中です。。。）

スライドに記載の通り、アンケートにご協力ください。
期日は **8/22日（金）18:00** までとさせていただきます。
お忙しいところ大変恐縮ですが、
よろしくお願いいたします :man-bowing: 

スライド&録画：
https://wiki.jbdcl.com/68a288069ff03c06b0f51341"
0,r-isahai,"@r-asanoma 
BPさんWiki見れないのでアンケート項目ここに記載いただいて、DMで回答もらう形が良いかもしれないです！"
0,r-asanoma,"@r-isahai 
BPさんには当日に回答いただいているので、
上記の3名向けの共有になります！

@参加者の皆様
改めてスライド確認したい等の希望あれば、
別途共有いたしますので、お声がけください???♂?"
0,m-unno,"@r-asanoma 
アンケートの回答をWikiにコメントしました。"
0,r-kinoshita,"@r-asanoma 
アンケート回答しました。"
0,n-ishii,"@channel そういえば昔こんなものを共有したな、とふと思い出したので改めて共有。参考まで。

[あなたの先輩がやたらデバッグが早いからくり](https://zenn.dev/suzuki_hoge/articles/2020-11-logical-debugging-e46a81aa4eb61e0caa5e)"
0,r-kinoshita,"普段は感覚でバグ修正していて言語化してないので、改めて言語化してバグに向かっていくのも大事かなと思いました。
記事の中のロジックツリー図はわかりやすいですね。"
0,r-isahai,"@s-sano 
自社打合せ用に火曜14:00-14:30で応接予約しておりますが、本日、社内会議室の方でお願いできますか？
面談サポートのヒアリング、上記忘れていてブッキングさせてしまいました :woman-bowing: ので砂盃一人で実施します。"
0,s-sano,"@r-isahai 
こちら別日に調整しましたので、予定削除でお願いいたします。
面談サポートのヒアリングは参加します。"
0,r-isahai,"@s-sano 
すみません、ありがとうございます。
では社内会議室でヒアリングでお願いします。
別日日程決まりましたら会議室押さえますので教えていただきたく"
1,r-isahai,"@channel 
## AICロッカーについて
鍵の付け違いを修正いただきましたので、新設した６つのパーソナルロッカーを利用できるようになりました
　
追加で発覚した書類入れの鍵がうまく閉まらない件について、先方の方で調査し対応するとのことです。
左側の２つの書類入れ（ロッカー下部、書類や説明書などをいれているところ）の鍵が、かなり閉まりにくくなっています。
押しながら回すことで閉められる状況です。閉めなくてはいけない場面では、取り急ぎは、**押しながら閉める形で対応お願いします**。"
1,r-isahai,"@channel 
今日、大雨の危険があるようなので、必要に応じて在宅勤務への切り替えを行ってください。

### 【東京】線状降水帯発生に伴う、在宅勤務へ切替えについて
各位

お疲れ様です。
本日夕方以降、東京・埼玉・千葉・茨城県など関東地方で、
線状降水帯発生の予報が出ており、大雨災害の危険度が
急激に高まる可能性もあるとのことです。

特に残業等を予定している場合は、帰宅時に交通機関等に
影響がある可能性も高いため、在宅を活用する等、ご注意ください。"
0,mattermost,"|登録者|勤務状況|登録日|
|-|-|-|
|@y-ookuma|:zai:|2025/09/8 08:59|
"
0,yano,@channel dB側の用件が早く終わったのでAICに戻ります。お昼を食べてから戻るので14時前くらいに到着予定です。
1,r-isahai,"@channel 
ロッカーの追加設置の件で、たびたびお騒がせしております。
個人のロッカー鍵については修正など完了していますが、下部の書類入れ（引き出し形式の部分）の鍵がうまく閉まらないため
以下の日程でメーカーの品管部門の方が確認しに来てくれます。
**・9/12(金)　14:00-15:00**
また少しお騒がせするかもしれませんが、ご協力よろしくお願いします。"
1,r-isahai,"@channel 
ロッカーの鍵交換の件
交換対象の部品がわかったそうなので、改めて部品用意の上、交換作業していただきます。
何度もお騒がせしておりますが、よろしくお願いいたします。"
1,r-isahai,"@channel 
交換部品への付け替え工事、明日
・9/19（金）14:00～
実施となりました。
何度もお騒がせしております。今回が最後、となるはずです。
よろしくお願いします。"
0,yano,"@channel  主に石井くん、砂盃さん
海辺釣り公園、タチウオが釣れ始めましたね（^_^）"
0,r-isahai,マグロもつりたいです！
0,yano,マグロ釣るならたっぷり生命保険をかけて、大間の漁船に乗ってください??
0,yano,今年も行くならスケジュール調整するけど、どうする？
0,r-isahai,"@yano 
行きたいです！ :woman-bowing: "
0,yano,了解、また日を決めて参加者募ります。
0,yano,とりあえず、明日は大阪でサワラとタチウオ狙ってくるわ??
1,yano,"@channel 
ひと足早いですが、上期査定及び下期目標設定の面談について、矢野の予定を押さえてください。
矢野のNTTdB案件での出張及び役員会対応のため、10/1-10/17の期間で全員完了するようにしてください。
NTTdBの予定をすべてGroupSessionに入れられていないので、矢野の予定を確認したうえで確定してくださいね。
（海野くんに聞くと矢野のNTTdB側のスケジュールを見れるかも笑）

@n-ishii @r-isahai @r-yurino ：矢野との面談日を設定してください。

@m-unno ：10/9の1on1で実施でよければOkと返してください。

@r-kinoshita ：10/10の1on1で実施でよければOkと返してください。

@r-asanoma ：10/22の1on1はNGの可能性大なので、上の期間内に調整してください。"
0,r-kinoshita,"@yano 
10/10の実施でOKです。"
0,m-unno,"@yano 
10/9の実施でOKです。"
1,r-isahai,"@channel 
### プラスチックごみ用の大きなゴミ箱をAIC執務室内に新設しました！
ウォーターサーバーのごみなど、プラスチックごみがひっ迫している状況でしたので、ゴミ箱追加しました。
小さなごみは今まで通りの方に捨てて構いませんが、ウォーターサーバーのゴミは大きいゴミ箱の方にお願いします。
　
各週金曜掃除担当になった方は、大きなゴミ箱の方までいっぱいになったら捨てるように、お願いします。
ゴミ袋は給湯室から持ってきて補充おねがいします :woman-bowing: "
0,n-ishii,"@yano 10/2（木）16:00 - 17:00で押さえました
よろしくお願いします

※上記難しそうであれば、同日別時刻か10/3（金）で調整できればと"
0,r-asanoma,"@yano 
10/7（火） 14:00-15:00でGS登録しました。
よろしくお願いいたします。"
1,r-isahai,"@channel 
支給下記対応おねがいします

・スクリーンセーバーを「なし」以外に設定しておくこと
・VPNのパスワードが記載されているpdfに、パスワードをかけておくこと（IDとパスワードが併記されているので）
　※ほかにも併記しているものはパスワードをかける
・zoomのアップデートを実施しておく（6.1.11が最新？）
・ローカルに作業中以外のファイルを置かない。
　※ダウンロードフォルダ内も空にする
・フォルダはきれいに整理しておく
・メール送信時、添付ファイルにパスワードをかけて送っているか
・OS最新化されているか"
0,r-isahai,"Zoomアップデート方法
　
Zoomひらく
右下の「∧」みたいなところおす
Zoomアイコン右クリック
アップデートの確認"
0,m-unno,"@r-isahai 
すみません、本日からしばらく自社PCに触れる機会がなく、10/1の確認・対応となりそうなのですが問題ないでしょうか？"
0,r-isahai,"@m-unno 
↑ダイジョブです！
AICに今いるメンバー向けでした :woman-bowing: 伝え漏れておりすみません！"
0,yano,"@channel 
社員もBPさんも以下のPC棚卸の件、対応お願いします。
検量した人はこのスレッドに :sumi: マークで報告してください。

https://chat.jbdcl.com/all/pl/fs3gmw819py4zx7tjwnyx4tjpo"
0,yano,"@n-ishii 
石井くんは、拠点PCもお忘れなく。"
0,r-asanoma,"@channel 
ごめんなさい、寝坊してしまったので、
在宅でCTC朝会参加後、AICに出社します。
直前で大変申し訳ありません???♂?"
0,yano,"@channel AICの男子トイレの水道蛇口が開いたままで水が出っ放しでした。
気をつけてください。"
1,r-isahai,"@channel 
#### JBD基盤パスワード変更対応お願いします。
完了したら :sumi: おねがいします。
期限：11/1(土)
　
★BP様向け：手順は下記に配置しました。
```
\\jbdtkfs2020\プロジェクト\JBD\AIサービス開発\90_管理\その他\JBD基盤ツールの使い方\JBD基盤とドメインパスワード変更方法.pdf
```
https://chat.jbdcl.com/all/pl/zx17s5hbp3b6zbr54qdy55xner
"
0,r-isahai,"さすがに冷房いらないかなと思ったのできりました。
暑かったら付けてもらっても大丈夫ですが、朝鍵開けの際には付けなくてもいいかなと思います。
よろしくお願いいたします。"
1,r-isahai,"@channel 
AICの掃除機、新品がとどきました。 :broom: 
特に掃除担当するメンバーに向けてですが、回転ブラシに髪の毛が絡まったまま運転し続けると、故障します。
掃除機をかけたあとは回転ブラシも確認し、ゴミが付着している場合にはブラシを取り出してゴミを捨ててください。
ロック解除すると簡単にブラシ外せます。
　
また、髪の毛が絡まった場合は、ハサミで切って除去するように徹底おねがいします :woman-bowing: 
　
 :warning: 掃除機起動時に、吸い込み口の先端LEDが点滅した場合、回転ブラシエラーになっています、利用を中止してください "
0,r-isahai,AIB/AIS/BPさん全員完了 :sumi: 
0,yano,"@channel 
AIBの朝会では伝えましたが、10/27は朝一からNTTdB大手町事務所に直行して、午後からAICで勤務予定です。よろしくお願いします。"
0,yano,@yu-takagi リアクション早っ笑
0,yu-takagi,"@yano 
レスポンスの速さは社会人のうんたらかんたら的な？（笑
（たまたまですw）"
0,r-isahai,"@channel
電車遅延のため出社5分ほど遅れる可能性があります。
申し訳ございません。よろしくお願い致します。"
0,yano,"@channel 
明日10/29の定時中は打合せ＆空の上なので、JBD端末は事務所に置いていきます。
何かあればmattermostか携帯に連絡ください。"
0,yano,@channel 明日は午前中大手町直行、午後からAIC勤務となります。
0,yano,@channel 今から大手町を出て昼食べてからAICに向かいます。13:30-14:00の間につくとおもいます。
0,n-ishii,@channel 本日は16:30頃から外出し、直帰します。
0,r-asanoma,"@channel (cc: @r-isahai )
AICに出社される皆様へ
発注している飲料水についてですが、
涼しくなってきたので以下のように量を減らすよう依頼します。

現：月100L → 次回以降：月60L 

よろしくお願いいたします。"
0,n-ishii,今から移動します
1,r-isahai,"### AI懇親会の開催について
寒くなってきて2025年も残すところ2か月を切ったところということで
久しぶりにAICでの懇親会を開催したいと思います。 :beers: 

以下の日程で参加できる方、  :sanka: スタンプにて教えていただきたいです！
~~**・日程：11/13(木) 18:30～20:00程度**~~
お酒や軽食を用意して、歓談予定です。
　
直前のご連絡で恐縮ですが、ご予定あいましたら是非ご参加ください！！"
0,r-asanoma,"@r-isahai (cc: @m-unno )
ごめんなさい、連絡間に合いませんでした。
13日、矢野さんがご多忙の為、諸々の予定をリスケする方針で動いています。（現状14日）
確定後改めてご連絡いたしますが、もう少々お待ちいただけますか？"
0,r-isahai,"@r-asanoma 
ありゃ。すみません～～
14日は互助会のイベントあるので砂盃は不参加になります :woman-bowing: "
0,yano,"@m-unno @r-isahai 海野くんに伝えましたが、11/13はOGIS様訪問、その後OGISメンバーと営業と懇親会を予定しているので日を改めてください。
矢野不在の日でも良いですが、木下くんゆりのくんが参加できそうなところで。"
0,r-isahai,"@yano 
承知しました。
日程調整だしてみます。"
1,r-isahai,"@channel 
皆様、何度もすみません :woman-bowing: 
上記懇親会の件、13日難しいようでしたので、日程調整のURLから記入お願いしたいです :woman-bowing: 
↓↓
https://chouseisan.com/s?h=aea1ea573a544706bbcde5adf3c38009
　
AISメンバーがそろいそうな日があればその日にしちゃいたいです！
（もし14日だったら海野さんか淺野間さんに稟議申請など依頼させてください :smiling_face_with_tear: ）
　
ご回答よろしくおねがいします。
【11/5(水)　12:00】までにいただけると幸いです。"
1,yano,"@channel さきほど大阪経管から連絡があり、㈱日本ビジネス開発の矢野誠の名前でTiktok案件15万円、みたいなDMが届いた、との連絡があったそうです。
おそらくセミナーなどで渡した名刺情報が漏れて悪用されているのだと思います。

もし同様の連絡があった際には以下の対応お願いします。

??

日本ビジネス開発の矢野は確かに在籍してるけど、弊社ではTiktok案件の取り扱いがないのと、個人様宛にDMをお送りすることはないので弊社の名前を騙った迷惑メールの可能性が高いです、お手数ですが破棄ください、とお伝えいただければ。"
1,r-isahai,"@channel 
AIC懇親会の件、回答ありがとうございました！！

**・11/19(水) 18:30～20:00ごろ**
で開催したいと思います！
　
よろしくお願いいたします :cherry_blossom: "
0,yano,東京本社に寄ってからAICに向かいます。
0,r-isahai,"@channel 
AICの道路向かいにある日通に、明日爆破予告がきているとのことです。
大事をとってAICメンバーも全員明日は在宅勤務としてください。
よろしくお願いいたします。"
0,r-isahai,"@channel 
東京本社に寄ってから出社いたします。"
0,r-yurino,"@r-isahai 
すみません。本日の懇親会ですが、体調を鑑みて欠席いたします。
直前の連絡となってしまい大変申し訳ありませんが、よろしくお願いいたします。"
1,k-tomatsu,"@n-ishii @r-isahai 
[Critical RSC Bugs in React and Next.js Allow Unauthenticated Remote Code Execution](https://thehackernews.com/2025/12/critical-rsc-bugs-in-react-and-nextjs.html?m=1)
ReactとNextでCVSS10.0の脆弱性出てるみたいです。パッケージのアップデートで対処出来るみたいです。
reviews-AIは直近でアップデートしたのとcaitayoはサーバーコンポーネント使ってない(はず)なので大丈夫とは思いますが明日確認お願いします"
0,mattermost,"|登録者|勤務状況|開始時間|終了時間|
|-|-|-|
|@d-kikuchi|:otukare2:|2025/12/10 08:52|2025/12/10 18:03|
"
1,r-isahai,"【MemMen社内検証用アプリのレビュー依頼】
@m-unno @r-asanoma @r-kinoshita @r-yurino （主に海野さん・淺野間さん宛です）
顔映像からストレス状況を推測して、社員のメンタル不調検知を行うツール（MemMen）の社内検証を実施予定です。
今までの実験により「少なくとも10分間の顔映像が取得できればうまく推定ができそう」ということがわかっており、
社内検証では
・10分間顔映像を取得することが業務上、現実的に実現可能なのか
・実験より多くの人について推定した際に、想定している通りの結果を得られるか
を確認してサービス化につなげるかを判断しようと思っています。
　
社内検証用アプリには
・10分間の顔映像取得（取得開始ボタンあり）
・任意での名前入力
・その時の体調を選択するボタン（データとして、取得時のその人自身のメンタル状況を持っておきたい）
を実装しています。
　
実際に皆さんにも触ってみていただき、社内検証用アプリとして違和感や不足がないかなどご意見いただきたいです。
・社内検証用アプリ：[https://ai.gs-biz.com/memmen/](https://ai.gs-biz.com/memmen/)
今日明日くらいでいただけると幸いです。ご協力、よろしくお願いします。"
0,r-asanoma,"メモ:
- 説明文に「他の人が写らないように」とあるが、オフィスの環境を考えると、後ろに座る方の背中が写ったり、後ろを横切る姿は度々写る認識。どの程度まで許容範囲なのか？
- 再現性不明だが、こちらのアプリ起動しながら、開発中アプリをローカル環境で立ち上げていたら、戻ってきた際に計測が止まっていた。(計測時間及び録画画面は止まった時点で固まっていた) →計測開始・停止を繰り返しても復帰せず、アプリを起動し直した
- 「他のタブが存在しないブラウザで」とあるが、こちらを起動した後に、例えばローカル環境起動(npm start とか)で、勝手にブラウザに別タブで開いてしまうケースもアウトか？すぐにタブを別ブラウザ扱いにすればok？
- 録画画面、別ブラウザで作業中に見えないので、取得失敗してても気づけない。PIPモードがあると嬉しいかも。"
0,r-asanoma,"@channel 
おはようございます。
淺野間ですが、昨晩38.6度越えの発熱があり、
現時点で37.4度まで下がったものの、
様子見のため、本日はお休みをいただきたく思います。
ご迷惑をおかけしますが、よろしくお願いいたします???♂?"
0,yano,@r-asanoma CTCさんには連絡済みですか？
0,r-asanoma,"@yano 
はい。ご連絡済みです。
追記漏れていてすみません???♂?"
0,yano,"@r-asanoma 
ゆっくり静養してくださいね"
0,yano,"@r-asanoma 
備忘です。明日の朝、返信ください。
病院に行ってインフルエンザの検査は受けたのかな？
年末の忙しい時期なので周りにうつすリスクを考えて、休暇、出社／在宅勤務の判断をしてください。"
0,r-asanoma,"@yano (cc: @channel )
おはようございます。
熱も治り、36度台まで復調しました。
本日から業務復帰しますが、まだ時折咳が出ているので、
本日は在宅勤務とさせていただきます。
よろしくお願いいたします。"
0,yano,"@r-asanoma 
くれぐれも無理をしないように :+1: "
0,r-asanoma,"@channel 
おはようございます。
現時点でも咳が止まっていないので、
本日も在宅勤務とさせていただきたいです。

なお、自社PC回収のため7:45頃に一度出社し、
その後在宅勤務に移行します。

ご迷惑をおかけしますが、
よろしくお願いいたします???♂?
"
0,r-asanoma,回収して、鍵をかけ直しました。
0,r-isahai,"@channel 
今日可燃ごみ捨て忘れてるので、木曜は忘れないようにしましょう :woman-bowing: "
0,yano,"@r-asanoma 
通院しましたか？通院したうえで適切な治療を受けてくださいね。"
0,r-asanoma,"@yano 
ごめんなさい。
その点で言うと、軽症化が早かったため、
判断を見誤りました。
現状でもまだ完治したと言えないため、
~~明日通院します。~~
予約間に合ったのでこの後通院します。"
0,r-asanoma,"@channel 
夜分に失礼致します。
本日診断を受け、インフルではないことはわかりました。
コロナの検査結果は明日夕方以降に出るとのことなので、
明日も軽症であれば在宅勤務、悪化すれば休暇頂こうと思います。
ご迷惑をおかけしますが、よろしくお願いいたします。"
0,r-asanoma,"@channel 
ご連絡が遅くなりました。
薬が変わった影響か、36.7~37.4ぐらいの熱を行ったり来たりしているので、本日は休暇頂きたく思います。
体調管理がうまくいっておらず申し訳ありません。
ご迷惑をお掛けしますが、よろしくお願いいたします。

追記：
CTC様ご連絡済みです。
本日の休暇込みでCTCの総稼働時間の見込みは143.75時間の予定です。"
0,r-asanoma,"@channel 
お疲れ様です。
淺野間ですが、コロナの検査結果も陰性でした。
どうにもただの風邪が長引いているようです…
現時点で熱が引いてないのでなんとも言い難いですが、
明日以降、熱が引いたタイミングで
出社再開するかは相談させてください。"
0,yano,@r-asanoma 了解です。しっかりと治しきってから仕事再開してください。
0,r-isahai,いまから大掃除します :ultra_fast_parrot: 
1,r-isahai,"@channel 
### AIC新年会について
新年あけましておめでとうございます。本年もどうぞよろしくお願いいたします。 :bamboo:  

2026年の新年会としまして、以下の日程にて懇親会を実施いたします。
参加可否のご連絡をお願いいたします！！
・日程：2026/1/29(木) ＠ AIC
 
回答は【1/8(木)18:00まで】にお願いいたします :woman-bowing: "
1,r-asanoma,"@here  (cc: @m-unno  @r-kinoshita  @r-yurino )
お疲れ様です。
淺野間主催で、以下の日程・テーマにて、勉強会を企画しています！
AIメンバ、および、BPの皆様のご参加、大歓迎です！
ご参加いただける方は、こちらのスレッドに「 :hand: 」のリアクションをお願いします!
参加者の方には事前ヒアリングを行いたいので、
急ぎで申し訳ないですが、今週末目途でリアクション頂けますと幸いです :pray: 

日程：1/15(木) 17:00-18:00
テーマ：フロントエンド実装演習 ～Webサイトでよく見るあの素材の作り方（仮）～
場所：AIC 会議室
注意：
　・参加は任意です。業務に影響のない範囲でご参加ください。
　・業務都合によって、日程に変更の可能性があります。
　　変更の際は別途ご連絡させていただきます。

以上、
よろしくお願いいたします :man-bowing: "
0,r-isahai,"@n-ishii @r-yurino @y-ookuma @d-kikuchi 
こちら本日中に回答いただきたいです :woman-bowing: "
0,r-isahai,"@channel 
東京本社に寄ってから出社します。"
0,yano,日比谷線安全確認の影響でダイヤ乱れで全く乗れそうにないので出社遅れる可能性大です。
0,r-asanoma,"@channel 
リマインドです。
既にリアクションを頂いている方はありがとうございます！
まだリアクション頂けていない方で、ご興味のある方は出来れば本日中にリアクション頂けますと幸いです :man-bowing: 
よろしくお願いいたします！"
0,r-isahai,"@channel 
ペーパータオル発注しておりますが年末年始＋発注増加により発送が滞っているようです。
東京本社からいくつか貰ってきましたので、窓際の端に黒い袋に入れて置いています。
必要になったらそこからとってください。"
0,r-asanoma,"@channel (cc: @r-kinoshita  @r-yurino )
最終リマインドです！
ご参加お待ちしております :man-bowing: "
0,r-isahai,"@channel 
すみません、貧血で電車降りてしまい朝会に間に合わない可能性があります。申し訳ありません。
研修までに出社いたします"
0,r-isahai,"@channel 
おはようございます。
腹痛が少し残っているため、本日午前もお休みいただきたいです。
午後から出社いたします。よろしくお願い致します。"
0,r-asanoma,"@r-kinoshita  @m-unno 
本日利用する資料です。
高木さんには別途共有済みです。
添付しているzipファイルは、開始前にDL・展開しておいてもらえると幸いです :man-bowing: 

https://wiki.jbdcl.com/695c889d9ff03c06b0e158ef"
0,r-isahai,"@n-ishii @yano 
海野さんが出張のため不参加となり、JBD社員4名分で稟議申請いたしました。
ご確認のほど、よろしくお願いいたします。"
0,r-isahai,"@channel 
山手線運転見合わせのため迂回して出社いたします。
出社9時すぎる可能性があります。よろしくお願い致します。"
0,m-unno,"@channel 
京浜東北線運休のため迂回して出社しております。
出社時刻が9時を過ぎる可能性があります。
よろしくお願いいたします。"
0,k-tomatsu,@r-isahai すみません...入居日勘違いしてて29日だったので欠席させてください....申し訳無いです...
0,yano,@channel 日比谷線が止まっているので出社遅れます。
0,y-ookuma,"@channel 
私も日比谷線止まっているため、遅れる可能性があります。"
0,yano,@channel JR鶯谷まで移動して今電車に乗ったのでちょい遅れくらいになります。
0,k-tomatsu,@r-isahai すみません本日借りたPCの充電ケーブルなのですがサーバールームに返すのお願いします！席に置きました！
0,r-isahai,@n-ishii 拠点ＰＣのもの、であってますかね。袋にいれておきました。
1,r-isahai,"@channel 
セキュリティソフト入れ替えについての案内が出ています
・セキュリティソフトの入れ替え
・Mattermost上でのコマンド実行
両方完了した方は :sumi: ボタン押下してください。
　
BPさん向けにもReadme.pdfを、資材の中に配置しているとのことですのでそちら確認ください。
### 対応期限：3/27(金)
#### VPN不可とのことなので、出社時に対応してください
https://chat.jbdcl.com/all/pl/hsxcti51fbnoxgd3k9wor3fs5r"
0,r-isahai,"@channel 
~~森田さんに確認中ですがJBDWifiでなく有線LANにつながないといけない可能性がありそうです。（私はエラーがでました）~~
私がやり方間違えていただけでした。社内線ならWifiでも大丈夫かと思います"
0,yu-takagi,"@r-isahai 
マタモスコマンドを実施する「社員＆パートナー様」というチャンネルはどちらでしょうか？検索しても出てこず..."
0,r-isahai,"@yu-takagi 
Mattermostの一番左側のバーで「社員＆パートナー様」を選択した状態であれば、どこのチャンネルでも大丈夫です。

AIBのBPメンバーは全員、「社員＆パートナー様」以外のチャンネルに所属してないかと思いますので、気にする必要なく、ここのチャンネルや自分宛のDMなどで実施してください。"
0,r-isahai,"@yu-takagi 
高木さんのPCでうまくアンインストールができていないようで、開発庶務の冨澤さんが手動でアンインストールしてくださるとのことです。
２つ入っている状況でも問題はないので、次回出社タイミング
・2/18(水) 10:00～
で実施いただくように依頼しました。
　
以前VPNを入れたときのように、TeamViewer経由でリモートコントロールを10分ほどされる形になります。

そのため、以下３点お願いします。
・今日中に高木さんの方でTeamViewer入っていること、ログインできること確認しておいてください
・水曜朝イチに私も改めて、TeamViewer動いていること確認させてください
・上記時間は着席いただくようお願いします"
0,yu-takagi,"@r-isahai 
念のため、現在のTeamViewerアプリの起動・ログイン状況のスクショをExcelに添付して以下ファイルを配置しましたので、ご確認いただければ幸いです。
```
""\\jbdtkfs2020\プロジェクト\JBD\AIサービス開発\99_個人\takagi\TeamViewer.xlsx""
```"
1,r-isahai,"@channel 
### 2月の懇親会実施について
お疲れ様です。月例の懇親会を以下日時で実施いたします！

・2/26(木) 18:30～

【2/18 15:00】までに参加可否のスタンプを押下いただきたいです :woman-bowing: 
東京本社で勤務中の東ソ販メンバーも参加いただけるとのことなので、合同開催予定です。（メンバー調整中）

ぜひ参加お待ちしています！"
0,yano,"@r-yurino 
セキュリティソフトの入れ替えの件、いつ実施予定ですか？"
0,r-yurino,"@yano 
2月26日（木）の帰社日に合わせて実施予定です。"
1,r-isahai,"@channel 
## AIC社内会議室のスピーカー利用について
電源ボタン長押しによる起動直後、Bluetooth接続が有効になっておりますので、無効にしてから利用してください。
【利用方法】
１．電源ボタン長押しで起動（青のライトが点灯している状態）
２．Bluetoothマークのボタンを押下
　　・付属コードをPCのUSBに接続している状態の場合は緑のライトが点灯する
　　・USB接続前の状態の場合は白のライトが点灯する

Bluetoothが有効のままの場合、他のBluetooth製品とのペアリングが起こってしまうことがありますので、
上記手順の上、利用するようにお願いします。"
1,r-asanoma,"@here   (cc: @m-unno   @r-kinoshita   @r-yurino  )
お疲れ様です。
淺野間主催で、以下の日程・テーマにて、勉強会を企画しています！
AIメンバ、および、BPの皆様のご参加、大歓迎です！
ご参加いただける方は、こちらのスレッドに「 :hand: 」のリアクションをお願いします!
※ 今回は飛び入り参加もOKです。座学メインになります。

日程：3/13(木) 16:00-17:00
テーマ：「より良いものを作る」ための考え方?デザイン思考はこんな時に使えるかも！？?
場所：AIC 会議室
注意：
　・参加は任意です。業務に影響のない範囲でご参加ください。
　・業務都合によって、日程に変更の可能性があります。
　　変更の際は別途ご連絡させていただきます。

以上、
よろしくお願いいたします :man-bowing: "
0,k-tomatsu,"@r-isahai お疲れ様です。明日iPadを持ってきていただきたいです！
[一覧画面の検索バーの配色が非活性に見える(iphone,ipad)](https://git.jbdcl.com/aibeff/parrots/-/issues/432)に取り組むので明日確認のためにiPadが必要でお願いした次第です。お手数ですがよろしくお願いします???♂?"
0,r-isahai,わすれないようにします！
0,k-tomatsu,@yu-takagi すみませんPC更新でちょっと遅れそうです。すみません
0,r-asanoma,"勉強会の資料です！
https://wiki.jbdcl.com/699d221e9ff03c06b00fca04"
0,r-asanoma,"@r-isahai @r-kinoshita  @r-yurino (cc: @m-unno )
本日はご参加いただきありがとうございました！
本会の録画ファイルは上記の資料に添付しています。
（画面共有の録画に失敗しています。。。　
　資料と合わせてご確認ください :man-bowing: ）

アンケートは、3/20（金）までに、ご回答をお願いいたします。
お忙しいところ恐縮ですが、よろしくお願いいたします！"
0,r-isahai,"@channel 
風邪と腹痛が治らなく、本日お休みいただきたいです。
病院が空き次第通院予定です。
ご迷惑をおかけしますが、よろしくお願い致します。"
1,r-isahai,"@channel 
### スタウトビル6Fの内装工事について
先ほど不動産会社の方よりご説明があり、6Fの引っ越し作業のために内装工事が行われるそうです。

【工事期間】4/10(金)～4/30(木)

特に、
・4/10(金)の解体工事日には大きな音が発生
・4/11(土)～4/15(水)の塗装工事日にはペンキのにおいが発生
・工期中は業者がエレベーターを利用
の点についてご迷惑をおかけする可能性がありますとのことです。
詳細な工事日程は行動予定表横に掲示しております。
　
音の発生による打合せなどへの影響、におい関連で体調に支障をきたさないよう
必要に応じて在宅勤務を検討するなど各自対処をお願いします。"
0,yu-takagi,"@channel 
お疲れ様です。
私事ではございますが、本日をもちまして本プロジェクトを離任することとなりました。
在職期間中に温かく接していただいた方々のおかげで、本日まで業務を全うすることができました。心より感謝申し上げます。
ここで学んだ経験を、今後の業務にも活かしていきたいと考えております。
皆様の今後の益々のご健勝とご多幸をお祈り申し上げます。
手短ではありますが、以上を持ちまして離任のご挨拶とさせていただきます。
ありがとうございました。"
0,d-kikuchi,"@channel 
お疲れ様です。
本日をもちまして、本プロジェクトを離任することになります。
これまでご指導・ご支援をいただき、誠にありがとうございました。
皆様のおかげで、多くの貴重な経験を積むことができました。
今後の皆様のご活躍を心よりお祈りしております。
ありがとうございました。"
0,k-tomatsu,"@channel お疲れ様です。すみませんが本日お休みください。
頭痛とめまいが酷く、業務を行える状態では無く....大変申し訳ございません。
本日予定されていた会議に関してはリスケさせてください。よろしくお願いします。本当にすみません"
0,k-tomatsu,"@channel お疲れ様です。すみません、本日もお休みいただきます。
まだ業務復帰できるほど回復しておらず....申し訳ございません。"
0,k-tomatsu,@channel お疲れ様です。おそらく明日には業務復帰出来そうです。念のため明日の午前中はリモートでの業務とさせてください。悪化したりした場合はまた連絡いたします。
1,r-isahai,"@channel 
### 4月の懇親会実施について
お疲れ様です。月例の懇親会を以下日時で実施いたします！

・4/23(木) 18:30～

【4/16 15:00】までに参加可否のスタンプを押下いただきたいです :woman-bowing: 

ぜひ参加お待ちしています！"
1,r-isahai,"@channel 
#### 6F内装工事について
　
先ほど不動産会社の方より再度ご説明がありました。

- 荷物の搬出などはすべて完了している
- 塗装工事の工期が伸びており、本日（4/16(木)）まで実施
- ペンキのにおいがエレベーター内に滞留してしまい抜けるまでに数日かかる

とのことです。
エレベーターホールは少しにおいがきつい状態なので各自体調調整しながらの業務をお願いします。"
0,r-isahai,"@yano 
こちら稟議申請いたしました。ご承認お願いいたします。
森さん・宮林さんは今回もご予定があるとのことでした。"
0,yano,矢野の所属、次回からソリューション企画開発本部、でいいよ、AIBとAISは兼務の方なので。通常こういうのは本務のものを記載します
0,r-isahai,"@yano 
承知いたしました。ありがとうございます。"
1,yano,"@channel 
今週金曜4/24（金）19:00～4/26（日）夕刻まで池袋事業所が停電しますので、以下が利用できなくなります。
注意して進めてください。
・jbdtkfs2020
・VPN"
1,r-isahai,"@channel 
### 5月の懇親会実施について
お疲れ様です。月例の懇親会を以下日時で実施いたします！

・5/29(金) 18:30～

【5/20 15:00】までに参加可否のスタンプを押下いただきたいです :woman-bowing: 

ぜひ参加お待ちしています！"
0,r-isahai,"@yano 
こちら申請いたしました。承認のほど、よろしくお願いします。
今回は東京本社からのメンバー全員予定ありとのことでAICメンバーのみとなりました。
海野さんも馬場と日程被っていて未確定なのですが、いったん稟議申請には含めて申請いたしました。"
1,r-isahai,"@channel 
### AICのウォーターサーバーについて

発注水量の予測モデル作成のため
水の箱が空けられたタイミングを計測しておきたいので、
**箱を開けたら上面に開封日の記載**　をお願いします。"
1,r-isahai,"@channel 
追加でウォーターサーバーについて
今朝パック交換時に水漏れが発生した件、ユニマットに問い合わせし、
・おそらく補充の仕方が悪く奥まで刺さっていなかった
・**次回のパック交換時にも同様に水漏れした場合は交換対応**
となりましたので、今日以降にパック交換した人は水漏れがあったかどうか、ここに報告お願いします。"
1,r-asanoma,"@channel 
**6/12（金）スタウトビル6階ご入居に関わる回線工事について **
上記の日程で、NTTの作業員の方が、フロントにある回線に対し作業されるようです。
オフィス業務に通信影響などは無いと伺っていますが、出社される方はご承知おきください。"
0,r-isahai,"@yano @m-unno @r-kinoshita @r-asanoma 
急遽ですが、石金正彦取締役も参加できるとのことで、
本日懇親会にいらしてくださります。"
0,r-isahai,"@m-unno 
17時から応接を利用しますが、長引く可能性があります。
18時からのBP面談、社内会議室からでていただけますか？"
1,r-isahai,"@channel 
パントリーの燃えるゴミ、ゴミ袋が枯渇してしまったため**一時的に20Lのゴミ袋を設置しています**。
明日・明後日には新しいものが届くかとおもいますが、それまでの間ゴミ捨ての際には、留意してください。
よろしくお願いいたします。"
1,r-isahai,"@channel 
JBDの採用HPに砂盃のコメントを載せる関係で、AICにて写真撮影が行われます。
・日時：6/22(月)14:30～15:30

執務室と社内会議室で撮影するとのことなので、すこし煩くなるかもしれないです。ご了承ください。"
0,yano,@r-isahai どんなコメントを掲載するの？
0,r-isahai,"@yano 
先輩社員紹介として、
JBDでどんな仕事をしているか、やりがいは何か、将来どんなキャリアを描きたいかなど、後は仕事の日の1日や休日の過ごし方などが載ります。"
0,yano,@r-isahai 内容確認しなくて大丈夫かな？
0,r-isahai,"@yano 
記事作成後、人事より矢野さん宛にも確認のご連絡いただけるとのことです。
HPで１ページ分の紹介になります。
お手数ですがご確認をお願いいたします。"
0,yano,"@r-isahai 
いつくらいに連絡が来る予定？
（心づもり＆外出予定あるので）"
0,r-isahai,"@yano 
いつ連絡が来るか、いつまでに確認しないといけないか、決まっていないようです。（スケジュール担当は堀口さんとのこと）
久保田さんは６月には終わらせたいとのことですが、撮影した写真が写真屋からいつ上がってくるかもわからないみたいです。
明確な答えがなく、申し訳ないです。
　
以下のようなものが上がってくる予定です。
```
\\jbdmng\全社共有\48期\10100_人事本部\HP写真イメージ\【砂盃さん・馬見さん】イメージ画面.jpeg
```"
1,r-kinoshita,"@channel 
### AICのウォーターサーバーについて

AICにおける水の消費量予測のため、毎日の水の消費量の記録をお願いしたいです。
ウォーターサーバの上に記入紙とペンを用意しておきましたので、水を汲んだら記入をよろしくお願いいたします。

【記入方法】
最初に「1回の量(L)」行に、自分が1回あたりに汲む水の量を記載してください。
その後、毎日水を汲んだ回数を記録してください。
こちらで集計する時に、日ごとの量に換算します。

不明点がございましたら @r-kinoshita までご連絡ください。"
1,r-yurino,"@channel 
## 決起会のお店について

決起会について、以下のとおり予約しました  :party_parrot: 

日程：7/30(木)　19:00～21:00
開催地：炭火肉酒場 肉ごこち 秋葉原
　　　　東京都千代田区神田須田町1-7-15 本田ビル1～2F

コースは[こちら](https://r.gnavi.co.jp/plan/jer0eem60000/plan-reserve/plan/plan_list/:c6)
AICから徒歩10分?程度です。

都合がつかなくなった場合や、当日参加が遅れる場合などは、
こちらのチャンネルかDMでご連絡お願いします！"
1,r-isahai,"@channel 
### AIC社内会議室のモニター接続機器が新しくなりました

【利用方法】
1. 茶色のテーブル上にある四角い機器の上部「〇」ボタンを押して電源を入れる
1. 四角い機器の背面から出ているコードを、自分のPCのTypeCポートに接続する

スピーカーを利用する場合、従来通り電源を付けるだけで、USB接続不要で利用できます。

【注意】
機器の背面から出ているコード、調達ミスがあり今は短いものを設置しております。
長いコードが届き次第差し替えますので、それまではモニター接続者は機器の近くに座って操作してください。
　
利用方法に不明点があれば砂盃または淺野間さんに質問ください。"
0,r-isahai,"@r-asanoma 
月曜に新しいケーブルと、応接室分の機器も届くようなので設置お願いいたします :woman-bowing: "
0,r-kinoshita,木下と百合野は直接お店向かいます。
0,r-isahai,"@channel
AICから向かう組ですが、大雨と霰で外に出るのが難しそうなので10分ほど待ってから向かいます。"
0,yano,矢野、お店近くのファミマで雨宿り中、これは流石に歩けない
0,r-kinoshita,お店着きました！
0,r-isahai,"@channel 
体調不良で電車に乗れないため遅刻いたします。申し訳ありません。
9:30ごろまでには到着する見込みです。"
1,r-asanoma,"@channel 
こちら毎日の水の消費量の記録の件ですが、
集計の自動化に向けて、8月からはタリ―マークでの記録をお願いいたします :man-bowing: 
何か質問や、不満点等あれば、@r-asanoma までご連絡ください。
よろしくお願いいたします。"
0,r-isahai,"@channel 
先月は土日ぬいた表で、今月は土日含んだ表になっているので書く場所気を付けたほうがよさそうです。（今日分を全員8/1に書いてます）

@r-asanoma 
取り消し線で消しておいてもらうとよいかも。"
1,r-isahai,"@channel 
本日はISMS内部監査です。JBD端末について改めて以下の確認をお願いします。
特にAICにいるメンバーは対応をお願いします。
```
・スクリーンセーバーを「なし」以外に設定しておく
・VPNのパスワードが記載されているpdfに、パスワードをかけておく（IDとパスワードが併記されているため）
　※ほかにも併記しているものはパスワードをかける
・zoomのアップデートを実施しておく（最新は7.1.5）
・ローカルに作業中以外のファイルを置かない。
　※ダウンロードフォルダ内も空にする
・フォルダはきれいに整理しておく
・メール送信時、添付ファイルにパスワードをかけて送っているか
・OS最新化されているか
```"
0,n-ishii,@channel 月曜日の日付の横に`月`を書きました
1,yano,"@channel 
上記の件、次回1on1時に全員チェックするのでそれまでに各自実施してください。
矢野が1on1していないメンバー分は砂盃さん、海野くんで確認をお願いします。"
0,r-isahai,"@yano 
矢野さんからの確認、OKでした"
0,r-kinoshita,"@yano 
矢野さんに確認してもらいOKでした。"
0,yano,"@channel （主にAIC勤務の人）
AICのドリンクですが、今まで通りウォーターサーバーのみで行くか、ウォーターサーバーの水＋ペットボトル購入どっちがよいですか？
誰か取りまとめて欲しい。"
0,r-asanoma,"@yano @channel 
「ウォーターサーバ + ペットボトル」購入で、一回やってみたいと思います。
以下の運用で、明日経管の方に発注依頼します。
定期発注にするかは、届いたお茶の賞味期限確認して考えます。

---

運用：
① ペットボトル初回購入月：
　・ペットボトル：1ケース購入
　・ウォーターサーバ：普段通り購入
② ペットボトル賞味期限2か月以上前：
　・ペットボトル：来客用として保存、社員は消化しない
　・ウォーターサーバ：普段通り購入・消化
③ ペットボトル賞味期限1か月前：
　・ペットボトル1ケース購入し、旧在庫は社員用に
　・ウォーターサーバ：ペットボトルの在庫を考慮して、普段より発注を抑える
④ 上記②~③を繰り返し

コスト：
・ウォーターサーバの料金：20L 2400円
・ペットボトルの料金：ハルナプロデュース オモテナシ緑茶／280mL 24本（約7L） 1,762円
・ペットボトルの注文は5か月に1回程度を想定（現在と比べ 年2300円程度の追加コスト見込）"
0,r-isahai,"@channel 
外出戻り13時としておりましたが、東京本社で14時まで打ち合わせに出てから戻るので14:15ごろとなります。"
0,mattermost,"
## JBDナレッジの更新情報 :pencil: 

* 下記のページが１週間以内に更新されています。



　

|ページ|更新日|更新者|
|-|-|
|[Office2016導入PC](https://wiki.jbdcl.com/65546c2028cf0e07df594ccf)|2025/01/06 01:10|田渕 達也|
|[パスワード変更_未実施者](https://wiki.jbdcl.com/66e90c1b9ff03c06b0fc3a74)|2025/01/05 02:10|田渕 達也|
|[1231_受講者状況](https://wiki.jbdcl.com/63e0960d922bc9d167bd84bb)|2025/01/05 02:50|田渕 達也|
|[11.棚卸管理シール貼付け未実施一覧](https://wiki.jbdcl.com/66976f629ff03c06b09395f5)|2025/01/05 01:40|田渕 達也|
|[1260_開発サーバー](https://wiki.jbdcl.com/66c6abb29ff03c06b0d2df54)|2025/01/05 01:50|田渕 達也|
|[Windows10PC一覧](https://wiki.jbdcl.com/6556ba1528cf0e07df5aec55)|2025/01/06 01:20|田渕 達也|
|[0102_所得税](https://wiki.jbdcl.com/64b4d4c028cf0e07dffad2d1)|2025/01/05 06:35|星野 将浩|
|[21_確定申告](https://wiki.jbdcl.com/677a2df99ff03c06b091a5e5)|2025/01/05 07:27|星野 将浩|
|[2101_確定申告の進め方（白色）](https://wiki.jbdcl.com/677a59e39ff03c06b091d9b9)|2025/01/05 07:26|星野 将浩|
|[ランキングページ](https://wiki.jbdcl.com/63a10a4eb5e7e15fd789a29d)|2025/01/05 02:00|田渕 達也|
"
0,mattermost,"
## JBDナレッジの更新情報 :pencil: 

* 下記のページが１週間以内に更新されています。



　

|ページ|更新日|更新者|
|-|-|
|[Office2016導入PC](https://wiki.jbdcl.com/65546c2028cf0e07df594ccf)|2025/01/13 01:10|田渕 達也|
|[パスワード変更_未実施者](https://wiki.jbdcl.com/66e90c1b9ff03c06b0fc3a74)|2025/01/12 02:10|田渕 達也|
|[1231_受講者状況](https://wiki.jbdcl.com/63e0960d922bc9d167bd84bb)|2025/01/12 02:50|田渕 達也|
|[11.棚卸管理シール貼付け未実施一覧](https://wiki.jbdcl.com/66976f629ff03c06b09395f5)|2025/01/12 01:40|田渕 達也|
|[1260_開発サーバー](https://wiki.jbdcl.com/66c6abb29ff03c06b0d2df54)|2025/01/12 01:50|田渕 達也|
|[Windows10PC一覧](https://wiki.jbdcl.com/6556ba1528cf0e07df5aec55)|2025/01/13 01:20|田渕 達也|
|[2290_JBD標準DB設計ツール](https://wiki.jbdcl.com/6527a1a028cf0e07df3bdc86)|2025/01/10 06:24|冨澤 裕喜|
|[rsyncで帯域制限をかける](https://wiki.jbdcl.com/677f36de9ff03c06b0982f3e)|2025/01/10 10:42|髙野 泰河|
|[Powershellを使用したUDPポート確認](https://wiki.jbdcl.com/677cbf189ff03c06b094bc4f)|2025/01/07 03:26|大木 圭|
|[LDAP認証](https://wiki.jbdcl.com/678070b99ff03c06b09992bf)|2025/01/10 09:58|石井 教観|
|[00_マイルストーン](https://wiki.jbdcl.com/677f5e6d9ff03c06b098940a)|2025/01/09 02:29|矢野 誠|
|[要件](https://wiki.jbdcl.com/677f2a109ff03c06b097d9d5)|2025/01/10 08:59|石井 教観|
|[吉本](https://wiki.jbdcl.com/673a9bb19ff03c06b05d04af)|2025/01/10 05:49|吉本 怜央|
|[長命](https://wiki.jbdcl.com/673fd9539ff03c06b0637290)|2025/01/09 04:49|長命 海|
|[040_AIC管理](https://wiki.jbdcl.com/66fb5fba9ff03c06b014a82a)|2025/01/10 09:22|砂盃 梨乃|
|[PostgreSQL練習サーバー作り方](https://wiki.jbdcl.com/677f169e9ff03c06b097b2b0)|2025/01/09 09:21|清水 誠|
|[SQL:UNIONについて](https://wiki.jbdcl.com/677f169e9ff03c06b097b2b2)|2025/01/09 09:21|清水 誠|
|[SQL:サブクエリとWITH句について](https://wiki.jbdcl.com/677f169e9ff03c06b097b2b4)|2025/01/09 09:21|清水 誠|
|[01-3.持ち主不明マグカップ](https://wiki.jbdcl.com/677dd5d19ff03c06b0958bc7)|2025/01/08 11:27|辻本 智也|
|[ｅ与信システムローカル開発環境構築手順書](https://wiki.jbdcl.com/676e12bb9ff03c06b08fd996)|2025/01/09 05:58|藤本 正貫|
|[logicool レシーバー設定](https://wiki.jbdcl.com/677f36109ff03c06b0982625)|2025/01/09 12:05|北海 真帆|
|[ランキングページ](https://wiki.jbdcl.com/63a10a4eb5e7e15fd789a29d)|2025/01/12 02:00|田渕 達也|
"
1,kawashima,"@channel 

お疲れ様です。
４７期（２０２５年４月１日～２０２６年３月３１日）における、会議スケジュール・カレンダーを
JBDナレッジに掲載いたしました。
※会議に参加する方のスケジュールは、随時登録していきます。"
0,mattermost,"
## JBDナレッジの更新情報 :pencil: 

* 下記のページが１週間以内に更新されています。



　

|ページ|更新日|更新者|
|-|-|
|[1103_JBDNEWS](https://wiki.jbdcl.com/63b4e5347c45329c2d28f2bc)|2025/01/14 11:23|宮林 歩未|
|[1104_JBDカレンダー](https://wiki.jbdcl.com/63bf5f1e2569e8f7a437a8c0)|2025/01/17 02:53|川島 崇史|
|[1105_会議スケジュール](https://wiki.jbdcl.com/63bf71032569e8f7a437b654)|2025/01/17 03:29|川島 崇史|
|[Office2016導入PC](https://wiki.jbdcl.com/65546c2028cf0e07df594ccf)|2025/01/20 01:10|田渕 達也|
|[パスワード変更_未実施者](https://wiki.jbdcl.com/66e90c1b9ff03c06b0fc3a74)|2025/01/19 02:10|田渕 達也|
|[1230_社内教育](https://wiki.jbdcl.com/63be6e602569e8f7a4379090)|2025/01/17 05:50|冨澤 裕喜|
|[1231_受講者状況](https://wiki.jbdcl.com/63e0960d922bc9d167bd84bb)|2025/01/19 02:50|田渕 達也|
|[11.棚卸管理シール貼付け未実施一覧](https://wiki.jbdcl.com/66976f629ff03c06b09395f5)|2025/01/19 01:40|田渕 達也|
|[1260_開発サーバー](https://wiki.jbdcl.com/66c6abb29ff03c06b0d2df54)|2025/01/19 01:50|田渕 達也|
|[Windows10PC一覧](https://wiki.jbdcl.com/6556ba1528cf0e07df5aec55)|2025/01/20 01:20|田渕 達也|
|[04.実装（応用）](https://wiki.jbdcl.com/665d87449ff03c06b04305c8)|2025/01/15 05:41|藤田 昇太|
|[24D2_Ansible](https://wiki.jbdcl.com/667950a29ff03c06b06b6fdd)|2025/01/13 05:47|真狩 淳二|
|[Git_stash_復元方法（誤操作時）](https://wiki.jbdcl.com/64800ab1922bc9d167ecdcba)|2025/01/14 11:26|大治 健人|
|[2A10_AIを活用した業務効率](https://wiki.jbdcl.com/6616581e9ff03c06b0f3727a)|2025/01/14 04:39|矢野 誠|
|[150_マイルストーン](https://wiki.jbdcl.com/6784877a9ff03c06b09ad5d0)|2025/01/14 05:07|矢野 誠|
|[DB設計](https://wiki.jbdcl.com/671851e69ff03c06b039fc25)|2025/01/17 01:25|石井 教観|
|[LDAP認証](https://wiki.jbdcl.com/678070b99ff03c06b09992bf)|2025/01/16 10:21|石井 教観|
|[S61_契約サービス詳細更新画面](https://wiki.jbdcl.com/672062519ff03c06b044627f)|2025/01/17 01:43|石井 教観|
|[S71_サービス利用者詳細更新画面](https://wiki.jbdcl.com/672034a49ff03c06b043ca35)|2025/01/17 09:12|石井 教観|
|[ベンチマーク](https://wiki.jbdcl.com/678493a69ff03c06b09ae0eb)|2025/01/14 02:34|矢野 誠|
|[要件](https://wiki.jbdcl.com/677f2a109ff03c06b097d9d5)|2025/01/14 02:36|矢野 誠|
|[吉本](https://wiki.jbdcl.com/673a9bb19ff03c06b05d04af)|2025/01/16 05:08|吉本 怜央|
|[長命](https://wiki.jbdcl.com/673fd9539ff03c06b0637290)|2025/01/14 04:09|長命 海|
|[20250115](https://wiki.jbdcl.com/678741819ff03c06b09eb90e)|2025/01/15 03:36|石井 教観|
|[20250115](https://wiki.jbdcl.com/6785c8539ff03c06b09bb833)|2025/01/15 11:59|砂盃 梨乃|
|[202501](https://wiki.jbdcl.com/678709fc9ff03c06b09df05f)|2025/01/15 10:06|石井 教観|
|[2025年01月(荒井)](https://wiki.jbdcl.com/675a2c449ff03c06b07cc537)|2025/01/15 06:33|齊藤 大希|
|[2101_確定申告の進め方（白色） 1](https://wiki.jbdcl.com/677a59e39ff03c06b091d9b9)|2025/01/13 06:10|星野 将浩|
|[2101_確定申告の進め方（白色） 2](https://wiki.jbdcl.com/6784d72e9ff03c06b09b075d)|2025/01/19 11:05|星野 将浩|
|[2101_確定申告の進め方（白色） 3](https://wiki.jbdcl.com/678d06a09ff03c06b0a36cad)|2025/01/19 11:05|星野 将浩|
|[ランキングページ](https://wiki.jbdcl.com/63a10a4eb5e7e15fd789a29d)|2025/01/19 02:00|田渕 達也|
"
0,mattermost,"
## JBDナレッジの更新情報 :pencil: 

* 下記のページが１週間以内に更新されています。



　

|ページ|更新日|更新者|
|-|-|
|[Office2016導入PC](https://wiki.jbdcl.com/65546c2028cf0e07df594ccf)|2025/01/27 01:10|田渕 達也|
|[T031_開発用サーバー利用申請](https://wiki.jbdcl.com/64ad32bc28cf0e07dff7a33c)|2025/01/20 12:02|冨澤 裕喜|
|[1201_開発戦略本部からのお願い](https://wiki.jbdcl.com/655afc2c28cf0e07df5d900a)|2025/01/24 07:19|冨澤 裕喜|
|[パスワード変更_未実施者](https://wiki.jbdcl.com/66e90c1b9ff03c06b0fc3a74)|2025/01/26 02:10|田渕 達也|
|[1231_受講者状況](https://wiki.jbdcl.com/63e0960d922bc9d167bd84bb)|2025/01/26 02:50|田渕 達也|
|[11.棚卸管理シール貼付け未実施一覧](https://wiki.jbdcl.com/66976f629ff03c06b09395f5)|2025/01/26 01:40|田渕 達也|
|[1260_開発サーバー](https://wiki.jbdcl.com/66c6abb29ff03c06b0d2df54)|2025/01/26 01:50|田渕 達也|
|[Windows10PC一覧](https://wiki.jbdcl.com/6556ba1528cf0e07df5aec55)|2025/01/27 01:20|田渕 達也|
|[300_(参考・実施不要)Vue、Vuetify、NestJS、TypeORM](https://wiki.jbdcl.com/6667b21c9ff03c06b052eddc)|2025/01/23 05:51|大和田 啓吾|
|[認証関連](https://wiki.jbdcl.com/672d982d9ff03c06b050efe1)|2025/01/23 03:12|石井 教観|
|[DB設計](https://wiki.jbdcl.com/671851e69ff03c06b039fc25)|2025/01/20 03:55|石井 教観|
|[SQL設計](https://wiki.jbdcl.com/6719b34b9ff03c06b03c3ca3)|2025/01/23 03:03|石井 教観|
|[画面設計](https://wiki.jbdcl.com/67184db69ff03c06b039e961)|2025/01/20 10:29|石井 教観|
|[S00_ログイン画面](https://wiki.jbdcl.com/6719a63d9ff03c06b03c13c3)|2025/01/23 03:10|石井 教観|
|[S51_テナント側管理者詳細更新画面](https://wiki.jbdcl.com/671f46359ff03c06b04303f5)|2025/01/20 04:08|石井 教観|
|[S61_契約サービス詳細更新画面](https://wiki.jbdcl.com/672062519ff03c06b044627f)|2025/01/20 02:05|石井 教観|
|[S71_サービス利用者詳細更新画面](https://wiki.jbdcl.com/672034a49ff03c06b043ca35)|2025/01/20 04:31|石井 教観|
|[S80_LDAP認証情報一覧画面](https://wiki.jbdcl.com/678daacf9ff03c06b0a43143)|2025/01/20 10:45|石井 教観|
|[S81_LDAP認証情報詳細更新画面](https://wiki.jbdcl.com/678df5b19ff03c06b0a50d99)|2025/01/20 04:05|石井 教観|
|[DB設計](https://wiki.jbdcl.com/67907b639ff03c06b0a84f4d)|2025/01/24 10:12|長命 海|
|[画面設計](https://wiki.jbdcl.com/6792e71c9ff03c06b0ab7ea1)|2025/01/24 10:05|石井 教観|
|[S10_トップ画面](https://wiki.jbdcl.com/67934b8d9ff03c06b0acf671)|2025/01/24 05:42|石井 教観|
|[S21_タスク詳細画面](https://wiki.jbdcl.com/679354609ff03c06b0ad0d8f)|2025/01/24 05:50|石井 教観|
|[吉本](https://wiki.jbdcl.com/673a9bb19ff03c06b05d04af)|2025/01/24 11:09|吉本 怜央|
|[長命](https://wiki.jbdcl.com/673fd9539ff03c06b0637290)|2025/01/20 05:20|長命 海|
|[2101_確定申告の進め方（白色） 2](https://wiki.jbdcl.com/6784d72e9ff03c06b09b075d)|2025/01/26 03:31|星野 将浩|
|[2101_確定申告の進め方（白色） 3](https://wiki.jbdcl.com/678d06a09ff03c06b0a36cad)|2025/01/26 04:27|星野 将浩|
|[2101_確定申告の進め方（白色） 4](https://wiki.jbdcl.com/6795e41e9ff03c06b0ad70a4)|2025/01/26 05:10|星野 将浩|
|[01.入場手続き](https://wiki.jbdcl.com/6493c97d922bc9d167fbc9a1)|2025/01/24 02:51|大和田 啓吾|
|[ｅ与信システムローカル開発環境構築手順書](https://wiki.jbdcl.com/676e12bb9ff03c06b08fd996)|2025/01/22 05:48|藤本 正貫|
|[100_多様性を活かす企業風土づくり](https://wiki.jbdcl.com/65ceaca728cf0e07dfb1402a)|2025/01/20 01:17|冨澤 裕喜|
|[ランキングページ](https://wiki.jbdcl.com/63a10a4eb5e7e15fd789a29d)|2025/01/26 02:00|田渕 達也|
"
1,a-miyabayashi,"@channel 
お疲れ様です。
【労働者派遣事業許可証 （2025年2月1日～2030年1月31日）】を
JBDナレッジに掲載いたしました。
```
格納場所：1000_全社員共有ドキュメント→1101_社内規程 → IXその他
```
よろしくお願いいたします。"
0,mattermost,"
## JBDナレッジの更新情報 :pencil: 

* 下記のページが１週間以内に更新されています。



　

|ページ|更新日|更新者|
|-|-|
|[1101_社内規程](https://wiki.jbdcl.com/63b6319b7c45329c2d294280)|2025/01/31 12:12|宮林 歩未|
|[A015_事業部異動申請](https://wiki.jbdcl.com/6654200a9ff03c06b036c4ec)|2025/01/29 03:56|冨澤 裕喜|
|[Office2016導入PC](https://wiki.jbdcl.com/65546c2028cf0e07df594ccf)|2025/02/03 01:10|田渕 達也|
|[P041_メーリングリスト申請](https://wiki.jbdcl.com/64ab502e28cf0e07dff589b0)|2025/01/29 03:53|冨澤 裕喜|
|[パスワード変更_未実施者](https://wiki.jbdcl.com/66e90c1b9ff03c06b0fc3a74)|2025/02/02 02:10|田渕 達也|
|[1231_受講者状況](https://wiki.jbdcl.com/63e0960d922bc9d167bd84bb)|2025/02/02 02:50|田渕 達也|
|[11.棚卸管理シール貼付け未実施一覧](https://wiki.jbdcl.com/66976f629ff03c06b09395f5)|2025/02/01 01:40|田渕 達也|
|[1260_開発サーバー](https://wiki.jbdcl.com/66c6abb29ff03c06b0d2df54)|2025/02/02 01:50|田渕 達也|
|[Windows10PC一覧](https://wiki.jbdcl.com/6556ba1528cf0e07df5aec55)|2025/02/03 01:20|田渕 達也|
|[1104_JBDカレンダー](https://wiki.jbdcl.com/63bf5f1e2569e8f7a437a8c0)|2025/01/30 04:53|渡辺 唯子|
|[Application Gatewayマルチホスト設定方法](https://wiki.jbdcl.com/67906f0d9ff03c06b0a7f144)|2025/01/27 02:51|藤枝 竜平|
|[ディスクイメージのコピー](https://wiki.jbdcl.com/676d19809ff03c06b08f20d3)|2025/01/28 02:36|花田 亮太|
|[01_概念・用語](https://wiki.jbdcl.com/6699c35e9ff03c06b0979aba)|2025/01/28 04:36|野原 夏芽|
|[02_AWSリソース作成](https://wiki.jbdcl.com/679895699ff03c06b0b260af)|2025/01/31 06:02|野原 夏芽|
|[03_Azureリソース作成](https://wiki.jbdcl.com/67989fa09ff03c06b0b2998c)|2025/01/28 06:13|野原 夏芽|
|[要件](https://wiki.jbdcl.com/677f2a109ff03c06b097d9d5)|2025/01/27 03:03|石井 教観|
|[ユーティリティ](https://wiki.jbdcl.com/67986d9d9ff03c06b0b19da8)|2025/01/28 04:29|石井 教観|
|[認証](https://wiki.jbdcl.com/67986e9f9ff03c06b0b1a3a4)|2025/01/31 01:00|石井 教観|
|[DB設計](https://wiki.jbdcl.com/67907b639ff03c06b0a84f4d)|2025/01/31 01:25|石井 教観|
|[ユースケース](https://wiki.jbdcl.com/67972bc79ff03c06b0af8ca5)|2025/01/27 03:47|長命 海|
|[画面設計](https://wiki.jbdcl.com/6792e71c9ff03c06b0ab7ea1)|2025/01/28 01:53|石井 教観|
|[F01_ヘッダ](https://wiki.jbdcl.com/679c80fe9ff03c06b0b83ffd)|2025/01/31 04:51|石井 教観|
|[S00_ログインリダイレクト待機画面](https://wiki.jbdcl.com/679843589ff03c06b0b1159f)|2025/01/31 03:30|石井 教観|
|[S10_トップ画面](https://wiki.jbdcl.com/67934b8d9ff03c06b0acf671)|2025/01/31 04:51|石井 教観|
|[S20_タスク一覧画面](https://wiki.jbdcl.com/679732b59ff03c06b0afabab)|2025/01/28 09:50|石井 教観|
|[S21_タスク詳細画面](https://wiki.jbdcl.com/679354609ff03c06b0ad0d8f)|2025/01/28 10:52|石井 教観|
|[S30_グループ一覧画面](https://wiki.jbdcl.com/679830a09ff03c06b0b0c3d9)|2025/01/28 10:19|石井 教観|
|[S31_グループ詳細画面](https://wiki.jbdcl.com/6798418b9ff03c06b0b107cb)|2025/01/28 11:31|石井 教観|
|[吉本](https://wiki.jbdcl.com/673a9bb19ff03c06b05d04af)|2025/01/28 02:27|吉本 怜央|
|[長命](https://wiki.jbdcl.com/673fd9539ff03c06b0637290)|2025/01/31 10:29|長命 海|
|[20250129](https://wiki.jbdcl.com/6799b6029ff03c06b0b3c6c2)|2025/01/29 02:43|吉本 怜央|
|[_template](https://wiki.jbdcl.com/66c57e649ff03c06b0d18aaf)|2025/01/29 02:37|長命 海|
|[20250129](https://wiki.jbdcl.com/6798a1359ff03c06b0b2a270)|2025/01/29 11:44|吉本 怜央|
|[01](https://wiki.jbdcl.com/67987d469ff03c06b0b1e5f3)|2025/01/30 04:01|砂盃 梨乃|
|[202501](https://wiki.jbdcl.com/678709fc9ff03c06b09df05f)|2025/01/27 07:18|吉本 怜央|
|[2025年1月(武田)](https://wiki.jbdcl.com/6796dbb19ff03c06b0adeeb8)|2025/01/30 09:37|武田 宏喜|
|[2025年1月(相馬)_タスク管理ノウハウ](https://wiki.jbdcl.com/679b67689ff03c06b0b667e7)|2025/01/31 12:59|相馬 翔太|
|[46期_20250129](https://wiki.jbdcl.com/6799f5bd9ff03c06b0b4739a)|2025/01/29 08:15|花田 亮太|
|[20250131開催](https://wiki.jbdcl.com/679b02689ff03c06b0b58654)|2025/01/30 05:44|近澤 昌弘|
|[2Z0208_B2C案件内部勉強会資料](https://wiki.jbdcl.com/6736b5439ff03c06b05a68b4)|2025/01/31 04:28|荒井 健一郎|
|[2Z020801_202501勉強会資料](https://wiki.jbdcl.com/679c62ba9ff03c06b0b7b6e1)|2025/01/31 02:47|荒井 健一郎|
|[TeamFileテスト用Stub](https://wiki.jbdcl.com/67997f3c9ff03c06b0b31dc2)|2025/01/29 11:14|藤本 正貫|
|[環境別モジュールの差異](https://wiki.jbdcl.com/66eb7b849ff03c06b0ff4cd6)|2025/01/29 09:44|藤本 正貫|
|[ｅ与信システムローカル実行手順](https://wiki.jbdcl.com/679c67059ff03c06b0b7d397)|2025/01/31 03:25|森林 悠登|
|[ｅ与信システムローカル開発環境構築手順書](https://wiki.jbdcl.com/676e12bb9ff03c06b08fd996)|2025/01/31 03:31|森林 悠登|
|[01_イベント](https://wiki.jbdcl.com/66963c1f9ff03c06b091136d)|2025/01/29 06:54|安藤 翼|
|[01_画面](https://wiki.jbdcl.com/6799fb0d9ff03c06b0b480a7)|2025/01/29 06:55|安藤 翼|
|[01_機能](https://wiki.jbdcl.com/6799fcce9ff03c06b0b48540)|2025/01/29 07:02|安藤 翼|
|[01_初期表示(検索なし)](https://wiki.jbdcl.com/6799fd099ff03c06b0b487f4)|2025/01/29 07:13|安藤 翼|
|[02_初期表示(検索あり)](https://wiki.jbdcl.com/6799fd149ff03c06b0b4883d)|2025/01/29 07:16|安藤 翼|
|[03_検索ボタン押下(一覧)](https://wiki.jbdcl.com/679a02109ff03c06b0b4a30c)|2025/01/29 07:29|安藤 翼|
|[04_検索ボタン押下(詳細)](https://wiki.jbdcl.com/679a02289ff03c06b0b4a359)|2025/01/29 07:32|安藤 翼|
|[05_登録更新](https://wiki.jbdcl.com/679a03e49ff03c06b0b4b22e)|2025/01/29 07:39|安藤 翼|
|[06_親画面反映](https://wiki.jbdcl.com/679a03f09ff03c06b0b4b275)|2025/01/29 07:41|安藤 翼|
|[07_条件設定](https://wiki.jbdcl.com/679a03ff9ff03c06b0b4b2bc)|2025/01/29 07:48|安藤 翼|
|[08_batchやexeの実行](https://wiki.jbdcl.com/679a04149ff03c06b0b4b36e)|2025/01/29 07:49|安藤 翼|
|[09_画面遷移](https://wiki.jbdcl.com/679a042f9ff03c06b0b4b45c)|2025/01/29 07:51|安藤 翼|
|[10_帳票発行](https://wiki.jbdcl.com/679a04399ff03c06b0b4b4da)|2025/01/29 07:57|安藤 翼|
|[02_操作](https://wiki.jbdcl.com/6799fcf19ff03c06b0b486ac)|2025/01/29 07:03|安藤 翼|
|[02_ハンディ](https://wiki.jbdcl.com/6799fb139ff03c06b0b48124)|2025/01/29 06:55|安藤 翼|
|[2Z17_TIBCO](https://wiki.jbdcl.com/667d08159ff03c06b070cf2a)|2025/01/30 05:41|大関 和希|
|[01_案件概要](https://wiki.jbdcl.com/672c76f29ff03c06b0502128)|2025/01/30 06:00|大関 和希|
|[02_必要な技術と知識等](https://wiki.jbdcl.com/679b0b869ff03c06b0b5a248)|2025/01/30 06:00|大関 和希|
|[03_業務内容](https://wiki.jbdcl.com/679b31a29ff03c06b0b5fdb3)|2025/01/30 06:00|大関 和希|
|[04_業務の流れ](https://wiki.jbdcl.com/679b33ae9ff03c06b0b60a91)|2025/01/30 06:00|大関 和希|
|[05_開発における決めごと](https://wiki.jbdcl.com/679b32219ff03c06b0b5ff57)|2025/01/30 06:01|大関 和希|
|[06_Tips](https://wiki.jbdcl.com/679b34e59ff03c06b0b61aec)|2025/01/30 06:01|大関 和希|
|[07_用語集](https://wiki.jbdcl.com/679b353f9ff03c06b0b620ef)|2025/01/30 06:01|大関 和希|
|[ランキングページ](https://wiki.jbdcl.com/63a10a4eb5e7e15fd789a29d)|2025/02/02 02:00|田渕 達也|
"
1,a-miyabayashi,"@channel 
【従業員の皆様】

### 労使協定における従業員代表選出について
お疲れ様です。
経営管理本部　宮林です。

Group Sessionにて
「来期 労使協定における従業員代表選出」のアンケートを掲載させて頂いております。
（※労働者派遣法第30条の4第1項の規定に基づく労使協定の分です）
過半数の可決が必須となりますので、ご回答をお願いいたします。

#### ★ 回答期限：2025年2月14日（金）★

お忙しい中恐れ入りますが、ご協力の程よろしくお願い申し上げます。"
0,mattermost,"
## JBDナレッジの更新情報 :pencil: 

* 下記のページが１週間以内に更新されています。



　

|ページ|更新日|更新者|
|-|-|
|[Office2016導入PC](https://wiki.jbdcl.com/65546c2028cf0e07df594ccf)|2025/02/10 01:10|田渕 達也|
|[パスワード変更_未実施者](https://wiki.jbdcl.com/66e90c1b9ff03c06b0fc3a74)|2025/02/09 02:10|田渕 達也|
|[1230_社内教育](https://wiki.jbdcl.com/63be6e602569e8f7a4379090)|2025/02/07 02:42|冨澤 裕喜|
|[1231_受講者状況](https://wiki.jbdcl.com/63e0960d922bc9d167bd84bb)|2025/02/09 02:50|田渕 達也|
|[10.棚卸未実施一覧](https://wiki.jbdcl.com/655c272828cf0e07df5e3b75)|2025/02/10 01:30|田渕 達也|
|[11.棚卸管理シール貼付け未実施一覧](https://wiki.jbdcl.com/66976f629ff03c06b09395f5)|2025/02/09 01:40|田渕 達也|
|[1260_開発サーバー](https://wiki.jbdcl.com/66c6abb29ff03c06b0d2df54)|2025/02/09 01:50|田渕 達也|
|[Windows10PC一覧](https://wiki.jbdcl.com/6556ba1528cf0e07df5aec55)|2025/02/10 01:20|田渕 達也|
|[300_(参考・実施不要)Vue、Vuetify、NestJS、TypeORM](https://wiki.jbdcl.com/6667b21c9ff03c06b052eddc)|2025/02/07 06:29|大和田 啓吾|
|[00.開発環境構築](https://wiki.jbdcl.com/67a2b5ab9ff03c06b0bfc658)|2025/02/05 09:49|藤田 昇太|
|[00-01.開発環境構築手順](https://wiki.jbdcl.com/64b73e0528cf0e07dffc71cf)|2025/02/05 01:40|藤田 昇太|
|[02-01.各種ファイルに関する概要](https://wiki.jbdcl.com/665d0e539ff03c06b040d5d4)|2025/02/05 09:48|藤田 昇太|
|[04.実装（応用）](https://wiki.jbdcl.com/665d87449ff03c06b04305c8)|2025/02/03 01:53|藤田 昇太|
|[04-01.クラスの継承extendsについて](https://wiki.jbdcl.com/67a00fbe9ff03c06b0b9dc11)|2025/02/03 11:18|藤田 昇太|
|[04-02.htmlから外部componentを参照](https://wiki.jbdcl.com/67a027cd9ff03c06b0ba6ef6)|2025/02/03 01:48|藤田 昇太|
|[04-03.input、outputによる外部componentとの値の受け渡し](https://wiki.jbdcl.com/67a04cab9ff03c06b0bb10dc)|2025/02/03 05:32|藤田 昇太|
|[04-04.カスタムpipeによるフォーマット変換](https://wiki.jbdcl.com/67a04e319ff03c06b0bb151e)|2025/02/03 03:59|藤田 昇太|
|[04-05.subscriveによる同期処理](https://wiki.jbdcl.com/67a04e6d9ff03c06b0bb169d)|2025/02/03 03:59|藤田 昇太|
|[2401_インフラ構築業務フロー](https://wiki.jbdcl.com/67a2c2d69ff03c06b0c02b5b)|2025/02/06 07:36|大平 隆浩|
|[01_新規案件](https://wiki.jbdcl.com/67a2c6dd9ff03c06b0c053f3)|2025/02/05 11:36|大平 隆浩|
|[02_マイグレ案件](https://wiki.jbdcl.com/67a2c7899ff03c06b0c05922)|2025/02/05 11:45|大平 隆浩|
|[03_継続案件](https://wiki.jbdcl.com/67a2ca229ff03c06b0c0713a)|2025/02/05 11:46|大平 隆浩|
|[04_新規案件見積作業](https://wiki.jbdcl.com/67a2cbef9ff03c06b0c08991)|2025/02/05 11:50|大平 隆浩|
|[05_マイグレ案件見積作業](https://wiki.jbdcl.com/67a2cc7a9ff03c06b0c09392)|2025/02/05 11:53|大平 隆浩|
|[06_継続案件見積作業](https://wiki.jbdcl.com/67a2ccb89ff03c06b0c099f5)|2025/02/05 11:54|大平 隆浩|
|[24D2_Ansible](https://wiki.jbdcl.com/667950a29ff03c06b06b6fdd)|2025/02/09 11:06|真狩 淳二|
|[タスク](https://wiki.jbdcl.com/67a5baee9ff03c06b0c6212b)|2025/02/07 04:49|石井 教観|
|[ユーティリティ](https://wiki.jbdcl.com/67986d9d9ff03c06b0b19da8)|2025/02/07 03:58|石井 教観|
|[認証](https://wiki.jbdcl.com/67986e9f9ff03c06b0b1a3a4)|2025/02/07 04:07|石井 教観|
|[分析処理設計](https://wiki.jbdcl.com/67a061dd9ff03c06b0bb3ab2)|2025/02/05 05:49|石井 教観|
|[F01_ヘッダ](https://wiki.jbdcl.com/679c80fe9ff03c06b0b83ffd)|2025/02/06 02:05|石井 教観|
|[S00_ログインリダイレクト待機画面](https://wiki.jbdcl.com/679843589ff03c06b0b1159f)|2025/02/07 04:04|石井 教観|
|[S10_トップ画面](https://wiki.jbdcl.com/67934b8d9ff03c06b0acf671)|2025/02/07 04:48|石井 教観|
|[S20_タスク一覧画面](https://wiki.jbdcl.com/679732b59ff03c06b0afabab)|2025/02/07 04:48|石井 教観|
|[S21_タスク詳細画面](https://wiki.jbdcl.com/679354609ff03c06b0ad0d8f)|2025/02/06 04:19|石井 教観|
|[500_外販に向けての準備タスク](https://wiki.jbdcl.com/67a156ce9ff03c06b0bc054f)|2025/02/05 01:50|矢野 誠|
|[議事録](https://wiki.jbdcl.com/67a1c64c9ff03c06b0bea2db)|2025/02/05 04:42|吉田 惇志|
|[01.CS事業部ミーティング](https://wiki.jbdcl.com/663ad6339ff03c06b01d5890)|2025/02/05 03:50|深川 憲一|
|[2025年02月(古川)_Powershell基礎](https://wiki.jbdcl.com/67a0829f9ff03c06b0bb9276)|2025/02/06 11:41|古川 樹|
|[2025年02月(大江)](https://wiki.jbdcl.com/67a02ff29ff03c06b0ba94c7)|2025/02/05 05:23|柿本 貴之|
|[2Z020301_エントリー関連](https://wiki.jbdcl.com/65f3d38e28cf0e07dfd31792)|2025/02/07 04:50|藤﨑 理帆|
|[2Z02030104_セミナーエントリー](https://wiki.jbdcl.com/67231d8c9ff03c06b0485607)|2025/02/07 04:53|藤﨑 理帆|
|[ｅ与信システムローカル開発環境構築手順書](https://wiki.jbdcl.com/676e12bb9ff03c06b08fd996)|2025/02/07 06:03|森林 悠登|
|[01_初期表示(検索なし)](https://wiki.jbdcl.com/6799fd099ff03c06b0b487f4)|2025/02/07 07:03|安藤 翼|
|[01_フォーカスアウト(項目)](https://wiki.jbdcl.com/67a09ef09ff03c06b0bbccad)|2025/02/03 07:53|安藤 翼|
|[02_フォーカスアウト(グリッド)](https://wiki.jbdcl.com/67a09efa9ff03c06b0bbccf4)|2025/02/03 07:55|安藤 翼|
|[03_入力チェック(グリッド):フォーカスアウト時](https://wiki.jbdcl.com/67a09f049ff03c06b0bbcd3d)|2025/02/03 07:58|安藤 翼|
|[04_入力チェック(グリッド):更新ボタン押下時](https://wiki.jbdcl.com/67a09f6c9ff03c06b0bbcec2)|2025/02/03 08:02|安藤 翼|
|[100_多様性を活かす企業風土づくり](https://wiki.jbdcl.com/65ceaca728cf0e07dfb1402a)|2025/02/07 04:40|深川 憲一|
|[500.開発手順](https://wiki.jbdcl.com/66b015919ff03c06b0b9cd17)|2025/02/03 09:54|大和田 啓吾|
|[501.DB構築手順](https://wiki.jbdcl.com/67a013a79ff03c06b0ba0fac)|2025/02/03 10:01|大和田 啓吾|
|[ランキングページ](https://wiki.jbdcl.com/63a10a4eb5e7e15fd789a29d)|2025/02/09 02:00|田渕 達也|
"
1,k-horiguchi,"###【Reminder：ビジネスアイデア募集】　※締切まであと３週間です。※第１回締切日2025年2月28日（金）###
お疲れさまです、プロモーション事業部　堀口です。12月から募集している「ビジネスアイデア」ですが、締切まであと３週間となりました。「ちょっと忙しくて、まだ、よく考えられていないヮ」という方も、「頭の中にネタはあるけど、まだ、文字に出来ていないヮ」という方もそろそろ締切を意識していただけたらと思います。
①提出フォーム（Microsoft Forms）に記入　②PPTに記入してメール添付　③PPTに記入してサーバーのフォルダに提出
上記、いずれの方法でも受付可能です。よろしくお願いいたします。"
1,endo,"@channel 
## GoldStone の利用機能制限について
お疲れ様です。ソリューション企画開発 遠藤です。
現在、GoldStone の「損益確認」機能が利用できない状況になっております。
そのため、機能の利用を停止しております。
大変ご迷惑をおかけして申し訳ございません。宜しくお願いいたします。"
1,yui-watanabe,"### 情報セキュリティ教育（2025）の受講について

@channel 
お疲れ様です。渡辺です。

例年2-3月で実施しております、ISMS（Pマーク含む）教育について、
下記対象者宛てにeラーニングを配信させて頂きました。
（昨年6-7月実施のe-ラーニングは、2023年度分となります）

尚、seculioにて、下記スケジュールでeラーニングを
配信しますので、ご対応頂きますようよろしくお願い申し上げます。

```
【2025年2月12日～2025年2月28日】

　・役員／顧問
　・経管／人事／開発戦略
　・西日本
　・中日本

```
```
【2025年3月3日～2025年3月19日】

　・東日本

```

尚、seculioの受講案内がJBDメール宛に届いていると思いますが、
ログインパスワードをお忘れの場合は、ログイン画面から再発行が可能です。

▼ログイン画面
https://seculio.com/login

▼パスワード再設定マニュアル
https://lrm.box.com/s/jgpupub9zv5h6inhzczofl4tteisggou

以上ご対応の程よろしくお願い致します。"
1,yui-watanabe,"### 情報セキュリティ教育（eラーニング） for BP要員 受講 のお願い

@channel 
お疲れ様です。

先ほど、GS回覧板にて下記の方々へ
`本部長・事業部長・営業部員・営業庶務担当`
BP要員の皆様へ受講いただく内容について案内させて頂きました。

お忙しいかと存じますが、こちらもご対応の程よろしくお願い致します。"
0,m-chikazawa,"@yui-watanabe さん
回覧板に添付されている
テストExcelですが、
回答付になってますが、これでいいの？"
0,yui-watanabe,"@m-chikazawa  @aoyama 
申し訳ございません。
修正しましたので、ご確認の程よろしくお願い致します。"
0,aoyama,"@yui-watanabe 
回答欄も消えてますよ・・・"
0,yui-watanabe,"@aoyama 
修正しました。
よろしくお願いいたします。"
0,aoyama,"@yui-watanabe 
変わってないように思うのですが
修正されたのはこちらでよろしかったでしょうか・・・
情報セキュリティ教育（2025）_テスト.xlsx 
"
0,aoyama,"お電話で修正の旨ご連絡いただきました
現時点で修正されていることは確認できました。
ご対応ありがとうございました。
（周知目的コメ）"
0,endo,"## GoldStone の利用機能制限について
お疲れ様です。ソリューション企画開発 遠藤です。
停止しておりました「損益確認」機能のご利用を再開いたしました。
ご迷惑をおかけして申し訳ございませんでした。"
0,mattermost,"
## JBDナレッジの更新情報 :pencil: 

* 下記のページが１週間以内に更新されています。



　

|ページ|更新日|更新者|
|-|-|
|[Office2016導入PC](https://wiki.jbdcl.com/65546c2028cf0e07df594ccf)|2025/02/17 01:10|田渕 達也|
|[パスワード変更_未実施者](https://wiki.jbdcl.com/66e90c1b9ff03c06b0fc3a74)|2025/02/16 02:10|田渕 達也|
|[1231_受講者状況](https://wiki.jbdcl.com/63e0960d922bc9d167bd84bb)|2025/02/16 02:50|田渕 達也|
|[10.棚卸未実施一覧](https://wiki.jbdcl.com/655c272828cf0e07df5e3b75)|2025/02/17 01:30|田渕 達也|
|[11.棚卸管理シール貼付け未実施一覧](https://wiki.jbdcl.com/66976f629ff03c06b09395f5)|2025/02/16 01:40|田渕 達也|
|[1260_開発サーバー](https://wiki.jbdcl.com/66c6abb29ff03c06b0d2df54)|2025/02/16 01:50|田渕 達也|
|[1270_資産管理](https://wiki.jbdcl.com/67aea4709ff03c06b0cc7afe)|2025/02/16 04:19|田渕 達也|
|[01_資産登録](https://wiki.jbdcl.com/67aeb04a9ff03c06b0ccafab)|2025/02/16 04:17|田渕 達也|
|[Windows10PC一覧](https://wiki.jbdcl.com/6556ba1528cf0e07df5aec55)|2025/02/17 01:20|田渕 達也|
|[1_物理記憶域構造](https://wiki.jbdcl.com/657c103428cf0e07df739798)|2025/02/10 04:37|穐吉 麻美子|
|[認証関連](https://wiki.jbdcl.com/672d982d9ff03c06b050efe1)|2025/02/10 09:37|石井 教観|
|[S00_ログイン画面](https://wiki.jbdcl.com/6719a63d9ff03c06b03c13c3)|2025/02/10 09:40|石井 教観|
|[グループ](https://wiki.jbdcl.com/67a9c2899ff03c06b0c8a7ae)|2025/02/10 06:10|石井 教観|
|[タスク](https://wiki.jbdcl.com/67a5baee9ff03c06b0c6212b)|2025/02/10 06:05|石井 教観|
|[ユーザ](https://wiki.jbdcl.com/67a9c3649ff03c06b0c8acdf)|2025/02/10 06:14|石井 教観|
|[ユーティリティ](https://wiki.jbdcl.com/67986d9d9ff03c06b0b19da8)|2025/02/10 11:37|石井 教観|
|[文字起こし](https://wiki.jbdcl.com/67a9a3749ff03c06b0c7f0e9)|2025/02/10 05:17|石井 教観|
|[要約](https://wiki.jbdcl.com/67a9afe39ff03c06b0c841f2)|2025/02/10 05:18|石井 教観|
|[認証](https://wiki.jbdcl.com/67986e9f9ff03c06b0b1a3a4)|2025/02/12 05:43|石井 教観|
|[議事録](https://wiki.jbdcl.com/67a9b40d9ff03c06b0c853e0)|2025/02/10 05:19|石井 教観|
|[DB設計](https://wiki.jbdcl.com/67907b639ff03c06b0a84f4d)|2025/02/10 03:15|石井 教観|
|[S00_ログインリダイレクト待機画面](https://wiki.jbdcl.com/679843589ff03c06b0b1159f)|2025/02/12 03:26|石井 教観|
|[S10_トップ画面](https://wiki.jbdcl.com/67934b8d9ff03c06b0acf671)|2025/02/10 04:15|石井 教観|
|[S20_タスク一覧画面](https://wiki.jbdcl.com/679732b59ff03c06b0afabab)|2025/02/10 05:25|石井 教観|
|[S21_タスク詳細画面](https://wiki.jbdcl.com/679354609ff03c06b0ad0d8f)|2025/02/10 05:29|石井 教観|
|[S30_グループ一覧画面](https://wiki.jbdcl.com/679830a09ff03c06b0b0c3d9)|2025/02/10 05:51|石井 教観|
|[S31_グループ詳細画面](https://wiki.jbdcl.com/6798418b9ff03c06b0b107cb)|2025/02/10 05:28|石井 教観|
|[音声文字起こし外販向けタスク](https://wiki.jbdcl.com/67ad7df59ff03c06b0cb52dc)|2025/02/13 03:46|矢野 誠|
|[500_外販に向けての準備タスク](https://wiki.jbdcl.com/67a156ce9ff03c06b0bc054f)|2025/02/12 04:24|砂盃 梨乃|
|[20250212](https://wiki.jbdcl.com/67ac40719ff03c06b0ca45ca)|2025/02/12 04:25|砂盃 梨乃|
|[2025年02月(古川)_Powershell基礎](https://wiki.jbdcl.com/67a0829f9ff03c06b0bb9276)|2025/02/10 11:34|古川 樹|
|[02.事業部連絡会](https://wiki.jbdcl.com/6629eec69ff03c06b00e1937)|2025/02/10 07:14|横島 瞳|
|[分析処理設計](https://wiki.jbdcl.com/67a061dd9ff03c06b0bb3ab2)|2025/02/14 03:24|石井 教観|
|[04-99.個人利用](https://wiki.jbdcl.com/67a599639ff03c06b0c58462)|2025/02/14 12:06|横島 瞳|
|[ｅ与信システムローカル実行手順](https://wiki.jbdcl.com/679c67059ff03c06b0b7d397)|2025/02/14 02:07|森林 悠登|
|[ｅ与信システムローカル開発環境構築手順書](https://wiki.jbdcl.com/676e12bb9ff03c06b08fd996)|2025/02/14 02:08|森林 悠登|
|[ランキングページ](https://wiki.jbdcl.com/63a10a4eb5e7e15fd789a29d)|2025/02/16 02:00|田渕 達也|
"
0,mattermost,"
## JBDナレッジの更新情報 :pencil: 

* 下記のページが１週間以内に更新されています。



　

|ページ|更新日|更新者|
|-|-|
|[Office2016導入PC](https://wiki.jbdcl.com/65546c2028cf0e07df594ccf)|2025/02/24 01:10|田渕 達也|
|[パスワード変更_未実施者](https://wiki.jbdcl.com/66e90c1b9ff03c06b0fc3a74)|2025/02/23 02:10|田渕 達也|
|[1210_13_jitsiの使い方](https://wiki.jbdcl.com/67b3e7d89ff03c06b0d077d6)|2025/02/22 03:38|冨澤 裕喜|
|[1230_社内教育](https://wiki.jbdcl.com/63be6e602569e8f7a4379090)|2025/02/21 10:59|冨澤 裕喜|
|[1231_受講者状況](https://wiki.jbdcl.com/63e0960d922bc9d167bd84bb)|2025/02/23 02:50|田渕 達也|
|[10.棚卸未実施一覧](https://wiki.jbdcl.com/655c272828cf0e07df5e3b75)|2025/02/24 01:30|田渕 達也|
|[11.棚卸管理シール貼付け未実施一覧](https://wiki.jbdcl.com/66976f629ff03c06b09395f5)|2025/02/23 01:40|田渕 達也|
|[1260_開発サーバー](https://wiki.jbdcl.com/66c6abb29ff03c06b0d2df54)|2025/02/23 01:50|田渕 達也|
|[Windows10PC一覧](https://wiki.jbdcl.com/6556ba1528cf0e07df5aec55)|2025/02/24 01:20|田渕 達也|
|[300_(参考・実施不要)Vue、Vuetify、NestJS、TypeORM](https://wiki.jbdcl.com/6667b21c9ff03c06b052eddc)|2025/02/19 10:49|大和田 啓吾|
|[01-02.プロジェクトの構成](https://wiki.jbdcl.com/65026d7728cf0e07df26b159)|2025/02/17 04:55|藤田 昇太|
|[oVirtでの仮想環境](https://wiki.jbdcl.com/67b7c7be9ff03c06b0d58b3b)|2025/02/21 02:41|楠元 駿平|
|[tmuxで同時にコマンドを実行したりする](https://wiki.jbdcl.com/67b594789ff03c06b0d399e3)|2025/02/19 05:58|髙野 泰河|
|[Clonezillaのバックアップ](https://wiki.jbdcl.com/67b56f989ff03c06b0d2e6ab)|2025/02/19 05:07|髙野 泰河|
|[Clonezillaのリストア](https://wiki.jbdcl.com/67b56fbf9ff03c06b0d2e8ee)|2025/02/19 04:19|楠元 駿平|
|[ユーティリティ](https://wiki.jbdcl.com/67986d9d9ff03c06b0b19da8)|2025/02/18 11:02|石井 教観|
|[認証](https://wiki.jbdcl.com/67986e9f9ff03c06b0b1a3a4)|2025/02/18 11:12|石井 教観|
|[F01_ヘッダ](https://wiki.jbdcl.com/679c80fe9ff03c06b0b83ffd)|2025/02/18 11:24|石井 教観|
|[音声文字起こし外販向けタスク](https://wiki.jbdcl.com/67ad7df59ff03c06b0cb52dc)|2025/02/20 04:58|矢野 誠|
|[2B30_GitHUB](https://wiki.jbdcl.com/67b420a39ff03c06b0d1061f)|2025/02/18 02:54|田渕 達也|
|[Personal Access Token (PAT)作成手順（アクセストークン認証）](https://wiki.jbdcl.com/67b42a759ff03c06b0d12bbf)|2025/02/18 05:27|大治 健人|
|[負荷対策](https://wiki.jbdcl.com/649e6663922bc9d1670452cd)|2025/02/19 03:17|青山 謙二|
|[2Z02030101_個別エントリー(一括エントリー)](https://wiki.jbdcl.com/672316b49ff03c06b048247f)|2025/02/18 03:32|荒井 健一郎|
|[2Z02030401_検討リスト](https://wiki.jbdcl.com/66051b8f9ff03c06b0d81251)|2025/02/19 01:15|大橋 美樹|
|[2Z02030405_WEBセミナー予約リスト](https://wiki.jbdcl.com/67b520739ff03c06b0d1cf63)|2025/02/19 09:25|福島 大貴|
|[01_初期表示(検索なし)](https://wiki.jbdcl.com/6799fd099ff03c06b0b487f4)|2025/02/20 07:34|安藤 翼|
|[02_初期表示(検索あり)](https://wiki.jbdcl.com/6799fd149ff03c06b0b4883d)|2025/02/20 07:34|安藤 翼|
|[03_検索ボタン押下(一覧)](https://wiki.jbdcl.com/679a02109ff03c06b0b4a30c)|2025/02/20 07:34|安藤 翼|
|[04_検索ボタン押下(詳細)](https://wiki.jbdcl.com/679a02289ff03c06b0b4a359)|2025/02/20 07:35|安藤 翼|
|[05_登録更新](https://wiki.jbdcl.com/679a03e49ff03c06b0b4b22e)|2025/02/20 07:35|安藤 翼|
|[06_親画面反映](https://wiki.jbdcl.com/679a03f09ff03c06b0b4b275)|2025/02/20 07:35|安藤 翼|
|[07_条件設定](https://wiki.jbdcl.com/679a03ff9ff03c06b0b4b2bc)|2025/02/20 07:36|安藤 翼|
|[08_batchやexeの実行](https://wiki.jbdcl.com/679a04149ff03c06b0b4b36e)|2025/02/20 07:36|安藤 翼|
|[09_画面遷移](https://wiki.jbdcl.com/679a042f9ff03c06b0b4b45c)|2025/02/20 07:36|安藤 翼|
|[10_帳票発行](https://wiki.jbdcl.com/679a04399ff03c06b0b4b4da)|2025/02/20 07:37|安藤 翼|
|[01_フォーカスアウト(項目)](https://wiki.jbdcl.com/67a09ef09ff03c06b0bbccad)|2025/02/20 07:37|安藤 翼|
|[02_フォーカスアウト(グリッド)](https://wiki.jbdcl.com/67a09efa9ff03c06b0bbccf4)|2025/02/20 07:38|安藤 翼|
|[03_入力チェック(グリッド):フォーカスアウト時](https://wiki.jbdcl.com/67a09f049ff03c06b0bbcd3d)|2025/02/20 07:38|安藤 翼|
|[04_入力チェック(グリッド):更新ボタン押下時](https://wiki.jbdcl.com/67a09f6c9ff03c06b0bbcec2)|2025/02/20 07:40|安藤 翼|
|[020.画面遷移図](https://wiki.jbdcl.com/66c8289d9ff03c06b0d56b55)|2025/02/21 11:15|塩田 祥久|
|[11.ログイン画面](https://wiki.jbdcl.com/6690c2589ff03c06b08cc8cc)|2025/02/21 03:25|塩田 祥久|
|[12.パスワード忘れ画面](https://wiki.jbdcl.com/668f68a99ff03c06b089dbe6)|2025/02/21 03:27|塩田 祥久|
|[13.パスワード変更画面](https://wiki.jbdcl.com/669069b89ff03c06b08b0ace)|2025/02/21 03:35|塩田 祥久|
|[14.ライセンス期間切れ画面](https://wiki.jbdcl.com/669067859ff03c06b08b034e)|2025/02/21 04:34|塩田 祥久|
|[15.アカウント回復画面](https://wiki.jbdcl.com/675c10c69ff03c06b07ff7a7)|2025/02/21 05:00|塩田 祥久|
|[ランキングページ](https://wiki.jbdcl.com/63a10a4eb5e7e15fd789a29d)|2025/02/23 02:00|田渕 達也|
"
1,h-tuduki,"@channel 

### Wi-Fi番号確認のお願い
# 【090-6548-1144】
こちらのWi-Fiをお使いの方は経管　都筑までご連絡お願い致します。
3月7日までにご連絡がない場合は契約解除させていただきます。
お忙しいところ申し訳ありませんが、
下記に名前がなくWi-Fi利用されている方、今一度ご自身のWi-Fi番号の確認をお願い致します。





| Wi-Fi使用者リスト | 　 |
| --- | --- |
| AIﾋﾞｼﾞﾈｽ | 矢野　誠 |
| AS | 吉本　良一 |
| BS | 河脇　浩之 |
| CS | 野田　英志 |
| DS | 由井　昭二郎 |
| EBS | 服部　洵一 |
| FF | 高橋　宗督 |
| FN | 中島　健一 |
| FN | 星野 将浩 |
| FN | 今泉 貴雄 |
| FP | 穐吉　麻美子 |
| FP | 長谷川　康昭 |
| FP | 大和田　啓吾 |
| IS | 小山亮 |
| IS | 武田　宏喜 |
| IS | 荒谷　香奈子 |
| IT | 花田良太 |
| IT | 板坂敬生 |
| ITD | 小此木　麻実 |
| ITD | 柿本　貴之 |
| ITS | 斧田　充晃 |
| ITS | 今井　達也 |
| SE | 北　次郎 |
| SE | 沖原　光弘 |
| ST | 澤井　京 |
| ST | 鳥井貴広 |
| コンサル | 峯山　託 |
| コンサル | 高木　靖之 |
| コンサルE | 加藤　立朗 |
| 全社 | 石金　史彦 |
| 全社 | 経管 |
| 全社 | 人事 |
| 西営 | 和田　修 |
| 西開発1 | 馬場　健司 |
| 東ｿ販 | 湯浅　和彦 |
| 西S1 | 内村　融 |
| 西S1 | 竹森　敏治 |
| 中部 | 垣見　幸男 |
| 中部 | ?安藤 翼 |
| 中部 | 小川　和之 |
| 中部 | 馬場　孝之 |
| 中部 | 南部 誠治 |
| 中部 | 奥田　秀和 |
| 東日本第1開発本部 | 大森　泉 |
| 東日本第3開発本部 | 石川　洋史 |
| 役員 | 田渕　達也 |
| 役員 | 乾　秋彦 |
| 役員 | 加藤　慎吾 |
| 役員 | 谷口　正恭 |
"
0,ry-hanada,"@h-tuduki 
IT事業部で所持しているWifiルータは該当しませんでした。"
1,kitajima,"@channel 
お疲れ様です。
情報セキュリティ教育に関して、前半日程の対象者は明日が受講期限となっておりますので、ご多忙かとは思いますが、
調整の上、ご対応頂きますようお願い申し上げます。

https://chat.jbdcl.com/jbd/pl/6jkg8n7psjyutbsfd8ixai1psa"
0,mattermost,"
## JBDナレッジの更新情報 :pencil: 

* 下記のページが１週間以内に更新されています。



　

|ページ|更新日|更新者|
|-|-|
|[Office2016導入PC](https://wiki.jbdcl.com/65546c2028cf0e07df594ccf)|2025/03/03 01:10|田渕 達也|
|[1210_03_Mattermost通話機能の使い方](https://wiki.jbdcl.com/6527b54b28cf0e07df3c255f)|2025/02/25 05:46|冨澤 裕喜|
|[パスワード変更_未実施者](https://wiki.jbdcl.com/66e90c1b9ff03c06b0fc3a74)|2025/03/02 02:10|田渕 達也|
|[1210_13_jitsiの使い方](https://wiki.jbdcl.com/67b3e7d89ff03c06b0d077d6)|2025/02/25 05:30|冨澤 裕喜|
|[1231_受講者状況](https://wiki.jbdcl.com/63e0960d922bc9d167bd84bb)|2025/03/02 02:50|田渕 達也|
|[10.棚卸未実施一覧](https://wiki.jbdcl.com/655c272828cf0e07df5e3b75)|2025/03/03 01:30|田渕 達也|
|[11.棚卸管理シール貼付け未実施一覧](https://wiki.jbdcl.com/66976f629ff03c06b09395f5)|2025/03/02 01:40|田渕 達也|
|[1260_開発サーバー](https://wiki.jbdcl.com/66c6abb29ff03c06b0d2df54)|2025/03/02 01:50|田渕 達也|
|[02_利用申請](https://wiki.jbdcl.com/67b296009ff03c06b0ce688a)|2025/02/26 05:18|冨澤 裕喜|
|[Windows10PC一覧](https://wiki.jbdcl.com/6556ba1528cf0e07df5aec55)|2025/03/03 01:20|田渕 達也|
|[oVirtでの仮想環境](https://wiki.jbdcl.com/67b7c7be9ff03c06b0d58b3b)|2025/02/26 05:26|楠元 駿平|
|[ECSについて](https://wiki.jbdcl.com/67be68389ff03c06b0da4d5e)|2025/02/26 11:18|小坂 海碧|
|[グループ](https://wiki.jbdcl.com/67a9c2899ff03c06b0c8a7ae)|2025/02/28 03:45|石井 教観|
|[タスク](https://wiki.jbdcl.com/67a5baee9ff03c06b0c6212b)|2025/02/26 12:49|石井 教観|
|[ユーザ](https://wiki.jbdcl.com/67a9c3649ff03c06b0c8acdf)|2025/02/28 03:47|石井 教観|
|[要約](https://wiki.jbdcl.com/67a9afe39ff03c06b0c841f2)|2025/02/26 10:10|石井 教観|
|[分析処理設計](https://wiki.jbdcl.com/67a061dd9ff03c06b0bb3ab2)|2025/02/26 10:40|石井 教観|
|[S00_ログインリダイレクト待機画面](https://wiki.jbdcl.com/679843589ff03c06b0b1159f)|2025/02/28 11:47|石井 教観|
|[S30_グループ一覧画面](https://wiki.jbdcl.com/679830a09ff03c06b0b0c3d9)|2025/02/28 10:48|石井 教観|
|[S31_グループ詳細画面](https://wiki.jbdcl.com/6798418b9ff03c06b0b107cb)|2025/02/28 03:05|石井 教観|
|[20250226](https://wiki.jbdcl.com/67bea2e69ff03c06b0daffea)|2025/02/26 02:45|石井 教観|
|[20250226](https://wiki.jbdcl.com/67bd8a299ff03c06b0d9e841)|2025/02/26 09:16|石井 教観|
|[2025年2月(田中)](https://wiki.jbdcl.com/67bd22209ff03c06b0d85e17)|2025/02/28 12:39|田中 覚|
|[46期_20250225](https://wiki.jbdcl.com/67bd93989ff03c06b0d9f310)|2025/02/26 06:27|花田 亮太|
|[04-99.個人利用](https://wiki.jbdcl.com/67a599639ff03c06b0c58462)|2025/02/25 05:57|横島 瞳|
|[会議体](https://wiki.jbdcl.com/660a35fd9ff03c06b0df4dd4)|2025/02/25 08:28|宮田 孝弘|
|[801_LEONET案件のバッチについて](https://wiki.jbdcl.com/6763bb939ff03c06b084fe6e)|2025/02/28 02:33|松尾 一真|
|[2Z02030101_個別エントリー(一括エントリー)](https://wiki.jbdcl.com/672316b49ff03c06b048247f)|2025/03/01 01:00|上村 優太|
|[2Z02030402_予約リスト](https://wiki.jbdcl.com/66051b9c9ff03c06b0d812f1)|2025/03/01 01:08|上村 優太|
|[24D2_Ansible](https://wiki.jbdcl.com/667950a29ff03c06b06b6fdd)|2025/02/24 08:12|真狩 淳二|
|[20.TOP管理](https://wiki.jbdcl.com/668f642f9ff03c06b089a7b3)|2025/03/02 11:19|大和田 啓吾|
|[40.ユーザ登録管理](https://wiki.jbdcl.com/66906e489ff03c06b08b1b0a)|2025/03/03 12:30|大和田 啓吾|
|[60.お気に入り管理](https://wiki.jbdcl.com/669084379ff03c06b08b8550)|2025/03/03 01:04|大和田 啓吾|
|[61.お気に入り一覧](https://wiki.jbdcl.com/669084379ff03c06b08b8577)|2025/02/27 05:39|恩田 優|
|[30.Application](https://wiki.jbdcl.com/66a079d89ff03c06b0a13f7c)|2025/02/28 04:19|大和田 啓吾|
|[ランキングページ](https://wiki.jbdcl.com/63a10a4eb5e7e15fd789a29d)|2025/03/02 02:00|田渕 達也|
"
1,morita,"@channel 

## ** Xpointメンテナス（バックアップ）**
---
標記の件につきまして、以下日程で作業を実施します。
作業に伴いサービスを停止しますので、下記時間帯はサービスが利用できません。

■作業日程
**２０２５年３月１０日（月） １９：００ ～ ２１：００**


以上 お手数をおかけしますが、よろしくお願いいたします。"
1,yui-watanabe,"### 初級管理職研修（2025）

お疲れ様です。
人事本部の渡辺です。

中期経営計画に基づき、45期～47期に管理職及びアシスタントマネージャーに昇格した社員を対象に
eラーニングによる【初級管理職研修】を本日より実施させて頂きます。

対象者には本日、JBDメール宛に『【セキュリオ】 eラーニング受講のお願い 』が届いておりますので
ご確認の上、受講頂きますようお願い致します。

```
初級管理職研修（【セキュリオ】eラーニング）                                    

・実施目的
　１．管理職の役割と責任についての理解
　２．管理職として実務上最低限必要な知識（係数管理～労務/契約法務管理等）の学習
　３．上記についての確認テスト

・実施日時（実施者：人事本部）
　3月7日（金）～4月4日（金）            

・対象者
　45期～47期に管理職及びアシスタントマネージャーに昇格した社員

```
ご不明な点がございましたら、渡辺までお申し付けください。

以上ご対応の程よろしくお願い致します。"
0,mattermost,"
## JBDナレッジの更新情報 :pencil: 

* 下記のページが１週間以内に更新されています。



　

|ページ|更新日|更新者|
|-|-|
|[Office2016導入PC](https://wiki.jbdcl.com/65546c2028cf0e07df594ccf)|2025/03/10 01:10|田渕 達也|
|[パスワード変更_未実施者](https://wiki.jbdcl.com/66e90c1b9ff03c06b0fc3a74)|2025/03/09 02:10|田渕 達也|
|[1231_受講者状況](https://wiki.jbdcl.com/63e0960d922bc9d167bd84bb)|2025/03/09 02:50|田渕 達也|
|[10.棚卸未実施一覧](https://wiki.jbdcl.com/655c272828cf0e07df5e3b75)|2025/03/10 01:30|田渕 達也|
|[11.棚卸管理シール貼付け未実施一覧](https://wiki.jbdcl.com/66976f629ff03c06b09395f5)|2025/03/09 01:40|田渕 達也|
|[1260_開発サーバー](https://wiki.jbdcl.com/66c6abb29ff03c06b0d2df54)|2025/03/09 01:50|田渕 達也|
|[01_資産登録](https://wiki.jbdcl.com/67aeb04a9ff03c06b0ccafab)|2025/03/07 03:54|冨澤 裕喜|
|[Windows10PC一覧](https://wiki.jbdcl.com/6556ba1528cf0e07df5aec55)|2025/03/10 01:20|田渕 達也|
|[300_(参考・実施不要)Vue、Vuetify、NestJS、TypeORM](https://wiki.jbdcl.com/6667b21c9ff03c06b052eddc)|2025/03/07 10:33|大和田 啓吾|
|[eラーニング](https://wiki.jbdcl.com/67caccf69ff03c06b0e53f57)|2025/03/07 07:42|安藤 翼|
|[01_スクリプト開発基礎研修](https://wiki.jbdcl.com/67cad2679ff03c06b0e55078)|2025/03/07 08:03|安藤 翼|
|[01_スクリプト開発モデルの基本](https://wiki.jbdcl.com/67cacd149ff03c06b0e54041)|2025/03/07 08:01|安藤 翼|
|[02_eBuilderプロジェクト作成～HelloWorldまで](https://wiki.jbdcl.com/67cad2a79ff03c06b0e554a0)|2025/03/07 08:52|安藤 翼|
|[02_スクリプト開発応用研修](https://wiki.jbdcl.com/67cacd219ff03c06b0e54083)|2025/03/07 07:40|安藤 翼|
|[03_IM-Workflow導入研修](https://wiki.jbdcl.com/67cacd319ff03c06b0e540c5)|2025/03/07 07:40|安藤 翼|
|[04_IM-Workflowプログラミング研修](https://wiki.jbdcl.com/67cacd449ff03c06b0e54107)|2025/03/07 07:41|安藤 翼|
|[画面設計](https://wiki.jbdcl.com/67184db69ff03c06b039e961)|2025/03/05 01:37|石井 教観|
|[S00_ログイン画面](https://wiki.jbdcl.com/6719a63d9ff03c06b03c13c3)|2025/03/06 10:41|石井 教観|
|[S10_トップ画面](https://wiki.jbdcl.com/6719cc3e9ff03c06b03ca1af)|2025/03/05 02:23|石井 教観|
|[S41_テナント詳細更新画面](https://wiki.jbdcl.com/671f1e739ff03c06b0426aa0)|2025/03/05 02:22|石井 教観|
|[S70_サービス利用者一覧画面](https://wiki.jbdcl.com/67202d2f9ff03c06b04395f8)|2025/03/05 01:41|石井 教観|
|[S80_LDAP認証情報一覧画面](https://wiki.jbdcl.com/678daacf9ff03c06b0a43143)|2025/03/05 01:41|石井 教観|
|[S81_LDAP認証情報詳細更新画面](https://wiki.jbdcl.com/678df5b19ff03c06b0a50d99)|2025/03/05 04:06|石井 教観|
|[分析処理設計](https://wiki.jbdcl.com/67a061dd9ff03c06b0bb3ab2)|2025/03/04 11:13|石井 教観|
|[02](https://wiki.jbdcl.com/67c501a39ff03c06b0df8275)|2025/03/04 01:11|砂盃 梨乃|
|[ハンズオン](https://wiki.jbdcl.com/67c560b59ff03c06b0e08a1c)|2025/03/03 04:56|石井 教観|
|[202503](https://wiki.jbdcl.com/67c561dd9ff03c06b0e09944)|2025/03/03 05:01|石井 教観|
|[202405](https://wiki.jbdcl.com/6633549d9ff03c06b01954a7)|2025/03/03 05:00|石井 教観|
|[2025年2月(田中)](https://wiki.jbdcl.com/67bd22209ff03c06b0d85e17)|2025/03/03 05:26|田中 覚|
|[0203_標準報酬月額](https://wiki.jbdcl.com/671dfa439ff03c06b0410464)|2025/03/09 03:03|星野 将浩|
|[04_給与計算スケジュール](https://wiki.jbdcl.com/65b60f2428cf0e07df9c555b)|2025/03/09 03:03|星野 将浩|
|[1101_採用からの流れ](https://wiki.jbdcl.com/66af0f389ff03c06b0b947ad)|2025/03/09 03:05|星野 将浩|
|[1102_人事発令](https://wiki.jbdcl.com/66af30bd9ff03c06b0b95744)|2025/03/09 04:05|星野 将浩|
|[1103_考課と賞与計算](https://wiki.jbdcl.com/66af30dc9ff03c06b0b95786)|2025/03/09 04:05|星野 将浩|
|[12_退職業務](https://wiki.jbdcl.com/66af31549ff03c06b0b95ac6)|2025/03/09 04:06|星野 将浩|
|[1201_退職による事務手続き](https://wiki.jbdcl.com/673998ef9ff03c06b05c832b)|2025/03/09 04:07|星野 将浩|
|[1202_退職金計算](https://wiki.jbdcl.com/673a00a49ff03c06b05ca4fa)|2025/03/09 04:11|星野 将浩|
|[21_確定申告](https://wiki.jbdcl.com/677a2df99ff03c06b091a5e5)|2025/03/09 04:12|星野 将浩|
|[2101_確定申告の進め方（白色） 1](https://wiki.jbdcl.com/677a59e39ff03c06b091d9b9)|2025/03/09 04:13|星野 将浩|
|[2101_確定申告の進め方（白色） 2](https://wiki.jbdcl.com/6784d72e9ff03c06b09b075d)|2025/03/09 04:13|星野 将浩|
|[2101_確定申告の進め方（白色） 3](https://wiki.jbdcl.com/678d06a09ff03c06b0a36cad)|2025/03/09 04:14|星野 将浩|
|[2101_確定申告の進め方（白色） 4](https://wiki.jbdcl.com/6795e41e9ff03c06b0ad70a4)|2025/03/09 04:15|星野 将浩|
|[環境別モジュールの差異](https://wiki.jbdcl.com/66eb7b849ff03c06b0ff4cd6)|2025/03/05 11:26|森林 悠登|
|[Web会議システム](https://wiki.jbdcl.com/668f3f5b9ff03c06b0892f8a)|2025/03/06 09:54|圓岡 亮太|
|[10.デモンストレーション](https://wiki.jbdcl.com/66908bda9ff03c06b08b9f1b)|2025/03/06 12:20|大和田 啓吾|
|[11.システム導入](https://wiki.jbdcl.com/6697759f9ff03c06b093cc88)|2025/03/06 12:26|大和田 啓吾|
|[22.ライセンス認証](https://wiki.jbdcl.com/669095439ff03c06b08bd672)|2025/03/06 02:11|大和田 啓吾|
|[20.TOP管理](https://wiki.jbdcl.com/668f642f9ff03c06b089a7b3)|2025/03/09 05:32|大和田 啓吾|
|[30.会議管理](https://wiki.jbdcl.com/668f645e9ff03c06b089acc4)|2025/03/09 05:44|大和田 啓吾|
|[40.ユーザ登録管理](https://wiki.jbdcl.com/66906e489ff03c06b08b1b0a)|2025/03/03 10:11|大和田 啓吾|
|[51.ライセンス登録](https://wiki.jbdcl.com/66977ab09ff03c06b093f3ed)|2025/03/04 05:05|大和田 啓吾|
|[60.お気に入り管理](https://wiki.jbdcl.com/669084379ff03c06b08b8550)|2025/03/04 01:40|大和田 啓吾|
|[70.テナント管理](https://wiki.jbdcl.com/6697797f9ff03c06b093ecfb)|2025/03/04 01:45|大和田 啓吾|
|[600.連携事項](https://wiki.jbdcl.com/67c7f2429ff03c06b0e2af17)|2025/03/05 03:42|大和田 啓吾|
|[UAT環境の入り方(暫定)](https://wiki.jbdcl.com/67c7ec0c9ff03c06b0e29be8)|2025/03/05 03:50|大和田 啓吾|
|[ランキングページ](https://wiki.jbdcl.com/63a10a4eb5e7e15fd789a29d)|2025/03/09 02:00|田渕 達也|
"
1,a-miyabayashi,"@channel 
お疲れ様です。経管 宮林です。
先月行った「労使協定における従業員代表選出」のアンケートにご協力いただき、ありがとうございました。
全ての拠点で過半数の可決を得ることができました。

JBDナレッジに協定届の控えを掲載しましたので、必要な方はご利用ください。（協定の有効期間 2025年4月1日～）
[1101\_社内規程 - JBDナレッジ](https://wiki.jbdcl.com/63b6319b7c45329c2d294280)
```
【IV.協定関連】
・労使協定
・時間外労働/休日労働に関する協定届
```
よろしくお願いいたします。"
0,morita,"@channel 

お疲れ様です。
こちらの作業、予定通り 19時より開始いたします。
"
0,morita,"@channel 

定刻になりましたので、作業開始いたします。
"
0,morita,"@channel 

想定より時間がかかっております。
作業完了まで、今しばらくお待ちください。 :man-bowing_light_skin_tone:  "
0,morita,"@channel 

お疲れ様です。

バックアップ作業完了いたしました。

現在システム稼働状態です。

ご協力いただきありがとうございました。
"
0,mattermost,"
## JBDナレッジの更新情報 :pencil: 

* 下記のページが１週間以内に更新されています。



　

|ページ|更新日|更新者|
|-|-|
|[Office2016導入PC](https://wiki.jbdcl.com/65546c2028cf0e07df594ccf)|2025/03/17 01:10|田渕 達也|
|[パスワード変更_未実施者](https://wiki.jbdcl.com/66e90c1b9ff03c06b0fc3a74)|2025/03/16 02:10|田渕 達也|
|[1231_受講者状況](https://wiki.jbdcl.com/63e0960d922bc9d167bd84bb)|2025/03/16 02:50|田渕 達也|
|[10.棚卸未実施一覧](https://wiki.jbdcl.com/655c272828cf0e07df5e3b75)|2025/03/17 01:30|田渕 達也|
|[11.棚卸管理シール貼付け未実施一覧](https://wiki.jbdcl.com/66976f629ff03c06b09395f5)|2025/03/16 01:40|田渕 達也|
|[1260_開発サーバー](https://wiki.jbdcl.com/66c6abb29ff03c06b0d2df54)|2025/03/16 01:50|田渕 達也|
|[01_資産登録](https://wiki.jbdcl.com/67aeb04a9ff03c06b0ccafab)|2025/03/11 03:31|冨澤 裕喜|
|[02_利用申請](https://wiki.jbdcl.com/67b296009ff03c06b0ce688a)|2025/03/11 04:31|冨澤 裕喜|
|[Windows10PC一覧](https://wiki.jbdcl.com/6556ba1528cf0e07df5aec55)|2025/03/17 01:20|田渕 達也|
|[300_(参考・実施不要)Vue、Vuetify、NestJS、TypeORM](https://wiki.jbdcl.com/6667b21c9ff03c06b052eddc)|2025/03/12 11:52|大和田 啓吾|
|[02_スクリプト開発応用研修](https://wiki.jbdcl.com/67cacd219ff03c06b0e54083)|2025/03/10 06:50|安藤 翼|
|[01_サンプル画面作成(データの参照、登録)](https://wiki.jbdcl.com/67ceb57b9ff03c06b0e78ea8)|2025/03/10 07:21|安藤 翼|
|[02_IM共通マスタ連携](https://wiki.jbdcl.com/67ceb5889ff03c06b0e78eeb)|2025/03/10 07:28|安藤 翼|
|[03_IMBox連携](https://wiki.jbdcl.com/67ceb5929ff03c06b0e78f2e)|2025/03/10 07:34|安藤 翼|
|[04_ログ出力](https://wiki.jbdcl.com/67ceb59c9ff03c06b0e78f71)|2025/03/10 07:36|安藤 翼|
|[05_共通関数](https://wiki.jbdcl.com/67ceb5a49ff03c06b0e78fb4)|2025/03/10 07:38|安藤 翼|
|[06_本番環境へのデプロイ](https://wiki.jbdcl.com/67ceb5b29ff03c06b0e78ff7)|2025/03/10 07:39|安藤 翼|
|[oVirtでの仮想環境](https://wiki.jbdcl.com/67b7c7be9ff03c06b0d58b3b)|2025/03/13 05:47|楠元 駿平|
|[2705_原価管理](https://wiki.jbdcl.com/67d2c15b9ff03c06b0ec150f)|2025/03/13 08:32|天池 祐斗|
|[S51_テナント側管理者詳細更新画面](https://wiki.jbdcl.com/671f46359ff03c06b04303f5)|2025/03/12 05:22|石井 教観|
|[S71_サービス利用者詳細更新画面](https://wiki.jbdcl.com/672034a49ff03c06b043ca35)|2025/03/12 05:20|石井 教観|
|[音声文字起こし外販向けタスク](https://wiki.jbdcl.com/67ad7df59ff03c06b0cb52dc)|2025/03/12 09:00|矢野 誠|
|[20250312](https://wiki.jbdcl.com/67d11cb89ff03c06b0eabd25)|2025/03/12 02:57|石井 教観|
|[20250312](https://wiki.jbdcl.com/67cf7aea9ff03c06b0e7f9de)|2025/03/12 11:30|砂盃 梨乃|
|[議事録](https://wiki.jbdcl.com/67d0a30b9ff03c06b0e9a9e4)|2025/03/12 07:47|木下 凌介|
|[2025年03月(柿本)](https://wiki.jbdcl.com/67cf617f9ff03c06b0e7d9ae)|2025/03/12 06:43|齊藤 大希|
|[99_語句](https://wiki.jbdcl.com/64bd11c428cf0e07dfff1f71)|2025/03/13 07:57|星野 将浩|
|[環境別モジュールの差異](https://wiki.jbdcl.com/66eb7b849ff03c06b0ff4cd6)|2025/03/11 02:44|森林 悠登|
|[ランキングページ](https://wiki.jbdcl.com/63a10a4eb5e7e15fd789a29d)|2025/03/16 02:00|田渕 達也|
"
1,mattermost,"@channel 

## ** GroupSessionメンテナス(緊急)**
---

GroupSessionにアクセスが集中して回線が重くなっているため、サービスを停止して、改善作業を実施致します。

■作業時間
**２０２５年３月１9日（水） 14：30 ～ 15：30**


以上 お手数をおかけしますが、よろしくお願いいたします。"
0,kawashima,3/24でしょうか？
0,ry-hanada,きっと、2025/03/19　14:30～15:30　かと。。。。。
0,y-tomizawa,すみません、作業時間間違えておりましたので、修正致しました。
0,mattermost,"@channel 

## ** GroupSessionメンテナス(緊急)**
---

* 復旧作業完了致しました。
* サービス再開致しました。"
1,k-oota,"@channel 
### 47期決算賞与明細書掲載について

下記の日程で掲載いたします。
ご確認の程、よろしくお願いいたします。
※支給日は2025年4月4日（金）です。

**【掲載日時】
　　2025年3月31日（月）　午前9時**
"
0,mattermost,"
## JBDナレッジの更新情報 :pencil: 

* 下記のページが１週間以内に更新されています。



　

|ページ|更新日|更新者|
|-|-|
|[Office2016導入PC](https://wiki.jbdcl.com/65546c2028cf0e07df594ccf)|2025/03/24 01:10|田渕 達也|
|[1201_開発戦略本部からのお願い](https://wiki.jbdcl.com/655afc2c28cf0e07df5d900a)|2025/03/21 05:15|冨澤 裕喜|
|[パスワード変更_未実施者](https://wiki.jbdcl.com/66e90c1b9ff03c06b0fc3a74)|2025/03/23 02:10|田渕 達也|
|[1231_受講者状況](https://wiki.jbdcl.com/63e0960d922bc9d167bd84bb)|2025/03/23 02:50|田渕 達也|
|[10.棚卸未実施一覧](https://wiki.jbdcl.com/655c272828cf0e07df5e3b75)|2025/03/24 01:30|田渕 達也|
|[11.棚卸管理シール貼付け未実施一覧](https://wiki.jbdcl.com/66976f629ff03c06b09395f5)|2025/03/23 01:40|田渕 達也|
|[1260_開発サーバー](https://wiki.jbdcl.com/66c6abb29ff03c06b0d2df54)|2025/03/23 01:50|田渕 達也|
|[1270_資産管理](https://wiki.jbdcl.com/67aea4709ff03c06b0cc7afe)|2025/03/17 02:37|冨澤 裕喜|
|[Windows10PC一覧](https://wiki.jbdcl.com/6556ba1528cf0e07df5aec55)|2025/03/24 01:20|田渕 達也|
|[4_コンポーネントを掘り下げる](https://wiki.jbdcl.com/67d7f2a69ff03c06b0eea0d9)|2025/03/17 07:00|永井 利樹|
|[03_IM-Workflow導入研修](https://wiki.jbdcl.com/67cacd319ff03c06b0e540c5)|2025/03/17 07:07|安藤 翼|
|[01_ワークフロー初期設定](https://wiki.jbdcl.com/67d7ec849ff03c06b0ee817e)|2025/03/17 06:38|安藤 翼|
|[02_コンテンツ定義](https://wiki.jbdcl.com/67d7ec949ff03c06b0ee82db)|2025/03/17 06:42|安藤 翼|
|[03_ルート設定](https://wiki.jbdcl.com/67d7ec9e9ff03c06b0ee83bd)|2025/03/17 06:44|安藤 翼|
|[04_フロー定義](https://wiki.jbdcl.com/67d7ef4b9ff03c06b0ee9461)|2025/03/17 06:47|安藤 翼|
|[05_申請](https://wiki.jbdcl.com/67d7f0009ff03c06b0ee985b)|2025/03/17 06:50|安藤 翼|
|[06_動的承認者設定](https://wiki.jbdcl.com/67d7f1739ff03c06b0ee9d30)|2025/03/17 07:00|安藤 翼|
|[07_分岐](https://wiki.jbdcl.com/67d7f2e09ff03c06b0eea631)|2025/03/17 07:02|安藤 翼|
|[08_代理設定](https://wiki.jbdcl.com/67d7ecb79ff03c06b0ee86d0)|2025/03/17 07:05|安藤 翼|
|[09_参照者設定](https://wiki.jbdcl.com/67d7ecbf9ff03c06b0ee8779)|2025/03/17 07:06|安藤 翼|
|[04_IM-Workflowプログラミング研修](https://wiki.jbdcl.com/67cacd449ff03c06b0e54107)|2025/03/17 08:04|安藤 翼|
|[01_申請画面作成](https://wiki.jbdcl.com/67d7f5799ff03c06b0eeb075)|2025/03/17 07:26|安藤 翼|
|[02_アクション処理](https://wiki.jbdcl.com/67d7f9799ff03c06b0eeb490)|2025/03/17 07:30|安藤 翼|
|[03_処理画面作成](https://wiki.jbdcl.com/67d7f9f69ff03c06b0eeb6bd)|2025/03/17 07:41|安藤 翼|
|[04_詳細画面作成](https://wiki.jbdcl.com/67d7fc5e9ff03c06b0eebb9d)|2025/03/17 07:43|安藤 翼|
|[05_案件プロパティ](https://wiki.jbdcl.com/67d7fccf9ff03c06b0eebd91)|2025/03/17 07:46|安藤 翼|
|[06_定義から申請](https://wiki.jbdcl.com/67d7fe269ff03c06b0eebf78)|2025/03/17 07:51|安藤 翼|
|[07_ユーザプログラム](https://wiki.jbdcl.com/67d7fee19ff03c06b0eec180)|2025/03/17 07:56|安藤 翼|
|[08_処理対象者プラグインについて](https://wiki.jbdcl.com/67d800a99ff03c06b0eec64b)|2025/03/17 07:59|安藤 翼|
|[01_プラグインの準備](https://wiki.jbdcl.com/67d800049ff03c06b0eec3b9)|2025/03/17 07:59|安藤 翼|
|[02_プラグインの作成](https://wiki.jbdcl.com/67d800d09ff03c06b0eec8cc)|2025/03/17 08:03|安藤 翼|
|[oVirtでの仮想環境](https://wiki.jbdcl.com/67b7c7be9ff03c06b0d58b3b)|2025/03/18 04:12|楠元 駿平|
|[通信の暗号化について](https://wiki.jbdcl.com/673170219ff03c06b0530019)|2025/03/18 05:53|野原 夏芽|
|[pert図について](https://wiki.jbdcl.com/67d8bad69ff03c06b0eef22e)|2025/03/18 09:14|髙野 泰河|
|[文字起こし](https://wiki.jbdcl.com/67a9a3749ff03c06b0c7f0e9)|2025/03/21 10:53|石井 教観|
|[S21_タスク詳細画面](https://wiki.jbdcl.com/679354609ff03c06b0ad0d8f)|2025/03/21 10:42|石井 教観|
|[2025年04月(青山)](https://wiki.jbdcl.com/67da4cf69ff03c06b0f06690)|2025/03/21 05:17|荒井 健一郎|
|[DB復元後実行スクリプト](https://wiki.jbdcl.com/66ea81099ff03c06b0fe4611)|2025/03/18 06:58|藤本 正貫|
|[UAT運営](https://wiki.jbdcl.com/67c7ec0c9ff03c06b0e29be8)|2025/03/18 04:54|大和田 啓吾|
|[ランキングページ](https://wiki.jbdcl.com/63a10a4eb5e7e15fd789a29d)|2025/03/23 02:00|田渕 達也|
"
1,morita,"@channel 

## **年度切替対応のお知らせ**

標記の件につきまして、以下日程で作業を実施します。

■作業日程
**２０２５年３月３１日（月） １８：００～**

#### 作業内容

* 所属組織の変更
* JBD基盤のマスタ反映
* JBD基盤サービスの年度切替通知

##### 注意

上記の時間は以下サービスは停止しますのでご注意ください。

* Xpoint
* GroupSession

以上 お手数をおかけしますが、よろしくお願いいたします。
"
0,k-oota,"@channel 
### ザイオンメンテナンス（47期組織へ切替）

47期組織変更に伴い、勤怠管理システム（Zaion）のメンテナンスを下記日程で行います。
メンテナンス日はワークフロー申請等は行わないようお願いいたします。
(注意）4月分の申請等は、メンテナンス終了後にお願いいたします。


#### 【メンテナンス実施日】
####    2025年4月7日（月）

ご迷惑をお掛けいたしますが、ご協力の程よろしくお願いいたします。 "
1,y-tomizawa,"@channel 
## 45期全社共有の削除

* 47期に入るにあたり、2期前の45期全社共有フォルダを削除します。
* 以下の期限までに必要なファイル等ある方は移動をお願い致します。

|||
|-|-|
|期限|2025年4月30日|"
0,mattermost,"
## JBDナレッジの更新情報 :pencil: 

* 下記のページが１週間以内に更新されています。



　

|ページ|更新日|更新者|
|-|-|
|[Office2016導入PC](https://wiki.jbdcl.com/65546c2028cf0e07df594ccf)|2025/03/31 01:10|田渕 達也|
|[パスワード変更_未実施者](https://wiki.jbdcl.com/66e90c1b9ff03c06b0fc3a74)|2025/03/30 02:10|田渕 達也|
|[1231_受講者状況](https://wiki.jbdcl.com/63e0960d922bc9d167bd84bb)|2025/03/30 02:50|田渕 達也|
|[10.棚卸未実施一覧](https://wiki.jbdcl.com/655c272828cf0e07df5e3b75)|2025/03/31 01:30|田渕 達也|
|[11.棚卸管理シール貼付け未実施一覧](https://wiki.jbdcl.com/66976f629ff03c06b09395f5)|2025/03/30 01:40|田渕 達也|
|[1260_開発サーバー](https://wiki.jbdcl.com/66c6abb29ff03c06b0d2df54)|2025/03/30 01:50|田渕 達也|
|[Windows10PC一覧](https://wiki.jbdcl.com/6556ba1528cf0e07df5aec55)|2025/03/31 01:20|田渕 達也|
|[02_イベント処理](https://wiki.jbdcl.com/67bd6f049ff03c06b0d93b22)|2025/03/28 06:44|山中 拓人|
|[CLIでデプロイする方法](https://wiki.jbdcl.com/67e252a59ff03c06b0f4d923)|2025/03/25 07:26|小坂 海碧|
|[50_外販に向けたタスク](https://wiki.jbdcl.com/67da57cc9ff03c06b0f096da)|2025/03/25 06:02|砂盃 梨乃|
|[タスク](https://wiki.jbdcl.com/67a5baee9ff03c06b0c6212b)|2025/03/24 04:24|石井 教観|
|[要約](https://wiki.jbdcl.com/67a9afe39ff03c06b0c841f2)|2025/03/25 04:13|石井 教観|
|[分析処理設計](https://wiki.jbdcl.com/67a061dd9ff03c06b0bb3ab2)|2025/03/24 04:14|石井 教観|
|[20250326](https://wiki.jbdcl.com/67e27e8b9ff03c06b0f5440e)|2025/03/25 07:08|砂盃 梨乃|
|[2025年3月(小山)_Webアプリケーションの脆弱性について](https://wiki.jbdcl.com/67e662c79ff03c06b0f9a700)|2025/03/28 05:50|小山 亮|
|[46期_20250326](https://wiki.jbdcl.com/67e270c99ff03c06b0f51fce)|2025/03/25 08:55|花田 亮太|
|[01.PMOとは何か](https://wiki.jbdcl.com/65eeb3a428cf0e07dfcbc210)|2025/03/27 12:47|中川 知是|
|[02.PMOの種類や役割](https://wiki.jbdcl.com/65eeb3b228cf0e07dfcbc250)|2025/03/27 12:42|中川 知是|
|[03.PMOのプロセス](https://wiki.jbdcl.com/65eeb3c228cf0e07dfcbc2bf)|2025/03/27 12:41|中川 知是|
|[10.デモンストレーション](https://wiki.jbdcl.com/66908bda9ff03c06b08b9f1b)|2025/03/28 01:13|大和田 啓吾|
|[020.画面遷移図](https://wiki.jbdcl.com/66c8289d9ff03c06b0d56b55)|2025/03/26 08:06|恩田 優|
|[20.TOP管理](https://wiki.jbdcl.com/668f642f9ff03c06b089a7b3)|2025/03/26 10:15|大和田 啓吾|
|[JBDNEWS](https://wiki.jbdcl.com/67e1230d9ff03c06b0f3d002)|2025/03/24 06:17|久保 美也子|
|[ランキングページ](https://wiki.jbdcl.com/63a10a4eb5e7e15fd789a29d)|2025/03/30 02:00|田渕 達也|
"
0,morita,"@channel 

予定通り、本日１８：００から作業を開始します。
作業中、以下のサービスは停止しますので
ご留意いただきますよう、お願いいたします。

Xpoint
GroupSession
"
0,morita,"@channel 

## **年度切替対応**

作業開始します。"
0,morita,"@channel 

* GroupSession 組織切替完了しました。"
1,morita,"@channel 

* Xpoint 完了

組織変更に伴い以下の期間は４６期、４７期の両方に所属した状態となります。

並行所属期間：２０２５年３月３１日（月） ～ ２０２５年４月２１日（月）

４６期組織にて申請を上げる必要がある場合は、上記期間内にお願いします。
申請時の所属組織は、各申請フォームの設定より変更することが可能です。
※主所属は４７期組織となりますので、設定を変更しない場合は４７期組織での申請となります。
　なお以前の申請をコピーで利用した場合、所属組織がコピー元申請の所属組織になりますので、ご留意ください。"
1,mattermost,"@channel

## **年度切替の開始お知らせ**

* JBD基盤のマスタ反映を実施します。
* JBD基盤サービスの年度切替通知を行います。

### JBD基盤マスタ

* ユーザー情報
* 事業部情報
* 役職情報

### JBD基盤サービス

* プロジェクト企画申請
* メーリングリスト申請
* オンラインストレージ利用申請
* 開発用サーバー利用申請
* Redmine外部共有申請"
1,mattermost,"@channel

## **年度切替の終了お知らせ**

* 所属組織の変更が完了しました。
* JBD基盤のマスタ反映が完了しました。
* JBD基盤サービスの年度切替通知を実施しました。

### JBD基盤サービス年度切替依頼

* 各サービスの責任者に棚卸処理通知を実施いたしました。
* 期日までに各サービスの申請（年度切替）をお願い致します。

### Xpoint所属組織に関するお知らせ

* 以下の期間は４６期、４７期の両方の組織に所属した状態となります。

　　２０２５年３月３１日（月） ～ ２０２５年４月２１日（月）
　　４６期組織にて申請を上げる必要がある場合は、上記期間内にお願い致します。
　　[申請時の所属組織切り替え](https://wiki.jbdcl.com/648a6f29922bc9d167f37688#%E7%94%B3%E8%AB%8B%E6%99%82%E3%81%AE%E6%89%80%E5%B1%9E%E7%B5%84%E7%B9%94%E5%88%87%E3%82%8A%E6%9B%BF%E3%81%88)

**※主所属は４７期組織となります。設定を変更しない場合は４７期組織での申請となります。
　以前の申請をコピーで利用した場合、所属組織がコピー元申請の所属組織になりますので、ご留意ください。**"
1,mattermost,"@channel 

## 46期ナレッジポイントについて

* JBDでは、業務関連、技術関連、プロジェクト関連のナレッジを [WIKI](https://wiki.jbdcl.com)  に構築しております。
* ４６期のポイント獲得状況を掲示いたします。
* ４７期も継続して実施いたしますので、皆さんもナレッジの共有をお願いします。 :man-bowing: 

### 獲得者

* ４６期入社の社員での上位獲得ポイント３名

| 順位 | 事業部 | 氏名 | ポイント数 | ページ登録数 | ページ閲覧者数 | ページ閲覧数 |
| ---: | --- | --- | ---: | ---: | ---: | ---: |
| 1 | IT事業部 | 小坂 海碧 | 571 | 10 | 186 | 99 |
| 2 | 中部第１事業部 | 河野 眞欧 | 437 | 14 | 61 | 175 |
| 3 | EBS事業部 | 若林 晃 | 418 | 12 | 88 | 122 |

* 上記以外の４６期獲得ポイント上位４名

| 順位 | 事業部 | 氏名 | ポイント数 | ページ登録数 | ページ閲覧者数 | ページ閲覧数 |
| ---: | --- | --- | ---: | ---: | ---: | ---: |
| 1 | 役員 | 田渕 達也 | 7937 | 76 | 3441 | 295 |
| 2 | FP事業部 | 大和田 啓吾 | 3662 | 127 | 1034 | 324 |
| 3 | 西日本第１開発本部 | 馬場 健司 | 2203 | 41 | 830 | 133 |
| 4 | 開発庶務室 | 冨澤 裕喜 | 1145 | 6 | 498 | 89 |

"
1,tabuchi,"@channel 


### GroupSessionのレスポンス改善

* サーバの負荷状況を確認しますと、メモリ不足でスワップされ処理低下することを確認しました。
* 現状のインスタンス`t2.large`を`t3.xlarge`に変更したいと考えております。
* アクセスの集中する時間が、9:00,10:00, 13:00,17:00であるため、速やかに対応したいと思います。

## インスタンス変更日時

* 2025/04/04 12:00～13:00

## 依頼事項

* 業務に支障をきたす方は、ご連絡をください。 :man-bowing: 
"
0,tabuchi,"t2.large -> t3.xlargeに設定変更完了しました。
"
0,mattermost,"
## JBDナレッジの更新情報 :pencil: 

* 下記のページが１週間以内に更新されています。



　

|ページ|更新日|更新者|
|-|-|
|[1111_業務関連](https://wiki.jbdcl.com/648a60b7922bc9d167f33709)|2025/04/04 05:44|渡辺 唯子|
|[1112_人事慶弔関連](https://wiki.jbdcl.com/648a60eb922bc9d167f337f1)|2025/04/04 06:05|渡辺 唯子|
|[Office2016導入PC](https://wiki.jbdcl.com/65546c2028cf0e07df594ccf)|2025/04/07 01:10|田渕 達也|
|[1114_取引関連](https://wiki.jbdcl.com/648a66f7922bc9d167f354b4)|2025/04/04 05:58|渡辺 唯子|
|[パスワード変更_未実施者](https://wiki.jbdcl.com/66e90c1b9ff03c06b0fc3a74)|2025/04/06 02:10|田渕 達也|
|[1231_受講者状況](https://wiki.jbdcl.com/63e0960d922bc9d167bd84bb)|2025/04/06 02:50|田渕 達也|
|[10.棚卸未実施一覧](https://wiki.jbdcl.com/655c272828cf0e07df5e3b75)|2025/04/07 01:30|田渕 達也|
|[11.棚卸管理シール貼付け未実施一覧](https://wiki.jbdcl.com/66976f629ff03c06b09395f5)|2025/04/06 01:40|田渕 達也|
|[1260_開発サーバー](https://wiki.jbdcl.com/66c6abb29ff03c06b0d2df54)|2025/04/06 01:50|田渕 達也|
|[Windows10PC一覧](https://wiki.jbdcl.com/6556ba1528cf0e07df5aec55)|2025/04/07 01:20|田渕 達也|
|[05.類似製品](https://wiki.jbdcl.com/67ed031d9ff03c06b0026805)|2025/04/02 07:03|大指 智|
|[06.test](https://wiki.jbdcl.com/67ed0c459ff03c06b00272e7)|2025/04/02 07:07|大指 智|
|[01_ダイアログ](https://wiki.jbdcl.com/67bd654e9ff03c06b0d91dcb)|2025/03/31 10:39|山中 拓人|
|[02_イベント処理](https://wiki.jbdcl.com/67bd6f049ff03c06b0d93b22)|2025/03/31 10:39|山中 拓人|
|[03_スタイルとテーマ](https://wiki.jbdcl.com/67c002569ff03c06b0dc58b4)|2025/03/31 10:40|山中 拓人|
|[02_XMLの書式](https://wiki.jbdcl.com/67b2d09a9ff03c06b0cf7462)|2025/03/31 10:26|山中 拓人|
|[03_サービス](https://wiki.jbdcl.com/67c54b879ff03c06b0e04007)|2025/03/31 10:20|山中 拓人|
|[2401_インフラ構築業務フロー](https://wiki.jbdcl.com/67a2c2d69ff03c06b0c02b5b)|2025/03/31 07:38|大平 隆浩|
|[Grafanaを使ってPostgreSQLを監視する](https://wiki.jbdcl.com/67edfa1a9ff03c06b003183d)|2025/04/03 12:02|髙野 泰河|
|[Azure Virtual DesktopのPoC](https://wiki.jbdcl.com/67e4cca39ff03c06b0f74ff0)|2025/03/31 11:23|板坂 敬生|
|[Azure Virtual DesktopのPoC②](https://wiki.jbdcl.com/67e9fcc39ff03c06b0face26)|2025/04/04 07:44|板坂 敬生|
|[ユーザ操作](https://wiki.jbdcl.com/672d9f7e9ff03c06b0510a53)|2025/04/03 10:25|石井 教観|
|[DB設計](https://wiki.jbdcl.com/671851e69ff03c06b039fc25)|2025/04/02 02:51|石井 教観|
|[画面設計](https://wiki.jbdcl.com/67184db69ff03c06b039e961)|2025/04/04 03:57|石井 教観|
|[S10_トップ画面](https://wiki.jbdcl.com/6719cc3e9ff03c06b03ca1af)|2025/04/02 11:16|石井 教観|
|[S31_サービス詳細更新画面](https://wiki.jbdcl.com/671b3fb19ff03c06b03fa129)|2025/04/04 03:58|石井 教観|
|[S32_サービス属性一覧画面](https://wiki.jbdcl.com/67ef92749ff03c06b005d294)|2025/04/04 05:04|石井 教観|
|[S33_サービス属性詳細更新画面](https://wiki.jbdcl.com/67ef99739ff03c06b005fe9f)|2025/04/04 05:33|石井 教観|
|[S41_テナント詳細更新画面](https://wiki.jbdcl.com/671f1e739ff03c06b0426aa0)|2025/04/03 04:28|石井 教観|
|[S51_テナント側管理者詳細更新画面](https://wiki.jbdcl.com/671f46359ff03c06b04303f5)|2025/04/04 03:13|石井 教観|
|[S71_サービス利用者詳細更新画面](https://wiki.jbdcl.com/672034a49ff03c06b043ca35)|2025/04/04 02:48|石井 教観|
|[S81_LDAP認証情報詳細更新画面](https://wiki.jbdcl.com/678df5b19ff03c06b0a50d99)|2025/04/02 01:04|石井 教観|
|[S90_共通基盤認証情報一覧画面](https://wiki.jbdcl.com/67ec9c349ff03c06b000e75c)|2025/04/02 02:52|石井 教観|
|[S91_共通基盤認証情報詳細更新画面](https://wiki.jbdcl.com/67ecb7199ff03c06b0011596)|2025/04/02 02:55|石井 教観|
|[議事録テンプレート](https://wiki.jbdcl.com/67eb6c519ff03c06b0fdaf18)|2025/04/03 02:31|石井 教観|
|[DB設計](https://wiki.jbdcl.com/67907b639ff03c06b0a84f4d)|2025/04/03 09:19|石井 教観|
|[S40_議事録テンプレート一覧画面](https://wiki.jbdcl.com/67ea57e59ff03c06b0fbde70)|2025/03/31 05:52|石井 教観|
|[S41_議事録テンプレート詳細更新画面](https://wiki.jbdcl.com/67ee1a919ff03c06b0038909)|2025/04/03 02:28|石井 教観|
|[03](https://wiki.jbdcl.com/67e9f7459ff03c06b0fac746)|2025/04/01 03:57|砂盃 梨乃|
|[議事録](https://wiki.jbdcl.com/67ebbf709ff03c06b0001fd7)|2025/04/03 05:24|淺野間 龍児|
|[01.CS事業部ミーティング](https://wiki.jbdcl.com/663ad6339ff03c06b01d5890)|2025/03/31 09:16|深川 憲一|
|[2025年04月(青山)](https://wiki.jbdcl.com/67da4cf69ff03c06b0f06690)|2025/04/02 06:06|青山 謙二|
|[46期会議体](https://wiki.jbdcl.com/660a35fd9ff03c06b0df4dd4)|2025/04/03 06:18|宮田 孝弘|
|[47期会議体](https://wiki.jbdcl.com/67ee52609ff03c06b0044676)|2025/04/03 06:32|宮田 孝弘|
|[イベント出欠](https://wiki.jbdcl.com/6695eab49ff03c06b08f7a4c)|2025/04/03 06:50|宮田 孝弘|
|[出退勤について](https://wiki.jbdcl.com/6681fa269ff03c06b0749353)|2025/04/03 06:33|宮田 孝弘|
|[703_アノテーションについて](https://wiki.jbdcl.com/66f60d069ff03c06b00cb085)|2025/03/31 09:27|若林 晃|
|[保守業務について](https://wiki.jbdcl.com/6763dd3a9ff03c06b0859e77)|2025/03/31 09:54|若林 晃|
|[データ補正について](https://wiki.jbdcl.com/6763dd6f9ff03c06b085a15f)|2025/03/31 09:56|若林 晃|
|[2Z20_【NTTAT】研究所SO・電子決裁システム](https://wiki.jbdcl.com/67ecec4a9ff03c06b001fae9)|2025/04/02 04:50|井手 ゆりか|
|[10_案件説明](https://wiki.jbdcl.com/67ecec7f9ff03c06b001fc06)|2025/04/02 04:51|井手 ゆりか|
|[11_システム概要](https://wiki.jbdcl.com/67ecec869ff03c06b001fc86)|2025/04/02 04:51|井手 ゆりか|
|[20_機能説明](https://wiki.jbdcl.com/67ecef289ff03c06b0020584)|2025/04/02 05:02|井手 ゆりか|
|[01_SOシステム](https://wiki.jbdcl.com/67ecef2e9ff03c06b002060b)|2025/04/02 05:02|井手 ゆりか|
|[02_電子決裁システム](https://wiki.jbdcl.com/67ecef399ff03c06b00206a1)|2025/04/02 05:03|井手 ゆりか|
|[03_基盤管理ポータルサイト](https://wiki.jbdcl.com/67ecef3f9ff03c06b0020733)|2025/04/02 05:03|井手 ゆりか|
|[04_ユーザポータルサイト](https://wiki.jbdcl.com/67ecef479ff03c06b00207bf)|2025/04/02 05:03|井手 ゆりか|
|[30_設計書](https://wiki.jbdcl.com/67ecef139ff03c06b00204df)|2025/04/04 06:40|井手 ゆりか|
|[31_DB](https://wiki.jbdcl.com/67ecec999ff03c06b001fd3e)|2025/04/02 04:51|井手 ゆりか|
|[10_ER図](https://wiki.jbdcl.com/67ececa39ff03c06b001fdbe)|2025/04/02 04:52|井手 ゆりか|
|[20_テーブル定義書](https://wiki.jbdcl.com/67ececaa9ff03c06b001fe3c)|2025/04/02 04:52|井手 ゆりか|
|[21_シノニム管理](https://wiki.jbdcl.com/67ececb09ff03c06b001feb8)|2025/04/02 04:52|井手 ゆりか|
|[50_マクロ](https://wiki.jbdcl.com/67ececb79ff03c06b001ff34)|2025/04/02 04:52|井手 ゆりか|
|[60_初期データ](https://wiki.jbdcl.com/67ececbe9ff03c06b001ffb6)|2025/04/02 04:52|井手 ゆりか|
|[35_製造](https://wiki.jbdcl.com/67ee3d569ff03c06b003fb9e)|2025/04/03 04:48|井手 ゆりか|
|[01_SOシステム](https://wiki.jbdcl.com/67ee3d649ff03c06b003fc69)|2025/04/03 04:48|井手 ゆりか|
|[申請書（IM-FormaDesigner開発）](https://wiki.jbdcl.com/67ee3d789ff03c06b003fce5)|2025/04/03 04:49|井手 ゆりか|
|[10.デモンストレーション](https://wiki.jbdcl.com/66908bda9ff03c06b08b9f1b)|2025/04/06 02:02|大和田 啓吾|
|[11.システム導入](https://wiki.jbdcl.com/6697759f9ff03c06b093cc88)|2025/04/06 02:02|大和田 啓吾|
|[Thunderbirdのプラグインを開発する方法](https://wiki.jbdcl.com/6763799e9ff03c06b0844553)|2025/04/03 08:49|馬場 健司|
|[Thunderbirdの英文メールをChatGPTで翻訳する](https://wiki.jbdcl.com/67ee74239ff03c06b0046c36)|2025/04/03 09:02|馬場 健司|
|[ランキングページ](https://wiki.jbdcl.com/63a10a4eb5e7e15fd789a29d)|2025/04/06 02:00|田渕 達也|
|[ランキングページ_20250401](https://wiki.jbdcl.com/67eb73859ff03c06b0fde946)|2025/04/01 02:03|田渕 達也|
"
0,k-oota,"@channel 
作業開始いたします。"
0,k-oota,"@channel 
### ザイオンメンテナンス完了のお知らせ

勤怠管理システム（Zaion）のメンテナンスが完了いたしました。
ご協力いただき、ありがとうございます。
ワークフローの初回申請時は、決裁者の登録をご自身で設定していただきますよう、お願いいたします。"
0,mattermost,"
## JBDナレッジの更新情報 :pencil: 

* 下記のページが１週間以内に更新されています。



　

|ページ|更新日|更新者|
|-|-|
|[1101_社内規程](https://wiki.jbdcl.com/63b6319b7c45329c2d294280)|2025/04/09 01:16|渡辺 唯子|
|[勤務区分一覧](https://wiki.jbdcl.com/662b57409ff03c06b0137f8f)|2025/04/09 09:28|太田 佳織|
|[Office2016導入PC](https://wiki.jbdcl.com/65546c2028cf0e07df594ccf)|2025/04/14 01:10|田渕 達也|
|[パスワード変更_未実施者](https://wiki.jbdcl.com/66e90c1b9ff03c06b0fc3a74)|2025/04/13 02:10|田渕 達也|
|[1230_社内教育](https://wiki.jbdcl.com/63be6e602569e8f7a4379090)|2025/04/09 10:41|田渕 達也|
|[1231_受講者状況](https://wiki.jbdcl.com/63e0960d922bc9d167bd84bb)|2025/04/13 02:50|田渕 達也|
|[10.棚卸未実施一覧](https://wiki.jbdcl.com/655c272828cf0e07df5e3b75)|2025/04/14 01:30|田渕 達也|
|[11.棚卸管理シール貼付け未実施一覧](https://wiki.jbdcl.com/66976f629ff03c06b09395f5)|2025/04/13 01:40|田渕 達也|
|[1260_開発サーバー](https://wiki.jbdcl.com/66c6abb29ff03c06b0d2df54)|2025/04/13 01:50|田渕 達也|
|[Windows10PC一覧](https://wiki.jbdcl.com/6556ba1528cf0e07df5aec55)|2025/04/14 01:20|田渕 達也|
|[Azure Virtual DesktopのPoC②](https://wiki.jbdcl.com/67e9fcc39ff03c06b0face26)|2025/04/08 10:28|板坂 敬生|
|[お知らせ操作](https://wiki.jbdcl.com/67f62dbe9ff03c06b00bb9b2)|2025/04/09 06:02|石井 教観|
|[テナント契約操作](https://wiki.jbdcl.com/67ca5ec69ff03c06b0e4a0dd)|2025/04/08 10:11|石井 教観|
|[DB設計](https://wiki.jbdcl.com/671851e69ff03c06b039fc25)|2025/04/09 11:39|石井 教観|
|[画面設計](https://wiki.jbdcl.com/67184db69ff03c06b039e961)|2025/04/09 01:28|石井 教観|
|[S20_個人情報詳細更新画面](https://wiki.jbdcl.com/671b051c9ff03c06b03ec045)|2025/04/09 08:53|石井 教観|
|[S31_サービス詳細更新画面](https://wiki.jbdcl.com/671b3fb19ff03c06b03fa129)|2025/04/09 02:16|石井 教観|
|[S33_サービス属性詳細更新画面](https://wiki.jbdcl.com/67ef99739ff03c06b005fe9f)|2025/04/07 10:51|石井 教観|
|[S34_サービスお知らせ一覧](https://wiki.jbdcl.com/67f5fcb59ff03c06b00ace02)|2025/04/09 01:51|石井 教観|
|[S35_サービスお知らせ詳細更新画面](https://wiki.jbdcl.com/67f600999ff03c06b00ae6e1)|2025/04/09 02:07|石井 教観|
|[S51_テナント側管理者詳細更新画面](https://wiki.jbdcl.com/671f46359ff03c06b04303f5)|2025/04/09 08:52|石井 教観|
|[S61_契約サービス詳細更新画面](https://wiki.jbdcl.com/672062519ff03c06b044627f)|2025/04/09 10:44|石井 教観|
|[S63_契約サービス属性登録画面](https://wiki.jbdcl.com/67f33af79ff03c06b006ec6b)|2025/04/07 11:39|石井 教観|
|[S71_サービス利用者詳細更新画面](https://wiki.jbdcl.com/672034a49ff03c06b043ca35)|2025/04/09 08:53|石井 教観|
|[50_外販に向けたタスク](https://wiki.jbdcl.com/67da57cc9ff03c06b0f096da)|2025/04/09 04:27|砂盃 梨乃|
|[議事録テンプレート](https://wiki.jbdcl.com/67eb6c519ff03c06b0fdaf18)|2025/04/08 05:22|石井 教観|
|[S41_議事録テンプレート詳細更新画面](https://wiki.jbdcl.com/67ee1a919ff03c06b0038909)|2025/04/07 04:33|石井 教観|
|[20250409](https://wiki.jbdcl.com/67f6014f9ff03c06b00aedd2)|2025/04/09 04:14|石井 教観|
|[_template](https://wiki.jbdcl.com/66c57e649ff03c06b0d18aaf)|2025/04/09 02:10|砂盃 梨乃|
|[20250409](https://wiki.jbdcl.com/67f5bf589ff03c06b009ca3b)|2025/04/09 10:03|石井 教観|
|[2025年04月(青山)](https://wiki.jbdcl.com/67da4cf69ff03c06b0f06690)|2025/04/09 05:08|荒井 健一郎|
|[yumインストールで失敗する(CentOS7)](https://wiki.jbdcl.com/66f2aaea9ff03c06b006ff7e)|2025/04/09 05:17|米田 桜|
|[80_管理](https://wiki.jbdcl.com/66a1a71d9ff03c06b0a39123)|2025/04/11 10:04|安藤 翼|
|[管理簿一覧表示設定手順](https://wiki.jbdcl.com/67f876c09ff03c06b00e0ded)|2025/04/11 05:59|中込 颯|
|[管理簿登録設定手順](https://wiki.jbdcl.com/67f5c04d9ff03c06b009cdc1)|2025/04/11 10:54|中込 颯|
|[2Z21_payroll(旧システム)](https://wiki.jbdcl.com/67f5d83f9ff03c06b00a4b86)|2025/04/09 11:15|松本 隼弥|
|[モバイル明細](https://wiki.jbdcl.com/67f5d8679ff03c06b00a4c96)|2025/04/09 11:16|松本 隼弥|
|[01.開発環境](https://wiki.jbdcl.com/67f5d8719ff03c06b00a4dd4)|2025/04/09 11:28|古川 樹|
|[XX_local環境](https://wiki.jbdcl.com/67f5daea9ff03c06b00a5fac)|2025/04/09 01:59|古川 樹|
|[10.デモンストレーション](https://wiki.jbdcl.com/66908bda9ff03c06b08b9f1b)|2025/04/09 11:41|大和田 啓吾|
|[11.システム導入](https://wiki.jbdcl.com/6697759f9ff03c06b093cc88)|2025/04/10 12:05|大和田 啓吾|
|[ランキングページ](https://wiki.jbdcl.com/63a10a4eb5e7e15fd789a29d)|2025/04/13 02:00|田渕 達也|
"
1,k-oota,"@channel 
### 2025年度 定期健康診断実施のお知らせ（全拠点）

各位

お疲れ様です。
経営管理本部の太田です。

GS各拠点情報共有にて、下記の案内をしております。
各自ご確認のうえご対応いただきますようよろしくお願いいたします。
★交通費は会社負担ですので、X-Pointより交通費精算の申請をお願いいたします。※PJコード990003-00

##### ※新入社員（開発）の皆様は、部署配属後、ご予約をお願いいたします

■東京
https://gs.jbdcl.com/gsession/common/cmn001.do?url=%2Fgsession%2Fbulletin%2Fbbs060.do%3Fbbs010forumSid%3D15%26threadSid%3D2883


■大阪
https://gs.jbdcl.com/gsession/common/cmn001.do?url=%2Fgsession%2Fbulletin%2Fbbs060.do%3Fbbs010forumSid%3D7%26threadSid%3D2884


■名古屋
 回覧板で通達しております


ご不明点がございましたら　下記（経営管理本部）までお問合せください。


【問い合わせ先】
・東京：宮林
・大阪：太田、久保
・名古屋：太田
"
0,mattermost,"
## JBDナレッジの更新情報 :pencil: 

* 下記のページが１週間以内に更新されています。



　

|ページ|更新日|更新者|
|-|-|
|[1101_社内規程](https://wiki.jbdcl.com/63b6319b7c45329c2d294280)|2025/04/18 09:50|渡辺 唯子|
|[1103_JBDNEWS](https://wiki.jbdcl.com/63b4e5347c45329c2d28f2bc)|2025/04/17 09:24|宮林 歩未|
|[Office2016導入PC](https://wiki.jbdcl.com/65546c2028cf0e07df594ccf)|2025/04/21 01:10|田渕 達也|
|[1201_開発戦略本部からのお願い](https://wiki.jbdcl.com/655afc2c28cf0e07df5d900a)|2025/04/18 03:27|冨澤 裕喜|
|[パスワード変更_未実施者](https://wiki.jbdcl.com/66e90c1b9ff03c06b0fc3a74)|2025/04/20 02:10|田渕 達也|
|[1230_社内教育](https://wiki.jbdcl.com/63be6e602569e8f7a4379090)|2025/04/17 09:48|田渕 達也|
|[1231_受講者状況](https://wiki.jbdcl.com/63e0960d922bc9d167bd84bb)|2025/04/20 02:50|田渕 達也|
|[10.棚卸未実施一覧](https://wiki.jbdcl.com/655c272828cf0e07df5e3b75)|2025/04/21 01:30|田渕 達也|
|[11.棚卸管理シール貼付け未実施一覧](https://wiki.jbdcl.com/66976f629ff03c06b09395f5)|2025/04/20 01:40|田渕 達也|
|[1260_開発サーバー](https://wiki.jbdcl.com/66c6abb29ff03c06b0d2df54)|2025/04/20 01:50|田渕 達也|
|[Windows10PC一覧](https://wiki.jbdcl.com/6556ba1528cf0e07df5aec55)|2025/04/21 01:20|田渕 達也|
|[OCI系](https://wiki.jbdcl.com/6801fb8a9ff03c06b016b54f)|2025/04/18 04:13|板坂 敬生|
|[BaseDBのオブジェクトストレージバックアップをBCP対応する](https://wiki.jbdcl.com/6801fba29ff03c06b016bc72)|2025/04/20 09:43|板坂 敬生|
|[業務フロー](https://wiki.jbdcl.com/680026069ff03c06b0143f6d)|2025/04/17 08:25|大関 和希|
|[画面設計](https://wiki.jbdcl.com/67184db69ff03c06b039e961)|2025/04/18 09:31|石井 教観|
|[S51_テナント側管理者詳細更新画面](https://wiki.jbdcl.com/671f46359ff03c06b04303f5)|2025/04/17 05:02|石井 教観|
|[S71_サービス利用者詳細更新画面](https://wiki.jbdcl.com/672034a49ff03c06b043ca35)|2025/04/17 05:03|石井 教観|
|[90_社内展開の進め方](https://wiki.jbdcl.com/6800e4aa9ff03c06b015a146)|2025/04/20 11:59|矢野 誠|
|[議事録](https://wiki.jbdcl.com/67a9b40d9ff03c06b0c853e0)|2025/04/17 06:25|石井 教観|
|[DB設計](https://wiki.jbdcl.com/67907b639ff03c06b0a84f4d)|2025/04/17 01:36|石井 教観|
|[04](https://wiki.jbdcl.com/6801a3839ff03c06b015e139)|2025/04/18 10:52|砂盃 梨乃|
|[01_管理簿登録設定手順](https://wiki.jbdcl.com/67f5c04d9ff03c06b009cdc1)|2025/04/17 03:39|中込 颯|
|[ランキングページ](https://wiki.jbdcl.com/63a10a4eb5e7e15fd789a29d)|2025/04/20 02:00|田渕 達也|
"
1,morita,"@channel 

### **【４６期組織削除】Xpointメンテナス**
---
標記の件につきまして、以下日程で作業を実施します。

#### ■作業日程
#### ** ２０２５年４月２５日（金） １２：００～ **

作業開始及び完了は、本チャンネルにて通知いたします。

注意：上記の時間は、利用しないでください。
　　　サーバーが停止する場合があります。

作業完了後は４７期組織のみに所属した状態となります。

##### 前期組織での申請が必要な場合は上記作業日時までにお願いします。
##### また、対応後に前期組織で提出した申請をコピーして申請を作成した場合、申請の所属組織は前期のものとなります。
##### そのまま申請を提出すると、申請ルートが正しく認識されませんので、設定より所属組織の変更を行ってからの提出をお願いします。

---

以上 お手数をおかけしますが、よろしくお願いいたします。"
1,tabuchi,"@channel 

### P02 進捗管理のツール利用について

* p02　PM研修で提供しているWBS作成ツールを提供しております。
* このツールは、研修の合格者をターゲットに提供しております。
* 今回、カテゴリの変更された事象を確認すると、登録されたカテゴリが別のプロジェクトへ上書きされているようです。
* 社内研修を合格していない人は、WBSの利用を行わないでください。

#### 対象プロジェクトり

| プロジェクト名 | id | カテゴリ名 |
| --- | --- | --- |
| Web予約 Step2 | 23 | 申請・承認ワークフロー\_ワークフロー\_ID申請共通\_人事管理承認ルート |
| Web予約 Step2 | 24 | 申請・承認ワークフロー\_ワークフロー\_ID申請共通\_部門管理承認ルート |
| Web予約 Step2 | 25 | 申請・承認ワークフロー\_ワークフロー\_ID申請共通\_グループ承認ルート |
| Web予約 Step2 | 26 | 申請・承認ワークフロー\_ワークフロー\_ID申請共通\_出向用ルート |
| Web予約 Step2 | 27 | 申請・承認ワークフロー\_ワークフロー\_EntraID認証AP条件設定\_EntraID認証AP登録承認ルート |
| Web予約 Step2 | 28 | 申請・承認ワークフロー\_ワークフロー\_EntraID非認証AP条件設定\_EntraID非認証AP登録承認ルート |
| Web予約 Step2 | 29 | 申請・承認ワークフロー\_ワークフロー\_ID申請共通\_メール通知 |
| Web予約 Step2 | 30 | 申請・承認ワークフロー\_ワークフロー\_ID申請共通\_承認者の選択 |
| Web予約 Step2 | 31 | 申請・承認ワークフロー\_ワークフロー\_ID申請共通\_承認以外の決裁 |
| Web予約 Step2 | 32 | 申請・承認ワークフロー\_ワークフロー\_ID申請共通\_承認スキップ |
| Web予約 Step2 | 33 | 申請・承認ワークフロー\_検索画面\_ID申請共通\_ユーザー絞り込み検索 |
| Web予約 Step2 | 34 | 申請・承認ワークフロー\_検索画面\_グループメンバ登録\_グループ絞り込み検索 |
| Web予約 Step2 | 35 | 申請・承認ワークフロー\_検索画面\_ID申請共通\_会社絞り込み検索 |
| Web予約 Step2 | 36 | 申請・承認ワークフロー\_検索画面\_ID申請共通\_会社組織絞り込み検索 |
| Web予約 Step2 | 37 | 申請・承認ワークフロー\_検索画面\_ID申請共通\_味の素(株)単位組織/各社絞り込み検索 |
| Web予約 Step2 | 38 | ID情報検索画面\_-\_ID情報検索\_ID情報検索 |
| Web予約 Step2 | 39 | グループ情報検索画面\_-\_手動グループ申請\_グループ情報検索 |
| Web予約 Step2 | 40 | AP情報変更画面\_AP利用条件設定画面\_グループ共通AP権限条件設定\_グループ共通AP利用条件ルール変更 |
| NERMS移転システム | 41 | AP情報変更画面\_AP利用条件設定画面\_EntraID認証AP権限条件設定\_EntraID認証AP利用条件ルール変更 |
| NERMS移転システム | 42 | AP情報変更画面\_AP利用条件設定画面\_EntraID非認証権限AP条件設定\_EntraID非認証AP利用条件ルール変更 |
| NERMS移転システム | 43 | AP情報変更画面\_AP登録情報変更画面\_AP情報変更\_AP登録情報変更 |
| NERMS移転システム | 44 | 管理画面\_画面利用権限管理画面\_グループメンバ登録\_グループメンバ登録・削除 |
| NERMS移転システム | 45 | 管理画面\_システム個別ファイルDL画面\_連携先IFファイル出力\_連携先I/Fファイルダウンロード |
| NERMS移転システム | 46 | 管理画面\_連絡先情報メンテナンス\_連絡先メンテナンス\_連絡先情報メンテナンス |
| NERMS移転システム | 47 | 管理画面\_手動グループメンバー継続利用登録\_手動グループ申請\_手動グループメンバー継続利用登録 |
| NERMS移転システム | 48 | 管理画面\_アカウント復活画面\_ユーザーメンテナンス\_ユーザ情報変更画面 |
| NERMS移転システム | 49 | 管理画面\_従業員タイプ変更画面\_ユーザーメンテナンス\_ユーザ情報変更画面 |
| NERMS移転システム | 50 | 管理画面\_更新除外対象者設定画面\_ユーザーメンテナンス\_ユーザ情報変更画面 |
| NERMS移転システム | 51 | 管理画面\_会社マスタメンテナンス画面\_会社マスタ更新\_会社マスタメンテナンス画面 |
| NERMS移転システム | 52 | 管理画面\_各社マスタメンテナンス画面\_マスタメンテナンス\_マスタメンテナンス画面 |
| NERMS移転システム | 53 | 管理画面\_汎用マスタメンテナンス画面\_マスタメンテナンス\_汎用マスタメンテナンス画面 |
| おまとめDB保守 | 54 | 管理画面\_テーブルメンテナンス画面\_マスタメンテナンス\_テーブルメンテナンス画面 |
| おまとめDB保守 | 55 | 管理画面\_棚卸\_棚卸\_ID棚卸実施画面 |
| おまとめDB保守 | 56 | 管理画面\_棚卸\_棚卸\_AP権限棚卸実施画面 |
| おまとめDB保守 | 57 | 管理画面\_棚卸\_棚卸\_手動グループ棚卸実施画面 |
| おまとめDB保守 | 58 | 管理画面\_棚卸\_棚卸\_棚卸担当者一覧 |
| おまとめDB保守 | 59 | 管理画面\_棚卸\_棚卸\_棚卸担当者登録・変更・削除 |
| おまとめDB保守 | 60 | 管理画面\_棚卸\_棚卸\_棚卸期間登録 |
| Web予約 Step2 | 62 | 管理画面\_棚卸\_棚卸\_棚卸完了 |
| Web予約 Step2 | 63 | バッチ\_intra-mart API呼び出し\_intra-martデータ取込\_IMデータ取込 |
| Web予約 Step2 | 64 | バッチ\_intra-mart API呼び出し\_出向受入連携\_出向受入 |
| Web予約 Step2 | 65 | 人事情報取得\_味の素\_人事情報クレンジング\_社員情報収集 |
| Web予約 Step2 | 66 | 人事情報取得\_味の素\_味の素組織情報収集\_味の素 組織マスタ情報収集 |
| Web予約 Step2 | 67 | 人事情報取得\_味の素\_人事情報クレンジング、IDマスタ更新\_人事情報データクレンジング |
| Web予約 Step2 | 68 | 部門管理アカウント\_情報収集\_intra-mart連携情報作成\_バッチ |
| Web予約 Step2 | 69 | 関係会社アカウント\_情報収集\_intra-mart連携情報作成\_バッチ |
| Web予約 Step2 | 70 | 他テナント   アカウント\_情報収集\_intra-mart連携情報作成\_バッチ |
| おまとめDB保守 | 71 | IDマスタ更新\_発番\_ユーザーID発番\_ユーザーID生成 |
| Web予約 Step2 | 72 | IDマスタ更新\_発番\_ユーザーID発番\_グローバルID生成 |
| Web予約 Step2 | 73 | IDマスタ更新\_発番\_ユーザーID発番\_ダミー社員番号生成 |
| Web予約 Step2 | 74 | IDマスタ更新\_発番\_メールアドレス発番\_メールアドレス生成 |
| Web予約 Step2 | 75 | IDマスタ更新\_発番\_ユーザーID発番\_初期パスワード生成 |
| Web予約 Step2 | 76 | IDマスタ更新\_ユーザアカウント情報作成\_人事情報クレンジング\_ユーザーアカウント属性情報反映    |


https://chat.jbdcl.com/all/pl/i65objxdf78ijd1brj4qjo5pto"
0,morita,"@channel 

お疲れ様です。
こちら、本日作業です。
ご留意いただきますよう、お願いいたします。
"
0,morita,"@channel 

ただいまより作業開始いたします。"
1,morita,"@channel 

---
## **【完了】【４６期組織削除】Xpointメンテナス**
---

標記の件につきまして、作業が完了しました。
以下の件、ご留意いただきますようお願いいたします。

##### 前期組織で提出した申請をコピーして申請を作成した場合、申請の所属組織は前期のものとなります。
##### そのまま申請を提出すると、申請ルートが正しく認識されませんので、設定より所属組織の変更を行ってからの提出をお願いします。
"
0,mattermost,"
## JBDナレッジの更新情報 :pencil: 

* 下記のページが１週間以内に更新されています。



　

|ページ|更新日|更新者|
|-|-|
|[勤務区分一覧](https://wiki.jbdcl.com/662b57409ff03c06b0137f8f)|2025/04/23 03:56|太田 佳織|
|[Office2016導入PC](https://wiki.jbdcl.com/65546c2028cf0e07df594ccf)|2025/04/28 01:10|田渕 達也|
|[VPN拠点責任者](https://wiki.jbdcl.com/67e0c42b9ff03c06b0f2d65d)|2025/04/21 02:38|森田 拓陽|
|[1201_開発戦略本部からのお願い](https://wiki.jbdcl.com/655afc2c28cf0e07df5d900a)|2025/04/21 10:10|冨澤 裕喜|
|[パスワード変更_未実施者](https://wiki.jbdcl.com/66e90c1b9ff03c06b0fc3a74)|2025/04/27 02:10|田渕 達也|
|[1231_受講者状況](https://wiki.jbdcl.com/63e0960d922bc9d167bd84bb)|2025/04/27 02:50|田渕 達也|
|[10.棚卸未実施一覧](https://wiki.jbdcl.com/655c272828cf0e07df5e3b75)|2025/04/28 01:30|田渕 達也|
|[11.棚卸管理シール貼付け未実施一覧](https://wiki.jbdcl.com/66976f629ff03c06b09395f5)|2025/04/27 01:40|田渕 達也|
|[1260_開発サーバー](https://wiki.jbdcl.com/66c6abb29ff03c06b0d2df54)|2025/04/27 01:50|田渕 達也|
|[Windows10PC一覧](https://wiki.jbdcl.com/6556ba1528cf0e07df5aec55)|2025/04/28 01:20|田渕 達也|
|[コーディングプラクティス](https://wiki.jbdcl.com/67ffb1a99ff03c06b0142138)|2025/04/23 09:15|西中 健太|
|[CLIでデプロイする方法](https://wiki.jbdcl.com/67e252a59ff03c06b0f4d923)|2025/04/22 11:43|小坂 海碧|
|[LLMMSS](https://wiki.jbdcl.com/666fdfbc9ff03c06b060782e)|2025/04/25 04:53|石井 教観|
|[50_外販に向けたタスク](https://wiki.jbdcl.com/67da57cc9ff03c06b0f096da)|2025/04/21 04:32|砂盃 梨乃|
|[お知らせ](https://wiki.jbdcl.com/6805af509ff03c06b0180876)|2025/04/21 11:38|石井 教観|
|[議事録](https://wiki.jbdcl.com/67a9b40d9ff03c06b0c853e0)|2025/04/22 01:37|石井 教観|
|[20250423](https://wiki.jbdcl.com/680889669ff03c06b01b56e2)|2025/04/23 03:59|石井 教観|
|[20250423](https://wiki.jbdcl.com/680831c29ff03c06b01a8ad3)|2025/04/23 12:01|砂盃 梨乃|
|[04](https://wiki.jbdcl.com/6801a3839ff03c06b015e139)|2025/04/21 05:09|砂盃 梨乃|
|[2025年4月(武田)](https://wiki.jbdcl.com/6808b8489ff03c06b01bbddb)|2025/04/25 05:43|武田 宏喜|
|[2025年04月(武田)_connectionpool](https://wiki.jbdcl.com/680a98f09ff03c06b01d015d)|2025/04/25 02:46|武田 宏喜|
|[2025年04月(濱島)_PowerAutomate](https://wiki.jbdcl.com/680b46dd9ff03c06b01eb537)|2025/04/25 05:25|濱島 風雅|
|[46期_20250422](https://wiki.jbdcl.com/680769909ff03c06b01a4710)|2025/04/22 07:04|花田 亮太|
|[SS事業部](https://wiki.jbdcl.com/66051d949ff03c06b0d8401d)|2025/04/25 10:58|塩田 祥久|
|[01.目標管理](https://wiki.jbdcl.com/66051db69ff03c06b0d84155)|2025/04/25 10:58|塩田 祥久|
|[02.事業部連絡会](https://wiki.jbdcl.com/6629eec69ff03c06b00e1937)|2025/04/25 10:58|塩田 祥久|
|[20250425開催](https://wiki.jbdcl.com/680ae50c9ff03c06b01d5f31)|2025/04/25 10:54|近澤 昌弘|
|[46期](https://wiki.jbdcl.com/680aec3e9ff03c06b01d8828)|2025/04/25 10:58|横島 瞳|
|[30_設計書](https://wiki.jbdcl.com/67ecef139ff03c06b00204df)|2025/04/22 08:43|井手 ゆりか|
|[Erwin（ER図作成手順）](https://wiki.jbdcl.com/6805de0d9ff03c06b0184bed)|2025/04/22 03:57|中込 颯|
|[2Z22_モダプラポータル](https://wiki.jbdcl.com/6809a3369ff03c06b01c35a3)|2025/04/24 11:44|塩田 祥久|
|[プロジェクト概要](https://wiki.jbdcl.com/6809a47d9ff03c06b01c3b9b)|2025/04/24 11:39|塩田 祥久|
|[単語帳](https://wiki.jbdcl.com/6809a4749ff03c06b01c3b58)|2025/04/24 01:18|塩田 祥久|
|[技術スタック](https://wiki.jbdcl.com/6809a4519ff03c06b01c3a68)|2025/04/24 03:43|塩田 祥久|
|[SharePoint](https://wiki.jbdcl.com/6809c6259ff03c06b01c5e88)|2025/04/25 05:28|塩田 祥久|
|[10.デモンストレーション](https://wiki.jbdcl.com/66908bda9ff03c06b08b9f1b)|2025/04/25 09:04|大和田 啓吾|
|[11.システム導入](https://wiki.jbdcl.com/6697759f9ff03c06b093cc88)|2025/04/25 09:16|大和田 啓吾|
|[21.ユーザ登録](https://wiki.jbdcl.com/669095439ff03c06b08bd696)|2025/04/22 02:14|大和田 啓吾|
|[22.ライセンス認証](https://wiki.jbdcl.com/669095439ff03c06b08bd672)|2025/04/22 02:10|大和田 啓吾|
|[41.Web会議](https://wiki.jbdcl.com/669092a79ff03c06b08bbe6f)|2025/04/22 02:24|大和田 啓吾|
|[ランキングページ](https://wiki.jbdcl.com/63a10a4eb5e7e15fd789a29d)|2025/04/27 02:00|田渕 達也|
"
1,k-oota,"@channel 
### 給与に関するお知らせ


給与について、2点お知らせをいたします。
ご確認の程、よろしくお願いいたします。


#### ①給与改定通知書掲載

WEB給金帳にて、2025年4月分（5/9給与）からの給与改定通知書を
下記の日時に掲載いたします。

##### 【掲載日時】
##### 2025年5月8日(木)　9:00　
   ※5/9給与明細書と同時に掲載いたします。　


#### ②雇用保険料率改定

2025年4月1日（5/9給与）から、雇用保険料率が下記の通り改定となります。
　　　　
【雇用保険料率】

○改定前
個人負担：0.600％　／　会社負担：0.950％　／　合計：1.550％

○改定後
個人負担：0.550％　／　会社負担：0.900％　／　合計：1.450％"
0,morita,"@channel 

お疲れ様です。
以下作業、完了しました。

## 45期全社共有の削除

"
0,mattermost,"
## JBDナレッジの更新情報 :pencil: 

* 下記のページが１週間以内に更新されています。



　

|ページ|更新日|更新者|
|-|-|
|[勤務区分一覧](https://wiki.jbdcl.com/662b57409ff03c06b0137f8f)|2025/04/28 09:40|太田 佳織|
|[Office2016導入PC](https://wiki.jbdcl.com/65546c2028cf0e07df594ccf)|2025/05/05 01:10|田渕 達也|
|[パスワード変更_未実施者](https://wiki.jbdcl.com/66e90c1b9ff03c06b0fc3a74)|2025/05/04 02:10|田渕 達也|
|[1231_受講者状況](https://wiki.jbdcl.com/63e0960d922bc9d167bd84bb)|2025/05/04 02:50|田渕 達也|
|[10.棚卸未実施一覧](https://wiki.jbdcl.com/655c272828cf0e07df5e3b75)|2025/05/05 01:30|田渕 達也|
|[11.棚卸管理シール貼付け未実施一覧](https://wiki.jbdcl.com/66976f629ff03c06b09395f5)|2025/05/04 01:40|田渕 達也|
|[1260_開発サーバー](https://wiki.jbdcl.com/66c6abb29ff03c06b0d2df54)|2025/05/04 01:50|田渕 達也|
|[Windows10PC一覧](https://wiki.jbdcl.com/6556ba1528cf0e07df5aec55)|2025/05/05 01:20|田渕 達也|
|[1-03_メッセージの表示](https://wiki.jbdcl.com/6543729428cf0e07df528c1a)|2025/05/01 01:40|隈部 摩耶|
|[2-13_{{}}は値だけじゃない](https://wiki.jbdcl.com/674eaaf59ff03c06b0716ce0)|2025/05/01 01:41|隈部 摩耶|
|[3_要素と表示を考える](https://wiki.jbdcl.com/667e7cf19ff03c06b07332bd)|2025/04/30 03:41|隈部 摩耶|
|[3-01_HTML要素を出力する](https://wiki.jbdcl.com/67501f8f9ff03c06b073d13b)|2025/04/30 03:12|隈部 摩耶|
|[3-02_リストを表示する](https://wiki.jbdcl.com/6811bee49ff03c06b0210bbe)|2025/04/30 03:13|隈部 摩耶|
|[SSL証明書更新](https://wiki.jbdcl.com/6678dfcc9ff03c06b06a2f49)|2025/05/01 04:43|楠元 駿平|
|[お知らせ](https://wiki.jbdcl.com/6805af509ff03c06b0180876)|2025/05/02 03:28|石井 教観|
|[画面設計](https://wiki.jbdcl.com/6792e71c9ff03c06b0ab7ea1)|2025/05/02 03:28|石井 教観|
|[S51_お知らせ詳細画面](https://wiki.jbdcl.com/681468b09ff03c06b022ff90)|2025/05/02 03:41|石井 教観|
|[20250507](https://wiki.jbdcl.com/681480409ff03c06b02316a9)|2025/05/02 05:47|石井 教観|
|[議事録](https://wiki.jbdcl.com/681145fa9ff03c06b020797d)|2025/04/30 07:57|木下 凌介|
|[46期_20250430](https://wiki.jbdcl.com/680769909ff03c06b01a4710)|2025/04/28 07:06|花田 亮太|
|[2Z020910_レビュー観点](https://wiki.jbdcl.com/66308f869ff03c06b016222a)|2025/04/28 03:04|青山 謙二|
|[21_保守関連](https://wiki.jbdcl.com/6811e3559ff03c06b0217116)|2025/04/30 05:56|藤本 力|
|[2Z22_モダプラポータル](https://wiki.jbdcl.com/6809a3369ff03c06b01c35a3)|2025/05/01 11:01|塩田 祥久|
|[SharePoint](https://wiki.jbdcl.com/6809c6259ff03c06b01c5e88)|2025/04/28 10:56|塩田 祥久|
|[要件定義](https://wiki.jbdcl.com/6812d5d19ff03c06b021eb42)|2025/05/01 11:08|塩田 祥久|
|[3400_営業庶務](https://wiki.jbdcl.com/681186779ff03c06b020cb3d)|2025/04/30 11:09|宮﨑 景悟|
|[ランキングページ](https://wiki.jbdcl.com/63a10a4eb5e7e15fd789a29d)|2025/05/04 02:00|田渕 達也|
"
1,mattermost,"@channel 

ChatGPTの利用調査を実施したいと考えております。
5/20までにご回答ください。

https://chat.jbdcl.com/jbd/pl/uww4w56fdpnydbbaamq5zr5uqr"
1,y-tomizawa,"@channel 

## 開発庶務関連のXPOINT稟議一覧を表示 /jbd_ringi

* JBDチャンネルにて、開発庶務関連のXPOINT稟議一覧を表示できるコマンドを作成しました。
* いままでは、GroupSessionに表があり、そこからリンクを開いておりましたが、Mattermostからもリンクを含んだ表を表示できるようになりました。
* 表の稟議名にリンクが貼ってありますので、そこをクリックするとXPOINTの稟議画面に遷移致します。(申請権限がないものは表示できません。)
* 実施コマンドは以下になります。

|||
|-|-|
|実施場所|JBD|
|コマンド|`/jbd_ringi`|

"
0,mattermost,"
## JBDナレッジの更新情報 :pencil: 

* 下記のページが１週間以内に更新されています。



　

|ページ|更新日|更新者|
|-|-|
|[Office2016導入PC](https://wiki.jbdcl.com/65546c2028cf0e07df594ccf)|2025/05/12 01:10|田渕 達也|
|[1210_01_Mattermostのコマンド](https://wiki.jbdcl.com/63be6af82569e8f7a437836d)|2025/05/09 03:49|冨澤 裕喜|
|[パスワード変更_未実施者](https://wiki.jbdcl.com/66e90c1b9ff03c06b0fc3a74)|2025/05/11 02:10|田渕 達也|
|[1231_受講者状況](https://wiki.jbdcl.com/63e0960d922bc9d167bd84bb)|2025/05/11 02:50|田渕 達也|
|[10.棚卸未実施一覧](https://wiki.jbdcl.com/655c272828cf0e07df5e3b75)|2025/05/12 01:30|田渕 達也|
|[11.棚卸管理シール貼付け未実施一覧](https://wiki.jbdcl.com/66976f629ff03c06b09395f5)|2025/05/11 01:40|田渕 達也|
|[1260_開発サーバー](https://wiki.jbdcl.com/66c6abb29ff03c06b0d2df54)|2025/05/11 01:50|田渕 達也|
|[1270_資産管理](https://wiki.jbdcl.com/67aea4709ff03c06b0cc7afe)|2025/05/09 02:24|冨澤 裕喜|
|[01_資産登録](https://wiki.jbdcl.com/67aeb04a9ff03c06b0ccafab)|2025/05/08 05:33|冨澤 裕喜|
|[02_利用申請](https://wiki.jbdcl.com/67b296009ff03c06b0ce688a)|2025/05/09 07:36|冨澤 裕喜|
|[Windows10PC一覧](https://wiki.jbdcl.com/6556ba1528cf0e07df5aec55)|2025/05/12 01:20|田渕 達也|
|[3-01_HTML要素を出力する](https://wiki.jbdcl.com/67501f8f9ff03c06b073d13b)|2025/05/09 02:10|隈部 摩耶|
|[3-02_リストを表示する](https://wiki.jbdcl.com/6811bee49ff03c06b0210bbe)|2025/05/09 02:10|隈部 摩耶|
|[3-03_テンプレートリテラルについて](https://wiki.jbdcl.com/681d8ddd9ff03c06b026d313)|2025/05/09 02:11|隈部 摩耶|
|[2A10_AIを活用した業務効率](https://wiki.jbdcl.com/6616581e9ff03c06b0f3727a)|2025/05/07 03:43|砂盃 梨乃|
|[20250507](https://wiki.jbdcl.com/681b01439ff03c06b0245911)|2025/05/07 04:29|石井 教観|
|[_template](https://wiki.jbdcl.com/66c57e649ff03c06b0d18aaf)|2025/05/07 03:44|砂盃 梨乃|
|[20250507](https://wiki.jbdcl.com/681480409ff03c06b02316a9)|2025/05/07 10:58|砂盃 梨乃|
|[議事録](https://wiki.jbdcl.com/681145fa9ff03c06b020797d)|2025/05/08 07:30|木下 凌介|
|[2Z20_【NTTAT】研究所SO・電子決裁システム](https://wiki.jbdcl.com/67ecec4a9ff03c06b001fae9)|2025/05/09 04:33|井手 ゆりか|
|[30_設計書](https://wiki.jbdcl.com/67ecef139ff03c06b00204df)|2025/05/09 01:00|井手 ゆりか|
|[10.デモンストレーション](https://wiki.jbdcl.com/66908bda9ff03c06b08b9f1b)|2025/05/12 01:24|大和田 啓吾|
|[ランキングページ](https://wiki.jbdcl.com/63a10a4eb5e7e15fd789a29d)|2025/05/11 02:00|田渕 達也|
"
1,y-tomizawa,"@channel 

## JBD社内システムリンクを表示 /jbd_system

* JBDチャンネルにて、GroupSessionにある社内システムサイトのリンク表示をMattermostにて表示できるようにコマンドを作成しました。
* システム名の横に社内用と社外用のURLリンクがありますので、クリックいただければ、ページに遷移できます。
* 実施コマンドは以下になります。

|||
|-|-|
|実施場所|JBD|
|コマンド|`/jbd_system`|

"
0,k-takeda,"@y-tomizawa 
ご対応ありがとうございます。大変助かります。1点質問なのですが、こちらは9件ですが、
同じものを表示しているわけではないという感じですかね？"
0,y-tomizawa,"@k-takeda さん
caitayo（旧：音声文字起こしツール）以外は同じものを設定しております。
"
0,mattermost,"
## JBDナレッジの更新情報 :pencil: 

* 下記のページが１週間以内に更新されています。



　

|ページ|更新日|更新者|
|-|-|
|[Office2016導入PC](https://wiki.jbdcl.com/65546c2028cf0e07df594ccf)|2025/05/19 01:10|田渕 達也|
|[1210_01_Mattermostのコマンド](https://wiki.jbdcl.com/63be6af82569e8f7a437836d)|2025/05/13 02:15|冨澤 裕喜|
|[パスワード変更_未実施者](https://wiki.jbdcl.com/66e90c1b9ff03c06b0fc3a74)|2025/05/18 02:10|田渕 達也|
|[1231_受講者状況](https://wiki.jbdcl.com/63e0960d922bc9d167bd84bb)|2025/05/18 02:50|田渕 達也|
|[10.棚卸未実施一覧](https://wiki.jbdcl.com/655c272828cf0e07df5e3b75)|2025/05/19 01:30|田渕 達也|
|[11.棚卸管理シール貼付け未実施一覧](https://wiki.jbdcl.com/66976f629ff03c06b09395f5)|2025/05/18 01:40|田渕 達也|
|[1260_開発サーバー](https://wiki.jbdcl.com/66c6abb29ff03c06b0d2df54)|2025/05/18 01:50|田渕 達也|
|[01_資産登録](https://wiki.jbdcl.com/67aeb04a9ff03c06b0ccafab)|2025/05/13 05:34|冨澤 裕喜|
|[02_利用申請](https://wiki.jbdcl.com/67b296009ff03c06b0ce688a)|2025/05/14 07:00|冨澤 裕喜|
|[Windows10PC一覧](https://wiki.jbdcl.com/6556ba1528cf0e07df5aec55)|2025/05/19 01:20|田渕 達也|
|[コーディングプラクティス](https://wiki.jbdcl.com/67ffb1a99ff03c06b0142138)|2025/05/17 10:30|西中 健太|
|[01_良いコードとは？](https://wiki.jbdcl.com/6827e2839ff03c06b03024bc)|2025/05/17 10:29|西中 健太|
|[Associate Traditional Web Developer (O11)](https://wiki.jbdcl.com/6823e3ff9ff03c06b02ad1cb)|2025/05/15 08:52|田中 颯人|
|[01.学習内容](https://wiki.jbdcl.com/6823e40c9ff03c06b02ad214)|2025/05/14 09:30|松本 謙礼|
|[02.進捗](https://wiki.jbdcl.com/6823e4219ff03c06b02ad2b9)|2025/05/14 09:30|松本 謙礼|
|[宮原](https://wiki.jbdcl.com/6825b9869ff03c06b02d8ff8)|2025/05/16 06:23|宮原 優太|
|[田中](https://wiki.jbdcl.com/6825c34a9ff03c06b02db6d1)|2025/05/16 06:37|田中 颯人|
|[髙間](https://wiki.jbdcl.com/6825b98e9ff03c06b02d9070)|2025/05/16 06:35|髙間 裕矢|
|[dstatをグラフ化してブラウザから確認する](https://wiki.jbdcl.com/6822eb779ff03c06b02a086a)|2025/05/13 04:23|髙野 泰河|
|[Kubernetes環境構築](https://wiki.jbdcl.com/6824205b9ff03c06b02b5cf0)|2025/05/15 01:16|板坂 敬生|
|[0001_永続ストレージの準備](https://wiki.jbdcl.com/68256a9c9ff03c06b02cf5f8)|2025/05/16 06:01|板坂 敬生|
|[0002_サンプルWebアプリケーションの作成と準備](https://wiki.jbdcl.com/6825ab0d9ff03c06b02d595a)|2025/05/15 06:56|板坂 敬生|
|[0003_jenkinsサーバの構築](https://wiki.jbdcl.com/6826bad79ff03c06b02ed95a)|2025/05/16 01:35|板坂 敬生|
|[0004_dockerコンテナ化作業](https://wiki.jbdcl.com/6826ce6b9ff03c06b02f4d09)|2025/05/16 03:40|板坂 敬生|
|[0005_Docker Registryを自前で構築する](https://wiki.jbdcl.com/6826de479ff03c06b02f7e45)|2025/05/16 05:26|板坂 敬生|
|[0006_Kubernetesへアプリをデプロイする](https://wiki.jbdcl.com/6826e6fc9ff03c06b02f9337)|2025/05/16 05:16|板坂 敬生|
|[0007_ingress-nginxを使用した外部からのアクセス](https://wiki.jbdcl.com/682702239ff03c06b02fd803)|2025/05/16 06:34|板坂 敬生|
|[S10_トップ画面](https://wiki.jbdcl.com/6719cc3e9ff03c06b03ca1af)|2025/05/16 10:05|石井 教観|
|[30_指摘項目](https://wiki.jbdcl.com/6823f5c89ff03c06b02b0e1d)|2025/05/14 05:24|砂盃 梨乃|
|[90_社内展開の進め方](https://wiki.jbdcl.com/6800e4aa9ff03c06b015a146)|2025/05/12 04:56|砂盃 梨乃|
|[タスク](https://wiki.jbdcl.com/67a5baee9ff03c06b0c6212b)|2025/05/15 09:32|石井 教観|
|[認証](https://wiki.jbdcl.com/67986e9f9ff03c06b0b1a3a4)|2025/05/13 02:59|石井 教観|
|[F01_ヘッダ](https://wiki.jbdcl.com/679c80fe9ff03c06b0b83ffd)|2025/05/13 02:48|石井 教観|
|[S21_タスク詳細画面](https://wiki.jbdcl.com/679354609ff03c06b0ad0d8f)|2025/05/13 02:47|石井 教観|
|[2025年05月(荒井)](https://wiki.jbdcl.com/67f70a579ff03c06b00c4547)|2025/05/14 05:00|青山 謙二|
|[AIリコメンドについて（上村）](https://wiki.jbdcl.com/682403bf9ff03c06b02b32ad)|2025/05/14 11:52|青山 謙二|
|[LTS事業部](https://wiki.jbdcl.com/6822898e9ff03c06b02925f8)|2025/05/13 09:58|深川 憲一|
|[00.事業部方針](https://wiki.jbdcl.com/68228a689ff03c06b0292735)|2025/05/13 08:57|深川 憲一|
|[01.事業部会議](https://wiki.jbdcl.com/68228a7c9ff03c06b0292776)|2025/05/13 10:19|深川 憲一|
|[4月度](https://wiki.jbdcl.com/682297819ff03c06b02950ad)|2025/05/13 09:53|深川 憲一|
|[2Z02030101_個別エントリー(一括エントリー)](https://wiki.jbdcl.com/672316b49ff03c06b048247f)|2025/05/18 10:09|大橋 美樹|
|[80_管理](https://wiki.jbdcl.com/66a1a71d9ff03c06b0a39123)|2025/05/14 09:05|安藤 翼|
|[11.システム導入](https://wiki.jbdcl.com/6697759f9ff03c06b093cc88)|2025/05/14 03:57|大和田 啓吾|
|[41.Web会議](https://wiki.jbdcl.com/669092a79ff03c06b08bbe6f)|2025/05/14 11:18|大和田 啓吾|
|[ランキングページ](https://wiki.jbdcl.com/63a10a4eb5e7e15fd789a29d)|2025/05/18 02:00|田渕 達也|
"
0,matterpoll,投票 **ChatGPTを利用していますか？ 5/20までに回答ください。** が終了し、元の投稿が更新されました。[ここをクリックすることで](https://chat.jbdcl.com/_redirect/pl/uww4w56fdpnydbbaamq5zr5uqr)投票結果へ移動できます。
0,ry-hanada,"無償版でも使用されている方はかなりの数がいらっしゃいますね。
有償版の数も多いので、有用性を感じました。"
0,mattermost,"
## JBDナレッジの更新情報 :pencil: 

* 下記のページが１週間以内に更新されています。



　

|ページ|更新日|更新者|
|-|-|
|[Office2016導入PC](https://wiki.jbdcl.com/65546c2028cf0e07df594ccf)|2025/05/26 01:10|田渕 達也|
|[1201_開発戦略本部からのお願い](https://wiki.jbdcl.com/655afc2c28cf0e07df5d900a)|2025/05/23 05:34|冨澤 裕喜|
|[パスワード変更_未実施者](https://wiki.jbdcl.com/66e90c1b9ff03c06b0fc3a74)|2025/05/25 02:10|田渕 達也|
|[1231_受講者状況](https://wiki.jbdcl.com/63e0960d922bc9d167bd84bb)|2025/05/25 02:50|田渕 達也|
|[10.棚卸未実施一覧](https://wiki.jbdcl.com/655c272828cf0e07df5e3b75)|2025/05/26 01:30|田渕 達也|
|[11.棚卸管理シール貼付け未実施一覧](https://wiki.jbdcl.com/66976f629ff03c06b09395f5)|2025/05/25 01:40|田渕 達也|
|[1260_開発サーバー](https://wiki.jbdcl.com/66c6abb29ff03c06b0d2df54)|2025/05/25 01:50|田渕 達也|
|[Windows10PC一覧](https://wiki.jbdcl.com/6556ba1528cf0e07df5aec55)|2025/05/26 01:20|田渕 達也|
|[Associate Traditional Web Developer (O11)](https://wiki.jbdcl.com/6823e3ff9ff03c06b02ad1cb)|2025/05/22 09:29|田中 颯人|
|[02.進捗](https://wiki.jbdcl.com/6823e4219ff03c06b02ad2b9)|2025/05/23 05:51|宮原 優太|
|[宮原](https://wiki.jbdcl.com/6825b9869ff03c06b02d8ff8)|2025/05/20 07:08|宮原 優太|
|[田中](https://wiki.jbdcl.com/6825c34a9ff03c06b02db6d1)|2025/05/23 05:57|田中 颯人|
|[髙間](https://wiki.jbdcl.com/6825b98e9ff03c06b02d9070)|2025/05/20 07:10|髙間 裕矢|
|[0008_CICDパイプラインの作成](https://wiki.jbdcl.com/682e8dfb9ff03c06b0351311)|2025/05/22 04:24|板坂 敬生|
|[Azure Filesの復元](https://wiki.jbdcl.com/682eafb59ff03c06b0356151)|2025/05/22 06:45|小坂 海碧|
|[vCSAの証明書エラーについて](https://wiki.jbdcl.com/682ed1369ff03c06b035d2cb)|2025/05/22 04:57|板坂 敬生|
|[指摘適用箇所・利用データ位置指定方法](https://wiki.jbdcl.com/682c30b99ff03c06b032daa8)|2025/05/20 05:11|砂盃 梨乃|
|[90_社内展開の進め方](https://wiki.jbdcl.com/6800e4aa9ff03c06b015a146)|2025/05/20 01:37|砂盃 梨乃|
|[20250521](https://wiki.jbdcl.com/682d72bc9ff03c06b033e7b2)|2025/05/21 04:08|石井 教観|
|[100_AIM](https://wiki.jbdcl.com/674eb6189ff03c06b07189a4)|2025/05/20 06:57|砂盃 梨乃|
|[05](https://wiki.jbdcl.com/682c52629ff03c06b0332fc3)|2025/05/22 05:16|砂盃 梨乃|
|[2025年05月(相馬)_PowerAutomateによる業務改善実績](https://wiki.jbdcl.com/682a8fe69ff03c06b0313260)|2025/05/22 10:21|相馬 翔太|
|[01-1.心得（社員用）](https://wiki.jbdcl.com/67639e399ff03c06b0848063)|2025/05/21 02:27|市古 果耶|
|[2Z020907_Cookie関連](https://wiki.jbdcl.com/655d89af28cf0e07df5fa195)|2025/05/21 03:36|青山 謙二|
|[80_管理](https://wiki.jbdcl.com/66a1a71d9ff03c06b0a39123)|2025/05/21 11:04|安藤 翼|
|[Erwin（ER図作成手順）](https://wiki.jbdcl.com/6805de0d9ff03c06b0184bed)|2025/05/22 05:53|中込 颯|
|[02_管理簿一覧表示設定手順](https://wiki.jbdcl.com/67f876c09ff03c06b00e0ded)|2025/05/20 12:04|中込 颯|
|[業務外](https://wiki.jbdcl.com/682c41d49ff03c06b032f8eb)|2025/05/20 05:49|馬場 健司|
|[大阪万博のTips](https://wiki.jbdcl.com/6826a9c79ff03c06b02ebef0)|2025/05/22 09:13|馬場 健司|
|[ランキングページ](https://wiki.jbdcl.com/63a10a4eb5e7e15fd789a29d)|2025/05/25 02:00|田渕 達也|
"
0,mattermost,"
## JBDナレッジの更新情報 :pencil: 

* 下記のページが１週間以内に更新されています。



　

|ページ|更新日|更新者|
|-|-|
|[Office2016導入PC](https://wiki.jbdcl.com/65546c2028cf0e07df594ccf)|2025/06/02 01:10|田渕 達也|
|[パスワード変更_未実施者](https://wiki.jbdcl.com/66e90c1b9ff03c06b0fc3a74)|2025/06/01 02:10|田渕 達也|
|[1210_13_jitsiの使い方](https://wiki.jbdcl.com/67b3e7d89ff03c06b0d077d6)|2025/05/29 10:19|田渕 達也|
|[1231_受講者状況](https://wiki.jbdcl.com/63e0960d922bc9d167bd84bb)|2025/06/01 02:50|田渕 達也|
|[10.棚卸未実施一覧](https://wiki.jbdcl.com/655c272828cf0e07df5e3b75)|2025/06/02 01:30|田渕 達也|
|[11.棚卸管理シール貼付け未実施一覧](https://wiki.jbdcl.com/66976f629ff03c06b09395f5)|2025/06/01 01:40|田渕 達也|
|[1260_開発サーバー](https://wiki.jbdcl.com/66c6abb29ff03c06b0d2df54)|2025/06/01 01:50|田渕 達也|
|[Windows10PC一覧](https://wiki.jbdcl.com/6556ba1528cf0e07df5aec55)|2025/06/02 01:20|田渕 達也|
|[宮原](https://wiki.jbdcl.com/6825b9869ff03c06b02d8ff8)|2025/05/29 05:56|宮原 優太|
|[髙間](https://wiki.jbdcl.com/6825b98e9ff03c06b02d9070)|2025/05/29 05:46|髙間 裕矢|
|[5_その他](https://wiki.jbdcl.com/68383c709ff03c06b040918c)|2025/05/29 07:52|永井 利樹|
|[6_ベストプラクティスまとめ](https://wiki.jbdcl.com/68383c889ff03c06b040949e)|2025/05/29 07:52|永井 利樹|
|[6_1 公式スタイルガイド](https://wiki.jbdcl.com/68383cb89ff03c06b040955d)|2025/05/29 07:58|永井 利樹|
|[0008_CICDパイプラインの作成](https://wiki.jbdcl.com/682e8dfb9ff03c06b0351311)|2025/05/30 03:42|板坂 敬生|
|[90_社内展開の進め方](https://wiki.jbdcl.com/6800e4aa9ff03c06b015a146)|2025/05/27 11:36|砂盃 梨乃|
|[91_利用方法（社内利用向け）](https://wiki.jbdcl.com/6821abff9ff03c06b028b088)|2025/05/30 02:54|砂盃 梨乃|
|[2E00_社内システム](https://wiki.jbdcl.com/6837c25e9ff03c06b03eff24)|2025/06/01 03:16|吉本 良一|
|[KPT Bot](https://wiki.jbdcl.com/68350f699ff03c06b03ba137)|2025/05/27 10:07|馬場 健司|
|[会議室利用状況](https://wiki.jbdcl.com/6837c3b19ff03c06b03f0c0b)|2025/05/29 12:47|田渕 達也|
|[掃除当番管理システム](https://wiki.jbdcl.com/6837dac99ff03c06b03f54fe)|2025/05/29 01:37|田渕 達也|
|[業務経歴書管理](https://wiki.jbdcl.com/683bf0209ff03c06b042905f)|2025/06/01 03:35|吉本 良一|
|[社内備品在庫管理](https://wiki.jbdcl.com/683964659ff03c06b041d630)|2025/05/30 05:49|斧田 充晃|
|[05](https://wiki.jbdcl.com/682c52629ff03c06b0332fc3)|2025/05/27 04:08|砂盃 梨乃|
|[2025年5月(田中)](https://wiki.jbdcl.com/6836e8cc9ff03c06b03e6cfd)|2025/05/30 05:20|田中 覚|
|[2025年05月(相馬)_PowerAutomateによる業務改善実績](https://wiki.jbdcl.com/682a8fe69ff03c06b0313260)|2025/05/26 05:18|相馬 翔太|
|[46期_20250527](https://wiki.jbdcl.com/68357c129ff03c06b03cae4d)|2025/05/29 05:27|花田 亮太|
|[20250529開催](https://wiki.jbdcl.com/6837d7d29ff03c06b03f4472)|2025/05/29 05:34|横島 瞳|
|[21_保守関連](https://wiki.jbdcl.com/6811e3559ff03c06b0217116)|2025/06/01 09:49|藤本 力|
|[社内向けポータル開発](https://wiki.jbdcl.com/683401829ff03c06b03a29c5)|2025/05/29 02:03|塩田 祥久|
|[大阪万博のTips](https://wiki.jbdcl.com/6826a9c79ff03c06b02ebef0)|2025/05/30 02:49|馬場 健司|
|[ランキングページ](https://wiki.jbdcl.com/63a10a4eb5e7e15fd789a29d)|2025/06/01 02:00|田渕 達也|
"
1,y-kubota,"@channel 

#### 2025年度 新入社員研修 成果発表会について

お疲れ様です。人事本部の久保田です。
先ほどGroupSessionの掲示板にUPしたものと同内容を、こちらでもアナウンス差し上げます。

```
各位

お疲れ様です。人事本部の久保田です。

新入社員研修の成果発表会について、概要が確定いたしましたので、以下の通りご案内いたします。

・日付：2025/6/27(金)
・時間：東京…10:15～14:20（12:00～13:00は昼休憩です。）
　　　　大阪…15:00～17:15
・形式：対面&オンライン(Zoom) ※URLは別途ご案内いたします。
・場所：東京…五反田事業所セミナールーム
　　　　大阪…大阪本社第4会議室

今年は、大阪/東京の発表開始時間をずらし、両拠点の発表を見ることが可能となりました。

また、録画によるJBDナレッジでの公開についても検討中です。
（株式会社富士通ラーニングメディア様に録画許可の確認中です。）

なお、詳細につきましては、後日別途ご案内いたします。

成果発表会の対象カリキュラムである「Springによる?システム開発疑似体験?」が、6/10(火)より開始となります。
詳細の確定とご案内は、それ以降を予定しておりますので、予めご了承くださいませ。

【今後公開する詳細の予定】
・タイムスケジュール
・発表内容
・グループ/メンバー紹介
・グループ/メンバー目標
など

皆様のご参加、お待ちしております。

以上、ご確認の程、よろしくお願いいたします。
```"
1,k-oota,"@channel 

### 令和7年分住民税決定通知書配布について


標記の件ですが、事業部長経由で配布いたします。

客先常駐等でお渡しできない方につきましては、
経営管理本部よりご自宅へ送付いたします。
届き次第ご確認ください。
※6月分（7/10給与）より給与天引開始です。


【配布のない方】
○令和7年1月1日以降入社の方"
1,a-miyabayashi,"@channel 
### ストレスチェックについてのお知らせ

お疲れ様です。
経営管理本部　宮林です。


メンタルヘルス不調を未然に防止するため、
及び働きやすい職場環境の形成を目的としたストレスチェックを行います。
詳細につきましては、添付資料をご確認ください。

```
■実施期間
　　2025年7月1日（火）～ 2025年7月31日（木）迄

■実施対象者
　　2025年4月1日時点で就業している全社員
```
https://gs.jbdcl.com/gsession/common/cmn001.do?url=%2Fgsession%2Fbulletin%2Fbbs060.do%3Fbbs010forumSid%3D5%26threadSid%3D2898

お忙しいところ恐れ入りますが、よろしくお願いいたします。 
"
1,morita,"@channel

## 【重要】Microsoftアカウント変更に関して

---

現在、Office365の導入に向けて作業をしており、管理テナントへのドメインの紐付けが必要となっております。
しかしながら、未管理状態にてメールアドレスがMicrosoftアカウントとして利用さているため上記紐づけ作業ができない状況です。

つきましては、ドメイン移管の実施に当たり、以下の通りメールアドレスユーザのログインID変更を実施いたします。

---

- **実施日：2025/6/12（木）12:00 ～ 12:30**
- **実施内容：ログインIDの＠以降をmicrosoft固有のものに変更**

| 変更前 | 変更後 |
| --- | --- |
| @jbd.co.jp    |   @jbdcojp.onmicrosoft.com |
| @x1.jbd.co.jp | @x1jbdcojp.onmicrosoft.com |
| @x2.jbd.co.jp | @x2jbdcojp.onmicrosoft.com |

なお、現在利用されているアカウントは以下に記載しております。

[Microsoftアカウント利用者](https://wiki.jbdcl.com/user/morita/Microsoftアカウント利用者)

作業実施後、アカウントへの再ログインが要求されます。
アカウントが不要・パスワードがわからない・多要素認証 (MFA)が不明等あればご連絡ください。

---

以上 お手数をおかけしますが、よろしくお願いいたします。"
0,n-ooe,"@morita 
Microsoftアカウントの件ですが、JBDのメアドを変更するわけではなく、
Microsoftに登録している個人のアカウントに紐づいているメアドを変更する意味でしょうか？

いまいちよく分かっていないのですが、組織的な変更の場合には「職場アカウント」の変更になるのでないですか？
"
0,morita,"@n-ooe 

お疲れ様です。

>組織的な変更の場合には「職場アカウント」の変更になるのでないですか？

この認識であっています。
昔から利用していた方は、同一のメールアドレスで個人・組織２つのアカウントを所有している場合があります。
今回は組織アカウントのログインIDを変更します。
"
0,n-ooe,"@morita 
ご確認、ありがとうございます。

ただし、わたしの個人のアカウントは「jbd.co.jp」ですが、職場アカウントはすでに「onmicrosoft.com」です。
wikiに記載のMicrosoft アカウント利用者のうち、「jbd.co.jp」にわたしが含まれているのはなぜでしょうか？

このチャネルで細かい会話はするべきではないため、別途、個別に会話しましょう。

"
0,mattermost,"
## JBDナレッジの更新情報 :pencil: 

* 下記のページが１週間以内に更新されています。



　

|ページ|更新日|更新者|
|-|-|
|[Office2016導入PC](https://wiki.jbdcl.com/65546c2028cf0e07df594ccf)|2025/06/09 01:10|田渕 達也|
|[パスワード変更_未実施者](https://wiki.jbdcl.com/66e90c1b9ff03c06b0fc3a74)|2025/06/08 02:10|田渕 達也|
|[1231_受講者状況](https://wiki.jbdcl.com/63e0960d922bc9d167bd84bb)|2025/06/08 02:50|田渕 達也|
|[10.棚卸未実施一覧](https://wiki.jbdcl.com/655c272828cf0e07df5e3b75)|2025/06/09 01:30|田渕 達也|
|[11.棚卸管理シール貼付け未実施一覧](https://wiki.jbdcl.com/66976f629ff03c06b09395f5)|2025/06/08 01:40|田渕 達也|
|[1260_開発サーバー](https://wiki.jbdcl.com/66c6abb29ff03c06b0d2df54)|2025/06/08 01:50|田渕 達也|
|[01_資産登録](https://wiki.jbdcl.com/67aeb04a9ff03c06b0ccafab)|2025/06/05 10:22|冨澤 裕喜|
|[02_利用申請](https://wiki.jbdcl.com/67b296009ff03c06b0ce688a)|2025/06/03 05:05|冨澤 裕喜|
|[Windows10PC一覧](https://wiki.jbdcl.com/6556ba1528cf0e07df5aec55)|2025/06/09 01:20|田渕 達也|
|[1811_移動202507](https://wiki.jbdcl.com/683e9a219ff03c06b046e70b)|2025/06/05 08:43|田渕 達也|
|[宮原](https://wiki.jbdcl.com/6825b9869ff03c06b02d8ff8)|2025/06/05 09:49|宮原 優太|
|[髙間](https://wiki.jbdcl.com/6825b98e9ff03c06b02d9070)|2025/06/03 09:33|髙間 裕矢|
|[3-03_テンプレートリテラルについて](https://wiki.jbdcl.com/681d8ddd9ff03c06b026d313)|2025/06/05 11:35|隈部 摩耶|
|[番外編：v-htmlを使わないとどうなる](https://wiki.jbdcl.com/684101659ff03c06b04ad1b6)|2025/06/05 11:34|隈部 摩耶|
|[3-04_JavaScriot エクスプレッション](https://wiki.jbdcl.com/684100e19ff03c06b04acc8e)|2025/06/05 11:30|隈部 摩耶|
|[RHUI構築＆閉鎖環境への差分同期](https://wiki.jbdcl.com/683cfca89ff03c06b0431219)|2025/06/04 12:58|板坂 敬生|
|[apt-mirror構築＆閉鎖環境への差分同期](https://wiki.jbdcl.com/683fc4d89ff03c06b048f1c4)|2025/06/05 10:17|板坂 敬生|
|[0008_CICDパイプラインの作成](https://wiki.jbdcl.com/682e8dfb9ff03c06b0351311)|2025/06/04 11:57|板坂 敬生|
|[2603_GitLabでのCICDについて](https://wiki.jbdcl.com/683e8e539ff03c06b046b2d4)|2025/06/03 05:40|武田 宏喜|
|[テナント契約操作](https://wiki.jbdcl.com/67ca5ec69ff03c06b0e4a0dd)|2025/06/03 12:02|石井 教観|
|[シーケンス図](https://wiki.jbdcl.com/67184a6f9ff03c06b039d536)|2025/06/03 11:07|石井 教観|
|[S31_サービス詳細更新画面](https://wiki.jbdcl.com/671b3fb19ff03c06b03fa129)|2025/06/03 02:58|石井 教観|
|[S61_契約サービス詳細更新画面](https://wiki.jbdcl.com/672062519ff03c06b044627f)|2025/06/03 11:59|石井 教観|
|[S71_サービス利用者詳細更新画面](https://wiki.jbdcl.com/672034a49ff03c06b043ca35)|2025/06/03 11:52|石井 教観|
|[91_利用方法（社内利用向け）](https://wiki.jbdcl.com/6821abff9ff03c06b028b088)|2025/06/04 11:23|砂盃 梨乃|
|[80_社内利用改善](https://wiki.jbdcl.com/682fb95e9ff03c06b036a384)|2025/06/02 05:04|田渕 達也|
|[20250604](https://wiki.jbdcl.com/683fe87c9ff03c06b0495ed6)|2025/06/04 03:54|砂盃 梨乃|
|[20250604](https://wiki.jbdcl.com/683d3f709ff03c06b044178a)|2025/06/04 09:07|砂盃 梨乃|
|[2E00_社内システム](https://wiki.jbdcl.com/6837c25e9ff03c06b03eff24)|2025/06/04 01:34|田渕 達也|
|[00_環境構築](https://wiki.jbdcl.com/683e8f009ff03c06b046bcdb)|2025/06/04 11:08|田渕 達也|
|[00_開発方針](https://wiki.jbdcl.com/683fca619ff03c06b04907c7)|2025/06/04 01:40|田渕 達也|
|[10_Server](https://wiki.jbdcl.com/683faac79ff03c06b04892e6)|2025/06/04 11:38|田渕 達也|
|[20_DB](https://wiki.jbdcl.com/683faa4f9ff03c06b0488df9)|2025/06/04 11:07|田渕 達也|
|[社内システム案](https://wiki.jbdcl.com/683fa9d59ff03c06b048861a)|2025/06/04 11:05|田渕 達也|
|[KPT Bot](https://wiki.jbdcl.com/68350f699ff03c06b03ba137)|2025/06/04 02:46|馬場 健司|
|[素案](https://wiki.jbdcl.com/683fd5969ff03c06b049317c)|2025/06/04 02:12|馬場 健司|
|[お客さま名刺管理システム](https://wiki.jbdcl.com/683e488e9ff03c06b0453555)|2025/06/03 09:59|後藤 充|
|[ポータル](https://wiki.jbdcl.com/683e81c69ff03c06b0466dff)|2025/06/05 10:56|田渕 達也|
|[協力会社管理システム](https://wiki.jbdcl.com/683ceba79ff03c06b042ba06)|2025/06/02 11:03|松本 謙礼|
|[社内備品在庫管理](https://wiki.jbdcl.com/683964659ff03c06b041d630)|2025/06/03 05:12|斧田 充晃|
|[社内向けチャットボットシステム構築計画](https://wiki.jbdcl.com/683d5dea9ff03c06b0449aa4)|2025/06/02 05:35|田渕 達也|
|[脆弱性情報共有システム](https://wiki.jbdcl.com/683d03899ff03c06b0432996)|2025/06/05 07:01|髙橋 明仁|
|[2025年06月(大江)](https://wiki.jbdcl.com/6842dedb9ff03c06b04d9f77)|2025/06/06 09:29|大江 希|
|[20250529開催](https://wiki.jbdcl.com/6837d7d29ff03c06b03f4472)|2025/06/02 09:40|塩田 祥久|
|[010101_健康保険](https://wiki.jbdcl.com/64b4d70b28cf0e07dffad602)|2025/06/02 11:37|玉野井 明良|
|[お問い合わせ](https://wiki.jbdcl.com/683d02ba9ff03c06b04324b1)|2025/06/05 02:30|塩田 祥久|
|[10.デモンストレーション](https://wiki.jbdcl.com/66908bda9ff03c06b08b9f1b)|2025/06/06 06:40|大和田 啓吾|
|[11.システム導入](https://wiki.jbdcl.com/6697759f9ff03c06b093cc88)|2025/06/06 08:22|大和田 啓吾|
|[大阪万博のTips](https://wiki.jbdcl.com/6826a9c79ff03c06b02ebef0)|2025/06/02 12:47|馬場 健司|
|[ランキングページ](https://wiki.jbdcl.com/63a10a4eb5e7e15fd789a29d)|2025/06/08 02:00|田渕 達也|
"
0,morita,"@channel 

こちらの作業完了しました。
"
0,mattermost,"
## JBDナレッジの更新情報 :pencil: 

* 下記のページが１週間以内に更新されています。



　

|ページ|更新日|更新者|
|-|-|
|[1000_全社員共有ドキュメント](https://wiki.jbdcl.com/63a10ad8b5e7e15fd789a4bf)|2025/06/11 03:10|寺岡 渉|
|[1100_経営管理、人事](https://wiki.jbdcl.com/63be511c2569e8f7a4370e58)|2025/06/11 03:07|寺岡 渉|
|[Office2016導入PC](https://wiki.jbdcl.com/65546c2028cf0e07df594ccf)|2025/06/16 01:10|田渕 達也|
|[1117_新入社員研修成果発表会](https://wiki.jbdcl.com/68491f219ff03c06b053816a)|2025/06/11 03:21|寺岡 渉|
|[47期成果発表会](https://wiki.jbdcl.com/68491fa49ff03c06b0538a40)|2025/06/11 03:46|寺岡 渉|
|[パスワード変更_未実施者](https://wiki.jbdcl.com/66e90c1b9ff03c06b0fc3a74)|2025/06/15 02:10|田渕 達也|
|[1231_受講者状況](https://wiki.jbdcl.com/63e0960d922bc9d167bd84bb)|2025/06/15 02:50|田渕 達也|
|[10.棚卸未実施一覧](https://wiki.jbdcl.com/655c272828cf0e07df5e3b75)|2025/06/16 01:30|田渕 達也|
|[11.棚卸管理シール貼付け未実施一覧](https://wiki.jbdcl.com/66976f629ff03c06b09395f5)|2025/06/15 01:40|田渕 達也|
|[1260_開発サーバー](https://wiki.jbdcl.com/66c6abb29ff03c06b0d2df54)|2025/06/15 01:50|田渕 達也|
|[1270_資産管理](https://wiki.jbdcl.com/67aea4709ff03c06b0cc7afe)|2025/06/10 01:46|冨澤 裕喜|
|[01_資産登録](https://wiki.jbdcl.com/67aeb04a9ff03c06b0ccafab)|2025/06/12 03:05|冨澤 裕喜|
|[02_情報機器社内ネットワーク登録](https://wiki.jbdcl.com/67b296009ff03c06b0ce688a)|2025/06/10 02:53|冨澤 裕喜|
|[Windows10PC一覧](https://wiki.jbdcl.com/6556ba1528cf0e07df5aec55)|2025/06/16 01:20|田渕 達也|
|[コーディングプラクティス](https://wiki.jbdcl.com/67ffb1a99ff03c06b0142138)|2025/06/10 10:48|西中 健太|
|[01_良いコードとは？](https://wiki.jbdcl.com/6827e2839ff03c06b03024bc)|2025/06/10 08:57|西中 健太|
|[宮原](https://wiki.jbdcl.com/6825b9869ff03c06b02d8ff8)|2025/06/12 05:42|宮原 優太|
|[田中](https://wiki.jbdcl.com/6825c34a9ff03c06b02db6d1)|2025/06/09 03:34|田中 颯人|
|[3-03_テンプレートリテラルについて](https://wiki.jbdcl.com/681d8ddd9ff03c06b026d313)|2025/06/12 02:31|隈部 摩耶|
|[番外編：v-htmlを使わないとどうなる](https://wiki.jbdcl.com/684101659ff03c06b04ad1b6)|2025/06/09 05:11|隈部 摩耶|
|[3-04_JavaScriot エクスプレッション](https://wiki.jbdcl.com/684100e19ff03c06b04acc8e)|2025/06/12 02:54|隈部 摩耶|
|[3-05_三項演算子で条件分岐](https://wiki.jbdcl.com/684a68f49ff03c06b055d550)|2025/06/12 02:46|隈部 摩耶|
|[3-06_三項演算子の処理](https://wiki.jbdcl.com/684a69999ff03c06b055dd7e)|2025/06/12 02:47|隈部 摩耶|
|[24D2_Ansible](https://wiki.jbdcl.com/667950a29ff03c06b06b6fdd)|2025/06/11 09:27|真狩 淳二|
|[01_ansibleとは](https://wiki.jbdcl.com/6848cc669ff03c06b0520f0e)|2025/06/11 09:24|真狩 淳二|
|[02_ansible構築](https://wiki.jbdcl.com/6848ccd79ff03c06b052144c)|2025/06/11 09:26|真狩 淳二|
|[認証関連](https://wiki.jbdcl.com/672d982d9ff03c06b050efe1)|2025/06/12 11:31|石井 教観|
|[DB設計](https://wiki.jbdcl.com/671851e69ff03c06b039fc25)|2025/06/13 09:23|石井 教観|
|[SQL設計](https://wiki.jbdcl.com/6719b34b9ff03c06b03c3ca3)|2025/06/11 10:06|石井 教観|
|[S00_ログイン画面](https://wiki.jbdcl.com/6719a63d9ff03c06b03c13c3)|2025/06/12 11:30|石井 教観|
|[S41_テナント詳細更新画面](https://wiki.jbdcl.com/671f1e739ff03c06b0426aa0)|2025/06/11 03:32|石井 教観|
|[91_利用方法（社内利用向け）](https://wiki.jbdcl.com/6821abff9ff03c06b028b088)|2025/06/09 11:16|砂盃 梨乃|
|[ユーザ](https://wiki.jbdcl.com/67a9c3649ff03c06b0c8acdf)|2025/06/10 03:46|石井 教観|
|[DB設計](https://wiki.jbdcl.com/67907b639ff03c06b0a84f4d)|2025/06/09 11:06|石井 教観|
|[画面設計](https://wiki.jbdcl.com/6792e71c9ff03c06b0ab7ea1)|2025/06/13 02:24|石井 教観|
|[00_開発方針](https://wiki.jbdcl.com/683fca619ff03c06b04907c7)|2025/06/09 09:08|田渕 達也|
|[20_DB](https://wiki.jbdcl.com/683faa4f9ff03c06b0488df9)|2025/06/10 03:37|田渕 達也|
|[30_Keycloak](https://wiki.jbdcl.com/68464e1c9ff03c06b04ea976)|2025/06/10 04:12|田渕 達也|
|[10_開発体制_４７期](https://wiki.jbdcl.com/6847dbf69ff03c06b050fcc4)|2025/06/13 09:31|田渕 達也|
|[99_社内システム案](https://wiki.jbdcl.com/683fa9d59ff03c06b048861a)|2025/06/10 04:16|田渕 達也|
|[ポータル](https://wiki.jbdcl.com/683e81c69ff03c06b0466dff)|2025/06/13 09:57|田渕 達也|
|[掃除当番管理システム](https://wiki.jbdcl.com/6837dac99ff03c06b03f54fe)|2025/06/09 11:54|野中 良平|
|[業務経歴書管理](https://wiki.jbdcl.com/683bf0209ff03c06b042905f)|2025/06/10 06:36|田渕 達也|
|[ミニ勉強会資料](https://wiki.jbdcl.com/684bb1189ff03c06b0573368)|2025/06/13 02:03|武田 宏喜|
|[20250613](https://wiki.jbdcl.com/684bb17c9ff03c06b057372c)|2025/06/13 02:12|武田 宏喜|
|[事業部会議](https://wiki.jbdcl.com/660f4c7f9ff03c06b0eb48b7)|2025/06/15 07:00|荒井 健一郎|
|[2025年06月(大江)](https://wiki.jbdcl.com/6842dedb9ff03c06b04d9f77)|2025/06/11 05:07|柿本 貴之|
|[お問い合わせ](https://wiki.jbdcl.com/683d02ba9ff03c06b04324b1)|2025/06/11 09:41|塩田 祥久|
|[21.TOP画面](https://wiki.jbdcl.com/66906a7a9ff03c06b08b0ebd)|2025/06/13 10:08|田渕 達也|
|[Thunderbird関連](https://wiki.jbdcl.com/6848d8fb9ff03c06b0526010)|2025/06/11 10:17|馬場 健司|
|[大阪万博のTips](https://wiki.jbdcl.com/6826a9c79ff03c06b02ebef0)|2025/06/12 10:43|馬場 健司|
|[ランキングページ](https://wiki.jbdcl.com/63a10a4eb5e7e15fd789a29d)|2025/06/15 02:00|田渕 達也|
"
0,morita,"@channel 

現在Xpoint のサービスが停止しています。
復旧作業中ですのでしばらくお待ちください。

ご迷惑をおかけしますが、よろしくお願いいたします。"
0,morita,"@channel 

上記復旧いたしました。"
1,y-kubota,"@channel 

#### 2025年度 新入社員研修 成果発表会 詳細について

お疲れ様です。人事本部の久保田です。
先ほどGroupSessionの掲示板にUPしたものと同内容を、こちらでもアナウンス差し上げます。

```
各位  
  
お疲れ様です。人事本部の久保田です。  
  
新入社員研修の成果発表会について、詳細が確定いたしましたので、追加でご案内いたします。  
  
■詳細について…記載内容は以下の通りです。詳しくは、添付PDFをご確認くださいませ。  
・タイムスケジュール  
・はじめに（成果発表会の前提、社員の皆様へのお願い等）  
・発表内容  
・グループ/メンバー紹介  
・グループ/メンバー目標  
  
■ZoomURLについて  
・東京…[https://us02web.zoom.us/j/86788153169?pwd=LqTX3d8TRdsVW42ja1PgsET4XxPRIM.1](https://us02web.zoom.us/j/86788153169?pwd=LqTX3d8TRdsVW42ja1PgsET4XxPRIM.1)  
　ミーティング?ID:?867?8815?3169  
　パスコード:?652450  
  
・大阪…[https://us02web.zoom.us/j/85006022240?pwd=m3jKJSGROJ2EilKmHcg4tbc1dqANdR.1](https://us02web.zoom.us/j/85006022240?pwd=m3jKJSGROJ2EilKmHcg4tbc1dqANdR.1)  
　ミーティング?ID:?850?0602?2240  
　パスコード:?289637  
  
■録画について  
成果発表会終了後、後日JBDナレッジにて録画した発表を公開いたします。  
ただし、株式会社富士通ラーニングメディア様から講師部分の撮影許可が下りなかったため、  
該当箇所はカットして公開します事、予めご了承くださいませ。  
  
以上、ご確認の程、よろしくお願いいたします。
```"
0,mattermost,"
## JBDナレッジの更新情報 :pencil: 

* 下記のページが１週間以内に更新されています。



　

|ページ|更新日|更新者|
|-|-|
|[勤務区分一覧](https://wiki.jbdcl.com/662b57409ff03c06b0137f8f)|2025/06/20 01:24|太田 佳織|
|[Office2016導入PC](https://wiki.jbdcl.com/65546c2028cf0e07df594ccf)|2025/06/23 01:10|田渕 達也|
|[1201_開発戦略本部からのお願い](https://wiki.jbdcl.com/655afc2c28cf0e07df5d900a)|2025/06/20 06:31|冨澤 裕喜|
|[パスワード変更_未実施者](https://wiki.jbdcl.com/66e90c1b9ff03c06b0fc3a74)|2025/06/22 02:10|田渕 達也|
|[1230_社内教育](https://wiki.jbdcl.com/63be6e602569e8f7a4379090)|2025/06/20 11:57|冨澤 裕喜|
|[1231_受講者状況](https://wiki.jbdcl.com/63e0960d922bc9d167bd84bb)|2025/06/22 02:50|田渕 達也|
|[10.棚卸未実施一覧](https://wiki.jbdcl.com/655c272828cf0e07df5e3b75)|2025/06/23 01:30|田渕 達也|
|[11.棚卸管理シール貼付け未実施一覧](https://wiki.jbdcl.com/66976f629ff03c06b09395f5)|2025/06/22 01:40|田渕 達也|
|[1260_開発サーバー](https://wiki.jbdcl.com/66c6abb29ff03c06b0d2df54)|2025/06/22 01:50|田渕 達也|
|[Windows10PC一覧](https://wiki.jbdcl.com/6556ba1528cf0e07df5aec55)|2025/06/23 01:20|田渕 達也|
|[300_(参考・実施不要)Vue、Vuetify、NestJS、TypeORM](https://wiki.jbdcl.com/6667b21c9ff03c06b052eddc)|2025/06/18 01:40|大和田 啓吾|
|[WSUS構築＆閉鎖環境への差分同期](https://wiki.jbdcl.com/68513ed59ff03c06b05b5649)|2025/06/20 04:37|板坂 敬生|
|[DB設計](https://wiki.jbdcl.com/671851e69ff03c06b039fc25)|2025/06/17 10:01|石井 教観|
|[画面設計](https://wiki.jbdcl.com/67184db69ff03c06b039e961)|2025/06/17 10:40|石井 教観|
|[辞書](https://wiki.jbdcl.com/685200fd9ff03c06b05bc0b1)|2025/06/18 10:30|石井 教観|
|[20250618](https://wiki.jbdcl.com/68525cd59ff03c06b05ceb74)|2025/06/18 04:07|石井 教観|
|[20250618](https://wiki.jbdcl.com/68511cd49ff03c06b05ae37d)|2025/06/18 02:34|砂盃 梨乃|
|[10_開発体制_４７期](https://wiki.jbdcl.com/6847dbf69ff03c06b050fcc4)|2025/06/17 11:08|馬場 孝之|
|[KPT Bot](https://wiki.jbdcl.com/68350f699ff03c06b03ba137)|2025/06/20 04:49|政所 侑磨|
|[00_事前準備](https://wiki.jbdcl.com/6854c5229ff03c06b0602d09)|2025/06/20 03:44|政所 侑磨|
|[01設計](https://wiki.jbdcl.com/685258029ff03c06b05cc3ca)|2025/06/18 03:09|馬場 健司|
|[01001画面A](https://wiki.jbdcl.com/6852580b9ff03c06b05cc44e)|2025/06/18 03:10|馬場 健司|
|[00_準備](https://wiki.jbdcl.com/6854f8759ff03c06b060c72a)|2025/06/20 02:58|斧田 充晃|
|[業務経歴書管理](https://wiki.jbdcl.com/683bf0209ff03c06b042905f)|2025/06/18 09:19|田渕 達也|
|[社内向けチャットボットシステム](https://wiki.jbdcl.com/683d5dea9ff03c06b0449aa4)|2025/06/20 02:19|斧田 充晃|
|[00_準備](https://wiki.jbdcl.com/685219ea9ff03c06b05c07c6)|2025/06/20 08:12|國實 翔詠|
|[構成詳細](https://wiki.jbdcl.com/685538949ff03c06b0618393)|2025/06/20 08:46|斧田 充晃|
|[06](https://wiki.jbdcl.com/685366dc9ff03c06b05e57a7)|2025/06/19 10:35|砂盃 梨乃|
|[20250620](https://wiki.jbdcl.com/6854eb0f9ff03c06b060845c)|2025/06/20 02:01|武田 宏喜|
|[2025年08月(武田)_python(Django)](https://wiki.jbdcl.com/684fe8d89ff03c06b059ef23)|2025/06/16 07:02|武田 昇馬|
|[LTS事業部](https://wiki.jbdcl.com/6822898e9ff03c06b02925f8)|2025/06/17 11:09|深川 憲一|
|[2Z0210_事務系](https://wiki.jbdcl.com/63f5c23a922bc9d167c28620)|2025/06/18 03:21|青山 謙二|
|[大阪万博のTips](https://wiki.jbdcl.com/6826a9c79ff03c06b02ebef0)|2025/06/19 04:59|馬場 健司|
|[ランキングページ](https://wiki.jbdcl.com/63a10a4eb5e7e15fd789a29d)|2025/06/22 02:00|田渕 達也|
"
1,omori,"@channel 

## JBD基盤ツール（GitLAB）の使用方法についての教育

* JBDでは、JBD基盤ツールとして、各種サービスを提供しております。
* 開発部署で利用するGitLABの研修を下記日程で実施します。

|||
|-|-|
|日時|2025/07/01 10:00～10:45|
|場所|各拠点の会議室 |
|講師| ＩＳ事業部 @s-souma |
|資料作成担当| @h-hamashima  |
|対象者| 新入社員（事業部毎に判断|
| 　| 興味のある方|
|会議URL| https://meet.jbdcl.com/gitlab |

* できる限りの参加をお願い致します。 :man-bowing: "
1,k-oota,"@channel 

#### [任天堂switch2抽選販売 | Benefit Station.](https://bs.benefit-one.inc/specialPage/detail?spid=202505_lottery_project)

福利厚生のベネフィット・ワン様から情報いただきました！！！
数量に限りはございますが、ご興味ある方は是非！
	
まだアプリ登録されていない方も是非この機会に登録してみてください
下記フォルダへチラシも格納しております。

【格納場所】
""\\10.0.2.179\全社共有\47期\01000_全社\ベネフィット・ワン\Nintendo Switch2.pdf"""
0,mattermost,"
## JBDナレッジの更新情報 :pencil: 

* 下記のページが１週間以内に更新されています。



　

|ページ|更新日|更新者|
|-|-|
|[Office2016導入PC](https://wiki.jbdcl.com/65546c2028cf0e07df594ccf)|2025/06/30 01:10|田渕 達也|
|[VPN拠点責任者](https://wiki.jbdcl.com/67e0c42b9ff03c06b0f2d65d)|2025/06/24 10:00|冨澤 裕喜|
|[47期成果発表会](https://wiki.jbdcl.com/68491fa49ff03c06b0538a40)|2025/06/27 04:33|森 由芽佳|
|[1201_開発戦略本部からのお願い](https://wiki.jbdcl.com/655afc2c28cf0e07df5d900a)|2025/06/23 10:45|冨澤 裕喜|
|[パスワード変更_未実施者](https://wiki.jbdcl.com/66e90c1b9ff03c06b0fc3a74)|2025/06/29 02:10|田渕 達也|
|[1230_社内教育](https://wiki.jbdcl.com/63be6e602569e8f7a4379090)|2025/06/27 05:52|冨澤 裕喜|
|[1231_受講者状況](https://wiki.jbdcl.com/63e0960d922bc9d167bd84bb)|2025/06/29 02:50|田渕 達也|
|[10.棚卸未実施一覧](https://wiki.jbdcl.com/655c272828cf0e07df5e3b75)|2025/06/30 01:30|田渕 達也|
|[11.棚卸管理シール貼付け未実施一覧](https://wiki.jbdcl.com/66976f629ff03c06b09395f5)|2025/06/29 01:40|田渕 達也|
|[1260_開発サーバー](https://wiki.jbdcl.com/66c6abb29ff03c06b0d2df54)|2025/06/29 01:50|田渕 達也|
|[Windows10PC一覧](https://wiki.jbdcl.com/6556ba1528cf0e07df5aec55)|2025/06/30 01:20|田渕 達也|
|[2001_プロジェクトの工程の進め方](https://wiki.jbdcl.com/685df9d69ff03c06b06c81aa)|2025/06/27 10:56|恩田 優|
|[010_要件定義](https://wiki.jbdcl.com/685df9e79ff03c06b06c81f0)|2025/06/27 10:54|恩田 優|
|[020_基本設計](https://wiki.jbdcl.com/685df9f59ff03c06b06c827f)|2025/06/27 10:55|恩田 優|
|[030_詳細設計](https://wiki.jbdcl.com/685df9ff9ff03c06b06c82bf)|2025/06/27 11:27|恩田 優|
|[ABC_仕様を理解する](https://wiki.jbdcl.com/685dfc429ff03c06b06c958f)|2025/06/27 11:07|恩田 優|
|[040_製造](https://wiki.jbdcl.com/685dfa099ff03c06b06c8438)|2025/06/27 10:55|恩田 優|
|[050_結合テスト](https://wiki.jbdcl.com/685dfa119ff03c06b06c84c2)|2025/06/27 10:55|恩田 優|
|[060_システムテスト](https://wiki.jbdcl.com/685dfa249ff03c06b06c85de)|2025/06/27 10:55|恩田 優|
|[髙間](https://wiki.jbdcl.com/6825b98e9ff03c06b02d9070)|2025/06/27 11:01|髙間 裕矢|
|[ADMP&ADSP設定PoC](https://wiki.jbdcl.com/6858d23f9ff03c06b0629271)|2025/06/23 07:33|板坂 敬生|
|[WSUS構築＆閉鎖環境への差分同期](https://wiki.jbdcl.com/68513ed59ff03c06b05b5649)|2025/06/23 10:10|板坂 敬生|
|[分析処理設計](https://wiki.jbdcl.com/67a061dd9ff03c06b0bb3ab2)|2025/06/24 09:38|石井 教観|
|[30_Keycloak](https://wiki.jbdcl.com/68464e1c9ff03c06b04ea976)|2025/06/23 11:58|田渕 達也|
|[sample](https://wiki.jbdcl.com/6859e3e99ff03c06b063ea6a)|2025/06/24 08:39|田渕 達也|
|[10_開発体制_４７期](https://wiki.jbdcl.com/6847dbf69ff03c06b050fcc4)|2025/06/27 05:06|馬場 健司|
|[KPT Bot](https://wiki.jbdcl.com/68350f699ff03c06b03ba137)|2025/06/25 02:13|政所 侑磨|
|[00_事前準備](https://wiki.jbdcl.com/6854c5229ff03c06b0602d09)|2025/06/27 10:02|政所 侑磨|
|[00_準備](https://wiki.jbdcl.com/6854f8759ff03c06b060c72a)|2025/06/24 06:03|斧田 充晃|
|[00_準備](https://wiki.jbdcl.com/685219ea9ff03c06b05c07c6)|2025/06/25 10:53|塩田 祥久|
|[10_要件定義](https://wiki.jbdcl.com/6860ffc69ff03c06b06e768c)|2025/06/29 10:28|塩田 祥久|
|[06](https://wiki.jbdcl.com/685366dc9ff03c06b05e57a7)|2025/06/24 03:45|砂盃 梨乃|
|[議事録](https://wiki.jbdcl.com/685a5fc09ff03c06b065df42)|2025/06/24 05:20|砂盃 梨乃|
|[200_CRS](https://wiki.jbdcl.com/685bbeb49ff03c06b0684cc8)|2025/06/25 06:17|海野 亮|
|[Github Copilot試用メモ](https://wiki.jbdcl.com/685d06359ff03c06b06b7644)|2025/06/26 06:09|海野 亮|
|[画面作成にあたって事前調査](https://wiki.jbdcl.com/685d06639ff03c06b06b77e2)|2025/06/26 05:35|海野 亮|
|[2025年6月(小山)](https://wiki.jbdcl.com/685bbb009ff03c06b0682d74)|2025/06/26 06:02|小山 亮|
|[2025年06月(加藤)_新人にいち早くIS事業部に慣れてもらうためには](https://wiki.jbdcl.com/685c8f8c9ff03c06b069246b)|2025/06/26 06:35|加藤 孝哉|
|[20250620](https://wiki.jbdcl.com/6854eb0f9ff03c06b060845c)|2025/06/23 11:15|武田 宏喜|
|[46期_20250623](https://wiki.jbdcl.com/685923d29ff03c06b063a902)|2025/06/25 03:40|花田 亮太|
|[01-1.心得（社員用）](https://wiki.jbdcl.com/67639e399ff03c06b0848063)|2025/06/24 01:16|市古 果耶|
|[大阪万博のTips](https://wiki.jbdcl.com/6826a9c79ff03c06b02ebef0)|2025/06/27 05:55|馬場 健司|
|[ランキングページ](https://wiki.jbdcl.com/63a10a4eb5e7e15fd789a29d)|2025/06/29 02:00|田渕 達也|
"
1,a-miyabayashi,"@channel 
### ストレスチェック実施のご依頼
お疲れ様です。
経営管理本部　宮林です。

本日より、ストレスチェックの実施期間となっております。
株式会社フィスメック様より、皆様のJBDメール宛にご案内メールが届きますので、
ご確認のうえ、期間中にご対応いただきますようお願いいたします。

```
■実施期間
　　2025年7月1日（火）～2025年7月31日（木）迄

■実施対象者
　　2025年4月1日時点で就業している全社員
```

※JBDメールを受け取れない方は、下記（経営管理本部）までお問合せください。
個別に`URL・ID・PASS` をお伝えいたします。

【問い合わせ先】
・大阪：久保
・東京/名古屋：宮林
　
以上、よろしくお願いいたします。 "
0,mattermost,"
## JBDナレッジの更新情報 :pencil: 

* 下記のページが１週間以内に更新されています。



　

|ページ|更新日|更新者|
|-|-|
|[1101_社内規程](https://wiki.jbdcl.com/63b6319b7c45329c2d294280)|2025/06/30 09:50|宮林 歩未|
|[Office2016導入PC](https://wiki.jbdcl.com/65546c2028cf0e07df594ccf)|2025/07/07 01:10|田渕 達也|
|[47期成果発表会](https://wiki.jbdcl.com/68491fa49ff03c06b0538a40)|2025/07/04 03:35|森 由芽佳|
|[パスワード変更_未実施者](https://wiki.jbdcl.com/66e90c1b9ff03c06b0fc3a74)|2025/07/06 02:10|田渕 達也|
|[1231_受講者状況](https://wiki.jbdcl.com/63e0960d922bc9d167bd84bb)|2025/07/06 02:50|田渕 達也|
|[01_スキルマップの目的](https://wiki.jbdcl.com/65fbb0839ff03c06b0c74f10)|2025/07/04 04:33|金澤 誠之|
|[02_スキルマップの構成](https://wiki.jbdcl.com/65fbbba29ff03c06b0c7b72e)|2025/07/04 06:04|金澤 誠之|
|[03_スキルマップの取り組み](https://wiki.jbdcl.com/65fbde079ff03c06b0c8a42f)|2025/07/04 03:46|金澤 誠之|
|[0401_ログイン・トップページ](https://wiki.jbdcl.com/67433d9b9ff03c06b064ade4)|2025/07/04 05:56|金澤 誠之|
|[10.棚卸未実施一覧](https://wiki.jbdcl.com/655c272828cf0e07df5e3b75)|2025/07/07 01:30|田渕 達也|
|[11.棚卸管理シール貼付け未実施一覧](https://wiki.jbdcl.com/66976f629ff03c06b09395f5)|2025/07/06 01:40|田渕 達也|
|[1260_開発サーバー](https://wiki.jbdcl.com/66c6abb29ff03c06b0d2df54)|2025/07/06 01:50|田渕 達也|
|[Windows10PC一覧](https://wiki.jbdcl.com/6556ba1528cf0e07df5aec55)|2025/07/07 01:20|田渕 達也|
|[2000_開発者向け](https://wiki.jbdcl.com/64effc8528cf0e07df1d2a60)|2025/07/02 05:31|瓜原 莉奈|
|[300_(参考・実施不要)Vue、Vuetify、NestJS、TypeORM](https://wiki.jbdcl.com/6667b21c9ff03c06b052eddc)|2025/07/04 03:26|大和田 啓吾|
|[バージョンアップ](https://wiki.jbdcl.com/686664699ff03c06b081ee2b)|2025/07/04 12:07|二角 英樹|
|[7_忙しい人向け](https://wiki.jbdcl.com/68673a489ff03c06b082f10c)|2025/07/04 11:19|永井 利樹|
|[7_1 vueファイルの基本](https://wiki.jbdcl.com/68673a699ff03c06b082f322)|2025/07/04 11:21|永井 利樹|
|[7_2 よく使うvue api](https://wiki.jbdcl.com/68673ae79ff03c06b082f86f)|2025/07/04 11:22|永井 利樹|
|[7_3 変数バインドとイベント](https://wiki.jbdcl.com/68673ce79ff03c06b0830584)|2025/07/04 11:31|永井 利樹|
|[7_4 コンポーネント同士の受け渡し](https://wiki.jbdcl.com/68673b3d9ff03c06b082fa41)|2025/07/04 11:29|永井 利樹|
|[7_5 Slotについて](https://wiki.jbdcl.com/68673c9b9ff03c06b08301cd)|2025/07/04 11:29|永井 利樹|
|[ADMP&ADSP設定PoC](https://wiki.jbdcl.com/6858d23f9ff03c06b0629271)|2025/07/01 11:00|板坂 敬生|
|[LogStorage関連調査](https://wiki.jbdcl.com/68637f389ff03c06b076ad47)|2025/07/01 04:49|板坂 敬生|
|[2604_Git運用](https://wiki.jbdcl.com/686264299ff03c06b0717d8a)|2025/06/30 07:17|武田 宏喜|
|[01_GitLabとは？](https://wiki.jbdcl.com/686264299ff03c06b0717db9)|2025/07/01 01:12|武田 宏喜|
|[02_リボジトリ](https://wiki.jbdcl.com/686264299ff03c06b0717dbb)|2025/06/30 07:29|武田 宏喜|
|[03_権限管理](https://wiki.jbdcl.com/686264299ff03c06b0717dbd)|2025/06/30 07:38|武田 宏喜|
|[04_ブランチの運用](https://wiki.jbdcl.com/686264299ff03c06b0717dbf)|2025/07/01 02:22|相馬 翔太|
|[05_実際の開発での使用方法](https://wiki.jbdcl.com/686264299ff03c06b0717dc9)|2025/06/30 09:24|武田 宏喜|
|[01_ブランチの作成](https://wiki.jbdcl.com/686264299ff03c06b0717dc7)|2025/06/30 07:17|武田 宏喜|
|[02_ソースの取得](https://wiki.jbdcl.com/686264299ff03c06b0717dc1)|2025/06/30 08:20|濱島 風雅|
|[03_ソースのコミット](https://wiki.jbdcl.com/686264299ff03c06b0717dc3)|2025/06/30 08:28|武田 宏喜|
|[04_マージリクエストとレビュー](https://wiki.jbdcl.com/686264299ff03c06b0717dc5)|2025/06/30 08:22|武田 宏喜|
|[99_よくあるトラブルの解消方法](https://wiki.jbdcl.com/686264299ff03c06b0717dcb)|2025/07/01 01:15|武田 宏喜|
|[110_PoC](https://wiki.jbdcl.com/685cf6df9ff03c06b06ad1d8)|2025/07/04 01:02|砂盃 梨乃|
|[DB設計](https://wiki.jbdcl.com/671851e69ff03c06b039fc25)|2025/07/04 01:17|石井 教観|
|[S33_サービス属性詳細更新画面](https://wiki.jbdcl.com/67ef99739ff03c06b005fe9f)|2025/07/04 01:22|石井 教観|
|[20250702](https://wiki.jbdcl.com/6864d24d9ff03c06b07be9a2)|2025/07/02 03:32|砂盃 梨乃|
|[20250702](https://wiki.jbdcl.com/686221789ff03c06b07058f9)|2025/07/02 02:40|砂盃 梨乃|
|[20_DB](https://wiki.jbdcl.com/683faa4f9ff03c06b0488df9)|2025/07/01 02:38|政所 侑磨|
|[30_Keycloak](https://wiki.jbdcl.com/68464e1c9ff03c06b04ea976)|2025/07/03 02:29|田渕 達也|
|[40_nginx->oauth](https://wiki.jbdcl.com/68622c0a9ff03c06b07083d1)|2025/06/30 05:06|田渕 達也|
|[90_検証](https://wiki.jbdcl.com/686612769ff03c06b07fcda5)|2025/07/04 12:08|前 直樹|
|[40_CICD](https://wiki.jbdcl.com/6863a10d9ff03c06b0780bdb)|2025/07/01 05:49|松本 隼弥|
|[10_開発体制_４７期](https://wiki.jbdcl.com/6847dbf69ff03c06b050fcc4)|2025/07/04 11:47|前 直樹|
|[10_要件定義](https://wiki.jbdcl.com/68647fef9ff03c06b0793110)|2025/07/02 09:40|政所 侑磨|
|[機能一覧洗い出し](https://wiki.jbdcl.com/68648d599ff03c06b079c4d5)|2025/07/04 05:37|溝渕 航大|
|[機能一覧洗い出しv2](https://wiki.jbdcl.com/68663ef29ff03c06b0811d8c)|2025/07/03 06:02|黒田 莉那|
|[80_管理](https://wiki.jbdcl.com/68637a939ff03c06b0767b0c)|2025/07/02 05:26|政所 侑磨|
|[01_議事メモ](https://wiki.jbdcl.com/68637a9f9ff03c06b0767bf2)|2025/07/02 05:29|前田 幹太|
|[一覧機能の機能洗い出し](https://wiki.jbdcl.com/686395669ff03c06b07777db)|2025/07/01 05:43|溝渕 航大|
|[投稿機能洗い出し](https://wiki.jbdcl.com/68639b169ff03c06b077ae8d)|2025/07/03 09:55|瓜原 莉奈|
|[7月2日](https://wiki.jbdcl.com/686481629ff03c06b0793ee0)|2025/07/02 09:46|前田 幹太|
|[議事録メモ_7月2日](https://wiki.jbdcl.com/686487379ff03c06b07973ff)|2025/07/02 10:12|前田 幹太|
|[7月3日](https://wiki.jbdcl.com/6864eec19ff03c06b07d050c)|2025/07/02 05:33|前田 幹太|
|[議事録メモ_7月3日](https://wiki.jbdcl.com/6864eed79ff03c06b07d0625)|2025/07/03 10:40|前田 幹太|
|[7月4日](https://wiki.jbdcl.com/68671a5d9ff03c06b0824052)|2025/07/04 09:03|前田 幹太|
|[議事録メモ_7月4日](https://wiki.jbdcl.com/68671a6a9ff03c06b08240d0)|2025/07/04 04:33|前田 幹太|
|[02_課題管理](https://wiki.jbdcl.com/6865ddcf9ff03c06b07eb4c0)|2025/07/04 04:59|前田 幹太|
|[画面イメージ](https://wiki.jbdcl.com/6864dd7b9ff03c06b07c4643)|2025/07/02 05:15|溝渕 航大|
|[ポータル](https://wiki.jbdcl.com/683e81c69ff03c06b0466dff)|2025/07/04 06:15|國實 翔詠|
|[10_要件定義](https://wiki.jbdcl.com/686261879ff03c06b0715f49)|2025/07/04 02:22|國實 翔詠|
|[PORTAL001 ポータル一覧画面](https://wiki.jbdcl.com/686785749ff03c06b084a87b)|2025/07/04 04:57|田渕 達也|
|[社内向けチャットボットシステム](https://wiki.jbdcl.com/683d5dea9ff03c06b0449aa4)|2025/07/06 09:27|塩田 祥久|
|[00_準備](https://wiki.jbdcl.com/685219ea9ff03c06b05c07c6)|2025/07/01 11:51|塩田 祥久|
|[10_開発環境](https://wiki.jbdcl.com/6860ffc69ff03c06b06e768c)|2025/07/02 11:39|前 直樹|
|[210_スプリントレビュー](https://wiki.jbdcl.com/6864ac7a9ff03c06b07ab71b)|2025/07/02 12:50|海野 亮|
|[202506_Sprint01](https://wiki.jbdcl.com/6864ac949ff03c06b07ab7a9)|2025/07/02 03:30|海野 亮|
|[画面作成にあたって事前調査](https://wiki.jbdcl.com/685d06639ff03c06b06b77e2)|2025/06/30 05:43|海野 亮|
|[20250704](https://wiki.jbdcl.com/68676a019ff03c06b083ca59)|2025/07/04 02:51|武田 宏喜|
|[事業部会議](https://wiki.jbdcl.com/660f4c7f9ff03c06b0eb48b7)|2025/07/03 08:33|柿本 貴之|
|[2025年07月(柿本)](https://wiki.jbdcl.com/6865c1c99ff03c06b07dc17e)|2025/07/03 08:34|柿本 貴之|
|[Cookieについて（森林）](https://wiki.jbdcl.com/686798699ff03c06b08538a1)|2025/07/04 06:32|森林 悠登|
|[SQLを見る作るうえでの考え方](https://wiki.jbdcl.com/685b49df9ff03c06b066b27f)|2025/07/04 04:45|青山 謙二|
|[7月](https://wiki.jbdcl.com/6863cb3e9ff03c06b07882fb)|2025/07/03 12:16|中川 知是|
|[47期会議体](https://wiki.jbdcl.com/67ee52609ff03c06b0044676)|2025/07/01 07:01|宮田 孝弘|
|[イベント出欠](https://wiki.jbdcl.com/6695eab49ff03c06b08f7a4c)|2025/07/04 07:53|岡村 綾子|
|[01-1.心得（社員用）](https://wiki.jbdcl.com/67639e399ff03c06b0848063)|2025/07/03 02:27|遠藤 孝義|
|[21_保守関連](https://wiki.jbdcl.com/6811e3559ff03c06b0217116)|2025/07/03 08:31|藤本 力|
|[logicool](https://wiki.jbdcl.com/6864de249ff03c06b07c5e79)|2025/07/02 04:22|横山 紅葉|
|[ロジクール](https://wiki.jbdcl.com/6864de119ff03c06b07c5763)|2025/07/02 04:21|横山 紅葉|
|[大阪万博のTips](https://wiki.jbdcl.com/6826a9c79ff03c06b02ebef0)|2025/07/03 05:07|馬場 健司|
|[ランキングページ](https://wiki.jbdcl.com/63a10a4eb5e7e15fd789a29d)|2025/07/06 02:00|田渕 達也|
"
0,mattermost,"
## JBDナレッジの更新情報 :pencil: 

* 下記のページが１週間以内に更新されています。



　

|ページ|更新日|更新者|
|-|-|
|[Office2016導入PC](https://wiki.jbdcl.com/65546c2028cf0e07df594ccf)|2025/07/14 01:10|田渕 達也|
|[47期成果発表会](https://wiki.jbdcl.com/68491fa49ff03c06b0538a40)|2025/07/07 06:11|寺岡 渉|
|[パスワード変更_未実施者](https://wiki.jbdcl.com/66e90c1b9ff03c06b0fc3a74)|2025/07/12 02:10|田渕 達也|
|[1231_受講者状況](https://wiki.jbdcl.com/63e0960d922bc9d167bd84bb)|2025/07/12 02:50|田渕 達也|
|[1250_棚卸処理](https://wiki.jbdcl.com/64632941922bc9d167e0fdce)|2025/07/09 11:23|冨澤 裕喜|
|[A016_アカウントの棚卸処理](https://wiki.jbdcl.com/686cdc409ff03c06b08e5c67)|2025/07/09 10:43|冨澤 裕喜|
|[Y001_PC端末の棚卸処理](https://wiki.jbdcl.com/646561a9922bc9d167e20a03)|2025/07/09 11:25|冨澤 裕喜|
|[10.棚卸未実施一覧](https://wiki.jbdcl.com/655c272828cf0e07df5e3b75)|2025/07/14 01:30|田渕 達也|
|[11.棚卸管理シール貼付け未実施一覧](https://wiki.jbdcl.com/66976f629ff03c06b09395f5)|2025/07/12 01:40|田渕 達也|
|[1260_開発サーバー](https://wiki.jbdcl.com/66c6abb29ff03c06b0d2df54)|2025/07/12 01:50|田渕 達也|
|[Windows10PC一覧](https://wiki.jbdcl.com/6556ba1528cf0e07df5aec55)|2025/07/14 01:20|田渕 達也|
|[300.開発ナレッジ](https://wiki.jbdcl.com/686dcd099ff03c06b08fe794)|2025/07/09 10:59|目黒 陸|
|[310.通知作成手順](https://wiki.jbdcl.com/686dcdcd9ff03c06b08fedc8)|2025/07/09 11:05|目黒 陸|
|[320.ダッシュボード・データ可視化作成手順](https://wiki.jbdcl.com/686dce879ff03c06b08ffaa9)|2025/07/09 11:17|目黒 陸|
|[330.フローデザイナー作成手順](https://wiki.jbdcl.com/686dea5c9ff03c06b09079b8)|2025/07/09 01:13|目黒 陸|
|[340.クライアントスクリプト作成手順](https://wiki.jbdcl.com/686dec959ff03c06b090a554)|2025/07/09 01:17|目黒 陸|
|[350.スケジュールされたスクリプトの実行とイベント](https://wiki.jbdcl.com/686ded819ff03c06b090b0b6)|2025/07/09 01:25|目黒 陸|
|[360.REST API](https://wiki.jbdcl.com/686def459ff03c06b090c81d)|2025/07/09 01:33|目黒 陸|
|[370.サービスポータル](https://wiki.jbdcl.com/686df1dc9ff03c06b090f43b)|2025/07/09 01:56|目黒 陸|
|[380.kbの扱いについての手順](https://wiki.jbdcl.com/686df6a59ff03c06b09128bb)|2025/07/09 02:01|目黒 陸|
|[390.DataFiltration廃止に伴う移行計画の策定](https://wiki.jbdcl.com/686df7a39ff03c06b09136bb)|2025/07/09 02:08|目黒 陸|
|[2290_JBD標準DB設計ツール](https://wiki.jbdcl.com/6527a1a028cf0e07df3bdc86)|2025/07/10 12:43|大和田 啓吾|
|[Linuxコマンドについて](https://wiki.jbdcl.com/686f4dcc9ff03c06b09536b0)|2025/07/10 05:59|澤永 直毅|
|[90_社内展開の進め方](https://wiki.jbdcl.com/6800e4aa9ff03c06b015a146)|2025/07/11 11:08|砂盃 梨乃|
|[91_利用方法（社内利用向け）](https://wiki.jbdcl.com/6821abff9ff03c06b028b088)|2025/07/07 03:29|砂盃 梨乃|
|[タスク](https://wiki.jbdcl.com/67a5baee9ff03c06b0c6212b)|2025/07/09 10:58|石井 教観|
|[ドキュメント](https://wiki.jbdcl.com/686dd0ba9ff03c06b0900a90)|2025/07/09 11:15|石井 教観|
|[DB設計](https://wiki.jbdcl.com/67907b639ff03c06b0a84f4d)|2025/07/09 09:57|石井 教観|
|[S21_タスク詳細画面](https://wiki.jbdcl.com/679354609ff03c06b0ad0d8f)|2025/07/09 08:49|石井 教観|
|[00_開発方針](https://wiki.jbdcl.com/683fca619ff03c06b04907c7)|2025/07/08 04:38|田渕 達也|
|[20_DB](https://wiki.jbdcl.com/683faa4f9ff03c06b0488df9)|2025/07/10 10:04|田渕 達也|
|[01_DBの作成方法](https://wiki.jbdcl.com/686cd5d29ff03c06b08e1025)|2025/07/08 05:54|田渕 達也|
|[90_Applicationでの実装方法](https://wiki.jbdcl.com/686612769ff03c06b07fcda5)|2025/07/11 06:00|前 直樹|
|[40_CICD](https://wiki.jbdcl.com/6863a10d9ff03c06b0780bdb)|2025/07/07 10:15|武田 宏喜|
|[10_開発体制_４７期](https://wiki.jbdcl.com/6847dbf69ff03c06b050fcc4)|2025/07/10 12:56|田渕 達也|
|[10_POレビュー](https://wiki.jbdcl.com/686f351a9ff03c06b0947046)|2025/07/10 12:44|田渕 達也|
|[KPT Bot](https://wiki.jbdcl.com/686f386c9ff03c06b094775e)|2025/07/10 12:55|田渕 達也|
|[ポータル](https://wiki.jbdcl.com/686f372a9ff03c06b0947208)|2025/07/10 12:49|田渕 達也|
|[業務経歴書管理](https://wiki.jbdcl.com/686f387c9ff03c06b09478f3)|2025/07/11 07:06|古田 翔大|
|[20250715](https://wiki.jbdcl.com/6870e1bd9ff03c06b0990b85)|2025/07/11 07:04|古田 翔大|
|[社内向けAIチャットボットシステム後橋_ポータル](https://wiki.jbdcl.com/686f38509ff03c06b09475ac)|2025/07/10 12:49|田渕 達也|
|[KPT Bot](https://wiki.jbdcl.com/68350f699ff03c06b03ba137)|2025/07/09 01:41|河脇 浩之|
|[機能の仕様](https://wiki.jbdcl.com/686b17b59ff03c06b0867ad1)|2025/07/07 11:00|前田 幹太|
|[機能一覧洗い出し](https://wiki.jbdcl.com/68648d599ff03c06b079c4d5)|2025/07/07 03:33|前田 幹太|
|[機能一覧洗い出しv2](https://wiki.jbdcl.com/68663ef29ff03c06b0811d8c)|2025/07/11 01:57|前田 幹太|
|[7月第1週](https://wiki.jbdcl.com/686cb9299ff03c06b08d28bf)|2025/07/08 03:22|前田 幹太|
|[7月第2週](https://wiki.jbdcl.com/686cb9519ff03c06b08d2cfd)|2025/07/08 03:23|前田 幹太|
|[7月10日](https://wiki.jbdcl.com/686f020e9ff03c06b093832f)|2025/07/10 04:01|前田 幹太|
|[7月11日](https://wiki.jbdcl.com/687099ee9ff03c06b09805c7)|2025/07/11 05:46|前田 幹太|
|[7月7日](https://wiki.jbdcl.com/686b14f09ff03c06b086599e)|2025/07/07 09:29|前田 幹太|
|[7月7日](https://wiki.jbdcl.com/686b15009ff03c06b0865b85)|2025/07/07 09:33|前田 幹太|
|[7月8日](https://wiki.jbdcl.com/686c666c9ff03c06b08abbdf)|2025/07/08 03:00|前田 幹太|
|[7月8日](https://wiki.jbdcl.com/686c665f9ff03c06b08aba09)|2025/07/08 09:29|前田 幹太|
|[7月9日](https://wiki.jbdcl.com/686dbecd9ff03c06b08f89de)|2025/07/09 10:29|前田 幹太|
|[7月9日](https://wiki.jbdcl.com/686dbec29ff03c06b08f898a)|2025/07/09 09:58|前田 幹太|
|[ポータル](https://wiki.jbdcl.com/683e81c69ff03c06b0466dff)|2025/07/08 04:15|國實 翔詠|
|[00_準備](https://wiki.jbdcl.com/6854f8759ff03c06b060c72a)|2025/07/10 04:47|國實 翔詠|
|[10_設計](https://wiki.jbdcl.com/686b22329ff03c06b086d36b)|2025/07/07 05:11|國實 翔詠|
|[10_DB設計](https://wiki.jbdcl.com/686b223e9ff03c06b086d3fc)|2025/07/09 11:44|國實 翔詠|
|[20_機能設計](https://wiki.jbdcl.com/686b80e19ff03c06b08983fe)|2025/07/08 07:07|國實 翔詠|
|[PTL101 ポータル一覧画面](https://wiki.jbdcl.com/686785749ff03c06b084a87b)|2025/07/09 09:30|國實 翔詠|
|[PTL201_ポータル管理一覧画面](https://wiki.jbdcl.com/686b0f2d9ff03c06b0860752)|2025/07/09 09:25|國實 翔詠|
|[PTL202_ポータル登録画面](https://wiki.jbdcl.com/686b0f469ff03c06b086086c)|2025/07/08 03:21|國實 翔詠|
|[PTL203_ポータル登録確認画面](https://wiki.jbdcl.com/686b0f639ff03c06b0860b87)|2025/07/09 09:32|國實 翔詠|
|[PTL301_アクセス先URL自動切換機能](https://wiki.jbdcl.com/686b104e9ff03c06b0861014)|2025/07/09 09:32|國實 翔詠|
|[PTL302_カテゴリ分類](https://wiki.jbdcl.com/686b10cf9ff03c06b08612ad)|2025/07/09 09:33|國實 翔詠|
|[PTL303_公開権限グルーピング](https://wiki.jbdcl.com/686b10df9ff03c06b0861351)|2025/07/08 03:50|國實 翔詠|
|[PTL901_システムエラー画面](https://wiki.jbdcl.com/686b10339ff03c06b0860f0d)|2025/07/08 07:02|國實 翔詠|
|[00_準備](https://wiki.jbdcl.com/686b6c3b9ff03c06b088e0ba)|2025/07/08 11:06|古田 翔大|
|[10_要件定義](https://wiki.jbdcl.com/686c7c539ff03c06b08b6488)|2025/07/08 11:02|古田 翔大|
|[11_機能一覧](https://wiki.jbdcl.com/686c7d079ff03c06b08b6e89)|2025/07/11 10:35|古田 翔大|
|[12_テーブル定義](https://wiki.jbdcl.com/686c824b9ff03c06b08b9621)|2025/07/11 06:15|古田 翔大|
|[80_ルール](https://wiki.jbdcl.com/687059109ff03c06b09713a9)|2025/07/11 09:21|古田 翔大|
|[81_コーディング規約](https://wiki.jbdcl.com/687060fb9ff03c06b09744b4)|2025/07/11 04:32|鹿島 誠一郎|
|[90_環境構築](https://wiki.jbdcl.com/686e1ae99ff03c06b0922957)|2025/07/09 04:55|永井 利樹|
|[91_開発環境のセットアップ](https://wiki.jbdcl.com/686e1af79ff03c06b09229e1)|2025/07/09 05:25|永井 利樹|
|[社内向けチャットボットシステム](https://wiki.jbdcl.com/683d5dea9ff03c06b0449aa4)|2025/07/12 08:40|塩田 祥久|
|[10_開発環境](https://wiki.jbdcl.com/6860ffc69ff03c06b06e768c)|2025/07/11 01:18|前 直樹|
|[画面イメージ：ソースコード変換機能](https://wiki.jbdcl.com/686f503d9ff03c06b0955319)|2025/07/11 03:48|淺野間 龍児|
|[200_年間予定](https://wiki.jbdcl.com/686b4e719ff03c06b087a85a)|2025/07/08 05:25|二瓶 容一|
|[2025年07月(金子)_React & SPA](https://wiki.jbdcl.com/686cdb569ff03c06b08e4984)|2025/07/10 06:24|金子 睦起|
|[2025年07月(柿本)](https://wiki.jbdcl.com/6865c1c99ff03c06b07dc17e)|2025/07/10 06:35|柿本 貴之|
|[Cookieについて（森林）](https://wiki.jbdcl.com/686798699ff03c06b08538a1)|2025/07/09 04:00|森林 悠登|
|[SQLを見る作るうえでの考え方](https://wiki.jbdcl.com/685b49df9ff03c06b066b27f)|2025/07/09 04:04|青山 謙二|
|[04ｰ2.予実管理](https://wiki.jbdcl.com/686f5e7e9ff03c06b095a01a)|2025/07/10 03:32|横島 瞳|
|[7月](https://wiki.jbdcl.com/686f5e869ff03c06b095a05c)|2025/07/10 03:32|横島 瞳|
|[7月2週目](https://wiki.jbdcl.com/686f45a99ff03c06b094e158)|2025/07/11 06:03|宮原 優太|
|[7月3週目](https://wiki.jbdcl.com/686f6cb99ff03c06b095e627)|2025/07/11 04:38|田中 颯人|
|[イベント出欠](https://wiki.jbdcl.com/6695eab49ff03c06b08f7a4c)|2025/07/07 07:51|富田 吉紀|
|[01-1.心得（社員用）](https://wiki.jbdcl.com/67639e399ff03c06b0848063)|2025/07/09 05:06|米田 桜|
|[用語一覧](https://wiki.jbdcl.com/686f71bb9ff03c06b0961394)|2025/07/10 05:08|藤本 正貫|
|[委託在庫・寄託在庫・受託加工品見返](https://wiki.jbdcl.com/686f74b89ff03c06b0962610)|2025/07/10 05:07|藤本 正貫|
|[大阪万博のTips](https://wiki.jbdcl.com/6826a9c79ff03c06b02ebef0)|2025/07/11 05:59|馬場 健司|
|[ランキングページ](https://wiki.jbdcl.com/63a10a4eb5e7e15fd789a29d)|2025/07/12 02:00|田渕 達也|
"
1,kawashima,"@channel 

### 万博チケット社員販売について
販売金額の改定を行いましたので、ご案内いたします。
（グループセッションでも案内しております）

`3,000円/1枚`

※購入枚数の制限はありません（ご希望に添えない可能性が有ります）
※転売は禁止（使用できなくなります）

先着順で取り扱いますので、枚数が無くなり次第、終了とさせていただきます。

購入のご連絡、及びご相談については、（久保・川島）までご連絡ください。 "
0,mattermost,"
## JBDナレッジの更新情報 :pencil: 

* 下記のページが１週間以内に更新されています。



　

|ページ|更新日|更新者|
|-|-|
|[1103_JBDNEWS](https://wiki.jbdcl.com/63b4e5347c45329c2d28f2bc)|2025/07/16 01:14|宮林 歩未|
|[Office2016導入PC](https://wiki.jbdcl.com/65546c2028cf0e07df594ccf)|2025/07/21 01:10|田渕 達也|
|[1201_開発戦略本部からのお願い](https://wiki.jbdcl.com/655afc2c28cf0e07df5d900a)|2025/07/18 05:56|冨澤 裕喜|
|[パスワード変更_未実施者](https://wiki.jbdcl.com/66e90c1b9ff03c06b0fc3a74)|2025/07/20 02:10|田渕 達也|
|[1231_受講者状況](https://wiki.jbdcl.com/63e0960d922bc9d167bd84bb)|2025/07/20 02:50|田渕 達也|
|[10.棚卸未実施一覧](https://wiki.jbdcl.com/655c272828cf0e07df5e3b75)|2025/07/21 01:30|田渕 達也|
|[11.棚卸管理シール貼付け未実施一覧](https://wiki.jbdcl.com/66976f629ff03c06b09395f5)|2025/07/20 01:40|田渕 達也|
|[1260_開発サーバー](https://wiki.jbdcl.com/66c6abb29ff03c06b0d2df54)|2025/07/20 01:50|田渕 達也|
|[Windows10PC一覧](https://wiki.jbdcl.com/6556ba1528cf0e07df5aec55)|2025/07/21 01:20|田渕 達也|
|[コーディングプラクティス](https://wiki.jbdcl.com/67ffb1a99ff03c06b0142138)|2025/07/15 08:45|西中 健太|
|[01_良いコードとは？](https://wiki.jbdcl.com/6827e2839ff03c06b03024bc)|2025/07/14 09:35|西中 健太|
|[02_名前に情報を詰め込む](https://wiki.jbdcl.com/6827e6539ff03c06b0303448)|2025/07/15 08:20|西中 健太|
|[03_誤解されない名前](https://wiki.jbdcl.com/68478e0e9ff03c06b04ff9de)|2025/07/15 08:45|西中 健太|
|[Associate Reactive Developer (O11)](https://wiki.jbdcl.com/6874849f9ff03c06b09b627f)|2025/07/15 02:37|河野 眞欧|
|[3-06_三項演算子の処理](https://wiki.jbdcl.com/684a69999ff03c06b055dd7e)|2025/07/15 05:18|隈部 摩耶|
|[3-07_mapによる繰り返し処理](https://wiki.jbdcl.com/68760e669ff03c06b0a1e8d4)|2025/07/15 05:18|隈部 摩耶|
|[2300_JBD標準フォーマット](https://wiki.jbdcl.com/63a10b08b5e7e15fd789a722)|2025/07/20 09:30|大森 泉|
|[Linuxコマンドについて](https://wiki.jbdcl.com/686f4dcc9ff03c06b09536b0)|2025/07/17 05:53|澤永 直毅|
|[90_社内展開の進め方](https://wiki.jbdcl.com/6800e4aa9ff03c06b015a146)|2025/07/18 08:01|砂盃 梨乃|
|[タスク](https://wiki.jbdcl.com/67a5baee9ff03c06b0c6212b)|2025/07/14 03:55|石井 教観|
|[ドキュメント](https://wiki.jbdcl.com/686dd0ba9ff03c06b0900a90)|2025/07/14 03:57|石井 教観|
|[20_DB](https://wiki.jbdcl.com/683faa4f9ff03c06b0488df9)|2025/07/15 03:07|田渕 達也|
|[90_Applicationでの実装方法](https://wiki.jbdcl.com/686612769ff03c06b07fcda5)|2025/07/14 01:28|前 直樹|
|[99_補足](https://wiki.jbdcl.com/687449499ff03c06b0999ec1)|2025/07/14 09:04|前 直樹|
|[40_CICD](https://wiki.jbdcl.com/6863a10d9ff03c06b0780bdb)|2025/07/15 06:13|松本 隼弥|
|[41_Docker環境作成編](https://wiki.jbdcl.com/6878a6a69ff03c06b0ab9e54)|2025/07/17 05:54|叶 怜央|
|[業務経歴書管理](https://wiki.jbdcl.com/686f387c9ff03c06b09478f3)|2025/07/15 02:38|永井 利樹|
|[20250715](https://wiki.jbdcl.com/6870e1bd9ff03c06b0990b85)|2025/07/15 04:09|古田 翔大|
|[20250725](https://wiki.jbdcl.com/6879931d9ff03c06b0ad4883)|2025/07/18 09:20|古田 翔大|
|[KPT Bot](https://wiki.jbdcl.com/68350f699ff03c06b03ba137)|2025/07/17 10:21|溝渕 航大|
|[00_事前準備](https://wiki.jbdcl.com/6854c5229ff03c06b0602d09)|2025/07/15 05:19|政所 侑磨|
|[機能一覧洗い出しv2](https://wiki.jbdcl.com/68663ef29ff03c06b0811d8c)|2025/07/16 02:03|溝渕 航大|
|[20_機能説明](https://wiki.jbdcl.com/6875ab059ff03c06b09ee01f)|2025/07/15 10:12|政所 侑磨|
|[サンプル_参照機能](https://wiki.jbdcl.com/68789af39ff03c06b0ab24ec)|2025/07/17 04:30|河脇 浩之|
|[サンプル_登録機能](https://wiki.jbdcl.com/6876007f9ff03c06b0a16a9a)|2025/07/17 04:22|政所 侑磨|
|[ダッシュボード](https://wiki.jbdcl.com/6875ab189ff03c06b09ee1b8)|2025/07/18 04:15|瓜原 莉奈|
|[マイページ](https://wiki.jbdcl.com/6875ab3d9ff03c06b09ee2f9)|2025/07/18 05:55|黒田 莉那|
|[共通（メニュー・ロゴなど）](https://wiki.jbdcl.com/6875ab519ff03c06b09ee3ea)|2025/07/18 03:03|瓜原 莉奈|
|[投稿](https://wiki.jbdcl.com/6875ab299ff03c06b09ee271)|2025/07/18 05:58|小川 莉奈|
|[投稿一覧](https://wiki.jbdcl.com/6875ab339ff03c06b09ee2b6)|2025/07/18 06:00|溝渕 航大|
|[編集](https://wiki.jbdcl.com/6877285e9ff03c06b0a4cac3)|2025/07/18 05:58|前田 幹太|
|[7月14日](https://wiki.jbdcl.com/68745f2e9ff03c06b09aa609)|2025/07/14 11:31|小川 莉奈|
|[7月15日](https://wiki.jbdcl.com/6875a0d89ff03c06b09e7f5a)|2025/07/15 10:22|前田 幹太|
|[7月15日2](https://wiki.jbdcl.com/6876f6089ff03c06b0a37864)|2025/07/16 09:44|前田 幹太|
|[7月17日](https://wiki.jbdcl.com/687853749ff03c06b0a8e8f4)|2025/07/17 11:34|前田 幹太|
|[7月18日](https://wiki.jbdcl.com/6879c69e9ff03c06b0aec02a)|2025/07/18 02:19|前田 幹太|
|[10_開発ルール](https://wiki.jbdcl.com/687700c89ff03c06b0a3f81f)|2025/07/16 10:30|政所 侑磨|
|[KPT Bot提案書](https://wiki.jbdcl.com/6876f6559ff03c06b0a37c9a)|2025/07/16 02:00|溝渕 航大|
|[bk](https://wiki.jbdcl.com/6876fade9ff03c06b0a3c28b)|2025/07/16 10:05|政所 侑磨|
|[デザイン](https://wiki.jbdcl.com/6879e4849ff03c06b0af78f7)|2025/07/18 06:04|小川 莉奈|
|[画面イメージ](https://wiki.jbdcl.com/6864dd7b9ff03c06b07c4643)|2025/07/18 02:58|溝渕 航大|
|[ポータル](https://wiki.jbdcl.com/683e81c69ff03c06b0466dff)|2025/07/16 09:45|國實 翔詠|
|[10_DB設計](https://wiki.jbdcl.com/686b223e9ff03c06b086d3fc)|2025/07/14 04:43|國實 翔詠|
|[20_機能設計](https://wiki.jbdcl.com/686b80e19ff03c06b08983fe)|2025/07/18 03:11|國實 翔詠|
|[PTL101 ポータル一覧画面](https://wiki.jbdcl.com/686785749ff03c06b084a87b)|2025/07/18 10:13|國實 翔詠|
|[PTL201_ポータル管理一覧画面](https://wiki.jbdcl.com/686b0f2d9ff03c06b0860752)|2025/07/18 10:14|國實 翔詠|
|[PTL202_ポータル登録画面](https://wiki.jbdcl.com/686b0f469ff03c06b086086c)|2025/07/18 10:14|國實 翔詠|
|[PTL203_ポータル登録確認画面](https://wiki.jbdcl.com/686b0f639ff03c06b0860b87)|2025/07/18 10:14|國實 翔詠|
|[PTL301CMN_管理者認可処理](https://wiki.jbdcl.com/6875aaf29ff03c06b09ede84)|2025/07/17 09:56|國實 翔詠|
|[PTL302API_ポータル一覧情報取得](https://wiki.jbdcl.com/6875ab829ff03c06b09ee853)|2025/07/18 04:28|國實 翔詠|
|[PTL303API_アクセス先URL情報取得](https://wiki.jbdcl.com/6875ab8b9ff03c06b09ee8f9)|2025/07/17 08:17|國實 翔詠|
|[PTL304API_ポータル管理一覧情報取得](https://wiki.jbdcl.com/6875ab939ff03c06b09ee98f)|2025/07/17 11:26|國實 翔詠|
|[PTL305API_ポータル詳細情報取得](https://wiki.jbdcl.com/6875ab9a9ff03c06b09eea43)|2025/07/17 08:09|國實 翔詠|
|[PTL306API_ポータル登録処理](https://wiki.jbdcl.com/6875abff9ff03c06b09eee7e)|2025/07/17 08:08|國實 翔詠|
|[PTL307API_ポータル更新処理](https://wiki.jbdcl.com/6875ac069ff03c06b09eef09)|2025/07/17 08:08|國實 翔詠|
|[PTL308API_ポータル削除処理](https://wiki.jbdcl.com/6875ac0b9ff03c06b09eef95)|2025/07/17 08:08|國實 翔詠|
|[PTL309API_ポータル登録チェック処理](https://wiki.jbdcl.com/6875ac109ff03c06b09ef06c)|2025/07/17 07:44|國實 翔詠|
|[PTL310API_ポータル登録確認情報取得](https://wiki.jbdcl.com/6875ac179ff03c06b09ef14e)|2025/07/17 08:07|國實 翔詠|
|[PTL311API_公開対象候補情報取得](https://wiki.jbdcl.com/6875ac1b9ff03c06b09ef1f5)|2025/07/17 08:37|國實 翔詠|
|[PTL312API_カテゴリ情報取得](https://wiki.jbdcl.com/6875ac209ff03c06b09ef291)|2025/07/17 08:38|國實 翔詠|
|[PTL901_システムエラー画面](https://wiki.jbdcl.com/686b10339ff03c06b0860f0d)|2025/07/18 10:16|國實 翔詠|
|[アクセス先URL自動切換機能](https://wiki.jbdcl.com/686b104e9ff03c06b0861014)|2025/07/15 09:42|國實 翔詠|
|[公開権限グルーピング](https://wiki.jbdcl.com/686b10df9ff03c06b0861351)|2025/07/15 10:32|國實 翔詠|
|[11_機能一覧](https://wiki.jbdcl.com/686c7d079ff03c06b08b6e89)|2025/07/18 01:43|古田 翔大|
|[12_テーブル定義](https://wiki.jbdcl.com/686c824b9ff03c06b08b9621)|2025/07/18 05:34|永井 利樹|
|[13_API仕様](https://wiki.jbdcl.com/687a17179ff03c06b0b15a0e)|2025/07/18 07:00|永井 利樹|
|[81_コーディング規約](https://wiki.jbdcl.com/687060fb9ff03c06b09744b4)|2025/07/14 06:11|古田 翔大|
|[社内向けチャットボットシステム](https://wiki.jbdcl.com/683d5dea9ff03c06b0449aa4)|2025/07/15 01:14|塩田 祥久|
|[10_準備](https://wiki.jbdcl.com/685219ea9ff03c06b05c07c6)|2025/07/17 06:03|塩田 祥久|
|[11_開発環境構築手順](https://wiki.jbdcl.com/6860ffc69ff03c06b06e768c)|2025/07/17 03:39|塩田 祥久|
|[12_開発ルール](https://wiki.jbdcl.com/687493ff9ff03c06b09bffe9)|2025/07/17 03:35|塩田 祥久|
|[13_参考](https://wiki.jbdcl.com/6879a31c9ff03c06b0ae00e4)|2025/07/18 10:28|塩田 祥久|
|[20_設計](https://wiki.jbdcl.com/68744d8d9ff03c06b099da4b)|2025/07/18 10:17|塩田 祥久|
|[API仕様_アーカイブ一覧取得](https://wiki.jbdcl.com/68744ec39ff03c06b099e346)|2025/07/16 04:35|國實 翔詠|
|[API仕様_タグ取得](https://wiki.jbdcl.com/68744ead9ff03c06b099e300)|2025/07/15 11:13|塩田 祥久|
|[API仕様_チャット取得](https://wiki.jbdcl.com/68744e509ff03c06b099e1c1)|2025/07/15 10:52|塩田 祥久|
|[API仕様_フィードバック情報保存](https://wiki.jbdcl.com/68744ef19ff03c06b099e671)|2025/07/15 11:16|塩田 祥久|
|[API仕様_フィードバック情報削除](https://wiki.jbdcl.com/68744f0b9ff03c06b099e7cf)|2025/07/15 11:15|塩田 祥久|
|[API仕様_フィードバック情報取得](https://wiki.jbdcl.com/68744f199ff03c06b099e812)|2025/07/15 11:15|塩田 祥久|
|[API仕様_メッセージ送信](https://wiki.jbdcl.com/68744e5a9ff03c06b099e204)|2025/07/15 10:53|塩田 祥久|
|[画面仕様_アーカイブ一覧](https://wiki.jbdcl.com/68744dea9ff03c06b099ddbf)|2025/07/18 05:39|下村 成生|
|[画面仕様_チャット](https://wiki.jbdcl.com/68744dd89ff03c06b099dce0)|2025/07/15 11:09|塩田 祥久|
|[90_管理](https://wiki.jbdcl.com/687997a99ff03c06b0ad7757)|2025/07/18 09:40|塩田 祥久|
|[XX_準備](https://wiki.jbdcl.com/68748a999ff03c06b09b9be3)|2025/07/14 06:01|前 直樹|
|[07](https://wiki.jbdcl.com/6878c2eb9ff03c06b0ac8306)|2025/07/18 04:39|砂盃 梨乃|
|[299_開発ルール](https://wiki.jbdcl.com/68784f239ff03c06b0a8b2da)|2025/07/17 10:17|海野 亮|
|[Githubブランチ戦略](https://wiki.jbdcl.com/68784f2c9ff03c06b0a8b3a2)|2025/07/17 04:03|海野 亮|
|[Github Copilot試用メモ](https://wiki.jbdcl.com/685d06359ff03c06b06b7644)|2025/07/17 10:18|海野 亮|
|[200_年間予定](https://wiki.jbdcl.com/686b4e719ff03c06b087a85a)|2025/07/17 09:21|藤原 みづほ|
|[20250711_ICTの資料を通じて、ADの知識を深める](https://wiki.jbdcl.com/68789d1d9ff03c06b0ab3bc1)|2025/07/17 04:37|武田 宏喜|
|[20250718_javaのメモリについて](https://wiki.jbdcl.com/6878c8569ff03c06b0ac9cb8)|2025/07/17 07:27|武田 宏喜|
|[論理とか集合とか](https://wiki.jbdcl.com/68678dc59ff03c06b084e80b)|2025/07/17 08:11|青山 謙二|
|[7月2週目](https://wiki.jbdcl.com/686f45a99ff03c06b094e158)|2025/07/15 09:39|田中 颯人|
|[7月3週目](https://wiki.jbdcl.com/686f6cb99ff03c06b095e627)|2025/07/18 06:04|宮原 優太|
|[7月4週目](https://wiki.jbdcl.com/687a0a3d9ff03c06b0b0fd71)|2025/07/18 05:58|田中 颯人|
|[社内申請関連](https://wiki.jbdcl.com/6878878c9ff03c06b0aa99d5)|2025/07/18 04:18|宮原 優太|
|[01-1.心得（社員用）](https://wiki.jbdcl.com/67639e399ff03c06b0848063)|2025/07/18 08:58|米田 桜|
|[21_シノニム管理](https://wiki.jbdcl.com/67ececb09ff03c06b001feb8)|2025/07/15 12:35|井手 ゆりか|
|[大阪万博のTips](https://wiki.jbdcl.com/6826a9c79ff03c06b02ebef0)|2025/07/19 11:39|馬場 健司|
|[ランキングページ](https://wiki.jbdcl.com/63a10a4eb5e7e15fd789a29d)|2025/07/20 02:00|田渕 達也|
"
0,kitamura,"@kawashima さん、@m-kubo さん
お疲れ様です。西営 北村です。
万博チケット、4枚購入希望です。
宜しくお願い致します。"
1,a-miyabayashi,"@channel 
### ストレスチェック未受検者へリマインドのご連絡

お疲れ様です。
お忙しい中、ストレスチェックをご受検いただき誠にありがとうございます。

現在、まだご受検いただいていない方もいらっしゃるため、改めてご案内させていただきます。
回答期限は**「7月31日（木）」**までとなっておりますので、
お手数ではございますが、期限内でのご対応をお願いいたします。

よろしくお願いいたします。"
0,kawashima,"@channel 

万博チケット、ご購入いただいた方へ購入後の手続きについて
（古ければスミマセン…）
\\jbdmng\全社共有\46期\01000_全社\EXPO2025\202409_資料\来場日時予約までの流れ.pdf"
0,kawashima,"@channel 

### 万博チケット完売のお知らせ

ご好評により、万博チケットは完売いたしました。
ご購入された方につきましては、暑い中の見物となりますが熱中症など
気を付けてください。（日傘等の持参）"
1,yui-watanabe,"@channel 

### PCのソフトウェアバージョン確認のお願い

お疲れ様です。ISMS事務局の渡辺です。

先ほどGS回覧板にて、下記の案内をさせて頂きました。

各自ご対応の程よろしくお願い致します。


```
お疲れ様です。ISMS事務局の渡辺です。

例年同様、ソフトウェアのバージョンが最新であるかの確認を実施します。

会社から貸与を受けているPCについて、期日までに以下のURLより
バージョンチェックを実施して頂くようお願い致します。
（※バージョンが最新でない場合は、ソフトウェアの更新してください。）

尚、バージョンチェック・更新が完了しましたら、確認ボタンを押してください。
※会社貸与のPCがない場合、『会社貸与PCなし』と記載してください。
※確認ボタンを押してない場合は、依頼の通知をお送ります。


【バージョンチェックURL】　
　https://jvndb.jvn.jp/apis/myjvn/vccheckdotnet.html

【期日】
　2025年8月29日（金）
　※ただし、ISMS内部監査の実施前に対応することが望ましいため
　　各事業部の実施日を上長に確認の上、速やかにご対応頂きますよう
　　ご理解ご協力の程よろしくお願い致します。


以上、お忙しいかと存じますが、ご対応の程よろしくお願い致します。
```"
0,baba,"@all 
最新の万博情報です。お役に立てば。。。
https://wiki.jbdcl.com/6826a9c79ff03c06b02ebef0
"
0,mattermost,"
## JBDナレッジの更新情報 :pencil: 

* 下記のページが１週間以内に更新されています。



　

|ページ|更新日|更新者|
|-|-|
|[Office2016導入PC](https://wiki.jbdcl.com/65546c2028cf0e07df594ccf)|2025/07/28 01:10|田渕 達也|
|[T032_情報機器社内ネットワーク登録申請](https://wiki.jbdcl.com/6880818c9ff03c06b0bb49e1)|2025/07/25 03:27|冨澤 裕喜|
|[T033_情報機器社内ネットワーク変更申請](https://wiki.jbdcl.com/688328f89ff03c06b0c56b97)|2025/07/25 05:16|冨澤 裕喜|
|[T034_情報機器社内ネットワーク削除申請](https://wiki.jbdcl.com/68833d839ff03c06b0c66230)|2025/07/25 05:22|冨澤 裕喜|
|[パスワード変更_未実施者](https://wiki.jbdcl.com/66e90c1b9ff03c06b0fc3a74)|2025/07/26 02:10|田渕 達也|
|[1231_受講者状況](https://wiki.jbdcl.com/63e0960d922bc9d167bd84bb)|2025/07/26 02:50|田渕 達也|
|[10.棚卸未実施一覧](https://wiki.jbdcl.com/655c272828cf0e07df5e3b75)|2025/07/28 01:30|田渕 達也|
|[11.棚卸管理シール貼付け未実施一覧](https://wiki.jbdcl.com/66976f629ff03c06b09395f5)|2025/07/26 01:40|田渕 達也|
|[1260_開発サーバー](https://wiki.jbdcl.com/66c6abb29ff03c06b0d2df54)|2025/07/26 01:50|田渕 達也|
|[Windows10PC一覧](https://wiki.jbdcl.com/6556ba1528cf0e07df5aec55)|2025/07/28 01:20|田渕 達也|
|[Ubuntu24.04をLVMでインストール](https://wiki.jbdcl.com/6883386e9ff03c06b0c612e3)|2025/07/25 08:47|板坂 敬生|
|[apt-mirror構築＆閉鎖環境への差分同期](https://wiki.jbdcl.com/683fc4d89ff03c06b048f1c4)|2025/07/25 08:21|板坂 敬生|
|[90_社内展開の進め方](https://wiki.jbdcl.com/6800e4aa9ff03c06b015a146)|2025/07/22 11:29|砂盃 梨乃|
|[20_DB](https://wiki.jbdcl.com/683faa4f9ff03c06b0488df9)|2025/07/25 08:49|田渕 達也|
|[v_division 事業部](https://wiki.jbdcl.com/688370199ff03c06b0c72f1b)|2025/07/25 08:55|田渕 達也|
|[v_posts(役職マスタ)](https://wiki.jbdcl.com/68836fc69ff03c06b0c72b19)|2025/07/25 08:52|田渕 達也|
|[v_roles　権限および、職務](https://wiki.jbdcl.com/68836ff59ff03c06b0c72d93)|2025/07/25 08:52|田渕 達也|
|[v_users(ユーザ情報)](https://wiki.jbdcl.com/68836f9b9ff03c06b0c7298e)|2025/07/25 08:51|田渕 達也|
|[40_CICD](https://wiki.jbdcl.com/6863a10d9ff03c06b0780bdb)|2025/07/22 02:14|松本 隼弥|
|[42_Docker環境作成編](https://wiki.jbdcl.com/6878a6a69ff03c06b0ab9e54)|2025/07/25 01:01|叶 怜央|
|[42_概要](https://wiki.jbdcl.com/687f1df89ff03c06b0b570e2)|2025/07/22 03:24|松本 隼弥|
|[20250725](https://wiki.jbdcl.com/6879931d9ff03c06b0ad4883)|2025/07/25 03:52|古田 翔大|
|[99_社内システム案](https://wiki.jbdcl.com/683fa9d59ff03c06b048861a)|2025/07/22 03:50|溝渕 航大|
|[KPT Bot](https://wiki.jbdcl.com/68350f699ff03c06b03ba137)|2025/07/24 01:39|溝渕 航大|
|[10_要件定義](https://wiki.jbdcl.com/68647fef9ff03c06b0793110)|2025/07/22 03:52|溝渕 航大|
|[DB設計](https://wiki.jbdcl.com/6881e6349ff03c06b0c14ae6)|2025/07/25 03:28|溝渕 航大|
|[機能一覧洗い出し](https://wiki.jbdcl.com/68663ef29ff03c06b0811d8c)|2025/07/25 01:27|溝渕 航大|
|[20_機能説明](https://wiki.jbdcl.com/6875ab059ff03c06b09ee01f)|2025/07/22 03:59|溝渕 航大|
|[KPT000_共通（メニュー・ロゴなど）](https://wiki.jbdcl.com/6875ab519ff03c06b09ee3ea)|2025/07/22 09:24|瓜原 莉奈|
|[KPT101_ダッシュボード](https://wiki.jbdcl.com/6875ab189ff03c06b09ee1b8)|2025/07/25 03:12|瓜原 莉奈|
|[KPT102_KPT投稿](https://wiki.jbdcl.com/6875ab299ff03c06b09ee271)|2025/07/25 06:06|小川 莉奈|
|[KPT102_編集](https://wiki.jbdcl.com/6877285e9ff03c06b0a4cac3)|2025/07/24 05:59|前田 幹太|
|[KPT103_投稿一覧](https://wiki.jbdcl.com/6875ab339ff03c06b09ee2b6)|2025/07/25 04:25|溝渕 航大|
|[KPT104_マイページ](https://wiki.jbdcl.com/6875ab3d9ff03c06b09ee2f9)|2025/07/25 02:03|黒田 莉那|
|[7月第3週](https://wiki.jbdcl.com/687edb7f9ff03c06b0b270b9)|2025/07/22 09:29|前田 幹太|
|[7月22日](https://wiki.jbdcl.com/687edb8d9ff03c06b0b2721f)|2025/07/22 10:49|前田 幹太|
|[7月24日](https://wiki.jbdcl.com/68817e469ff03c06b0bdb404)|2025/07/24 10:06|前田 幹太|
|[7月25日](https://wiki.jbdcl.com/6883018d9ff03c06b0c427c2)|2025/07/25 03:16|溝渕 航大|
|[10_開発ルール](https://wiki.jbdcl.com/687700c89ff03c06b0a3f81f)|2025/07/24 09:21|政所 侑磨|
|[デザイン](https://wiki.jbdcl.com/6879e4849ff03c06b0af78f7)|2025/07/25 05:41|政所 侑磨|
|[00_準備](https://wiki.jbdcl.com/6854f8759ff03c06b060c72a)|2025/07/24 09:23|國實 翔詠|
|[10_DB設計](https://wiki.jbdcl.com/686b223e9ff03c06b086d3fc)|2025/07/25 11:28|國實 翔詠|
|[20_機能設計](https://wiki.jbdcl.com/686b80e19ff03c06b08983fe)|2025/07/25 11:06|國實 翔詠|
|[PTL101 ポータル一覧画面](https://wiki.jbdcl.com/686785749ff03c06b084a87b)|2025/07/22 07:53|國實 翔詠|
|[PTL201_ポータル管理一覧画面](https://wiki.jbdcl.com/686b0f2d9ff03c06b0860752)|2025/07/23 05:34|國實 翔詠|
|[PTL202_ポータル登録画面](https://wiki.jbdcl.com/686b0f469ff03c06b086086c)|2025/07/22 04:39|國實 翔詠|
|[PTL302API_ポータル一覧情報取得](https://wiki.jbdcl.com/6875ab829ff03c06b09ee853)|2025/07/25 09:00|國實 翔詠|
|[PTL303API_アクセス先URL情報取得](https://wiki.jbdcl.com/6875ab8b9ff03c06b09ee8f9)|2025/07/22 02:09|國實 翔詠|
|[PTL304API_ポータル管理一覧情報取得](https://wiki.jbdcl.com/6875ab939ff03c06b09ee98f)|2025/07/22 02:16|國實 翔詠|
|[PTL305API_ポータル詳細情報取得](https://wiki.jbdcl.com/6875ab9a9ff03c06b09eea43)|2025/07/24 01:34|國實 翔詠|
|[PTL311API_公開対象候補情報取得](https://wiki.jbdcl.com/6875ac1b9ff03c06b09ef1f5)|2025/07/24 03:47|國實 翔詠|
|[11_機能一覧](https://wiki.jbdcl.com/686c7d079ff03c06b08b6e89)|2025/07/22 04:31|古田 翔大|
|[12_テーブル定義](https://wiki.jbdcl.com/686c824b9ff03c06b08b9621)|2025/07/23 04:04|永井 利樹|
|[13_API仕様](https://wiki.jbdcl.com/687a17179ff03c06b0b15a0e)|2025/07/22 10:21|永井 利樹|
|[70_議事録](https://wiki.jbdcl.com/68832abb9ff03c06b0c57c7e)|2025/07/25 03:56|古田 翔大|
|[20250728](https://wiki.jbdcl.com/688335e69ff03c06b0c5f97e)|2025/07/25 05:11|福山 凌|
|[10_準備](https://wiki.jbdcl.com/685219ea9ff03c06b05c07c6)|2025/07/22 02:35|前 直樹|
|[11_開発環境構築手順](https://wiki.jbdcl.com/6860ffc69ff03c06b06e768c)|2025/07/25 11:53|前 直樹|
|[12_開発ルール](https://wiki.jbdcl.com/687493ff9ff03c06b09bffe9)|2025/07/25 06:28|前 直樹|
|[13_参考](https://wiki.jbdcl.com/6879a31c9ff03c06b0ae00e4)|2025/07/25 09:17|前 直樹|
|[14_Git運用ルール](https://wiki.jbdcl.com/68807ac19ff03c06b0bb1f54)|2025/07/25 06:21|前 直樹|
|[20_設計](https://wiki.jbdcl.com/68744d8d9ff03c06b099da4b)|2025/07/25 12:30|前 直樹|
|[A02_API仕様_チャット取得](https://wiki.jbdcl.com/68744e509ff03c06b099e1c1)|2025/07/22 03:51|塩田 祥久|
|[A03_API仕様_メッセージ送信](https://wiki.jbdcl.com/68744e5a9ff03c06b099e204)|2025/07/25 04:22|中谷 祐大|
|[B01_画面仕様_アーカイブ一覧](https://wiki.jbdcl.com/68744dea9ff03c06b099ddbf)|2025/07/25 06:06|塩田 祥久|
|[B02_API仕様_アーカイブ一覧取得](https://wiki.jbdcl.com/68744ec39ff03c06b099e346)|2025/07/25 11:19|塩田 祥久|
|[C03_API仕様_フィードバック情報取得](https://wiki.jbdcl.com/68744f199ff03c06b099e812)|2025/07/25 01:33|塩田 祥久|
|[D01_バッチ仕様_トレンド掲載](https://wiki.jbdcl.com/687efe509ff03c06b0b418d1)|2025/07/22 02:54|塩田 祥久|
|[D02_バッチ仕様_利用状況掲載](https://wiki.jbdcl.com/687efe849ff03c06b0b41e20)|2025/07/23 07:42|塩田 祥久|
|[D03_バッチ仕様_フィードバックチャット一覧掲載](https://wiki.jbdcl.com/687efe919ff03c06b0b41ee2)|2025/07/23 07:43|塩田 祥久|
|[99_ランキングページ](https://wiki.jbdcl.com/687f101c9ff03c06b0b4a125)|2025/07/22 01:14|塩田 祥久|
|[議事録](https://wiki.jbdcl.com/685a5fc09ff03c06b065df42)|2025/07/22 11:07|砂盃 梨乃|
|[07](https://wiki.jbdcl.com/6878c2eb9ff03c06b0ac8306)|2025/07/22 04:51|砂盃 梨乃|
|[画面作成にあたって事前調査](https://wiki.jbdcl.com/685d06639ff03c06b06b77e2)|2025/07/24 03:48|海野 亮|
|[200_年間予定](https://wiki.jbdcl.com/686b4e719ff03c06b087a85a)|2025/07/23 05:48|大和田 啓吾|
|[2025年7月(武田)](https://wiki.jbdcl.com/687f1bc19ff03c06b0b544be)|2025/07/25 05:29|武田 宏喜|
|[2025年07月(金子)_React & SPA](https://wiki.jbdcl.com/686cdb569ff03c06b08e4984)|2025/07/25 03:44|金子 睦起|
|[20250718_javaのメモリについて](https://wiki.jbdcl.com/6878c8569ff03c06b0ac9cb8)|2025/07/25 03:25|長命 海|
|[論理とか集合とか](https://wiki.jbdcl.com/68678dc59ff03c06b084e80b)|2025/07/23 04:48|青山 謙二|
|[20250724開催](https://wiki.jbdcl.com/6881b90a9ff03c06b0bfd5a2)|2025/07/24 04:36|近澤 昌弘|
|[04.事業部取組](https://wiki.jbdcl.com/6629efee9ff03c06b00e2c90)|2025/07/24 10:20|横島 瞳|
|[04-2.予実管理](https://wiki.jbdcl.com/686f5e7e9ff03c06b095a01a)|2025/07/24 10:00|横島 瞳|
|[ 7月5週目](https://wiki.jbdcl.com/68834aa99ff03c06b0c6e73c)|2025/07/25 06:16|宮原 優太|
|[7月](https://wiki.jbdcl.com/686f5e869ff03c06b095a05c)|2025/07/24 10:19|横島 瞳|
|[7月4週目](https://wiki.jbdcl.com/687a0a3d9ff03c06b0b0fd71)|2025/07/25 06:20|西 優人|
|[8月](https://wiki.jbdcl.com/688184b59ff03c06b0be05fd)|2025/07/24 10:01|横島 瞳|
|[7月3週目](https://wiki.jbdcl.com/686f6cb99ff03c06b095e627)|2025/07/22 05:43|宮原 優太|
|[管理簿](https://wiki.jbdcl.com/67fc9ccf9ff03c06b0103c39)|2025/07/24 06:55|中込 颯|
|[01_管理簿登録設定手順](https://wiki.jbdcl.com/67f5c04d9ff03c06b009cdc1)|2025/07/24 08:32|中込 颯|
|[大阪万博のTips](https://wiki.jbdcl.com/6826a9c79ff03c06b02ebef0)|2025/07/26 12:46|馬場 健司|
|[Sidebar](https://wiki.jbdcl.com/653f257d28cf0e07df4c7174)|2025/07/24 10:36|前 直樹|
|[ランキングページ](https://wiki.jbdcl.com/63a10a4eb5e7e15fd789a29d)|2025/07/26 02:00|田渕 達也|
"
0,itasaka,"@yui-watanabe 
本日の内部監査のWeb会議のURLはどこを見ればわかりますでしょうか？"
0,yui-watanabe,"@itasaka 
お疲れ様です。
内部監査のURLは先方に確認します。
ただ、エクセルの調整表見ると
IT事業部は`7月30日（水）11:00`となっております…
ご確認の程よろしくお願い致します。"
0,itasaka,"@yui-watanabe 
あ、すみません。了解です。
形式はどんな形でしょうか？"
0,itasaka,Web会議であればURLが欲しいです。
0,mattermost,"
## JBDナレッジの更新情報 :pencil: 

* 下記のページが１週間以内に更新されています。



　

|ページ|更新日|更新者|
|-|-|
|[1101_社内規程](https://wiki.jbdcl.com/63b6319b7c45329c2d294280)|2025/07/31 12:28|深川 憲一|
|[Office2016導入PC](https://wiki.jbdcl.com/65546c2028cf0e07df594ccf)|2025/08/04 01:10|田渕 達也|
|[パスワード変更_未実施者](https://wiki.jbdcl.com/66e90c1b9ff03c06b0fc3a74)|2025/08/03 02:10|田渕 達也|
|[1231_受講者状況](https://wiki.jbdcl.com/63e0960d922bc9d167bd84bb)|2025/08/03 02:50|田渕 達也|
|[1250_棚卸処理](https://wiki.jbdcl.com/64632941922bc9d167e0fdce)|2025/08/01 05:29|冨澤 裕喜|
|[A016_アカウントの棚卸処理](https://wiki.jbdcl.com/686cdc409ff03c06b08e5c67)|2025/07/30 05:35|冨澤 裕喜|
|[Y001_情報機器の棚卸処理](https://wiki.jbdcl.com/646561a9922bc9d167e20a03)|2025/07/31 04:55|冨澤 裕喜|
|[01.実施エラー一覧](https://wiki.jbdcl.com/652c887f28cf0e07df3e00df)|2025/08/01 05:27|冨澤 裕喜|
|[10.棚卸未実施一覧](https://wiki.jbdcl.com/655c272828cf0e07df5e3b75)|2025/08/04 01:30|田渕 達也|
|[11.棚卸管理シール貼付け未実施一覧](https://wiki.jbdcl.com/66976f629ff03c06b09395f5)|2025/08/03 01:40|田渕 達也|
|[1260_開発サーバー](https://wiki.jbdcl.com/66c6abb29ff03c06b0d2df54)|2025/08/03 01:50|田渕 達也|
|[Windows10PC一覧](https://wiki.jbdcl.com/6556ba1528cf0e07df5aec55)|2025/08/04 01:20|田渕 達也|
|[Linuxコマンドについて](https://wiki.jbdcl.com/686f4dcc9ff03c06b09536b0)|2025/07/31 06:03|澤永 直毅|
|[RHEL9.4をLVMでインストール](https://wiki.jbdcl.com/6886fb609ff03c06b0c99652)|2025/07/28 04:04|板坂 敬生|
|[UPS・PowerChute Network Shutdownについて](https://wiki.jbdcl.com/688725b29ff03c06b0caca52)|2025/07/30 09:51|藤枝 竜平|
|[画面設計](https://wiki.jbdcl.com/67184db69ff03c06b039e961)|2025/07/29 08:53|石井 教観|
|[90_社内展開の進め方](https://wiki.jbdcl.com/6800e4aa9ff03c06b015a146)|2025/07/29 10:09|砂盃 梨乃|
|[91_利用方法（社内向け）](https://wiki.jbdcl.com/6889e29e9ff03c06b0d387e4)|2025/07/30 06:15|砂盃 梨乃|
|[利用方法（チェックを実行する）](https://wiki.jbdcl.com/6821abff9ff03c06b028b088)|2025/08/01 06:01|砂盃 梨乃|
|[利用方法（指摘項目を作成・管理する）](https://wiki.jbdcl.com/6889df879ff03c06b0d36f1e)|2025/07/30 06:10|砂盃 梨乃|
|[v_projectMembers(プロジェクトメンバ情報)](https://wiki.jbdcl.com/688c3f999ff03c06b0d93630)|2025/08/01 01:36|田渕 達也|
|[v_projects(プロジェクト情報)](https://wiki.jbdcl.com/688c3d599ff03c06b0d921d6)|2025/08/01 01:39|田渕 達也|
|[v_roles　権限および、職務](https://wiki.jbdcl.com/68836ff59ff03c06b0c72d93)|2025/07/31 06:10|田渕 達也|
|[v_users(ユーザ情報)](https://wiki.jbdcl.com/68836f9b9ff03c06b0c7298e)|2025/07/29 06:54|田渕 達也|
|[20250729](https://wiki.jbdcl.com/6886be5b9ff03c06b0c7e0ce)|2025/07/30 01:07|河脇 浩之|
|[20250730](https://wiki.jbdcl.com/688827009ff03c06b0ccb5e0)|2025/07/30 03:51|國實 翔詠|
|[20250729](https://wiki.jbdcl.com/688822529ff03c06b0cc854f)|2025/07/29 02:30|古田 翔大|
|[20250730](https://wiki.jbdcl.com/688988eb9ff03c06b0d186d6)|2025/07/30 04:01|近澤 昌弘|
|[10_要件定義](https://wiki.jbdcl.com/68647fef9ff03c06b0793110)|2025/07/29 02:25|河脇 浩之|
|[00_業務フロー](https://wiki.jbdcl.com/688c61ea9ff03c06b0da398e)|2025/08/01 05:34|田渕 達也|
|[機能一覧洗い出し](https://wiki.jbdcl.com/68663ef29ff03c06b0811d8c)|2025/08/01 03:32|前田 幹太|
|[20_機能設計](https://wiki.jbdcl.com/6875ab059ff03c06b09ee01f)|2025/07/29 02:24|河脇 浩之|
|[KPT000_共通（メニュー・ロゴなど）](https://wiki.jbdcl.com/6875ab519ff03c06b09ee3ea)|2025/07/29 11:38|瓜原 莉奈|
|[KPT101_ダッシュボード](https://wiki.jbdcl.com/6875ab189ff03c06b09ee1b8)|2025/07/31 06:02|瓜原 莉奈|
|[KPT102_KPT投稿](https://wiki.jbdcl.com/6875ab299ff03c06b09ee271)|2025/08/01 05:12|小川 莉奈|
|[KPT102_編集](https://wiki.jbdcl.com/6877285e9ff03c06b0a4cac3)|2025/08/01 03:23|前田 幹太|
|[KPT103_投稿一覧](https://wiki.jbdcl.com/6875ab339ff03c06b09ee2b6)|2025/08/01 04:04|溝渕 航大|
|[KPT104_マイページ](https://wiki.jbdcl.com/6875ab3d9ff03c06b09ee2f9)|2025/07/29 11:30|黒田 莉那|
|[X1_DB設計](https://wiki.jbdcl.com/68885a159ff03c06b0cdf82a)|2025/07/29 02:20|河脇 浩之|
|[X2_メッセージ一覧](https://wiki.jbdcl.com/6886c70f9ff03c06b0c84bd2)|2025/08/01 09:55|溝渕 航大|
|[X3_レスポンス一覧](https://wiki.jbdcl.com/68896bbc9ff03c06b0d0c09e)|2025/07/30 09:54|小川 莉奈|
|[7月29日](https://wiki.jbdcl.com/688815f19ff03c06b0cc1658)|2025/07/29 09:51|前田 幹太|
|[7月30日](https://wiki.jbdcl.com/688998bb9ff03c06b0d1d11a)|2025/07/30 02:38|前田 幹太|
|[7月31日](https://wiki.jbdcl.com/688af1d39ff03c06b0d5342e)|2025/07/31 02:24|前田 幹太|
|[8月第1週](https://wiki.jbdcl.com/688c10a39ff03c06b0d80a7e)|2025/08/01 09:56|前田 幹太|
|[8月01日](https://wiki.jbdcl.com/688c10aa9ff03c06b0d80ac6)|2025/08/01 10:45|前田 幹太|
|[10_開発ルール](https://wiki.jbdcl.com/687700c89ff03c06b0a3f81f)|2025/07/29 01:19|政所 侑磨|
|[11_ローカル環境のアプリ起動手順および起動前の設定手順](https://wiki.jbdcl.com/6888599c9ff03c06b0cde9bc)|2025/08/01 05:16|政所 侑磨|
|[db](https://wiki.jbdcl.com/688b0a2b9ff03c06b0d62716)|2025/07/31 03:16|田渕 達也|
|[db2](https://wiki.jbdcl.com/688b23929ff03c06b0d6d59d)|2025/07/31 10:09|河脇 浩之|
|[db3](https://wiki.jbdcl.com/688b2b4d9ff03c06b0d70a88)|2025/08/01 06:02|河脇 浩之|
|[デザイン](https://wiki.jbdcl.com/6879e4849ff03c06b0af78f7)|2025/07/28 04:23|政所 侑磨|
|[00_準備](https://wiki.jbdcl.com/6854f8759ff03c06b060c72a)|2025/08/01 02:09|國實 翔詠|
|[10_DB設計](https://wiki.jbdcl.com/686b223e9ff03c06b086d3fc)|2025/07/28 05:48|國實 翔詠|
|[PTL201_ポータル管理一覧画面](https://wiki.jbdcl.com/686b0f2d9ff03c06b0860752)|2025/07/29 01:08|國實 翔詠|
|[PTL202_ポータル登録画面](https://wiki.jbdcl.com/686b0f469ff03c06b086086c)|2025/07/30 11:46|國實 翔詠|
|[PTL203_ポータル登録確認画面](https://wiki.jbdcl.com/686b0f639ff03c06b0860b87)|2025/07/29 07:38|國實 翔詠|
|[PTL311API_公開対象候補情報取得](https://wiki.jbdcl.com/6875ac1b9ff03c06b09ef1f5)|2025/07/29 04:18|國實 翔詠|
|[PTL312API_カテゴリ情報取得](https://wiki.jbdcl.com/6875ac209ff03c06b09ef291)|2025/07/29 04:18|國實 翔詠|
|[12_テーブル定義](https://wiki.jbdcl.com/686c824b9ff03c06b08b9621)|2025/07/29 09:56|永井 利樹|
|[20_基本設計](https://wiki.jbdcl.com/6886fd2f9ff03c06b0c9a542)|2025/07/28 01:31|永井 利樹|
|[21_画面設計](https://wiki.jbdcl.com/6886fd529ff03c06b0c9a8c2)|2025/07/28 01:32|永井 利樹|
|[22_メッセージ定義一覧](https://wiki.jbdcl.com/6886fd5f9ff03c06b0c9a9eb)|2025/07/30 01:45|鹿島 誠一郎|
|[23_コード一覧](https://wiki.jbdcl.com/6886fd659ff03c06b0c9aaad)|2025/07/29 02:32|永井 利樹|
|[60_ナレッジ](https://wiki.jbdcl.com/6888585e9ff03c06b0cdde24)|2025/07/29 02:13|永井 利樹|
|[html2pdfの技術検証](https://wiki.jbdcl.com/6888717f9ff03c06b0cebee9)|2025/07/31 11:59|石川 享平|
|[20250728](https://wiki.jbdcl.com/688335e69ff03c06b0c5f97e)|2025/07/29 09:01|石川 享平|
|[20250729](https://wiki.jbdcl.com/688856899ff03c06b0cdc4c7)|2025/07/30 10:29|福山 凌|
|[20250730](https://wiki.jbdcl.com/6889735c9ff03c06b0d1037d)|2025/07/30 02:23|福山 凌|
|[20250731](https://wiki.jbdcl.com/688af51f9ff03c06b0d5605a)|2025/07/31 02:01|石川 享平|
|[20250801](https://wiki.jbdcl.com/688c46f89ff03c06b0d973bc)|2025/08/01 01:54|鹿島 誠一郎|
|[82_Redmine](https://wiki.jbdcl.com/6888723a9ff03c06b0cec843)|2025/07/29 04:39|古田 翔大|
|[10_準備](https://wiki.jbdcl.com/685219ea9ff03c06b05c07c6)|2025/07/28 06:23|前 直樹|
|[11_開発環境構築手順](https://wiki.jbdcl.com/6860ffc69ff03c06b06e768c)|2025/07/31 09:52|前 直樹|
|[12_開発ルール](https://wiki.jbdcl.com/687493ff9ff03c06b09bffe9)|2025/08/01 12:27|前 直樹|
|[13_参考](https://wiki.jbdcl.com/6879a31c9ff03c06b0ae00e4)|2025/07/29 12:00|前 直樹|
|[14_Git運用ルール](https://wiki.jbdcl.com/68807ac19ff03c06b0bb1f54)|2025/07/30 06:23|前 直樹|
|[D01_バッチ仕様_トレンド掲載](https://wiki.jbdcl.com/687efe509ff03c06b0b418d1)|2025/07/30 05:42|塩田 祥久|
|[UI,UX向上に必要な要素の調査](https://wiki.jbdcl.com/688af48c9ff03c06b0d551ff)|2025/08/01 05:17|百合野 琉|
|[画面イメージ：ソースコード変換機能](https://wiki.jbdcl.com/686f503d9ff03c06b0955319)|2025/07/30 07:23|淺野間 龍児|
|[画面作成にあたって事前調査](https://wiki.jbdcl.com/685d06639ff03c06b06b77e2)|2025/07/29 06:11|海野 亮|
|[200_年間予定](https://wiki.jbdcl.com/686b4e719ff03c06b087a85a)|2025/07/31 11:01|大和田 啓吾|
|[SQLを見る作るうえでの考え方](https://wiki.jbdcl.com/685b49df9ff03c06b066b27f)|2025/07/30 06:51|青山 謙二|
|[論理とか集合とか](https://wiki.jbdcl.com/68678dc59ff03c06b084e80b)|2025/07/30 06:55|青山 謙二|
|[7月5週目](https://wiki.jbdcl.com/688738ad9ff03c06b0cb4377)|2025/08/01 07:06|西 優人|
|[8月1週目](https://wiki.jbdcl.com/688c91d59ff03c06b0db9122)|2025/08/01 07:09|西 優人|
|[01-1.心得（社員用）](https://wiki.jbdcl.com/67639e399ff03c06b0848063)|2025/07/30 05:15|馬場 健司|
|[01_管理簿登録設定手順](https://wiki.jbdcl.com/67f5c04d9ff03c06b009cdc1)|2025/07/28 08:15|中込 颯|
|[02_管理簿一覧表示設定手順](https://wiki.jbdcl.com/67f876c09ff03c06b00e0ded)|2025/07/31 07:59|中込 颯|
|[大阪万博のTips](https://wiki.jbdcl.com/6826a9c79ff03c06b02ebef0)|2025/08/01 06:01|馬場 健司|
|[ランキングページ](https://wiki.jbdcl.com/63a10a4eb5e7e15fd789a29d)|2025/08/03 02:00|田渕 達也|
"
1,k-oota,"@channel 

### 健康保険証は2025年12月2日で完全廃止となります


保険証の廃止日が近づいてまいりましたので、再度お知らせいたします。　
従来の健康保険証は2025年12月2日から使えなくなります。(健康保険証の返却は不要です）
廃止日以降は原則、マイナ保険証で医療機関をご受診いただくこととなります。

マイナ保険証の利用登録をしていない方等、マイナ保険証で受診ができない方には、
健保組合より事業所経由で【資格確認書】が届く予定ですが、
11月上旬を目途に送られてきますので、皆様のお手元に届くまで時間がかかる可能性もございます。
できる限りお早めに、マイナ保険証の作成・登録をお願いいたします。

恐れ入りますが、ご協力の程よろしくお願いいたします。

【詳細】
""\\10.0.2.179\全社共有\47期\01000_全社\【重要】マイナ保険証\マイナ保険証.pdf"""
1,m-kubo,"@channel 

### 2025年度GroupSession安否確認訓練実施のお知らせ

GroupSession掲示板でご連絡いたしました内容と同様のものを
Off-Topicチャンネルでも共有させていただきますので、以下をご確認ください。
添付ファイル等については、直接GroupSessionの掲示板よりダウンロードをお願いいたします。

```
【目的】
・有事の際に安否確認システムを通じて、社員全員の生存確認と状況を把握するため
・訓練を行うことで、いざという時に対応方法が分からない、正しく安否確認システムが機能しなかった、といった事態を避けるため
・現在登録されている緊急連絡先が有効であるかを確認するため

【訓練内容】
安否確認メールを受信後、速やかに自身の現況をGroupSessionにログインし返信する

【実施日時】
2025年9月1日(月)

　12:00　経営管理本部よりGroupSessionの安否確認メールを一斉送信
　12:30　未返信の方に対し、再度安否確認メールを送信
　14:00　安否確認訓練終了

【お願い】
※GS安否確認の緊急連絡先に、現在ご登録いただいているメールアドレス及び電話番号が正しく登録されているかご確認ください。
※緊急連絡先が変わってしまっている、または未登録の方に関しましては、速やかにGroupSessionの緊急連絡先を登録してください。
　安否確認機能の詳細、緊急連絡先の登録・変更方法につきましては、添付資料の「GroupSession安否確認（訓練）マニュアル_1.2版.pdf」をご確認ください。
※安否の回答については、緊急連絡先に設定・ご登録いただいているメールアドレスに送信されるURLからご回答ください。
```

実際の有事の際の、迅速な確認・連絡のための訓練となっておりますので、
業務時間中ではございますが皆様のご理解ご協力のほど、よろしくお願い申し上げます。
"
0,mattermost,"
## JBDナレッジの更新情報 :pencil: 

* 下記のページが１週間以内に更新されています。



　

|ページ|更新日|更新者|
|-|-|
|[利用場所、ウイルスバスターのルール](https://wiki.jbdcl.com/6892f87f9ff03c06b0e455e7)|2025/08/06 07:20|冨澤 裕喜|
|[Office2016導入PC](https://wiki.jbdcl.com/65546c2028cf0e07df594ccf)|2025/08/11 01:10|田渕 達也|
|[パスワード変更_未実施者](https://wiki.jbdcl.com/66e90c1b9ff03c06b0fc3a74)|2025/08/10 02:10|田渕 達也|
|[1231_受講者状況](https://wiki.jbdcl.com/63e0960d922bc9d167bd84bb)|2025/08/10 02:50|田渕 達也|
|[01_スキルマップの目的](https://wiki.jbdcl.com/65fbb0839ff03c06b0c74f10)|2025/08/08 04:57|金澤 誠之|
|[02_スキルマップの構成](https://wiki.jbdcl.com/65fbbba29ff03c06b0c7b72e)|2025/08/08 05:04|金澤 誠之|
|[03_スキルマップの取り組み](https://wiki.jbdcl.com/65fbde079ff03c06b0c8a42f)|2025/08/08 04:39|金澤 誠之|
|[0401_ログイン・トップページ](https://wiki.jbdcl.com/67433d9b9ff03c06b064ade4)|2025/08/08 06:37|金澤 誠之|
|[0402_トップページの編集](https://wiki.jbdcl.com/67433e6d9ff03c06b064af4c)|2025/08/08 06:41|金澤 誠之|
|[0403_スキル更新(全体)](https://wiki.jbdcl.com/6743445f9ff03c06b064bbbe)|2025/08/08 06:41|金澤 誠之|
|[0404_キャリアシート](https://wiki.jbdcl.com/674345f39ff03c06b064bf11)|2025/08/08 06:42|金澤 誠之|
|[0405_タレント・スキルリスト](https://wiki.jbdcl.com/674347ca9ff03c06b064c1d3)|2025/08/08 06:43|金澤 誠之|
|[1250_棚卸処理](https://wiki.jbdcl.com/64632941922bc9d167e0fdce)|2025/08/05 05:51|冨澤 裕喜|
|[10.棚卸未実施一覧](https://wiki.jbdcl.com/655c272828cf0e07df5e3b75)|2025/08/11 01:30|田渕 達也|
|[11.棚卸管理シール貼付け未実施一覧](https://wiki.jbdcl.com/66976f629ff03c06b09395f5)|2025/08/10 01:40|田渕 達也|
|[1260_開発サーバー](https://wiki.jbdcl.com/66c6abb29ff03c06b0d2df54)|2025/08/10 01:50|田渕 達也|
|[Windows10PC一覧](https://wiki.jbdcl.com/6556ba1528cf0e07df5aec55)|2025/08/11 01:20|田渕 達也|
|[02.環境要件](https://wiki.jbdcl.com/665582f49ff03c06b0388058)|2025/08/05 10:33|二角 英樹|
|[Linuxコマンドについて](https://wiki.jbdcl.com/686f4dcc9ff03c06b09536b0)|2025/08/08 05:28|澤永 直毅|
|[Windowsで特定ドメインだけ別なDNSに問い合わせる設定](https://wiki.jbdcl.com/689433e49ff03c06b0e6b7d2)|2025/08/08 10:38|板坂 敬生|
|[概要まとめ](https://wiki.jbdcl.com/689001449ff03c06b0dcac54)|2025/08/04 09:40|長命 海|
|[S36_サービス契約一覧画面](https://wiki.jbdcl.com/68941f3a9ff03c06b0e6511f)|2025/08/07 12:36|石井 教観|
|[20250806](https://wiki.jbdcl.com/6891a4689ff03c06b0e111c6)|2025/08/05 06:03|砂盃 梨乃|
|[00_開発方針](https://wiki.jbdcl.com/683fca619ff03c06b04907c7)|2025/08/04 03:21|田渕 達也|
|[99_補足](https://wiki.jbdcl.com/687449499ff03c06b0999ec1)|2025/08/08 02:52|前 直樹|
|[20250805](https://wiki.jbdcl.com/6891abbd9ff03c06b0e12f03)|2025/08/05 04:49|河脇 浩之|
|[20250806](https://wiki.jbdcl.com/6891d35b9ff03c06b0e20b88)|2025/08/06 10:59|國實 翔詠|
|[20250808](https://wiki.jbdcl.com/689165109ff03c06b0e01ec0)|2025/08/08 01:57|永井 利樹|
|[20250806](https://wiki.jbdcl.com/6891c38e9ff03c06b0e1c902)|2025/08/06 08:35|近澤 昌弘|
|[99_社内システム案](https://wiki.jbdcl.com/683fa9d59ff03c06b048861a)|2025/08/08 02:42|前 直樹|
|[機能一覧洗い出し](https://wiki.jbdcl.com/68663ef29ff03c06b0811d8c)|2025/08/04 02:49|溝渕 航大|
|[KPT101_ダッシュボード](https://wiki.jbdcl.com/6875ab189ff03c06b09ee1b8)|2025/08/04 05:09|瓜原 莉奈|
|[KPT102_KPT投稿](https://wiki.jbdcl.com/6875ab299ff03c06b09ee271)|2025/08/05 05:51|小川 莉奈|
|[KPT102_編集](https://wiki.jbdcl.com/6877285e9ff03c06b0a4cac3)|2025/08/05 05:47|小川 莉奈|
|[KPT103_投稿一覧](https://wiki.jbdcl.com/6875ab339ff03c06b09ee2b6)|2025/08/08 06:00|溝渕 航大|
|[KPT104_マイページ](https://wiki.jbdcl.com/6875ab3d9ff03c06b09ee2f9)|2025/08/08 06:00|黒田 莉那|
|[KPT105_](https://wiki.jbdcl.com/68901c819ff03c06b0dd7d67)|2025/08/08 05:30|前田 幹太|
|[KPT105_チーム登録・編集](https://wiki.jbdcl.com/68919a109ff03c06b0e0e590)|2025/08/08 09:24|瓜原 莉奈|
|[KPTXXX_KPT詳細画面](https://wiki.jbdcl.com/6891bfb29ff03c06b0e1af2c)|2025/08/07 05:43|溝渕 航大|
|[X2_メッセージ一覧](https://wiki.jbdcl.com/6886c70f9ff03c06b0c84bd2)|2025/08/05 03:23|小川 莉奈|
|[8月04日](https://wiki.jbdcl.com/688ffe819ff03c06b0dc994c)|2025/08/04 10:18|前田 幹太|
|[8月05日](https://wiki.jbdcl.com/6891566b9ff03c06b0dfdf32)|2025/08/05 11:05|瓜原 莉奈|
|[8月06日](https://wiki.jbdcl.com/689299c89ff03c06b0e270ff)|2025/08/06 10:31|前田 幹太|
|[8月07日](https://wiki.jbdcl.com/6893f1fb9ff03c06b0e56496)|2025/08/07 10:41|前田 幹太|
|[8月08日](https://wiki.jbdcl.com/68955e659ff03c06b0e8e109)|2025/08/08 11:57|前田 幹太|
|[11_ローカル環境のアプリ起動手順および起動前の設定手順](https://wiki.jbdcl.com/6888599c9ff03c06b0cde9bc)|2025/08/06 12:36|政所 侑磨|
|[db3](https://wiki.jbdcl.com/688b2b4d9ff03c06b0d70a88)|2025/08/05 04:32|河脇 浩之|
|[00_準備](https://wiki.jbdcl.com/6854f8759ff03c06b060c72a)|2025/08/06 05:58|國實 翔詠|
|[12_テーブル定義](https://wiki.jbdcl.com/686c824b9ff03c06b08b9621)|2025/08/08 11:53|永井 利樹|
|[13_API仕様](https://wiki.jbdcl.com/687a17179ff03c06b0b15a0e)|2025/08/04 07:10|永井 利樹|
|[202507](https://wiki.jbdcl.com/6890382a9ff03c06b0ddfc72)|2025/08/04 01:33|古田 翔大|
|[20250804](https://wiki.jbdcl.com/689034319ff03c06b0dde344)|2025/08/04 01:24|福山 凌|
|[20250805](https://wiki.jbdcl.com/68919f839ff03c06b0e0f3bd)|2025/08/05 03:17|石川 享平|
|[20250806](https://wiki.jbdcl.com/6892e6df9ff03c06b0e4156a)|2025/08/06 02:28|鹿島 誠一郎|
|[20250807](https://wiki.jbdcl.com/68942ce39ff03c06b0e68e7a)|2025/08/07 01:45|福山 凌|
|[20250808](https://wiki.jbdcl.com/68957adb9ff03c06b0e95b27)|2025/08/08 01:53|石川 享平|
|[83_Git](https://wiki.jbdcl.com/68918f429ff03c06b0e0baf1)|2025/08/05 02:03|古田 翔大|
|[D03_バッチ仕様_フィードバックチャット一覧掲載](https://wiki.jbdcl.com/687efe919ff03c06b0b41ee2)|2025/08/05 10:13|前 直樹|
|[30_製造](https://wiki.jbdcl.com/6892be799ff03c06b0e35766)|2025/08/06 06:15|前 直樹|
|[31_リポジトリ初期構築手順](https://wiki.jbdcl.com/685219ea9ff03c06b05c07c6)|2025/08/06 11:35|前 直樹|
|[32_開発環境構築手順](https://wiki.jbdcl.com/6860ffc69ff03c06b06e768c)|2025/08/04 12:12|前 直樹|
|[35_開発ノウハウ](https://wiki.jbdcl.com/6892c7e79ff03c06b0e39af6)|2025/08/07 10:17|前 直樹|
|[Spring Boot](https://wiki.jbdcl.com/6893fca69ff03c06b0e5b297)|2025/08/07 10:08|前 直樹|
|[401エラー](https://wiki.jbdcl.com/6894187e9ff03c06b0e63e85)|2025/08/07 12:10|前 直樹|
|[DXOの書き方](https://wiki.jbdcl.com/6895a36a9ff03c06b0ea5621)|2025/08/08 05:37|前 直樹|
|[入力チェックのメッセージ自動設定](https://wiki.jbdcl.com/689402b39ff03c06b0e5d3b1)|2025/08/07 11:52|前 直樹|
|[VS Code](https://wiki.jbdcl.com/6892f8a79ff03c06b0e4581c)|2025/08/06 06:14|前 直樹|
|[Javaのフォーマッターの設定方法](https://wiki.jbdcl.com/689554659ff03c06b0e8ac11)|2025/08/08 02:37|前 直樹|
|[ターミナルの文字化け対応](https://wiki.jbdcl.com/6892f8dd9ff03c06b0e45d29)|2025/08/06 03:56|中谷 祐大|
|[Vue](https://wiki.jbdcl.com/6893fcc59ff03c06b0e5b4a5)|2025/08/07 10:09|前 直樹|
|[XX_テンプレート](https://wiki.jbdcl.com/6892c87e9ff03c06b0e39f7e)|2025/08/07 10:14|前 直樹|
|[ZZ_参考（ページ分割中）](https://wiki.jbdcl.com/6879a31c9ff03c06b0ae00e4)|2025/08/06 11:30|前 直樹|
|[OpenAIの料金体系](https://wiki.jbdcl.com/6893f0819ff03c06b0e55999)|2025/08/07 10:07|前 直樹|
|[210_スプリントレビュー](https://wiki.jbdcl.com/6864ac7a9ff03c06b07ab71b)|2025/08/06 11:04|海野 亮|
|[202507_Sprint02](https://wiki.jbdcl.com/6892b4519ff03c06b0e30025)|2025/08/08 09:32|百合野 琉|
|[CSS 実装標準（仮）](https://wiki.jbdcl.com/689002469ff03c06b0dcb6ae)|2025/08/04 06:11|淺野間 龍児|
|[Githubブランチ戦略](https://wiki.jbdcl.com/68784f2c9ff03c06b0a8b3a2)|2025/08/04 11:25|海野 亮|
|[UI,UX向上に必要な要素の調査](https://wiki.jbdcl.com/688af48c9ff03c06b0d551ff)|2025/08/04 05:00|百合野 琉|
|[スクラムイベントでやること](https://wiki.jbdcl.com/68954b739ff03c06b0e87920)|2025/08/08 10:37|海野 亮|
|[ユーザーストーリーマッピング](https://wiki.jbdcl.com/6895b2fc9ff03c06b0eabda8)|2025/08/08 06:48|海野 亮|
|[200_年間予定](https://wiki.jbdcl.com/686b4e719ff03c06b087a85a)|2025/08/07 01:01|新城 汐里|
|[20250729_悪しき構造の弊害を知る](https://wiki.jbdcl.com/6891bf5f9ff03c06b0e1a81e)|2025/08/05 05:22|武田 宏喜|
|[20250808_HTMLとJavaScriptについて](https://wiki.jbdcl.com/689577789ff03c06b0e94654)|2025/08/08 02:05|長命 海|
|[01.事業部会議](https://wiki.jbdcl.com/68228a7c9ff03c06b0292776)|2025/08/08 11:32|深川 憲一|
|[8月1週目](https://wiki.jbdcl.com/688c91d59ff03c06b0db9122)|2025/08/08 06:25|西 優人|
|[80_管理](https://wiki.jbdcl.com/66a1a71d9ff03c06b0a39123)|2025/08/04 03:38|安藤 翼|
|[勤務管理](https://wiki.jbdcl.com/66fbb0809ff03c06b015ebc6)|2025/08/07 12:31|安藤 翼|
|[大阪万博のTips](https://wiki.jbdcl.com/6826a9c79ff03c06b02ebef0)|2025/08/08 03:43|馬場 健司|
|[ランキングページ](https://wiki.jbdcl.com/63a10a4eb5e7e15fd789a29d)|2025/08/10 02:00|田渕 達也|
"
0,mattermost,"
## JBDナレッジの更新情報 :pencil: 

* 下記のページが１週間以内に更新されています。



　

|ページ|更新日|更新者|
|-|-|
|[Office2016導入PC](https://wiki.jbdcl.com/65546c2028cf0e07df594ccf)|2025/08/18 01:10|田渕 達也|
|[パスワード変更_未実施者](https://wiki.jbdcl.com/66e90c1b9ff03c06b0fc3a74)|2025/08/17 02:10|田渕 達也|
|[1231_受講者状況](https://wiki.jbdcl.com/63e0960d922bc9d167bd84bb)|2025/08/17 02:50|田渕 達也|
|[1250_棚卸処理](https://wiki.jbdcl.com/64632941922bc9d167e0fdce)|2025/08/12 12:48|田渕 達也|
|[10.棚卸未実施一覧](https://wiki.jbdcl.com/655c272828cf0e07df5e3b75)|2025/08/18 01:30|田渕 達也|
|[11.棚卸管理シール貼付け未実施一覧](https://wiki.jbdcl.com/66976f629ff03c06b09395f5)|2025/08/17 01:40|田渕 達也|
|[1260_開発サーバー](https://wiki.jbdcl.com/66c6abb29ff03c06b0d2df54)|2025/08/17 01:50|田渕 達也|
|[Windows10PC一覧](https://wiki.jbdcl.com/6556ba1528cf0e07df5aec55)|2025/08/18 01:20|田渕 達也|
|[000.準備](https://wiki.jbdcl.com/65e199a728cf0e07dfc08506)|2025/08/12 06:42|目黒 陸|
|[3-07_mapによる繰り返し処理](https://wiki.jbdcl.com/68760e669ff03c06b0a1e8d4)|2025/08/15 02:19|隈部 摩耶|
|[3-08_配列のデータを出力する](https://wiki.jbdcl.com/689ec3209ff03c06b0f36d8b)|2025/08/15 02:19|隈部 摩耶|
|[Ubuntu24.04をLVMでインストール](https://wiki.jbdcl.com/6883386e9ff03c06b0c612e3)|2025/08/14 02:48|板坂 敬生|
|[Ubuntuでインストールメディアをaptのリポジトリに登録する](https://wiki.jbdcl.com/689ee3909ff03c06b0f3e384)|2025/08/15 04:36|板坂 敬生|
|[20250812](https://wiki.jbdcl.com/689abf6c9ff03c06b0ed3f1a)|2025/08/12 01:22|河脇 浩之|
|[KPT](https://wiki.jbdcl.com/689b01569ff03c06b0edd33a)|2025/08/12 06:05|政所 侑磨|
|[KPT101_ダッシュボード](https://wiki.jbdcl.com/6875ab189ff03c06b09ee1b8)|2025/08/12 04:14|瓜原 莉奈|
|[KPT102_編集](https://wiki.jbdcl.com/6877285e9ff03c06b0a4cac3)|2025/08/13 11:23|前田 幹太|
|[KPT104_マイページ](https://wiki.jbdcl.com/6875ab3d9ff03c06b09ee2f9)|2025/08/12 10:04|黒田 莉那|
|[KPT105_](https://wiki.jbdcl.com/68901c819ff03c06b0dd7d67)|2025/08/13 10:38|前田 幹太|
|[KPT105_チーム登録・編集](https://wiki.jbdcl.com/68919a109ff03c06b0e0e590)|2025/08/13 01:48|瓜原 莉奈|
|[X2_メッセージ一覧](https://wiki.jbdcl.com/6886c70f9ff03c06b0c84bd2)|2025/08/12 04:15|瓜原 莉奈|
|[8月第2週](https://wiki.jbdcl.com/689a938a9ff03c06b0ecf7de)|2025/08/12 10:06|前田 幹太|
|[8月12日](https://wiki.jbdcl.com/689a93989ff03c06b0ecf85c)|2025/08/12 10:33|前田 幹太|
|[8月13日](https://wiki.jbdcl.com/689c1c399ff03c06b0eefb0d)|2025/08/13 03:42|前田 幹太|
|[8月14日](https://wiki.jbdcl.com/689d2d839ff03c06b0f05b89)|2025/08/14 11:33|前田 幹太|
|[8月15日](https://wiki.jbdcl.com/689e81a79ff03c06b0f2b592)|2025/08/15 10:07|前田 幹太|
|[90_画面](https://wiki.jbdcl.com/689c28399ff03c06b0ef1458)|2025/08/14 10:21|河脇 浩之|
|[01_チーム設定](https://wiki.jbdcl.com/689c28e69ff03c06b0ef1c33)|2025/08/14 05:58|瓜原 莉奈|
|[02_チーム別テーマ](https://wiki.jbdcl.com/689c29ed9ff03c06b0ef21e0)|2025/08/14 06:02|瓜原 莉奈|
|[10_模造紙](https://wiki.jbdcl.com/689c30629ff03c06b0ef5827)|2025/08/15 02:36|河脇 浩之|
|[11_K投稿](https://wiki.jbdcl.com/689c2a329ff03c06b0ef27a4)|2025/08/15 11:53|小川 莉奈|
|[12_P投稿](https://wiki.jbdcl.com/689c303b9ff03c06b0ef55d7)|2025/08/15 11:54|小川 莉奈|
|[15_KP優先度](https://wiki.jbdcl.com/689c2ade9ff03c06b0ef2c01)|2025/08/13 05:56|前田 幹太|
|[21_T洗出し](https://wiki.jbdcl.com/689c2afd9ff03c06b0ef2df4)|2025/08/15 11:55|小川 莉奈|
|[22_T 期日担当者](https://wiki.jbdcl.com/689c2b299ff03c06b0ef30a5)|2025/08/15 11:56|小川 莉奈|
|[23_T の結果登録](https://wiki.jbdcl.com/689c2b4f9ff03c06b0ef32d8)|2025/08/15 12:00|小川 莉奈|
|[db3](https://wiki.jbdcl.com/688b2b4d9ff03c06b0d70a88)|2025/08/12 12:23|河脇 浩之|
|[99_田渕メモ](https://wiki.jbdcl.com/689d09f09ff03c06b0f01338)|2025/08/14 07:21|田渕 達也|
|[01_MyPage](https://wiki.jbdcl.com/689d101f9ff03c06b0f01bdc)|2025/08/15 04:52|前田 幹太|
|[02_チーム設定](https://wiki.jbdcl.com/689d0a3e9ff03c06b0f015ba)|2025/08/14 07:18|田渕 達也|
|[33_開発ルール](https://wiki.jbdcl.com/687493ff9ff03c06b09bffe9)|2025/08/13 10:14|前 直樹|
|[Autowiredで警告が表示](https://wiki.jbdcl.com/689ac4369ff03c06b0ed5862)|2025/08/12 01:45|前 直樹|
|[DXOの書き方](https://wiki.jbdcl.com/6895a36a9ff03c06b0ea5621)|2025/08/12 05:43|前 直樹|
|[入力チェックのメッセージ自動設定](https://wiki.jbdcl.com/689402b39ff03c06b0e5d3b1)|2025/08/12 02:51|前 直樹|
|[RestAPIの呼び出し方](https://wiki.jbdcl.com/689c52c59ff03c06b0efc6ce)|2025/08/13 06:25|前 直樹|
|[AWSサービス](https://wiki.jbdcl.com/689b01689ff03c06b0edd4ef)|2025/08/15 01:24|前 直樹|
|[AICプリンター初期設定方法](https://wiki.jbdcl.com/689e9d319ff03c06b0f31a36)|2025/08/15 05:39|百合野 琉|
|[ユーザーストーリーマッピング](https://wiki.jbdcl.com/6895b2fc9ff03c06b0eabda8)|2025/08/13 10:52|海野 亮|
|[8月2週目](https://wiki.jbdcl.com/689ac8739ff03c06b0ed73f2)|2025/08/15 06:00|西 優人|
|[Erwin（ER図作成手順）](https://wiki.jbdcl.com/6805de0d9ff03c06b0184bed)|2025/08/13 08:39|中込 颯|
|[大阪万博のTips](https://wiki.jbdcl.com/6826a9c79ff03c06b02ebef0)|2025/08/16 10:28|馬場 健司|
|[ランキングページ](https://wiki.jbdcl.com/63a10a4eb5e7e15fd789a29d)|2025/08/17 02:00|田渕 達也|
"
0,mattermost,"
## JBDナレッジの更新情報 :pencil: 

* 下記のページが１週間以内に更新されています。



　

|ページ|更新日|更新者|
|-|-|
|[Office2016導入PC](https://wiki.jbdcl.com/65546c2028cf0e07df594ccf)|2025/08/25 01:10|田渕 達也|
|[1201_開発戦略本部からのお願い](https://wiki.jbdcl.com/655afc2c28cf0e07df5d900a)|2025/08/22 04:32|冨澤 裕喜|
|[パスワード変更_未実施者](https://wiki.jbdcl.com/66e90c1b9ff03c06b0fc3a74)|2025/08/24 02:10|田渕 達也|
|[1231_受講者状況](https://wiki.jbdcl.com/63e0960d922bc9d167bd84bb)|2025/08/24 02:50|田渕 達也|
|[10.棚卸未実施一覧](https://wiki.jbdcl.com/655c272828cf0e07df5e3b75)|2025/08/25 01:30|田渕 達也|
|[11.棚卸管理シール貼付け未実施一覧](https://wiki.jbdcl.com/66976f629ff03c06b09395f5)|2025/08/24 01:40|田渕 達也|
|[1260_開発サーバー](https://wiki.jbdcl.com/66c6abb29ff03c06b0d2df54)|2025/08/24 01:50|田渕 達也|
|[01_資産登録](https://wiki.jbdcl.com/67aeb04a9ff03c06b0ccafab)|2025/08/21 08:17|冨澤 裕喜|
|[03_ネットワーク監視](https://wiki.jbdcl.com/67b296239ff03c06b0ce6a32)|2025/08/22 03:27|冨澤 裕喜|
|[Windows10PC一覧](https://wiki.jbdcl.com/6556ba1528cf0e07df5aec55)|2025/08/25 01:20|田渕 達也|
|[03-1.リスト（クラシック環境）](https://wiki.jbdcl.com/660b6a669ff03c06b0e30556)|2025/08/21 11:19|島田 拓人|
|[04-2.ユーザー権限とアクセス制限](https://wiki.jbdcl.com/661784e09ff03c06b0f53038)|2025/08/21 10:54|島田 拓人|
|[6_2 コンポーネント設計](https://wiki.jbdcl.com/68a450d69ff03c06b0f9c13c)|2025/08/19 07:24|永井 利樹|
|[2300_JBD標準フォーマット](https://wiki.jbdcl.com/63a10b08b5e7e15fd789a722)|2025/08/21 08:28|大森 泉|
|[系統無し](https://wiki.jbdcl.com/68a91dfe9ff03c06b002755a)|2025/08/23 10:48|板坂 敬生|
|[WindowsクライアントでISOファイルを作る方法](https://wiki.jbdcl.com/68a91e0d9ff03c06b00275e9)|2025/08/23 11:04|板坂 敬生|
|[ユーザ](https://wiki.jbdcl.com/67a9c3649ff03c06b0c8acdf)|2025/08/21 01:02|石井 教観|
|[30_Keycloak](https://wiki.jbdcl.com/68464e1c9ff03c06b04ea976)|2025/08/19 11:52|前 直樹|
|[40_apache->oauth](https://wiki.jbdcl.com/68622c0a9ff03c06b07083d1)|2025/08/19 11:52|前 直樹|
|[50_サーバ構築手順](https://wiki.jbdcl.com/68a2ada39ff03c06b0f5d9fc)|2025/08/20 06:39|藤枝 竜平|
|[90_Applicationでの実装方法](https://wiki.jbdcl.com/686612769ff03c06b07fcda5)|2025/08/19 01:22|前 直樹|
|[90_ログ](https://wiki.jbdcl.com/68a688f59ff03c06b0fe129a)|2025/08/21 06:08|田渕 達也|
|[サービスの死活監視について](https://wiki.jbdcl.com/68a689119ff03c06b0fe136b)|2025/08/21 06:34|前 直樹|
|[10_開発体制_４７期](https://wiki.jbdcl.com/6847dbf69ff03c06b050fcc4)|2025/08/22 10:21|斧田 充晃|
|[20250819](https://wiki.jbdcl.com/68a417589ff03c06b0f90f5c)|2025/08/19 03:44|河脇 浩之|
|[KPT](https://wiki.jbdcl.com/68a417589ff03c06b0f90f7d)|2025/08/19 03:19|河脇 浩之|
|[20250808](https://wiki.jbdcl.com/689165109ff03c06b0e01ec0)|2025/08/18 10:32|古田 翔大|
|[20250819](https://wiki.jbdcl.com/68a287c09ff03c06b0f5104e)|2025/08/19 05:18|古田 翔大|
|[KPT105_チーム登録・編集](https://wiki.jbdcl.com/68919a109ff03c06b0e0e590)|2025/08/22 04:00|瓜原 莉奈|
|[8月第3週](https://wiki.jbdcl.com/68a2a58a9ff03c06b0f5a3fe)|2025/08/18 01:01|前田 幹太|
|[8月18日](https://wiki.jbdcl.com/68a2a5919ff03c06b0f5a44e)|2025/08/18 02:17|前田 幹太|
|[8月19日](https://wiki.jbdcl.com/68a3c1a09ff03c06b0f7bf9f)|2025/08/19 05:56|前田 幹太|
|[8月21日](https://wiki.jbdcl.com/68a66f059ff03c06b0fd67ef)|2025/08/21 11:17|前田 幹太|
|[8月22日](https://wiki.jbdcl.com/68a7b9ee9ff03c06b0000541)|2025/08/22 10:32|前田 幹太|
|[90_画面](https://wiki.jbdcl.com/689c28399ff03c06b0ef1458)|2025/08/21 03:05|田渕 達也|
|[00_MyPage](https://wiki.jbdcl.com/689d101f9ff03c06b0f01bdc)|2025/08/22 05:52|前田 幹太|
|[01_チーム設定](https://wiki.jbdcl.com/689c28e69ff03c06b0ef1c33)|2025/08/22 03:57|瓜原 莉奈|
|[02_チーム別テーマ](https://wiki.jbdcl.com/689c29ed9ff03c06b0ef21e0)|2025/08/19 02:50|瓜原 莉奈|
|[10_KPTボード](https://wiki.jbdcl.com/689c30629ff03c06b0ef5827)|2025/08/21 04:15|河脇 浩之|
|[11_K投稿](https://wiki.jbdcl.com/689c2a329ff03c06b0ef27a4)|2025/08/19 01:36|小川 莉奈|
|[12_P投稿](https://wiki.jbdcl.com/689c303b9ff03c06b0ef55d7)|2025/08/19 01:36|小川 莉奈|
|[21_T洗出し](https://wiki.jbdcl.com/689c2afd9ff03c06b0ef2df4)|2025/08/19 01:37|小川 莉奈|
|[22_T 期日担当者](https://wiki.jbdcl.com/689c2b299ff03c06b0ef30a5)|2025/08/19 01:38|小川 莉奈|
|[23_T の結果登録](https://wiki.jbdcl.com/689c2b4f9ff03c06b0ef32d8)|2025/08/19 01:39|小川 莉奈|
|[db2](https://wiki.jbdcl.com/688b23929ff03c06b0d6d59d)|2025/08/23 12:47|河脇 浩之|
|[db3](https://wiki.jbdcl.com/688b2b4d9ff03c06b0d70a88)|2025/08/23 12:48|河脇 浩之|
|[画面設計書_S02_プロフィール登録](https://wiki.jbdcl.com/68a6dea39ff03c06b0ff7ee7)|2025/08/21 05:58|福山 凌|
|[23_コード一覧](https://wiki.jbdcl.com/6886fd659ff03c06b0c9aaad)|2025/08/22 02:34|古田 翔大|
|[01_アーカイブ](https://wiki.jbdcl.com/68a7ebc39ff03c06b000bf47)|2025/08/22 01:02|永井 利樹|
|[20250818](https://wiki.jbdcl.com/68a2af399ff03c06b0f5e92a)|2025/08/18 01:46|鹿島 誠一郎|
|[20250819](https://wiki.jbdcl.com/68a3fb999ff03c06b0f8afee)|2025/08/19 03:50|永井 利樹|
|[20250822](https://wiki.jbdcl.com/68a7d7a09ff03c06b0008213)|2025/08/22 05:13|古田 翔大|
|[32_開発環境構築手順](https://wiki.jbdcl.com/6860ffc69ff03c06b06e768c)|2025/08/22 04:05|前 直樹|
|[33_開発ルール](https://wiki.jbdcl.com/687493ff9ff03c06b09bffe9)|2025/08/21 05:59|前 直樹|
|[バックエンドのログ](https://wiki.jbdcl.com/68a6e00a9ff03c06b0ff8e97)|2025/08/22 01:46|前 直樹|
|[34_Git運用ルール](https://wiki.jbdcl.com/68807ac19ff03c06b0bb1f54)|2025/08/19 09:36|前 直樹|
|[配列の要素ごとに異なるクラスを作りたい（ポリモーフィック）](https://wiki.jbdcl.com/68a6b5c09ff03c06b0fecd0f)|2025/08/21 03:08|前 直樹|
|[Code.exeが見つからない](https://wiki.jbdcl.com/68a27caf9ff03c06b0f4cea8)|2025/08/18 10:12|前 直樹|
|[build.gradleの更新が反映されない](https://wiki.jbdcl.com/68a27c429ff03c06b0f4ca1f)|2025/08/18 10:09|前 直樹|
|[ZZ_参考（ページ分割中）](https://wiki.jbdcl.com/6879a31c9ff03c06b0ae00e4)|2025/08/18 10:17|前 直樹|
|[OpenAIの料金体系](https://wiki.jbdcl.com/6893f0819ff03c06b0e55999)|2025/08/18 12:28|前 直樹|
|[構成検討](https://wiki.jbdcl.com/68a7dce09ff03c06b000a20d)|2025/08/22 06:27|前 直樹|
|[08](https://wiki.jbdcl.com/68a7ddd19ff03c06b000a83a)|2025/08/22 06:21|砂盃 梨乃|
|[20250620_windowsとLinuxの違いについて](https://wiki.jbdcl.com/6854eb0f9ff03c06b060845c)|2025/08/22 03:03|長命 海|
|[20250822_Linuxについて](https://wiki.jbdcl.com/68a7f2279ff03c06b000f0d1)|2025/08/22 03:13|長命 海|
|[事業部会議](https://wiki.jbdcl.com/660f4c7f9ff03c06b0eb48b7)|2025/08/18 02:29|林田 真人|
|[2025年08月(林田)](https://wiki.jbdcl.com/68a2b7e39ff03c06b0f6274d)|2025/08/19 10:14|齊藤 大希|
|[2025年09月(青山)](https://wiki.jbdcl.com/68a7c4ab9ff03c06b00028b0)|2025/08/22 10:19|青山 謙二|
|[8月1週目](https://wiki.jbdcl.com/688c91d59ff03c06b0db9122)|2025/08/19 12:05|宮原 優太|
|[8月3週目](https://wiki.jbdcl.com/68a3c3d59ff03c06b0f7d080)|2025/08/22 08:41|西 優人|
|[8月4週目](https://wiki.jbdcl.com/68a82cfe9ff03c06b0020549)|2025/08/22 05:43|横島 瞳|
|[2900_その他](https://wiki.jbdcl.com/68a66f239ff03c06b0fd68dc)|2025/08/21 09:58|馬場 健司|
|[2910_OCI（Oracle Cloud）](https://wiki.jbdcl.com/68a66f689ff03c06b0fd6a5e)|2025/08/21 10:14|馬場 健司|
|[大阪万博のTips](https://wiki.jbdcl.com/6826a9c79ff03c06b02ebef0)|2025/08/18 09:31|馬場 健司|
|[ランキングページ](https://wiki.jbdcl.com/63a10a4eb5e7e15fd789a29d)|2025/08/24 02:00|田渕 達也|
"
0,mattermost,"
## JBDナレッジの更新情報 :pencil: 

* 下記のページが１週間以内に更新されています。



　

|ページ|更新日|更新者|
|-|-|
|[Office2016導入PC](https://wiki.jbdcl.com/65546c2028cf0e07df594ccf)|2025/09/01 01:10|田渕 達也|
|[パスワード変更_未実施者](https://wiki.jbdcl.com/66e90c1b9ff03c06b0fc3a74)|2025/08/31 02:10|田渕 達也|
|[1231_受講者状況](https://wiki.jbdcl.com/63e0960d922bc9d167bd84bb)|2025/08/31 02:50|田渕 達也|
|[10.棚卸未実施一覧](https://wiki.jbdcl.com/655c272828cf0e07df5e3b75)|2025/09/01 01:30|田渕 達也|
|[11.棚卸管理シール貼付け未実施一覧](https://wiki.jbdcl.com/66976f629ff03c06b09395f5)|2025/08/31 01:40|田渕 達也|
|[1260_開発サーバー](https://wiki.jbdcl.com/66c6abb29ff03c06b0d2df54)|2025/08/31 01:50|田渕 達也|
|[Windows10PC一覧](https://wiki.jbdcl.com/6556ba1528cf0e07df5aec55)|2025/09/01 01:20|田渕 達也|
|[1310_ISMS](https://wiki.jbdcl.com/63bfcd912569e8f7a43842d9)|2025/08/27 09:42|渡辺 唯子|
|[030_詳細設計](https://wiki.jbdcl.com/685df9ff9ff03c06b06c82bf)|2025/08/25 10:16|恩田 優|
|[00_資格一覧](https://wiki.jbdcl.com/68afafa79ff03c06b00fbcd0)|2025/08/28 10:25|古田 翔大|
|[01_出題傾向](https://wiki.jbdcl.com/68afb0479ff03c06b00fc7a2)|2025/08/28 10:42|古田 翔大|
|[10_ODCのWebアプリ](https://wiki.jbdcl.com/68afb4509ff03c06b00ff4af)|2025/08/28 10:43|古田 翔大|
|[20_データモデリング](https://wiki.jbdcl.com/68afb45e9ff03c06b00ff534)|2025/08/28 10:43|古田 翔大|
|[30_データの取得](https://wiki.jbdcl.com/68afb46f9ff03c06b00ff5b7)|2025/08/28 10:44|古田 翔大|
|[40_ロジック](https://wiki.jbdcl.com/68afb47d9ff03c06b00ff680)|2025/08/28 10:44|古田 翔大|
|[50_UI設計](https://wiki.jbdcl.com/68afb48a9ff03c06b00ff6cb)|2025/08/28 10:44|古田 翔大|
|[60_ロールベースのセキュリティ](https://wiki.jbdcl.com/68afb49a9ff03c06b00ff754)|2025/08/28 10:44|古田 翔大|
|[02.Next Experience、ナビゲーション、アクセス](https://wiki.jbdcl.com/65f3cc4928cf0e07dfd2b4a8)|2025/08/27 05:01|島田 拓人|
|[01.現代的な業務体験](https://wiki.jbdcl.com/660278659ff03c06b0d089a7)|2025/08/27 02:36|榎 渚沙|
|[02.ServiceNow プラットフォームの機能の確認](https://wiki.jbdcl.com/6603c5c09ff03c06b0d3597e)|2025/08/27 02:37|榎 渚沙|
|[03-1.リスト（クラシック環境）](https://wiki.jbdcl.com/660b6a669ff03c06b0e30556)|2025/08/27 02:39|榎 渚沙|
|[03-2.リスト（ワークスペース）](https://wiki.jbdcl.com/660ba5739ff03c06b0e432fa)|2025/08/27 02:39|榎 渚沙|
|[03-3.フォーム（クラシック環境）](https://wiki.jbdcl.com/660bc4d69ff03c06b0e512b7)|2025/08/27 02:40|榎 渚沙|
|[03-4.フォーム（ワークスペース）](https://wiki.jbdcl.com/660e10ac9ff03c06b0e929da)|2025/08/27 02:40|榎 渚沙|
|[03-5.アプリケーションとモジュール](https://wiki.jbdcl.com/660e33a29ff03c06b0e9a104)|2025/08/27 02:41|榎 渚沙|
|[04-1.テーブルの構造と関係性](https://wiki.jbdcl.com/661784d79ff03c06b0f52f9a)|2025/08/27 02:42|榎 渚沙|
|[04-2.ユーザー権限とアクセス制限](https://wiki.jbdcl.com/661784e09ff03c06b0f53038)|2025/08/27 02:42|榎 渚沙|
|[04-3.データのインポート](https://wiki.jbdcl.com/661784ea9ff03c06b0f53111)|2025/08/27 02:43|榎 渚沙|
|[04-4.CMDBと構成アイテム](https://wiki.jbdcl.com/661784f39ff03c06b0f531a8)|2025/08/27 02:43|榎 渚沙|
|[05-1.ナレッジ管理](https://wiki.jbdcl.com/661e1dea9ff03c06b0fd1f53)|2025/08/27 02:44|榎 渚沙|
|[05-2.サービスカタログ](https://wiki.jbdcl.com/661e1df49ff03c06b0fd2018)|2025/08/27 02:44|榎 渚沙|
|[05-3.Flow Designer](https://wiki.jbdcl.com/661e1dfd9ff03c06b0fd20bd)|2025/08/27 02:44|榎 渚沙|
|[06-1.レポートとダッシュボード](https://wiki.jbdcl.com/662778009ff03c06b0097f9e)|2025/08/27 02:45|榎 渚沙|
|[06-2.通知](https://wiki.jbdcl.com/662778099ff03c06b009806b)|2025/08/27 02:47|榎 渚沙|
|[06-3.その他の構成](https://wiki.jbdcl.com/662778129ff03c06b0098185)|2025/08/27 02:48|榎 渚沙|
|[07-1.スクリプティング領域](https://wiki.jbdcl.com/662a0f8f9ff03c06b00f362d)|2025/08/27 02:52|榎 渚沙|
|[07-2.更新セット](https://wiki.jbdcl.com/662a100d9ff03c06b00f3a4b)|2025/08/27 03:02|榎 渚沙|
|[07-3.開発・テスト・パフォーマンスツールの概要](https://wiki.jbdcl.com/662a10179ff03c06b00f3b04)|2025/08/27 02:53|榎 渚沙|
|[07-4.委任開発者・アップデート](https://wiki.jbdcl.com/68ae66939ff03c06b00be707)|2025/08/29 05:23|榎 渚沙|
|[08.ServiceNow インスタンスの保護](https://wiki.jbdcl.com/68abb2d99ff03c06b0036f82)|2025/08/25 09:55|島田 拓人|
|[08-1.責任共有モデル](https://wiki.jbdcl.com/68abb3959ff03c06b0037ffe)|2025/08/27 02:54|榎 渚沙|
|[08-2.ServiceNow Security Center](https://wiki.jbdcl.com/68abe9899ff03c06b00553f9)|2025/08/27 02:55|榎 渚沙|
|[Linuxコマンドについて](https://wiki.jbdcl.com/686f4dcc9ff03c06b09536b0)|2025/08/27 02:45|澤永 直毅|
|[Tomcatのサービス登録](https://wiki.jbdcl.com/68ae8a439ff03c06b00d1337)|2025/08/27 02:45|澤永 直毅|
|[20250827](https://wiki.jbdcl.com/68ae4c6f9ff03c06b00ae736)|2025/08/27 10:59|砂盃 梨乃|
|[00_開発方針](https://wiki.jbdcl.com/683fca619ff03c06b04907c7)|2025/08/27 04:18|斧田 充晃|
|[50_サーバ構築手順](https://wiki.jbdcl.com/68a2ada39ff03c06b0f5d9fc)|2025/08/26 09:54|藤枝 竜平|
|[60_サンプルアプリ説明資料](https://wiki.jbdcl.com/68b011689ff03c06b011befa)|2025/08/29 10:02|藤枝 竜平|
|[42_Docker環境作成編](https://wiki.jbdcl.com/6878a6a69ff03c06b0ab9e54)|2025/08/27 11:57|叶 怜央|
|[20250819](https://wiki.jbdcl.com/68a417589ff03c06b0f90f5c)|2025/08/26 04:26|河脇 浩之|
|[20250826](https://wiki.jbdcl.com/68ad5f8c9ff03c06b009fca1)|2025/08/26 04:37|河脇 浩之|
|[KPT](https://wiki.jbdcl.com/68ad5f8c9ff03c06b009fcc5)|2025/08/26 04:17|河脇 浩之|
|[20250827](https://wiki.jbdcl.com/68ae63669ff03c06b00bc226)|2025/08/27 12:57|國實 翔詠|
|[00_old](https://wiki.jbdcl.com/68abffe89ff03c06b006165c)|2025/08/25 03:17|古田 翔大|
|[20250826](https://wiki.jbdcl.com/68ac099d9ff03c06b0064c0b)|2025/08/26 05:58|古田 翔大|
|[20250820](https://wiki.jbdcl.com/68a52efa9ff03c06b0fab78f)|2025/08/27 10:11|近澤 昌弘|
|[20250827](https://wiki.jbdcl.com/68ae45ac9ff03c06b00ac633)|2025/08/27 01:46|前 直樹|
|[00_マイページ](https://wiki.jbdcl.com/68abbff49ff03c06b003ea56)|2025/08/26 03:19|前田 幹太|
|[01_チーム登録・編集](https://wiki.jbdcl.com/68ae507c9ff03c06b00b0d3a)|2025/08/27 03:57|瓜原 莉奈|
|[10_KPTボード](https://wiki.jbdcl.com/68ad07109ff03c06b0079519)|2025/08/29 01:48|河脇 浩之|
|[11_K投稿](https://wiki.jbdcl.com/68abe8af9ff03c06b0054b92)|2025/08/26 04:49|小川 莉奈|
|[12_P投稿](https://wiki.jbdcl.com/68abe8ba9ff03c06b0054beb)|2025/08/26 04:50|小川 莉奈|
|[21_T投稿（新規）](https://wiki.jbdcl.com/68abe8d19ff03c06b0054ca1)|2025/08/26 03:35|小川 莉奈|
|[22_T投稿（編集）](https://wiki.jbdcl.com/68abe9009ff03c06b0054f47)|2025/08/26 03:35|小川 莉奈|
|[23_KP選択投稿](https://wiki.jbdcl.com/68abe9119ff03c06b0054fb7)|2025/08/26 03:36|小川 莉奈|
|[@bk](https://wiki.jbdcl.com/68abb0479ff03c06b00348ef)|2025/08/25 09:37|前田 幹太|
|[X2_メッセージ一覧](https://wiki.jbdcl.com/68ad0bfc9ff03c06b007cf61)|2025/08/26 10:27|小川 莉奈|
|[8月第4週](https://wiki.jbdcl.com/68abaac79ff03c06b002f60f)|2025/08/25 09:13|前田 幹太|
|[8月25日](https://wiki.jbdcl.com/68abaade9ff03c06b002f6d1)|2025/08/25 10:43|前田 幹太|
|[8月26日](https://wiki.jbdcl.com/68acfeeb9ff03c06b0074b68)|2025/08/26 09:38|前田 幹太|
|[8月27日](https://wiki.jbdcl.com/68ae52aa9ff03c06b00b2509)|2025/08/27 11:29|前田 幹太|
|[8月29日](https://wiki.jbdcl.com/68b0f56b9ff03c06b0126699)|2025/08/29 09:40|前田 幹太|
|[10_開発ルール](https://wiki.jbdcl.com/687700c89ff03c06b0a3f81f)|2025/08/28 11:19|政所 侑磨|
|[11_ローカル環境のアプリ起動手順および起動前の設定手順](https://wiki.jbdcl.com/6888599c9ff03c06b0cde9bc)|2025/08/28 03:14|前田 幹太|
|[00_MyPage](https://wiki.jbdcl.com/689d101f9ff03c06b0f01bdc)|2025/08/25 01:52|前田 幹太|
|[10_KPTボード](https://wiki.jbdcl.com/689c30629ff03c06b0ef5827)|2025/08/26 01:55|河脇 浩之|
|[11_K投稿](https://wiki.jbdcl.com/689c2a329ff03c06b0ef27a4)|2025/08/25 01:08|小川 莉奈|
|[12_P投稿](https://wiki.jbdcl.com/689c303b9ff03c06b0ef55d7)|2025/08/25 01:08|小川 莉奈|
|[21_T投稿（新規）](https://wiki.jbdcl.com/68abc6bf9ff03c06b0042d38)|2025/08/25 04:37|小川 莉奈|
|[22_T投稿（編集）](https://wiki.jbdcl.com/68abc6d29ff03c06b0042e4e)|2025/08/25 01:14|小川 莉奈|
|[23_KP選択投稿](https://wiki.jbdcl.com/68abc6ed9ff03c06b0042ea0)|2025/08/25 01:15|小川 莉奈|
|[@bk](https://wiki.jbdcl.com/68abb0fb9ff03c06b0035c9a)|2025/08/25 09:40|政所 侑磨|
|[15_KP優先度](https://wiki.jbdcl.com/68ad07529ff03c06b0079912)|2025/08/26 10:01|河脇 浩之|
|[21_T洗出し](https://wiki.jbdcl.com/689c2afd9ff03c06b0ef2df4)|2025/08/25 09:36|小川 莉奈|
|[23_T の結果登録](https://wiki.jbdcl.com/689c2b4f9ff03c06b0ef32d8)|2025/08/25 09:37|小川 莉奈|
|[00_準備](https://wiki.jbdcl.com/6854f8759ff03c06b060c72a)|2025/08/25 09:06|國實 翔詠|
|[20_製造](https://wiki.jbdcl.com/68af9efb9ff03c06b00f60f3)|2025/08/28 09:12|國實 翔詠|
|[21_課題](https://wiki.jbdcl.com/68af9f269ff03c06b00f62df)|2025/08/28 09:13|國實 翔詠|
|[画面単体テスト](https://wiki.jbdcl.com/68afdbc59ff03c06b010a0f3)|2025/08/28 06:00|國實 翔詠|
|[14_システム構成図](https://wiki.jbdcl.com/68aeab3f9ff03c06b00e979e)|2025/08/27 03:52|永井 利樹|
|[21_画面設計](https://wiki.jbdcl.com/6886fd529ff03c06b0c9a8c2)|2025/08/25 11:59|石川 享平|
|[画面設計書_S00_共通処理](https://wiki.jbdcl.com/68abcf5c9ff03c06b0048224)|2025/08/25 11:53|石川 享平|
|[画面設計書_S03_業務経歴検索](https://wiki.jbdcl.com/68abd05d9ff03c06b0049197)|2025/08/25 01:54|石川 享平|
|[画面設計書_S06_業務経歴書印刷](https://wiki.jbdcl.com/68abdaec9ff03c06b004c45d)|2025/08/25 12:41|石川 享平|
|[2025-08](https://wiki.jbdcl.com/68abe16f9ff03c06b004e99b)|2025/08/25 01:07|永井 利樹|
|[20250825](https://wiki.jbdcl.com/68abce2c9ff03c06b004726a)|2025/08/25 01:36|福山 凌|
|[20250827](https://wiki.jbdcl.com/68ad68639ff03c06b00a2e50)|2025/08/27 02:01|古田 翔大|
|[20250829](https://wiki.jbdcl.com/68b12eee9ff03c06b013101c)|2025/08/29 03:47|石川 享平|
|[呼び出しAPI一覧](https://wiki.jbdcl.com/68abc4419ff03c06b004125a)|2025/08/28 03:51|中谷 祐大|
|[A03_API仕様_メッセージ送信](https://wiki.jbdcl.com/68744e5a9ff03c06b099e204)|2025/08/30 02:04|中谷 祐大|
|[OpenAI Responses API 仕様](https://wiki.jbdcl.com/68b1450b9ff03c06b013cab1)|2025/08/31 02:43|中谷 祐大|
|[呼び出しAPI一覧](https://wiki.jbdcl.com/68aff90b9ff03c06b0115361)|2025/08/28 04:54|前 直樹|
|[SQL](https://wiki.jbdcl.com/68ae84549ff03c06b00cc18e)|2025/08/28 11:52|前 直樹|
|[バックエンドのログ](https://wiki.jbdcl.com/68a6e00a9ff03c06b0ff8e97)|2025/08/25 09:48|前 直樹|
|[入力チェックのメッセージ自動設定](https://wiki.jbdcl.com/689402b39ff03c06b0e5d3b1)|2025/08/26 11:08|前 直樹|
|[構成検討](https://wiki.jbdcl.com/68a7dce09ff03c06b000a20d)|2025/08/28 06:19|前 直樹|
|[08](https://wiki.jbdcl.com/68a7ddd19ff03c06b000a83a)|2025/08/26 04:09|砂盃 梨乃|
|[議事録](https://wiki.jbdcl.com/68ae59c59ff03c06b00b64c4)|2025/08/27 03:35|百合野 琉|
|[ユーザーストーリーマップ](https://wiki.jbdcl.com/6895b2fc9ff03c06b0eabda8)|2025/08/25 04:03|百合野 琉|
|[200_年間予定](https://wiki.jbdcl.com/686b4e719ff03c06b087a85a)|2025/08/25 09:52|二瓶 容一|
|[2025年8月(田中)](https://wiki.jbdcl.com/68aeea899ff03c06b00f27ea)|2025/08/29 02:34|田中 覚|
|[2025年08月(武田)_なぜなぜ分析](https://wiki.jbdcl.com/68b153099ff03c06b014369c)|2025/08/29 04:32|武田 宏喜|
|[20250905_加藤君](https://wiki.jbdcl.com/68ad6b289ff03c06b00a3be8)|2025/08/26 05:07|武田 宏喜|
|[Mybatisについて（藤﨑）](https://wiki.jbdcl.com/68afafd79ff03c06b00fc04d)|2025/08/28 10:24|藤﨑 理帆|
|[46期_20250826](https://wiki.jbdcl.com/68ad979f9ff03c06b00a96ce)|2025/08/26 08:46|花田 亮太|
|[20250828開催](https://wiki.jbdcl.com/68afe2149ff03c06b010c17d)|2025/08/28 02:56|横島 瞳|
|[8月3週目](https://wiki.jbdcl.com/68a3c3d59ff03c06b0f7d080)|2025/08/25 05:31|宮原 優太|
|[8月4週目](https://wiki.jbdcl.com/68a82cfe9ff03c06b0020549)|2025/08/29 06:01|西 優人|
|[9月](https://wiki.jbdcl.com/68b16c8b9ff03c06b014e2ea)|2025/08/29 06:02|西 優人|
|[9月1週](https://wiki.jbdcl.com/68b16c929ff03c06b014e32d)|2025/08/29 06:06|西 優人|
|[【実装手順】申請書番号の自動採番](https://wiki.jbdcl.com/68aecde59ff03c06b00f14e1)|2025/08/28 01:00|中込 颯|
|[Active Directory 基礎のキソ](https://wiki.jbdcl.com/68ad5c489ff03c06b009deed)|2025/08/26 04:04|馬場 健司|
|[GoogleスプレッドシートTips集](https://wiki.jbdcl.com/68ad5a6b9ff03c06b009caa9)|2025/08/26 03:59|馬場 健司|
|[大阪万博のTips](https://wiki.jbdcl.com/6826a9c79ff03c06b02ebef0)|2025/08/31 01:41|馬場 健司|
|[JBD基盤チャットポット利用状況](https://wiki.jbdcl.com/68a54d229ff03c06b0fb39ce)|2025/08/31 05:30|田渕 達也|
|[ランキングページ](https://wiki.jbdcl.com/63a10a4eb5e7e15fd789a29d)|2025/08/31 02:00|田渕 達也|
"
0,mattermost,"
## JBDナレッジの更新情報 :pencil: 

* 下記のページが１週間以内に更新されています。



　

|ページ|更新日|更新者|
|-|-|
|[Office2016導入PC](https://wiki.jbdcl.com/65546c2028cf0e07df594ccf)|2025/09/08 01:10|田渕 達也|
|[パスワード変更_未実施者](https://wiki.jbdcl.com/66e90c1b9ff03c06b0fc3a74)|2025/09/07 02:10|田渕 達也|
|[1220_Profile](https://wiki.jbdcl.com/68b689999ff03c06b01942c7)|2025/09/05 01:40|古田 翔大|
|[1231_受講者状況](https://wiki.jbdcl.com/63e0960d922bc9d167bd84bb)|2025/09/07 02:50|田渕 達也|
|[10.棚卸未実施一覧](https://wiki.jbdcl.com/655c272828cf0e07df5e3b75)|2025/09/08 01:30|田渕 達也|
|[11.棚卸管理シール貼付け未実施一覧](https://wiki.jbdcl.com/66976f629ff03c06b09395f5)|2025/09/07 01:40|田渕 達也|
|[1260_開発サーバー](https://wiki.jbdcl.com/66c6abb29ff03c06b0d2df54)|2025/09/07 01:50|田渕 達也|
|[Windows10PC一覧](https://wiki.jbdcl.com/6556ba1528cf0e07df5aec55)|2025/09/08 01:20|田渕 達也|
|[コーディングプラクティス](https://wiki.jbdcl.com/67ffb1a99ff03c06b0142138)|2025/09/04 10:12|西中 健太|
|[04_美しさ](https://wiki.jbdcl.com/68478ec79ff03c06b04ffec2)|2025/09/04 10:02|西中 健太|
|[05_コメントすべきことを知る](https://wiki.jbdcl.com/686c778b9ff03c06b08b45a2)|2025/09/04 10:12|西中 健太|
|[50_UI設計](https://wiki.jbdcl.com/68afb48a9ff03c06b00ff6cb)|2025/09/02 11:58|古田 翔大|
|[60_ロールベースのセキュリティ](https://wiki.jbdcl.com/68afb49a9ff03c06b00ff754)|2025/09/02 11:53|古田 翔大|
|[PostgreSQL Stream Replication](https://wiki.jbdcl.com/68b7de7f9ff03c06b01c1226)|2025/09/03 05:41|板坂 敬生|
|[00_開発方針](https://wiki.jbdcl.com/683fca619ff03c06b04907c7)|2025/09/04 09:45|國實 翔詠|
|[50_サーバ構築手順](https://wiki.jbdcl.com/68a2ada39ff03c06b0f5d9fc)|2025/09/05 09:33|藤枝 竜平|
|[70_クライアントIDについて](https://wiki.jbdcl.com/68afe9569ff03c06b0110097)|2025/09/04 12:59|藤枝 竜平|
|[80_Apache設定ファイル追加手順](https://wiki.jbdcl.com/68b930ce9ff03c06b01f465f)|2025/09/05 05:41|藤枝 竜平|
|[42_Docker環境作成編](https://wiki.jbdcl.com/6878a6a69ff03c06b0ab9e54)|2025/09/03 01:17|叶 怜央|
|[ヘルスチェック](https://wiki.jbdcl.com/68b92da79ff03c06b01f1623)|2025/09/04 03:53|横山 紅葉|
|[20250903](https://wiki.jbdcl.com/68b7e18b9ff03c06b01c25e5)|2025/09/03 03:44|河脇 浩之|
|[KPT](https://wiki.jbdcl.com/68b7e18b9ff03c06b01c2609)|2025/09/03 03:34|河脇 浩之|
|[20250903](https://wiki.jbdcl.com/68b79b1c9ff03c06b01aad69)|2025/09/03 01:03|國實 翔詠|
|[20250902](https://wiki.jbdcl.com/68b557959ff03c06b017880a)|2025/09/02 06:11|古田 翔大|
|[20250827](https://wiki.jbdcl.com/68ae45ac9ff03c06b00ac633)|2025/09/03 11:47|近澤 昌弘|
|[20250903](https://wiki.jbdcl.com/68b7ac339ff03c06b01afc9b)|2025/09/03 12:10|近澤 昌弘|
|[00_マイページ](https://wiki.jbdcl.com/68abbff49ff03c06b003ea56)|2025/09/05 05:48|前田 幹太|
|[01_チーム登録・編集](https://wiki.jbdcl.com/68ae507c9ff03c06b00b0d3a)|2025/09/05 05:56|瓜原 莉奈|
|[10_KPTボード](https://wiki.jbdcl.com/68ad07109ff03c06b0079519)|2025/09/03 11:40|河脇 浩之|
|[9月第1週](https://wiki.jbdcl.com/68b4e8c49ff03c06b015b510)|2025/09/01 09:28|前田 幹太|
|[9月01日](https://wiki.jbdcl.com/68b4e8cc9ff03c06b015b59b)|2025/09/01 09:56|前田 幹太|
|[9月04日](https://wiki.jbdcl.com/68b937919ff03c06b01f8b85)|2025/09/04 04:45|小川 莉奈|
|[10_開発ルール](https://wiki.jbdcl.com/687700c89ff03c06b0a3f81f)|2025/09/01 04:10|政所 侑磨|
|[ポータル](https://wiki.jbdcl.com/683e81c69ff03c06b0466dff)|2025/09/04 09:52|國實 翔詠|
|[PTL301CMN_管理者認可処理](https://wiki.jbdcl.com/6875aaf29ff03c06b09ede84)|2025/09/04 09:58|國實 翔詠|
|[Keycloakのアクセストークンの受け渡し方について整理](https://wiki.jbdcl.com/68b4df8b9ff03c06b0158103)|2025/09/02 04:27|國實 翔詠|
|[デプロイ手順・準備](https://wiki.jbdcl.com/68b69f4c9ff03c06b019a485)|2025/09/05 07:04|國實 翔詠|
|[ユーザー情報取得APIの呼び出しについて](https://wiki.jbdcl.com/68b930609ff03c06b01f3d02)|2025/09/04 05:56|坂下 碧依|
|[22_メッセージ定義一覧](https://wiki.jbdcl.com/6886fd5f9ff03c06b0c9a9eb)|2025/09/04 01:33|石川 享平|
|[20250829](https://wiki.jbdcl.com/68b12eee9ff03c06b013101c)|2025/09/01 11:51|鹿島 誠一郎|
|[2025-09](https://wiki.jbdcl.com/68b7c56d9ff03c06b01b8068)|2025/09/03 01:34|石川 享平|
|[20250901](https://wiki.jbdcl.com/68b50a3d9ff03c06b0163c8a)|2025/09/01 02:03|福山 凌|
|[20250903](https://wiki.jbdcl.com/68b68f149ff03c06b0196207)|2025/09/03 01:34|石川 享平|
|[20250905](https://wiki.jbdcl.com/68ba405f9ff03c06b0216e55)|2025/09/05 01:36|鹿島 誠一郎|
|[OpenAI Responses API 仕様](https://wiki.jbdcl.com/68b1450b9ff03c06b013cab1)|2025/09/04 01:51|中谷 祐大|
|[ユーザーストーリーマップ](https://wiki.jbdcl.com/6895b2fc9ff03c06b0eabda8)|2025/09/04 03:35|海野 亮|
|[200_年間予定](https://wiki.jbdcl.com/686b4e719ff03c06b087a85a)|2025/09/01 05:25|藤田 祐介|
|[2025年09月(青山)](https://wiki.jbdcl.com/68a7c4ab9ff03c06b00028b0)|2025/09/07 07:24|荒井 健一郎|
|[共有情報・勉強会資料等](https://wiki.jbdcl.com/66b2d0f79ff03c06b0bee050)|2025/09/05 05:37|藤﨑 理帆|
|[Mybatisについて（藤﨑）](https://wiki.jbdcl.com/68afafd79ff03c06b00fc04d)|2025/09/05 06:03|藤﨑 理帆|
|[01.事業部会議](https://wiki.jbdcl.com/68228a7c9ff03c06b0292776)|2025/09/05 06:06|深川 憲一|
|[9月1週](https://wiki.jbdcl.com/68b16c929ff03c06b014e32d)|2025/09/03 06:02|西 優人|
|[【実装手順】申請書番号の自動採番](https://wiki.jbdcl.com/68aecde59ff03c06b00f14e1)|2025/09/02 10:24|中込 颯|
|[大阪万博のTips](https://wiki.jbdcl.com/6826a9c79ff03c06b02ebef0)|2025/09/04 03:23|馬場 健司|
|[JBD基盤チャットポット利用状況](https://wiki.jbdcl.com/68a54d229ff03c06b0fb39ce)|2025/09/07 05:30|田渕 達也|
|[ランキングページ](https://wiki.jbdcl.com/63a10a4eb5e7e15fd789a29d)|2025/09/07 02:00|田渕 達也|
"
1,kanazawa,"@channel 

開発部の方々へ

中期計画に基づき、社員の行動力と組織力強化の支援のため、スキルマップの運用を開始します。
スキルマップは、目指すべき職種を選択し、現在のスキルのレベルを各自入力して頂きます。

スキルマップについて

URL
https://skill.jbdcl.com/skillmap/ldaplogins/login

* JBD基盤のIDおよびパスワードでログイン出来ます。
* 社内もしくJBDVPN上の環境でないとアクセス出来ませんのでご注意下さい。

wikiにスキルマップの内容についてまとめていますので、ご参照下さい。
https://wiki.jbdcl.com/65fbb0839ff03c06b0c74f10

職種、スキルについては、現状必要と思われるものを用意しています。
職種、スキルについて追加したいものがあれば、金澤までご連絡下さい。
スキルについては、それぞれ対応するwikiのページを付記しています。
追記したいwikiのページがあれば、追加しますので、ご連絡下さい。

入力していただきたい内容は、wikiの[03_スキルマップの取り組み](https://wiki.jbdcl.com/67433c5c9ff03c06b064a72a)に
記載していますが、下記の内容についてお願いします。
* 職種の選択
* 現在のスキルのレベル付け([レベルの定義](https://wiki.jbdcl.com/65fbbba29ff03c06b0c7b72e#3-%E3%83%AC%E3%83%99%E3%83%AB)を参照)
* プロフィール

現段階の取り組みとして、まず、皆さんのスキルについて収集することを目的としています。
現状を鑑み、今後の方向性や活用について検討して行きます。

9月下旬～10月上旬を目安に入力していただくと幸いです。
皆さんのご協力をお願いします。"
0,kanazawa,"スキルマップのレベルについてですが、レベル3は、「仮に対象のスキルを求められたSES契約の依頼が来ても活躍出来るレベル」としています。つまり、お客様先の職場でも活躍出来る条件を付けていますので、含み置き下さい。(説明を追記しています）

| レベル | 基準  | レベル内容  |
| :----: | :--: | :--- |
| なし | 未経験 | スキルそのものを知らない状態。基礎概念を学び始める前の段階です。 |
| 1 | 基本的な内容や用語を理解している | 用語や仕組みは理解できているが、実務での活用経験はない、あっても短期間もしくはかなり過去の経験のケースを指します。知識の理解段階レベル。例：「○○とはこういうもの」という説明ができる状態。 |
| 2 | 上司や指導のもとで実践した経験がある | 教わった通りのやり方で業務を実行可能の状態。経験は浅く、自分一人で進めるには不安がある。上司やマニュアルなど支援があれば対応できるレベル。 |
| 3 | 自立して実践し業務で成果を出した経験がある | 実務の中で設計・実装・構築・課題解決までこなせるレベル。一般的には独力で業務遂行できる「中級者」であり、**仮に対象のスキルを求められたSES契約の依頼が来ても活躍出来るレベル。** |
| 4 | 他者に指導したりプロジェクト全体で主導した経験がある | スキルに対して自信があり、人に教えたり、仕組み化・改善ができるレベル。「上級者」でリーダーや教育者としても機能するレベル。 |
"
0,mattermost,"
## JBDナレッジの更新情報 :pencil: 

* 下記のページが１週間以内に更新されています。



　

|ページ|更新日|更新者|
|-|-|
|[利用場所、ウイルスバスターのルール](https://wiki.jbdcl.com/6892f87f9ff03c06b0e455e7)|2025/09/18 03:59|冨澤 裕喜|
|[Office2016導入PC](https://wiki.jbdcl.com/65546c2028cf0e07df594ccf)|2025/09/22 01:10|田渕 達也|
|[1201_開発戦略本部からのお願い](https://wiki.jbdcl.com/655afc2c28cf0e07df5d900a)|2025/09/19 08:00|冨澤 裕喜|
|[1210_06_JBD基盤とドメインパスワード変更方法](https://wiki.jbdcl.com/661de0639ff03c06b0fc2743)|2025/09/19 07:58|冨澤 裕喜|
|[パスワード変更_未実施者](https://wiki.jbdcl.com/66e90c1b9ff03c06b0fc3a74)|2025/09/21 02:10|田渕 達也|
|[使いかた](https://wiki.jbdcl.com/68c8fde99ff03c06b038e050)|2025/09/16 03:04|古田 翔大|
|[1220_業務経歴書管理システム](https://wiki.jbdcl.com/68b689999ff03c06b01942c7)|2025/09/19 01:38|古田 翔大|
|[00_機能改善要望](https://wiki.jbdcl.com/68ccfa439ff03c06b04259a5)|2025/09/19 03:52|古田 翔大|
|[1222_portal](https://wiki.jbdcl.com/68c0fdd79ff03c06b02cc3b5)|2025/09/22 01:26|國實 翔詠|
|[使用方法](https://wiki.jbdcl.com/68cb81cb9ff03c06b03e1174)|2025/09/18 12:51|國實 翔詠|
|[管理方法](https://wiki.jbdcl.com/68cb821a9ff03c06b03e1425)|2025/09/19 04:29|川畑 栄輔|
|[1223.社内向けチャットボットシステム](https://wiki.jbdcl.com/68be22e19ff03c06b0244a64)|2025/09/18 03:04|藤田 茉優子|
|[1231_受講者状況](https://wiki.jbdcl.com/63e0960d922bc9d167bd84bb)|2025/09/21 02:50|田渕 達也|
|[10.棚卸未実施一覧](https://wiki.jbdcl.com/655c272828cf0e07df5e3b75)|2025/09/22 01:30|田渕 達也|
|[11.棚卸管理シール貼付け未実施一覧](https://wiki.jbdcl.com/66976f629ff03c06b09395f5)|2025/09/21 01:40|田渕 達也|
|[1260_開発サーバー](https://wiki.jbdcl.com/66c6abb29ff03c06b0d2df54)|2025/09/21 01:50|田渕 達也|
|[Windows10PC一覧](https://wiki.jbdcl.com/6556ba1528cf0e07df5aec55)|2025/09/22 01:20|田渕 達也|
|[コーディングプラクティス](https://wiki.jbdcl.com/67ffb1a99ff03c06b0142138)|2025/09/17 09:53|西中 健太|
|[05_コメントすべきことを知る](https://wiki.jbdcl.com/686c778b9ff03c06b08b45a2)|2025/09/17 09:52|西中 健太|
|[06_コメントは正確で簡潔に](https://wiki.jbdcl.com/68b997769ff03c06b020ba2d)|2025/09/17 11:03|西中 健太|
|[10_ODCのWebアプリ](https://wiki.jbdcl.com/68afb4509ff03c06b00ff4af)|2025/09/18 11:50|古田 翔大|
|[結合環境初回実行手順](https://wiki.jbdcl.com/68c230879ff03c06b030533c)|2025/09/18 05:55|國實 翔詠|
|[20250916](https://wiki.jbdcl.com/68c8b53f9ff03c06b0375e84)|2025/09/16 06:27|古田 翔大|
|[10_KPTボード](https://wiki.jbdcl.com/68ad07109ff03c06b0079519)|2025/09/19 04:26|河脇 浩之|
|[11_K投稿](https://wiki.jbdcl.com/68abe8af9ff03c06b0054b92)|2025/09/16 03:38|小川 莉奈|
|[12_P投稿](https://wiki.jbdcl.com/68abe8ba9ff03c06b0054beb)|2025/09/16 03:38|小川 莉奈|
|[21_T投稿（新規）](https://wiki.jbdcl.com/68abe8d19ff03c06b0054ca1)|2025/09/18 09:42|小川 莉奈|
|[22_T投稿（編集）](https://wiki.jbdcl.com/68abe9009ff03c06b0054f47)|2025/09/16 03:39|小川 莉奈|
|[23_KP選択投稿](https://wiki.jbdcl.com/68abe9119ff03c06b0054fb7)|2025/09/16 04:21|小川 莉奈|
|[9月第3週](https://wiki.jbdcl.com/68c8aee59ff03c06b0372e31)|2025/09/16 09:27|前田 幹太|
|[9月16日](https://wiki.jbdcl.com/68c8aeee9ff03c06b0372e86)|2025/09/16 09:52|前田 幹太|
|[9月18日](https://wiki.jbdcl.com/68cb4e8e9ff03c06b03cf755)|2025/09/18 10:31|前田 幹太|
|[9月19日](https://wiki.jbdcl.com/68cc9f3b9ff03c06b040855a)|2025/09/19 04:13|前田 幹太|
|[12_本番環境デプロイ](https://wiki.jbdcl.com/68cc9e9b9ff03c06b04080f9)|2025/09/19 03:48|政所 侑磨|
|[9月第3週](https://wiki.jbdcl.com/68c8aed39ff03c06b0372d67)|2025/09/16 09:26|前田 幹太|
|[ユーザー情報取得APIの呼び出しについて](https://wiki.jbdcl.com/68b930609ff03c06b01f3d02)|2025/09/16 01:21|田渕 達也|
|[11_機能一覧](https://wiki.jbdcl.com/686c7d079ff03c06b08b6e89)|2025/09/19 01:15|石川 享平|
|[画面設計書_S06_業務経歴書印刷](https://wiki.jbdcl.com/68abdaec9ff03c06b004c45d)|2025/09/16 04:22|石川 享平|
|[22_メッセージ定義一覧](https://wiki.jbdcl.com/6886fd5f9ff03c06b0c9a9eb)|2025/09/19 09:34|福山 凌|
|[20250916](https://wiki.jbdcl.com/68c8af8f9ff03c06b037323d)|2025/09/16 03:58|石川 享平|
|[20250919](https://wiki.jbdcl.com/68cca65b9ff03c06b040ba2b)|2025/09/19 03:26|古田 翔大|
|[92_結合環境](https://wiki.jbdcl.com/68cb5d289ff03c06b03d6736)|2025/09/18 11:17|古田 翔大|
|[社内向けチャットボットシステム](https://wiki.jbdcl.com/683d5dea9ff03c06b0449aa4)|2025/09/17 06:35|前 直樹|
|[カレンダー形式](https://wiki.jbdcl.com/68c139fb9ff03c06b02ec3be)|2025/09/18 11:40|横山 紅葉|
|[41_結合環境構築手順](https://wiki.jbdcl.com/68ca245b9ff03c06b03adcde)|2025/09/17 06:32|中谷 祐大|
|[42_本番環境構築手順](https://wiki.jbdcl.com/68ca3bcd9ff03c06b03b3e58)|2025/09/18 04:43|中谷 祐大|
|[09](https://wiki.jbdcl.com/68cb75099ff03c06b03df894)|2025/09/18 11:58|砂盃 梨乃|
|[画面イメージ](https://wiki.jbdcl.com/68ca6ee99ff03c06b03c1169)|2025/09/18 11:59|百合野 琉|
|[タスク一覧](https://wiki.jbdcl.com/68ca5f529ff03c06b03bd4f5)|2025/09/19 09:45|百合野 琉|
|[タスク詳細（Doing）](https://wiki.jbdcl.com/68cba4969ff03c06b03ee135)|2025/09/19 04:42|淺野間 龍児|
|[タスク詳細（Done）](https://wiki.jbdcl.com/68cba5c69ff03c06b03ee931)|2025/09/19 09:53|百合野 琉|
|[タスク詳細（Rerun）](https://wiki.jbdcl.com/68cbc1369ff03c06b03fbfd8)|2025/09/19 02:17|百合野 琉|
|[タスク詳細（Waiting）](https://wiki.jbdcl.com/68ca78689ff03c06b03c52ba)|2025/09/19 04:36|百合野 琉|
|[ログイン](https://wiki.jbdcl.com/68ca6f1a9ff03c06b03c1794)|2025/09/19 01:55|淺野間 龍児|
|[200_年間予定](https://wiki.jbdcl.com/686b4e719ff03c06b087a85a)|2025/09/16 04:44|長谷川 康昭|
|[202509_勉強会資料(米多)](https://wiki.jbdcl.com/68ce57ce9ff03c06b043e325)|2025/09/20 05:45|米多 健人|
|[20250919_junitを用いた自動テスト](https://wiki.jbdcl.com/68ccea3b9ff03c06b0421145)|2025/09/19 05:34|長命 海|
|[9月3週](https://wiki.jbdcl.com/68c9308d9ff03c06b039b94c)|2025/09/16 06:42|西 優人|
|[01-1.心得（社員用）](https://wiki.jbdcl.com/67639e399ff03c06b0848063)|2025/09/16 09:39|市古 果耶|
|[大阪万博のTips](https://wiki.jbdcl.com/6826a9c79ff03c06b02ebef0)|2025/09/19 05:40|馬場 健司|
|[JBD基盤チャットポット利用状況](https://wiki.jbdcl.com/68a54d229ff03c06b0fb39ce)|2025/09/21 05:30|田渕 達也|
|[ランキングページ](https://wiki.jbdcl.com/63a10a4eb5e7e15fd789a29d)|2025/09/21 02:00|田渕 達也|
"
1,k-oota,"@channel 
### 給与に関するお知らせ

GroupSession掲示板の内容と同様のものをこちらでも共有させていただきます。
ご確認の程、よろしくお願いいたします。

```
給与について2点お知らせいたします。

① 標準報酬月額決定通知書掲載

4月・5月・6月に受けた報酬（残業手当・交通費を含む）をもとに、その年の9月以降の標準報酬月額が決定されます。
それに伴い、10/10給与分からの社会保険料改定通知書を下記の日時に掲載いたします。

【掲載日時】
　　2025年10月9日（木）　午前9時　
　　（給与明細書と同様、WEB給金帳にて掲載いたします）
　
※※対象外の方※※
　　・6月1日以降入社された方
　　・月額変更された方（7月・8月・9月）


②　年末調整に関する保険料控除証明書保管のお願い

12月に実施される年末調整に伴い、各保険会社より生命保険料、損害保険料等の控除証明書がご自宅へ送付されます。
大切に保管いただきますよう、お願いいたします。
（原本はご提出いただきます）


```"
0,mattermost,"
## JBDナレッジの更新情報 :pencil: 

* 下記のページが１週間以内に更新されています。



　

|ページ|更新日|更新者|
|-|-|
|[Office2016導入PC](https://wiki.jbdcl.com/65546c2028cf0e07df594ccf)|2025/09/29 01:10|田渕 達也|
|[パスワード変更_未実施者](https://wiki.jbdcl.com/66e90c1b9ff03c06b0fc3a74)|2025/09/26 02:10|田渕 達也|
|[1222_portal](https://wiki.jbdcl.com/68c0fdd79ff03c06b02cc3b5)|2025/09/25 11:14|國實 翔詠|
|[使用方法](https://wiki.jbdcl.com/68cb81cb9ff03c06b03e1174)|2025/09/22 01:31|川畑 栄輔|
|[管理方法](https://wiki.jbdcl.com/68cb821a9ff03c06b03e1425)|2025/09/26 11:18|下村 成生|
|[1231_受講者状況](https://wiki.jbdcl.com/63e0960d922bc9d167bd84bb)|2025/09/26 02:50|田渕 達也|
|[10.棚卸未実施一覧](https://wiki.jbdcl.com/655c272828cf0e07df5e3b75)|2025/09/29 01:30|田渕 達也|
|[11.棚卸管理シール貼付け未実施一覧](https://wiki.jbdcl.com/66976f629ff03c06b09395f5)|2025/09/26 01:40|田渕 達也|
|[1260_開発サーバー](https://wiki.jbdcl.com/66c6abb29ff03c06b0d2df54)|2025/09/26 01:50|田渕 達也|
|[Windows10PC一覧](https://wiki.jbdcl.com/6556ba1528cf0e07df5aec55)|2025/09/29 01:20|田渕 達也|
|[02-3.クライアントスクリプトのデバッグ](https://wiki.jbdcl.com/6672233e9ff03c06b0635df6)|2025/09/26 01:19|榎 渚沙|
|[02-4.参照オブジェクト](https://wiki.jbdcl.com/667223469ff03c06b0635e93)|2025/09/26 02:08|榎 渚沙|
|[02-5.スクリプトバージョン](https://wiki.jbdcl.com/667223519ff03c06b0635f3a)|2025/09/26 05:06|榎 渚沙|
|[03.UIポリシー](https://wiki.jbdcl.com/68d635b89ff03c06b050d3cf)|2025/09/26 03:45|榎 渚沙|
|[03-1.UIポリシー、ポリシースクリプティングとは](https://wiki.jbdcl.com/68d638289ff03c06b050e955)|2025/09/26 05:08|榎 渚沙|
|[03-2.UIポリシーの実行](https://wiki.jbdcl.com/68d6389d9ff03c06b050edd9)|2025/09/26 06:27|榎 渚沙|
|[03-3カタログUIポリシーの概要](https://wiki.jbdcl.com/68d638ef9ff03c06b050f257)|2025/09/26 03:55|榎 渚沙|
|[タスク](https://wiki.jbdcl.com/67a5baee9ff03c06b0c6212b)|2025/09/26 03:36|石井 教観|
|[DB設計](https://wiki.jbdcl.com/67907b639ff03c06b0a84f4d)|2025/09/26 03:35|石井 教観|
|[分析処理設計](https://wiki.jbdcl.com/67a061dd9ff03c06b0bb3ab2)|2025/09/26 04:40|石井 教観|
|[40_CICD](https://wiki.jbdcl.com/6863a10d9ff03c06b0780bdb)|2025/09/26 02:09|武田 宏喜|
|[41_説明用](https://wiki.jbdcl.com/6886a1e79ff03c06b0c7a29b)|2025/09/26 02:09|武田 宏喜|
|[43_利用手順](https://wiki.jbdcl.com/6886a27a9ff03c06b0c7a9ee)|2025/09/28 02:35|武田 宏喜|
|[42_Docker環境作成編](https://wiki.jbdcl.com/6878a6a69ff03c06b0ab9e54)|2025/09/26 05:19|叶 怜央|
|[ポータル](https://wiki.jbdcl.com/686f372a9ff03c06b0947208)|2025/09/24 03:51|國實 翔詠|
|[20250924](https://wiki.jbdcl.com/68d36d349ff03c06b0494b60)|2025/09/24 03:49|國實 翔詠|
|[20250922](https://wiki.jbdcl.com/68d0cc4f9ff03c06b046232d)|2025/09/22 02:32|古田 翔大|
|[20250924](https://wiki.jbdcl.com/68d3566b9ff03c06b048fe39)|2025/09/24 01:11|近澤 昌弘|
|[01_チーム登録・編集](https://wiki.jbdcl.com/68ae507c9ff03c06b00b0d3a)|2025/09/26 01:33|瓜原 莉奈|
|[10_KPTボード](https://wiki.jbdcl.com/68ad07109ff03c06b0079519)|2025/09/25 05:36|政所 侑磨|
|[21_T投稿（新規）](https://wiki.jbdcl.com/68abe8d19ff03c06b0054ca1)|2025/09/25 05:15|小川 莉奈|
|[22_T投稿（編集）](https://wiki.jbdcl.com/68abe9009ff03c06b0054f47)|2025/09/25 05:14|小川 莉奈|
|[9月24日](https://wiki.jbdcl.com/68d3496b9ff03c06b048c5aa)|2025/09/24 10:34|小川 莉奈|
|[9月25日](https://wiki.jbdcl.com/68d4940b9ff03c06b04be29d)|2025/09/25 05:22|小川 莉奈|
|[9月26日](https://wiki.jbdcl.com/68d60eba9ff03c06b04f7233)|2025/09/26 01:03|小川 莉奈|
|[メモ](https://wiki.jbdcl.com/68d494039ff03c06b04be1ff)|2025/09/25 10:02|政所 侑磨|
|[ユーザー情報取得APIの呼び出しについて](https://wiki.jbdcl.com/68b930609ff03c06b01f3d02)|2025/09/26 05:18|坂下 碧依|
|[画面設計書_S03_業務経歴検索](https://wiki.jbdcl.com/68abd05d9ff03c06b0049197)|2025/09/26 05:55|石川 享平|
|[画面設計書_S05_業務経歴書登録・編集](https://wiki.jbdcl.com/68a5596d9ff03c06b0fb850d)|2025/09/26 05:52|石川 享平|
|[22_メッセージ定義一覧](https://wiki.jbdcl.com/6886fd5f9ff03c06b0c9a9eb)|2025/09/26 03:44|石川 享平|
|[20250922](https://wiki.jbdcl.com/68d09e5e9ff03c06b044b910)|2025/09/22 04:24|石川 享平|
|[20250924](https://wiki.jbdcl.com/68d335f49ff03c06b0481899)|2025/09/24 01:44|福山 凌|
|[20250926](https://wiki.jbdcl.com/68d5fab59ff03c06b04f24cf)|2025/09/26 02:05|石川 享平|
|[92_結合環境](https://wiki.jbdcl.com/68cb5d289ff03c06b03d6736)|2025/09/24 06:20|古田 翔大|
|[09](https://wiki.jbdcl.com/68cb75099ff03c06b03df894)|2025/09/25 02:28|砂盃 梨乃|
|[Azure利用手順](https://wiki.jbdcl.com/68d791799ff03c06b0523adc)|2025/09/28 01:40|木下 凌介|
|[インタビュー回答シート](https://wiki.jbdcl.com/68d618e59ff03c06b04fc0c0)|2025/09/26 05:48|百合野 琉|
|[印刷用素材](https://wiki.jbdcl.com/68d5fd2a9ff03c06b04f3ed4)|2025/09/26 12:03|淺野間 龍児|
|[画面イメージ](https://wiki.jbdcl.com/68ca6ee99ff03c06b03c1169)|2025/09/25 09:49|淺野間 龍児|
|[タスク一覧](https://wiki.jbdcl.com/68ca5f529ff03c06b03bd4f5)|2025/09/25 09:50|淺野間 龍児|
|[タスク詳細（Doing）](https://wiki.jbdcl.com/68cba4969ff03c06b03ee135)|2025/09/25 09:51|淺野間 龍児|
|[タスク詳細（Done）](https://wiki.jbdcl.com/68cba5c69ff03c06b03ee931)|2025/09/26 05:11|百合野 琉|
|[タスク詳細（Rerun）](https://wiki.jbdcl.com/68cbc1369ff03c06b03fbfd8)|2025/09/25 09:51|淺野間 龍児|
|[タスク詳細（Waiting）](https://wiki.jbdcl.com/68ca78689ff03c06b03c52ba)|2025/09/25 10:27|百合野 琉|
|[ログイン](https://wiki.jbdcl.com/68ca6f1a9ff03c06b03c1794)|2025/09/25 09:50|淺野間 龍児|
|[ユーザビリティテスト（ペーパープロトタイプ）の実施方法について](https://wiki.jbdcl.com/68d380ce9ff03c06b04993eb)|2025/09/25 10:36|淺野間 龍児|
|[200_年間予定](https://wiki.jbdcl.com/686b4e719ff03c06b087a85a)|2025/09/25 06:11|二瓶 容一|
|[2025年9月(小山)](https://wiki.jbdcl.com/68d390f49ff03c06b049de14)|2025/09/26 02:57|小山 亮|
|[202509_勉強会資料(米多)](https://wiki.jbdcl.com/68ce57ce9ff03c06b043e325)|2025/09/26 05:06|米多 健人|
|[46期_20250922](https://wiki.jbdcl.com/68d11e6a9ff03c06b047be00)|2025/09/22 10:09|花田 亮太|
|[20250925開催](https://wiki.jbdcl.com/68d4c58c9ff03c06b04cc78d)|2025/09/25 03:32|近澤 昌弘|
|[9月3週](https://wiki.jbdcl.com/68c9308d9ff03c06b039b94c)|2025/09/24 07:39|西 優人|
|[9月4週](https://wiki.jbdcl.com/68d3c9ed9ff03c06b04b26bb)|2025/09/26 08:12|西 優人|
|[01.保守](https://wiki.jbdcl.com/68d3c49b9ff03c06b04b1873)|2025/09/24 07:15|渡邉 啓太|
|[01.問い合わせ手順](https://wiki.jbdcl.com/68d0a7a49ff03c06b0452fde)|2025/09/24 06:03|渡邉 啓太|
|[02.問い合わせフロー](https://wiki.jbdcl.com/68d09f919ff03c06b044c918)|2025/09/22 10:34|渡邉 啓太|
|[02.アポシステム](https://wiki.jbdcl.com/68d3a39d9ff03c06b04a3e79)|2025/09/24 04:54|渡邉 啓太|
|[01.概要図](https://wiki.jbdcl.com/68d3a3cb9ff03c06b04a403e)|2025/09/24 05:16|渡邉 啓太|
|[02.ER図](https://wiki.jbdcl.com/68d3c00f9ff03c06b04af056)|2025/09/24 07:11|渡邉 啓太|
|[03.見積書電子化](https://wiki.jbdcl.com/68d3ac869ff03c06b04a7119)|2025/09/24 05:32|渡邉 啓太|
|[01.概要図](https://wiki.jbdcl.com/68d3acea9ff03c06b04a74ed)|2025/09/24 06:10|渡邉 啓太|
|[02.証明書と名前解決について](https://wiki.jbdcl.com/68d3b5549ff03c06b04ab3cc)|2025/09/24 06:53|渡邉 啓太|
|[大阪万博のTips](https://wiki.jbdcl.com/6826a9c79ff03c06b02ebef0)|2025/09/25 05:23|馬場 健司|
|[JBD基盤チャットポット利用状況](https://wiki.jbdcl.com/68a54d229ff03c06b0fb39ce)|2025/09/26 05:30|田渕 達也|
|[ランキングページ](https://wiki.jbdcl.com/63a10a4eb5e7e15fd789a29d)|2025/09/26 02:00|田渕 達也|
"
1,mattermost,"@channel 

## Windows10EOLについて

* 事業部長会議でもご連絡しておりますが、10/14にWindowsのEOLに伴い、社内ネットワーク接続できなくなります。
* 対象PCを保有されている方は、速やかに対応をお願いします。

[/1000_全社員共有ドキュメント/1200_開発戦略本部/Windows11対応/Windows10PC一覧](https://wiki.jbdcl.com/6556ba1528cf0e07df5aec55)

"
0,mattermost,"
## JBDナレッジの更新情報 :pencil: 

* 下記のページが１週間以内に更新されています。



　

|ページ|更新日|更新者|
|-|-|
|[1101_社内規程](https://wiki.jbdcl.com/63b6319b7c45329c2d294280)|2025/10/01 09:46|渡辺 唯子|
|[Office2016導入PC](https://wiki.jbdcl.com/65546c2028cf0e07df594ccf)|2025/10/06 01:10|田渕 達也|
|[パスワード変更_未実施者](https://wiki.jbdcl.com/66e90c1b9ff03c06b0fc3a74)|2025/10/05 02:10|田渕 達也|
|[1221_KPT](https://wiki.jbdcl.com/68bfd79c9ff03c06b02a834e)|2025/10/01 06:01|河脇 浩之|
|[機能設計](https://wiki.jbdcl.com/68db85279ff03c06b05c198c)|2025/10/01 05:55|河脇 浩之|
|[10_KPTボード](https://wiki.jbdcl.com/68db852a9ff03c06b05c1a32)|2025/10/01 01:00|溝渕 航大|
|[1222_portal](https://wiki.jbdcl.com/68c0fdd79ff03c06b02cc3b5)|2025/10/01 05:56|河脇 浩之|
|[1231_受講者状況](https://wiki.jbdcl.com/63e0960d922bc9d167bd84bb)|2025/10/05 02:50|田渕 達也|
|[10.棚卸未実施一覧](https://wiki.jbdcl.com/655c272828cf0e07df5e3b75)|2025/10/06 01:30|田渕 達也|
|[11.棚卸管理シール貼付け未実施一覧](https://wiki.jbdcl.com/66976f629ff03c06b09395f5)|2025/10/05 01:40|田渕 達也|
|[1260_開発サーバー](https://wiki.jbdcl.com/66c6abb29ff03c06b0d2df54)|2025/10/05 01:50|田渕 達也|
|[Windows10PC一覧](https://wiki.jbdcl.com/6556ba1528cf0e07df5aec55)|2025/10/06 01:20|田渕 達也|
|[02_ユーザインターフェース](https://wiki.jbdcl.com/67bd51db9ff03c06b0d8d16c)|2025/09/29 11:15|山中 拓人|
|[02-5.スクリプトバージョン](https://wiki.jbdcl.com/667223519ff03c06b0635f3a)|2025/09/29 01:46|榎 渚沙|
|[03.UIポリシー](https://wiki.jbdcl.com/68d635b89ff03c06b050d3cf)|2025/09/29 01:49|榎 渚沙|
|[03-1.UIポリシー、ポリシースクリプティングとは](https://wiki.jbdcl.com/68d638289ff03c06b050e955)|2025/09/29 09:03|榎 渚沙|
|[03-2.UIポリシーの実行](https://wiki.jbdcl.com/68d6389d9ff03c06b050edd9)|2025/09/29 04:03|榎 渚沙|
|[03-3カタログUIポリシーの概要](https://wiki.jbdcl.com/68d638ef9ff03c06b050f257)|2025/09/29 11:57|榎 渚沙|
|[04.ビジネスルール](https://wiki.jbdcl.com/68d9f56a9ff03c06b0549b15)|2025/09/29 01:54|榎 渚沙|
|[04-1ビジネスルールとは](https://wiki.jbdcl.com/68da0bcd9ff03c06b054f4b3)|2025/09/29 02:17|榎 渚沙|
|[04-2 ビジネスルールの実行タイミング](https://wiki.jbdcl.com/68da0cd39ff03c06b0550c0d)|2025/09/29 04:00|榎 渚沙|
|[04-3 ビジネスルールの実行内容](https://wiki.jbdcl.com/68da0d419ff03c06b0551b4e)|2025/09/29 04:25|榎 渚沙|
|[04-4 グローバル変数](https://wiki.jbdcl.com/68da0d8d9ff03c06b0552530)|2025/09/29 05:58|榎 渚沙|
|[04-5 デバッグ](https://wiki.jbdcl.com/68da0e369ff03c06b05532aa)|2025/09/29 01:42|榎 渚沙|
|[05-1.GlideSystem](https://wiki.jbdcl.com/68db89319ff03c06b05c74e7)|2025/10/01 09:32|島田 拓人|
|[3-07_mapによる繰り返し処理](https://wiki.jbdcl.com/68760e669ff03c06b0a1e8d4)|2025/09/29 01:33|隈部 摩耶|
|[3-08_配列のデータを出力する](https://wiki.jbdcl.com/689ec3209ff03c06b0f36d8b)|2025/09/29 02:06|隈部 摩耶|
|[3-09_(())でmapを利用する](https://wiki.jbdcl.com/68da13729ff03c06b055842e)|2025/09/29 02:12|隈部 摩耶|
|[便利なコマンド](https://wiki.jbdcl.com/68de0e389ff03c06b0642797)|2025/10/03 05:30|澤永 直毅|
|[話者](https://wiki.jbdcl.com/68da4db09ff03c06b057d469)|2025/10/01 05:56|石井 教観|
|[議事録テンプレート](https://wiki.jbdcl.com/67eb6c519ff03c06b0fdaf18)|2025/09/29 02:35|石井 教観|
|[分析処理設計](https://wiki.jbdcl.com/67a061dd9ff03c06b0bb3ab2)|2025/10/03 04:57|石井 教観|
|[画面設計](https://wiki.jbdcl.com/6792e71c9ff03c06b0ab7ea1)|2025/09/29 10:19|石井 教観|
|[S61_登録済み話者一覧画面](https://wiki.jbdcl.com/68d9eb2a9ff03c06b0545240)|2025/10/03 03:22|石井 教観|
|[20251001](https://wiki.jbdcl.com/68dcafe59ff03c06b06047d5)|2025/10/01 04:14|古田 翔大|
|[KPT Bot](https://wiki.jbdcl.com/68350f699ff03c06b03ba137)|2025/10/01 05:52|河脇 浩之|
|[10_要件定義](https://wiki.jbdcl.com/68dcee4a9ff03c06b062285c)|2025/10/01 06:03|河脇 浩之|
|[10_要件定義](https://wiki.jbdcl.com/68dcee4a9ff03c06b0622886)|2025/10/01 06:03|河脇 浩之|
|[99_要件定義（案）](https://wiki.jbdcl.com/68dcee4a9ff03c06b0622888)|2025/10/01 06:03|河脇 浩之|
|[20_機能設計](https://wiki.jbdcl.com/68dcee8a9ff03c06b0622caf)|2025/10/01 06:04|河脇 浩之|
|[00_マイページ](https://wiki.jbdcl.com/68dcee8a9ff03c06b0622ce1)|2025/10/01 06:04|河脇 浩之|
|[01_チーム登録・編集](https://wiki.jbdcl.com/68dcee8a9ff03c06b0622cf1)|2025/10/01 06:04|河脇 浩之|
|[01_テーマ登録・編集](https://wiki.jbdcl.com/68dcee8a9ff03c06b0622cf3)|2025/10/01 06:04|河脇 浩之|
|[10_KPTボード](https://wiki.jbdcl.com/68dcee8a9ff03c06b0622ced)|2025/10/01 06:04|河脇 浩之|
|[11_K投稿](https://wiki.jbdcl.com/68dcee8a9ff03c06b0622ce3)|2025/10/01 06:04|河脇 浩之|
|[12_P投稿](https://wiki.jbdcl.com/68dcee8a9ff03c06b0622ce5)|2025/10/01 06:04|河脇 浩之|
|[21_T投稿（新規）](https://wiki.jbdcl.com/68dcee8a9ff03c06b0622ce7)|2025/10/01 06:04|河脇 浩之|
|[22_T投稿（編集）](https://wiki.jbdcl.com/68dcee8a9ff03c06b0622ce9)|2025/10/01 06:04|河脇 浩之|
|[23_KP選択投稿](https://wiki.jbdcl.com/68dcee8a9ff03c06b0622ceb)|2025/10/01 06:04|河脇 浩之|
|[X2_メッセージ一覧](https://wiki.jbdcl.com/68dcee8a9ff03c06b0622cef)|2025/10/01 06:04|河脇 浩之|
|[10月第1週](https://wiki.jbdcl.com/68d9d3019ff03c06b053482b)|2025/09/29 09:29|前田 幹太|
|[9月29日](https://wiki.jbdcl.com/68d9d30c9ff03c06b05348b1)|2025/09/29 10:40|前田 幹太|
|[13_結合環境](https://wiki.jbdcl.com/68dccae79ff03c06b060fe6d)|2025/10/01 04:42|政所 侑磨|
|[bk](https://wiki.jbdcl.com/68dceb769ff03c06b061f89e)|2025/10/01 05:51|河脇 浩之|
|[00_マイページ](https://wiki.jbdcl.com/68abbff49ff03c06b003ea56)|2025/09/30 03:41|前田 幹太|
|[01_チーム登録・編集](https://wiki.jbdcl.com/68ae507c9ff03c06b00b0d3a)|2025/09/30 03:42|瓜原 莉奈|
|[01_テーマ登録・編集](https://wiki.jbdcl.com/68da29db9ff03c06b056772f)|2025/09/30 03:05|溝渕 航大|
|[10_KPTボード](https://wiki.jbdcl.com/68ad07109ff03c06b0079519)|2025/09/30 04:05|溝渕 航大|
|[11_K投稿](https://wiki.jbdcl.com/68abe8af9ff03c06b0054b92)|2025/09/29 01:50|小川 莉奈|
|[12_P投稿](https://wiki.jbdcl.com/68abe8ba9ff03c06b0054beb)|2025/09/29 01:54|小川 莉奈|
|[21_T投稿（新規）](https://wiki.jbdcl.com/68abe8d19ff03c06b0054ca1)|2025/09/29 02:00|小川 莉奈|
|[22_T投稿（編集）](https://wiki.jbdcl.com/68abe9009ff03c06b0054f47)|2025/09/29 05:10|小川 莉奈|
|[23_KP選択投稿](https://wiki.jbdcl.com/68abe9119ff03c06b0054fb7)|2025/09/29 02:15|小川 莉奈|
|[セッションタイムアウト](https://wiki.jbdcl.com/68dc96af9ff03c06b05fa4e8)|2025/10/01 02:41|國實 翔詠|
|[ユーザー情報取得APIの呼び出しについて](https://wiki.jbdcl.com/68b930609ff03c06b01f3d02)|2025/09/29 07:20|川畑 栄輔|
|[画面設計書_S02_プロフィール登録](https://wiki.jbdcl.com/68a6dea39ff03c06b0ff7ee7)|2025/09/29 09:52|石川 享平|
|[画面設計書_S04_業務経歴書詳細](https://wiki.jbdcl.com/68d9def49ff03c06b053beeb)|2025/09/29 10:27|鹿島 誠一郎|
|[画面設計書_S06_業務経歴書印刷](https://wiki.jbdcl.com/68abdaec9ff03c06b004c45d)|2025/09/29 10:39|石川 享平|
|[22_メッセージ定義一覧](https://wiki.jbdcl.com/6886fd5f9ff03c06b0c9a9eb)|2025/09/29 11:59|石川 享平|
|[20250929](https://wiki.jbdcl.com/68d9e25a9ff03c06b053f3fa)|2025/09/29 02:01|鹿島 誠一郎|
|[A01_画面仕様_チャット](https://wiki.jbdcl.com/68744dd89ff03c06b099dce0)|2025/10/01 01:39|近澤 昌弘|
|[ファイル添付仕様](https://wiki.jbdcl.com/68dcd74a9ff03c06b0617d13)|2025/10/01 05:50|中谷 祐大|
|[B01_画面仕様_アーカイブ一覧](https://wiki.jbdcl.com/68744dea9ff03c06b099ddbf)|2025/09/29 02:45|横山 紅葉|
|[呼び出しAPI一覧](https://wiki.jbdcl.com/68aff90b9ff03c06b0115361)|2025/10/01 01:36|近澤 昌弘|
|[D01_バッチ仕様_トレンド掲載](https://wiki.jbdcl.com/687efe509ff03c06b0b418d1)|2025/10/01 01:33|近澤 昌弘|
|[Azure利用手順](https://wiki.jbdcl.com/68d791799ff03c06b0523adc)|2025/09/29 11:12|木下 凌介|
|[スクラムイベントでやること](https://wiki.jbdcl.com/68954b739ff03c06b0e87920)|2025/10/01 09:51|海野 亮|
|[インタビュー回答シート](https://wiki.jbdcl.com/68d618e59ff03c06b04fc0c0)|2025/09/29 11:44|淺野間 龍児|
|[ユーザビリティテスト観察結果](https://wiki.jbdcl.com/68db78969ff03c06b05b4b45)|2025/10/03 06:08|淺野間 龍児|
|[200_年間予定](https://wiki.jbdcl.com/686b4e719ff03c06b087a85a)|2025/09/29 03:12|上遠野 辰郎|
|[事業部会議](https://wiki.jbdcl.com/660f4c7f9ff03c06b0eb48b7)|2025/10/01 12:00|荒井 健一郎|
|[2025年10月(荒井)](https://wiki.jbdcl.com/68dbf05f9ff03c06b05e0a0e)|2025/10/01 06:22|青山 謙二|
|[10月](https://wiki.jbdcl.com/68da59919ff03c06b057e6b5)|2025/09/29 07:04|西 優人|
|[10月1週](https://wiki.jbdcl.com/68da59ae9ff03c06b057e7ef)|2025/09/29 07:08|西 優人|
|[10月2週](https://wiki.jbdcl.com/68df90969ff03c06b0678dda)|2025/10/03 06:01|西 優人|
|[47期会議体](https://wiki.jbdcl.com/67ee52609ff03c06b0044676)|2025/10/03 05:55|宮田 孝弘|
|[801_LEONET案件のバッチについて](https://wiki.jbdcl.com/6763bb939ff03c06b084fe6e)|2025/09/29 02:58|森田 綾乃|
|[2Z19_早稲田実業](https://wiki.jbdcl.com/6763d5f99ff03c06b085749a)|2025/09/29 03:07|金山 周平|
|[高等部推薦入試](https://wiki.jbdcl.com/68df26df9ff03c06b0665ad7)|2025/10/03 11:13|森田 綾乃|
|[成績評価](https://wiki.jbdcl.com/68da1e779ff03c06b055fb20)|2025/09/29 03:16|金山 周平|
|[02.画面遷移図](https://wiki.jbdcl.com/68d9d0039ff03c06b0530389)|2025/09/29 10:11|渡邉 啓太|
|[04.業務フロー](https://wiki.jbdcl.com/68da0d589ff03c06b0551f6d)|2025/09/29 03:29|渡邉 啓太|
|[06.画面に検索条件を追加する際](https://wiki.jbdcl.com/68da35c89ff03c06b057282d)|2025/09/29 07:23|渡邉 啓太|
|[JBD基盤チャットポット利用状況](https://wiki.jbdcl.com/68a54d229ff03c06b0fb39ce)|2025/10/05 05:30|田渕 達也|
|[ランキングページ](https://wiki.jbdcl.com/63a10a4eb5e7e15fd789a29d)|2025/10/05 02:00|田渕 達也|
"
0,kanazawa,"@channel 
スキルマップシステムのアクセスですが、社内もしくJBDVPN上の環境のアクセスのみとしていましたが、社外勤務者のために、VPNを介せずでも、JBDポータル経由でスキルマップにアクセス出来るようにしました。（たいした意味はありませんが･･･）"
0,morita,"@all 


## 【大阪本社】サーバルーム空調故障

お疲れ様です。
大阪本社サーバルームの空調が故障しております。
現在は扉の開放及びサーキュレーターの利用でしのいでいますが
状況によってはサーバの停止を実施いたします。
※停電時と同じ状況になります。

"
0,mattermost,"
## JBDナレッジの更新情報 :pencil: 

* 下記のページが１週間以内に更新されています。



　

|ページ|更新日|更新者|
|-|-|
|[1101_社内規程](https://wiki.jbdcl.com/63b6319b7c45329c2d294280)|2025/10/06 04:02|渡辺 唯子|
|[Office2016導入PC](https://wiki.jbdcl.com/65546c2028cf0e07df594ccf)|2025/10/13 01:10|田渕 達也|
|[パスワード変更_未実施者](https://wiki.jbdcl.com/66e90c1b9ff03c06b0fc3a74)|2025/10/12 02:10|田渕 達也|
|[使い方](https://wiki.jbdcl.com/68e320539ff03c06b068c00c)|2025/10/09 10:27|鹿島 誠一郎|
|[FAQ](https://wiki.jbdcl.com/68e37b7a9ff03c06b06a44c7)|2025/10/06 05:44|鹿島 誠一郎|
|[エンジニア検索](https://wiki.jbdcl.com/68e34c6a9ff03c06b0694cee)|2025/10/09 10:38|鹿島 誠一郎|
|[エンジニア登録](https://wiki.jbdcl.com/68e34c519ff03c06b0694bcb)|2025/10/09 10:57|鹿島 誠一郎|
|[職務経歴登録](https://wiki.jbdcl.com/68e34c5f9ff03c06b0694c3c)|2025/10/09 10:57|鹿島 誠一郎|
|[1231_受講者状況](https://wiki.jbdcl.com/63e0960d922bc9d167bd84bb)|2025/10/12 02:50|田渕 達也|
|[03_スキルマップの取り組み](https://wiki.jbdcl.com/65fbde079ff03c06b0c8a42f)|2025/10/07 08:16|金澤 誠之|
|[10.棚卸未実施一覧](https://wiki.jbdcl.com/655c272828cf0e07df5e3b75)|2025/10/13 01:30|田渕 達也|
|[11.棚卸管理シール貼付け未実施一覧](https://wiki.jbdcl.com/66976f629ff03c06b09395f5)|2025/10/12 01:40|田渕 達也|
|[1260_開発サーバー](https://wiki.jbdcl.com/66c6abb29ff03c06b0d2df54)|2025/10/12 01:50|田渕 達也|
|[Windows10PC一覧](https://wiki.jbdcl.com/6556ba1528cf0e07df5aec55)|2025/10/13 01:20|田渕 達也|
|[07.スクリプティングインクルード](https://wiki.jbdcl.com/68e330759ff03c06b068ff56)|2025/10/06 12:00|島田 拓人|
|[07-1.スクリプティングインクルード概要](https://wiki.jbdcl.com/68e3309d9ff03c06b068ffa2)|2025/10/07 10:22|島田 拓人|
|[07-2.1つのクラスレス関数を格納](https://wiki.jbdcl.com/68e345c89ff03c06b06933bb)|2025/10/07 10:23|島田 拓人|
|[07-3.新しいクラスの定義](https://wiki.jbdcl.com/68e34dd69ff03c06b06956ac)|2025/10/07 10:27|島田 拓人|
|[07-4.既存クラスの拡張](https://wiki.jbdcl.com/68e367069ff03c06b069d3c1)|2025/10/07 10:29|島田 拓人|
|[07-5.アプリケーションスコープ](https://wiki.jbdcl.com/68e459f39ff03c06b06ad0ec)|2025/10/07 10:31|島田 拓人|
|[番外編.JSON](https://wiki.jbdcl.com/68e37a309ff03c06b06a38f2)|2025/10/07 10:32|島田 拓人|
|[Cronを秒間隔で実行する場合のcron式について](https://wiki.jbdcl.com/68de38ed9ff03c06b065554c)|2025/10/07 06:44|大木 圭|
|[L2SWの最低限コンフィグ](https://wiki.jbdcl.com/68e8dbf59ff03c06b0736763)|2025/10/10 07:26|花田 亮太|
|[S60_契約サービス一覧画面](https://wiki.jbdcl.com/67204b449ff03c06b0442d52)|2025/10/09 11:34|石井 教観|
|[タスク](https://wiki.jbdcl.com/67a5baee9ff03c06b0c6212b)|2025/10/10 04:49|石井 教観|
|[ユーティリティ](https://wiki.jbdcl.com/67986d9d9ff03c06b0b19da8)|2025/10/08 10:34|石井 教観|
|[文字起こし](https://wiki.jbdcl.com/67a9a3749ff03c06b0c7f0e9)|2025/10/08 10:34|石井 教観|
|[要約](https://wiki.jbdcl.com/67a9afe39ff03c06b0c841f2)|2025/10/08 10:35|石井 教観|
|[話者](https://wiki.jbdcl.com/68da4db09ff03c06b057d469)|2025/10/09 11:15|石井 教観|
|[議事録](https://wiki.jbdcl.com/67a9b40d9ff03c06b0c853e0)|2025/10/08 10:36|石井 教観|
|[DB設計](https://wiki.jbdcl.com/67907b639ff03c06b0a84f4d)|2025/10/07 11:12|石井 教観|
|[分析処理設計](https://wiki.jbdcl.com/67a061dd9ff03c06b0bb3ab2)|2025/10/09 09:34|石井 教観|
|[S21_タスク詳細画面](https://wiki.jbdcl.com/679354609ff03c06b0ad0d8f)|2025/10/09 09:31|石井 教観|
|[S61_登録済み話者一覧画面](https://wiki.jbdcl.com/68d9eb2a9ff03c06b0545240)|2025/10/10 11:05|石井 教観|
|[20251008](https://wiki.jbdcl.com/68e31bd59ff03c06b068ad30)|2025/10/08 02:01|砂盃 梨乃|
|[12_結合環境](https://wiki.jbdcl.com/68dccae79ff03c06b060fe6d)|2025/10/07 11:54|政所 侑磨|
|[13_本番環境](https://wiki.jbdcl.com/68cc9e9b9ff03c06b04080f9)|2025/10/07 02:40|政所 侑磨|
|[2025_Sprint04](https://wiki.jbdcl.com/68e463d39ff03c06b06b09b1)|2025/10/08 11:48|淺野間 龍児|
|[ER図](https://wiki.jbdcl.com/68e457bf9ff03c06b06ac9bc)|2025/10/07 09:08|淺野間 龍児|
|[タスク一覧](https://wiki.jbdcl.com/68ca5f529ff03c06b03bd4f5)|2025/10/09 09:02|淺野間 龍児|
|[タスク詳細（Doing）](https://wiki.jbdcl.com/68cba4969ff03c06b03ee135)|2025/10/07 08:33|淺野間 龍児|
|[タスク詳細（Done）](https://wiki.jbdcl.com/68cba5c69ff03c06b03ee931)|2025/10/09 10:11|淺野間 龍児|
|[タスク詳細（Rerun）](https://wiki.jbdcl.com/68cbc1369ff03c06b03fbfd8)|2025/10/07 08:24|淺野間 龍児|
|[タスク詳細（Waiting）](https://wiki.jbdcl.com/68ca78689ff03c06b03c52ba)|2025/10/07 08:29|淺野間 龍児|
|[720_週間AI](https://wiki.jbdcl.com/68de0cd89ff03c06b0641fd3)|2025/10/07 05:10|石井 教観|
|[20250930-1005](https://wiki.jbdcl.com/68de0cd89ff03c06b0641fcf)|2025/10/07 10:53|石井 教観|
|[20251006-1012](https://wiki.jbdcl.com/68e306599ff03c06b0682572)|2025/10/09 10:24|石井 教観|
|[200_年間予定](https://wiki.jbdcl.com/686b4e719ff03c06b087a85a)|2025/10/07 12:07|藤池 拓三|
|[20251006_SFTPサーバ構築](https://wiki.jbdcl.com/68e379609ff03c06b06a32c0)|2025/10/06 06:03|武田 宏喜|
|[2025年10月(荒井)](https://wiki.jbdcl.com/68dbf05f9ff03c06b05e0a0e)|2025/10/08 06:43|青山 謙二|
|[01.事業部会議](https://wiki.jbdcl.com/68228a7c9ff03c06b0292776)|2025/10/06 01:14|深川 憲一|
|[10月2週](https://wiki.jbdcl.com/68df90969ff03c06b0678dda)|2025/10/08 06:01|西 優人|
|[2Z04_NERMS](https://wiki.jbdcl.com/645851fa922bc9d167dbd077)|2025/10/09 04:54|瓜原 莉奈|
|[01_NERMSとは](https://wiki.jbdcl.com/6486aafb922bc9d167f0391c)|2025/10/09 04:53|瓜原 莉奈|
|[高等部推薦入試](https://wiki.jbdcl.com/68df26df9ff03c06b0665ad7)|2025/10/09 05:38|森田 綾乃|
|[大阪万博のTips](https://wiki.jbdcl.com/6826a9c79ff03c06b02ebef0)|2025/10/10 01:08|馬場 健司|
|[JBD基盤チャットポット利用状況](https://wiki.jbdcl.com/68a54d229ff03c06b0fb39ce)|2025/10/12 05:30|田渕 達也|
|[ランキングページ](https://wiki.jbdcl.com/63a10a4eb5e7e15fd789a29d)|2025/10/12 02:00|田渕 達也|
"
0,morita,"@all 

#### 【大阪本社】サーバルーム空調故障【復旧済】

こちら、空調の復旧が完了いたしました。
"
1,k-oota,"@channel 

### 【重要】2025年度年末調整のお知らせ

2025年度の年末調整を電子申請（オフィスステーション）で行います。
昨年と同じメール宛（基本的にJBDメール）に年末調整の案内をお送りしますが、
客先勤務等でJBDメールをご確認できない方は、
確認可能なメールアドレスを経営管理本部／太田までご連絡ください。
（昨年までにご連絡いただいた方は連絡不要です）


#### 【提出期日】
#### 2025年11月20日（木）　 ※電子申請、控除証明書等の原本すべて
マイナポータルとの連携や、電子的控除証明書の取込は例年通り行えません。ご了承願います。


#### 【提出方法】

●年末調整の申告　　　：オフィスステーション
　　　　　　　　　　　　⇒下記の詳細マニュアルをご参考ください
　　　　　　　　　　　　　　https://www.officestation.jp/helpcenter/10140/　　　　　　　　　
##### ※昨年申請していただいた内容が設定されておりますので、変更がある場合は必ず変更ありと選択し、変更してください
　　　　　　　　　　　　

●控除証明書等の原本　：経営管理本部（東京・大阪）
　　　　　　　　　　　　※名古屋の方につきましては大阪本社まで（社内便もしくは返信用封筒）
##### ※原本提出用の添付台紙と一緒にご提出ください。（印刷方法は詳細マニュアルをご参考ください）
```　　　　　　　　　　　　　
※本社や事業所へ出勤予定のない方で、返信用封筒が必要な方は下記までご連絡ください。

●東京：宮林（東京経管）　※インフルエンザ予防接種（10/22）の際、希望者にお渡しします　　　　　　
　　　　　
●大阪・名古屋：太田（大阪経管）　
```

#### 【今後のスケジュール】

##### ◆10月20日（月）※※今年初めてJBDで年末調整を行う方のみ

オフィスステーションより「マイページ発行のお知らせ」が届きます。

※ログインIDは社員番号、ログインパスワードは生年月日（8桁）になります。
※必ずログインしていただき、パスワードの変更をお願いいたします。


##### ◆10月27日（月）
オフィスステーションより「年末調整のご案内」が届きます。

※メールが届きましたら、オフィスステーションにログインいただき申告が開始できます
"
0,mattermost,"
## JBDナレッジの更新情報 :pencil: 

* 下記のページが１週間以内に更新されています。



　

|ページ|更新日|更新者|
|-|-|
|[1103_JBDNEWS](https://wiki.jbdcl.com/63b4e5347c45329c2d28f2bc)|2025/10/17 01:49|宮林 歩未|
|[勤務区分一覧](https://wiki.jbdcl.com/662b57409ff03c06b0137f8f)|2025/10/17 02:49|太田 佳織|
|[Office2016導入PC](https://wiki.jbdcl.com/65546c2028cf0e07df594ccf)|2025/10/20 01:10|田渕 達也|
|[パスワード変更_未実施者](https://wiki.jbdcl.com/66e90c1b9ff03c06b0fc3a74)|2025/10/19 02:10|田渕 達也|
|[10_初回登録（初めての方）](https://wiki.jbdcl.com/68e34c519ff03c06b0694bcb)|2025/10/17 05:01|鹿島 誠一郎|
|[20_経歴書詳細画面](https://wiki.jbdcl.com/68f1a9889ff03c06b07b85d3)|2025/10/17 05:12|鹿島 誠一郎|
|[21_プロフィール編集](https://wiki.jbdcl.com/68f1a9ac9ff03c06b07b8751)|2025/10/17 05:12|鹿島 誠一郎|
|[22_職務経歴登録](https://wiki.jbdcl.com/68e34c5f9ff03c06b0694c3c)|2025/10/17 05:41|鹿島 誠一郎|
|[23_経歴書印刷](https://wiki.jbdcl.com/68f1a9c29ff03c06b07b87d5)|2025/10/17 05:51|鹿島 誠一郎|
|[30_エンジニア検索](https://wiki.jbdcl.com/68e34c6a9ff03c06b0694cee)|2025/10/17 05:52|鹿島 誠一郎|
|[80_FAQ](https://wiki.jbdcl.com/68e37b7a9ff03c06b06a44c7)|2025/10/17 04:11|鹿島 誠一郎|
|[マニュアル](https://wiki.jbdcl.com/68ef51679ff03c06b0777003)|2025/10/17 06:13|溝渕 航大|
|[1231_受講者状況](https://wiki.jbdcl.com/63e0960d922bc9d167bd84bb)|2025/10/19 02:50|田渕 達也|
|[10.棚卸未実施一覧](https://wiki.jbdcl.com/655c272828cf0e07df5e3b75)|2025/10/20 01:30|田渕 達也|
|[11.棚卸管理シール貼付け未実施一覧](https://wiki.jbdcl.com/66976f629ff03c06b09395f5)|2025/10/19 01:40|田渕 達也|
|[1260_開発サーバー](https://wiki.jbdcl.com/66c6abb29ff03c06b0d2df54)|2025/10/19 01:50|田渕 達也|
|[Windows10PC一覧](https://wiki.jbdcl.com/6556ba1528cf0e07df5aec55)|2025/10/20 01:20|田渕 達也|
|[3-09_(())でmapを利用する](https://wiki.jbdcl.com/68da13729ff03c06b055842e)|2025/10/16 10:53|隈部 摩耶|
|[3-10_スタイルについて](https://wiki.jbdcl.com/68f04faf9ff03c06b078926f)|2025/10/16 10:53|隈部 摩耶|
|[Cronを秒間隔で実行する場合のcron式について](https://wiki.jbdcl.com/68de38ed9ff03c06b065554c)|2025/10/16 05:17|大木 圭|
|[zScalerなどクラウドプロクシーを使用するにおいてブラウザ設定の注意点](https://wiki.jbdcl.com/68f09ed79ff03c06b079dcf3)|2025/10/16 05:05|大木 圭|
|[DB設計](https://wiki.jbdcl.com/671851e69ff03c06b039fc25)|2025/10/14 04:45|石井 教観|
|[タスク](https://wiki.jbdcl.com/67a5baee9ff03c06b0c6212b)|2025/10/16 04:56|石井 教観|
|[要約](https://wiki.jbdcl.com/67a9afe39ff03c06b0c841f2)|2025/10/14 11:14|石井 教観|
|[議事録](https://wiki.jbdcl.com/67a9b40d9ff03c06b0c853e0)|2025/10/14 11:15|石井 教観|
|[議事録テンプレート](https://wiki.jbdcl.com/67eb6c519ff03c06b0fdaf18)|2025/10/15 02:52|石井 教観|
|[DB設計](https://wiki.jbdcl.com/67907b639ff03c06b0a84f4d)|2025/10/14 09:39|石井 教観|
|[分析処理設計](https://wiki.jbdcl.com/67a061dd9ff03c06b0bb3ab2)|2025/10/15 02:46|石井 教観|
|[S21_タスク詳細画面](https://wiki.jbdcl.com/679354609ff03c06b0ad0d8f)|2025/10/15 04:51|石井 教観|
|[20251006-1012](https://wiki.jbdcl.com/68e306599ff03c06b0682572)|2025/10/14 08:40|石井 教観|
|[20251013-1019](https://wiki.jbdcl.com/68edca1b9ff03c06b074c2e7)|2025/10/17 02:26|石井 教観|
|[20251026_IT学習の基本](https://wiki.jbdcl.com/68f19bd89ff03c06b07b36b2)|2025/10/17 05:20|武田 宏喜|
|[誰にでもわかるEVM](https://wiki.jbdcl.com/68ef1e769ff03c06b076c817)|2025/10/15 02:37|青山 謙二|
|[2Z020910_レビュー観点](https://wiki.jbdcl.com/66308f869ff03c06b016222a)|2025/10/15 12:58|青山 謙二|
|[06_1_reCAPTCHA（リキャプチャ）導入](https://wiki.jbdcl.com/68d0b9349ff03c06b045c09e)|2025/10/15 07:06|藤本 力|
|[22_外部システムについて](https://wiki.jbdcl.com/68ef5efe9ff03c06b077b555)|2025/10/15 06:18|藤本 力|
|[90_トラブル対応](https://wiki.jbdcl.com/6631e38a9ff03c06b017ef34)|2025/10/16 05:23|藤本 力|
|[高等部推薦入試](https://wiki.jbdcl.com/68f0a8189ff03c06b07a1590)|2025/10/17 05:49|森田 綾乃|
|[JBD基盤チャットポット利用状況](https://wiki.jbdcl.com/68a54d229ff03c06b0fb39ce)|2025/10/19 05:30|田渕 達也|
|[ランキングページ](https://wiki.jbdcl.com/63a10a4eb5e7e15fd789a29d)|2025/10/19 02:00|田渕 達也|
"
1,k-oota,"@channel 

### 【2025年1月1日以降入社の方】年末調整マイページ発行のお知らせ


オフィスステーションより「マイページ発行のお知らせ」が
JBDメール及び個人メール（ご連絡頂いた方）宛に届きます。

****
必ずログインし、パスワードの変更をお願いいたします。
※年末調整申告開始日（10月27日）までにログインできるか確認をお願いいたします

**ログインIDは社員番号、ログインパスワードは生年月日(8桁)になります。**

****"
1,a-miyabayashi,"### ANKER製　スピーカー回収の件

@channel 
お疲れ様です。
ANKER製のモバイルバッテリーやスピーカーについて、電池セルの製造過程で
不備があったことが判明し、自主回収の実施をすることになっております。

いくつかの事業所で、下記スピーカーを利用しているかと思いますので
まずは回収対象かどうかの確認をお願い致します。

` Anker PowerConf S500   品番：A3305`

https://www.ankerjapan.com/pages/202510-support?srsltid=AfmBOoqS0wcFI5HB7AuwKPqlYFR9kV95a6AQxIpWusC7vC2YUlw07E0P

→該当のサイトでシリアルナンバーから、対象かどうかをチェックしてくれますので
　ご確認の程よろしくお願い致します。


|拠点|回収台数|
|-|-|
|東京本社|1|
|五反田|1|
|大阪本社|0|

お手すきの際に確認のうえ、ご返信いただくようお願いいたします。
"
0,ry-hanada,"@a-miyabayashi 
池袋は「power conf s3」 でシリアルが「AR2LF92D50302563」対象外でした。"
0,honnma,"@a-miyabayashi 
馬場にはAnker製のスピーカーはありません。"
0,wa-teraoka,"@a-miyabayashi さん
大阪本社は寺岡が確認して報告します！！！"
0,k-maeda,"@a-miyabayashi さん
京橋事業所確認後、報告いたします。"
0,k-maeda,"@a-miyabayashi さん
京橋事業所
応接室、会議室、オフィス確認しましたがAnker製の製品はありませんでした。"
0,onoda,"@wa-teraoka 
大阪の第3会議室、対象です。"
0,r-asanoma,"@a-miyabayashi  さん
AICには対象のスピーカーはありませんでした。"
0,y-tomizawa,"@a-miyabayashi さん
恵比寿にAnker製のスピーカーはありませんでした。"
0,t-takata,"@a-miyabayashi さん
名古屋事業所
応接室、会議室を確認いたしましたが、対象のスピーカーはありませんでした。
(Anker製のスピーカーはありましたが品番：A3302を使用)"
0,wa-teraoka,"@onoda 事業部長
ご連携ありがとうございます。
大阪本社は現状第3会議室の1機のみになります。
宮林さんには連携済みで、回収等の詳細を後日共有いただく見込みです。
@a-miyabayashi さん
詳細わかり次第ご共有をお願いいたします。"
0,morita,"@a-miyabayashi 

大阪本社のスピーカーですが、シリアル入力したところ、回収対象外でした。
"
0,a-miyabayashi,"@channel 
お疲れ様です。
回収対象となった事業所につきましては、個別に対応をお願いしております。
ご確認いただき、ありがとうございました。"
0,mattermost,"
## JBDナレッジの更新情報 :pencil: 

* 下記のページが１週間以内に更新されています。



　

|ページ|更新日|更新者|
|-|-|
|[1109_認定証・許可証](https://wiki.jbdcl.com/65769e5528cf0e07df6d4931)|2025/10/20 02:33|渡辺 唯子|
|[製品版ウイルスバスター_サポート切れの対応](https://wiki.jbdcl.com/68fb1a959ff03c06b087abba)|2025/10/24 03:27|冨澤 裕喜|
|[製品版ウイルスバスター未実施者リスト](https://wiki.jbdcl.com/68fb1ec39ff03c06b087c18a)|2025/10/24 09:03|冨澤 裕喜|
|[Office2016導入PC](https://wiki.jbdcl.com/65546c2028cf0e07df594ccf)|2025/10/27 01:10|田渕 達也|
|[1201_開発戦略本部からのお願い](https://wiki.jbdcl.com/655afc2c28cf0e07df5d900a)|2025/10/24 09:26|冨澤 裕喜|
|[パスワード変更_未実施者](https://wiki.jbdcl.com/66e90c1b9ff03c06b0fc3a74)|2025/10/26 02:10|田渕 達也|
|[10_初回登録（初めての方）](https://wiki.jbdcl.com/68e34c519ff03c06b0694bcb)|2025/10/23 03:13|鹿島 誠一郎|
|[20_業務経歴書詳細画面](https://wiki.jbdcl.com/68f1a9889ff03c06b07b85d3)|2025/10/23 03:25|鹿島 誠一郎|
|[21_プロフィール編集](https://wiki.jbdcl.com/68f1a9ac9ff03c06b07b8751)|2025/10/23 03:16|鹿島 誠一郎|
|[22_職務経歴登録](https://wiki.jbdcl.com/68e34c5f9ff03c06b0694c3c)|2025/10/23 03:18|鹿島 誠一郎|
|[23_経歴書印刷](https://wiki.jbdcl.com/68f1a9c29ff03c06b07b87d5)|2025/10/23 03:16|鹿島 誠一郎|
|[30_エンジニア検索](https://wiki.jbdcl.com/68e34c6a9ff03c06b0694cee)|2025/10/23 03:27|鹿島 誠一郎|
|[80_FAQ](https://wiki.jbdcl.com/68e37b7a9ff03c06b06a44c7)|2025/10/20 03:02|鹿島 誠一郎|
|[90_機能改善要望](https://wiki.jbdcl.com/68ccfa439ff03c06b04259a5)|2025/10/20 07:08|馬場 孝之|
|[マニュアル](https://wiki.jbdcl.com/68ef51679ff03c06b0777003)|2025/10/20 11:08|溝渕 航大|
|[1223.社内向けチャットボットシステム](https://wiki.jbdcl.com/68be22e19ff03c06b0244a64)|2025/10/23 03:16|中谷 祐大|
|[02.チャット（新規）](https://wiki.jbdcl.com/68be236b9ff03c06b0244e83)|2025/10/23 04:37|中谷 祐大|
|[1231_受講者状況](https://wiki.jbdcl.com/63e0960d922bc9d167bd84bb)|2025/10/26 02:50|田渕 達也|
|[10.棚卸未実施一覧](https://wiki.jbdcl.com/655c272828cf0e07df5e3b75)|2025/10/27 01:30|田渕 達也|
|[11.棚卸管理シール貼付け未実施一覧](https://wiki.jbdcl.com/66976f629ff03c06b09395f5)|2025/10/26 01:40|田渕 達也|
|[1260_開発サーバー](https://wiki.jbdcl.com/66c6abb29ff03c06b0d2df54)|2025/10/26 01:50|田渕 達也|
|[Windows10PC一覧](https://wiki.jbdcl.com/6556ba1528cf0e07df5aec55)|2025/10/27 01:20|田渕 達也|
|[99.サンプルアプリ](https://wiki.jbdcl.com/68f6ebd09ff03c06b081120e)|2025/10/21 11:36|田渕 達也|
|[マークダウン関連](https://wiki.jbdcl.com/68fae1789ff03c06b0871cbe)|2025/10/24 11:16|今井 達也|
|[Marpを使ったPPT型式マークダウン資料の利用手順](https://wiki.jbdcl.com/68fae1959ff03c06b0871dc5)|2025/10/24 11:36|今井 達也|
|[タスク](https://wiki.jbdcl.com/67a5baee9ff03c06b0c6212b)|2025/10/23 10:02|石井 教観|
|[20251022](https://wiki.jbdcl.com/68f5f2069ff03c06b0800622)|2025/10/22 11:58|砂盃 梨乃|
|[AI関連開発ナレッジ](https://wiki.jbdcl.com/68fab9149ff03c06b0864d3f)|2025/10/24 09:46|今井 達也|
|[VSCode × GitHub Copilot Agentで実現する“次世代ドキュメント生成”](https://wiki.jbdcl.com/68facbc59ff03c06b086a296)|2025/10/24 09:45|今井 達也|
|[ソースから設計書落とし込みの具体的プロンプト例](https://wiki.jbdcl.com/68fab9af9ff03c06b0864fc1)|2025/10/24 08:27|今井 達也|
|[ソースコードから設計書への落とし込み](https://wiki.jbdcl.com/68fab9599ff03c06b0864e1b)|2025/10/24 08:25|今井 達也|
|[マークダウン設計書とAIの親和性](https://wiki.jbdcl.com/68fac6409ff03c06b08680a6)|2025/10/24 09:20|今井 達也|
|[単体試験仕様書作成の具体例・プロンプト](https://wiki.jbdcl.com/68fabad39ff03c06b0865296)|2025/10/24 08:33|今井 達也|
|[設計書から単体試験仕様書への落とし込み](https://wiki.jbdcl.com/68faba5b9ff03c06b0865161)|2025/10/24 08:30|今井 達也|
|[99_その他](https://wiki.jbdcl.com/68f97e899ff03c06b084b8cb)|2025/10/23 10:09|政所 侑磨|
|[10](https://wiki.jbdcl.com/68fad2959ff03c06b086d897)|2025/10/24 10:15|砂盃 梨乃|
|[画面イメージ](https://wiki.jbdcl.com/68f598cd9ff03c06b07eb4cd)|2025/10/24 05:49|淺野間 龍児|
|[20250930-1005](https://wiki.jbdcl.com/68de0cd89ff03c06b0641fcf)|2025/10/23 08:19|石井 教観|
|[20251006-1012](https://wiki.jbdcl.com/68e306599ff03c06b0682572)|2025/10/23 08:19|石井 教観|
|[20251020-1026](https://wiki.jbdcl.com/68f965119ff03c06b084766c)|2025/10/23 08:20|石井 教観|
|[20251031_](https://wiki.jbdcl.com/68fb3e149ff03c06b088ecb2)|2025/10/24 05:51|加藤 孝哉|
|[帳票の一覧](https://wiki.jbdcl.com/68f96ea09ff03c06b084825c)|2025/10/23 08:54|若林 晃|
|[封筒書](https://wiki.jbdcl.com/68f96ebb9ff03c06b084835d)|2025/10/23 08:54|若林 晃|
|[試験実施調査書](https://wiki.jbdcl.com/68f96eb59ff03c06b084831a)|2025/10/23 08:54|若林 晃|
|[年間行事予定](https://wiki.jbdcl.com/68f96e839ff03c06b084815b)|2025/10/23 08:53|若林 晃|
|[成績評価](https://wiki.jbdcl.com/68da1e779ff03c06b055fb20)|2025/10/24 01:25|金山 周平|
|[JBD基盤チャットポット利用状況](https://wiki.jbdcl.com/68a54d229ff03c06b0fb39ce)|2025/10/26 05:30|田渕 達也|
|[ランキングページ](https://wiki.jbdcl.com/63a10a4eb5e7e15fd789a29d)|2025/10/26 02:00|田渕 達也|
"
1,k-oota,"@channel 

### 年末調整の申告をお願いいたします

オフィスステーションより「年末調整のご案内」が届きます。
下記期日までに、申告をお願いいたします。
##### （注）保険料控除証明書等の原本も提出必須です


#### 【提出期日】
#### 2025年11月20日（木）
　　
#### 【提出方法】
●年末調整の申告　　　：オフィスステーション

●控除証明書等の原本　：経営管理本部（東京・大阪）まで
　　　　　　　　　　　　※名古屋の方につきましては、大阪本社まで（社内便または返信用封筒）

【提出が必要な原本】

| 対象者 | 提出が必要な書類 |
| --- | --- |
| １.保険料・小規模企業共済掛金等の控除を受ける方 | ■控除証明書の原本（コピー不可）   ※但し国民健康保険料は控除証明書が発行されないので提出は不要です。 |
| ２.当年中に入社した方で、当年中に「前職」の収入がある方 | ■前職の源泉徴収票   ※すべての源泉徴収票の原本を提出しないと、年末調整はできません。 |
| ３.住宅ローン控除を受ける方 | ■住宅ローンの残高証明書 |
| 　 | ■住宅借入金等特別控除申告書 |
| 　 | ＜住宅ローンを借り換えている場合＞ |
| 　 | ■借り換えた時点の、前ローンの残高金額が記載されている書類 |
| 　 | ＜単身赴任等で本人は非居住でも家族が居住している場合＞ |
| 　 | ■家族が居住していることを証明するための、住民票のコピー |
"
0,ry-hanada,"@k-oota 
基本的なことを聞いてすみません。

新人メンバーの場合、1月から３月でバイトなどの収入がある場合はどうすれば宜しいでしょうか。"
0,k-takeda,"@ry-hanada 
すいません、たぶんですが就職前のアルバイト先で源泉徴収票を受け取っているはずですので、その源泉徴収票を会社に提出して年末調整に含めてもらう必要ありかなと。
https://biz.moneyforward.com/payroll/basic/51503/"
0,ya-takagi,@ry-hanada 紛失したときはアルバイト先に再発行依頼をしてください。
1,mattermost,"## 社内ポータル 年末調整 追加

* 社内ポータルに年末調整を追加しました。
* メールにて配信されたURLを社内ポータルで確認できるようになりました。
* 提出期限が`2025年11月20日（木）`ですので、期限までにご対応をお願い致します。

https://chat.jbdcl.com/jbd/pl/99hagswj77ne587xdfycrni8ke"
1,y-tomizawa,"@all 

## アカウントの棚卸(JBD基盤のパスワード変更)

* アカウントの棚卸期限が明日(10/31)までです。
* まだ実施完了していない方がおります。
* 明日までに実施していただかないと、JBD基盤、ドメインアカウント等が利用できなくなります。
* 至急実施をお願い致します。
* 未実施者リストは[WIKI](https://wiki.jbdcl.com/66e90c1b9ff03c06b0fc3a74)に記載しております。

https://chat.jbdcl.com/all/pl/zx17s5hbp3b6zbr54qdy55xner"
0,mattermost,"
## JBDナレッジの更新情報 :pencil: 

* 下記のページが１週間以内に更新されています。



　

|ページ|更新日|更新者|
|-|-|
|[製品版ウイルスバスター_サポート切れの対応](https://wiki.jbdcl.com/68fb1a959ff03c06b087abba)|2025/10/31 05:59|冨澤 裕喜|
|[製品版ウイルスバスター未実施者リスト](https://wiki.jbdcl.com/68fb1ec39ff03c06b087c18a)|2025/11/02 02:20|田渕 達也|
|[Office2016導入PC](https://wiki.jbdcl.com/65546c2028cf0e07df594ccf)|2025/11/03 01:10|田渕 達也|
|[1201_開発戦略本部からのお願い](https://wiki.jbdcl.com/655afc2c28cf0e07df5d900a)|2025/10/27 10:01|冨澤 裕喜|
|[パスワード変更_未実施者](https://wiki.jbdcl.com/66e90c1b9ff03c06b0fc3a74)|2025/11/02 02:10|田渕 達也|
|[1223.社内向けチャットボットシステム](https://wiki.jbdcl.com/68be22e19ff03c06b0244a64)|2025/10/27 09:44|中谷 祐大|
|[1230_社内教育](https://wiki.jbdcl.com/63be6e602569e8f7a4379090)|2025/10/29 02:18|冨澤 裕喜|
|[1231_受講者状況](https://wiki.jbdcl.com/63e0960d922bc9d167bd84bb)|2025/11/02 02:50|田渕 達也|
|[05_利用状況](https://wiki.jbdcl.com/68fec8ca9ff03c06b08ac23a)|2025/10/27 10:22|金澤 誠之|
|[10.棚卸未実施一覧](https://wiki.jbdcl.com/655c272828cf0e07df5e3b75)|2025/11/03 01:30|田渕 達也|
|[11.棚卸管理シール貼付け未実施一覧](https://wiki.jbdcl.com/66976f629ff03c06b09395f5)|2025/11/02 01:40|田渕 達也|
|[1260_開発サーバー](https://wiki.jbdcl.com/66c6abb29ff03c06b0d2df54)|2025/11/02 01:50|田渕 達也|
|[Windows10PC一覧](https://wiki.jbdcl.com/6556ba1528cf0e07df5aec55)|2025/11/03 01:20|田渕 達也|
|[20251101 47期親睦旅行](https://wiki.jbdcl.com/6906f06c9ff03c06b096f414)|2025/11/02 09:14|田渕 達也|
|[99.サンプルアプリ](https://wiki.jbdcl.com/69000b859ff03c06b08ccc79)|2025/10/28 09:17|田渕 達也|
|[IM-BIS](https://wiki.jbdcl.com/69000bac9ff03c06b08cce70)|2025/10/28 04:11|下村 成生|
|[IM-BIS 経費承認伺書](https://wiki.jbdcl.com/690023aa9ff03c06b08d35c9)|2025/10/29 04:42|下村 成生|
|[1. ロール設定](https://wiki.jbdcl.com/6900241a9ff03c06b08d3913)|2025/10/28 05:29|下村 成生|
|[2. IM-BIS作成](https://wiki.jbdcl.com/69002d7e9ff03c06b08d5ebd)|2025/10/30 02:55|下村 成生|
|[3. 画面作成：IM-FormaDesigner](https://wiki.jbdcl.com/69004e639ff03c06b08db411)|2025/10/30 04:10|下村 成生|
|[4. 動作確認](https://wiki.jbdcl.com/6901c51f9ff03c06b0909c35)|2025/10/31 10:49|下村 成生|
|[利用方法（指摘項目を作成・管理する）](https://wiki.jbdcl.com/6889df879ff03c06b0d36f1e)|2025/10/30 01:32|長命 海|
|[10](https://wiki.jbdcl.com/68fad2959ff03c06b086d897)|2025/10/28 02:29|砂盃 梨乃|
|[議事録](https://wiki.jbdcl.com/69007bc69ff03c06b08e593b)|2025/10/28 05:16|砂盃 梨乃|
|[ER図](https://wiki.jbdcl.com/68e457bf9ff03c06b06ac9bc)|2025/10/30 03:42|海野 亮|
|[画面イメージ_検討素材](https://wiki.jbdcl.com/68f598cd9ff03c06b07eb4cd)|2025/10/28 05:05|淺野間 龍児|
|[画面設計書_202510](https://wiki.jbdcl.com/690079e99ff03c06b08e486a)|2025/10/30 06:12|淺野間 龍児|
|[20251020-1026のAI最新情報](https://wiki.jbdcl.com/68f965119ff03c06b084766c)|2025/10/27 09:33|石井 教観|
|[20251027-1102のAI最新情報](https://wiki.jbdcl.com/6902ba2b9ff03c06b091be81)|2025/10/30 10:11|石井 教観|
|[連絡事項](https://wiki.jbdcl.com/66b096499ff03c06b0bb8fa3)|2025/10/28 05:20|中島 健一|
|[200_年間予定](https://wiki.jbdcl.com/686b4e719ff03c06b087a85a)|2025/10/29 06:01|大和田 啓吾|
|[2025年10月(武田)](https://wiki.jbdcl.com/690196cc9ff03c06b0900d24)|2025/10/30 05:04|武田 宏喜|
|[46期_20251028](https://wiki.jbdcl.com/690093e19ff03c06b08edea7)|2025/10/28 08:30|花田 亮太|
|[2Z02020410_MyBatisとMapper](https://wiki.jbdcl.com/68febd509ff03c06b08a54fe)|2025/10/29 02:58|藤﨑 理帆|
|[帳票の一覧](https://wiki.jbdcl.com/68f96ea09ff03c06b084825c)|2025/10/28 01:00|若林 晃|
|[大阪万博のTips](https://wiki.jbdcl.com/6826a9c79ff03c06b02ebef0)|2025/10/29 10:44|馬場 健司|
|[JBD基盤チャットポット利用状況](https://wiki.jbdcl.com/68a54d229ff03c06b0fb39ce)|2025/11/02 05:30|田渕 達也|
|[ランキングページ](https://wiki.jbdcl.com/63a10a4eb5e7e15fd789a29d)|2025/11/02 02:00|田渕 達也|
"
1,mattermost,"@channel 

### 集合写真

* 親睦旅行お疲れ様でした。
* 集合写真を　[20251101 47期親睦旅行](https://wiki.jbdcl.com/6906f06c9ff03c06b096f414) にアップしました。
"
0,fukagawa,"@channel 
　親睦旅行のしおり、写真を以下にUPしました。
　お手持ちの写真があれば該当の場所にUPしてください。"
0,mattermost,"
## JBDナレッジの更新情報 :pencil: 

* 下記のページが１週間以内に更新されています。



　

|ページ|更新日|更新者|
|-|-|
|[製品版ウイルスバスター_サポート切れの対応](https://wiki.jbdcl.com/68fb1a959ff03c06b087abba)|2025/10/31 05:59|冨澤 裕喜|
|[製品版ウイルスバスター未実施者リスト](https://wiki.jbdcl.com/68fb1ec39ff03c06b087c18a)|2025/11/04 02:20|田渕 達也|
|[Office2016導入PC](https://wiki.jbdcl.com/65546c2028cf0e07df594ccf)|2025/11/05 01:10|田渕 達也|
|[パスワード変更_未実施者](https://wiki.jbdcl.com/66e90c1b9ff03c06b0fc3a74)|2025/11/04 02:10|田渕 達也|
|[1230_社内教育](https://wiki.jbdcl.com/63be6e602569e8f7a4379090)|2025/10/29 02:18|冨澤 裕喜|
|[1231_受講者状況](https://wiki.jbdcl.com/63e0960d922bc9d167bd84bb)|2025/11/05 02:50|田渕 達也|
|[10.棚卸未実施一覧](https://wiki.jbdcl.com/655c272828cf0e07df5e3b75)|2025/11/05 01:30|田渕 達也|
|[11.棚卸管理シール貼付け未実施一覧](https://wiki.jbdcl.com/66976f629ff03c06b09395f5)|2025/11/04 01:40|田渕 達也|
|[1260_開発サーバー](https://wiki.jbdcl.com/66c6abb29ff03c06b0d2df54)|2025/11/04 01:50|田渕 達也|
|[Windows10PC一覧](https://wiki.jbdcl.com/6556ba1528cf0e07df5aec55)|2025/11/05 01:20|田渕 達也|
|[1950_リクリエーション](https://wiki.jbdcl.com/69096a9f9ff03c06b0990ae3)|2025/11/04 11:53|深川 憲一|
|[1951_47期親睦旅行](https://wiki.jbdcl.com/69096ad19ff03c06b0990e65)|2025/11/04 12:20|深川 憲一|
|[写真](https://wiki.jbdcl.com/69096b0d9ff03c06b0990ebc)|2025/11/04 12:16|深川 憲一|
|[スナップ写真](https://wiki.jbdcl.com/69096ca39ff03c06b0991d0c)|2025/11/04 06:05|寺岡 渉|
|[集合写真](https://wiki.jbdcl.com/6906f06c9ff03c06b096f414)|2025/11/04 12:54|深川 憲一|
|[IM-BIS 経費承認伺書](https://wiki.jbdcl.com/690023aa9ff03c06b08d35c9)|2025/10/29 04:42|下村 成生|
|[2. IM-BIS作成](https://wiki.jbdcl.com/69002d7e9ff03c06b08d5ebd)|2025/10/30 02:55|下村 成生|
|[3. 画面作成：IM-FormaDesigner](https://wiki.jbdcl.com/69004e639ff03c06b08db411)|2025/10/30 04:10|下村 成生|
|[4. 動作確認](https://wiki.jbdcl.com/6901c51f9ff03c06b0909c35)|2025/10/31 10:49|下村 成生|
|[OS上で使用するコマンド](https://wiki.jbdcl.com/690969669ff03c06b099038a)|2025/11/04 07:19|花田 亮太|
|[利用方法（指摘項目を作成・管理する）](https://wiki.jbdcl.com/6889df879ff03c06b0d36f1e)|2025/10/30 01:32|長命 海|
|[ER図](https://wiki.jbdcl.com/68e457bf9ff03c06b06ac9bc)|2025/10/30 03:42|海野 亮|
|[画面設計書_202510](https://wiki.jbdcl.com/690079e99ff03c06b08e486a)|2025/10/30 06:12|淺野間 龍児|
|[20251027-1102のAI最新情報](https://wiki.jbdcl.com/6902ba2b9ff03c06b091be81)|2025/10/30 10:11|石井 教観|
|[200_年間予定](https://wiki.jbdcl.com/686b4e719ff03c06b087a85a)|2025/11/04 11:05|山本 浩司|
|[2025年10月(武田)](https://wiki.jbdcl.com/690196cc9ff03c06b0900d24)|2025/10/30 05:04|武田 宏喜|
|[2Z02020410_MyBatisとMapper](https://wiki.jbdcl.com/68febd509ff03c06b08a54fe)|2025/10/29 02:58|藤﨑 理帆|
|[大阪万博のTips](https://wiki.jbdcl.com/6826a9c79ff03c06b02ebef0)|2025/10/29 10:44|馬場 健司|
|[JBD基盤チャットポット利用状況](https://wiki.jbdcl.com/68a54d229ff03c06b0fb39ce)|2025/11/04 05:30|田渕 達也|
|[ランキングページ](https://wiki.jbdcl.com/63a10a4eb5e7e15fd789a29d)|2025/11/04 02:00|田渕 達也|
"
0,ry-hanada,"@here  
池袋事業所はJBDMEET接続不良が発生しています。
他の事業所も同様の事象が発生しているかもしれません。
"
0,ry-hanada,"@here 
JBDMEET接続不良は森田さんにサーバ再起動していただき、接続確認も出来ました。"
0,mattermost,"
## JBDナレッジの更新情報 :pencil: 

* 下記のページが１週間以内に更新されています。



　

|ページ|更新日|更新者|
|-|-|
|[製品版ウイルスバスター未実施者リスト](https://wiki.jbdcl.com/68fb1ec39ff03c06b087c18a)|2025/11/09 02:20|田渕 達也|
|[Office2016導入PC](https://wiki.jbdcl.com/65546c2028cf0e07df594ccf)|2025/11/10 01:10|田渕 達也|
|[パスワード変更_未実施者](https://wiki.jbdcl.com/66e90c1b9ff03c06b0fc3a74)|2025/11/09 02:10|田渕 達也|
|[1231_受講者状況](https://wiki.jbdcl.com/63e0960d922bc9d167bd84bb)|2025/11/09 02:50|田渕 達也|
|[10.棚卸未実施一覧](https://wiki.jbdcl.com/655c272828cf0e07df5e3b75)|2025/11/10 01:30|田渕 達也|
|[11.棚卸管理シール貼付け未実施一覧](https://wiki.jbdcl.com/66976f629ff03c06b09395f5)|2025/11/09 01:40|田渕 達也|
|[1260_開発サーバー](https://wiki.jbdcl.com/66c6abb29ff03c06b0d2df54)|2025/11/09 01:50|田渕 達也|
|[Windows10PC一覧](https://wiki.jbdcl.com/6556ba1528cf0e07df5aec55)|2025/11/10 01:20|田渕 達也|
|[1950_リクリエーション](https://wiki.jbdcl.com/69096a9f9ff03c06b0990ae3)|2025/11/04 11:53|深川 憲一|
|[1951_47期親睦旅行](https://wiki.jbdcl.com/69096ad19ff03c06b0990e65)|2025/11/05 10:48|深川 憲一|
|[写真](https://wiki.jbdcl.com/69096b0d9ff03c06b0990ebc)|2025/11/04 12:16|深川 憲一|
|[スナップ写真](https://wiki.jbdcl.com/69096ca39ff03c06b0991d0c)|2025/11/05 08:54|寺岡 渉|
|[集合写真](https://wiki.jbdcl.com/6906f06c9ff03c06b096f414)|2025/11/06 10:31|田渕 達也|
|[OS上で使用するコマンド](https://wiki.jbdcl.com/690969669ff03c06b099038a)|2025/11/04 07:19|花田 亮太|
|[31_レビュー対象設計書の想定様式](https://wiki.jbdcl.com/690da6c39ff03c06b0a4e467)|2025/11/07 05:55|石井 教観|
|[タスク](https://wiki.jbdcl.com/67a5baee9ff03c06b0c6212b)|2025/11/06 01:29|石井 教観|
|[ユーティリティ](https://wiki.jbdcl.com/67986d9d9ff03c06b0b19da8)|2025/11/06 01:30|石井 教観|
|[議事録](https://wiki.jbdcl.com/67a9b40d9ff03c06b0c853e0)|2025/11/06 01:30|石井 教観|
|[12_結合環境](https://wiki.jbdcl.com/68dccae79ff03c06b060fe6d)|2025/11/07 10:17|政所 侑磨|
|[13_本番環境](https://wiki.jbdcl.com/68cc9e9b9ff03c06b04080f9)|2025/11/06 05:17|政所 侑磨|
|[99_その他](https://wiki.jbdcl.com/68f97e899ff03c06b084b8cb)|2025/11/07 11:53|政所 侑磨|
|[ER図](https://wiki.jbdcl.com/68e457bf9ff03c06b06ac9bc)|2025/11/07 11:11|海野 亮|
|[ユーザーストーリーマップ（下期）](https://wiki.jbdcl.com/690d5f599ff03c06b0a4085a)|2025/11/07 04:57|淺野間 龍児|
|[想定ユーザ像（ペルソナ）](https://wiki.jbdcl.com/690af66f9ff03c06b09edf6c)|2025/11/07 07:06|淺野間 龍児|
|[画面設計書_202510](https://wiki.jbdcl.com/690079e99ff03c06b08e486a)|2025/11/07 11:38|淺野間 龍児|
|[200_年間予定](https://wiki.jbdcl.com/686b4e719ff03c06b087a85a)|2025/11/04 11:05|山本 浩司|
|[20251107_FTP通信時のパッシブモード](https://wiki.jbdcl.com/690d7f419ff03c06b0a46027)|2025/11/07 03:07|長命 海|
|[2025年11月(大江)](https://wiki.jbdcl.com/690b01df9ff03c06b09f1129)|2025/11/05 04:51|大江 希|
|[SSMS（SQL Server Management Studio） 権限について（藤本）](https://wiki.jbdcl.com/690ae40a9ff03c06b09e48d2)|2025/11/05 02:43|藤本 正貫|
|[誰にでもわかるEVM](https://wiki.jbdcl.com/68ef1e769ff03c06b076c817)|2025/11/05 06:50|青山 謙二|
|[20251107開催（10月度分）](https://wiki.jbdcl.com/690c28d69ff03c06b0a17ca8)|2025/11/06 02:44|横島 瞳|
|[21_保守関連](https://wiki.jbdcl.com/6811e3559ff03c06b0217116)|2025/11/05 06:34|藤本 力|
|[JBD基盤チャットポット利用状況](https://wiki.jbdcl.com/68a54d229ff03c06b0fb39ce)|2025/11/09 05:30|田渕 達也|
|[ランキングページ](https://wiki.jbdcl.com/63a10a4eb5e7e15fd789a29d)|2025/11/09 02:00|田渕 達也|
"
1,a-miyabayashi,"@channel 
お疲れ様です。
#### 【東京】年末調整の提出書類回収について

お疲れ様です。宮林です。
オフィスステーションより「年末調整のご案内」が届いているかと思います。
保険料控除証明書等の原本の提出が必須となります。

【提出期日】
2025年11月20日（木）

なお、同日に巡回を行いますので各事業所におかれましては、
**『秋葉原行きBOX』**へご提出をお願いいたします。

よろしくお願いいたします。"
1,k-oota,"@channel 

### 年末調整提出期限について

提出期限が明日までとなります。
未提出の方は、ご対応の程よろしくお願いいたします。

#### 【提出期限】
#### 2025年11月20日（木）"
1,wa-teraoka,"# 【47期社員表彰】ご投票ありがとうございました #
@channel 
各位
お疲れ様です。人事の寺岡です。

そして本日をもちまして、
***47期 推し社員表彰の投票受付は終了となりました***????
多くの温かいお声をお寄せいただき、心より御礼申し上げます。

皆さまの「メンバーの良いところを伝えたい」という思いが大きな後押しとなり、
今年は昨年を上回るほど多くの投票が寄せられました。本当にありがとうございます????

ただシステムの仕様上、***本日中であればまだ投票は可能***でございます！
投票しそびれた方は最後のこの機会にご投票をお願いいたします。

結果につきましては、12月1日（月）に速報としてお知らせ予定です。
また、例年通り ***各地区の忘年会にて表彰*** :trophy: を実施いたしますので、ぜひお楽しみにしていてください。

引き続きよろしくお願いいたします。 "
0,mattermost,"
## JBDナレッジの更新情報 :pencil: 

* 下記のページが１週間以内に更新されています。



　

|ページ|更新日|更新者|
|-|-|
|[1102_各種申請書](https://wiki.jbdcl.com/63b689017c45329c2d299c61)|2025/11/17 05:29|宮林 歩未|
|[製品版ウイルスバスター未実施者リスト](https://wiki.jbdcl.com/68fb1ec39ff03c06b087c18a)|2025/11/23 02:20|田渕 達也|
|[Office2016導入PC](https://wiki.jbdcl.com/65546c2028cf0e07df594ccf)|2025/11/24 01:10|田渕 達也|
|[1201_開発戦略本部からのお願い](https://wiki.jbdcl.com/655afc2c28cf0e07df5d900a)|2025/11/21 05:26|冨澤 裕喜|
|[パスワード変更_未実施者](https://wiki.jbdcl.com/66e90c1b9ff03c06b0fc3a74)|2025/11/23 02:10|田渕 達也|
|[1231_受講者状況](https://wiki.jbdcl.com/63e0960d922bc9d167bd84bb)|2025/11/23 02:50|田渕 達也|
|[05_利用状況](https://wiki.jbdcl.com/68fec8ca9ff03c06b08ac23a)|2025/11/21 02:59|金澤 誠之|
|[10.棚卸未実施一覧](https://wiki.jbdcl.com/655c272828cf0e07df5e3b75)|2025/11/24 01:30|田渕 達也|
|[11.棚卸管理シール貼付け未実施一覧](https://wiki.jbdcl.com/66976f629ff03c06b09395f5)|2025/11/23 01:40|田渕 達也|
|[1260_開発サーバー](https://wiki.jbdcl.com/66c6abb29ff03c06b0d2df54)|2025/11/23 01:50|田渕 達也|
|[Windows10PC一覧](https://wiki.jbdcl.com/6556ba1528cf0e07df5aec55)|2025/11/24 01:20|田渕 達也|
|[20251119](https://wiki.jbdcl.com/691a7e1b9ff03c06b0af05bd)|2025/11/18 06:41|砂盃 梨乃|
|[11](https://wiki.jbdcl.com/691feded9ff03c06b0b2ce1c)|2025/11/21 01:43|砂盃 梨乃|
|[20251110-1116のAI最新情報](https://wiki.jbdcl.com/691a5a429ff03c06b0aeb85c)|2025/11/17 09:17|石井 教観|
|[20251117-1123のAI最新情報](https://wiki.jbdcl.com/691fc4d09ff03c06b0b2a080)|2025/11/21 10:50|石井 教観|
|[200_年間予定](https://wiki.jbdcl.com/686b4e719ff03c06b087a85a)|2025/11/18 05:13|二瓶 容一|
|[2025年11月(叶)_Java8以降の機能](https://wiki.jbdcl.com/691ab7fe9ff03c06b0af413c)|2025/11/17 05:24|叶 怜央|
|[JBD基盤チャットポット利用状況](https://wiki.jbdcl.com/68a54d229ff03c06b0fb39ce)|2025/11/23 05:30|田渕 達也|
|[ランキングページ](https://wiki.jbdcl.com/63a10a4eb5e7e15fd789a29d)|2025/11/23 02:00|田渕 達也|
"
0,kawashima,"@channel 

お疲れ様です。
現在、Jbdnmgにアクセス出来ないと連絡が来ております。
ご迷惑おかけしますが、復旧しましたら連絡いたしますので、暫くお待ちください。"
0,daimo,"@kawashima 
おはようございます。
zaionにもつながらない気がします。"
0,mattermost,"
## JBDナレッジの更新情報 :pencil: 

* 下記のページが１週間以内に更新されています。



　

|ページ|更新日|更新者|
|-|-|
|[製品版ウイルスバスター未実施者リスト](https://wiki.jbdcl.com/68fb1ec39ff03c06b087c18a)|2025/11/30 02:20|田渕 達也|
|[Office2016導入PC](https://wiki.jbdcl.com/65546c2028cf0e07df594ccf)|2025/12/01 01:10|田渕 達也|
|[パスワード変更_未実施者](https://wiki.jbdcl.com/66e90c1b9ff03c06b0fc3a74)|2025/11/30 02:10|田渕 達也|
|[1231_受講者状況](https://wiki.jbdcl.com/63e0960d922bc9d167bd84bb)|2025/11/30 02:50|田渕 達也|
|[10.棚卸未実施一覧](https://wiki.jbdcl.com/655c272828cf0e07df5e3b75)|2025/12/01 01:30|田渕 達也|
|[11.棚卸管理シール貼付け未実施一覧](https://wiki.jbdcl.com/66976f629ff03c06b09395f5)|2025/11/30 01:40|田渕 達也|
|[1260_開発サーバー](https://wiki.jbdcl.com/66c6abb29ff03c06b0d2df54)|2025/11/30 01:50|田渕 達也|
|[Windows10PC一覧](https://wiki.jbdcl.com/6556ba1528cf0e07df5aec55)|2025/12/01 01:20|田渕 達也|
|[3-10_スタイルについて](https://wiki.jbdcl.com/68f04faf9ff03c06b078926f)|2025/11/27 03:33|隈部 摩耶|
|[3-11_XXXXXX](https://wiki.jbdcl.com/6927f0869ff03c06b0b833cd)|2025/11/27 03:32|隈部 摩耶|
|[NAT Gatewayについて](https://wiki.jbdcl.com/692921b89ff03c06b0b988ac)|2025/11/28 06:13|藤枝 竜平|
|[02_ansible構築](https://wiki.jbdcl.com/6848ccd79ff03c06b052144c)|2025/11/30 07:15|真狩 淳二|
|[2704_TIBCO EBX](https://wiki.jbdcl.com/65fbdc6a9ff03c06b0c88b2b)|2025/11/28 04:05|大関 和希|
|[MemMen](https://wiki.jbdcl.com/6928edfe9ff03c06b0b906e1)|2025/11/28 09:34|砂盃 梨乃|
|[10_社内PoC](https://wiki.jbdcl.com/6928ee199ff03c06b0b90972)|2025/11/28 09:51|砂盃 梨乃|
|[画面設計書_202510](https://wiki.jbdcl.com/690079e99ff03c06b08e486a)|2025/11/27 01:20|海野 亮|
|[20251117-1123のAI最新情報](https://wiki.jbdcl.com/691fc4d09ff03c06b0b2a080)|2025/11/26 04:19|石井 教観|
|[20251124-1130のAI最新情報](https://wiki.jbdcl.com/69291f069ff03c06b0b97721)|2025/11/28 01:06|石井 教観|
|[2025年11月(田中)](https://wiki.jbdcl.com/6926c1c89ff03c06b0b70b4e)|2025/11/28 05:18|田中 覚|
|[2025年11月(叶)_Java8以降の機能](https://wiki.jbdcl.com/691ab7fe9ff03c06b0af413c)|2025/11/28 05:21|長命 海|
|[47期_20251125](https://wiki.jbdcl.com/69257e219ff03c06b0b5826a)|2025/11/25 07:57|花田 亮太|
|[JBD基盤チャットポット利用状況](https://wiki.jbdcl.com/68a54d229ff03c06b0fb39ce)|2025/11/30 05:30|田渕 達也|
|[ランキングページ](https://wiki.jbdcl.com/63a10a4eb5e7e15fd789a29d)|2025/11/30 02:00|田渕 達也|
"
0,morita,"@all 

お疲れ様です。

```jbdmng``` 及び ```Zaion```　への接続復旧しました。
ご迷惑をおかけしました。
"
1,morita," @all 

### 【緊急メンテ】JBDMNG

JBDMNGを接続しているUPSがアラートを上げています。
別のUPSへつなぎなおすので、下記時間でJBDMNGを停止します。

##### 12/1 18:30 ～

再起動含め３０分程度を予定

ご迷惑をおかけしますが、よろしくお願いいたします。"
0,morita,"@all 

作業開始します。"
0,morita,"@all

JBDMNG 起動しました。
"
1,k-oota,"@channel 
#### 2025年度年末調整還付日及び追加徴収日のお知らせ


2025年度年末調整の還付日及び追加徴収日は下記のとおりです。
よろしくお願いいたします。

```
◆年末調整還付日　：　2025年12月23日（火）

◆年末調整追徴日　：　2026年1月9日（金）
　　　　　　　　　　　※1月9日給与にて追加徴収いたします。
```"
0,mattermost,"
## JBDナレッジの更新情報 :pencil: 

* 下記のページが１週間以内に更新されています。



　

|ページ|更新日|更新者|
|-|-|
|[製品版ウイルスバスター未実施者リスト](https://wiki.jbdcl.com/68fb1ec39ff03c06b087c18a)|2025/12/07 02:20|田渕 達也|
|[Office2016導入PC](https://wiki.jbdcl.com/65546c2028cf0e07df594ccf)|2025/12/08 01:10|田渕 達也|
|[パスワード変更_未実施者](https://wiki.jbdcl.com/66e90c1b9ff03c06b0fc3a74)|2025/12/07 02:10|田渕 達也|
|[1231_受講者状況](https://wiki.jbdcl.com/63e0960d922bc9d167bd84bb)|2025/12/07 02:50|田渕 達也|
|[11.棚卸管理シール貼付け未実施一覧](https://wiki.jbdcl.com/66976f629ff03c06b09395f5)|2025/12/07 01:40|田渕 達也|
|[1260_開発サーバー](https://wiki.jbdcl.com/66c6abb29ff03c06b0d2df54)|2025/12/07 01:50|田渕 達也|
|[Windows10PC一覧](https://wiki.jbdcl.com/6556ba1528cf0e07df5aec55)|2025/12/08 01:20|田渕 達也|
|[【番外編_01】BootStrapについて](https://wiki.jbdcl.com/6916e30d9ff03c06b0adee28)|2025/12/05 11:19|隈部 摩耶|
|[【番外編_02】BootStrapの利用例](https://wiki.jbdcl.com/6916e3f19ff03c06b0adfc97)|2025/12/05 11:18|隈部 摩耶|
|[【番外編_03】BootStrapの基本的なクラス](https://wiki.jbdcl.com/69323db79ff03c06b0c08bb6)|2025/12/05 11:06|隈部 摩耶|
|[JSON形式のレスポンスでBooleanの項目が増える](https://wiki.jbdcl.com/692fb80f9ff03c06b0be5f36)|2025/12/03 01:51|荻野 拓馬|
|[10_社内PoC](https://wiki.jbdcl.com/6928ee199ff03c06b0b90972)|2025/12/02 06:12|砂盃 梨乃|
|[20251203](https://wiki.jbdcl.com/692f815c9ff03c06b0bdf749)|2025/12/03 11:04|砂盃 梨乃|
|[13_本番環境](https://wiki.jbdcl.com/68cc9e9b9ff03c06b04080f9)|2025/12/01 10:01|政所 侑磨|
|[2F00_AI(KIRO)](https://wiki.jbdcl.com/692cfba89ff03c06b0bb54c2)|2025/12/02 09:41|田渕 達也|
|[010_導入編](https://wiki.jbdcl.com/692cfbdf9ff03c06b0bb55dc)|2025/12/01 03:00|田所 伸朗|
|[020_開発進め方](https://wiki.jbdcl.com/692cfcd19ff03c06b0bb5cc3)|2025/12/01 11:55|田渕 達也|
|[01_ LLM 活用要件定義実践ガイド](https://wiki.jbdcl.com/692d03019ff03c06b0bb8401)|2025/12/01 11:53|田渕 達也|
|[02_LLM要件定義勉強会資料](https://wiki.jbdcl.com/692d032c9ff03c06b0bb85dd)|2025/12/01 11:53|田渕 達也|
|[03_要件定義書テンプレート完全版](https://wiki.jbdcl.com/692d03679ff03c06b0bb87a0)|2025/12/01 11:54|田渕 達也|
|[030_動作サンプル](https://wiki.jbdcl.com/692cfc8a9ff03c06b0bb5a66)|2025/12/02 09:20|田渕 達也|
|[00.環境](https://wiki.jbdcl.com/693215349ff03c06b0c02347)|2025/12/05 05:53|山本 悠聖|
|[01.導入手順](https://wiki.jbdcl.com/693224339ff03c06b0c03d69)|2025/12/05 09:18|田渕 達也|
|[01.Front](https://wiki.jbdcl.com/6932244b9ff03c06b0c03ef8)|2025/12/05 09:16|田渕 達也|
|[02.BackEnd](https://wiki.jbdcl.com/6932245b9ff03c06b0c03f85)|2025/12/05 09:16|田渕 達也|
|[11.KIRO入力イメージ](https://wiki.jbdcl.com/692e34bb9ff03c06b0bd0a01)|2025/12/02 09:39|田渕 達也|
|[02.kiroの出力](https://wiki.jbdcl.com/693215509ff03c06b0c02401)|2025/12/05 08:12|田渕 達也|
|[01.requirements](https://wiki.jbdcl.com/692e30fe9ff03c06b0bcf55e)|2025/12/02 09:25|田渕 達也|
|[02.design](https://wiki.jbdcl.com/692e31409ff03c06b0bcf79a)|2025/12/02 09:25|田渕 達也|
|[03.tasks](https://wiki.jbdcl.com/692e316b9ff03c06b0bcf9ae)|2025/12/02 09:25|田渕 達也|
|[90.テスト](https://wiki.jbdcl.com/6932253d9ff03c06b0c0466c)|2025/12/05 09:20|田渕 達也|
|[040_AWS設定](https://wiki.jbdcl.com/69325b029ff03c06b0c0dcc6)|2025/12/05 01:13|田渕 達也|
|[041_AWS設定](https://wiki.jbdcl.com/693261d39ff03c06b0c10137)|2025/12/05 01:38|國實 翔詠|
|[Vision for Copilot Previewの使い方&使ってみた感想](https://wiki.jbdcl.com/692fe9d69ff03c06b0bee848)|2025/12/03 05:42|海野 亮|
|[画面設計書_202510](https://wiki.jbdcl.com/690079e99ff03c06b08e486a)|2025/12/05 06:33|淺野間 龍児|
|[20251124-1130のAI最新情報](https://wiki.jbdcl.com/69291f069ff03c06b0b97721)|2025/12/01 04:41|石井 教観|
|[事業部会議](https://wiki.jbdcl.com/660f4c7f9ff03c06b0eb48b7)|2025/12/02 08:49|柿本 貴之|
|[2025年12月(柿本)](https://wiki.jbdcl.com/692e29709ff03c06b0bce361)|2025/12/03 07:09|青山 謙二|
|[20251107開催（10月度分）](https://wiki.jbdcl.com/690c28d69ff03c06b0a17ca8)|2025/12/03 02:23|近澤 昌弘|
|[20251203開催（11月度分）](https://wiki.jbdcl.com/692fc9859ff03c06b0be87ab)|2025/12/03 02:25|近澤 昌弘|
|[05_Lambdaレイヤー作成](https://wiki.jbdcl.com/69141ab09ff03c06b0aa62dc)|2025/12/07 05:44|藤本 力|
|[06_Lambdaトリガーレイヤー設定](https://wiki.jbdcl.com/69141ac49ff03c06b0aa6320)|2025/12/07 06:02|藤本 力|
|[80_管理](https://wiki.jbdcl.com/66a1a71d9ff03c06b0a39123)|2025/12/01 04:16|安藤 翼|
|[高等部推薦入試](https://wiki.jbdcl.com/68f0a8189ff03c06b07a1590)|2025/12/02 09:36|森田 綾乃|
|[JBD基盤チャットポット利用状況](https://wiki.jbdcl.com/68a54d229ff03c06b0fb39ce)|2025/12/07 05:30|田渕 達也|
|[ランキングページ](https://wiki.jbdcl.com/63a10a4eb5e7e15fd789a29d)|2025/12/07 02:00|田渕 達也|
"
0,mattermost,"
## JBDナレッジの更新情報 :pencil: 

* 下記のページが１週間以内に更新されています。



　

|ページ|更新日|更新者|
|-|-|
|[製品版ウイルスバスター未実施者リスト](https://wiki.jbdcl.com/68fb1ec39ff03c06b087c18a)|2025/12/14 02:20|田渕 達也|
|[Office2016導入PC](https://wiki.jbdcl.com/65546c2028cf0e07df594ccf)|2025/12/15 01:10|田渕 達也|
|[パスワード変更_未実施者](https://wiki.jbdcl.com/66e90c1b9ff03c06b0fc3a74)|2025/12/14 02:10|田渕 達也|
|[1231_受講者状況](https://wiki.jbdcl.com/63e0960d922bc9d167bd84bb)|2025/12/14 02:50|田渕 達也|
|[11.棚卸管理シール貼付け未実施一覧](https://wiki.jbdcl.com/66976f629ff03c06b09395f5)|2025/12/14 01:40|田渕 達也|
|[1260_開発サーバー](https://wiki.jbdcl.com/66c6abb29ff03c06b0d2df54)|2025/12/14 01:50|田渕 達也|
|[Windows10PC一覧](https://wiki.jbdcl.com/6556ba1528cf0e07df5aec55)|2025/12/15 01:20|田渕 達也|
|[コーディングプラクティス](https://wiki.jbdcl.com/67ffb1a99ff03c06b0142138)|2025/12/09 11:02|西中 健太|
|[06_コメントは正確で簡潔に](https://wiki.jbdcl.com/68b997769ff03c06b020ba2d)|2025/12/09 10:20|西中 健太|
|[07_制御フローを読みやすくする](https://wiki.jbdcl.com/68cab84d9ff03c06b03cbe43)|2025/12/09 11:01|西中 健太|
|[08_巨大な式を分割する](https://wiki.jbdcl.com/68e3ced49ff03c06b06a9401)|2025/12/09 11:01|西中 健太|
|[010_Kiro導入編](https://wiki.jbdcl.com/692cfbdf9ff03c06b0bb55dc)|2025/12/09 04:59|前田 幹太|
|[015_開発手順](https://wiki.jbdcl.com/693630c39ff03c06b0c29ec3)|2025/12/12 09:56|山本 悠聖|
|[A.環境構築](https://wiki.jbdcl.com/693681ce9ff03c06b0c36a33)|2025/12/09 04:52|前田 幹太|
|[01_共通ルール](https://wiki.jbdcl.com/69364dfe9ff03c06b0c2e8bc)|2025/12/09 04:08|前田 幹太|
|[00_japanese-communication](https://wiki.jbdcl.com/69364cd49ff03c06b0c2dc61)|2025/12/09 04:00|前田 幹太|
|[01_document-consistency-check](https://wiki.jbdcl.com/69364d259ff03c06b0c2dee5)|2025/12/09 04:00|前田 幹太|
|[02_document-change-tracking](https://wiki.jbdcl.com/69364d739ff03c06b0c2e250)|2025/12/09 04:01|前田 幹太|
|[mermaid-guidelines](https://wiki.jbdcl.com/69364d829ff03c06b0c2e2b3)|2025/12/09 04:01|前田 幹太|
|[02_マニュアル・定義書ガイド](https://wiki.jbdcl.com/693650c59ff03c06b0c2f9c9)|2025/12/09 04:08|前田 幹太|
|[00_kiro-usage-guide](https://wiki.jbdcl.com/693650dc9ff03c06b0c2fa0b)|2025/12/09 04:03|前田 幹太|
|[01_required-steering-create](https://wiki.jbdcl.com/693650e29ff03c06b0c2fa4e)|2025/12/09 04:04|前田 幹太|
|[02_systemization-steering-create](https://wiki.jbdcl.com/693651029ff03c06b0c2fc16)|2025/12/09 04:04|前田 幹太|
|[03_technical-steering-create](https://wiki.jbdcl.com/693650e99ff03c06b0c2fa90)|2025/12/09 04:04|前田 幹太|
|[04_requirements-steering](https://wiki.jbdcl.com/693650ef9ff03c06b0c2fad2)|2025/12/09 04:05|前田 幹太|
|[B.要件定義](https://wiki.jbdcl.com/6937a11b9ff03c06b0c47980)|2025/12/12 10:14|山本 悠聖|
|[B-1.要求仕様書作成](https://wiki.jbdcl.com/693679df9ff03c06b0c34c78)|2025/12/11 04:13|山本 悠聖|
|[[要求仕様書]記入例](https://wiki.jbdcl.com/6937bdbf9ff03c06b0c4c48d)|2025/12/11 01:57|山本 悠聖|
|[B-2.システム化合意書作成](https://wiki.jbdcl.com/6937e0479ff03c06b0c57b1e)|2025/12/11 04:14|山本 悠聖|
|[[システム化合意書]記入例](https://wiki.jbdcl.com/69392a439ff03c06b0c762ae)|2025/12/11 05:48|山本 悠聖|
|[B-3.技術仕様書作成](https://wiki.jbdcl.com/6937e0519ff03c06b0c57b60)|2025/12/12 01:32|前田 幹太|
|[[技術仕様書]記入例](https://wiki.jbdcl.com/693a4e149ff03c06b0c92a2a)|2025/12/12 01:34|前田 幹太|
|[B-R.レビュー依頼](https://wiki.jbdcl.com/6936935b9ff03c06b0c3a045)|2025/12/11 04:35|山本 悠聖|
|[Z.ディレクトリ構成](https://wiki.jbdcl.com/693a14209ff03c06b0c83a7c)|2025/12/12 04:48|國實 翔詠|
|[200_インフラ要件プロンプト案](https://wiki.jbdcl.com/693a98009ff03c06b0c9d7c6)|2025/12/12 08:54|國實 翔詠|
|[201_global](https://wiki.jbdcl.com/693a98469ff03c06b0c9d90d)|2025/12/12 09:31|國實 翔詠|
|[202_company](https://wiki.jbdcl.com/693a98889ff03c06b0c9dc60)|2025/12/11 07:10|國實 翔詠|
|[203_industry_domain](https://wiki.jbdcl.com/693a98919ff03c06b0c9dca5)|2025/12/11 07:20|國實 翔詠|
|[204_project](https://wiki.jbdcl.com/693a98a29ff03c06b0c9dce8)|2025/12/11 07:10|國實 翔詠|
|[300_セキュリティ要件プロンプト案](https://wiki.jbdcl.com/693aa0929ff03c06b0c9e965)|2025/12/11 07:49|國實 翔詠|
|[301_global](https://wiki.jbdcl.com/693aa0a59ff03c06b0c9ea25)|2025/12/12 09:31|國實 翔詠|
|[921_APIGateway問題点](https://wiki.jbdcl.com/693a0ddb9ff03c06b0c81f1f)|2025/12/11 01:48|國實 翔詠|
|[999.参考資料](https://wiki.jbdcl.com/69361eef9ff03c06b0c245a7)|2025/12/08 09:43|田渕 達也|
|[０１４](https://wiki.jbdcl.com/693630ad9ff03c06b0c29e1a)|2025/12/08 10:58|山本 悠聖|
|[20251201-1207のAI最新情報](https://wiki.jbdcl.com/693622249ff03c06b0c2605d)|2025/12/08 10:00|石井 教観|
|[2025年12月(柿本)](https://wiki.jbdcl.com/692e29709ff03c06b0bce361)|2025/12/09 05:21|柿本 貴之|
|[Playwright入門](https://wiki.jbdcl.com/67c7ac889ff03c06b0e23dba)|2025/12/11 05:19|青山 謙二|
|[01.事業部会議](https://wiki.jbdcl.com/68228a7c9ff03c06b0292776)|2025/12/08 11:08|深川 憲一|
|[04_API Gateway](https://wiki.jbdcl.com/690437969ff03c06b0956029)|2025/12/11 05:46|惣司 さくら|
|[05_CloudWatch](https://wiki.jbdcl.com/693954379ff03c06b0c7d64a)|2025/12/11 05:46|惣司 さくら|
|[01_基本設計](https://wiki.jbdcl.com/669638889ff03c06b090dcdc)|2025/12/14 03:57|西尾 啓太郎|
|[JBD基盤チャットポット利用状況](https://wiki.jbdcl.com/68a54d229ff03c06b0fb39ce)|2025/12/14 05:30|田渕 達也|
|[ランキングページ](https://wiki.jbdcl.com/63a10a4eb5e7e15fd789a29d)|2025/12/14 02:00|田渕 達也|
"
1,k-oota,"@channel 
### 2025年年末調整明細書と源泉徴収票掲載のお知らせ


標記の件について、WEB給金帳にて掲載いたします。
各自ご確認いただきますよう、よろしくお願いいたします。

```
【掲載日時】

　◆ 年末調整明細書・・・2025年12月22日(月) 9:00
　　　※還付日は翌日（12月23日）です
　◆ 令和7年分源泉徴収票・・・2026年1月8日(木) 9:00
　　　　　　　　
```"
0,mattermost,"
## JBDナレッジの更新情報 :pencil: 

* 下記のページが１週間以内に更新されています。



　

|ページ|更新日|更新者|
|-|-|
|[製品版ウイルスバスター未実施者リスト](https://wiki.jbdcl.com/68fb1ec39ff03c06b087c18a)|2025/12/21 02:20|田渕 達也|
|[Office2016導入PC](https://wiki.jbdcl.com/65546c2028cf0e07df594ccf)|2025/12/22 01:10|田渕 達也|
|[1201_開発戦略本部からのお願い](https://wiki.jbdcl.com/655afc2c28cf0e07df5d900a)|2025/12/19 07:40|冨澤 裕喜|
|[パスワード変更_未実施者](https://wiki.jbdcl.com/66e90c1b9ff03c06b0fc3a74)|2025/12/21 02:10|田渕 達也|
|[1231_受講者状況](https://wiki.jbdcl.com/63e0960d922bc9d167bd84bb)|2025/12/21 02:50|田渕 達也|
|[11.棚卸管理シール貼付け未実施一覧](https://wiki.jbdcl.com/66976f629ff03c06b09395f5)|2025/12/21 01:40|田渕 達也|
|[1260_開発サーバー](https://wiki.jbdcl.com/66c6abb29ff03c06b0d2df54)|2025/12/21 01:50|田渕 達也|
|[Windows10PC一覧](https://wiki.jbdcl.com/6556ba1528cf0e07df5aec55)|2025/12/22 01:20|田渕 達也|
|[07_制御フローを読みやすくする](https://wiki.jbdcl.com/68cab84d9ff03c06b03cbe43)|2025/12/19 04:49|西中 健太|
|[App Serviceのカスタムドメイン設定方法](https://wiki.jbdcl.com/693f8ac49ff03c06b0cd495a)|2025/12/15 02:34|藤枝 竜平|
|[ITIL4ファンデーション](https://wiki.jbdcl.com/6940e9c89ff03c06b0cf0c5d)|2025/12/16 02:10|水島 優香里|
|[詳細設計での注意点](https://wiki.jbdcl.com/694279f89ff03c06b0d126c4)|2025/12/17 07:21|米多 ゆきえ|
|[1.詳細設計時の注意点](https://wiki.jbdcl.com/69427fd49ff03c06b0d156d1)|2025/12/17 07:07|米多 ゆきえ|
|[詳細設計時の注意点①](https://wiki.jbdcl.com/694279f99ff03c06b0d126fa)|2025/12/17 06:55|米多 ゆきえ|
|[詳細設計時の注意点②](https://wiki.jbdcl.com/694279f99ff03c06b0d12704)|2025/12/17 06:55|米多 ゆきえ|
|[詳細設計時の注意点③](https://wiki.jbdcl.com/694279f99ff03c06b0d126fc)|2025/12/18 09:15|米多 ゆきえ|
|[詳細設計時の注意点④](https://wiki.jbdcl.com/694279f99ff03c06b0d1270a)|2025/12/18 09:16|米多 ゆきえ|
|[詳細設計時の注意点⑤](https://wiki.jbdcl.com/694279f99ff03c06b0d126fe)|2025/12/18 09:17|米多 ゆきえ|
|[詳細設計時の注意点⑥](https://wiki.jbdcl.com/694279f99ff03c06b0d12700)|2025/12/18 09:18|米多 ゆきえ|
|[詳細設計時の注意点⑦](https://wiki.jbdcl.com/694279f99ff03c06b0d12706)|2025/12/17 06:56|米多 ゆきえ|
|[詳細設計時の注意点⑧](https://wiki.jbdcl.com/694279f99ff03c06b0d12702)|2025/12/17 06:56|米多 ゆきえ|
|[詳細設計時の注意点⑨](https://wiki.jbdcl.com/694279f99ff03c06b0d12708)|2025/12/17 06:56|米多 ゆきえ|
|[詳細設計時の注意点⑩](https://wiki.jbdcl.com/694279f99ff03c06b0d1270c)|2025/12/17 06:56|米多 ゆきえ|
|[2. 設計時の細部](https://wiki.jbdcl.com/694279f99ff03c06b0d12718)|2025/12/17 07:01|米多 ゆきえ|
|[①排他制御](https://wiki.jbdcl.com/694279f99ff03c06b0d12710)|2025/12/17 07:01|米多 ゆきえ|
|[②物理削除・論理削除](https://wiki.jbdcl.com/694279f99ff03c06b0d12712)|2025/12/17 07:01|米多 ゆきえ|
|[③トランザクション・ロールバック](https://wiki.jbdcl.com/694279f99ff03c06b0d12714)|2025/12/17 07:02|米多 ゆきえ|
|[④入力チェック](https://wiki.jbdcl.com/694279f99ff03c06b0d12716)|2025/12/17 07:02|米多 ゆきえ|
|[100_課題と適用箇所の洗い出し](https://wiki.jbdcl.com/661659ca9ff03c06b0f37a08)|2025/12/17 09:30|砂盃 梨乃|
|[010_Kiro導入編](https://wiki.jbdcl.com/692cfbdf9ff03c06b0bb55dc)|2025/12/15 04:38|前田 幹太|
|[Z.ディレクトリ構成](https://wiki.jbdcl.com/693a14209ff03c06b0c83a7c)|2025/12/18 03:31|國實 翔詠|
|[参照](https://wiki.jbdcl.com/694398eb9ff03c06b0d25939)|2025/12/18 03:02|國實 翔詠|
|[コーディング規約](https://wiki.jbdcl.com/694398f99ff03c06b0d259f1)|2025/12/18 03:08|國實 翔詠|
|[Vue.js](https://wiki.jbdcl.com/694399029ff03c06b0d25a7c)|2025/12/18 03:03|國實 翔詠|
|[python](https://wiki.jbdcl.com/694399209ff03c06b0d25baf)|2025/12/18 03:03|國實 翔詠|
|[00.環境](https://wiki.jbdcl.com/693215349ff03c06b0c02347)|2025/12/15 09:23|田渕 達也|
|[01.AWS構築手順](https://wiki.jbdcl.com/693f54169ff03c06b0cc5605)|2025/12/17 05:59|前田 幹太|
|[001.AWS基本設定](https://wiki.jbdcl.com/6940ca089ff03c06b0ceb1c6)|2025/12/17 10:01|前田 幹太|
|[002.各種サービス環境設定](https://wiki.jbdcl.com/6940ca179ff03c06b0ceb20b)|2025/12/17 10:01|前田 幹太|
|[12](https://wiki.jbdcl.com/69434c4e9ff03c06b0d1be7d)|2025/12/18 09:54|砂盃 梨乃|
|[API定義書](https://wiki.jbdcl.com/693fe68c9ff03c06b0ce05a1)|2025/12/15 07:44|木下 凌介|
|[DBテーブル定義書](https://wiki.jbdcl.com/693fdc829ff03c06b0cdee75)|2025/12/15 07:28|木下 凌介|
|[20251208-1214のAI最新情報](https://wiki.jbdcl.com/693f67779ff03c06b0cce753)|2025/12/15 05:50|石井 教観|
|[永年勤続表彰写真](https://wiki.jbdcl.com/69437dfc9ff03c06b0d1feee)|2025/12/18 05:12|松枝 愛佳|
|[JBD基盤チャットポット利用状況](https://wiki.jbdcl.com/68a54d229ff03c06b0fb39ce)|2025/12/21 05:30|田渕 達也|
|[ランキングページ](https://wiki.jbdcl.com/63a10a4eb5e7e15fd789a29d)|2025/12/21 02:00|田渕 達也|
"
0,aoyama,PMBOK 第8版　誰か簡単にまとめてくれないかな
0,kanazawa,"チャットポットに要約してもらった（要約しすぎ？）
https://chatbot.jbdcl.com/chat/4e2c5e50-c412-4596-8990-adeaa32f21c6"
0,aoyama,"絵が欲しい（わがまま）
いかんせん知識が６版でとまっているので

https://wiki.jbdcl.com/64828d71922bc9d167eec3d5
の8版が期待値
"
0,mattermost,"
## JBDナレッジの更新情報 :pencil: 

* 下記のページが１週間以内に更新されています。



　

|ページ|更新日|更新者|
|-|-|
|[製品版ウイルスバスター未実施者リスト](https://wiki.jbdcl.com/68fb1ec39ff03c06b087c18a)|2025/12/28 02:20|田渕 達也|
|[Office2016導入PC](https://wiki.jbdcl.com/65546c2028cf0e07df594ccf)|2025/12/29 01:10|田渕 達也|
|[1201_開発戦略本部からのお願い](https://wiki.jbdcl.com/655afc2c28cf0e07df5d900a)|2025/12/22 10:46|冨澤 裕喜|
|[パスワード変更_未実施者](https://wiki.jbdcl.com/66e90c1b9ff03c06b0fc3a74)|2025/12/28 02:10|田渕 達也|
|[1231_受講者状況](https://wiki.jbdcl.com/63e0960d922bc9d167bd84bb)|2025/12/28 02:50|田渕 達也|
|[05_利用状況](https://wiki.jbdcl.com/68fec8ca9ff03c06b08ac23a)|2025/12/22 09:26|金澤 誠之|
|[11.棚卸管理シール貼付け未実施一覧](https://wiki.jbdcl.com/66976f629ff03c06b09395f5)|2025/12/28 01:40|田渕 達也|
|[1260_開発サーバー](https://wiki.jbdcl.com/66c6abb29ff03c06b0d2df54)|2025/12/28 01:50|田渕 達也|
|[Windows10PC一覧](https://wiki.jbdcl.com/6556ba1528cf0e07df5aec55)|2025/12/29 01:20|田渕 達也|
|[01_Android概要と開発環境](https://wiki.jbdcl.com/68c3d5ca9ff03c06b0363f82)|2025/12/23 05:10|岩本 凌雅|
|[SPA標準](https://wiki.jbdcl.com/65dbf7db28cf0e07dfb8cc9f)|2025/12/22 09:29|大和田 啓吾|
|[Vue3](https://wiki.jbdcl.com/63a10f2ab5e7e15fd789cd9c)|2025/12/26 11:12|隈部 摩耶|
|[2706_TIBCO Data Virtualization](https://wiki.jbdcl.com/694e214b9ff03c06b0dca95e)|2025/12/26 02:46|木暮 優人|
|[1. 概要](https://wiki.jbdcl.com/694e21989ff03c06b0dcac01)|2025/12/26 02:49|木暮 優人|
|[2-1.データ仮想化とは](https://wiki.jbdcl.com/694e22e09ff03c06b0dcbe58)|2025/12/26 02:56|木暮 優人|
|[利用方法（チェックを実行する）](https://wiki.jbdcl.com/6821abff9ff03c06b028b088)|2025/12/25 04:17|砂盃 梨乃|
|[20_機能設計](https://wiki.jbdcl.com/68dcee8a9ff03c06b0622caf)|2025/12/25 04:29|瓜原 莉奈|
|[10_KPTボード](https://wiki.jbdcl.com/68dcee8a9ff03c06b0622ced)|2025/12/26 03:56|瓜原 莉奈|
|[10_KPTボード_20251225](https://wiki.jbdcl.com/694ce6f29ff03c06b0da5fe4)|2025/12/25 04:25|瓜原 莉奈|
|[X2_メッセージ一覧](https://wiki.jbdcl.com/68dcee8a9ff03c06b0622cef)|2025/12/25 05:24|政所 侑磨|
|[X2_メッセージ一覧_20251225](https://wiki.jbdcl.com/694cf4c59ff03c06b0daaedc)|2025/12/25 05:24|政所 侑磨|
|[00_開発工程手順](https://wiki.jbdcl.com/694de7e79ff03c06b0db67f8)|2025/12/26 10:57|田渕 達也|
|[A000_ベースファイルコピー](https://wiki.jbdcl.com/694deb899ff03c06b0db6ead)|2025/12/26 01:35|前田 幹太|
|[B000_要求仕様作成](https://wiki.jbdcl.com/694deb979ff03c06b0db6f62)|2025/12/26 02:52|前田 幹太|
|[C000_設計書作成](https://wiki.jbdcl.com/694df59a9ff03c06b0dba004)|2025/12/26 02:04|前田 幹太|
|[D000_タスクリスト作成](https://wiki.jbdcl.com/694e10bc9ff03c06b0dc4aae)|2025/12/26 02:56|前田 幹太|
|[E000_データベース設計](https://wiki.jbdcl.com/694e1a389ff03c06b0dc8d8a)|2025/12/26 02:34|前田 幹太|
|[G000_プログラム生成](https://wiki.jbdcl.com/694e205e9ff03c06b0dca43e)|2025/12/26 03:02|前田 幹太|
|[H000_単体テスト](https://wiki.jbdcl.com/694e252e9ff03c06b0dcc9a4)|2025/12/26 04:35|前田 幹太|
|[X.試験](https://wiki.jbdcl.com/6948b06e9ff03c06b0d49a92)|2025/12/22 11:43|前田 幹太|
|[010_試験仕様書](https://wiki.jbdcl.com/6948b07d9ff03c06b0d49ad3)|2025/12/24 06:13|前田 幹太|
|[Y.インフラ（AWS）デプロイ](https://wiki.jbdcl.com/6949f22c9ff03c06b0d5c63f)|2025/12/23 10:45|國實 翔詠|
|[Z.ディレクトリ構成](https://wiki.jbdcl.com/693a14209ff03c06b0c83a7c)|2025/12/26 09:29|國實 翔詠|
|[議事録](https://wiki.jbdcl.com/694a42ce9ff03c06b0d63b96)|2025/12/23 04:21|砂盃 梨乃|
|[2025_Sprint06](https://wiki.jbdcl.com/6949db0f9ff03c06b0d56667)|2025/12/25 05:24|海野 亮|
|[20251215-1221のAI最新情報](https://wiki.jbdcl.com/694897e49ff03c06b0d42f9d)|2025/12/22 10:03|石井 教観|
|[2025年12月(小山)](https://wiki.jbdcl.com/694bb0509ff03c06b0d88cd5)|2025/12/26 01:51|小山 亮|
|[2025年12月(清水)_実行計画](https://wiki.jbdcl.com/694d30829ff03c06b0db0d7e)|2025/12/25 09:39|清水 誠|
|[Postgres実行計画例](https://wiki.jbdcl.com/694d30829ff03c06b0db0da2)|2025/12/25 09:39|清水 誠|
|[SQLを見る作るうえでの考え方](https://wiki.jbdcl.com/685b49df9ff03c06b066b27f)|2025/12/22 05:24|青山 謙二|
|[47期_20251223](https://wiki.jbdcl.com/694dd6619ff03c06b0db343b)|2025/12/26 11:56|花田 亮太|
|[20251203開催（11月度分）](https://wiki.jbdcl.com/692fc9859ff03c06b0be87ab)|2025/12/25 01:58|近澤 昌弘|
|[20251225開催](https://wiki.jbdcl.com/694cc4599ff03c06b0d9cb5f)|2025/12/25 01:59|近澤 昌弘|
|[01-1.心得（社員用）](https://wiki.jbdcl.com/67639e399ff03c06b0848063)|2025/12/25 02:29|米田 桜|
|[Erwin（ER図作成手順）](https://wiki.jbdcl.com/6805de0d9ff03c06b0184bed)|2025/12/25 11:53|中込 颯|
|[JBD基盤チャットポット利用状況](https://wiki.jbdcl.com/68a54d229ff03c06b0fb39ce)|2025/12/28 05:30|田渕 達也|
|[ランキングページ](https://wiki.jbdcl.com/63a10a4eb5e7e15fd789a29d)|2025/12/28 02:00|田渕 達也|
"
0,mattermost,"
## JBDナレッジの更新情報 :pencil: 

* 下記のページが１週間以内に更新されています。



　

|ページ|更新日|更新者|
|-|-|
|[製品版ウイルスバスター未実施者リスト](https://wiki.jbdcl.com/68fb1ec39ff03c06b087c18a)|2026/01/04 02:20|田渕 達也|
|[Office2016導入PC](https://wiki.jbdcl.com/65546c2028cf0e07df594ccf)|2026/01/05 01:10|田渕 達也|
|[パスワード変更_未実施者](https://wiki.jbdcl.com/66e90c1b9ff03c06b0fc3a74)|2026/01/04 02:10|田渕 達也|
|[1231_受講者状況](https://wiki.jbdcl.com/63e0960d922bc9d167bd84bb)|2026/01/04 02:50|田渕 達也|
|[11.棚卸管理シール貼付け未実施一覧](https://wiki.jbdcl.com/66976f629ff03c06b09395f5)|2026/01/04 01:40|田渕 達也|
|[1260_開発サーバー](https://wiki.jbdcl.com/66c6abb29ff03c06b0d2df54)|2026/01/04 01:50|田渕 達也|
|[Windows10PC一覧](https://wiki.jbdcl.com/6556ba1528cf0e07df5aec55)|2026/01/05 01:20|田渕 達也|
|[Z.ディレクトリ構成](https://wiki.jbdcl.com/693a14209ff03c06b0c83a7c)|2026/01/04 09:35|國實 翔詠|
|[ITIL4ファンデーションとは](https://wiki.jbdcl.com/6958d2ec9ff03c06b0dd90d9)|2026/01/03 06:01|水島 優香里|
|[1. ITIL４の全体構成](https://wiki.jbdcl.com/6958d7519ff03c06b0dda1d0)|2026/01/03 11:05|水島 優香里|
|[2. ４つの側面](https://wiki.jbdcl.com/6958d82d9ff03c06b0dda44f)|2026/01/04 05:59|水島 優香里|
|[3. SVS（サービスバリューシステム）](https://wiki.jbdcl.com/6958d84c9ff03c06b0dda492)|2026/01/04 05:57|水島 優香里|
|[4. SVC（サービスバリューチェーン）](https://wiki.jbdcl.com/6958d8609ff03c06b0dda4d5)|2026/01/04 06:08|水島 優香里|
|[5. サービスバリューストリーム](https://wiki.jbdcl.com/6958d87a9ff03c06b0dda51c)|2026/01/04 06:02|水島 優香里|
|[6.プラクティス](https://wiki.jbdcl.com/695a14159ff03c06b0de5589)|2026/01/04 04:17|水島 優香里|
|[JBD基盤チャットポット利用状況](https://wiki.jbdcl.com/68a54d229ff03c06b0fb39ce)|2026/01/04 05:30|田渕 達也|
|[ランキングページ](https://wiki.jbdcl.com/63a10a4eb5e7e15fd789a29d)|2026/01/04 02:00|田渕 達也|
"
0,mattermost,"
## JBDナレッジの更新情報 :pencil: 

* 下記のページが１週間以内に更新されています。



　

|ページ|更新日|更新者|
|-|-|
|[勤務区分一覧](https://wiki.jbdcl.com/662b57409ff03c06b0137f8f)|2026/01/09 09:41|太田 佳織|
|[製品版ウイルスバスター未実施者リスト](https://wiki.jbdcl.com/68fb1ec39ff03c06b087c18a)|2026/01/11 02:20|田渕 達也|
|[Office2016導入PC](https://wiki.jbdcl.com/65546c2028cf0e07df594ccf)|2026/01/12 01:10|田渕 達也|
|[パスワード変更_未実施者](https://wiki.jbdcl.com/66e90c1b9ff03c06b0fc3a74)|2026/01/11 02:10|田渕 達也|
|[10_KPTボード](https://wiki.jbdcl.com/68db852a9ff03c06b05c1a32)|2026/01/06 04:02|瓜原 莉奈|
|[1231_受講者状況](https://wiki.jbdcl.com/63e0960d922bc9d167bd84bb)|2026/01/11 02:50|田渕 達也|
|[11.棚卸管理シール貼付け未実施一覧](https://wiki.jbdcl.com/66976f629ff03c06b09395f5)|2026/01/11 01:40|田渕 達也|
|[1260_開発サーバー](https://wiki.jbdcl.com/66c6abb29ff03c06b0d2df54)|2026/01/11 01:50|田渕 達也|
|[Windows10PC一覧](https://wiki.jbdcl.com/6556ba1528cf0e07df5aec55)|2026/01/12 01:20|田渕 達也|
|[10_KPTボード](https://wiki.jbdcl.com/68dcee8a9ff03c06b0622ced)|2026/01/06 03:19|瓜原 莉奈|
|[00_開発工程手順](https://wiki.jbdcl.com/694de7e79ff03c06b0db67f8)|2026/01/06 02:12|前田 幹太|
|[A000_ベースファイルコピー](https://wiki.jbdcl.com/694deb899ff03c06b0db6ead)|2026/01/06 02:14|前田 幹太|
|[B000_要求仕様作成](https://wiki.jbdcl.com/694deb979ff03c06b0db6f62)|2026/01/06 02:53|前田 幹太|
|[C000_設計書作成](https://wiki.jbdcl.com/694df59a9ff03c06b0dba004)|2026/01/06 02:05|前田 幹太|
|[D000_タスクリスト作成](https://wiki.jbdcl.com/694e10bc9ff03c06b0dc4aae)|2026/01/06 02:06|前田 幹太|
|[E000_データベース設計](https://wiki.jbdcl.com/694e1a389ff03c06b0dc8d8a)|2026/01/06 02:06|前田 幹太|
|[F000_プログラム作成](https://wiki.jbdcl.com/694e205e9ff03c06b0dca43e)|2026/01/06 02:06|前田 幹太|
|[G000_単体テスト](https://wiki.jbdcl.com/694e252e9ff03c06b0dcc9a4)|2026/01/06 02:06|前田 幹太|
|[H000_結合テストITA(機能内)](https://wiki.jbdcl.com/695b08dd9ff03c06b0df112b)|2026/01/06 02:06|前田 幹太|
|[I000_結合テストITB(機能間)](https://wiki.jbdcl.com/695b1ab59ff03c06b0df47ea)|2026/01/06 02:07|前田 幹太|
|[Z.ディレクトリ構成](https://wiki.jbdcl.com/693a14209ff03c06b0c83a7c)|2026/01/07 09:27|國實 翔詠|
|[テスト](https://wiki.jbdcl.com/6960b0059ff03c06b0e61be5)|2026/01/09 04:36|前田 幹太|
|[90_インフラ進め方資料](https://wiki.jbdcl.com/6960bfbc9ff03c06b0e62ff9)|2026/01/09 06:37|山本 悠聖|
|[チームでの開発](https://wiki.jbdcl.com/695e01bb9ff03c06b0e355ae)|2026/01/07 03:49|田渕 達也|
|[00.開発](https://wiki.jbdcl.com/695e040d9ff03c06b0e35ca5)|2026/01/07 03:58|田渕 達也|
|[10.specでテーブル仕様書を変更するとき](https://wiki.jbdcl.com/695e056c9ff03c06b0e35eac)|2026/01/07 04:10|田渕 達也|
|[98.spec開発](https://wiki.jbdcl.com/695e020e9ff03c06b0e35a77)|2026/01/07 03:53|田渕 達也|
|[99.テスト](https://wiki.jbdcl.com/695e014d9ff03c06b0e353f6)|2026/01/07 03:46|田渕 達也|
|[2026年01月(古川)_ウェブアクセシビリティについて](https://wiki.jbdcl.com/695cc9079ff03c06b0e2463a)|2026/01/06 05:50|古川 樹|
|[事業部会議](https://wiki.jbdcl.com/660f4c7f9ff03c06b0eb48b7)|2026/01/06 10:41|林田 真人|
|[2026年01月(林田)](https://wiki.jbdcl.com/695c67f99ff03c06b0e0d834)|2026/01/07 01:49|青山 謙二|
|[01-1.心得（社員用）](https://wiki.jbdcl.com/67639e399ff03c06b0848063)|2026/01/06 10:54|政所 侑磨|
|[02_DynamoDB](https://wiki.jbdcl.com/69130f409ff03c06b0a99be9)|2026/01/06 08:23|藤本 力|
|[03_BackupPlan作成](https://wiki.jbdcl.com/69141a939ff03c06b0aa621b)|2026/01/06 08:03|藤本 力|
|[06_Lambdaトリガーレイヤー設定](https://wiki.jbdcl.com/69141ac49ff03c06b0aa6320)|2026/01/07 09:59|藤本 力|
|[03_Guard Duty](https://wiki.jbdcl.com/69141b3c9ff03c06b0aa6727)|2026/01/06 08:51|藤本 力|
|[Erwin（ER図作成手順）](https://wiki.jbdcl.com/6805de0d9ff03c06b0184bed)|2026/01/05 05:11|中込 颯|
|[40.Tasks](https://wiki.jbdcl.com/695cc3799ff03c06b0e22b39)|2026/01/09 08:15|田渕 達也|
|[Phase 1: インフラストラクチャ構築](https://wiki.jbdcl.com/695cc4f39ff03c06b0e23077)|2026/01/07 12:37|田渕 達也|
|[Task 0.0 Node.js&AWS CLIインストール](https://wiki.jbdcl.com/695cc7c59ff03c06b0e23a3a)|2026/01/06 05:59|田渕 達也|
|[Task 1.1: AWS CDKプロジェクト初期化](https://wiki.jbdcl.com/695cc5039ff03c06b0e23123)|2026/01/07 12:39|田渕 達也|
|[Phase 3: フロントエンド実装](https://wiki.jbdcl.com/695dd4cd9ff03c06b0e2f958)|2026/01/07 12:37|田渕 達也|
|[Task 3.1: Vue.jsプロジェクト初期化](https://wiki.jbdcl.com/695dd51e9ff03c06b0e2fd2d)|2026/01/07 02:45|田渕 達也|
|[Task 3.2: 認証機能実装](https://wiki.jbdcl.com/695debe19ff03c06b0e325e8)|2026/01/07 02:31|田渕 達也|
|[Task 3.3: ダッシュボード基本レイアウト実装](https://wiki.jbdcl.com/695df10d9ff03c06b0e34261)|2026/01/07 02:42|田渕 達也|
|[Task 3.4: センサーカードコンポーネント実装](https://wiki.jbdcl.com/695df31a9ff03c06b0e3463b)|2026/01/07 02:46|田渕 達也|
|[99.jbdcl.com](https://wiki.jbdcl.com/69606c739ff03c06b0e5b76f)|2026/01/09 11:51|田渕 達也|
|[2. ４つの側面](https://wiki.jbdcl.com/6958d82d9ff03c06b0dda44f)|2026/01/10 09:41|水島 優香里|
|[3. SVS（サービスバリューシステム）](https://wiki.jbdcl.com/6958d84c9ff03c06b0dda492)|2026/01/10 09:07|水島 優香里|
|[4. SVC（サービスバリューチェーン）](https://wiki.jbdcl.com/6958d8609ff03c06b0dda4d5)|2026/01/11 09:14|水島 優香里|
|[5. サービスバリューストリーム](https://wiki.jbdcl.com/6958d87a9ff03c06b0dda51c)|2026/01/11 09:28|水島 優香里|
|[6.プラクティス](https://wiki.jbdcl.com/695a14159ff03c06b0de5589)|2026/01/12 12:29|水島 優香里|
|[JBD基盤チャットポット利用状況](https://wiki.jbdcl.com/68a54d229ff03c06b0fb39ce)|2026/01/11 05:30|田渕 達也|
|[ランキングページ](https://wiki.jbdcl.com/63a10a4eb5e7e15fd789a29d)|2026/01/11 02:00|田渕 達也|
"
0,mattermost,"
## JBDナレッジの更新情報 :pencil: 

* 下記のページが１週間以内に更新されています。



　

|ページ|更新日|更新者|
|-|-|
|[製品版ウイルスバスター未実施者リスト](https://wiki.jbdcl.com/68fb1ec39ff03c06b087c18a)|2026/01/18 02:20|田渕 達也|
|[Office2016導入PC](https://wiki.jbdcl.com/65546c2028cf0e07df594ccf)|2026/01/19 01:10|田渕 達也|
|[パスワード変更_未実施者](https://wiki.jbdcl.com/66e90c1b9ff03c06b0fc3a74)|2026/01/18 02:10|田渕 達也|
|[1230_社内教育](https://wiki.jbdcl.com/63be6e602569e8f7a4379090)|2026/01/15 12:01|冨澤 裕喜|
|[1231_受講者状況](https://wiki.jbdcl.com/63e0960d922bc9d167bd84bb)|2026/01/18 02:50|田渕 達也|
|[11.棚卸管理シール貼付け未実施一覧](https://wiki.jbdcl.com/66976f629ff03c06b09395f5)|2026/01/18 01:40|田渕 達也|
|[1260_開発サーバー](https://wiki.jbdcl.com/66c6abb29ff03c06b0d2df54)|2026/01/18 01:50|田渕 達也|
|[Windows10PC一覧](https://wiki.jbdcl.com/6556ba1528cf0e07df5aec55)|2026/01/19 01:20|田渕 達也|
|[07_制御フローを読みやすくする](https://wiki.jbdcl.com/68cab84d9ff03c06b03cbe43)|2026/01/14 07:07|西中 健太|
|[corosync-pacemaker](https://wiki.jbdcl.com/693a2b629ff03c06b0c8c462)|2026/01/14 01:50|澤永 直毅|
|[DB設計](https://wiki.jbdcl.com/671851e69ff03c06b039fc25)|2026/01/14 03:55|石井 教観|
|[12_結合環境](https://wiki.jbdcl.com/68dccae79ff03c06b060fe6d)|2026/01/13 09:53|政所 侑磨|
|[13_本番環境](https://wiki.jbdcl.com/68cc9e9b9ff03c06b04080f9)|2026/01/13 09:53|政所 侑磨|
|[Z.ディレクトリ構成](https://wiki.jbdcl.com/693a14209ff03c06b0c83a7c)|2026/01/15 10:45|國實 翔詠|
|[900_ドキュメント内容構成](https://wiki.jbdcl.com/6965c3e69ff03c06b0e8baa9)|2026/01/13 02:43|前田 幹太|
|[901_画面設計書](https://wiki.jbdcl.com/6965c4089ff03c06b0e8bc22)|2026/01/13 02:37|前田 幹太|
|[902_処理シーケンス図](https://wiki.jbdcl.com/6965d1e59ff03c06b0e8e20a)|2026/01/13 02:38|前田 幹太|
|[90_インフラ進め方資料](https://wiki.jbdcl.com/6960bfbc9ff03c06b0e62ff9)|2026/01/13 11:26|山本 悠聖|
|[20251222-1228のAI最新情報](https://wiki.jbdcl.com/6966052d9ff03c06b0e97d07)|2026/01/13 05:41|石井 教観|
|[20251229-20260104のAI最新情報](https://wiki.jbdcl.com/696606679ff03c06b0e9956b)|2026/01/13 05:46|石井 教観|
|[2025年05月(荒井)](https://wiki.jbdcl.com/67f70a579ff03c06b00c4547)|2026/01/14 09:10|荒井 健一郎|
|[2026年01月(林田)](https://wiki.jbdcl.com/695c67f99ff03c06b0e0d834)|2026/01/14 04:54|林田 真人|
|[OracleとSQL Serverの主要な構文の差分について（大橋）](https://wiki.jbdcl.com/6964ee689ff03c06b0e7d7a7)|2026/01/14 02:18|大橋 美樹|
|[Playwright入門](https://wiki.jbdcl.com/67c7ac889ff03c06b0e23dba)|2026/01/14 01:57|青山 謙二|
|[3. SVS（サービスバリューシステム）](https://wiki.jbdcl.com/6958d84c9ff03c06b0dda492)|2026/01/12 01:05|水島 優香里|
|[7.ひっかけポイントまとめ](https://wiki.jbdcl.com/69646f9a9ff03c06b0e7ac2e)|2026/01/12 12:58|水島 優香里|
|[JBD基盤チャットポット利用状況](https://wiki.jbdcl.com/68a54d229ff03c06b0fb39ce)|2026/01/18 05:30|田渕 達也|
|[ランキングページ](https://wiki.jbdcl.com/63a10a4eb5e7e15fd789a29d)|2026/01/18 02:00|田渕 達也|
"
0,tabuchi,"@channel 

## 社内システム改善チャンネル

* 社内システムの改善のチャネルを作成しました。
* 対象システムは、社内で利用しているシステムを対象とします。
* ご要望がある方は、このチャンネルに投稿してください。

https://chat.jbdcl.com/jbd/channels/4f554da325c1af575af7be2e4d72350d"
0,mattermost,"
## JBDナレッジの更新情報 :pencil: 

* 下記のページが１週間以内に更新されています。



　

|ページ|更新日|更新者|
|-|-|
|[1109_認定証・許可証](https://wiki.jbdcl.com/65769e5528cf0e07df6d4931)|2026/01/23 02:10|渡辺 唯子|
|[製品版ウイルスバスター未実施者リスト](https://wiki.jbdcl.com/68fb1ec39ff03c06b087c18a)|2026/01/25 02:20|田渕 達也|
|[Office2016導入PC](https://wiki.jbdcl.com/65546c2028cf0e07df594ccf)|2026/01/26 01:10|田渕 達也|
|[1201_開発戦略本部からのお願い](https://wiki.jbdcl.com/655afc2c28cf0e07df5d900a)|2026/01/23 07:16|冨澤 裕喜|
|[パスワード変更_未実施者](https://wiki.jbdcl.com/66e90c1b9ff03c06b0fc3a74)|2026/01/25 02:10|田渕 達也|
|[1230_社内教育](https://wiki.jbdcl.com/63be6e602569e8f7a4379090)|2026/01/20 12:39|田渕 達也|
|[1231_受講者状況](https://wiki.jbdcl.com/63e0960d922bc9d167bd84bb)|2026/01/25 02:50|田渕 達也|
|[11.棚卸管理シール貼付け未実施一覧](https://wiki.jbdcl.com/66976f629ff03c06b09395f5)|2026/01/25 01:40|田渕 達也|
|[1260_開発サーバー](https://wiki.jbdcl.com/66c6abb29ff03c06b0d2df54)|2026/01/25 01:50|田渕 達也|
|[Windows10PC一覧](https://wiki.jbdcl.com/6556ba1528cf0e07df5aec55)|2026/01/26 01:20|田渕 達也|
|[セキュリティソフト](https://wiki.jbdcl.com/696f6e9f9ff03c06b0f03d3f)|2026/01/20 09:01|冨澤 裕喜|
|[セキュリティソフトのバージョンチェック](https://wiki.jbdcl.com/696f6f049ff03c06b0f03edc)|2026/01/20 09:03|冨澤 裕喜|
|[セキュリティソフトの移行状況_未実施一覧](https://wiki.jbdcl.com/696f6ee89ff03c06b0f03e1d)|2026/01/23 06:39|田渕 達也|
|[SpringBootでの開発](https://wiki.jbdcl.com/696f08be9ff03c06b0ef947f)|2026/01/20 01:46|上村 竜世|
|[SpringSecurityとIPAの対応表](https://wiki.jbdcl.com/696f08d19ff03c06b0ef968e)|2026/01/20 01:47|上村 竜世|
|[Springの提供機能](https://wiki.jbdcl.com/696f08db9ff03c06b0ef9769)|2026/01/20 01:47|上村 竜世|
|[【番外編_02】BootStrapの利用例](https://wiki.jbdcl.com/6916e3f19ff03c06b0adfc97)|2026/01/22 05:01|隈部 摩耶|
|[【番外編_03】BootStrapの基本的なクラス](https://wiki.jbdcl.com/69323db79ff03c06b0c08bb6)|2026/01/22 05:18|隈部 摩耶|
|[tomcatログローテートができない](https://wiki.jbdcl.com/6969926b9ff03c06b0ece1f5)|2026/01/19 05:24|澤永 直毅|
|[セキュリティ対策](https://wiki.jbdcl.com/696f09909ff03c06b0efa03f)|2026/01/20 01:50|上村 竜世|
|[01_SQLインジェクション](https://wiki.jbdcl.com/696f09909ff03c06b0efa072)|2026/01/20 01:50|上村 竜世|
|[02_OSコマンドインジェクション](https://wiki.jbdcl.com/696f09909ff03c06b0efa074)|2026/01/20 01:50|上村 竜世|
|[03_パストラバーサル](https://wiki.jbdcl.com/696f09909ff03c06b0efa076)|2026/01/20 01:50|上村 竜世|
|[04_セッションハイジャック](https://wiki.jbdcl.com/696f09909ff03c06b0efa078)|2026/01/20 01:50|上村 竜世|
|[05_クロスサイトスクリプティング（XSS）](https://wiki.jbdcl.com/696f09909ff03c06b0efa07a)|2026/01/20 02:23|上村 竜世|
|[06_クロスサイトリクエストフォージェリ（CSRF）](https://wiki.jbdcl.com/696f09909ff03c06b0efa07c)|2026/01/20 02:47|上村 竜世|
|[07_HTTPヘッダインジェクション](https://wiki.jbdcl.com/696f09909ff03c06b0efa07e)|2026/01/20 01:50|上村 竜世|
|[08_メールヘッダインジェクション](https://wiki.jbdcl.com/696f09909ff03c06b0efa080)|2026/01/20 01:50|上村 竜世|
|[09_クリックジャッキング](https://wiki.jbdcl.com/696f09909ff03c06b0efa082)|2026/01/20 01:50|上村 竜世|
|[10_バッファオーバーフロー](https://wiki.jbdcl.com/696f09909ff03c06b0efa084)|2026/01/20 01:50|上村 竜世|
|[11_アクセス制御や認可制御の欠落](https://wiki.jbdcl.com/696f09909ff03c06b0efa086)|2026/01/20 01:50|上村 竜世|
|[12_ZAPアラートの種類と対策可否について](https://wiki.jbdcl.com/696f09909ff03c06b0efa088)|2026/01/20 01:50|上村 竜世|
|[13_OWASPTOP10](https://wiki.jbdcl.com/696f09909ff03c06b0efa08a)|2026/01/20 01:50|上村 竜世|
|[DB設計](https://wiki.jbdcl.com/671851e69ff03c06b039fc25)|2026/01/23 03:50|石井 教観|
|[データ収集のお願いについて](https://wiki.jbdcl.com/696dbc519ff03c06b0ee974c)|2026/01/19 02:09|砂盃 梨乃|
|[タスク](https://wiki.jbdcl.com/67a5baee9ff03c06b0c6212b)|2026/01/22 04:45|石井 教観|
|[ユーティリティ](https://wiki.jbdcl.com/67986d9d9ff03c06b0b19da8)|2026/01/22 04:46|石井 教観|
|[DB設計](https://wiki.jbdcl.com/67907b639ff03c06b0a84f4d)|2026/01/22 04:38|石井 教観|
|[S10_トップ画面](https://wiki.jbdcl.com/67934b8d9ff03c06b0acf671)|2026/01/23 11:40|石井 教観|
|[S21_タスク詳細画面](https://wiki.jbdcl.com/679354609ff03c06b0ad0d8f)|2026/01/22 05:00|石井 教観|
|[Z.ディレクトリ構成](https://wiki.jbdcl.com/693a14209ff03c06b0c83a7c)|2026/01/23 04:51|國實 翔詠|
|[1](https://wiki.jbdcl.com/6972d9589ff03c06b0f22728)|2026/01/23 11:13|砂盃 梨乃|
|[20260105-0111のAI最新情報](https://wiki.jbdcl.com/696d9ce19ff03c06b0ee5685)|2026/01/19 11:54|石井 教観|
|[20260112-0118のAI最新情報](https://wiki.jbdcl.com/696d9ee39ff03c06b0ee5f28)|2026/01/19 12:02|石井 教観|
|[200_年間予定](https://wiki.jbdcl.com/686b4e719ff03c06b087a85a)|2026/01/23 09:14|田口 優雅|
|[事業部会議](https://wiki.jbdcl.com/660f4c7f9ff03c06b0eb48b7)|2026/01/21 09:13|青山 謙二|
|[2026年02月(青山)](https://wiki.jbdcl.com/69701a029ff03c06b0f06f04)|2026/01/21 01:19|青山 謙二|
|[01.事業部会議](https://wiki.jbdcl.com/68228a7c9ff03c06b0292776)|2026/01/19 09:06|深川 憲一|
|[06_CloudFront](https://wiki.jbdcl.com/695f9bab9ff03c06b0e54a29)|2026/01/22 05:53|惣司 さくら|
|[07_WAF](https://wiki.jbdcl.com/695f9bb89ff03c06b0e54a6d)|2026/01/22 05:54|惣司 さくら|
|[01_基本設計](https://wiki.jbdcl.com/669638889ff03c06b090dcdc)|2026/01/24 12:57|西尾 啓太郎|
|[02_詳細設計](https://wiki.jbdcl.com/669638959ff03c06b090df87)|2026/01/25 12:43|西尾 啓太郎|
|[01_管理簿登録設定手順](https://wiki.jbdcl.com/67f5c04d9ff03c06b009cdc1)|2026/01/23 01:28|中込 颯|
|[02_基盤管理ポータル](https://wiki.jbdcl.com/6973104d9ff03c06b0f279ee)|2026/01/23 03:08|石田 瞭平|
|[メニュー追加](https://wiki.jbdcl.com/697310979ff03c06b0f27d39)|2026/01/23 06:07|石田 瞭平|
|[01.業務シーン](https://wiki.jbdcl.com/693f683b9ff03c06b0ccefa8)|2026/01/21 01:01|田渕 達也|
|[JBD基盤チャットポット利用状況](https://wiki.jbdcl.com/68a54d229ff03c06b0fb39ce)|2026/01/25 05:30|田渕 達也|
|[ランキングページ](https://wiki.jbdcl.com/63a10a4eb5e7e15fd789a29d)|2026/01/25 02:00|田渕 達也|
"
1,k-oota,"@channel 

### 給与明細システム変更に関するお知らせ

このたび、給与明細の電子配布について、下記のとおりシステムを変更することとなりましたの
で、お知らせいたします。

１． 変更内容
      【現行】Web 給金帳
      【変更後】オフィスステーション ※年末調整の申告と同じシステムになります

２． 変更開始日
         2026 年2 月10 日支給分の給与明細より
         ※2026 年2 月10 日はWeb 給金帳とオフィスステーション両方閲覧可

３． 旧システム（Web 給金帳）閲覧終了日
         2026 年2 月28 日まで

４． ログイン方法
         JBD 社内ポータルから入れます【給与明細（新システム）】
         `https://service.officestation.jp/p5eaar/user-mypage/auth`
         **年末調整で使用したID とPW になります**
         ※一度もオフィスステーションにログインされたことがない方は下記よりお入りください
           （初回ログイン）ID：社員番号、パスワード：生年月日8 桁

５． その他
       ・ 過去の明細も閲覧可能ですが、システムの仕様上、2023 年1 月支給分からとなります
       ・ 紙で配布しております、住民税決定通知書も電子で確認できるようになります


ご不明点がございましたら、経営管理本部 太田までご連絡ください。
皆様にはご迷惑をおかけいたしますが、ご理解・ご協力のほどよろしくお願いいたします。
"
0,h-yasui,"@k-oota 
申し訳ございません。
IDとパスワードを失念してしまい、ロックがかかってしまいました。
リセットいただくことは可能でしょうか？"
0,mattermost,"
## JBDナレッジの更新情報 :pencil: 

* 下記のページが１週間以内に更新されています。



　

|ページ|更新日|更新者|
|-|-|
|[1103_JBDNEWS](https://wiki.jbdcl.com/63b4e5347c45329c2d28f2bc)|2026/01/26 04:02|宮林 歩未|
|[製品版ウイルスバスター未実施者リスト](https://wiki.jbdcl.com/68fb1ec39ff03c06b087c18a)|2026/02/01 02:20|田渕 達也|
|[Office2016導入PC](https://wiki.jbdcl.com/65546c2028cf0e07df594ccf)|2026/02/02 01:10|田渕 達也|
|[1201_開発戦略本部からのお願い](https://wiki.jbdcl.com/655afc2c28cf0e07df5d900a)|2026/01/26 09:47|冨澤 裕喜|
|[パスワード変更_未実施者](https://wiki.jbdcl.com/66e90c1b9ff03c06b0fc3a74)|2026/02/01 02:10|田渕 達也|
|[1230_社内教育](https://wiki.jbdcl.com/63be6e602569e8f7a4379090)|2026/01/29 09:56|冨澤 裕喜|
|[1231_受講者状況](https://wiki.jbdcl.com/63e0960d922bc9d167bd84bb)|2026/02/01 02:50|田渕 達也|
|[05_利用状況](https://wiki.jbdcl.com/68fec8ca9ff03c06b08ac23a)|2026/01/26 10:20|金澤 誠之|
|[11.棚卸管理シール貼付け未実施一覧](https://wiki.jbdcl.com/66976f629ff03c06b09395f5)|2026/02/01 01:40|田渕 達也|
|[1260_開発サーバー](https://wiki.jbdcl.com/66c6abb29ff03c06b0d2df54)|2026/02/01 01:50|田渕 達也|
|[Windows10PC一覧](https://wiki.jbdcl.com/6556ba1528cf0e07df5aec55)|2026/02/02 01:20|田渕 達也|
|[セキュリティソフト](https://wiki.jbdcl.com/696f6e9f9ff03c06b0f03d3f)|2026/01/29 05:40|冨澤 裕喜|
|[02_セキュリティソフトのバージョンチェック](https://wiki.jbdcl.com/696f6f049ff03c06b0f03edc)|2026/01/29 11:32|田渕 達也|
|[コーディングプラクティス](https://wiki.jbdcl.com/67ffb1a99ff03c06b0142138)|2026/01/28 09:51|西中 健太|
|[08_巨大な式を分割する](https://wiki.jbdcl.com/68e3ced49ff03c06b06a9401)|2026/01/28 09:48|西中 健太|
|[09_変数と読みやすさ](https://wiki.jbdcl.com/68e3cf2b9ff03c06b06a972b)|2026/01/28 09:49|西中 健太|
|[10_無関係の下位問題を抽出する](https://wiki.jbdcl.com/696774b09ff03c06b0eb4fc5)|2026/01/28 09:50|西中 健太|
|[【番外編_03】BootStrapの基本的なクラス](https://wiki.jbdcl.com/69323db79ff03c06b0c08bb6)|2026/01/26 05:26|隈部 摩耶|
|[①要件との整合性を保つ](https://wiki.jbdcl.com/694279f99ff03c06b0d126fa)|2026/01/30 07:01|米多 ゆきえ|
|[②処理の流れを正確にする](https://wiki.jbdcl.com/694279f99ff03c06b0d12704)|2026/01/30 06:45|米多 ゆきえ|
|[⑤セキュリティ対策を盛り込む](https://wiki.jbdcl.com/694279f99ff03c06b0d126fe)|2026/01/30 05:28|米多 ゆきえ|
|[⑥保守性・拡張性を意識する](https://wiki.jbdcl.com/694279f99ff03c06b0d12700)|2026/01/30 05:25|米多 ゆきえ|
|[⑦命名規則・コーディング規約を統一する](https://wiki.jbdcl.com/694279f99ff03c06b0d12706)|2026/01/30 05:09|米多 ゆきえ|
|[⑧非機能要件も考慮する](https://wiki.jbdcl.com/694279f99ff03c06b0d12702)|2026/01/30 04:47|米多 ゆきえ|
|[⑨図や表を活用して視覚的にわかりやすくする](https://wiki.jbdcl.com/694279f99ff03c06b0d12708)|2026/01/30 06:25|米多 ゆきえ|
|[認証関連](https://wiki.jbdcl.com/672d982d9ff03c06b050efe1)|2026/01/26 05:01|石井 教観|
|[2025_Sprint07](https://wiki.jbdcl.com/6976fd009ff03c06b0f50586)|2026/01/29 01:13|百合野 琉|
|[DBテーブル定義書](https://wiki.jbdcl.com/693fdc829ff03c06b0cdee75)|2026/01/29 04:48|木下 凌介|
|[20260119-0125のAI最新情報](https://wiki.jbdcl.com/697ae53e9ff03c06b0f91ec4)|2026/01/29 01:42|石井 教観|
|[FP・FF事業部](https://wiki.jbdcl.com/661624489ff03c06b0f27a4e)|2026/01/26 09:08|安藤 大貴|
|[2026年01月(古川)_ウェブアクセシビリティについて](https://wiki.jbdcl.com/695cc9079ff03c06b0e2463a)|2026/01/29 03:34|古川 樹|
|[環境構築](https://wiki.jbdcl.com/69781bc09ff03c06b0f657a3)|2026/01/27 10:59|武田 宏喜|
|[Zabbixの構築手順](https://wiki.jbdcl.com/69772f849ff03c06b0f5b6e5)|2026/01/27 10:55|武田 宏喜|
|[週次勉強会資料](https://wiki.jbdcl.com/684bb1189ff03c06b0573368)|2026/01/27 10:59|武田 宏喜|
|[20260130_セキュリティ関連](https://wiki.jbdcl.com/6976d8bf9ff03c06b0f4adc1)|2026/01/26 02:52|武田 宏喜|
|[2026年02月(青山)](https://wiki.jbdcl.com/69701a029ff03c06b0f06f04)|2026/01/28 02:48|青山 謙二|
|[47期_20260127](https://wiki.jbdcl.com/69788db59ff03c06b0f757b3)|2026/01/28 04:14|花田 亮太|
|[JBD基盤チャットポット利用状況](https://wiki.jbdcl.com/68a54d229ff03c06b0fb39ce)|2026/02/01 05:30|田渕 達也|
|[ランキングページ](https://wiki.jbdcl.com/63a10a4eb5e7e15fd789a29d)|2026/02/01 02:00|田渕 達也|
"
1,a-miyabayashi,"@channel 
【従業員の皆様】

### 労使協定における従業員代表選出について
お疲れ様です。
経営管理本部　宮林です。

Group Sessionにて、
来期の労使協定における従業員代表選出について
アンケートを掲載させて頂いております。
（労働者派遣法第30条の4第1項の規定に基づく労使協定の分です。）
過半数の可決が必要となりますので、ご回答を頂きますようお願いいたします。

`■回答期限：2026年2月13日（金）`

お忙しい中恐れ入りますが、ご協力の程お願い申し上げます。"
0,mattermost,"
## JBDナレッジの更新情報 :pencil: 

* 下記のページが１週間以内に更新されています。



　

|ページ|更新日|更新者|
|-|-|
|[1113_開発庶務関連](https://wiki.jbdcl.com/63e07c40922bc9d167bd508f)|2026/02/06 12:49|島田 拓人|
|[製品版ウイルスバスター未実施者リスト](https://wiki.jbdcl.com/68fb1ec39ff03c06b087c18a)|2026/02/08 02:20|田渕 達也|
|[Office2016導入PC](https://wiki.jbdcl.com/65546c2028cf0e07df594ccf)|2026/02/09 01:10|田渕 達也|
|[VPNの利用手順](https://wiki.jbdcl.com/6639f3869ff03c06b01ca12e)|2026/02/03 11:17|冨澤 裕喜|
|[スマートアプリコントロールによるブロックの対処方法](https://wiki.jbdcl.com/698188ec9ff03c06b0fe3e16)|2026/02/03 07:16|冨澤 裕喜|
|[PROXY除外リスト](https://wiki.jbdcl.com/6466f643922bc9d167e347ef)|2026/02/03 04:21|田渕 達也|
|[1200_開発戦略本部](https://wiki.jbdcl.com/63be50b92569e8f7a4370b8a)|2026/02/05 03:18|島田 拓人|
|[パスワード変更_未実施者](https://wiki.jbdcl.com/66e90c1b9ff03c06b0fc3a74)|2026/02/08 02:10|田渕 達也|
|[1210_BP様受入れ方法](https://wiki.jbdcl.com/63be69962569e8f7a4377fe7)|2026/02/04 03:16|冨澤 裕喜|
|[1231_受講者状況](https://wiki.jbdcl.com/63e0960d922bc9d167bd84bb)|2026/02/08 02:50|田渕 達也|
|[10.棚卸未実施一覧](https://wiki.jbdcl.com/655c272828cf0e07df5e3b75)|2026/02/09 01:30|田渕 達也|
|[11.棚卸管理シール貼付け未実施一覧](https://wiki.jbdcl.com/66976f629ff03c06b09395f5)|2026/02/08 01:40|田渕 達也|
|[1260_開発サーバー](https://wiki.jbdcl.com/66c6abb29ff03c06b0d2df54)|2026/02/08 01:50|田渕 達也|
|[Windows10PC一覧](https://wiki.jbdcl.com/6556ba1528cf0e07df5aec55)|2026/02/09 01:20|田渕 達也|
|[セキュリティソフト](https://wiki.jbdcl.com/696f6e9f9ff03c06b0f03d3f)|2026/02/06 04:39|森田 拓陽|
|[2000_開発者向け](https://wiki.jbdcl.com/64effc8528cf0e07df1d2a60)|2026/02/06 12:47|島田 拓人|
|[【番外編_03】BootStrapの基本的なクラス](https://wiki.jbdcl.com/69323db79ff03c06b0c08bb6)|2026/02/02 02:22|隈部 摩耶|
|[詳細設計での注意点](https://wiki.jbdcl.com/694279f89ff03c06b0d126c4)|2026/02/02 04:59|米多 ゆきえ|
|[1.詳細設計時の注意点](https://wiki.jbdcl.com/69427fd49ff03c06b0d156d1)|2026/02/02 04:40|米多 ゆきえ|
|[①要件との整合性を保つ](https://wiki.jbdcl.com/694279f99ff03c06b0d126fa)|2026/02/03 04:15|米多 ゆきえ|
|[②処理の流れを正確にする](https://wiki.jbdcl.com/694279f99ff03c06b0d12704)|2026/02/03 04:36|米多 ゆきえ|
|[③データ設計を丁寧に行う](https://wiki.jbdcl.com/694279f99ff03c06b0d126fc)|2026/02/03 04:36|米多 ゆきえ|
|[④インターフェースの仕様を明確にする](https://wiki.jbdcl.com/694279f99ff03c06b0d1270a)|2026/02/03 03:47|米多 ゆきえ|
|[⑤セキュリティ対策を盛り込む](https://wiki.jbdcl.com/694279f99ff03c06b0d126fe)|2026/02/03 03:51|米多 ゆきえ|
|[⑥保守性・拡張性を意識する](https://wiki.jbdcl.com/694279f99ff03c06b0d12700)|2026/02/03 04:03|米多 ゆきえ|
|[⑦命名規則・コーディング規約を統一する](https://wiki.jbdcl.com/694279f99ff03c06b0d12706)|2026/02/02 04:57|米多 ゆきえ|
|[⑧非機能要件も考慮する](https://wiki.jbdcl.com/694279f99ff03c06b0d12702)|2026/02/02 05:14|米多 ゆきえ|
|[⑨図や表を活用して視覚的にわかりやすくする](https://wiki.jbdcl.com/694279f99ff03c06b0d12708)|2026/02/02 05:54|米多 ゆきえ|
|[⑩レビューを前提に設計する](https://wiki.jbdcl.com/694279f99ff03c06b0d1270c)|2026/02/02 05:16|米多 ゆきえ|
|[①排他制御](https://wiki.jbdcl.com/694279f99ff03c06b0d12710)|2026/02/02 03:27|米多 ゆきえ|
|[②物理削除・論理削除](https://wiki.jbdcl.com/694279f99ff03c06b0d12712)|2026/02/02 05:56|米多 ゆきえ|
|[③トランザクション・ロールバック](https://wiki.jbdcl.com/694279f99ff03c06b0d12714)|2026/02/02 03:38|米多 ゆきえ|
|[④入力チェック](https://wiki.jbdcl.com/694279f99ff03c06b0d12716)|2026/02/02 03:42|米多 ゆきえ|
|[グループ](https://wiki.jbdcl.com/67a9c2899ff03c06b0c8a7ae)|2026/02/05 04:50|石井 教観|
|[S21_タスク詳細画面](https://wiki.jbdcl.com/679354609ff03c06b0ad0d8f)|2026/02/05 04:07|石井 教観|
|[S30_グループ一覧画面](https://wiki.jbdcl.com/679830a09ff03c06b0b0c3d9)|2026/02/05 04:51|石井 教観|
|[S31_グループ詳細画面](https://wiki.jbdcl.com/6798418b9ff03c06b0b107cb)|2026/02/05 04:53|石井 教観|
|[20260204](https://wiki.jbdcl.com/698291789ff03c06b0fec312)|2026/02/04 11:01|砂盃 梨乃|
|[230_2026上期](https://wiki.jbdcl.com/69859f909ff03c06b001f82c)|2026/02/06 05:00|淺野間 龍児|
|[ユーザストーリーマップ（2026）](https://wiki.jbdcl.com/69859fcc9ff03c06b001faeb)|2026/02/06 05:01|淺野間 龍児|
|[20260126-0201のAI最新情報](https://wiki.jbdcl.com/6981487a9ff03c06b0fdf6c3)|2026/02/03 10:00|石井 教観|
|[20260213_](https://wiki.jbdcl.com/6985a60b9ff03c06b002150b)|2026/02/06 05:33|加藤 孝哉|
|[IIJ社UiPathRPA開発支援](https://wiki.jbdcl.com/6984a6cb9ff03c06b000ff23)|2026/02/05 11:18|二角 英樹|
|[ビデオリサーチコミュニケーションズ社Orchestratorバージョンアップ](https://wiki.jbdcl.com/6984a2f89ff03c06b000f9da)|2026/02/05 11:03|二角 英樹|
|[JBD基盤チャットポット利用状況](https://wiki.jbdcl.com/68a54d229ff03c06b0fb39ce)|2026/02/08 05:30|田渕 達也|
|[ランキングページ](https://wiki.jbdcl.com/63a10a4eb5e7e15fd789a29d)|2026/02/08 02:00|田渕 達也|
"
1,yui-watanabe,"### 情報セキュリティ教育（2026）の受講について

@channel 
お疲れ様です。渡辺です。

例年2-3月で実施しております、ISMS（Pマーク含む）教育について、
seculioにて、eラーニングを配信させて頂きました。

下記スケジュールとなっておりますので、
各自ご対応頂きますようよろしくお願い申し上げます。

```
【2026年2月12日～2026年2月27日】

　・役員／顧問
　・経管／人事／開発戦略/事業企画推進
　・西日本
　・中日本

```
```
【2026年3月2日～2026年3月16日】

　・東日本

```

尚、seculioの受講案内がJBDメール宛に届いていると思いますが、
ログインパスワードをお忘れの場合は、ログイン画面から再発行が可能です。

▼ログイン画面
https://seculio.com/login

▼パスワード再設定マニュアル
https://lrm.box.com/s/jgpupub9zv5h6inhzczofl4tteisggou

以上ご対応の程よろしくお願い致します。"
1,yui-watanabe,"### 情報セキュリティ教育 for BP要員 受講 のお願い

@channel 
お疲れ様です。

先ほど、GS回覧板にて下記の皆さまへ
`本部長・事業部長・営業部員・営業庶務担当`
BP要員の皆様へ受講いただく内容について案内させて頂きました。

お忙しいかと存じますが、こちらもご対応の程よろしくお願い致します。"
0,mattermost,"
## JBDナレッジの更新情報 :pencil: 

* 下記のページが１週間以内に更新されています。



　

|ページ|更新日|更新者|
|-|-|
|[製品版ウイルスバスター未実施者リスト](https://wiki.jbdcl.com/68fb1ec39ff03c06b087c18a)|2026/02/15 02:20|田渕 達也|
|[Office2016導入PC](https://wiki.jbdcl.com/65546c2028cf0e07df594ccf)|2026/02/16 01:10|田渕 達也|
|[パスワード変更_未実施者](https://wiki.jbdcl.com/66e90c1b9ff03c06b0fc3a74)|2026/02/15 02:10|田渕 達也|
|[1231_受講者状況](https://wiki.jbdcl.com/63e0960d922bc9d167bd84bb)|2026/02/15 02:50|田渕 達也|
|[10.棚卸未実施一覧](https://wiki.jbdcl.com/655c272828cf0e07df5e3b75)|2026/02/16 01:30|田渕 達也|
|[11.棚卸管理シール貼付け未実施一覧](https://wiki.jbdcl.com/66976f629ff03c06b09395f5)|2026/02/15 01:40|田渕 達也|
|[1260_開発サーバー](https://wiki.jbdcl.com/66c6abb29ff03c06b0d2df54)|2026/02/15 01:50|田渕 達也|
|[Windows10PC一覧](https://wiki.jbdcl.com/6556ba1528cf0e07df5aec55)|2026/02/16 01:20|田渕 達也|
|[セキュリティソフト](https://wiki.jbdcl.com/696f6e9f9ff03c06b0f03d3f)|2026/02/09 10:29|冨澤 裕喜|
|[01_セキュリティソフトの移行状況_未実施一覧](https://wiki.jbdcl.com/696f6ee89ff03c06b0f03e1d)|2026/02/15 02:30|田渕 達也|
|[2024分](https://wiki.jbdcl.com/661624be9ff03c06b0f28182)|2026/02/10 06:04|二瓶 容一|
|[2026年02月(青山)](https://wiki.jbdcl.com/69701a029ff03c06b0f06f04)|2026/02/12 06:48|齊藤 大希|
|[01.事業部会議](https://wiki.jbdcl.com/68228a7c9ff03c06b0292776)|2026/02/09 08:37|深川 憲一|
|[60_菱友システムズ](https://wiki.jbdcl.com/64dae57d28cf0e07df113333)|2026/02/10 05:05|河野 天誠|
|[JBD基盤チャットポット利用状況](https://wiki.jbdcl.com/68a54d229ff03c06b0fb39ce)|2026/02/15 05:30|田渕 達也|
|[ランキングページ](https://wiki.jbdcl.com/63a10a4eb5e7e15fd789a29d)|2026/02/15 02:00|田渕 達也|
"
1,mattermost,"@channel 

## 開発用esxサーバ 修理対応

* 本日サーバのSSDから異音が発生していることが確認されました。
* メーカーに修理依頼をしまして、本日の14時30分に修理対応していただけることになりました。
* 修理対象にある仮想サーバーにつきましては、修理対応中に接続できなくなる可能性があります事ご了承ください。
* 大変申し訳ございませんが、よろしくお願いいたします。

### 修理対象配下の仮想サーバー一覧

| IP アドレス | サーバー名 | 管理者 |
| --- | --- | --- |
| 10.1.102.121 | officedb | @t-imai |
| 10.1.102.120 | officeweb | @t-imai |
| 10.1.102.90 | jaeebook | @t-baba |
| 10.1.102.230 | mindphpvupAPP | @t-baba |
| 10.1.102.231 | mindphpvupDB | @t-baba |
| 10.1.102.130 | nttcsecurec | @t-baba |
| 10.1.102.131 | nttcsecurec2 | @t-baba |
| 10.1.102.20 | jriidmdb | @onoda |
| 10.1.102.60 | jbdtkleor02 | @matsushita |
| 10.1.103.153 | jbdtkccs01 | @k-takeda |
| 10.1.103.152 | jbdtkccs02 | @k-takeda |
| 10.1.102.51 | kampo\_ap\_1 | @k-takeda |
| 10.1.102.50 | kampo\_db\_1 | @k-takeda |
| 10.1.102.40 | sojvuap1 | @k-takeda |
| 10.1.102.41 | sojvuap2 | @k-takeda |
| 10.1.103.170 | Rapidus-hp | @baba |
| 10.1.102.212 | toppan-ele-ip | @baba |
| 10.1.103.183 | midmsdb02 | @ak-takahashi |
| 10.1.103.184 | midmsdb03 | @ak-takahashi |
| 10.1.103.185 | midmsmaster | @ak-takahashi |
| 10.1.102.74 | sodhcp01 | @ak-takahashi |
| 10.1.102.75 | sodhcp02 | @ak-takahashi |
| 10.1.102.81 | whale-db01 | @ak-takahashi |
| 10.1.102.80 | whale-web01 | @ak-takahashi |
"
0,ry-hanada,"@here 
これより、SSDの交換作業を行います。"
0,ry-hanada,"@here 
交換作業完了いたしました。
現在、リビルド中です。"
0,ry-hanada,"@here 
リビルドも無事に管理しました。"
0,mattermost,"
## JBDナレッジの更新情報 :pencil: 

* 下記のページが１週間以内に更新されています。



　

|ページ|更新日|更新者|
|-|-|
|[製品版ウイルスバスター未実施者リスト](https://wiki.jbdcl.com/68fb1ec39ff03c06b087c18a)|2026/02/22 02:20|田渕 達也|
|[Office2016導入PC](https://wiki.jbdcl.com/65546c2028cf0e07df594ccf)|2026/02/23 01:10|田渕 達也|
|[1201_開発戦略本部からのお願い](https://wiki.jbdcl.com/655afc2c28cf0e07df5d900a)|2026/02/20 07:03|冨澤 裕喜|
|[パスワード変更_未実施者](https://wiki.jbdcl.com/66e90c1b9ff03c06b0fc3a74)|2026/02/22 02:10|田渕 達也|
|[1230_社内教育](https://wiki.jbdcl.com/63be6e602569e8f7a4379090)|2026/02/20 06:44|冨澤 裕喜|
|[1231_受講者状況](https://wiki.jbdcl.com/63e0960d922bc9d167bd84bb)|2026/02/22 02:50|田渕 達也|
|[10.棚卸未実施一覧](https://wiki.jbdcl.com/655c272828cf0e07df5e3b75)|2026/02/23 01:30|田渕 達也|
|[11.棚卸管理シール貼付け未実施一覧](https://wiki.jbdcl.com/66976f629ff03c06b09395f5)|2026/02/22 01:40|田渕 達也|
|[1260_開発サーバー](https://wiki.jbdcl.com/66c6abb29ff03c06b0d2df54)|2026/02/22 01:50|田渕 達也|
|[Windows10PC一覧](https://wiki.jbdcl.com/6556ba1528cf0e07df5aec55)|2026/02/23 01:20|田渕 達也|
|[01_セキュリティソフトの移行状況_未実施一覧](https://wiki.jbdcl.com/696f6ee89ff03c06b0f03e1d)|2026/02/22 02:30|田渕 達也|
|[C ＃](https://wiki.jbdcl.com/699522f59ff03c06b00a8069)|2026/02/18 11:40|石川 享平|
|[1.C ＃概要](https://wiki.jbdcl.com/699523be9ff03c06b00a8620)|2026/02/18 12:58|石川 享平|
|[2.環境構築](https://wiki.jbdcl.com/699524699ff03c06b00a89a5)|2026/02/18 11:31|石川 享平|
|[3.基本的なファイル構成](https://wiki.jbdcl.com/699524a59ff03c06b00a8adc)|2026/02/18 11:32|石川 享平|
|[4.関数](https://wiki.jbdcl.com/699527419ff03c06b00a969e)|2026/02/18 11:43|石川 享平|
|[9.注意点など](https://wiki.jbdcl.com/6995854a9ff03c06b00b3b33)|2026/02/18 06:24|石川 享平|
|[Java](https://wiki.jbdcl.com/69966c539ff03c06b00c10c6)|2026/02/19 10:56|長命 海|
|[try-with-resources](https://wiki.jbdcl.com/699656d19ff03c06b00bb50e)|2026/02/19 01:56|長命 海|
|[3-02_リストを表示する](https://wiki.jbdcl.com/6811bee49ff03c06b0210bbe)|2026/02/20 05:18|隈部 摩耶|
|[3-09_(())でmapを利用する](https://wiki.jbdcl.com/68da13729ff03c06b055842e)|2026/02/20 05:03|隈部 摩耶|
|[【番外編_03】BootStrapの基本的なクラス](https://wiki.jbdcl.com/69323db79ff03c06b0c08bb6)|2026/02/20 05:12|隈部 摩耶|
|[3-11_v属性を活用しよう](https://wiki.jbdcl.com/6927f0869ff03c06b0b833cd)|2026/02/20 05:23|隈部 摩耶|
|[intra-mart](https://wiki.jbdcl.com/63a10f2ab5e7e15fd789cd98)|2026/02/19 10:53|前 直樹|
|[00.00.アプリケーション構成](https://wiki.jbdcl.com/69965d439ff03c06b00bc159)|2026/02/19 09:47|前 直樹|
|[Accel Studioの主な機能](https://wiki.jbdcl.com/6495506f922bc9d167fe647c)|2026/02/19 10:43|前 直樹|
|[CookBook](https://wiki.jbdcl.com/699669bd9ff03c06b00bfd27)|2026/02/19 10:44|前 直樹|
|[IM-Workflowのリソース新規追加](https://wiki.jbdcl.com/653f2c9628cf0e07df4c86bf)|2026/02/19 10:36|前 直樹|
|[資格情報](https://wiki.jbdcl.com/699583859ff03c06b00b2f3c)|2026/02/19 12:03|前 直樹|
|[開発標準](https://wiki.jbdcl.com/65c0740828cf0e07dfa68a86)|2026/02/19 11:31|前 直樹|
|[開発標準(ver2023 Autumn以前)](https://wiki.jbdcl.com/6996756f9ff03c06b00c31d0)|2026/02/19 11:36|前 直樹|
|[intra-martのセットアップ方法](https://wiki.jbdcl.com/698d639f9ff03c06b004fb66)|2026/02/20 09:11|藤枝 竜平|
|[詳細設計での注意点](https://wiki.jbdcl.com/694279f89ff03c06b0d126c4)|2026/02/20 09:34|米多 ゆきえ|
|[①要件との整合性を保つ](https://wiki.jbdcl.com/694279f99ff03c06b0d126fa)|2026/02/19 06:20|米多 ゆきえ|
|[⑩レビューを前提に設計する](https://wiki.jbdcl.com/694279f99ff03c06b0d1270c)|2026/02/19 06:27|米多 ゆきえ|
|[①排他制御](https://wiki.jbdcl.com/694279f99ff03c06b0d12710)|2026/02/16 09:03|米多 ゆきえ|
|[②物理削除・論理削除](https://wiki.jbdcl.com/694279f99ff03c06b0d12712)|2026/02/16 09:07|米多 ゆきえ|
|[③トランザクション・ロールバック](https://wiki.jbdcl.com/694279f99ff03c06b0d12714)|2026/02/16 09:11|米多 ゆきえ|
|[データ収集のお願いについて](https://wiki.jbdcl.com/696dbc519ff03c06b0ee974c)|2026/02/19 01:50|砂盃 梨乃|
|[利用方法（チェックを実行する）](https://wiki.jbdcl.com/6821abff9ff03c06b028b088)|2026/02/19 05:48|砂盃 梨乃|
|[S21_タスク詳細画面](https://wiki.jbdcl.com/679354609ff03c06b0ad0d8f)|2026/02/16 02:03|石井 教観|
|[20260202-0208のAI最新情報](https://wiki.jbdcl.com/69925fbb9ff03c06b007b3f1)|2026/02/20 11:16|石井 教観|
|[20260207-0215のAI最新情報](https://wiki.jbdcl.com/6992699e9ff03c06b007d822)|2026/02/19 03:01|石井 教観|
|[20260220_AI時代、エンジニアは何を身につければいい？](https://wiki.jbdcl.com/6997d5659ff03c06b00d6d20)|2026/02/20 01:06|武田 宏喜|
|[20260228_pingは通るのに通信できない](https://wiki.jbdcl.com/6985a60b9ff03c06b002150b)|2026/02/20 10:54|武田 宏喜|
|[2026年02月(青山)](https://wiki.jbdcl.com/69701a029ff03c06b0f06f04)|2026/02/18 04:24|齊藤 大希|
|[02_WAF](https://wiki.jbdcl.com/69141b259ff03c06b0aa6510)|2026/02/18 08:36|藤本 力|
|[メニュー追加](https://wiki.jbdcl.com/697310979ff03c06b0f27d39)|2026/02/20 03:44|石田 瞭平|
|[JBD基盤チャットボット利用状況](https://wiki.jbdcl.com/68a54d229ff03c06b0fb39ce)|2026/02/22 05:30|田渕 達也|
|[ランキングページ](https://wiki.jbdcl.com/63a10a4eb5e7e15fd789a29d)|2026/02/22 02:00|田渕 達也|
"
1,k-oota,"@channel 

### 2026年春の運賃改定に伴う通勤費について

2026年3月14日から全国の鉄道・バスで運賃改定が実施されます。（主に関東地区）
下記の通り申請を行って頂きます様お願い申し上げます。

１．申請方法
●4月1日以降も就労場所は変わらず、通勤費のみ変更になる場合
Xpointより【通勤費変更届】をご提出ください。
```
Xpoint→『業務関連』→『J_G020通勤費変更届』→異動日：2026年3月14日→新通勤経路・金額　に新しい通勤手当を入力ください。
```

●4月1日より就労場所と通勤費が変わる場合
Xpointより【就労場所変更届】をご提出ください。
```
Xpoint→『業務関連』→『J_G022就労場所変更届』→異動日：2026年4月1日→就労場所情報・新通勤経路・金額　に新しい就労場所と通勤手当を入力下さい。
```


２．新通勤費の支給
　　改定後の新通勤費の支給は以下の通りといたします。
　　　**支給日：2026年5月 8日（金）給与より支給**

３．申請期限
　　通勤費変更届及び就労場所変更届のXpoint申請期限は以下の通りといたします。
　　　 **期限：2026年4月17日（金）経管給与担当者着**

　　※期限に間に合わない場合、最終締切：5月8日（金）迄にご提出下さい。
　　　6月10日（水）給与に改定前の通勤費の不足分と合算して支給いたします。"
0,mattermost,"
## JBDナレッジの更新情報 :pencil: 

* 下記のページが１週間以内に更新されています。



　

|ページ|更新日|更新者|
|-|-|
|[製品版ウイルスバスター未実施者リスト](https://wiki.jbdcl.com/68fb1ec39ff03c06b087c18a)|2026/03/01 02:20|田渕 達也|
|[Office2016導入PC](https://wiki.jbdcl.com/65546c2028cf0e07df594ccf)|2026/03/02 01:10|田渕 達也|
|[パスワード変更_未実施者](https://wiki.jbdcl.com/66e90c1b9ff03c06b0fc3a74)|2026/03/01 02:10|田渕 達也|
|[1231_受講者状況](https://wiki.jbdcl.com/63e0960d922bc9d167bd84bb)|2026/03/01 02:50|田渕 達也|
|[10.棚卸未実施一覧](https://wiki.jbdcl.com/655c272828cf0e07df5e3b75)|2026/03/02 01:30|田渕 達也|
|[11.棚卸管理シール貼付け未実施一覧](https://wiki.jbdcl.com/66976f629ff03c06b09395f5)|2026/03/01 01:40|田渕 達也|
|[1260_開発サーバー](https://wiki.jbdcl.com/66c6abb29ff03c06b0d2df54)|2026/03/01 01:50|田渕 達也|
|[Windows10PC一覧](https://wiki.jbdcl.com/6556ba1528cf0e07df5aec55)|2026/03/02 01:20|田渕 達也|
|[01_セキュリティソフトの移行状況_未実施一覧](https://wiki.jbdcl.com/696f6ee89ff03c06b0f03e1d)|2026/03/01 02:30|田渕 達也|
|[1.C ＃概要](https://wiki.jbdcl.com/699523be9ff03c06b00a8620)|2026/02/24 05:08|石川 享平|
|[intra-mart](https://wiki.jbdcl.com/63a10f2ab5e7e15fd789cd98)|2026/02/26 07:04|前 直樹|
|[資格情報](https://wiki.jbdcl.com/699583859ff03c06b00b2f3c)|2026/02/25 02:57|前 直樹|
|[詳細設計での注意点](https://wiki.jbdcl.com/694279f89ff03c06b0d126c4)|2026/02/27 06:49|米多 ゆきえ|
|[0.詳細設計としての用意](https://wiki.jbdcl.com/69a00f969ff03c06b0146e2c)|2026/02/27 06:30|米多 ゆきえ|
|[1.詳細設計時の注意点](https://wiki.jbdcl.com/69427fd49ff03c06b0d156d1)|2026/02/27 10:53|米多 ゆきえ|
|[①レビューを前提に設計する](https://wiki.jbdcl.com/694279f99ff03c06b0d1270c)|2026/02/27 10:54|米多 ゆきえ|
|[②要件との整合性を保つ](https://wiki.jbdcl.com/694279f99ff03c06b0d126fa)|2026/02/26 06:27|米多 ゆきえ|
|[③処理の流れを正確にする](https://wiki.jbdcl.com/694279f99ff03c06b0d12704)|2026/02/26 06:28|米多 ゆきえ|
|[④データ設計を丁寧に行う](https://wiki.jbdcl.com/694279f99ff03c06b0d126fc)|2026/02/26 06:28|米多 ゆきえ|
|[⑤インターフェースの仕様を明確にする](https://wiki.jbdcl.com/694279f99ff03c06b0d1270a)|2026/02/26 06:28|米多 ゆきえ|
|[⑥セキュリティ対策を盛り込む](https://wiki.jbdcl.com/694279f99ff03c06b0d126fe)|2026/02/26 06:28|米多 ゆきえ|
|[⑦保守性・拡張性を意識する](https://wiki.jbdcl.com/694279f99ff03c06b0d12700)|2026/02/26 06:28|米多 ゆきえ|
|[⑧命名規則・コーディング規約を統一する](https://wiki.jbdcl.com/694279f99ff03c06b0d12706)|2026/02/26 06:29|米多 ゆきえ|
|[⑨非機能要件も考慮する](https://wiki.jbdcl.com/694279f99ff03c06b0d12702)|2026/02/26 06:29|米多 ゆきえ|
|[⑩図や表を活用して視覚的にわかりやすくする](https://wiki.jbdcl.com/694279f99ff03c06b0d12708)|2026/02/26 06:29|米多 ゆきえ|
|[02](https://wiki.jbdcl.com/699cfc139ff03c06b00f357e)|2026/02/24 02:14|淺野間 龍児|
|[2025_Sprint08](https://wiki.jbdcl.com/699d6db89ff03c06b010cee5)|2026/02/25 10:48|海野 亮|
|[DS事業部](https://wiki.jbdcl.com/69a01dc29ff03c06b014ac04)|2026/02/26 07:18|前 直樹|
|[XX.会議](https://wiki.jbdcl.com/69a01ea49ff03c06b014afb3)|2026/02/26 07:21|前 直樹|
|[20260303開催](https://wiki.jbdcl.com/69a01ea49ff03c06b014afd7)|2026/02/27 01:59|塩田 祥久|
|[2026年1月(武田)](https://wiki.jbdcl.com/697c4e2f9ff03c06b0fac7f3)|2026/02/25 03:55|武田 宏喜|
|[2026年2月(田中)](https://wiki.jbdcl.com/699e9abc9ff03c06b0123657)|2026/02/27 06:00|田中 覚|
|[勉強会資料](https://wiki.jbdcl.com/66a2fcbc9ff03c06b0a59f50)|2026/02/27 03:01|長命 海|
|[2026年02月(長命)_DBアクセスフレームワークについて](https://wiki.jbdcl.com/686a4e929ff03c06b085c747)|2026/02/27 05:41|長命 海|
|[資料](https://wiki.jbdcl.com/69969bf39ff03c06b00c767e)|2026/02/27 02:21|長命 海|
|[20260228_pingは通るのに通信できない](https://wiki.jbdcl.com/6985a60b9ff03c06b002150b)|2026/02/24 03:52|武田 宏喜|
|[読みやすい資料を作成するには](https://wiki.jbdcl.com/699d5e0e9ff03c06b0108d28)|2026/02/25 10:50|青山 謙二|
|[47期_20260224](https://wiki.jbdcl.com/699d769e9ff03c06b010f11d)|2026/02/24 08:13|花田 亮太|
|[202602開催予定分](https://wiki.jbdcl.com/699d63539ff03c06b010a078)|2026/02/25 03:24|松本 謙礼|
|[06_CloudFront](https://wiki.jbdcl.com/695f9bab9ff03c06b0e54a29)|2026/02/27 07:28|惣司 さくら|
|[JBD基盤チャットボット利用状況](https://wiki.jbdcl.com/68a54d229ff03c06b0fb39ce)|2026/03/01 05:30|田渕 達也|
|[ランキングページ](https://wiki.jbdcl.com/63a10a4eb5e7e15fd789a29d)|2026/03/01 02:00|田渕 達也|
"
1,yui-watanabe,"### 情報セキュリティ教育（2026）受講について
@channel 
お疲れ様です。
先ほど、下記の対象メンバーの方々に
seculioより、eラーニングを配信させて頂きました。

```
【2026年3月2日～2026年3月16日】
　・東日本
```
各自必ずご対応頂きますようよろしくお願い申し上げます。"
1,a-miyabayashi,"@channel 
お疲れ様です。経管 宮林です。
先月行った「労使協定における従業員代表選出」のGSアンケートにご協力いただき、ありがとうございました。
全ての拠点で過半数の可決を得ることができました。

JBDナレッジに協定届の控えを掲載しましたので、必要な方はご利用ください。（協定の有効期間 2026年4月1日～）
[1101\_社内規程 - JBDナレッジ](https://wiki.jbdcl.com/63b6319b7c45329c2d294280)
```
【IV.協定関連】
・労使協定
・時間外労働/休日労働に関する協定届
```
よろしくお願いいたします。"
0,mattermost,"
## JBDナレッジの更新情報 :pencil: 

* 下記のページが１週間以内に更新されています。



　

|ページ|更新日|更新者|
|-|-|
|[1100_経営管理、人事](https://wiki.jbdcl.com/63be511c2569e8f7a4370e58)|2026/03/06 03:20|寺岡 渉|
|[1101_社内規程](https://wiki.jbdcl.com/63b6319b7c45329c2d294280)|2026/03/06 03:25|寺岡 渉|
|[1102_査定シート](https://wiki.jbdcl.com/69aa742a9ff03c06b01f505d)|2026/03/06 03:32|寺岡 渉|
|[製品版ウイルスバスター未実施者リスト](https://wiki.jbdcl.com/68fb1ec39ff03c06b087c18a)|2026/03/08 02:20|田渕 達也|
|[Office2016導入PC](https://wiki.jbdcl.com/65546c2028cf0e07df594ccf)|2026/03/09 01:10|田渕 達也|
|[パスワード変更_未実施者](https://wiki.jbdcl.com/66e90c1b9ff03c06b0fc3a74)|2026/03/08 02:10|田渕 達也|
|[1231_受講者状況](https://wiki.jbdcl.com/63e0960d922bc9d167bd84bb)|2026/03/08 02:50|田渕 達也|
|[10.棚卸未実施一覧](https://wiki.jbdcl.com/655c272828cf0e07df5e3b75)|2026/03/09 01:30|田渕 達也|
|[11.棚卸管理シール貼付け未実施一覧](https://wiki.jbdcl.com/66976f629ff03c06b09395f5)|2026/03/08 01:40|田渕 達也|
|[1260_開発サーバー](https://wiki.jbdcl.com/66c6abb29ff03c06b0d2df54)|2026/03/08 01:50|田渕 達也|
|[Windows10PC一覧](https://wiki.jbdcl.com/6556ba1528cf0e07df5aec55)|2026/03/09 01:20|田渕 達也|
|[01_セキュリティソフトの移行状況_未実施一覧](https://wiki.jbdcl.com/696f6ee89ff03c06b0f03e1d)|2026/03/08 02:30|田渕 達也|
|[06_ネットワーク](https://wiki.jbdcl.com/691ea0c79ff03c06b0b208db)|2026/03/03 06:40|岩本 凌雅|
|[C ＃](https://wiki.jbdcl.com/699522f59ff03c06b00a8069)|2026/03/03 04:59|石川 享平|
|[1.C ＃概要](https://wiki.jbdcl.com/699523be9ff03c06b00a8620)|2026/03/03 04:49|石川 享平|
|[2.環境構築](https://wiki.jbdcl.com/699524699ff03c06b00a89a5)|2026/03/03 05:25|石川 享平|
|[3.基本的なファイル内構成](https://wiki.jbdcl.com/699524a59ff03c06b00a8adc)|2026/03/03 05:43|石川 享平|
|[【番外編_03】BootStrapの基本的なクラス](https://wiki.jbdcl.com/69323db79ff03c06b0c08bb6)|2026/03/05 09:57|隈部 摩耶|
|[3-11_v属性を活用しよう](https://wiki.jbdcl.com/6927f0869ff03c06b0b833cd)|2026/03/05 09:54|隈部 摩耶|
|[【番外編】v-bindは省略できる](https://wiki.jbdcl.com/69a548799ff03c06b0195631)|2026/03/06 09:13|隈部 摩耶|
|[3-12_オブジェクト構文について](https://wiki.jbdcl.com/69a548909ff03c06b019574a)|2026/03/02 05:23|隈部 摩耶|
|[CONFLICT](https://wiki.jbdcl.com/645c46a4922bc9d167de42eb)|2026/03/02 10:41|長命 海|
|[DNSサーバー構築](https://wiki.jbdcl.com/698ee0d09ff03c06b0071c62)|2026/03/06 04:40|澤永 直毅|
|[ロバストネス分析](https://wiki.jbdcl.com/69a7e5d19ff03c06b01c148a)|2026/03/04 05:20|前 直樹|
|[ローコードプロジェクトにおける品質管理（テスト）](https://wiki.jbdcl.com/69a8d8579ff03c06b01cefa5)|2026/03/05 12:01|前 直樹|
|[詳細設計での注意点](https://wiki.jbdcl.com/694279f89ff03c06b0d126c4)|2026/03/05 11:09|米多 ゆきえ|
|[0.詳細設計としての用意](https://wiki.jbdcl.com/69a00f969ff03c06b0146e2c)|2026/03/05 05:47|米多 ゆきえ|
|[1.詳細設計時の注意点](https://wiki.jbdcl.com/69427fd49ff03c06b0d156d1)|2026/03/05 10:57|米多 ゆきえ|
|[①レビューを前提に設計する](https://wiki.jbdcl.com/694279f99ff03c06b0d1270c)|2026/03/05 05:57|米多 ゆきえ|
|[②要件との整合性を保つ](https://wiki.jbdcl.com/694279f99ff03c06b0d126fa)|2026/03/05 05:58|米多 ゆきえ|
|[③処理の流れを正確にする](https://wiki.jbdcl.com/694279f99ff03c06b0d12704)|2026/03/02 05:26|米多 ゆきえ|
|[④データ設計を丁寧に行う](https://wiki.jbdcl.com/694279f99ff03c06b0d126fc)|2026/03/05 05:59|米多 ゆきえ|
|[⑥セキュリティ対策を盛り込む](https://wiki.jbdcl.com/694279f99ff03c06b0d126fe)|2026/03/05 05:48|米多 ゆきえ|
|[⑨非機能要件も考慮する](https://wiki.jbdcl.com/694279f99ff03c06b0d12702)|2026/03/05 10:55|米多 ゆきえ|
|[⑩図や表を活用して視覚的にわかりやすくする](https://wiki.jbdcl.com/694279f99ff03c06b0d12708)|2026/03/05 10:57|米多 ゆきえ|
|[2. 設計時の細部](https://wiki.jbdcl.com/694279f99ff03c06b0d12718)|2026/03/05 10:57|米多 ゆきえ|
|[①排他制御](https://wiki.jbdcl.com/694279f99ff03c06b0d12710)|2026/03/05 10:54|米多 ゆきえ|
|[②物理削除・論理削除](https://wiki.jbdcl.com/694279f99ff03c06b0d12712)|2026/03/05 06:05|米多 ゆきえ|
|[③トランザクション・ロールバック](https://wiki.jbdcl.com/694279f99ff03c06b0d12714)|2026/03/05 09:39|米多 ゆきえ|
|[④入力チェック](https://wiki.jbdcl.com/694279f99ff03c06b0d12716)|2026/03/02 05:30|米多 ゆきえ|
|[20260216-0222のAI最新情報](https://wiki.jbdcl.com/69a4faf89ff03c06b0188a9e)|2026/03/02 11:55|石井 教観|
|[20260223-0229のAI最新情報](https://wiki.jbdcl.com/69a4fdc99ff03c06b01895ce)|2026/03/03 04:20|石井 教観|
|[FP・FF事業部](https://wiki.jbdcl.com/661624489ff03c06b0f27a4e)|2026/03/06 05:33|奥山 美咲|
|[200_年間予定](https://wiki.jbdcl.com/686b4e719ff03c06b087a85a)|2026/03/06 04:30|山口 海伊|
|[20260306](https://wiki.jbdcl.com/69a93d069ff03c06b01db293)|2026/03/05 05:22|武田 宏喜|
|[事業部会議](https://wiki.jbdcl.com/660f4c7f9ff03c06b0eb48b7)|2026/03/02 11:35|荒井 健一郎|
|[2026年03月(荒井)](https://wiki.jbdcl.com/69a5a0029ff03c06b019bd04)|2026/03/02 11:36|荒井 健一郎|
|[読みやすい資料を作成するには](https://wiki.jbdcl.com/699d5e0e9ff03c06b0108d28)|2026/03/04 10:43|青山 謙二|
|[IIJ社UiPathRPA開発支援](https://wiki.jbdcl.com/6984a6cb9ff03c06b000ff23)|2026/03/05 08:05|二角 英樹|
|[ビデオリサーチコミュニケーションズ社Orchestratorバージョンアップ](https://wiki.jbdcl.com/6984a2f89ff03c06b000f9da)|2026/03/05 08:02|二角 英樹|
|[JBD基盤チャットボット利用状況](https://wiki.jbdcl.com/68a54d229ff03c06b0fb39ce)|2026/03/08 05:30|田渕 達也|
|[ランキングページ](https://wiki.jbdcl.com/63a10a4eb5e7e15fd789a29d)|2026/03/08 02:00|田渕 達也|
"
1,morita,"@channel 

## ** Xpointメンテナス（バックアップ）**
---
標記の件につきまして、以下日程で作業を実施します。
作業に伴いサービスを停止しますので、下記時間帯はサービスが利用できません。

■作業日程
**２０２６年３月１０日（火） １８：００ ～ ２１：００**


以上 お手数をおかけしますが、よろしくお願いいたします。"
1,yui-watanabe,"### 初級管理職研修（2026）

@channel 

お疲れ様です。
人事本部の渡辺です。

年間教育計画に基づき、新たに管理職及びアシスタントマネージャーに昇格する社員を
対象にeラーニングによる【初級管理職研修】を本日より実施させて頂きます。
（昨年実施した社員は、対象外となります。）

対象者には本日、JBDメール宛に『【セキュリオ】 eラーニング受講のお願い 』が届いておりますので
ご確認の上、受講頂きますようお願い致します。

```
初級管理職研修（【セキュリオ】eラーニング）                                    

・実施目的
　１．管理職の役割と責任についての理解
　２．管理職として実務上最低限必要な知識（係数管理～労務/契約法務管理等）の学習
　３．上記についての確認テスト

・実施日時（実施者：人事本部）
　2026年3月10日（火）～2026年4月10日（金）            

・対象者
　48期に管理職及びアシスタントマネージャーに昇格する社員
　※既受講者は除く
```
ご不明な点がございましたら、渡辺までお申し付けください。

以上ご対応の程よろしくお願い致します。"
0,morita,"@channel 

時間になりましたので、作業開始させていただきます。"
0,morita,"@channel 

バックアップの取得完了いたしました。
ご協力ありがとうございました。

現時点でサービスへはアクセス可能となっております。

"
0,ry-hanada,"@channel 
【注意喚起】
本日、池袋事業所にHITACHIの電話機器の不具合ということで型番とシリアルを確認する電話がありました。
そもそも、HITACHIの電話機器に不具合とかの報告は上がっていないため、何が目的かとわかりませんが、取り次がない方がよさそうです。

電話番号「05017816811」　リードという会社名を語っていました。

上記番号から掛かってくる電話は無視した方がよさそうです。

"
0,sawai,池袋は着拒しときました
0,daimo,"X-POINT 503エラーとなります。
```
Service Unavailable The server is temporarily unable to service your request due to maintenance downtime or capacity problems. Please try again later.
```"
0,morita,"@all 

復旧しました :man-bowing_light_skin_tone: "
0,mattermost,"
## JBDナレッジの更新情報 :pencil: 

* 下記のページが１週間以内に更新されています。



　

|ページ|更新日|更新者|
|-|-|
|[製品版ウイルスバスター未実施者リスト](https://wiki.jbdcl.com/68fb1ec39ff03c06b087c18a)|2026/03/15 02:20|田渕 達也|
|[Office2016導入PC](https://wiki.jbdcl.com/65546c2028cf0e07df594ccf)|2026/03/16 01:10|田渕 達也|
|[パスワード変更_未実施者](https://wiki.jbdcl.com/66e90c1b9ff03c06b0fc3a74)|2026/03/15 02:10|田渕 達也|
|[1231_受講者状況](https://wiki.jbdcl.com/63e0960d922bc9d167bd84bb)|2026/03/15 02:50|田渕 達也|
|[10.棚卸未実施一覧](https://wiki.jbdcl.com/655c272828cf0e07df5e3b75)|2026/03/16 01:30|田渕 達也|
|[11.棚卸管理シール貼付け未実施一覧](https://wiki.jbdcl.com/66976f629ff03c06b09395f5)|2026/03/15 01:40|田渕 達也|
|[1260_開発サーバー](https://wiki.jbdcl.com/66c6abb29ff03c06b0d2df54)|2026/03/15 01:50|田渕 達也|
|[Windows10PC一覧](https://wiki.jbdcl.com/6556ba1528cf0e07df5aec55)|2026/03/16 01:20|田渕 達也|
|[01_セキュリティソフトの移行状況_未実施一覧](https://wiki.jbdcl.com/696f6ee89ff03c06b0f03e1d)|2026/03/15 02:30|田渕 達也|
|[3.基本的なファイル内構成](https://wiki.jbdcl.com/699524a59ff03c06b00a8adc)|2026/03/09 01:34|石川 享平|
|[4.関数](https://wiki.jbdcl.com/699527419ff03c06b00a969e)|2026/03/13 06:04|石川 享平|
|[9.注意点など](https://wiki.jbdcl.com/6995854a9ff03c06b00b3b33)|2026/03/13 06:17|石川 享平|
|[200.ServiceNowの機能](https://wiki.jbdcl.com/66f9f7469ff03c06b00fc09d)|2026/03/12 11:33|目黒 陸|
|[300.開発ナレッジ](https://wiki.jbdcl.com/686dcd099ff03c06b08fe794)|2026/03/12 11:34|目黒 陸|
|[301.開発時に知っておきたいこと](https://wiki.jbdcl.com/69b227259ff03c06b0264274)|2026/03/12 11:47|目黒 陸|
|[Accel Studioの主な機能](https://wiki.jbdcl.com/6495506f922bc9d167fe647c)|2026/03/09 11:21|前 直樹|
|[Playwright](https://wiki.jbdcl.com/69ae2f369ff03c06b0213be3)|2026/03/09 03:59|前 直樹|
|[RHEL9.6にoracle19c導入](https://wiki.jbdcl.com/69b2203b9ff03c06b02628b5)|2026/03/13 02:21|澤永 直毅|
|[2706_TIBCO Data Virtualization](https://wiki.jbdcl.com/694e214b9ff03c06b0dca95e)|2026/03/09 04:26|木暮 優人|
|[2.データ仮想化について](https://wiki.jbdcl.com/694e22e09ff03c06b0dcbe58)|2026/03/09 03:18|木暮 優人|
|[3.TIBCO Data Virtualizationとは](https://wiki.jbdcl.com/69ae65819ff03c06b02247f6)|2026/03/09 03:53|木暮 優人|
|[4.TDVの特徴](https://wiki.jbdcl.com/69ae65ac9ff03c06b02248a1)|2026/03/09 03:59|木暮 優人|
|[5.TDVが解決に貢献できる課題例](https://wiki.jbdcl.com/69ae65cf9ff03c06b0224936)|2026/03/09 04:04|木暮 優人|
|[6.本ソリューションの適用対象](https://wiki.jbdcl.com/69ae65f69ff03c06b0224a1d)|2026/03/09 04:07|木暮 優人|
|[2707_TIBCO BusinessWorks 5 (BW5)](https://wiki.jbdcl.com/69ae766d9ff03c06b022aa3b)|2026/03/09 04:28|木暮 優人|
|[1. TIBCO BusinessWorks 5とは](https://wiki.jbdcl.com/69ae76b19ff03c06b022ac09)|2026/03/09 04:53|木暮 優人|
|[2.システム統合(EAI)の必要性](https://wiki.jbdcl.com/69ae76db9ff03c06b022aca1)|2026/03/09 04:52|木暮 優人|
|[3. TIBCO BusinessWorks 5 の主な機能](https://wiki.jbdcl.com/69ae7c829ff03c06b022c120)|2026/03/09 04:57|木暮 優人|
|[Bearer認証の基礎知識](https://wiki.jbdcl.com/697c5fcf9ff03c06b0fb32a7)|2026/03/09 03:52|原田 真光|
|[1．Bearer認証とは](https://wiki.jbdcl.com/697c602e9ff03c06b0fb35a0)|2026/03/09 03:52|原田 真光|
|[2．認証方式の変遷：従来型が抱える課題](https://wiki.jbdcl.com/697c60bb9ff03c06b0fb3c03)|2026/03/09 03:52|原田 真光|
|[3．Bearer認証の仕組みと実務設計](https://wiki.jbdcl.com/69ae33189ff03c06b021546d)|2026/03/09 03:53|原田 真光|
|[4．認証サーバ（IDプロバイダ）について](https://wiki.jbdcl.com/69ae34c19ff03c06b021602c)|2026/03/09 03:53|原田 真光|
|[5．トークンの主流「JWT」の構造とクレーム](https://wiki.jbdcl.com/69ae350f9ff03c06b02164d3)|2026/03/09 03:53|原田 真光|
|[20260223-0301のAI最新情報](https://wiki.jbdcl.com/69a4fdc99ff03c06b01895ce)|2026/03/09 11:24|石井 教観|
|[20260302-0308のAI最新情報](https://wiki.jbdcl.com/69ae72829ff03c06b02295d6)|2026/03/13 01:29|石井 教観|
|[FP・FF事業部](https://wiki.jbdcl.com/661624489ff03c06b0f27a4e)|2026/03/12 06:44|安藤 大貴|
|[200_年間予定](https://wiki.jbdcl.com/686b4e719ff03c06b087a85a)|2026/03/13 03:20|恩田 優|
|[20260306_ER図の考え方入門](https://wiki.jbdcl.com/69a93d069ff03c06b01db293)|2026/03/13 07:22|武田 宏喜|
|[2026年03月(荒井)](https://wiki.jbdcl.com/69a5a0029ff03c06b019bd04)|2026/03/11 04:52|林田 真人|
|[共有情報・勉強会資料等](https://wiki.jbdcl.com/66b2d0f79ff03c06b0bee050)|2026/03/10 10:15|米山 柚月|
|[「値渡し」と「参照渡し」](https://wiki.jbdcl.com/69af70b99ff03c06b02360e5)|2026/03/11 03:40|米山 柚月|
|[4月期切替え（基幹移行／組織改編）](https://wiki.jbdcl.com/69b3d16f9ff03c06b0289e33)|2026/03/13 06:00|藤本 正貫|
|[21_保守関連](https://wiki.jbdcl.com/6811e3559ff03c06b0217116)|2026/03/11 11:02|藤本 力|
|[01_Cognito](https://wiki.jbdcl.com/69141af29ff03c06b0aa63fe)|2026/03/11 04:22|藤本 力|
|[01_環境構築](https://wiki.jbdcl.com/669638f19ff03c06b090e6a8)|2026/03/12 02:17|西尾 啓太郎|
|[SupportAssistの適用方法](https://wiki.jbdcl.com/66272f239ff03c06b0089bad)|2026/03/12 02:03|冨澤 裕喜|
|[JBD基盤チャットボット利用状況](https://wiki.jbdcl.com/68a54d229ff03c06b0fb39ce)|2026/03/15 05:30|田渕 達也|
|[ランキングページ](https://wiki.jbdcl.com/63a10a4eb5e7e15fd789a29d)|2026/03/15 02:00|田渕 達也|
"
0,mattermost,"
## JBDナレッジの更新情報 :pencil: 

* 下記のページが１週間以内に更新されています。



　

|ページ|更新日|更新者|
|-|-|
|[1101_社内規程](https://wiki.jbdcl.com/63b6319b7c45329c2d294280)|2026/03/16 09:40|寺岡 渉|
|[1102_査定シート](https://wiki.jbdcl.com/69aa742a9ff03c06b01f505d)|2026/03/16 05:58|寺岡 渉|
|[1104_JBDカレンダー](https://wiki.jbdcl.com/63bf5f1e2569e8f7a437a8c0)|2026/03/18 11:34|上西 歩未|
|[1105_会議スケジュール](https://wiki.jbdcl.com/63bf71032569e8f7a437b654)|2026/03/18 12:00|上西 歩未|
|[製品版ウイルスバスター未実施者リスト](https://wiki.jbdcl.com/68fb1ec39ff03c06b087c18a)|2026/03/22 02:20|田渕 達也|
|[Office2016導入PC](https://wiki.jbdcl.com/65546c2028cf0e07df594ccf)|2026/03/23 01:10|田渕 達也|
|[1201_開発戦略本部からのお願い](https://wiki.jbdcl.com/655afc2c28cf0e07df5d900a)|2026/03/19 05:38|冨澤 裕喜|
|[1203_JBD基盤ツールの使い方](https://wiki.jbdcl.com/63a949633dc1ab0d20ef3dff)|2026/03/17 03:25|上西 歩未|
|[1210_01_Mattermostのコマンド](https://wiki.jbdcl.com/63be6af82569e8f7a437836d)|2026/03/18 04:09|冨澤 裕喜|
|[パスワード変更_未実施者](https://wiki.jbdcl.com/66e90c1b9ff03c06b0fc3a74)|2026/03/22 02:10|田渕 達也|
|[1231_受講者状況](https://wiki.jbdcl.com/63e0960d922bc9d167bd84bb)|2026/03/22 02:50|田渕 達也|
|[10.棚卸未実施一覧](https://wiki.jbdcl.com/655c272828cf0e07df5e3b75)|2026/03/23 01:30|田渕 達也|
|[11.棚卸管理シール貼付け未実施一覧](https://wiki.jbdcl.com/66976f629ff03c06b09395f5)|2026/03/22 01:40|田渕 達也|
|[1260_開発サーバー](https://wiki.jbdcl.com/66c6abb29ff03c06b0d2df54)|2026/03/22 01:50|田渕 達也|
|[Windows10PC一覧](https://wiki.jbdcl.com/6556ba1528cf0e07df5aec55)|2026/03/23 01:20|田渕 達也|
|[01_セキュリティソフトの移行状況_未実施一覧](https://wiki.jbdcl.com/696f6ee89ff03c06b0f03e1d)|2026/03/22 02:30|田渕 達也|
|[C ＃](https://wiki.jbdcl.com/699522f59ff03c06b00a8069)|2026/03/17 11:39|石川 享平|
|[4.関数](https://wiki.jbdcl.com/699527419ff03c06b00a969e)|2026/03/18 11:32|石川 享平|
|[9.豆知識](https://wiki.jbdcl.com/6995854a9ff03c06b00b3b33)|2026/03/18 02:22|石川 享平|
|[2707_TIBCO BusinessWorks 5 (BW5)](https://wiki.jbdcl.com/69ae766d9ff03c06b022aa3b)|2026/03/16 05:40|木暮 優人|
|[3. TIBCO BusinessWorks 5 の主な機能](https://wiki.jbdcl.com/69ae7c829ff03c06b022c120)|2026/03/16 05:15|木暮 優人|
|[4. TIBCO BusinessWorks 5の特徴](https://wiki.jbdcl.com/69b7bc6e9ff03c06b02a783c)|2026/03/16 05:24|木暮 優人|
|[5. 導入を推奨する対象者・部門](https://wiki.jbdcl.com/69b7be6e9ff03c06b02a7cd1)|2026/03/16 05:27|木暮 優人|
|[6. 本ソリューションのまとめ](https://wiki.jbdcl.com/69b7bef69ff03c06b02a80c9)|2026/03/16 05:30|木暮 優人|
|[2708_TIBCO Activation Service](https://wiki.jbdcl.com/69b7bfd99ff03c06b02a83d5)|2026/03/16 05:31|木暮 優人|
|[1. TIBCO Activation Serviceとは](https://wiki.jbdcl.com/69b7c21f9ff03c06b02a9b0e)|2026/03/16 05:47|木暮 優人|
|[2. TIBCO Activation Service の必要性](https://wiki.jbdcl.com/69b7c3b09ff03c06b02aa8cd)|2026/03/16 05:51|木暮 優人|
|[3. TIBCO Activation Service 概要](https://wiki.jbdcl.com/69b7c4989ff03c06b02aafeb)|2026/03/16 05:51|木暮 優人|
|[03](https://wiki.jbdcl.com/69ba12209ff03c06b02ccaba)|2026/03/18 01:06|砂盃 梨乃|
|[開発環境デプロイ手順](https://wiki.jbdcl.com/69b7477d9ff03c06b0291a79)|2026/03/19 04:32|木下 凌介|
|[300_2026年開発（仮）](https://wiki.jbdcl.com/69ba2af69ff03c06b02cf908)|2026/03/18 01:32|淺野間 龍児|
|[成果物アイデア案](https://wiki.jbdcl.com/69ba2b129ff03c06b02cfa69)|2026/03/18 03:38|淺野間 龍児|
|[20260302-0308のAI最新情報](https://wiki.jbdcl.com/69ae72829ff03c06b02295d6)|2026/03/18 10:09|石井 教観|
|[20260309-0315のAI最新情報](https://wiki.jbdcl.com/69b9fac39ff03c06b02c8eb6)|2026/03/18 10:08|石井 教観|
|[2026年04月(青山)](https://wiki.jbdcl.com/69ba43af9ff03c06b02d4c9f)|2026/03/18 03:28|青山 謙二|
|[47期](https://wiki.jbdcl.com/69ba41c69ff03c06b02d36fe)|2026/03/18 03:10|青山 謙二|
|[決定することはストレスが溜まるのだよ](https://wiki.jbdcl.com/69b759ed9ff03c06b02986d9)|2026/03/18 06:20|青山 謙二|
|[その他](https://wiki.jbdcl.com/69bbbb0c9ff03c06b02f3d9e)|2026/03/19 05:59|若林 晃|
|[SVN関連](https://wiki.jbdcl.com/69bbd1079ff03c06b02fa3b2)|2026/03/19 07:33|若林 晃|
|[コミット](https://wiki.jbdcl.com/69bbd2bb9ff03c06b02fb5d7)|2026/03/19 07:41|若林 晃|
|[コミット差し戻し](https://wiki.jbdcl.com/69bbd2f29ff03c06b02fb785)|2026/03/19 07:42|若林 晃|
|[コミット後の差分の確認](https://wiki.jbdcl.com/69bbd36d9ff03c06b02fbb03)|2026/03/19 07:44|若林 晃|
|[ブランチの作成](https://wiki.jbdcl.com/69bbd1d19ff03c06b02fadc1)|2026/03/19 07:37|若林 晃|
|[ブランチの切り替え](https://wiki.jbdcl.com/69bbd24e9ff03c06b02fb2eb)|2026/03/19 07:40|若林 晃|
|[ブランチの削除](https://wiki.jbdcl.com/69bbd21c9ff03c06b02fb126)|2026/03/19 07:38|若林 晃|
|[マージ](https://wiki.jbdcl.com/69bbd3279ff03c06b02fb937)|2026/03/19 07:43|若林 晃|
|[導入の手順](https://wiki.jbdcl.com/69bbd1519ff03c06b02fa88a)|2026/03/19 07:35|若林 晃|
|[導入の経緯](https://wiki.jbdcl.com/69bbd1de9ff03c06b02fae85)|2026/03/19 07:37|若林 晃|
|[用語集](https://wiki.jbdcl.com/69bbd1909ff03c06b02faa54)|2026/03/19 07:36|若林 晃|
|[マスタメンテナンスについて](https://wiki.jbdcl.com/69bbbb909ff03c06b02f4473)|2026/03/19 06:02|若林 晃|
|[資料の持ち出しと持ち込みについて](https://wiki.jbdcl.com/69bbbb179ff03c06b02f3e08)|2026/03/19 06:00|若林 晃|
|[軽技について](https://wiki.jbdcl.com/69bbbb6c9ff03c06b02f429f)|2026/03/19 06:01|若林 晃|
|[リモートビュー](https://wiki.jbdcl.com/69bbb9c09ff03c06b02f2e02)|2026/03/19 05:54|若林 晃|
|[リモートビュー作業のながれ](https://wiki.jbdcl.com/69bbb9ef9ff03c06b02f2fa4)|2026/03/19 05:55|若林 晃|
|[リモートビュー導入の経緯](https://wiki.jbdcl.com/69bbb9d19ff03c06b02f2e4c)|2026/03/19 05:55|若林 晃|
|[保守業務について](https://wiki.jbdcl.com/6763dd3a9ff03c06b0859e77)|2026/03/19 05:34|若林 晃|
|[DBのバックアップについて](https://wiki.jbdcl.com/69bbb55c9ff03c06b02f079d)|2026/03/19 05:36|若林 晃|
|[ソースの本番環境反映の流れ](https://wiki.jbdcl.com/69bbb6a89ff03c06b02f10fb)|2026/03/19 05:42|若林 晃|
|[ソースファイルの作成](https://wiki.jbdcl.com/69bbb6389ff03c06b02f0dc2)|2026/03/19 05:39|若林 晃|
|[テスト環境DBの変更手順](https://wiki.jbdcl.com/69bbb7249ff03c06b02f1492)|2026/03/19 05:43|若林 晃|
|[テスト環境反映の流れ](https://wiki.jbdcl.com/69bbb66b9ff03c06b02f0f5a)|2026/03/19 05:40|若林 晃|
|[データ補正について](https://wiki.jbdcl.com/6763dd6f9ff03c06b085a15f)|2026/03/19 05:44|若林 晃|
|[データ補正の流れ](https://wiki.jbdcl.com/69bbb7789ff03c06b02f1839)|2026/03/19 05:45|若林 晃|
|[保守に関連する各種エクセルについて](https://wiki.jbdcl.com/69bbb7f69ff03c06b02f1c82)|2026/03/19 05:47|若林 晃|
|[保守作業作業依頼管理表](https://wiki.jbdcl.com/69bbb89d9ff03c06b02f220e)|2026/03/19 05:50|若林 晃|
|[保守作業内部連絡票](https://wiki.jbdcl.com/69bbb8c89ff03c06b02f236e)|2026/03/19 05:50|若林 晃|
|[保守作業月報](https://wiki.jbdcl.com/69bbb8329ff03c06b02f1d57)|2026/03/19 05:48|若林 晃|
|[改修作業作業管理表](https://wiki.jbdcl.com/69bbb8759ff03c06b02f2004)|2026/03/19 05:49|若林 晃|
|[保守の作業の流れ](https://wiki.jbdcl.com/69bbb4ff9ff03c06b02f01eb)|2026/03/19 05:35|若林 晃|
|[月の保守の最終日に行うこと](https://wiki.jbdcl.com/69bbb7ae9ff03c06b02f19b4)|2026/03/19 05:46|若林 晃|
|[本番環境でエラーが発生した際の対処](https://wiki.jbdcl.com/69bbb5be9ff03c06b02f0962)|2026/03/19 05:38|若林 晃|
|[本番環境の再起動](https://wiki.jbdcl.com/69bbb60a9ff03c06b02f0c2d)|2026/03/19 05:39|若林 晃|
|[本番環境反映後の流れ](https://wiki.jbdcl.com/69bbb6f39ff03c06b02f12f7)|2026/03/19 05:43|若林 晃|
|[毎年行っている作業について](https://wiki.jbdcl.com/69bbbb3d9ff03c06b02f3fa4)|2026/03/19 06:01|若林 晃|
|[その他学校業務](https://wiki.jbdcl.com/69bbcf329ff03c06b02f993d)|2026/03/19 07:26|若林 晃|
|[各種入試](https://wiki.jbdcl.com/69bbccf89ff03c06b02f8a1a)|2026/03/19 07:16|若林 晃|
|[入学手続](https://wiki.jbdcl.com/69bbcdfd9ff03c06b02f90cb)|2026/03/19 07:21|若林 晃|
|[出願受付](https://wiki.jbdcl.com/69bbcd419ff03c06b02f8b63)|2026/03/19 07:18|若林 晃|
|[合否判定](https://wiki.jbdcl.com/69bbcd939ff03c06b02f8da8)|2026/03/19 07:20|若林 晃|
|[学力試験](https://wiki.jbdcl.com/69bbcc7d9ff03c06b02f86f5)|2026/03/19 07:15|若林 晃|
|[学籍管理](https://wiki.jbdcl.com/69bbcb499ff03c06b02f7eb5)|2026/03/19 07:14|若林 晃|
|[成績評価](https://wiki.jbdcl.com/69bbc7429ff03c06b02f5c6c)|2026/03/19 06:57|若林 晃|
|[クラス管理](https://wiki.jbdcl.com/69bbc9df9ff03c06b02f71ff)|2026/03/19 07:04|若林 晃|
|[各定期試験](https://wiki.jbdcl.com/69bbc8509ff03c06b02f689d)|2026/03/19 07:02|若林 晃|
|[学年末・高3定期試験](https://wiki.jbdcl.com/69bbca6e9ff03c06b02f77a7)|2026/03/19 07:07|若林 晃|
|[選択教科・科目](https://wiki.jbdcl.com/69bbcaf99ff03c06b02f7ac9)|2026/03/19 07:08|若林 晃|
|[早大推薦](https://wiki.jbdcl.com/69bbced69ff03c06b02f9689)|2026/03/19 07:25|若林 晃|
|[校内活動](https://wiki.jbdcl.com/69bbce769ff03c06b02f940a)|2026/03/19 07:24|若林 晃|
|[機能について](https://wiki.jbdcl.com/69bbcffc9ff03c06b02f9c1e)|2026/03/19 07:29|若林 晃|
|[行事の立ち合い](https://wiki.jbdcl.com/69bbba139ff03c06b02f3122)|2026/03/19 05:55|若林 晃|
|[クラス編成・学年末判定委員会・判定会](https://wiki.jbdcl.com/69bbba9d9ff03c06b02f3783)|2026/03/19 05:58|若林 晃|
|[各定期試験](https://wiki.jbdcl.com/69bbbae79ff03c06b02f3ba4)|2026/03/19 05:59|若林 晃|
|[各種入試](https://wiki.jbdcl.com/69bbba6c9ff03c06b02f3583)|2026/03/19 05:57|若林 晃|
|[学力試験](https://wiki.jbdcl.com/69bbba1a9ff03c06b02f3164)|2026/03/19 05:56|若林 晃|
|[年次更新](https://wiki.jbdcl.com/69bbbaba9ff03c06b02f392e)|2026/03/19 05:59|若林 晃|
|[早大推薦](https://wiki.jbdcl.com/69bbbade9ff03c06b02f3a8f)|2026/03/19 05:59|若林 晃|
|[開発業務について](https://wiki.jbdcl.com/69bbb8f39ff03c06b02f2735)|2026/03/19 05:52|若林 晃|
|[持ち帰り（保守内）開発について](https://wiki.jbdcl.com/69bbb9709ff03c06b02f2a9b)|2026/03/19 05:53|若林 晃|
|[現地テストのながれ](https://wiki.jbdcl.com/69bbb9999ff03c06b02f2c39)|2026/03/19 05:54|若林 晃|
|[開発の作業のながれ](https://wiki.jbdcl.com/69bbb9299ff03c06b02f284a)|2026/03/19 05:52|若林 晃|
|[JBD基盤チャットボット利用状況](https://wiki.jbdcl.com/68a54d229ff03c06b0fb39ce)|2026/03/22 05:30|田渕 達也|
|[ランキングページ](https://wiki.jbdcl.com/63a10a4eb5e7e15fd789a29d)|2026/03/22 02:00|田渕 達也|
"
1,k-oota,"@channel 

### 給与・賞与に関するお知らせ


下記3点お知らせをいたします。
ご確認の程、よろしくお願いいたします。


#### ①47期決算賞与明細書掲載について

下記日程で掲載いたします。
※支給日は2026年4月3日（金）です。

##### 【掲載日時】
##### 2026年3月31日(火)　午前9時　
   　


#### ②保険料率改定（健康保険・介護保険）

2026年3月分（4/10給与）から、健康保険・介護保険料率が下記の通り改定となります。
　　　　
【健康保険料率】

○改定前
個人負担：4.45％　／　会社負担：4.45％　／　合計：8.9％

○改定後
個人負担：4.70％　／　会社負担：4.70％　／　合計：9.4％

【介護保険料率】

○改定前
個人負担：0.90％　／　会社負担：0.90％　／　合計：1.80％

○改定後
個人負担：0.85％　／　会社負担：0.85％　／　合計：1.70％



#### ③子供・子育て支援金について

2026年4月分（5/8給与）より支援金の徴収が開始されます。
https://www.tjk.gr.jp/news/kodomo-kosodate.html

（注意）4月に支給される決算賞与より支援金の徴収開始となります
　　　　（賞与につきましては、支給する月に対応した保険料率を適用）

【子供・子育て支援金率】
個人負担：0.115％　／　会社負担：0.115％　／　合計：0.23％"
1,morita,"@channel 

## **年度切替対応のお知らせ**

標記の件につきまして、以下日程で作業を実施します。

■作業日程
**２０２６年３月３１日（火） １８：００～**

#### 作業内容

* 所属組織の変更
* JBD基盤のマスタ反映
* JBD基盤サービスの年度切替通知

##### 注意

上記の時間は以下サービスは停止しますのでご注意ください。

* Xpoint
* GroupSession

以上 お手数をおかけしますが、よろしくお願いいたします。"
0,mattermost,"
## JBDナレッジの更新情報 :pencil: 

* 下記のページが１週間以内に更新されています。



　

|ページ|更新日|更新者|
|-|-|
|[製品版ウイルスバスター未実施者リスト](https://wiki.jbdcl.com/68fb1ec39ff03c06b087c18a)|2026/03/29 02:20|田渕 達也|
|[Office2016導入PC](https://wiki.jbdcl.com/65546c2028cf0e07df594ccf)|2026/03/30 01:10|田渕 達也|
|[1201_開発戦略本部からのお願い](https://wiki.jbdcl.com/655afc2c28cf0e07df5d900a)|2026/03/23 09:59|冨澤 裕喜|
|[パスワード変更_未実施者](https://wiki.jbdcl.com/66e90c1b9ff03c06b0fc3a74)|2026/03/29 02:10|田渕 達也|
|[1231_受講者状況](https://wiki.jbdcl.com/63e0960d922bc9d167bd84bb)|2026/03/29 02:50|田渕 達也|
|[10.棚卸未実施一覧](https://wiki.jbdcl.com/655c272828cf0e07df5e3b75)|2026/03/30 01:30|田渕 達也|
|[11.棚卸管理シール貼付け未実施一覧](https://wiki.jbdcl.com/66976f629ff03c06b09395f5)|2026/03/29 01:40|田渕 達也|
|[1260_開発サーバー](https://wiki.jbdcl.com/66c6abb29ff03c06b0d2df54)|2026/03/29 01:50|田渕 達也|
|[Windows10PC一覧](https://wiki.jbdcl.com/6556ba1528cf0e07df5aec55)|2026/03/30 01:20|田渕 達也|
|[01_セキュリティソフトの移行状況_未実施一覧](https://wiki.jbdcl.com/696f6ee89ff03c06b0f03e1d)|2026/03/29 02:30|田渕 達也|
|[230.パッチ](https://wiki.jbdcl.com/69c235509ff03c06b032983f)|2026/03/24 03:56|目黒 陸|
|[230-1.パッチについて](https://wiki.jbdcl.com/69c235739ff03c06b03299eb)|2026/03/24 05:29|目黒 陸|
|[301.開発時に知っておきたいこと](https://wiki.jbdcl.com/69b227259ff03c06b0264274)|2026/03/24 01:59|目黒 陸|
|[③トランザクション・ロールバック](https://wiki.jbdcl.com/694279f99ff03c06b0d12714)|2026/03/23 04:45|米多 ゆきえ|
|[03](https://wiki.jbdcl.com/69ba12209ff03c06b02ccaba)|2026/03/24 02:04|砂盃 梨乃|
|[議事録](https://wiki.jbdcl.com/69c332249ff03c06b033b47a)|2026/03/25 09:55|砂盃 梨乃|
|[開発環境デプロイ手順](https://wiki.jbdcl.com/69b7477d9ff03c06b0291a79)|2026/03/25 03:16|木下 凌介|
|[成果物アイデア案](https://wiki.jbdcl.com/69ba2b129ff03c06b02cfa69)|2026/03/24 08:34|淺野間 龍児|
|[板書](https://wiki.jbdcl.com/69c52e999ff03c06b035b986)|2026/03/27 04:58|木下 凌介|
|[20260309-0315のAI最新情報](https://wiki.jbdcl.com/69b9fac39ff03c06b02c8eb6)|2026/03/23 01:27|石井 教観|
|[20260316-0322のAI最新情報](https://wiki.jbdcl.com/69c0972c9ff03c06b03085ad)|2026/03/23 07:24|石井 教観|
|[20260323-0329のAI最新情報](https://wiki.jbdcl.com/69c2415c9ff03c06b032cb87)|2026/03/24 04:47|石井 教観|
|[FP・FF事業部](https://wiki.jbdcl.com/661624489ff03c06b0f27a4e)|2026/03/23 03:10|隈部 摩耶|
|[200_年間予定](https://wiki.jbdcl.com/686b4e719ff03c06b087a85a)|2026/03/24 03:46|奥山 美咲|
|[2026年3月(小山)](https://wiki.jbdcl.com/69c225709ff03c06b0325f7a)|2026/03/27 05:35|小山 亮|
|[2026年03月(馬見)_クエリ設計の考慮事項について](https://wiki.jbdcl.com/69c49e769ff03c06b0351c62)|2026/03/27 03:42|馬見 海人|
|[2026年04月(青山)](https://wiki.jbdcl.com/69ba43af9ff03c06b02d4c9f)|2026/03/25 05:07|青山 謙二|
|[決定することはストレスが溜まる](https://wiki.jbdcl.com/69b759ed9ff03c06b02986d9)|2026/03/23 06:39|青山 謙二|
|[読みやすい資料を作成するには](https://wiki.jbdcl.com/699d5e0e9ff03c06b0108d28)|2026/03/25 02:07|青山 謙二|
|[47期_20260324](https://wiki.jbdcl.com/69c260a29ff03c06b0330c47)|2026/03/24 08:58|花田 亮太|
|[その他](https://wiki.jbdcl.com/69bbbb0c9ff03c06b02f3d9e)|2026/03/27 05:23|若林 晃|
|[リモートビュー](https://wiki.jbdcl.com/69bbb9c09ff03c06b02f2e02)|2026/03/27 05:24|若林 晃|
|[保守業務について](https://wiki.jbdcl.com/6763dd3a9ff03c06b0859e77)|2026/03/27 05:25|若林 晃|
|[帳票の一覧](https://wiki.jbdcl.com/68f96ea09ff03c06b084825c)|2026/03/27 05:26|若林 晃|
|[年間行事予定](https://wiki.jbdcl.com/68f96e839ff03c06b084815b)|2026/03/27 05:18|若林 晃|
|[機能について](https://wiki.jbdcl.com/69bbcffc9ff03c06b02f9c1e)|2026/03/27 05:27|若林 晃|
|[行事の立ち合い](https://wiki.jbdcl.com/69bbba139ff03c06b02f3122)|2026/03/27 05:28|若林 晃|
|[開発業務について](https://wiki.jbdcl.com/69bbb8f39ff03c06b02f2735)|2026/03/27 05:29|若林 晃|
|[Erwin（ER図作成手順）](https://wiki.jbdcl.com/6805de0d9ff03c06b0184bed)|2026/03/24 04:11|石田 瞭平|
|[JBD基盤チャットボット利用状況](https://wiki.jbdcl.com/68a54d229ff03c06b0fb39ce)|2026/03/29 05:30|田渕 達也|
|[ランキングページ](https://wiki.jbdcl.com/63a10a4eb5e7e15fd789a29d)|2026/03/29 02:00|田渕 達也|
"
1,k-oota,"@channel 
### Zaion年度切替について

48期組織変更に伴い、勤怠管理システム（Zaion）のメンテナンスを下記日程で行います。
メンテナンス日はワークフロー申請等は行わないようお願いいたします。
##### （注意）4月から決済者が変更になる方は、メンテナンス終了後に4月分の申請をお願いいたします。

##### 【実施日】
#####     　　2026年4月7日（火）


##### 【内容】
　・組織変更
　・定時後の休憩時間見直しによる残業計算変更
　・昇格に伴う残業計算変更及び勤務区分変更


ご迷惑をお掛けいたしますが、ご協力の程よろしくお願いいたします。 "
0,morita,"@all 

時間となりましたので、作業開始いたします。"
0,morita,"@all 

GroupSession 切替完了しました。
Xpoint は現在バックアップを取得中です。
"
1,morita,"@channel 

#### Xpoint 完了

組織変更に伴い以下の期間は４７期、４８期の両方に所属した状態となります。

並行所属期間：２０２６年３月３１日（火） ～ ２０２６年４月２０日（月）

４７期組織にて申請を上げる必要がある場合は、上記期間内にお願いします。
申請時の所属組織は、各申請フォームの設定より変更することが可能です。
※主所属は４８期組織となりますので、設定を変更しない場合は４８期組織での申請となります。
　なお以前の申請をコピーで利用した場合、所属組織がコピー元申請の所属組織になりますので、ご留意ください。"
1,mattermost,"@channel

## **年度切替の開始お知らせ**

* JBD基盤のマスタ反映を実施します。
* JBD基盤サービスの年度切替通知を行います。

### JBD基盤マスタ

* ユーザー情報
* 事業部情報
* 役職情報

### JBD基盤サービス

* プロジェクト企画申請
* メーリングリスト申請
* オンラインストレージ利用申請
* 開発用サーバー利用申請
* Redmine外部共有申請"
1,mattermost,"@channel

## **年度切替の終了お知らせ**

* 所属組織の変更が完了しました。
* JBD基盤のマスタ反映が完了しました。
* JBD基盤サービスの年度切替通知を実施しました。

### JBD基盤サービス年度切替依頼

* 各サービスの責任者に棚卸処理通知を実施いたしました。
* 期日までに各サービスの申請（年度切替）をお願い致します。

### Xpoint所属組織に関するお知らせ

* 以下の期間は47期、48期の両方の組織に所属した状態となります。

　　２０２６年３月３１日（火） ～ ２０２６年４月２０日（月）
　　47組織にて申請を上げる必要がある場合は、上記期間内にお願い致します。
　　[申請時の所属組織切り替え](https://wiki.jbdcl.com/648a6f29922bc9d167f37688#%E7%94%B3%E8%AB%8B%E6%99%82%E3%81%AE%E6%89%80%E5%B1%9E%E7%B5%84%E7%B9%94%E5%88%87%E3%82%8A%E6%9B%BF%E3%81%88)

**※主所属は48期組織となります。設定を変更しない場合は48期組織での申請となります。
　以前の申請をコピーで利用した場合、所属組織がコピー元申請の所属組織になりますので、ご留意ください。**"
0,mattermost,"@channel 

*  JBDの情報共有のためにJBDナレッジを作成しております。
*  ４７期新入社員で貢献したベスト１０を以下に示します。
* 今後ともよろしくお願いいたします

| 順位 | 事業部 | 氏名 | ポイント数 | ページ登録数 | ページ閲覧者数 | ページ閲覧数 |
| ---: | --- | --- | ---: | ---: | ---: | ---: |
| 1 | BS事業部 | 前田 幹太 | 2079 | 103 | 409 | 231 |
| 2 | SP事業部 | 島田 拓人 | 1796 | 17 | 769 | 88 |
| 3 | SP事業部 | 榎 渚沙 | 943 | 39 | 247 | 59 |
| 4 | 中部第１事業部 | 石川 享平 | 710 | 26 | 145 | 160 |
| 5 | AS事業部 | 小川 莉奈 | 657 | 23 | 118 | 191 |
| 6 | BS事業部 | 瓜原 莉奈 | 578 | 15 | 155 | 118 |
| 7 | BS事業部 | 溝渕 航大 | 530 | 11 | 84 | 252 |
| 8 | 中部第２事業部 | 鹿島 誠一郎 | 471 | 16 | 86 | 139 |
| 9 | SS事業部 | 中谷 祐大 | 423 | 11 | 104 | 105 |
| 10 | DS事業部 | 下村 成生 | 363 | 9 | 65 | 143 |
"
1,tabuchi,"@channel 

### SDD開発委員会設立について

* JBDではプロジェクト開発に、AIを利用する機会が増えてきていると思います。
* ただし、Vibe Codingの域を超えていない状態であると認識しております。
* 今後、仕様駆動型開発(Spec-Driven Developmen)を検証し、品質・再現性・保守性・監査の精度向上を実施したいと考えております。
* 個人的には、`Stitch + Figma + KIRO + Vue + Storybook`を利用した開発手法を確立したいと思っているのですが。。。
* これらに興味のある方は、参加して頂ければと思っております。
* 月に2日程度稼働が必要だと思っています。
* 興味のある方は、@tabuchi あてに、参加表明してください。
* また、初回打合せで、開発手法を検討したいので、各自のアイデアを共有したいと思います。
* 募集期日：2025/04/28 

#### 募集スキル

| 役割                                        | 担当フェーズ                     | 主な作業内容                                                                                           | 必須スキル / 知識                                                                            |
| ------------------------------------------- | -------------------------------- | ------------------------------------------------------------------------------------------------------ | -------------------------------------------------------------------------------------------- |
| **PM / プロダクトオーナー**                 | 要件定義、ユーザーストーリー整理 | - 目的・ゴール定義 - ユーザーロール整理 - 優先度付け（MVP決定）                                  | - 要件定義・プロジェクト管理経験 - ユーザー課題整理能力                                   |
| **UXデザイナー / UIデザイナー**             | Stitch → Figma                   | - ラフUI作成（Stitch） - デザイン確定（Figma） - コンポーネント・Variant設計                     | - UX/UIデザイン - Figma操作スキル - 色・アクセシビリティ知識 - Stitch操作経験       |
| **フロントエンドエンジニア（SPA担当）**     | KIRO → Storybook → 実装          | - KIRO入力テンプレート作成 - KIROでコンポーネント生成 - Storybookで状態確認 - SPAへの組み込み | - SPA (Composition API / SFC) - Storybook管理 - Props / 状態設計理解 - KIRO操作経験 |
| **QA / テスター**                           | Storybook → レビュー             | - 生成コンポーネントの動作確認 - デザインとの整合チェック                                           | - Storybook操作 - UI/UXテスト経験 - デザイン理解                                       |
| **バックエンドエンジニア** *(必要に応じて)* | API仕様整理、制約確認            | - KIRO生成コンポーネントと連携するAPI仕様提供                                                          | - API設計経験 - SPAとの連携理解                                                           |


#### ツールの役割

| ツール    | 役割                                              |
| --------- | ------------------------------------------------- |
| Stitch    | UIラフ生成、構造案、複数パターンの確認            |
| Figma     | 最終デザイン確定、デザイントークン・Variant定義   |
| KIRO      | 設計・コンポーネント生成（Vue）、Props/状態の管理 |
| Storybook | UI単体確認、状態管理、デザインとの整合チェック    |
"
0,itasaka,"@tabuchi @t-imai @s-kunizane @tos-tanaka @r-fujieda @kanazawa @baba @ry-hanada 
お疲れ様です。SDD開発委員会に参加されている方にメンションさせていただいております。
4/9 （木）14:00-15:00でAWSのJBD担当の営業さんからいろいろなサービスの情報やJBDの今後の話などの情報交換をすることになりました。
パブリッククラウドでプライマリを取っているAWSの現状や状況などの情報を収集するチャンスだと思いますので、業務都合などとバッティングしていなければご参加いただけますでしょうか？
また、GSには本メンションの宛先の方は登録済みとなりますが他にも情報を聞きたい方は参加していただいて問題ないと思います。

以上、宜しくお願い致します。"
0,mattermost,"
## JBDナレッジの更新情報 :pencil: 

* 下記のページが１週間以内に更新されています。



　

|ページ|更新日|更新者|
|-|-|
|[1101_社内規程](https://wiki.jbdcl.com/63b6319b7c45329c2d294280)|2026/04/02 04:00|渡辺 唯子|
|[1103_JBDNEWS](https://wiki.jbdcl.com/63b4e5347c45329c2d28f2bc)|2026/03/31 09:17|上西 歩未|
|[製品版ウイルスバスター未実施者リスト](https://wiki.jbdcl.com/68fb1ec39ff03c06b087c18a)|2026/04/05 02:20|田渕 達也|
|[Office2016導入PC](https://wiki.jbdcl.com/65546c2028cf0e07df594ccf)|2026/04/06 01:10|田渕 達也|
|[1118_各種申請書](https://wiki.jbdcl.com/63b689017c45329c2d299c61)|2026/03/30 05:58|寺岡 渉|
|[パスワード変更_未実施者](https://wiki.jbdcl.com/66e90c1b9ff03c06b0fc3a74)|2026/04/05 02:10|田渕 達也|
|[1231_受講者状況](https://wiki.jbdcl.com/63e0960d922bc9d167bd84bb)|2026/04/05 02:50|田渕 達也|
|[10.棚卸未実施一覧](https://wiki.jbdcl.com/655c272828cf0e07df5e3b75)|2026/04/06 01:30|田渕 達也|
|[11.棚卸管理シール貼付け未実施一覧](https://wiki.jbdcl.com/66976f629ff03c06b09395f5)|2026/04/05 01:40|田渕 達也|
|[1260_開発サーバー](https://wiki.jbdcl.com/66c6abb29ff03c06b0d2df54)|2026/04/05 01:50|田渕 達也|
|[Windows10PC一覧](https://wiki.jbdcl.com/6556ba1528cf0e07df5aec55)|2026/04/06 01:20|田渕 達也|
|[01_セキュリティソフトの移行状況_未実施一覧](https://wiki.jbdcl.com/696f6ee89ff03c06b0f03e1d)|2026/04/05 02:30|田渕 達也|
|[1-01_実際に書いてみよう](https://wiki.jbdcl.com/6543724c28cf0e07df5288ba)|2026/03/31 03:10|隈部 摩耶|
|[1-02_CDNの利用](https://wiki.jbdcl.com/6543727b28cf0e07df528b0f)|2026/04/02 02:25|隈部 摩耶|
|[1-03_メッセージの表示](https://wiki.jbdcl.com/6543729428cf0e07df528c1a)|2026/03/31 03:21|隈部 摩耶|
|[2-01_基本のコードをチェックしよう](https://wiki.jbdcl.com/654371ce28cf0e07df528621)|2026/03/31 03:22|隈部 摩耶|
|[2-02_Vue3 の基本コードについて](https://wiki.jbdcl.com/654dfe0528cf0e07df56d51e)|2026/03/31 03:33|隈部 摩耶|
|[2-04_データの橋渡し](https://wiki.jbdcl.com/655739ac28cf0e07df5c7288)|2026/03/31 03:34|隈部 摩耶|
|[2-05_Vue3のデータは活きている](https://wiki.jbdcl.com/6572cd8128cf0e07df6c2f3f)|2026/04/02 03:28|隈部 摩耶|
|[2-09_タイマーを停止する](https://wiki.jbdcl.com/65cf1acf28cf0e07dfb227fb)|2026/04/02 03:31|隈部 摩耶|
|[3-06_三項演算子の処理](https://wiki.jbdcl.com/684a69999ff03c06b055dd7e)|2026/03/31 10:57|隈部 摩耶|
|[3-07_mapによる繰り返し処理](https://wiki.jbdcl.com/68760e669ff03c06b0a1e8d4)|2026/03/31 10:57|隈部 摩耶|
|[3-11_v属性を活用しよう](https://wiki.jbdcl.com/6927f0869ff03c06b0b833cd)|2026/03/30 10:14|隈部 摩耶|
|[3-12_オブジェクト構文について](https://wiki.jbdcl.com/69a548909ff03c06b019574a)|2026/04/02 02:24|隈部 摩耶|
|[3-13_v-bind:classにオブジェクトを設定する](https://wiki.jbdcl.com/69c9e4ef9ff03c06b0389717)|2026/03/30 11:51|隈部 摩耶|
|[2706_TIBCO Data Virtualization](https://wiki.jbdcl.com/694e214b9ff03c06b0dca95e)|2026/03/30 05:40|木暮 優人|
|[2708_TIBCO Activation Service](https://wiki.jbdcl.com/69b7bfd99ff03c06b02a83d5)|2026/03/30 11:24|木暮 優人|
|[3. TIBCO Activation Service 概要](https://wiki.jbdcl.com/69b7c4989ff03c06b02aafeb)|2026/03/30 11:09|木暮 優人|
|[4. TIBCO Activation Service の特徴](https://wiki.jbdcl.com/69c9d26d9ff03c06b0384697)|2026/03/30 10:46|木暮 優人|
|[5. TIBCO Activation Service の利用者](https://wiki.jbdcl.com/69c9d27b9ff03c06b0384728)|2026/03/30 10:40|木暮 優人|
|[6. TASのまとめ](https://wiki.jbdcl.com/69c9d2919ff03c06b038479d)|2026/03/30 10:35|木暮 優人|
|[20260323-0329のAI最新情報](https://wiki.jbdcl.com/69c2415c9ff03c06b032cb87)|2026/03/30 10:12|石井 教観|
|[CSS事業部](https://wiki.jbdcl.com/69ce5a2a9ff03c06b03ed2d5)|2026/04/02 09:06|相馬 翔太|
|[事業部会議](https://wiki.jbdcl.com/69ce5afb9ff03c06b03ed8a6)|2026/04/02 09:03|相馬 翔太|
|[勉強会](https://wiki.jbdcl.com/69ce5b1f9ff03c06b03ed94a)|2026/04/02 09:03|相馬 翔太|
|[週次定例](https://wiki.jbdcl.com/69ce5b109ff03c06b03ed903)|2026/04/02 09:03|相馬 翔太|
|[2026年04月(青山)](https://wiki.jbdcl.com/69ba43af9ff03c06b02d4c9f)|2026/04/01 04:07|柿本 貴之|
|[20260330開催](https://wiki.jbdcl.com/69c9bb549ff03c06b037efc4)|2026/03/30 02:29|横島 瞳|
|[ビデオリサーチコミュニケーションズ社Orchestratorバージョンアップ](https://wiki.jbdcl.com/6984a2f89ff03c06b000f9da)|2026/04/02 11:00|二角 英樹|
|[01_環境構築](https://wiki.jbdcl.com/669638f19ff03c06b090e6a8)|2026/04/02 03:17|西尾 啓太郎|
|[メニュー追加](https://wiki.jbdcl.com/697310979ff03c06b0f27d39)|2026/03/31 05:00|石田 瞭平|
|[JBD基盤チャットボット利用状況](https://wiki.jbdcl.com/68a54d229ff03c06b0fb39ce)|2026/04/05 05:30|田渕 達也|
|[ランキングページ](https://wiki.jbdcl.com/63a10a4eb5e7e15fd789a29d)|2026/04/05 02:00|田渕 達也|
"
0,k-oota,"@all 
作業開始いたします。"
0,k-oota,"@all 
Zaionの作業完了いたしました。
ご協力いただき、ありがとうございます。

ワークフロー決裁者の選択方法が不明な場合は下記マニュアルをご参照ください。

https://wiki.jbdcl.com/1000_全社員共有ドキュメント/1200_開発戦略本部/1203_JBD基盤ツールの使い方

※Zaionのファイル（P.15～P.18）
"
1,tabuchi,"@channel 

### 社内システム改善

https://chat.jbdcl.com/jbd/pl/y9mjgr5r8tge9xjiz7zqikkjnc

SDD開発委員会を設立するご案内を実施しましたが、
委員会では、要件から運用までのDevSecOpsを意識したシステム構築を行いたいと思います。
バーチャルなシステムを構築するのではなく、現状の社内業務の効率化・負荷軽減ができるものをシステム化としたいと考えております。
皆様が、日々の業務の中で、「時間がかかっている」「手間がかかっている」と感じている作業について、要望（アンケート）を実施し、
頂いた要望をシステム化を検討したいと思っております。

皆様の要望を下記のフォルダーにアンケートがございますので、記入頂ければ思います。

|||
|-|-|
|期日|2026/04/27|
|保管場所|`\\jbdmng\全社共有\00_通期共有\50000 委員会\55000 AI駆動型開発\01. 改善テーマ`|
|記入サンプル|`業務改善アンケート_記入例.xlsx`|
|原紙|`業務改善アンケート_名前_タイトル.xlsx`|
|保管ファイル名|`業務改善アンケート_JBD太郎_案件管理.xlsx`|
"
1,endo,"@channel 
## 【GoldStone】ログイン障害復旧のお知らせとお詫び

このたび、GoldStoneサービスにおいてログインができない障害が発生しておりましたが、
現在は復旧し、通常どおりご利用いただける状態となっております。

### ■ 障害内容
サービスへのログインができない事象が発生

### ■ 原因
ストレージ使用量が上限に達したことにより、正常な処理が行えなくなったため

### ■ 対応内容
ストレージ容量の確保および不要データの整理を実施し、現在は正常に稼働しております

本件により、多大なるご不便・ご迷惑をおかけしましたこと、深くお詫び申し上げます。
今後は同様の事象を未然に防ぐため、監視体制の強化および運用の見直しを行い、再発防止に努めてまいります。

何卒ご理解を賜りますよう、よろしくお願い申し上げます。"
0,tabuchi,"@channel 

本日、AWS様と打ち合わせがありました。
KIROを利用したSDD開発のチュートリアルおよび、AI 時代の新しい開発手法のセミナのリンクを張ります。

AI 時代の新しい開発手法は、4/15 19:00～21:00に開催されますので、興味ある方は是非エントリして参加してください。


* [Kiro による AI 駆動開発](https://catalog.workshops.aws/kiro-immersion/ja-JP#)
* [AI-DLC 体験勉強会](https://aws-experience.com/apj/smb/event/f2b75896-7206-4b2a-8a4e-214e9f36d950)
"
0,mattermost,"
## JBDナレッジの更新情報 :pencil: 

* 下記のページが１週間以内に更新されています。



　

|ページ|更新日|更新者|
|-|-|
|[勤務区分一覧](https://wiki.jbdcl.com/662b57409ff03c06b0137f8f)|2026/04/07 10:33|太田 佳織|
|[B011_PC貸出申請](https://wiki.jbdcl.com/66542a339ff03c06b036e608)|2026/04/10 05:10|冨澤 裕喜|
|[利用場所、ウイルスバスターのルール](https://wiki.jbdcl.com/6892f87f9ff03c06b0e455e7)|2026/04/10 04:57|冨澤 裕喜|
|[B012_拠点PC貸出申請](https://wiki.jbdcl.com/6657fb399ff03c06b03c65ba)|2026/04/10 05:11|冨澤 裕喜|
|[B013_プロジェクトPC貸出申請](https://wiki.jbdcl.com/665817f69ff03c06b03cba9f)|2026/04/10 05:06|冨澤 裕喜|
|[製品版ウイルスバスター未実施者リスト](https://wiki.jbdcl.com/68fb1ec39ff03c06b087c18a)|2026/04/12 02:20|田渕 達也|
|[Office2016導入PC](https://wiki.jbdcl.com/65546c2028cf0e07df594ccf)|2026/04/13 01:10|田渕 達也|
|[パスワード変更_未実施者](https://wiki.jbdcl.com/66e90c1b9ff03c06b0fc3a74)|2026/04/12 02:10|田渕 達也|
|[1231_受講者状況](https://wiki.jbdcl.com/63e0960d922bc9d167bd84bb)|2026/04/12 02:50|田渕 達也|
|[10.棚卸未実施一覧](https://wiki.jbdcl.com/655c272828cf0e07df5e3b75)|2026/04/13 01:30|田渕 達也|
|[11.棚卸管理シール貼付け未実施一覧](https://wiki.jbdcl.com/66976f629ff03c06b09395f5)|2026/04/12 01:40|田渕 達也|
|[1260_開発サーバー](https://wiki.jbdcl.com/66c6abb29ff03c06b0d2df54)|2026/04/12 01:50|田渕 達也|
|[01_資産登録](https://wiki.jbdcl.com/67aeb04a9ff03c06b0ccafab)|2026/04/06 03:47|冨澤 裕喜|
|[Windows10PC一覧](https://wiki.jbdcl.com/6556ba1528cf0e07df5aec55)|2026/04/13 01:20|田渕 達也|
|[01_セキュリティソフトの移行状況_未実施一覧](https://wiki.jbdcl.com/696f6ee89ff03c06b0f03e1d)|2026/04/12 02:30|田渕 達也|
|[1820_肥後橋2Fの施錠管理](https://wiki.jbdcl.com/69d73fa99ff03c06b048144d)|2026/04/10 02:07|斧田 充晃|
|[1950_互助会活動報告（レクリエーション）](https://wiki.jbdcl.com/69096a9f9ff03c06b0990ae3)|2026/04/09 10:32|寺岡 渉|
|[47期親睦旅行（全社）](https://wiki.jbdcl.com/69096ad19ff03c06b0990e65)|2026/04/09 10:24|寺岡 渉|
|[48期_新入社員親睦会（西日本）](https://wiki.jbdcl.com/69d701999ff03c06b0473692)|2026/04/09 10:39|寺岡 渉|
|[3-12_オブジェクト構文について](https://wiki.jbdcl.com/69a548909ff03c06b019574a)|2026/04/06 05:08|隈部 摩耶|
|[3-13_v-bind:classにオブジェクトを設定する](https://wiki.jbdcl.com/69c9e4ef9ff03c06b0389717)|2026/04/06 05:08|隈部 摩耶|
|[3-14_スタイルとオブジェクト構文](https://wiki.jbdcl.com/69d369ca9ff03c06b0431acb)|2026/04/06 05:09|隈部 摩耶|
|[PAM／認証](https://wiki.jbdcl.com/69d5192e9ff03c06b045034b)|2026/04/07 11:48|真狩 淳二|
|[sudo](https://wiki.jbdcl.com/69d519649ff03c06b045049e)|2026/04/07 11:49|真狩 淳二|
|[カーネルパラメータ](https://wiki.jbdcl.com/69d3e5599ff03c06b04372a8)|2026/04/07 01:55|真狩 淳二|
|[システム制限](https://wiki.jbdcl.com/69d517c39ff03c06b044fdf6)|2026/04/07 11:43|真狩 淳二|
|[ストレージ](https://wiki.jbdcl.com/69d5183e9ff03c06b044ffd2)|2026/04/07 11:47|真狩 淳二|
|[ネットワーク設定](https://wiki.jbdcl.com/69d3de409ff03c06b0436612)|2026/04/07 01:38|真狩 淳二|
|[パッケージ管理](https://wiki.jbdcl.com/69d5199a9ff03c06b04505f5)|2026/04/07 11:52|真狩 淳二|
|[ファイアウォール](https://wiki.jbdcl.com/69d3e18f9ff03c06b0436b75)|2026/04/07 01:54|真狩 淳二|
|[教材作成](https://wiki.jbdcl.com/69d6f0bf9ff03c06b046f6fb)|2026/04/10 09:37|海野 亮|
|[教材作成（百合野）](https://wiki.jbdcl.com/69d767ba9ff03c06b0488d57)|2026/04/10 07:25|百合野 琉|
|[20260330-0405のAI最新情報](https://wiki.jbdcl.com/69d3443d9ff03c06b04286b5)|2026/04/07 03:39|石井 教観|
|[21_保守関連](https://wiki.jbdcl.com/6811e3559ff03c06b0217116)|2026/04/12 01:53|藤本 力|
|[01_環境構築](https://wiki.jbdcl.com/669638f19ff03c06b090e6a8)|2026/04/09 02:20|西尾 啓太郎|
|[01_簡易手順](https://wiki.jbdcl.com/6718acb39ff03c06b03b1833)|2026/04/09 04:09|西尾 啓太郎|
|[2Z25_SoftBank](https://wiki.jbdcl.com/69d362e49ff03c06b042ff95)|2026/04/06 04:38|加藤 郁寿|
|[10_AI活用事例](https://wiki.jbdcl.com/69d363269ff03c06b0430089)|2026/04/06 04:39|加藤 郁寿|
|[01_AIを活用した設計・実装作業の取り組み](https://wiki.jbdcl.com/69d363979ff03c06b0430614)|2026/04/06 06:14|加藤 郁寿|
|[logicool製マウスのキーバインド変更方法](https://wiki.jbdcl.com/69d616f79ff03c06b0468eaa)|2026/04/09 05:50|井上 哲良|
|[JBD基盤チャットボット利用状況](https://wiki.jbdcl.com/68a54d229ff03c06b0fb39ce)|2026/04/12 05:30|田渕 達也|
|[ランキングページ](https://wiki.jbdcl.com/63a10a4eb5e7e15fd789a29d)|2026/04/12 02:00|田渕 達也|
"
1,morita,"@channel 

### **【４７期組織削除】Xpointメンテナス**
---
標記の件につきまして、以下日程で作業を実施します。

#### ■作業日程
#### ** ２０２６年４月２１日（火） １８：００～ **

作業開始及び完了は、本チャンネルにて通知いたします。

注意：上記の時間は、利用しないでください。
　　　サーバーが停止する場合があります。

作業完了後は４８期組織のみに所属した状態となります。

##### 前期組織での申請が必要な場合は上記作業日時までにお願いします。
##### また、対応後に前期組織で提出した申請をコピーして申請を作成した場合、申請の所属組織は前期のものとなります。
##### そのまま申請を提出すると、申請ルートが正しく認識されませんので、設定より所属組織の変更を行ってからの提出をお願いします。

---

以上 お手数をおかけしますが、よろしくお願いいたします。"
1,morita,"@channel 

### **【申請報告書の電子申請化】Xpointメンテナス**
---
標記の件につきまして、以下日程で作業を実施します。

#### ■作業日程
#### ** ２０２６年４月２１日（火） １８：００～ **

作業は[【４７期組織削除】Xpointメンテナス](https://chat.jbdcl.com/jbd/pl/6w36pmkky3fhtx6mg7cn8tpg8o)と同タイミングで実施いたします。
注意：上記の時間は、利用しないでください。
　　　サーバーが停止する場合があります。

作業完了後はGroupSessionで通知されている[申請報告書の電子申請化についてのご案内](https://gs.jbdcl.com/gsession/common/cmn001.do?url=%2Fgsession%2Fbulletin%2Fbbs060.do%3Fbbs010forumSid%3D5%26threadSid%3D3028)の通り
以下申請書類が利用可能となります。

- [JI008]慶弔見舞金申請
- [JI009]各種手当申請


---

以上 お手数をおかけしますが、よろしくお願いいたします。"
1,tabuchi,"@channel 

### AWS 初学者向けイベント「AWS JumpStart 2026」開催のお知らせ

* 新卒を含む AWS 初学者のエンジニアを対象とした、クラウドネイティブなテックリード人材を育成するための第一歩となる実践的な研修プログラムです
* AWS を使ってみたいけれど、学習方法がわからない
* 実践的に AWS を学んでみたい
* AWS をより活用していきたい
* ４回開催されますので、AWSのエンジニアを目指す方は、業務調整を実施し、参加してください。

#### 開催方法

* 各回 2 日間：9 ? 18 時
* 先着 500名

|開催日|
|-|
|2026年 5 月 11 日 (月) ~ 5 月 12 日 (火)|
|2026年 6 月 4 日 (木) ~ 6 月 5 日 (金)|
|2026年 9 月 17 日 (木) ~ 9 月 18 日 (金)|
|2026年 11月 12 日 (木) ~ 11 月 13 日 (金)|

https://aws.amazon.com/jp/blogs/news/aws-jumpstart-2026/"
0,sawai,"@here 
5月はもう閉め切ってるようでしたので
興味のある方は早めのほうが良いかと思います"
0,tabuchi,"@channel 

* SDD開発委員会の取組案（田渕の勝手な思い）の資料を作成してみました。
[/2000_開発者向け/2200_委員会/220001 SDD委員会](https://wiki.jbdcl.com/69dc3f039ff03c06b04b3f83)
* これをベースに、委員会のメンバと方針決定を行いたいと思います。

* SDD開発委員会の募集メンバは、現状できる技術力を保有しているメンバを対象にしているのではなく、将来的に技術集団の先頭になっている方も対象にしています。
* やる気のある方、 ご興味のある方は、是非とも参加してください。  :man-bowing: "
0,sawai,"@channel 
＞KIROを利用したSDD開発のチュートリアルおよび、AI 時代の新しい開発手法のセミナのリンクを張ります。
＞AI 時代の新しい開発手法は、4/15 19:00～21:00に開催されます

昨日のセミナーについて
ナレッジに動画をアップロードしておりますのでぜひご活用ください
https://wiki.jbdcl.com/69e03f7e9ff03c06b04fcf48"
1,k-oota,"@channel 

### 2026年度 定期健康診断実施のお知らせ（全拠点）

各位

GS各拠点情報共有にて、上記案内をしております。
各自ご確認のうえご対応いただきますようよろしくお願いいたします。
★交通費は会社負担ですので、X-Pointより交通費精算の申請をお願いいたします。※PJコード990003-00

##### ※新入社員（開発）の皆様は、部署配属後、ご自身でご予約をお願いいたします

■東京
https://gs.jbdcl.com/gsession/common/cmn001.do?url=%2Fgsession%2Fbulletin%2Fbbs060.do%3Fbbs010forumSid%3D15%26threadSid%3D3031

■大阪
https://gs.jbdcl.com/gsession/common/cmn001.do?url=%2Fgsession%2Fbulletin%2Fbbs060.do%3Fbbs010forumSid%3D7%26threadSid%3D3032

■名古屋
 回覧板で通達しております


ご不明点がございましたら　下記までお問合せください。


【問い合わせ先】
 東京：渡辺（東京経管）

 大阪/名古屋：太田（大阪経管）

"
0,mattermost,"
## JBDナレッジの更新情報 :pencil: 

* 下記のページが１週間以内に更新されています。



　

|ページ|更新日|更新者|
|-|-|
|[1103_JBDNEWS](https://wiki.jbdcl.com/63b4e5347c45329c2d28f2bc)|2026/04/14 09:42|上西 歩未|
|[製品版ウイルスバスター未実施者リスト](https://wiki.jbdcl.com/68fb1ec39ff03c06b087c18a)|2026/04/19 02:20|田渕 達也|
|[Office2016導入PC](https://wiki.jbdcl.com/65546c2028cf0e07df594ccf)|2026/04/20 01:10|田渕 達也|
|[VPN拠点責任者](https://wiki.jbdcl.com/67e0c42b9ff03c06b0f2d65d)|2026/04/16 02:42|冨澤 裕喜|
|[1201_開発戦略本部からのお願い](https://wiki.jbdcl.com/655afc2c28cf0e07df5d900a)|2026/04/16 04:45|冨澤 裕喜|
|[パスワード変更_未実施者](https://wiki.jbdcl.com/66e90c1b9ff03c06b0fc3a74)|2026/04/19 02:10|田渕 達也|
|[1231_受講者状況](https://wiki.jbdcl.com/63e0960d922bc9d167bd84bb)|2026/04/19 02:50|田渕 達也|
|[X021_JBD基盤の棚卸処理](https://wiki.jbdcl.com/6465619a922bc9d167e209d0)|2026/04/17 09:13|冨澤 裕喜|
|[P011_プロジェクト企画書_年度切替_未実施一覧](https://wiki.jbdcl.com/69df35c29ff03c06b04e892c)|2026/04/17 07:16|田渕 達也|
|[P041_メーリングリスト_年度切替_未実施一覧](https://wiki.jbdcl.com/69def9ad9ff03c06b04e213e)|2026/04/17 07:16|田渕 達也|
|[T011_オンラインストレージ_年度切替_未実施一覧](https://wiki.jbdcl.com/69df360a9ff03c06b04e9b41)|2026/04/17 07:16|田渕 達也|
|[T031_開発サーバ_年度切替_未実施一覧](https://wiki.jbdcl.com/69df361d9ff03c06b04ea2d8)|2026/04/17 07:16|田渕 達也|
|[T051_公開Redmine_年度切替_未実施一覧](https://wiki.jbdcl.com/69df36169ff03c06b04ea09d)|2026/04/17 07:16|田渕 達也|
|[10.棚卸未実施一覧](https://wiki.jbdcl.com/655c272828cf0e07df5e3b75)|2026/04/20 01:30|田渕 達也|
|[11.棚卸管理シール貼付け未実施一覧](https://wiki.jbdcl.com/66976f629ff03c06b09395f5)|2026/04/19 01:40|田渕 達也|
|[1260_開発サーバー](https://wiki.jbdcl.com/66c6abb29ff03c06b0d2df54)|2026/04/19 01:50|田渕 達也|
|[Windows10PC一覧](https://wiki.jbdcl.com/6556ba1528cf0e07df5aec55)|2026/04/20 01:20|田渕 達也|
|[01_セキュリティソフトの移行状況_未実施一覧](https://wiki.jbdcl.com/696f6ee89ff03c06b0f03e1d)|2026/04/19 02:30|田渕 達也|
|[AI-DLC 体験勉強会](https://wiki.jbdcl.com/69e03f7e9ff03c06b04fcf48)|2026/04/16 01:01|澤井 京|
|[教材作成（百合野）](https://wiki.jbdcl.com/69d767ba9ff03c06b0488d57)|2026/04/13 11:34|百合野 琉|
|[20260330-0405のAI最新情報](https://wiki.jbdcl.com/69d3443d9ff03c06b04286b5)|2026/04/13 10:36|石井 教観|
|[20260406-0412のAI最新情報](https://wiki.jbdcl.com/69dc498c9ff03c06b04b7b31)|2026/04/16 05:35|石井 教観|
|[20260413-0419のAI最新情報](https://wiki.jbdcl.com/69e17d3f9ff03c06b051451f)|2026/04/17 05:11|石井 教観|
|[100_部門運営](https://wiki.jbdcl.com/6616247f9ff03c06b0f27aea)|2026/04/17 08:44|長谷川 康昭|
|[ITS事業部](https://wiki.jbdcl.com/69e190af9ff03c06b0517544)|2026/04/17 10:45|斧田 充晃|
|[ブランチの作成](https://wiki.jbdcl.com/69bbd1d19ff03c06b02fadc1)|2026/04/13 11:27|若林 晃|
|[クラス編成のスケジュール](https://wiki.jbdcl.com/69dc35759ff03c06b04b1e38)|2026/04/13 09:15|若林 晃|
|[中3後期中間試験のスケジュール](https://wiki.jbdcl.com/69dc325e9ff03c06b04b0bae)|2026/04/13 09:01|若林 晃|
|[中等部入試のスケジュール](https://wiki.jbdcl.com/69dc35c89ff03c06b04b21b1)|2026/04/13 09:16|若林 晃|
|[前期期末試験のスケジュール](https://wiki.jbdcl.com/69dc31ef9ff03c06b04b064a)|2026/04/13 09:00|若林 晃|
|[学力試験のスケジュール](https://wiki.jbdcl.com/69dc32a29ff03c06b04b11f4)|2026/04/13 09:03|若林 晃|
|[学年末試験のスケジュール](https://wiki.jbdcl.com/69dc32859ff03c06b04b0df8)|2026/04/13 09:02|若林 晃|
|[年次更新のスケジュール](https://wiki.jbdcl.com/69dc330b9ff03c06b04b184f)|2026/04/13 09:14|若林 晃|
|[後期中間試験のスケジュール](https://wiki.jbdcl.com/69dc32189ff03c06b04b0866)|2026/04/13 09:00|若林 晃|
|[新年度履修科目登録関連のスケジュール](https://wiki.jbdcl.com/69dc359e9ff03c06b04b1fd0)|2026/04/13 09:15|若林 晃|
|[早大推薦のスケジュール](https://wiki.jbdcl.com/69dc32cc9ff03c06b04b139b)|2026/04/13 09:03|若林 晃|
|[選択教科・科目設定のスケジュール](https://wiki.jbdcl.com/69dc32ec9ff03c06b04b169c)|2026/04/13 09:04|若林 晃|
|[高3定期試験のスケジュール](https://wiki.jbdcl.com/69dc32399ff03c06b04b0a0a)|2026/04/13 09:01|若林 晃|
|[高等部一般入試のスケジュール](https://wiki.jbdcl.com/69dc35f49ff03c06b04b241c)|2026/04/13 09:17|若林 晃|
|[高等部推薦入試のスケジュール](https://wiki.jbdcl.com/69dc36289ff03c06b04b2604)|2026/04/13 09:17|若林 晃|
|[2200_委員会](https://wiki.jbdcl.com/69dc3ecb9ff03c06b04b3c12)|2026/04/13 09:55|田渕 達也|
|[220001 SDD委員会](https://wiki.jbdcl.com/69dc3f039ff03c06b04b3f83)|2026/04/13 11:44|田渕 達也|
|[00_development-guide](https://wiki.jbdcl.com/69dc3e949ff03c06b04b3a77)|2026/04/18 02:31|田渕 達也|
|[01_planning](https://wiki.jbdcl.com/69dc58a99ff03c06b04bae5c)|2026/04/15 03:43|田渕 達也|
|[01_企画・要求分析](https://wiki.jbdcl.com/69dc59659ff03c06b04bb0d8)|2026/04/18 02:17|田渕 達也|
|[Z01.打合せ](https://wiki.jbdcl.com/69e05c059ff03c06b05004d1)|2026/04/16 12:48|田渕 達也|
|[2026YYMMDD](https://wiki.jbdcl.com/69e05c1f9ff03c06b050058b)|2026/04/17 12:49|田渕 達也|
|[JBD基盤チャットボット利用状況](https://wiki.jbdcl.com/68a54d229ff03c06b0fb39ce)|2026/04/19 05:30|田渕 達也|
|[ランキングページ](https://wiki.jbdcl.com/63a10a4eb5e7e15fd789a29d)|2026/04/19 02:00|田渕 達也|
"
0,morita,"@channel 

お疲れ様です。
以下、２件は本日１８：００より作業開始となります。
ご留意いただきますよう、お願いいたします。


[【４７期組織削除】Xpointメンテナス](https://chat.jbdcl.com/jbd/pl/6w36pmkky3fhtx6mg7cn8tpg8o)

[【申請報告書の電子申請化】Xpointメンテナス](https://chat.jbdcl.com/jbd/pl/ykhi3ag4sidcpf1yisdbiw8kce)

"
0,morita,"@channel 

作業開始します。
"
1,morita,"@channel 

---
## **【完了】【４７期組織削除】Xpointメンテナス**
---

標記の件につきまして、作業が完了しました。
以下の件、ご留意いただきますようお願いいたします。

##### 前期組織で提出した申請をコピーして申請を作成した場合、申請の所属組織は前期のものとなります。
##### そのまま申請を提出すると、申請ルートが正しく認識されませんので、設定より所属組織の変更を行ってからの提出をお願いします。"
1,morita,"@channel 

### **【完了】【申請報告書の電子申請化】Xpointメンテナス**
---
標記の件につきまして、作業が完了しました。
人事慶弔関係より以下申請書類が利用可能となります。

- [JI008]慶弔見舞金申請
- [JI009]各種手当申請

---

以上 お手数をおかけしますが、よろしくお願いいたします。"
0,tabuchi,"@channel 

* 期日が4/27となっております。
* 社内業務改善することがあれば、お気軽に記載してください。。

https://chat.jbdcl.com/jbd/pl/g5rxhqox638e7ecjr7co6r6jsw"
0,honnma,"@tabuchi 
本間、記入してみました。"
0,ry-hanada,"@tabuchi 
今回、回線関係で大変苦労したので、回線や開発で購入した機材の管理システムを記入しました。"
1,k-oota,"@channel 
### 給与に関するお知らせ


給与について、2点お知らせをいたします。


#### ①給与改定通知書掲載

ｵﾌｨｽｽﾃｰｼｮﾝにて、2026年4月分（5/8給与）からの給与改定通知書を
下記の日時に掲載いたします。
※ｵﾌｨｽｽﾃｰｼｮﾝTOP画面[Web給与明細]を選択、5月[5月その他明細]を選択していただくと、
給与改定通知書が閲覧できます。


##### 【掲載日時】
##### 2026年5月7日(木)　9:00　
   ※5/8給与明細書と同時に掲載いたします。　


#### ②雇用保険料率改定

2026年4月1日（5/8給与）から、雇用保険料率が下記の通り改定となります。
　　　　
【雇用保険料率】

○改定前
個人負担：0.550％　／　会社負担：0.900％　／　合計：1.450％

○改定後
個人負担：0.500％　／　会社負担：0.850％　／　合計：1.350％"
0,mattermost,"
## JBDナレッジの更新情報 :pencil: 

* 下記のページが１週間以内に更新されています。



　

|ページ|更新日|更新者|
|-|-|
|[製品版ウイルスバスター未実施者リスト](https://wiki.jbdcl.com/68fb1ec39ff03c06b087c18a)|2026/04/26 02:20|田渕 達也|
|[Office2016導入PC](https://wiki.jbdcl.com/65546c2028cf0e07df594ccf)|2026/04/27 01:10|田渕 達也|
|[VPN拠点責任者](https://wiki.jbdcl.com/67e0c42b9ff03c06b0f2d65d)|2026/04/20 03:39|冨澤 裕喜|
|[1201_開発戦略本部からのお願い](https://wiki.jbdcl.com/655afc2c28cf0e07df5d900a)|2026/04/20 04:14|冨澤 裕喜|
|[パスワード変更_未実施者](https://wiki.jbdcl.com/66e90c1b9ff03c06b0fc3a74)|2026/04/26 02:10|田渕 達也|
|[1231_受講者状況](https://wiki.jbdcl.com/63e0960d922bc9d167bd84bb)|2026/04/26 02:50|田渕 達也|
|[P011_プロジェクト企画書_年度切替_未実施一覧](https://wiki.jbdcl.com/69df35c29ff03c06b04e892c)|2026/04/24 06:20|田渕 達也|
|[P041_メーリングリスト_年度切替_未実施一覧](https://wiki.jbdcl.com/69def9ad9ff03c06b04e213e)|2026/04/24 06:20|田渕 達也|
|[T011_オンラインストレージ_年度切替_未実施一覧](https://wiki.jbdcl.com/69df360a9ff03c06b04e9b41)|2026/04/24 06:20|田渕 達也|
|[T031_開発サーバ_年度切替_未実施一覧](https://wiki.jbdcl.com/69df361d9ff03c06b04ea2d8)|2026/04/24 06:20|田渕 達也|
|[T051_公開Redmine_年度切替_未実施一覧](https://wiki.jbdcl.com/69df36169ff03c06b04ea09d)|2026/04/24 06:20|田渕 達也|
|[10.棚卸未実施一覧](https://wiki.jbdcl.com/655c272828cf0e07df5e3b75)|2026/04/27 01:30|田渕 達也|
|[11.棚卸管理シール貼付け未実施一覧](https://wiki.jbdcl.com/66976f629ff03c06b09395f5)|2026/04/26 01:40|田渕 達也|
|[1260_開発サーバー](https://wiki.jbdcl.com/66c6abb29ff03c06b0d2df54)|2026/04/26 01:50|田渕 達也|
|[Windows10PC一覧](https://wiki.jbdcl.com/6556ba1528cf0e07df5aec55)|2026/04/27 01:20|田渕 達也|
|[01_セキュリティソフトの移行状況_未実施一覧](https://wiki.jbdcl.com/696f6ee89ff03c06b0f03e1d)|2026/04/26 02:30|田渕 達也|
|[04](https://wiki.jbdcl.com/69eae1909ff03c06b05a0171)|2026/04/24 02:01|砂盃 梨乃|
|[議事録](https://wiki.jbdcl.com/69eae1919ff03c06b05a0199)|2026/04/24 12:20|砂盃 梨乃|
|[実現したい機能スキルツリー](https://wiki.jbdcl.com/69e9e8af9ff03c06b05922e8)|2026/04/23 06:40|木下 凌介|
|[20260413-0419のAI最新情報](https://wiki.jbdcl.com/69e17d3f9ff03c06b051451f)|2026/04/20 01:33|石井 教観|
|[20260420-0426のAI最新情報](https://wiki.jbdcl.com/69e86d8f9ff03c06b057763c)|2026/04/22 03:43|石井 教観|
|[721_AI駆動開発（個人レベル）](https://wiki.jbdcl.com/69e9d4b89ff03c06b0590006)|2026/04/23 05:13|石井 教観|
|[作業履歴](https://wiki.jbdcl.com/69eb3db59ff03c06b05af5c0)|2026/04/24 06:56|石井 教観|
|[概要](https://wiki.jbdcl.com/69e9d4f89ff03c06b059015e)|2026/04/24 06:47|石井 教観|
|[2026年4月(武田)](https://wiki.jbdcl.com/69e587069ff03c06b05378c6)|2026/04/20 11:33|武田 宏喜|
|[2025年07月(金子)_React & SPA](https://wiki.jbdcl.com/686cdb569ff03c06b08e4984)|2026/04/23 10:16|金子 睦起|
|[20260423_WEB開発者とインフラ](https://wiki.jbdcl.com/69e9ebaa9ff03c06b0592ef6)|2026/04/23 06:53|武田 宏喜|
|[事業部会議](https://wiki.jbdcl.com/660f4c7f9ff03c06b0eb48b7)|2026/04/22 02:21|荒井 健一郎|
|[2026年05月(荒井)](https://wiki.jbdcl.com/69e7b04d9ff03c06b0569102)|2026/04/22 02:39|青山 謙二|
|[48期_20260421](https://wiki.jbdcl.com/69e74a989ff03c06b0564a90)|2026/04/21 09:05|花田 亮太|
|[20260423開催](https://wiki.jbdcl.com/69e96be79ff03c06b0584ae0)|2026/04/23 02:36|近澤 昌弘|
|[github actions](https://wiki.jbdcl.com/69eb2ec59ff03c06b05abda1)|2026/04/24 05:50|三澤 太一|
|[provenance](https://wiki.jbdcl.com/69eb2faa9ff03c06b05ac513)|2026/04/24 05:54|三澤 太一|
|[システム更改の記録](https://wiki.jbdcl.com/69eab5cf9ff03c06b0597114)|2026/04/24 04:05|若林 晃|
|[要件定義](https://wiki.jbdcl.com/69eb12de9ff03c06b05a61c1)|2026/04/24 06:11|若林 晃|
|[220001 SDD委員会](https://wiki.jbdcl.com/69dc3f039ff03c06b04b3f83)|2026/04/20 12:48|田渕 達也|
|[00_development-guide](https://wiki.jbdcl.com/69dc3e949ff03c06b04b3a77)|2026/04/20 03:46|田渕 達也|
|[00_事前準備](https://wiki.jbdcl.com/69e5a2109ff03c06b053fbab)|2026/04/20 12:50|田渕 達也|
|[999_検討](https://wiki.jbdcl.com/69e5a18e9ff03c06b053f54c)|2026/04/20 12:47|田渕 達也|
|[01_Stich VS Claude Design](https://wiki.jbdcl.com/69e57ab19ff03c06b05346ee)|2026/04/20 10:29|田渕 達也|
|[JBD基盤チャットボット利用状況](https://wiki.jbdcl.com/68a54d229ff03c06b0fb39ce)|2026/04/26 05:30|田渕 達也|
|[ランキングページ](https://wiki.jbdcl.com/63a10a4eb5e7e15fd789a29d)|2026/04/26 02:00|田渕 達也|
"
0,tabuchi,"@channel 

## アンケート結果

* アンケートの回答ありがとうございました。
* 今後、SDD委員会から個別の状況を確認させて頂き、プロジェクト化させてたいと思います。
* 実施するプロジェクトが決定しましたら、再度連絡をいたします。

| プロジェクト名 | 起票者 || プロジェクト名 | 起票者 |
| --- | --- |-| --- | --- |
| 見積自動化 | 内村 || 備品発注 | 前 |
| 業績チェック | 吉本 || 各社EDI対応 | 和田 |
| 押印対応電子化 | 岡脇 || BP様勤務表 | 本間 |
| スケジュール調整 | 砂盃 || 開発機材管理システム | 花田 |
| 交通費申請の自動化 | 若林 || 各種改善 | 重松 |
| WBS | 金澤 || 案件管理 | 金澤 |
| 目標管理 | 金澤 || 社内問合せ | 金澤 |
| 見積り支援 | 金澤 || 開発庶務 | 金澤 |
| AIクックブック | 馬場 |

SDD委員会の募集が本日までです。
今後のJBDの開発モデルになることが想定されますので、
是非とも参加してみてください。  :man-bowing: 

https://chat.jbdcl.com/jbd/pl/y9mjgr5r8tge9xjiz7zqikkjnc
"
0,mattermost,"
## JBDナレッジの更新情報 :pencil: 

* 下記のページが１週間以内に更新されています。



　

|ページ|更新日|更新者|
|-|-|
|[製品版ウイルスバスター未実施者リスト](https://wiki.jbdcl.com/68fb1ec39ff03c06b087c18a)|2026/05/03 02:20|田渕 達也|
|[Office2016導入PC](https://wiki.jbdcl.com/65546c2028cf0e07df594ccf)|2026/05/04 01:10|田渕 達也|
|[パスワード変更_未実施者](https://wiki.jbdcl.com/66e90c1b9ff03c06b0fc3a74)|2026/05/03 02:10|田渕 達也|
|[1231_受講者状況](https://wiki.jbdcl.com/63e0960d922bc9d167bd84bb)|2026/05/03 02:50|田渕 達也|
|[P011_プロジェクト企画書_年度切替_未実施一覧](https://wiki.jbdcl.com/69df35c29ff03c06b04e892c)|2026/05/01 05:40|田渕 達也|
|[P041_メーリングリスト_年度切替_未実施一覧](https://wiki.jbdcl.com/69def9ad9ff03c06b04e213e)|2026/05/01 05:40|田渕 達也|
|[T011_オンラインストレージ_年度切替_未実施一覧](https://wiki.jbdcl.com/69df360a9ff03c06b04e9b41)|2026/05/01 05:40|田渕 達也|
|[T031_開発サーバ_年度切替_未実施一覧](https://wiki.jbdcl.com/69df361d9ff03c06b04ea2d8)|2026/05/01 05:40|田渕 達也|
|[T051_公開Redmine_年度切替_未実施一覧](https://wiki.jbdcl.com/69df36169ff03c06b04ea09d)|2026/05/01 05:40|田渕 達也|
|[10.棚卸未実施一覧](https://wiki.jbdcl.com/655c272828cf0e07df5e3b75)|2026/05/04 01:30|田渕 達也|
|[11.棚卸管理シール貼付け未実施一覧](https://wiki.jbdcl.com/66976f629ff03c06b09395f5)|2026/05/03 01:40|田渕 達也|
|[1260_開発サーバー](https://wiki.jbdcl.com/66c6abb29ff03c06b0d2df54)|2026/05/03 01:50|田渕 達也|
|[Windows10PC一覧](https://wiki.jbdcl.com/6556ba1528cf0e07df5aec55)|2026/05/04 01:20|田渕 達也|
|[01_セキュリティソフトの移行状況_未実施一覧](https://wiki.jbdcl.com/696f6ee89ff03c06b0f03e1d)|2026/05/03 02:30|田渕 達也|
|[React](https://wiki.jbdcl.com/69f020d79ff03c06b05ccb05)|2026/04/28 11:52|永井 利樹|
|[Reactの基本](https://wiki.jbdcl.com/69f07bf99ff03c06b05d56d0)|2026/04/28 06:23|永井 利樹|
|[Z.ディレクトリ構成](https://wiki.jbdcl.com/693a14209ff03c06b0c83a7c)|2026/05/01 01:16|長命 海|
|[実現したい機能スキルツリー](https://wiki.jbdcl.com/69e9e8af9ff03c06b05922e8)|2026/05/02 03:09|木下 凌介|
|[20260420-0426のAI最新情報](https://wiki.jbdcl.com/69e86d8f9ff03c06b057763c)|2026/04/28 10:15|石井 教観|
|[作業履歴](https://wiki.jbdcl.com/69eb3db59ff03c06b05af5c0)|2026/04/27 06:14|石井 教観|
|[概要](https://wiki.jbdcl.com/69e9d4f89ff03c06b059015e)|2026/04/27 06:13|石井 教観|
|[2026年05月(荒井)](https://wiki.jbdcl.com/69e7b04d9ff03c06b0569102)|2026/05/01 04:40|荒井 健一郎|
|[こまったとき](https://wiki.jbdcl.com/66bc7fc99ff03c06b0c97c34)|2026/04/30 09:06|米田 桜|
|[Listcreator](https://wiki.jbdcl.com/6620ae1a9ff03c06b0028b44)|2026/05/01 01:14|藤本 正貫|
|[1_要件定義](https://wiki.jbdcl.com/69eb12de9ff03c06b05a61c1)|2026/05/01 10:36|若林 晃|
|[1-1_要件定義に関する学習の過程の記録](https://wiki.jbdcl.com/69f402279ff03c06b05ed0c1)|2026/05/01 11:57|若林 晃|
|[e-payWork](https://wiki.jbdcl.com/69f44ebe9ff03c06b05f540a)|2026/05/01 03:57|松本 隼弥|
|[test](https://wiki.jbdcl.com/69f44ecb9ff03c06b05f5451)|2026/05/01 03:57|松本 隼弥|
|[01_AWS IAM Identity CenterでKiROを利用](https://wiki.jbdcl.com/69f298ee9ff03c06b05daa17)|2026/04/30 09:27|田渕 達也|
|[Y00_改善テーマ](https://wiki.jbdcl.com/69f3e9299ff03c06b05ea6ea)|2026/05/01 10:36|田渕 達也|
|[20260529](https://wiki.jbdcl.com/69e05c1f9ff03c06b050058b)|2026/05/01 10:48|田渕 達也|
|[Thunderbirdの英文メールをChatGPTで翻訳する](https://wiki.jbdcl.com/67ee74239ff03c06b0046c36)|2026/05/02 02:15|馬場 健司|
|[JBD基盤チャットボット利用状況](https://wiki.jbdcl.com/68a54d229ff03c06b0fb39ce)|2026/05/03 05:30|田渕 達也|
|[ランキングページ](https://wiki.jbdcl.com/63a10a4eb5e7e15fd789a29d)|2026/05/03 02:00|田渕 達也|
"
0,mattermost,"
## JBDナレッジの更新情報 :pencil: 

* 下記のページが１週間以内に更新されています。



　

|ページ|更新日|更新者|
|-|-|
|[製品版ウイルスバスター未実施者リスト](https://wiki.jbdcl.com/68fb1ec39ff03c06b087c18a)|2026/05/10 02:20|田渕 達也|
|[Office2016導入PC](https://wiki.jbdcl.com/65546c2028cf0e07df594ccf)|2026/05/11 01:10|田渕 達也|
|[1203_JBD基盤ツールの使い方](https://wiki.jbdcl.com/63a949633dc1ab0d20ef3dff)|2026/05/08 04:56|上西 歩未|
|[パスワード変更_未実施者](https://wiki.jbdcl.com/66e90c1b9ff03c06b0fc3a74)|2026/05/10 02:10|田渕 達也|
|[1231_受講者状況](https://wiki.jbdcl.com/63e0960d922bc9d167bd84bb)|2026/05/10 02:50|田渕 達也|
|[P011_プロジェクト企画書_年度切替_未実施一覧](https://wiki.jbdcl.com/69df35c29ff03c06b04e892c)|2026/05/08 06:50|田渕 達也|
|[P041_メーリングリスト_年度切替_未実施一覧](https://wiki.jbdcl.com/69def9ad9ff03c06b04e213e)|2026/05/08 06:50|田渕 達也|
|[T011_オンラインストレージ_年度切替_未実施一覧](https://wiki.jbdcl.com/69df360a9ff03c06b04e9b41)|2026/05/08 06:50|田渕 達也|
|[T031_開発サーバ_年度切替_未実施一覧](https://wiki.jbdcl.com/69df361d9ff03c06b04ea2d8)|2026/05/08 06:50|田渕 達也|
|[T051_公開Redmine_年度切替_未実施一覧](https://wiki.jbdcl.com/69df36169ff03c06b04ea09d)|2026/05/08 06:50|田渕 達也|
|[10.棚卸未実施一覧](https://wiki.jbdcl.com/655c272828cf0e07df5e3b75)|2026/05/11 01:30|田渕 達也|
|[11.棚卸管理シール貼付け未実施一覧](https://wiki.jbdcl.com/66976f629ff03c06b09395f5)|2026/05/10 01:40|田渕 達也|
|[1260_開発サーバー](https://wiki.jbdcl.com/66c6abb29ff03c06b0d2df54)|2026/05/10 01:50|田渕 達也|
|[Windows10PC一覧](https://wiki.jbdcl.com/6556ba1528cf0e07df5aec55)|2026/05/11 01:20|田渕 達也|
|[01_セキュリティソフトの移行状況_未実施一覧](https://wiki.jbdcl.com/696f6ee89ff03c06b0f03e1d)|2026/05/10 02:30|田渕 達也|
|[実現したい機能スキルツリー](https://wiki.jbdcl.com/69e9e8af9ff03c06b05922e8)|2026/05/08 03:50|淺野間 龍児|
|[水の注文量管理システム](https://wiki.jbdcl.com/69fb85f69ff03c06b0610147)|2026/05/07 07:47|木下 凌介|
|[モデル概要](https://wiki.jbdcl.com/69fb86399ff03c06b06102b3)|2026/05/07 07:47|木下 凌介|
|[20260427-0503のAI最新情報](https://wiki.jbdcl.com/69fbe7819ff03c06b0616045)|2026/05/07 01:17|石井 教観|
|[AGENTS](https://wiki.jbdcl.com/69fbe2809ff03c06b0613cfe)|2026/05/07 10:07|石井 教観|
|[progress](https://wiki.jbdcl.com/69fd3ca19ff03c06b062a8e7)|2026/05/08 10:30|石井 教観|
|[作業履歴](https://wiki.jbdcl.com/69eb3db59ff03c06b05af5c0)|2026/05/08 10:29|石井 教観|
|[API設計書](https://wiki.jbdcl.com/69fbe2c99ff03c06b06142ea)|2026/05/08 10:30|石井 教観|
|[DB設計書](https://wiki.jbdcl.com/69fbe2bc9ff03c06b06140f2)|2026/05/08 10:31|石井 教観|
|[作業手順書](https://wiki.jbdcl.com/69fbe2af9ff03c06b0613ff4)|2026/05/07 09:54|石井 教観|
|[画面設計書](https://wiki.jbdcl.com/69fbe2d69ff03c06b06143ce)|2026/05/08 10:31|石井 教観|
|[要件定義書](https://wiki.jbdcl.com/69fbe2999ff03c06b0613e3e)|2026/05/08 10:31|石井 教観|
|[要求仕様書](https://wiki.jbdcl.com/69e9d4f89ff03c06b059015e)|2026/05/08 10:30|石井 教観|
|[事業部会議](https://wiki.jbdcl.com/69ce5afb9ff03c06b03ed8a6)|2026/05/08 06:05|大江 希|
|[2026年05月](https://wiki.jbdcl.com/69fd9f4d9ff03c06b063ed6f)|2026/05/08 06:16|大江 希|
|[データレスPCについて（森林）](https://wiki.jbdcl.com/69fe99899ff03c06b0649cda)|2026/05/09 11:25|森林 悠登|
|[FP・FF事業部](https://wiki.jbdcl.com/661624489ff03c06b0f27a4e)|2026/05/08 04:10|大和田 啓吾|
|[000_事業部方針](https://wiki.jbdcl.com/69fd8caa9ff03c06b06376c4)|2026/05/08 04:37|大和田 啓吾|
|[100_部門運営](https://wiki.jbdcl.com/69fd8e6e9ff03c06b0637c6a)|2026/05/08 04:41|大和田 啓吾|
|[200_年間予定](https://wiki.jbdcl.com/69fd93d99ff03c06b0639ff3)|2026/05/09 07:17|新城 汐里|
|[300_事業部会](https://wiki.jbdcl.com/69fd95169ff03c06b063a6de)|2026/05/08 04:47|大和田 啓吾|
|[202604](https://wiki.jbdcl.com/69fd952c9ff03c06b063a7c1)|2026/05/08 07:36|大和田 啓吾|
|[47期以前](https://wiki.jbdcl.com/69fd8ba29ff03c06b0636e27)|2026/05/08 04:07|大和田 啓吾|
|[メインページ](https://wiki.jbdcl.com/69fd8c529ff03c06b063738c)|2026/05/08 04:10|大和田 啓吾|
|[2026年05月(荒井)](https://wiki.jbdcl.com/69e7b04d9ff03c06b0569102)|2026/05/08 03:52|福島 大貴|
|[共有情報・勉強会資料等](https://wiki.jbdcl.com/66b2d0f79ff03c06b0bee050)|2026/05/06 03:47|齊藤 大希|
|[設定ファイルの種類と特徴](https://wiki.jbdcl.com/69fae3b09ff03c06b060c2cc)|2026/05/06 08:08|齊藤 大希|
|[読みやすい資料を作成するには](https://wiki.jbdcl.com/699d5e0e9ff03c06b0108d28)|2026/05/08 01:31|青山 謙二|
|[01-1.心得（社員用）](https://wiki.jbdcl.com/67639e399ff03c06b0848063)|2026/05/08 09:16|米田 桜|
|[1-1_要件定義に関する学習の過程の記録](https://wiki.jbdcl.com/69f402279ff03c06b05ed0c1)|2026/05/07 08:49|若林 晃|
|[test](https://wiki.jbdcl.com/69f44ecb9ff03c06b05f5451)|2026/05/07 03:49|松本 隼弥|
|[test2](https://wiki.jbdcl.com/69fc3cde9ff03c06b061f348)|2026/05/08 11:02|松本 隼弥|
|[JBD基盤チャットボット利用状況](https://wiki.jbdcl.com/68a54d229ff03c06b0fb39ce)|2026/05/10 05:30|田渕 達也|
|[ランキングページ](https://wiki.jbdcl.com/63a10a4eb5e7e15fd789a29d)|2026/05/10 02:00|田渕 達也|
"
1,wa-teraoka,"@channel 
### ベネフィット・ステーション説明会実施のご案内【1週間前リマインド】###

お疲れ様です。人事の寺岡です。

リマインドになりますが、
1週間後の***5月20日（水）12:30～13:00***に
当社で利用できる福利厚生サービス「ベネフィット・ステーション」についての説明会を
株式会社ベネフィット・ワンの担当者様よりオンライン（Zoom）で実施していただきます。

昼休憩時間での実施となりますので、
お昼ごはんを食べながら・休憩しながらの気軽な参加も大歓迎です！
カメラOFF・途中参加・途中退出もOKです！

詳細は以下のGroupsessionの掲示板にございますので、
ご確認いただけますと幸いです。

https://gs.jbdcl.com/gsession/common/cmn001.do?url=%2Fgsession%2Fbulletin%2Fbbs060.do%3Fbbs010forumSid%3D5%26threadSid%3D3036"
0,ry-hanada,"@k-oota 
申し訳ございません。
オフィスステーションのIDがロックされてしまいました。
リセットをお願いできますでしょうか。"
1,hi-ishikawa,"@channel 
### 金融業務知識向上委員会（Finance）設立について

  
* 金融系プロジェクトでは、最新技術が採用される機会は多くなく、生成AIを活用した取組も、現状は限
   られた1部のプロジェクトによる設計書生成に限定されている。
   一方で、金融業務知識は制度改正等による変化はあるものの、ベースとなる知識や業務理解は大きく
   変わらない。
   そのため、業務知識の向上に着目し、金融に興味のあるメンバー向けに金融業務理解を強化すること
   を目的とした委員会を設立します。

*   月に1回程度の定期開催を行う想定です。
*   興味のある方は、@hi-ishikawa あてに、参加表明してください。
*   募集期日：2025/05/29

48期取組メニュー

| 大項目 | 中項目 | 小項目 |
| --- | --- | --- |
| 金融商品 | 証券現物 | 債券・資産担保証券 |
| 現物 | 債券 | 銘柄 |
| 　 | 　 | 発行 |
| 　 | 　 | 利金 |
| 　 | 　 | 償還 |
| 　 | 　 | 売買 |
| 　 | 　 | その他の取引 |
| 　 | 　 | デリバティブ |
| 　 | 　 | 財務 |
| 　 | 　 | 決算 |
| 　 | 　 | 市場関係者 |
| 　 | 　 | 決済 |
| 市場系システムの全体像 | 業務の流れ | フロント |
| 　 | 　 | ミドル |
| 　 | 　 | バック |
| 　 | 　 | 周辺システム |

49期以降、知識領域を拡大していく予定です。"
0,tabuchi,"@channel 

Xpointサーバが停止しています。
管理者は、サーバの起動をお願いします。 :man-bowing: 
"
0,morita,"@all 

Xpointサーバの起動完了しました。
ご迷惑をおかけし申し訳ございません。"
0,mattermost,"
## JBDナレッジの更新情報 :pencil: 

* 下記のページが１週間以内に更新されています。



　

|ページ|更新日|更新者|
|-|-|
|[製品版ウイルスバスター未実施者リスト](https://wiki.jbdcl.com/68fb1ec39ff03c06b087c18a)|2026/05/17 02:20|田渕 達也|
|[Office2016導入PC](https://wiki.jbdcl.com/65546c2028cf0e07df594ccf)|2026/05/18 01:10|田渕 達也|
|[VPN拠点責任者](https://wiki.jbdcl.com/67e0c42b9ff03c06b0f2d65d)|2026/05/15 04:09|冨澤 裕喜|
|[パスワード変更_未実施者](https://wiki.jbdcl.com/66e90c1b9ff03c06b0fc3a74)|2026/05/17 02:10|田渕 達也|
|[1231_受講者状況](https://wiki.jbdcl.com/63e0960d922bc9d167bd84bb)|2026/05/17 02:50|田渕 達也|
|[P011_プロジェクト企画書_年度切替_未実施一覧](https://wiki.jbdcl.com/69df35c29ff03c06b04e892c)|2026/05/15 06:00|田渕 達也|
|[P041_メーリングリスト_年度切替_未実施一覧](https://wiki.jbdcl.com/69def9ad9ff03c06b04e213e)|2026/05/15 06:00|田渕 達也|
|[T011_オンラインストレージ_年度切替_未実施一覧](https://wiki.jbdcl.com/69df360a9ff03c06b04e9b41)|2026/05/15 06:00|田渕 達也|
|[T031_開発サーバ_年度切替_未実施一覧](https://wiki.jbdcl.com/69df361d9ff03c06b04ea2d8)|2026/05/15 06:00|田渕 達也|
|[T051_公開Redmine_年度切替_未実施一覧](https://wiki.jbdcl.com/69df36169ff03c06b04ea09d)|2026/05/15 06:00|田渕 達也|
|[10.棚卸未実施一覧](https://wiki.jbdcl.com/655c272828cf0e07df5e3b75)|2026/05/18 01:30|田渕 達也|
|[11.棚卸管理シール貼付け未実施一覧](https://wiki.jbdcl.com/66976f629ff03c06b09395f5)|2026/05/17 01:40|田渕 達也|
|[1260_開発サーバー](https://wiki.jbdcl.com/66c6abb29ff03c06b0d2df54)|2026/05/17 01:50|田渕 達也|
|[Windows10PC一覧](https://wiki.jbdcl.com/6556ba1528cf0e07df5aec55)|2026/05/18 01:20|田渕 達也|
|[01_セキュリティソフトの移行状況_未実施一覧](https://wiki.jbdcl.com/696f6ee89ff03c06b0f03e1d)|2026/05/17 02:30|田渕 達也|
|[3-14_スタイルとオブジェクト構文](https://wiki.jbdcl.com/69d369ca9ff03c06b0431acb)|2026/05/15 09:25|隈部 摩耶|
|[3-15_v-bind:styleにオブジェクトを設定する](https://wiki.jbdcl.com/6a0666a79ff03c06b06ac99b)|2026/05/15 09:21|隈部 摩耶|
|[スクラムイベントでやること](https://wiki.jbdcl.com/68954b739ff03c06b0e87920)|2026/05/12 01:12|海野 亮|
|[CRS開発環境構築手順](https://wiki.jbdcl.com/6a00c4b99ff03c06b0651b33)|2026/05/17 06:27|木下 凌介|
|[アジャイル開発・スクラムとは](https://wiki.jbdcl.com/6a02cfcf9ff03c06b067910c)|2026/05/13 05:28|海野 亮|
|[オリエンテーション資料（48期）](https://wiki.jbdcl.com/6a010b659ff03c06b0652b31)|2026/05/14 09:20|木下 凌介|
|[20260504-0510のAI最新情報](https://wiki.jbdcl.com/6a0141569ff03c06b065c109)|2026/05/11 11:39|石井 教観|
|[作業履歴](https://wiki.jbdcl.com/69eb3db59ff03c06b05af5c0)|2026/05/14 06:13|石井 教観|
|[2026年05月](https://wiki.jbdcl.com/69fd9f4d9ff03c06b063ed6f)|2026/05/11 05:05|松本 隼弥|
|[データレスPCについて（森林）](https://wiki.jbdcl.com/69fe99899ff03c06b0649cda)|2026/05/11 06:16|森林 悠登|
|[200_年間予定](https://wiki.jbdcl.com/69fd93d99ff03c06b0639ff3)|2026/05/13 03:34|藤池 拓三|
|[オリコ様_倉持](https://wiki.jbdcl.com/6a06bcd19ff03c06b06b6698)|2026/05/15 05:15|倉持 優人|
|[2Z05_給与計算業務](https://wiki.jbdcl.com/648ae064922bc9d167f45f2e)|2026/05/17 10:18|星野 将浩|
|[010101_健康保険](https://wiki.jbdcl.com/64b4d70b28cf0e07dffad602)|2026/05/17 10:48|星野 将浩|
|[010102_厚生年金保険](https://wiki.jbdcl.com/64b4d73c28cf0e07dffad72a)|2026/05/17 10:48|星野 将浩|
|[010103_介護保険](https://wiki.jbdcl.com/64b4d74b28cf0e07dffad76e)|2026/05/17 10:12|星野 将浩|
|[010105_労災保険](https://wiki.jbdcl.com/64b4d76528cf0e07dffad7f4)|2026/05/17 10:49|星野 将浩|
|[010106_子ども・子育て関連の負担金](https://wiki.jbdcl.com/6a09c48a9ff03c06b06cc7c2)|2026/05/17 10:50|星野 将浩|
|[0203_標準報酬月額](https://wiki.jbdcl.com/671dfa439ff03c06b0410464)|2026/05/17 10:33|星野 将浩|
|[SQL Server](https://wiki.jbdcl.com/6a04004a9ff03c06b068b50b)|2026/05/13 01:38|藤本 正貫|
|[SQL Serverのトランザクションログファイルの縮小](https://wiki.jbdcl.com/6a0400779ff03c06b068b829)|2026/05/13 01:39|藤本 正貫|
|[SQL Serverのリカバリモデル](https://wiki.jbdcl.com/6a0400b09ff03c06b068bd32)|2026/05/13 01:40|藤本 正貫|
|[SSMS（SQL Server Management Studio） 権限について](https://wiki.jbdcl.com/6a0400d19ff03c06b068c02b)|2026/05/13 01:40|藤本 正貫|
|[TeamFile](https://wiki.jbdcl.com/6a03fd639ff03c06b068a1a0)|2026/05/13 01:26|藤本 正貫|
|[TeamFile PAYMENTフォルダ残存確認バッチ](https://wiki.jbdcl.com/6a04021f9ff03c06b068d523)|2026/05/13 01:51|藤本 正貫|
|[TeamFile テスト用Stub](https://wiki.jbdcl.com/6a03fffa9ff03c06b068ae8a)|2026/05/13 01:37|藤本 正貫|
|[TeamFileへのアクセス](https://wiki.jbdcl.com/6a03fda59ff03c06b068a5b0)|2026/05/13 01:27|藤本 正貫|
|[事後回付](https://wiki.jbdcl.com/66ffa9df9ff03c06b01dfd03)|2026/05/13 02:13|藤本 正貫|
|[1_要件定義](https://wiki.jbdcl.com/69eb12de9ff03c06b05a61c1)|2026/05/14 09:13|若林 晃|
|[1-1_要件定義に関する学習の過程の記録](https://wiki.jbdcl.com/69f402279ff03c06b05ed0c1)|2026/05/14 09:08|若林 晃|
|[220002 金融業務知識向上委員会（Finance）](https://wiki.jbdcl.com/6a06e01c9ff03c06b06bdb89)|2026/05/15 06:00|石川 洋史|
|[JBD基盤チャットボット利用状況](https://wiki.jbdcl.com/68a54d229ff03c06b0fb39ce)|2026/05/17 05:30|田渕 達也|
|[ランキングページ](https://wiki.jbdcl.com/63a10a4eb5e7e15fd789a29d)|2026/05/17 02:00|田渕 達也|
"
1,wa-teraoka,"@channel 
### ベネフィット・ステーション説明会実施のご案内【当日リマインド】###

お疲れ様です。人事の寺岡です。

リマインドになりますが、
本日***5月20日（水）12:30～13:00***に
当社で利用できる福利厚生サービス「ベネフィット・ステーション」についての説明会を
株式会社ベネフィット・ワンの担当者様よりオンライン（Zoom）で実施していただきます。

皆様のご参加を是非お待ちしております。

昼休憩時間での実施となりますので、
お昼ごはんを食べながら・休憩しながらの気軽な参加も大歓迎です！
カメラOFF・途中参加・途中退出もOKです！

詳細は以下のGroupsessionの掲示板にございますので、
ご確認いただけますと幸いです。
※本日説明の際に利用する資料も以下に添付済みです。

https://gs.jbdcl.com/gsession/common/cmn001.do?url=%2Fgsession%2Fbulletin%2Fbbs060.do%3Fbbs010forumSid%3D5%26threadSid%3D3036"
0,baba,"ベネステいいですよね。
いつも焼肉10％OFFとか、映画1300円とか、安いです。"
0,ry-hanada,Netflixはついてなかったですね。
0,h-yasui,"後から見ました
映画館安くなるんですね！"
0,h-yasui,"109シネマズ
TOHOシネマズ
共に名古屋事業所の近くにあります"
0,ry-hanada,金曜日からのスターウォーズシリーズの映画も割引されればいいなぁと
0,n-mae,"@wa-teraoka さん CC: @y-shiota 
説明会の開催ありがとうございました。

早速PDF手順の通りに、私と塩田でベネアカウントの登録を実施してみたんですが、「ご入力いただいた認証キーに誤りがあります。」とのことで、双方先に進めることができませんでした。。
何かご存知でしょうか？"
0,h-yasui,"プレミアムシートとか
エグゼクティブシートで鑑賞したいですよね"
0,baba,"サイトからはネトフリ契約できそうですよ。
（13%ベネポの）"
0,ry-hanada,"ただではなかったorz
まぁ、当たり前でしたね。
13%がpointバックなので、割引でみれる感じですね。"
0,mattermost,"
## JBDナレッジの更新情報 :pencil: 

* 下記のページが１週間以内に更新されています。



　

|ページ|更新日|更新者|
|-|-|
|[製品版ウイルスバスター未実施者リスト](https://wiki.jbdcl.com/68fb1ec39ff03c06b087c18a)|2026/05/24 02:20|田渕 達也|
|[Office2016導入PC](https://wiki.jbdcl.com/65546c2028cf0e07df594ccf)|2026/05/25 01:10|田渕 達也|
|[パスワード変更_未実施者](https://wiki.jbdcl.com/66e90c1b9ff03c06b0fc3a74)|2026/05/24 02:10|田渕 達也|
|[1231_受講者状況](https://wiki.jbdcl.com/63e0960d922bc9d167bd84bb)|2026/05/24 02:50|田渕 達也|
|[P011_プロジェクト企画書_年度切替_未実施一覧](https://wiki.jbdcl.com/69df35c29ff03c06b04e892c)|2026/05/22 05:41|田渕 達也|
|[P041_メーリングリスト_年度切替_未実施一覧](https://wiki.jbdcl.com/69def9ad9ff03c06b04e213e)|2026/05/22 05:41|田渕 達也|
|[T011_オンラインストレージ_年度切替_未実施一覧](https://wiki.jbdcl.com/69df360a9ff03c06b04e9b41)|2026/05/22 05:41|田渕 達也|
|[T031_開発サーバ_年度切替_未実施一覧](https://wiki.jbdcl.com/69df361d9ff03c06b04ea2d8)|2026/05/22 05:41|田渕 達也|
|[T051_公開Redmine_年度切替_未実施一覧](https://wiki.jbdcl.com/69df36169ff03c06b04ea09d)|2026/05/22 05:41|田渕 達也|
|[10.棚卸未実施一覧](https://wiki.jbdcl.com/655c272828cf0e07df5e3b75)|2026/05/25 01:30|田渕 達也|
|[11.棚卸管理シール貼付け未実施一覧](https://wiki.jbdcl.com/66976f629ff03c06b09395f5)|2026/05/24 01:40|田渕 達也|
|[1260_開発サーバー](https://wiki.jbdcl.com/66c6abb29ff03c06b0d2df54)|2026/05/24 01:50|田渕 達也|
|[Windows10PC一覧](https://wiki.jbdcl.com/6556ba1528cf0e07df5aec55)|2026/05/25 01:20|田渕 達也|
|[01_セキュリティソフトの移行状況_未実施一覧](https://wiki.jbdcl.com/696f6ee89ff03c06b0f03e1d)|2026/05/24 02:30|田渕 達也|
|[Reactの基本](https://wiki.jbdcl.com/69f07bf99ff03c06b05d56d0)|2026/05/18 09:02|永井 利樹|
|[Vue3](https://wiki.jbdcl.com/63a10f2ab5e7e15fd789cd9c)|2026/05/22 03:05|隈部 摩耶|
|[AWS Certified Cloud Practitioner 2026（CLF-C02）](https://wiki.jbdcl.com/6a0c406f9ff03c06b06fa926)|2026/05/19 07:59|本間 武夫|
|[実現したい機能スキルツリー](https://wiki.jbdcl.com/69e9e8af9ff03c06b05922e8)|2026/05/20 12:16|木下 凌介|
|[オリエンテーション資料（48期）](https://wiki.jbdcl.com/6a010b659ff03c06b0652b31)|2026/05/18 07:43|木下 凌介|
|[20260511-0517のAI最新情報](https://wiki.jbdcl.com/6a0a60749ff03c06b06d12eb)|2026/05/22 11:23|石井 教観|
|[_template](https://wiki.jbdcl.com/68e306399ff03c06b0682439)|2026/05/18 09:24|石井 教観|
|[作業履歴](https://wiki.jbdcl.com/69eb3db59ff03c06b05af5c0)|2026/05/22 05:59|石井 教観|
|[2026年06月](https://wiki.jbdcl.com/6a0e86009ff03c06b0711a3a)|2026/05/21 01:13|松本 隼弥|
|[200_年間予定](https://wiki.jbdcl.com/69fd93d99ff03c06b0639ff3)|2026/05/22 03:04|長谷川 康昭|
|[202604](https://wiki.jbdcl.com/69fd952c9ff03c06b063a7c1)|2026/05/20 02:14|大和田 啓吾|
|[010106_子ども・子育て関連の負担金](https://wiki.jbdcl.com/6a09c48a9ff03c06b06cc7c2)|2026/05/25 01:04|星野 将浩|
|[220002 金融業務知識向上委員会（Finance）](https://wiki.jbdcl.com/6a06e01c9ff03c06b06bdb89)|2026/05/18 07:14|石川 洋史|
|[00_教材](https://wiki.jbdcl.com/6a0ed2b69ff03c06b071a8fd)|2026/05/21 06:48|大和田 啓吾|
|[01_概論・債券取引について](https://wiki.jbdcl.com/6a0ed3469ff03c06b071ac9c)|2026/05/21 06:53|大和田 啓吾|
|[01_金融商品](https://wiki.jbdcl.com/6a0ed35c9ff03c06b071ad82)|2026/05/21 06:54|大和田 啓吾|
|[01_債券現物](https://wiki.jbdcl.com/6a0ed3909ff03c06b071afab)|2026/05/21 08:24|大和田 啓吾|
|[02_現物](https://wiki.jbdcl.com/6a0ed39e9ff03c06b071b059)|2026/05/21 06:42|大和田 啓吾|
|[01_債券](https://wiki.jbdcl.com/6a0ed3aa9ff03c06b071b105)|2026/05/21 06:43|大和田 啓吾|
|[01_銘柄](https://wiki.jbdcl.com/6a0ed3d99ff03c06b071b32a)|2026/05/21 06:43|大和田 啓吾|
|[02_債券のイベント](https://wiki.jbdcl.com/6a0ed3e19ff03c06b071b36d)|2026/05/21 06:44|大和田 啓吾|
|[01_発行](https://wiki.jbdcl.com/6a0ed3ec9ff03c06b071b48a)|2026/05/21 06:44|大和田 啓吾|
|[02_利金](https://wiki.jbdcl.com/6a0ed3fa9ff03c06b071b54a)|2026/05/21 06:44|大和田 啓吾|
|[03_償還](https://wiki.jbdcl.com/6a0ed4079ff03c06b071b687)|2026/05/21 06:44|大和田 啓吾|
|[04_売買](https://wiki.jbdcl.com/6a0ed4139ff03c06b071b74f)|2026/05/21 06:44|大和田 啓吾|
|[05_その他の取引](https://wiki.jbdcl.com/6a0ed4279ff03c06b071b811)|2026/05/21 06:45|大和田 啓吾|
|[06_デリバティブ](https://wiki.jbdcl.com/6a0ed4319ff03c06b071b8cc)|2026/05/21 06:45|大和田 啓吾|
|[07_財務](https://wiki.jbdcl.com/6a0ed43a9ff03c06b071b986)|2026/05/22 05:19|長谷川 康昭|
|[08_決算](https://wiki.jbdcl.com/6a0ed4409ff03c06b071ba40)|2026/05/21 06:45|大和田 啓吾|
|[09_市場関係者](https://wiki.jbdcl.com/6a0ed4499ff03c06b071bb01)|2026/05/21 06:45|大和田 啓吾|
|[10_決済](https://wiki.jbdcl.com/6a0ed4509ff03c06b071bbc3)|2026/05/21 06:45|大和田 啓吾|
|[10_市場系システムの全体像](https://wiki.jbdcl.com/6a0ed46a9ff03c06b071bd01)|2026/05/21 06:46|大和田 啓吾|
|[01_フロント・ミドル・バック](https://wiki.jbdcl.com/6a0ed4779ff03c06b071bdbf)|2026/05/22 03:48|隈部 摩耶|
|[01_フロント](https://wiki.jbdcl.com/6a0ff17c9ff03c06b073215d)|2026/05/22 03:24|隈部 摩耶|
|[02_ミドル](https://wiki.jbdcl.com/6a0ff20a9ff03c06b0732763)|2026/05/22 03:25|隈部 摩耶|
|[03_バック](https://wiki.jbdcl.com/6a0ff2119ff03c06b07327a6)|2026/05/22 03:25|隈部 摩耶|
|[02_周辺システム](https://wiki.jbdcl.com/6a0ed47f9ff03c06b071be7d)|2026/05/22 03:24|隈部 摩耶|
|[JBD基盤チャットボット利用状況](https://wiki.jbdcl.com/68a54d229ff03c06b0fb39ce)|2026/05/24 05:30|田渕 達也|
|[ランキングページ](https://wiki.jbdcl.com/63a10a4eb5e7e15fd789a29d)|2026/05/24 02:00|田渕 達也|
"
1,wa-teraoka,"@channel 
### ベネフィット・ステーション認証キー誤りの対応について ###
お疲れ様です。 
連携が遅れ申し訳ございません。
ベネフィットの【入力した認証キーに誤りがあります。】と表示される件ですが、
***パスワードを再設定することでログインできるとのこと***ですので
下記の対応を各自で試みてみていただけると幸いです。

※なお過去に一度でもベネアカウント作成すると上記表示がでるとのことです。

○ベネアカウント登録・ご利用に関して [https://bs.benefit-one.inc/contents/beneacc/](https://bs.benefit-one.inc/contents/beneacc/)

○パスワード・ベネアカウントがご不明な方 [https://auth.benefit-one.inc/auth/inquiry/PasswordResetFromForgottenUser](https://auth.benefit-one.inc/auth/inquiry/PasswordResetFromForgottenUser)

○認証キーがご不明な方 [https://bopf.benefit-one.inc/application/mail/input?bo\_service\_code=BS&applicationType=1](https://bopf.benefit-one.inc/application/mail/input?bo_service_code=BS&applicationType=1)"
0,baba,"スターウォーズ観ました。
シーズン１、２の続きみたいですが、未見でも楽しめました。
シーズン１、２はディズニー＋で配信してるドラマかな？
そこまでサブスク入れん。。。

"
0,h-yasui,"初見さんでも楽しめる
配慮された作品だったと思います！"
0,ry-hanada,docomoで一か月だけただだっのですが、結果、SWのEP1しか観れてなかったです。
0,h-yasui,"こんな時レンタルビデオ店が役立つのですが、最近サブスクが浸透して
廃れてますよね。。。"
0,h-yasui,"GW中にスターウォーズの日があったので
これまでのE1~の作品をテレビ放映してましたが"
0,ry-hanada,日本語に違和感を感じてしまうので、字幕の方が好きです。
1,tabuchi,"@channel 

## 年度切替

* JBD基盤として提供しているサービスの年度切替の終了日が5/31となっております。
* 対象サービスを確認して、速やかに対応をお願い致します。
* 完了したプロジェクトは、完了として申請をお願い致します。

|年度切替サービス|
|-|
|[/1000_全社員共有ドキュメント/1200_開発戦略本部/1250_棚卸処理/X021_JBD基盤の棚卸処理/P011_プロジェクト企画書_年度切替_未実施一覧](https://wiki.jbdcl.com/69df35c29ff03c06b04e892c)|
|[/1000_全社員共有ドキュメント/1200_開発戦略本部/1250_棚卸処理/X021_JBD基盤の棚卸処理/P041_メーリングリスト_年度切替_未実施一覧](https://wiki.jbdcl.com/69def9ad9ff03c06b04e213e)|
|[/1000_全社員共有ドキュメント/1200_開発戦略本部/1250_棚卸処理/X021_JBD基盤の棚卸処理/T011_オンラインストレージ_年度切替_未実施一覧](https://wiki.jbdcl.com/69df360a9ff03c06b04e9b41)|
|[/1000_全社員共有ドキュメント/1200_開発戦略本部/1250_棚卸処理/X021_JBD基盤の棚卸処理/T031_開発サーバ_年度切替_未実施一覧](https://wiki.jbdcl.com/69df361d9ff03c06b04ea2d8)|
"
0,y-tomizawa,"@sakai 様
@k-takeda 様
@n-yamanaka 様

## 年度切替

* JBD基盤の年度切替の期限が5/31となっております。
* 営業日では本日が最終日になっております。
* まだ未実施の物は以下になりますので、至急申請をお願い致します。

### プロジェクト企画書

| No | 事業部 | 利用者 | 識別子 | 顧客名 | プロジェクト名 |
| - | - | - | - | - | - |
|1|中部第２事業部|酒井 寛幸|tmejrecordsearch|伊藤忠ﾃｸﾉｿﾘｭｰｼｮﾝｽﾞ(株)|トヨタ自動車東日本様向け記録検索システム対応横展導入|
|2|IS事業部|武田 宏喜|okiden|AXIO| 沖縄電力向けIDMバッチ開発|

### メーリングリスト

| No | 事業部 | 利用者 | メーリングリスト |
| - | - | - | - |
|1|役員|山中 昇|higashikurume_pro|
|2|役員|山中 昇|fukushihoken_metro_tokyo45|
|3|役員|山中 昇|jbd_ecsupport|
"
0,yuasa,"@y-tomizawa さん

jbd_ecsupport@ml.jbdcl.com は、5/27に設定完了通知が届いておりますが、何か申請書が必要なのでしょうか？

このメーリングリストが止まるとECサイトの注文情報や問い合わせ全般がすべてのメールが止まります。

至急、ご確認をお願い致します。

よろしくお願い致します。"
0,y-tomizawa,"@yuasa さん
`fukushihoken_metro_tokyo45`と`jbd_ecsupport`は5/27に申請されておりましたが、`年度切替`ではなく、`体制変更`で申請されております。
なので、年度切替は完了判定されていない次第です。
`higashikurume_pro`は何も申請されていませんでした。
6月以降も必要であれば、年度切替申請をお願い致します。"
0,y-tomizawa,必要ないものにつきましては、完了で申請をお願い致します。(いらないから申請しないはやめてください。)
0,yuasa,"@y-tomizawa さん

山中さんは本日病欠ですので、石金（正）さんが帰社されたら対応して頂きます。

よろしくお願い致します。"
0,y-tomizawa,"@sakai 様
@k-takeda 様
@n-yamanaka 様

## 最終通知

* 年度切替の申請がまだ申請されておりません。
* このままだと削除処理になってしまいます。
* 不必要な場合でも完了の申請を必ず申請をお願い致します。

"
0,y-tomizawa,"
### プロジェクト企画書

| No | 事業部 | 利用者 | 識別子 | 顧客名 | プロジェクト名 |
| - | - | - | - | - | - |
|1|中部第２事業部|酒井 寛幸|tmejrecordsearch|伊藤忠ﾃｸﾉｿﾘｭｰｼｮﾝｽﾞ(株)|トヨタ自動車東日本様向け記録検索システム対応横展導入|
|2|IS事業部|武田 宏喜|okiden|AXIO| 沖縄電力向けIDMバッチ開発|

### メーリングリスト

| No | 事業部 | 利用者 | メーリングリスト |
| - | - | - | - |
|1|役員|山中 昇|higashikurume_pro|

"
0,k-takeda,"@y-tomizawa 
お手数をおかけしまして申し訳ございません。
業務立て込んでおり削除申請が出せておらず申し訳ございません。
okidenになりますが失注している案件となり申請に時間を要している状況となりますが
別途完了の申請するように進めさせていただきます。"
0,mattermost,"
## JBDナレッジの更新情報 :pencil: 

* 下記のページが１週間以内に更新されています。



　

|ページ|更新日|更新者|
|-|-|
|[製品版ウイルスバスター未実施者リスト](https://wiki.jbdcl.com/68fb1ec39ff03c06b087c18a)|2026/05/31 02:20|田渕 達也|
|[Office2016導入PC](https://wiki.jbdcl.com/65546c2028cf0e07df594ccf)|2026/06/01 01:10|田渕 達也|
|[1201_開発戦略本部からのお願い](https://wiki.jbdcl.com/655afc2c28cf0e07df5d900a)|2026/05/25 10:49|冨澤 裕喜|
|[パスワード変更_未実施者](https://wiki.jbdcl.com/66e90c1b9ff03c06b0fc3a74)|2026/05/31 02:10|田渕 達也|
|[1231_受講者状況](https://wiki.jbdcl.com/63e0960d922bc9d167bd84bb)|2026/05/31 02:50|田渕 達也|
|[P011_プロジェクト企画書_年度切替_未実施一覧](https://wiki.jbdcl.com/69df35c29ff03c06b04e892c)|2026/05/29 06:32|田渕 達也|
|[P041_メーリングリスト_年度切替_未実施一覧](https://wiki.jbdcl.com/69def9ad9ff03c06b04e213e)|2026/05/29 06:32|田渕 達也|
|[T011_オンラインストレージ_年度切替_未実施一覧](https://wiki.jbdcl.com/69df360a9ff03c06b04e9b41)|2026/05/29 06:32|田渕 達也|
|[T031_開発サーバ_年度切替_未実施一覧](https://wiki.jbdcl.com/69df361d9ff03c06b04ea2d8)|2026/05/29 06:32|田渕 達也|
|[T051_公開Redmine_年度切替_未実施一覧](https://wiki.jbdcl.com/69df36169ff03c06b04ea09d)|2026/05/29 06:32|田渕 達也|
|[10.棚卸未実施一覧](https://wiki.jbdcl.com/655c272828cf0e07df5e3b75)|2026/06/01 01:30|田渕 達也|
|[11.棚卸管理シール貼付け未実施一覧](https://wiki.jbdcl.com/66976f629ff03c06b09395f5)|2026/05/31 01:40|田渕 達也|
|[1260_開発サーバー](https://wiki.jbdcl.com/66c6abb29ff03c06b0d2df54)|2026/05/31 01:50|田渕 達也|
|[Windows10PC一覧](https://wiki.jbdcl.com/6556ba1528cf0e07df5aec55)|2026/06/01 01:20|田渕 達也|
|[01_セキュリティソフトの移行状況_未実施一覧](https://wiki.jbdcl.com/696f6ee89ff03c06b0f03e1d)|2026/05/31 02:30|田渕 達也|
|[3-15_v-bind:styleにオブジェクトを設定する](https://wiki.jbdcl.com/6a0666a79ff03c06b06ac99b)|2026/05/29 04:39|隈部 摩耶|
|[3-16_v-ifによる条件付きレンダリング](https://wiki.jbdcl.com/6a1941d49ff03c06b07be304)|2026/05/29 04:37|隈部 摩耶|
|[05](https://wiki.jbdcl.com/6a1643de9ff03c06b07725b9)|2026/05/29 10:56|砂盃 梨乃|
|[アジャイル開発・スクラムとは](https://wiki.jbdcl.com/6a02cfcf9ff03c06b067910c)|2026/05/29 05:02|海野 亮|
|[オリエンテーション資料（48期）](https://wiki.jbdcl.com/6a010b659ff03c06b0652b31)|2026/05/29 04:56|淺野間 龍児|
|[20260518-0524のAI最新情報](https://wiki.jbdcl.com/6a1634059ff03c06b076cfaf)|2026/05/28 11:57|石井 教観|
|[機械学習コンペティションシステム](https://wiki.jbdcl.com/69e9d4f89ff03c06b0590162)|2026/05/29 04:31|石井 教観|
|[作業履歴](https://wiki.jbdcl.com/69eb3db59ff03c06b05af5c0)|2026/05/27 01:46|石井 教観|
|[200_年間予定](https://wiki.jbdcl.com/69fd93d99ff03c06b0639ff3)|2026/05/27 04:34|隈部 摩耶|
|[2026年5月(田中)](https://wiki.jbdcl.com/6a1671df9ff03c06b0777a82)|2026/05/29 01:25|田中 覚|
|[2026年11月(武田)_laravel](https://wiki.jbdcl.com/6a18ec269ff03c06b07a3ece)|2026/05/29 10:34|武田 昇馬|
|[48期_20260527](https://wiki.jbdcl.com/6a1570fc9ff03c06b0768176)|2026/05/26 08:26|花田 亮太|
|[20260528開催](https://wiki.jbdcl.com/6a17c7779ff03c06b078c3af)|2026/05/28 02:57|中谷 祐大|
|[Y00_改善テーマ](https://wiki.jbdcl.com/69f3e9299ff03c06b05ea6ea)|2026/05/29 07:02|松本 隼弥|
|[20260529](https://wiki.jbdcl.com/69e05c1f9ff03c06b050058b)|2026/05/29 05:35|龍門 友哉|
|[03_償還](https://wiki.jbdcl.com/6a0ed4079ff03c06b071b687)|2026/05/26 03:52|藤田 祐介|
|[01_基礎](https://wiki.jbdcl.com/6a1524339ff03c06b075e789)|2026/05/29 10:56|藤田 祐介|
|[01_フロント](https://wiki.jbdcl.com/6a0ff17c9ff03c06b073215d)|2026/05/25 02:25|隈部 摩耶|
|[02_ミドル](https://wiki.jbdcl.com/6a0ff20a9ff03c06b0732763)|2026/05/25 02:23|隈部 摩耶|
|[03_バック](https://wiki.jbdcl.com/6a0ff2119ff03c06b07327a6)|2026/05/25 02:22|隈部 摩耶|
|[80_打ち合わせ](https://wiki.jbdcl.com/6a15404f9ff03c06b076258f)|2026/05/29 10:48|大和田 啓吾|
|[JBD基盤チャットボット利用状況](https://wiki.jbdcl.com/68a54d229ff03c06b0fb39ce)|2026/05/31 05:30|田渕 達也|
|[ランキングページ](https://wiki.jbdcl.com/63a10a4eb5e7e15fd789a29d)|2026/05/31 02:00|田渕 達也|
"
1,k-oota,"@channel 

### 令和8年分住民税額決定通知書について

標記の件につきまして、オフィスステーションにアップしております。
各自ご確認いただきますよう、宜しくお願いいたします。
確認方法は下記マニュアルをご参考ください。
※6月分（7/10給与）より給与天引開始となります。

【マニュアル】
https://ofs-helpcenter-prod-site-content.s3.ap-northeast-1.amazonaws.com/helpcenter/wp-content/uploads/2025/06/20094746/f6801d29a85454b77de4b0804d29dd96.pdf
※JBD社内ポータルよりオフィスステーション（給与明細システム）にログインし、手順2からお進みください。 


【アップされない方】
令和7年12月1日以降入社の方"
1,yui-watanabe,"@channel 

### 台風接近に伴う出勤ついて

事業部長各位

お疲れ様です。
明日にかけ、台風6号が西日本から東日本に接近する予報となっておりますが、時間や交通機関の
経路によって影響が異なるため、出社にあたっては各自、細心の注意を払って頂きますようお願い致します。

万が一、出社及び帰宅時の交通機関に影響がでる社員がいる場合は、本部長と調整のうえ、
各事業部長より勤務方法（在宅、時差出勤等）をご指示頂きますようお願い申し上げます。

```
＜出社後、途中で帰宅する場合＞
　Zaionのタイムカードにつきましては、移動を差し引いた時間（原則定時以降）を終了時刻としてください。
　コメント欄に、『 台風で在宅に切替のため、交通時間に○○分控除済 』と記載するよう指示をお願い致します。
```
```
＜事業所が無人になる場合＞
　事業所に出社するメンバーがいない場合は、必ず電話の【留守番設定】するようお願い致します。
```
以上よろしくお願いいたします。 "
0,mattermost,"
## JBDナレッジの更新情報 :pencil: 

* 下記のページが１週間以内に更新されています。



　

|ページ|更新日|更新者|
|-|-|
|[1108_勤怠管理方法](https://wiki.jbdcl.com/63e9a768922bc9d167bf6574)|2026/06/05 05:38|渡辺 唯子|
|[1109_認定証・許可証](https://wiki.jbdcl.com/65769e5528cf0e07df6d4931)|2026/06/05 05:35|渡辺 唯子|
|[1111_業務関連](https://wiki.jbdcl.com/648a60b7922bc9d167f33709)|2026/06/03 11:57|上西 歩未|
|[1112_人事慶弔関連](https://wiki.jbdcl.com/648a60eb922bc9d167f337f1)|2026/06/04 08:32|渡辺 唯子|
|[製品版ウイルスバスター未実施者リスト](https://wiki.jbdcl.com/68fb1ec39ff03c06b087c18a)|2026/06/07 02:20|田渕 達也|
|[Office2016導入PC](https://wiki.jbdcl.com/65546c2028cf0e07df594ccf)|2026/06/08 01:10|田渕 達也|
|[P011_プロジェクト企画書](https://wiki.jbdcl.com/64378b33922bc9d167cfe6f4)|2026/06/01 11:41|田渕 達也|
|[1114_取引関連](https://wiki.jbdcl.com/648a66f7922bc9d167f354b4)|2026/06/03 12:56|渡辺 唯子|
|[1117_新入社員研修成果発表会](https://wiki.jbdcl.com/68491f219ff03c06b053816a)|2026/06/04 03:25|寺岡 渉|
|[48期成果発表会](https://wiki.jbdcl.com/6a211a919ff03c06b0861010)|2026/06/04 03:26|寺岡 渉|
|[1118_各種申請書](https://wiki.jbdcl.com/63b689017c45329c2d299c61)|2026/06/03 12:02|渡辺 唯子|
|[パスワード変更_未実施者](https://wiki.jbdcl.com/66e90c1b9ff03c06b0fc3a74)|2026/06/07 02:10|田渕 達也|
|[1231_受講者状況](https://wiki.jbdcl.com/63e0960d922bc9d167bd84bb)|2026/06/07 02:50|田渕 達也|
|[P011_プロジェクト企画書_年度切替_未実施一覧](https://wiki.jbdcl.com/69df35c29ff03c06b04e892c)|2026/06/04 04:22|田渕 達也|
|[P041_メーリングリスト_年度切替_未実施一覧](https://wiki.jbdcl.com/69def9ad9ff03c06b04e213e)|2026/06/04 04:22|田渕 達也|
|[T011_オンラインストレージ_年度切替_未実施一覧](https://wiki.jbdcl.com/69df360a9ff03c06b04e9b41)|2026/06/04 04:22|田渕 達也|
|[T031_開発サーバ_年度切替_未実施一覧](https://wiki.jbdcl.com/69df361d9ff03c06b04ea2d8)|2026/06/04 04:22|田渕 達也|
|[T051_公開Redmine_年度切替_未実施一覧](https://wiki.jbdcl.com/69df36169ff03c06b04ea09d)|2026/06/04 04:22|田渕 達也|
|[10.棚卸未実施一覧](https://wiki.jbdcl.com/655c272828cf0e07df5e3b75)|2026/06/08 01:30|田渕 達也|
|[11.棚卸管理シール貼付け未実施一覧](https://wiki.jbdcl.com/66976f629ff03c06b09395f5)|2026/06/07 01:40|田渕 達也|
|[1260_開発サーバー](https://wiki.jbdcl.com/66c6abb29ff03c06b0d2df54)|2026/06/07 01:50|田渕 達也|
|[Windows10PC一覧](https://wiki.jbdcl.com/6556ba1528cf0e07df5aec55)|2026/06/08 01:20|田渕 達也|
|[01_セキュリティソフトの移行状況_未実施一覧](https://wiki.jbdcl.com/696f6ee89ff03c06b0f03e1d)|2026/06/07 02:30|田渕 達也|
|[React基礎知識](https://wiki.jbdcl.com/6a2291729ff03c06b088b83e)|2026/06/05 07:22|小池 琢也|
|[SPA、Reactとは](https://wiki.jbdcl.com/6a2293249ff03c06b088cb73)|2026/06/05 07:31|小池 琢也|
|[学習用環境構築](https://wiki.jbdcl.com/6a22a4729ff03c06b0890695)|2026/06/05 07:26|小池 琢也|
|[用語まとめ](https://wiki.jbdcl.com/6a2293ea9ff03c06b088d2de)|2026/06/05 07:20|小池 琢也|
|[Svelte・SolidJS・Qwik・Remix・Astroについて](https://wiki.jbdcl.com/6a22a1469ff03c06b088f5e5)|2026/06/05 07:22|小池 琢也|
|[画面イメージ図（タスク検索）](https://wiki.jbdcl.com/6a1eaeb39ff03c06b0811e50)|2026/06/05 06:27|淺野間 龍児|
|[画面イメージ図（テンプレート）](https://wiki.jbdcl.com/6a1d318c9ff03c06b07e538b)|2026/06/02 08:03|淺野間 龍児|
|[アップロードしたファイルの保存](https://wiki.jbdcl.com/6a22cf769ff03c06b0891efd)|2026/06/05 10:36|木下 凌介|
|[コードのリアルタイム翻訳](https://wiki.jbdcl.com/6a2572c39ff03c06b08a6f31)|2026/06/08 01:18|木下 凌介|
|[コードの再翻訳](https://wiki.jbdcl.com/6a1d9a799ff03c06b07efb8e)|2026/06/07 08:49|木下 凌介|
|[タスク内指摘事項のエクスポート](https://wiki.jbdcl.com/6a1d9cab9ff03c06b07f04e9)|2026/06/04 12:24|木下 凌介|
|[プロジェクト内指摘事項のエクスポート](https://wiki.jbdcl.com/6a1d9f5a9ff03c06b07f0ffb)|2026/06/04 01:19|淺野間 龍児|
|[ユーザ情報の削除](https://wiki.jbdcl.com/6a1da8489ff03c06b07f2c37)|2026/06/05 11:04|木下 凌介|
|[ユーザ情報の変更](https://wiki.jbdcl.com/6a1da75a9ff03c06b07f2602)|2026/06/05 10:59|木下 凌介|
|[機能単位のコード翻訳](https://wiki.jbdcl.com/6a256c619ff03c06b08a5eec)|2026/06/07 10:29|木下 凌介|
|[翻訳結果のダウンロード](https://wiki.jbdcl.com/6a1da0519ff03c06b07f167a)|2026/06/05 11:43|木下 凌介|
|[翻訳結果の詳細説明](https://wiki.jbdcl.com/6a2533ea9ff03c06b089f279)|2026/06/07 10:11|木下 凌介|
|[画面イメージ図（プロジェクト管理Ⅰ）](https://wiki.jbdcl.com/6a1e1efc9ff03c06b07f90b9)|2026/06/05 06:25|淺野間 龍児|
|[画面イメージ図（プロジェクト管理Ⅱ）](https://wiki.jbdcl.com/6a1e974c9ff03c06b080ecc0)|2026/06/02 07:26|淺野間 龍児|
|[20260518-0524のAI最新情報](https://wiki.jbdcl.com/6a1634059ff03c06b076cfaf)|2026/06/02 05:51|石井 教観|
|[20260525-0531のAI最新情報](https://wiki.jbdcl.com/6a1e990a9ff03c06b080f30f)|2026/06/02 05:49|石井 教観|
|[20260601-0607のAI最新情報](https://wiki.jbdcl.com/6a2136cd9ff03c06b08669dd)|2026/06/04 05:26|石井 教観|
|[_template](https://wiki.jbdcl.com/68e306399ff03c06b0682439)|2026/06/04 05:27|石井 教観|
|[事業部会議](https://wiki.jbdcl.com/69ce5afb9ff03c06b03ed8a6)|2026/06/03 06:38|松本 隼弥|
|[2026年06月](https://wiki.jbdcl.com/6a0e86009ff03c06b0711a3a)|2026/06/07 12:28|藤本 正貫|
|[Kiro・Stitch・Figmaの概要と使いどころ（藤本）](https://wiki.jbdcl.com/6a2531189ff03c06b089e71f)|2026/06/07 06:57|藤本 正貫|
|[202605](https://wiki.jbdcl.com/6a1fdbcd9ff03c06b0836e1d)|2026/06/03 07:43|大和田 啓吾|
|[事業部会議](https://wiki.jbdcl.com/660f4c7f9ff03c06b0eb48b7)|2026/06/03 04:48|荒井 健一郎|
|[2026年06月(柿本)](https://wiki.jbdcl.com/6a1dccc59ff03c06b07f7a19)|2026/06/03 04:34|林田 真人|
|[正規表見について](https://wiki.jbdcl.com/6a1fcdf79ff03c06b08320ba)|2026/06/03 05:39|福島 大貴|
|[04-1.ServiceNow 作成資料](https://wiki.jbdcl.com/661ddfd89ff03c06b0fc2064)|2026/06/05 02:19|西 優人|
|[オリコ様_倉持](https://wiki.jbdcl.com/6a06bcd19ff03c06b06b6698)|2026/06/05 04:25|倉持 優人|
|[横浜銀行AutomationCloud移行](https://wiki.jbdcl.com/6a224edf9ff03c06b087cc08)|2026/06/05 01:23|二角 英樹|
|[01-1.心得（社員用）](https://wiki.jbdcl.com/67639e399ff03c06b0848063)|2026/06/02 09:56|藤田 茉優子|
|[プロジェクトルール](https://wiki.jbdcl.com/6a2128279ff03c06b0863241)|2026/06/04 04:24|木下 瑞貴|
|[01_基本設計](https://wiki.jbdcl.com/6a21284f9ff03c06b0863333)|2026/06/04 04:30|木下 瑞貴|
|[2Z26_生産手直し設定](https://wiki.jbdcl.com/6a1d13499ff03c06b07ddc53)|2026/06/01 02:06|井戸 文也|
|[10_要件定義](https://wiki.jbdcl.com/6a1d138d9ff03c06b07de020)|2026/06/01 02:07|井戸 文也|
|[20_基本設計](https://wiki.jbdcl.com/6a1d13959ff03c06b07de0cd)|2026/06/01 02:07|井戸 文也|
|[30_詳細設計](https://wiki.jbdcl.com/6a1d13799ff03c06b07dde93)|2026/06/01 02:35|井戸 文也|
|[2. ４つの側面](https://wiki.jbdcl.com/6958d82d9ff03c06b0dda44f)|2026/06/07 03:34|水島 優香里|
|[3. SVS（サービスバリューシステム）](https://wiki.jbdcl.com/6958d84c9ff03c06b0dda492)|2026/06/07 04:15|水島 優香里|
|[5. サービスバリューストリーム](https://wiki.jbdcl.com/6958d87a9ff03c06b0dda51c)|2026/06/07 04:46|水島 優香里|
|[6.プラクティス](https://wiki.jbdcl.com/695a14159ff03c06b0de5589)|2026/06/07 06:51|水島 優香里|
|[02_JBD基盤のGitLABとRedmineを活用したソース管理手法について](https://wiki.jbdcl.com/6a1e31589ff03c06b07feb9d)|2026/06/07 09:43|松本 隼弥|
|[01_企画・要求分析](https://wiki.jbdcl.com/69dc59659ff03c06b04bb0d8)|2026/06/05 08:33|田渕 達也|
|[X00_担当](https://wiki.jbdcl.com/6a1fac1a9ff03c06b08265fb)|2026/06/03 01:22|松本 隼弥|
|[XXX_運用](https://wiki.jbdcl.com/6a1fac369ff03c06b08266fa)|2026/06/03 01:23|松本 隼弥|
|[松本](https://wiki.jbdcl.com/6a212c079ff03c06b0863a20)|2026/06/05 07:28|松本 隼弥|
|[Y00_改善テーマ](https://wiki.jbdcl.com/69f3e9299ff03c06b05ea6ea)|2026/06/05 09:18|田渕 達也|
|[案件進捗管理](https://wiki.jbdcl.com/6a1fb5d49ff03c06b08292cd)|2026/06/03 02:25|花田 亮太|
|[開発機材管理システム](https://wiki.jbdcl.com/6a1e28cf9ff03c06b07fad5d)|2026/06/05 10:44|長命 海|
|[Z01.打合せ](https://wiki.jbdcl.com/69e05c059ff03c06b05004d1)|2026/06/05 09:06|田渕 達也|
|[20260529　KickOff](https://wiki.jbdcl.com/69e05c1f9ff03c06b050058b)|2026/06/04 11:04|藤本 正貫|
|[20260612　実施プロジェクト確認](https://wiki.jbdcl.com/6a1e2e6c9ff03c06b07fd8bf)|2026/06/05 08:44|田渕 達也|
|[01_証券現物](https://wiki.jbdcl.com/6a1d323b9ff03c06b07e5aaf)|2026/06/01 04:18|藤池 拓三|
|[01_債券・資産担保証券](https://wiki.jbdcl.com/6a1d32659ff03c06b07e5c33)|2026/06/01 04:19|藤池 拓三|
|[02_債券・資産担保証券](https://wiki.jbdcl.com/6a1d327c9ff03c06b07e5c78)|2026/06/01 04:19|藤池 拓三|
|[01_発行](https://wiki.jbdcl.com/6a0ed3ec9ff03c06b071b48a)|2026/06/04 03:03|高橋 宗督|
|[01_発行(1)  ー発行の定義と概要ー](https://wiki.jbdcl.com/6a2102379ff03c06b0855edb)|2026/06/04 03:14|高橋 宗督|
|[01_発行(2) ー債券発行の流れー](https://wiki.jbdcl.com/6a2102679ff03c06b085601a)|2026/06/04 03:32|高橋 宗督|
|[01_発行(3) ー発行のまとめー](https://wiki.jbdcl.com/6a2102799ff03c06b0856061)|2026/06/04 03:00|高橋 宗督|
|[03_償還](https://wiki.jbdcl.com/6a0ed4079ff03c06b071b687)|2026/06/05 10:02|藤田 祐介|
|[01_基礎](https://wiki.jbdcl.com/6a1524339ff03c06b075e789)|2026/06/05 10:03|藤田 祐介|
|[01_フロント](https://wiki.jbdcl.com/6a0ff17c9ff03c06b073215d)|2026/06/05 11:44|隈部 摩耶|
|[02_ミドル](https://wiki.jbdcl.com/6a0ff20a9ff03c06b0732763)|2026/06/05 09:46|隈部 摩耶|
|[02_周辺システム](https://wiki.jbdcl.com/6a0ed47f9ff03c06b071be7d)|2026/06/05 11:01|隈部 摩耶|
|[80_打ち合わせ](https://wiki.jbdcl.com/6a15404f9ff03c06b076258f)|2026/06/03 03:21|大和田 啓吾|
|[01_キックオフ](https://wiki.jbdcl.com/6a1fc80f9ff03c06b0830699)|2026/06/03 03:23|大和田 啓吾|
|[JBD基盤チャットボット利用状況](https://wiki.jbdcl.com/68a54d229ff03c06b0fb39ce)|2026/06/07 05:30|田渕 達也|
|[ランキングページ](https://wiki.jbdcl.com/63a10a4eb5e7e15fd789a29d)|2026/06/07 02:00|田渕 達也|
"
0,tabuchi,"@channel 

## 社内業務改善のアンケート (SDD委員会)

* 社員から募集しました社内業務の改善アンケートについてすべてのヒアリングが完了しました。
* 起案者の皆様、ヒアリングご協力ありがとうございました。 :man-bowing: 
*  [ヒアリング結果](https://wiki.jbdcl.com/69f3e9299ff03c06b05ea6ea)について、評価軸を設定し、35点以上について２次予選へ選出いたします。
* 予選突破された起案者の方には、再度深堀を行うために、ヒアリングさせて頂くことがあると思いますが、ご協力をお願い致します。
* また、35未満の起案者の方については、今回は対象外となりましたが、今回のプロジェクト以外で、改善することが可能かを検討したいたと思っております。

https://chat.jbdcl.com/jbd/pl/c75tckuhybn3t8mugzmjsmpnyh"
0,mattermost,"
## JBDナレッジの更新情報 :pencil: 

* 下記のページが１週間以内に更新されています。



　

|ページ|更新日|更新者|
|-|-|
|[製品版ウイルスバスター未実施者リスト](https://wiki.jbdcl.com/68fb1ec39ff03c06b087c18a)|2026/06/14 02:20|田渕 達也|
|[Office2016導入PC](https://wiki.jbdcl.com/65546c2028cf0e07df594ccf)|2026/06/15 01:10|田渕 達也|
|[1119_福利厚生](https://wiki.jbdcl.com/6a2655769ff03c06b08cb464)|2026/06/08 02:48|寺岡 渉|
|[ベネフィット・ステーション](https://wiki.jbdcl.com/6a2658389ff03c06b08cdca4)|2026/06/08 03:35|寺岡 渉|
|[パスワード変更_未実施者](https://wiki.jbdcl.com/66e90c1b9ff03c06b0fc3a74)|2026/06/14 02:10|田渕 達也|
|[1231_受講者状況](https://wiki.jbdcl.com/63e0960d922bc9d167bd84bb)|2026/06/14 02:50|田渕 達也|
|[10.棚卸未実施一覧](https://wiki.jbdcl.com/655c272828cf0e07df5e3b75)|2026/06/15 01:30|田渕 達也|
|[11.棚卸管理シール貼付け未実施一覧](https://wiki.jbdcl.com/66976f629ff03c06b09395f5)|2026/06/14 01:40|田渕 達也|
|[1260_開発サーバー](https://wiki.jbdcl.com/66c6abb29ff03c06b0d2df54)|2026/06/14 01:50|田渕 達也|
|[Windows10PC一覧](https://wiki.jbdcl.com/6556ba1528cf0e07df5aec55)|2026/06/15 01:20|田渕 達也|
|[01_セキュリティソフトの移行状況_未実施一覧](https://wiki.jbdcl.com/696f6ee89ff03c06b0f03e1d)|2026/06/14 02:30|田渕 達也|
|[アジャイル開発・スクラムとは](https://wiki.jbdcl.com/6a02cfcf9ff03c06b067910c)|2026/06/08 12:18|海野 亮|
|[オリエンテーション資料（48期）](https://wiki.jbdcl.com/6a010b659ff03c06b0652b31)|2026/06/10 09:36|淺野間 龍児|
|[コードの再翻訳](https://wiki.jbdcl.com/6a1d9a799ff03c06b07efb8e)|2026/06/08 03:52|木下 凌介|
|[ユーザ情報の登録](https://wiki.jbdcl.com/6a28be8b9ff03c06b094716f)|2026/06/10 06:57|百合野 琉|
|[翻訳結果の詳細説明](https://wiki.jbdcl.com/6a2533ea9ff03c06b089f279)|2026/06/11 02:36|木下 凌介|
|[画面イメージ図（パンくずリスト）](https://wiki.jbdcl.com/6a2758469ff03c06b08ea3f1)|2026/06/09 09:22|淺野間 龍児|
|[画面イメージ図（翻訳結果に指摘事項を記入する）](https://wiki.jbdcl.com/6a27b4a29ff03c06b09151e3)|2026/06/11 11:13|淺野間 龍児|
|[画面イメージ図（翻訳結果の行と指摘事項を紐付けて登録・表示する）](https://wiki.jbdcl.com/6a27d6569ff03c06b092f849)|2026/06/09 07:05|淺野間 龍児|
|[20260601-0607のAI最新情報](https://wiki.jbdcl.com/6a2136cd9ff03c06b08669dd)|2026/06/08 02:55|石井 教観|
|[2026年06月](https://wiki.jbdcl.com/6a0e86009ff03c06b0711a3a)|2026/06/11 10:00|森林 悠登|
|[2026年07月](https://wiki.jbdcl.com/6a2a098c9ff03c06b099c51f)|2026/06/11 03:48|森林 悠登|
|[Kiro・Stitch・Figmaの概要と使いどころ（藤本）](https://wiki.jbdcl.com/6a2531189ff03c06b089e71f)|2026/06/12 05:08|藤本 正貫|
|[200_年間予定](https://wiki.jbdcl.com/69fd93d99ff03c06b0639ff3)|2026/06/08 01:07|長谷川 康昭|
|[2026年11月(武田)_laravel](https://wiki.jbdcl.com/6a18ec269ff03c06b07a3ece)|2026/06/08 11:24|武田 昇馬|
|[2026年06月(柿本)](https://wiki.jbdcl.com/6a1dccc59ff03c06b07f7a19)|2026/06/10 11:16|青山 謙二|
|[正規表見について](https://wiki.jbdcl.com/6a1fcdf79ff03c06b08320ba)|2026/06/10 03:46|福島 大貴|
|[10_目次](https://wiki.jbdcl.com/667e11279ff03c06b071cb9c)|2026/06/12 06:36|西尾 啓太郎|
|[03_製造](https://wiki.jbdcl.com/6696389f9ff03c06b090e003)|2026/06/12 06:36|西尾 啓太郎|
|[01_開発環境](https://wiki.jbdcl.com/669638f19ff03c06b090e6a8)|2026/06/12 09:15|西尾 啓太郎|
|[01_構築手順](https://wiki.jbdcl.com/6718acb39ff03c06b03b1833)|2026/06/11 09:25|西尾 啓太郎|
|[02_コーディング](https://wiki.jbdcl.com/66963c159ff03c06b09112b3)|2026/06/12 06:35|西尾 啓太郎|
|[01_intra-mart](https://wiki.jbdcl.com/6799fb0d9ff03c06b0b480a7)|2026/06/12 06:32|西尾 啓太郎|
|[01_共通](https://wiki.jbdcl.com/6a29fcbb9ff03c06b0997226)|2026/06/11 09:09|西尾 啓太郎|
|[03_バッチ](https://wiki.jbdcl.com/6a2903f69ff03c06b0974675)|2026/06/10 03:28|西尾 啓太郎|
|[02_JBD基盤のGitLABとRedmineを活用したソース管理手法について](https://wiki.jbdcl.com/6a1e31589ff03c06b07feb9d)|2026/06/12 04:23|松本 隼弥|
|[XXX_運用](https://wiki.jbdcl.com/6a1fac369ff03c06b08266fa)|2026/06/10 06:54|阿部 皓|
|[板坂](https://wiki.jbdcl.com/6a263d889ff03c06b08bead4)|2026/06/08 02:40|板坂 敬生|
|[阿部](https://wiki.jbdcl.com/6a2646309ff03c06b08c2918)|2026/06/08 02:55|阿部 皓|
|[Y00_改善テーマ](https://wiki.jbdcl.com/69f3e9299ff03c06b05ea6ea)|2026/06/12 05:24|田渕 達也|
|[01_見積自動化](https://wiki.jbdcl.com/6a2629f69ff03c06b08baf6b)|2026/06/10 09:08|馬場 健司|
|[08_開発機材管理システム](https://wiki.jbdcl.com/6a1e28cf9ff03c06b07fad5d)|2026/06/12 06:06|長命 海|
|[10-2_案件進捗管理](https://wiki.jbdcl.com/6a1fb5d49ff03c06b08292cd)|2026/06/11 09:54|花田 亮太|
|[11_WBS](https://wiki.jbdcl.com/6a29f55b9ff03c06b09941ef)|2026/06/11 05:12|武田 宏喜|
|[13_目標管理](https://wiki.jbdcl.com/6a27c09d9ff03c06b0921a23)|2026/06/09 07:49|砂盃 梨乃|
|[14_社内問合せ](https://wiki.jbdcl.com/6a28b2fe9ff03c06b093d1cc)|2026/06/12 04:58|前 直樹|
|[15_見積り支援](https://wiki.jbdcl.com/6a264a7d9ff03c06b08c4f57)|2026/06/11 01:36|金澤 誠之|
|[17_AIクックブック](https://wiki.jbdcl.com/6a28ba449ff03c06b09437a9)|2026/06/10 04:02|金澤 誠之|
|[20260529　KickOff](https://wiki.jbdcl.com/69e05c1f9ff03c06b050058b)|2026/06/12 04:03|田渕 達也|
|[20260612　実施プロジェクト確認](https://wiki.jbdcl.com/6a1e2e6c9ff03c06b07fd8bf)|2026/06/12 05:29|田渕 達也|
|[20260703　プロジェクト決定](https://wiki.jbdcl.com/6a2bc6bf9ff03c06b09f2818)|2026/06/12 05:47|田渕 達也|
|[00_教材](https://wiki.jbdcl.com/6a0ed2b69ff03c06b071a8fd)|2026/06/12 12:04|高橋 宗督|
|[01_金融商品](https://wiki.jbdcl.com/6a0ed35c9ff03c06b071ad82)|2026/06/09 05:05|岡本 彩香|
|[01_証券現物](https://wiki.jbdcl.com/6a1d323b9ff03c06b07e5aaf)|2026/06/10 02:25|岡本 彩香|
|[01_債券の基礎知識　債券とは(1)](https://wiki.jbdcl.com/6a27c8019ff03c06b09266b6)|2026/06/09 05:06|岡本 彩香|
|[01_債券の基礎知識　債券とは(2)](https://wiki.jbdcl.com/6a275ef09ff03c06b08ee7ef)|2026/06/09 05:06|岡本 彩香|
|[01_債券の基礎知識　債券とは(3)](https://wiki.jbdcl.com/6a275ef99ff03c06b08ee84a)|2026/06/09 09:41|岡本 彩香|
|[01_債券の基礎知識　債券とは(4)](https://wiki.jbdcl.com/6a275f509ff03c06b08eea2d)|2026/06/09 03:00|岡本 彩香|
|[01_債券の基礎知識　債券とは(5)](https://wiki.jbdcl.com/6a275f5b9ff03c06b08eea71)|2026/06/09 03:29|岡本 彩香|
|[02_現物](https://wiki.jbdcl.com/6a0ed39e9ff03c06b071b059)|2026/06/09 11:34|大和田 啓吾|
|[01_債券](https://wiki.jbdcl.com/6a0ed3aa9ff03c06b071b105)|2026/06/09 11:35|大和田 啓吾|
|[01_銘柄](https://wiki.jbdcl.com/6a0ed3d99ff03c06b071b32a)|2026/06/11 05:06|奥山 美咲|
|[債券の基礎知識　債券の分類(1)](https://wiki.jbdcl.com/6a28f8db9ff03c06b0964cfe)|2026/06/10 04:40|隈部 摩耶|
|[債券の基礎知識　債券の分類(2)](https://wiki.jbdcl.com/6a28f8ee9ff03c06b0964e87)|2026/06/10 03:46|新城 汐里|
|[債券の基礎知識　債券の分類(3)](https://wiki.jbdcl.com/6a28f8fb9ff03c06b0964f8a)|2026/06/10 03:13|新城 汐里|
|[債券の基礎知識　債券の属性(1)](https://wiki.jbdcl.com/6a28f9069ff03c06b0965191)|2026/06/10 02:57|新城 汐里|
|[債券の基礎知識　債券の属性(2)](https://wiki.jbdcl.com/6a28f90f9ff03c06b0965233)|2026/06/10 03:09|新城 汐里|
|[債券の基礎知識　債券の属性(3)](https://wiki.jbdcl.com/6a28f9199ff03c06b096530f)|2026/06/10 03:41|新城 汐里|
|[02_債券のイベント](https://wiki.jbdcl.com/6a0ed3e19ff03c06b071b36d)|2026/06/11 06:40|藤田 祐介|
|[01_発行](https://wiki.jbdcl.com/6a0ed3ec9ff03c06b071b48a)|2026/06/09 09:09|高橋 宗督|
|[01_発行(1)  ー発行の定義と種類ー](https://wiki.jbdcl.com/6a2102379ff03c06b0855edb)|2026/06/09 08:56|高橋 宗督|
|[01_発行(2) ー債券発行の流れー](https://wiki.jbdcl.com/6a2102679ff03c06b085601a)|2026/06/09 09:03|高橋 宗督|
|[01_発行(3) ー発行のまとめー](https://wiki.jbdcl.com/6a2102799ff03c06b0856061)|2026/06/09 09:05|高橋 宗督|
|[02_利金](https://wiki.jbdcl.com/6a0ed3fa9ff03c06b071b54a)|2026/06/09 03:28|長谷川 康昭|
|[債券のイベント　利金(1)](https://wiki.jbdcl.com/6a27adf09ff03c06b090f615)|2026/06/09 04:04|長谷川 康昭|
|[債券のイベント　利金(2)](https://wiki.jbdcl.com/6a27adfc9ff03c06b090f6f5)|2026/06/11 09:22|長谷川 康昭|
|[債券のイベント　利金(3)](https://wiki.jbdcl.com/6a27ae049ff03c06b090f82a)|2026/06/09 03:30|長谷川 康昭|
|[債券のイベント　利金(まとめ)](https://wiki.jbdcl.com/6a27ae189ff03c06b090fae8)|2026/06/09 03:30|長谷川 康昭|
|[03_償還](https://wiki.jbdcl.com/6a0ed4079ff03c06b071b687)|2026/06/09 11:36|大和田 啓吾|
|[01_償還(1) －基礎－](https://wiki.jbdcl.com/6a1524339ff03c06b075e789)|2026/06/09 01:09|藤田 祐介|
|[03_償還(3) －資産担保証券について－](https://wiki.jbdcl.com/6a28e6319ff03c06b0957be0)|2026/06/11 05:23|田口 優雅|
|[03_償還(4) －資産担保証券について－](https://wiki.jbdcl.com/6a2a595d9ff03c06b09b704a)|2026/06/12 11:22|田口 優雅|
|[03_償還(5) －資産担保証券について－](https://wiki.jbdcl.com/6a2b5f449ff03c06b09d41be)|2026/06/12 01:44|田口 優雅|
|[03_償還(6) －資産担保証券について－](https://wiki.jbdcl.com/6a2b88059ff03c06b09d8a0f)|2026/06/12 01:54|田口 優雅|
|[03_償還(7) －資産担保証券の一部償還－](https://wiki.jbdcl.com/6a2b90599ff03c06b09da3b8)|2026/06/12 03:03|田口 優雅|
|[03_償還(8) －資産担保証券の一部償還－](https://wiki.jbdcl.com/6a2ba0eb9ff03c06b09e0fbc)|2026/06/12 03:02|田口 優雅|
|[04_売買](https://wiki.jbdcl.com/6a0ed4139ff03c06b071b74f)|2026/06/10 10:17|長谷川 康昭|
|[債券のイベント　売買(1) － 基礎](https://wiki.jbdcl.com/6a28b5399ff03c06b093e01c)|2026/06/11 09:27|長谷川 康昭|
|[債券のイベント　売買(2) － 経過利息前払金](https://wiki.jbdcl.com/6a28b5419ff03c06b093e0f3)|2026/06/11 09:28|長谷川 康昭|
|[債券のイベント　売買(3) － 経過利息前払金](https://wiki.jbdcl.com/6a28b5499ff03c06b093e18a)|2026/06/11 09:29|長谷川 康昭|
|[債券のイベント　売買(4) － 売買金額計算の例](https://wiki.jbdcl.com/6a28b5519ff03c06b093e226)|2026/06/10 10:19|長谷川 康昭|
|[債券のイベント　売買(5) － 売却損益・簿価計算](https://wiki.jbdcl.com/6a28b5599ff03c06b093e2bd)|2026/06/10 10:19|長谷川 康昭|
|[債券のイベント　売買(6) － 売却損益・簿価計算](https://wiki.jbdcl.com/6a28b5619ff03c06b093e38e)|2026/06/11 09:36|長谷川 康昭|
|[債券のイベント　売買(7) － 売却損益・簿価計算](https://wiki.jbdcl.com/6a28b56c9ff03c06b093e425)|2026/06/10 10:20|長谷川 康昭|
|[債券のイベント　売買(8) － 売却損益・簿価計算](https://wiki.jbdcl.com/6a28b5839ff03c06b093e4c9)|2026/06/11 09:37|長谷川 康昭|
|[債券のイベント　売買(9) － その他](https://wiki.jbdcl.com/6a28b5a49ff03c06b093e607)|2026/06/11 09:41|長谷川 康昭|
|[債券のイベント　売買(まとめ)](https://wiki.jbdcl.com/6a28b5b19ff03c06b093e69e)|2026/06/10 10:20|長谷川 康昭|
|[05_その他の取引](https://wiki.jbdcl.com/6a0ed4279ff03c06b071b811)|2026/06/09 04:17|長谷川 康昭|
|[債券のイベント　その他取引(1) － 無担貸借](https://wiki.jbdcl.com/6a27ba609ff03c06b09175bc)|2026/06/11 09:43|長谷川 康昭|
|[債券のイベント　その他取引(2) － 現金担保付貸借](https://wiki.jbdcl.com/6a27ba6a9ff03c06b0917738)|2026/06/11 09:43|長谷川 康昭|
|[債券のイベント　その他取引(3) － 現金担保付貸借](https://wiki.jbdcl.com/6a27ba719ff03c06b0917858)|2026/06/11 09:44|長谷川 康昭|
|[債券のイベント　その他取引(4) － 現先](https://wiki.jbdcl.com/6a27ba799ff03c06b0917954)|2026/06/11 09:45|長谷川 康昭|
|[債券のイベント　その他取引(5) － 特殊な売買](https://wiki.jbdcl.com/6a27ba819ff03c06b0917a11)|2026/06/11 09:46|長谷川 康昭|
|[債券のイベント　その他取引(6) － 特殊な売買](https://wiki.jbdcl.com/6a27ba889ff03c06b0917b22)|2026/06/11 09:46|長谷川 康昭|
|[債券のイベント　その他取引(7) － 特殊な売買](https://wiki.jbdcl.com/6a27ba909ff03c06b0917c29)|2026/06/11 09:47|長谷川 康昭|
|[06_デリバティブ](https://wiki.jbdcl.com/6a0ed4319ff03c06b071b8cc)|2026/06/09 04:16|長谷川 康昭|
|[債券のイベント　その他取引(8) － デリバティブ](https://wiki.jbdcl.com/6a27ba9c9ff03c06b0917d5c)|2026/06/11 09:48|長谷川 康昭|
|[07_財務](https://wiki.jbdcl.com/6a0ed43a9ff03c06b071b986)|2026/06/09 02:53|長谷川 康昭|
|[債券のイベント　決算(1) － 会計の基礎](https://wiki.jbdcl.com/6a27a6b89ff03c06b0908ebd)|2026/06/11 09:52|長谷川 康昭|
|[債券のイベント　決算(2) － 会計の基礎](https://wiki.jbdcl.com/6a27a6f69ff03c06b09091aa)|2026/06/11 09:57|長谷川 康昭|
|[債券のイベント　決算(3) － 会計の基礎](https://wiki.jbdcl.com/6a27a7019ff03c06b090924d)|2026/06/11 10:00|長谷川 康昭|
|[債券のイベント　決算(4) － 会計の基礎](https://wiki.jbdcl.com/6a27a70b9ff03c06b0909307)|2026/06/11 10:00|長谷川 康昭|
|[債券のイベント　決算(5) － 会計の基礎](https://wiki.jbdcl.com/6a27a7159ff03c06b09093aa)|2026/06/11 10:01|長谷川 康昭|
|[債券のイベント　決算(6) － 会計の基礎](https://wiki.jbdcl.com/6a27a7269ff03c06b0909453)|2026/06/11 10:01|長谷川 康昭|
|[債券のイベント　決算(7) － 会計の基礎](https://wiki.jbdcl.com/6a27a72f9ff03c06b09094f6)|2026/06/11 10:04|長谷川 康昭|
|[債券のイベント　決算(8) － 会計の基礎 のまとめ](https://wiki.jbdcl.com/6a27a73d9ff03c06b09095a6)|2026/06/09 02:56|長谷川 康昭|
|[08_決算](https://wiki.jbdcl.com/6a0ed4409ff03c06b071ba40)|2026/06/09 11:37|大和田 啓吾|
|[09_市場関係者](https://wiki.jbdcl.com/6a0ed4499ff03c06b071bb01)|2026/06/09 11:37|大和田 啓吾|
|[10_決済](https://wiki.jbdcl.com/6a0ed4509ff03c06b071bbc3)|2026/06/09 11:37|大和田 啓吾|
|[10_市場系システムの全体像](https://wiki.jbdcl.com/6a0ed46a9ff03c06b071bd01)|2026/06/09 11:37|大和田 啓吾|
|[01_フロント・ミドル・バック](https://wiki.jbdcl.com/6a0ed4779ff03c06b071bdbf)|2026/06/08 05:58|隈部 摩耶|
|[01_フロント](https://wiki.jbdcl.com/6a0ff17c9ff03c06b073215d)|2026/06/10 02:22|隈部 摩耶|
|[50_勉強会](https://wiki.jbdcl.com/6a27bd549ff03c06b091bce0)|2026/06/09 04:14|大和田 啓吾|
|[70_参考書籍](https://wiki.jbdcl.com/6a2780a69ff03c06b08fe525)|2026/06/09 02:04|大和田 啓吾|
|[02_20260603_内部検討会](https://wiki.jbdcl.com/6a2673719ff03c06b08d8037)|2026/06/12 04:18|高橋 宗督|
|[99_old](https://wiki.jbdcl.com/6a277a149ff03c06b08fa9d9)|2026/06/09 11:27|大和田 啓吾|
|[JBD基盤チャットボット利用状況](https://wiki.jbdcl.com/68a54d229ff03c06b0fb39ce)|2026/06/14 05:30|田渕 達也|
|[ランキングページ](https://wiki.jbdcl.com/63a10a4eb5e7e15fd789a29d)|2026/06/14 02:00|田渕 達也|
"
1,wa-teraoka,"@channel 

## 2026年度 新入社員研修 成果発表会 詳細について ##
お疲れ様です。人事本部の寺岡です。
昨日GroupSessionの掲示板にUPしたものと同内容を、こちらでもアナウンス差し上げます。
ご確認をよろしくお願いいたします。
```
お疲れ様です。人事本部の寺岡です。  
  
新入社員研修の成果発表会について、詳細が確定いたしましたので、追加でご案内いたします。  
  
■詳細について…記載内容は以下の通りです。詳しくは、添付PDFをご確認くださいませ。  
・タイムスケジュール  
・はじめに（成果発表会の前提、社員の皆様へのお願い等）  
・発表内容  
・開発チームの各役割について  
・グループ/メンバー紹介  
・グループ/メンバー目標  
  
■ZoomURLについて  
・大阪…[https://us02web.zoom.us/j/89100834675?pwd=FZqnGbVpgpasq1NX8RLfRQRIL25rrr.1](https://us02web.zoom.us/j/89100834675?pwd=FZqnGbVpgpasq1NX8RLfRQRIL25rrr.1)  
　　　　ミーティング?ID:?891?0083?4675  
　　　　パスコード:?020707  
  
・東京…[https://us02web.zoom.us/j/84022623878?pwd=PaH0TjEg9OeFpDcT9dQmPSVmXF5OoM.1](https://us02web.zoom.us/j/84022623878?pwd=PaH0TjEg9OeFpDcT9dQmPSVmXF5OoM.1)  
ミーティングID:?840?2262?3878  
パスコード:?716981  
  
■録画について  
成果発表会終了後、後日JBDナレッジにて録画した発表を公開いたします。  
ただし、株式会社富士通ラーニングメディア様の講師部分の該当箇所はカットして公開します。予めご了承くださいませ。  
[https://wiki.jbdcl.com/68491f219ff03c06b053816a](https://wiki.jbdcl.com/68491f219ff03c06b053816a)  
  
以上、ご確認の程、よろしくお願いいたします。

```
https://gs.jbdcl.com/gsession/common/cmn001.do?url=%2Fgsession%2Fbulletin%2Fbbs060.do%3Fbbs010forumSid%3D5%26threadSid%3D3048"
0,mattermost,"
## JBDナレッジの更新情報 :pencil: 

* 下記のページが１週間以内に更新されています。



　

|ページ|更新日|更新者|
|-|-|
|[製品版ウイルスバスター未実施者リスト](https://wiki.jbdcl.com/68fb1ec39ff03c06b087c18a)|2026/06/21 02:20|田渕 達也|
|[Office2016導入PC](https://wiki.jbdcl.com/65546c2028cf0e07df594ccf)|2026/06/22 01:10|田渕 達也|
|[1201_開発戦略本部からのお願い](https://wiki.jbdcl.com/655afc2c28cf0e07df5d900a)|2026/06/19 06:44|冨澤 裕喜|
|[パスワード変更_未実施者](https://wiki.jbdcl.com/66e90c1b9ff03c06b0fc3a74)|2026/06/21 02:10|田渕 達也|
|[1231_受講者状況](https://wiki.jbdcl.com/63e0960d922bc9d167bd84bb)|2026/06/21 02:50|田渕 達也|
|[10.棚卸未実施一覧](https://wiki.jbdcl.com/655c272828cf0e07df5e3b75)|2026/06/22 01:30|田渕 達也|
|[11.棚卸管理シール貼付け未実施一覧](https://wiki.jbdcl.com/66976f629ff03c06b09395f5)|2026/06/21 01:40|田渕 達也|
|[1260_開発サーバー](https://wiki.jbdcl.com/66c6abb29ff03c06b0d2df54)|2026/06/21 01:50|田渕 達也|
|[Windows10PC一覧](https://wiki.jbdcl.com/6556ba1528cf0e07df5aec55)|2026/06/22 01:20|田渕 達也|
|[01_セキュリティソフトの移行状況_未実施一覧](https://wiki.jbdcl.com/696f6ee89ff03c06b0f03e1d)|2026/06/21 02:30|田渕 達也|
|[Reactの基本](https://wiki.jbdcl.com/6a2fc4789ff03c06b0a0e364)|2026/06/15 06:27|永井 利樹|
|[他言語経験者がReactでハマりやすい基本](https://wiki.jbdcl.com/6a2fc5b49ff03c06b0a0e7d4)|2026/06/15 06:28|永井 利樹|
|[日報ツール](https://wiki.jbdcl.com/6a34761f9ff03c06b0a6b6d4)|2026/06/19 08:06|木下 凌介|
|[画面イメージ図（タスクバージョン）](https://wiki.jbdcl.com/6a37de6b9ff03c06b0a8a3f3)|2026/06/21 10:19|淺野間 龍児|
|[画面イメージ図（タスク検索）](https://wiki.jbdcl.com/6a1eaeb39ff03c06b0811e50)|2026/06/17 03:45|淺野間 龍児|
|[画面イメージ図（テンプレート）](https://wiki.jbdcl.com/6a1d318c9ff03c06b07e538b)|2026/06/17 03:26|淺野間 龍児|
|[ユーザ情報の登録](https://wiki.jbdcl.com/6a28be8b9ff03c06b094716f)|2026/06/19 05:59|百合野 琉|
|[画面イメージ図（プロジェクト管理Ⅲ）](https://wiki.jbdcl.com/6a3698eb9ff03c06b0a86b80)|2026/06/21 12:13|淺野間 龍児|
|[画面イメージ図（レビュー状況の共有）](https://wiki.jbdcl.com/6a321fee9ff03c06b0a34419)|2026/06/17 03:44|淺野間 龍児|
|[2026年6月(金子)_SSEについて](https://wiki.jbdcl.com/6a3245569ff03c06b0a456a5)|2026/06/17 04:20|金子 睦起|
|[20260619_eclipseでのgitの使い方](https://wiki.jbdcl.com/6a311c1b9ff03c06b0a2a617)|2026/06/19 07:00|加藤 孝哉|
|[2026年06月(柿本)](https://wiki.jbdcl.com/6a1dccc59ff03c06b07f7a19)|2026/06/17 09:38|青山 謙二|
|[ロードバランサについて](https://wiki.jbdcl.com/6a36679d9ff03c06b0a8514e)|2026/06/20 08:07|小此木 麻実|
|[2Z0201_B2C就活支援サイトとは？](https://wiki.jbdcl.com/63c782e9922bc9d167b32785)|2026/06/17 05:14|青山 謙二|
|[02_Git構成](https://wiki.jbdcl.com/6a30cf219ff03c06b0a1c0c2)|2026/06/16 04:10|西尾 啓太郎|
|[Step6](https://wiki.jbdcl.com/6a30d2fd9ff03c06b0a1ceee)|2026/06/16 03:57|西尾 啓太郎|
|[01_intra-mart](https://wiki.jbdcl.com/6799fb0d9ff03c06b0b480a7)|2026/06/17 10:40|西尾 啓太郎|
|[01_共通](https://wiki.jbdcl.com/6a29fcbb9ff03c06b0997226)|2026/06/16 05:19|西尾 啓太郎|
|[KmsCalendar](https://wiki.jbdcl.com/6a3187e29ff03c06b0a2c820)|2026/06/17 02:29|西尾 啓太郎|
|[999_検討](https://wiki.jbdcl.com/69e5a18e9ff03c06b053f54c)|2026/06/16 08:03|田渕 達也|
|[02_Figma利用検討](https://wiki.jbdcl.com/6a2fb0ad9ff03c06b0a0ccce)|2026/06/15 05:02|今井 達也|
|[20260703　プロジェクト決定](https://wiki.jbdcl.com/6a2bc6bf9ff03c06b09f2818)|2026/06/15 03:40|田渕 達也|
|[01_発行](https://wiki.jbdcl.com/6a0ed3ec9ff03c06b071b48a)|2026/06/18 11:12|上遠野 辰郎|
|[02_償還(2) －全額償還－](https://wiki.jbdcl.com/6a33c1029ff03c06b0a674d9)|2026/06/18 07:34|穐吉 麻美子|
|[03_償還(7) －資産担保証券の一部償還－](https://wiki.jbdcl.com/6a2b90599ff03c06b09da3b8)|2026/06/16 11:23|田口 優雅|
|[03_償還(8) －資産担保証券の一部償還－](https://wiki.jbdcl.com/6a2ba0eb9ff03c06b09e0fbc)|2026/06/16 11:34|田口 優雅|
|[50_勉強会](https://wiki.jbdcl.com/6a27bd549ff03c06b091bce0)|2026/06/17 10:33|大和田 啓吾|
|[03_20260617_第一回内部勉強会](https://wiki.jbdcl.com/6a3253229ff03c06b0a49921)|2026/06/17 04:56|高橋 宗督|
|[220003 AI活用委員会](https://wiki.jbdcl.com/6a3348319ff03c06b0a545de)|2026/06/18 10:24|矢野 誠|
|[01_全体の進め方](https://wiki.jbdcl.com/6a3348fe9ff03c06b0a54edb)|2026/06/19 05:46|矢野 誠|
|[JBD基盤チャットボット利用状況](https://wiki.jbdcl.com/68a54d229ff03c06b0fb39ce)|2026/06/21 05:30|田渕 達也|
|[ランキングページ](https://wiki.jbdcl.com/63a10a4eb5e7e15fd789a29d)|2026/06/21 02:00|田渕 達也|
"
0,y-tomizawa,"## 社内システムの不具合

* 現在社内ポータル等の社内システムが停止しております。
* 復旧対応が完了するまで大変ご迷惑をおかけします。
* 申し訳ございません。"
0,y-tomizawa,"## 社内システムの不具合 解消

* 現在社内ポータル等の社内システムが復旧致しました。
* 大変ご迷惑をおかけしてしまい申し訳ございませんでした。"
1,morita,"@channel 

## **配属対応のお知らせ**

標記の件につきまして、以下日程で作業を実施します。

■作業日程
**２０２６年６月３０日（火） １８：００～１９：００**　

#### 作業内容

* ４８期新入社員の所属組織変更

##### 対象サービス

* Xpoint
* GroupSession

##### 注意

上記の時間、対象のサービスは停止しますのでご注意ください。

以上 お手数をおかけしますが、よろしくお願いいたします 。"
0,mattermost,"
## JBDナレッジの更新情報 :pencil: 

* 下記のページが１週間以内に更新されています。



　

|ページ|更新日|更新者|
|-|-|
|[勤務区分一覧](https://wiki.jbdcl.com/662b57409ff03c06b0137f8f)|2026/06/25 09:27|太田 佳織|
|[B041_PC返却申請](https://wiki.jbdcl.com/665988f29ff03c06b03f2682)|2026/06/24 10:56|冨澤 裕喜|
|[PC返却マニュアル](https://wiki.jbdcl.com/6a39f5069ff03c06b0abceb6)|2026/06/25 05:50|冨澤 裕喜|
|[製品版ウイルスバスター未実施者リスト](https://wiki.jbdcl.com/68fb1ec39ff03c06b087c18a)|2026/06/28 02:20|田渕 達也|
|[Office2016導入PC](https://wiki.jbdcl.com/65546c2028cf0e07df594ccf)|2026/06/29 01:10|田渕 達也|
|[パスワード変更_未実施者](https://wiki.jbdcl.com/66e90c1b9ff03c06b0fc3a74)|2026/06/28 02:10|田渕 達也|
|[1231_受講者状況](https://wiki.jbdcl.com/63e0960d922bc9d167bd84bb)|2026/06/28 02:50|田渕 達也|
|[10.棚卸未実施一覧](https://wiki.jbdcl.com/655c272828cf0e07df5e3b75)|2026/06/29 01:30|田渕 達也|
|[11.棚卸管理シール貼付け未実施一覧](https://wiki.jbdcl.com/66976f629ff03c06b09395f5)|2026/06/28 01:40|田渕 達也|
|[1260_開発サーバー](https://wiki.jbdcl.com/66c6abb29ff03c06b0d2df54)|2026/06/28 01:50|田渕 達也|
|[Windows10PC一覧](https://wiki.jbdcl.com/6556ba1528cf0e07df5aec55)|2026/06/29 01:20|田渕 達也|
|[01_セキュリティソフトの移行状況_未実施一覧](https://wiki.jbdcl.com/696f6ee89ff03c06b0f03e1d)|2026/06/28 02:30|田渕 達也|
|[130-1.[SNAF] ServiceNow Administration Fundamentals](https://wiki.jbdcl.com/660277eb9ff03c06b0d08781)|2026/06/23 04:19|田中 俊行|
|[06](https://wiki.jbdcl.com/6a38ffb39ff03c06b0aa94ad)|2026/06/25 03:56|木下 凌介|
|[CRS開発環境構築手順](https://wiki.jbdcl.com/6a00c4b99ff03c06b0651b33)|2026/06/25 02:21|木下 凌介|
|[オリエンテーション資料（48期）](https://wiki.jbdcl.com/6a010b659ff03c06b0652b31)|2026/06/25 06:37|淺野間 龍児|
|[日報ツール](https://wiki.jbdcl.com/6a34761f9ff03c06b0a6b6d4)|2026/06/25 02:33|木下 凌介|
|[水の注文量管理システム](https://wiki.jbdcl.com/69fb85f69ff03c06b0610147)|2026/06/25 02:31|木下 凌介|
|[アカウント試用期間の変更](https://wiki.jbdcl.com/6a3933399ff03c06b0aacd3c)|2026/06/22 11:01|木下 凌介|
|[コードのリアルタイム翻訳](https://wiki.jbdcl.com/6a2572c39ff03c06b08a6f31)|2026/06/24 09:22|淺野間 龍児|
|[2026年07月](https://wiki.jbdcl.com/6a2a098c9ff03c06b099c51f)|2026/06/25 11:51|松本 隼弥|
|[200_年間予定](https://wiki.jbdcl.com/69fd93d99ff03c06b0639ff3)|2026/06/25 02:09|新城 汐里|
|[2026年6月(小山)](https://wiki.jbdcl.com/6a3bb9699ff03c06b0b0161f)|2026/06/25 06:00|小山 亮|
|[2026年7月(荒谷)](https://wiki.jbdcl.com/6a3e610c9ff03c06b0b467c7)|2026/06/26 08:22|荒谷 香奈子|
|[20260626_eclipseでのgitの使い方](https://wiki.jbdcl.com/6a311c1b9ff03c06b0a2a617)|2026/06/25 05:52|加藤 孝哉|
|[事業部会議](https://wiki.jbdcl.com/660f4c7f9ff03c06b0eb48b7)|2026/06/22 06:12|林田 真人|
|[2026年07月(林田)](https://wiki.jbdcl.com/6a38fc679ff03c06b0aa8e14)|2026/06/28 09:42|荒井 健一郎|
|[48期_20260625](https://wiki.jbdcl.com/6a3b3af09ff03c06b0adfa2d)|2026/06/24 11:57|花田 亮太|
|[20260625開催](https://wiki.jbdcl.com/6a3ceefc9ff03c06b0b22127)|2026/06/25 06:05|近澤 昌弘|
|[Step6](https://wiki.jbdcl.com/6a30d2fd9ff03c06b0a1ceee)|2026/06/24 03:42|西尾 啓太郎|
|[2200_委員会](https://wiki.jbdcl.com/69dc3ecb9ff03c06b04b3c12)|2026/06/24 09:55|田渕 達也|
|[03_デザイン工程の検討](https://wiki.jbdcl.com/6a40fc999ff03c06b0b4c366)|2026/06/28 09:11|國實 翔詠|
|[X00_役割担当](https://wiki.jbdcl.com/6a1fac1a9ff03c06b08265fb)|2026/06/24 09:58|田渕 達也|
|[20260529　KickOff](https://wiki.jbdcl.com/69e05c1f9ff03c06b050058b)|2026/06/24 09:59|田渕 達也|
|[20260703　プロジェクト決定](https://wiki.jbdcl.com/6a2bc6bf9ff03c06b09f2818)|2026/06/24 10:32|田渕 達也|
|[00_教材](https://wiki.jbdcl.com/6a0ed2b69ff03c06b071a8fd)|2026/06/24 03:20|高橋 宗督|
|[03_償還](https://wiki.jbdcl.com/6a0ed4079ff03c06b071b687)|2026/06/24 09:48|藤田 祐介|
|[03_償還(1) －基礎－](https://wiki.jbdcl.com/6a1524339ff03c06b075e789)|2026/06/22 06:54|穐吉 麻美子|
|[03_償還(2) －全額償還－](https://wiki.jbdcl.com/6a33c1029ff03c06b0a674d9)|2026/06/22 06:56|穐吉 麻美子|
|[03_償還(3) －資産担保証券について－](https://wiki.jbdcl.com/6a28e6319ff03c06b0957be0)|2026/06/22 07:13|穐吉 麻美子|
|[03_償還(8) －資産担保証券の一部償還－](https://wiki.jbdcl.com/6a2ba0eb9ff03c06b09e0fbc)|2026/06/22 07:11|穐吉 麻美子|
|[03_償還(9) －償還(まとめ)－](https://wiki.jbdcl.com/6a3907209ff03c06b0aaaa92)|2026/06/24 09:47|藤田 祐介|
|[30_勉強会](https://wiki.jbdcl.com/6a3b36589ff03c06b0add656)|2026/06/24 03:19|大和田 啓吾|
|[50_第三開発本部内勉強会](https://wiki.jbdcl.com/6a27bd549ff03c06b091bce0)|2026/06/24 05:57|大和田 啓吾|
|[220003 AI活用委員会](https://wiki.jbdcl.com/6a3348319ff03c06b0a545de)|2026/06/22 10:45|矢野 誠|
|[00_委員会の活動全体の流れ](https://wiki.jbdcl.com/6a3348fe9ff03c06b0a54edb)|2026/06/23 12:03|矢野 誠|
|[01_目的定義・対象業務選定](https://wiki.jbdcl.com/6a3935189ff03c06b0aad4e4)|2026/06/25 02:56|金澤 誠之|
|[02_ガバナンス・リスク管理ルール整備](https://wiki.jbdcl.com/6a3936a99ff03c06b0aad825)|2026/06/23 12:08|矢野 誠|
|[03_ツール選定、環境・ツール整備](https://wiki.jbdcl.com/6a393b669ff03c06b0aae4e2)|2026/06/22 10:42|矢野 誠|
|[04_業務プロセス設計](https://wiki.jbdcl.com/6a393b769ff03c06b0aae59e)|2026/06/25 08:37|矢野 誠|
|[05_教育・利用文化醸成](https://wiki.jbdcl.com/6a393b839ff03c06b0aae5e1)|2026/06/22 10:47|矢野 誠|
|[06_パイロット導入](https://wiki.jbdcl.com/6a393b939ff03c06b0aae863)|2026/06/22 10:47|矢野 誠|
|[07_本格展開・改善](https://wiki.jbdcl.com/6a393ba09ff03c06b0aae8f5)|2026/06/22 10:48|矢野 誠|
|[2026-06-24](https://wiki.jbdcl.com/6a39c9079ff03c06b0ab3e12)|2026/06/24 06:13|砂盃 梨乃|
|[JBD基盤チャットボット利用状況](https://wiki.jbdcl.com/68a54d229ff03c06b0fb39ce)|2026/06/28 05:30|田渕 達也|
|[ランキングページ](https://wiki.jbdcl.com/63a10a4eb5e7e15fd789a29d)|2026/06/28 02:00|田渕 達也|
"
0,morita,"@all 

作業開始いたします。"
1,morita,"@all 

配属対応が完了しました。

以下、申請に関しての注意点となります。

```
配属前に作成した申請書類を利用した場合
所属組織が空白になる場合があります。

申請書類の所属組織が配属後組織であることをご確認いただき
申請をお願いいたします。
```

申請時の組織切替は以下を参考にお願いします。

[申請時の所属組織切り替え](https://wiki.jbdcl.com/648a6f29922bc9d167f37688#申請時の所属組織切り替え)"
1,r-isahai,"@channel 
## 社内業務改善の決定について(SDD委員会)
- 社員の皆様から募集しました社内業務の改善アンケートから、SDD委員会で取り上げる対象の改善案が決定いたしました。
- ヒアリングにご協力いただきました皆様、改めてありがとうございました。

#### 対象の改善案：スキルマップ

- 起案いただいた内容は目標管理についての改善案でしたが、目標設定のベースとなるスキルマップ構築が先決であると判断し、本案を対象に選出いたしました。
- 改善テーマの詳細は[こちら](https://wiki.jbdcl.com/6a45c0d99ff03c06b0beac7a)に記載しております。
- 社内業務の改善につながるよう、SDD委員会で検討の上、努めて参ります。

多数のご意見をお寄せいただき、ありがとうございました。 :woman-bowing: "
0,mattermost,"
## JBDナレッジの更新情報 :pencil: 

* 下記のページが１週間以内に更新されています。



　

|ページ|更新日|更新者|
|-|-|
|[02_PC故障時マニュアル](https://wiki.jbdcl.com/6a3ddacb9ff03c06b0b2cc3f)|2026/06/29 04:30|冨澤 裕喜|
|[製品版ウイルスバスター未実施者リスト](https://wiki.jbdcl.com/68fb1ec39ff03c06b087c18a)|2026/07/05 02:20|田渕 達也|
|[Office2016導入PC](https://wiki.jbdcl.com/65546c2028cf0e07df594ccf)|2026/07/06 01:10|田渕 達也|
|[47期成果発表会](https://wiki.jbdcl.com/68491fa49ff03c06b0538a40)|2026/06/30 11:00|寺岡 渉|
|[48期成果発表会](https://wiki.jbdcl.com/6a211a919ff03c06b0861010)|2026/06/30 11:27|寺岡 渉|
|[パスワード変更_未実施者](https://wiki.jbdcl.com/66e90c1b9ff03c06b0fc3a74)|2026/07/05 02:10|田渕 達也|
|[1230_社内教育](https://wiki.jbdcl.com/63be6e602569e8f7a4379090)|2026/07/03 03:41|冨澤 裕喜|
|[1231_受講者状況](https://wiki.jbdcl.com/63e0960d922bc9d167bd84bb)|2026/07/05 02:50|田渕 達也|
|[10.棚卸未実施一覧](https://wiki.jbdcl.com/655c272828cf0e07df5e3b75)|2026/07/06 01:30|田渕 達也|
|[11.棚卸管理シール貼付け未実施一覧](https://wiki.jbdcl.com/66976f629ff03c06b09395f5)|2026/07/05 01:40|田渕 達也|
|[1260_開発サーバー](https://wiki.jbdcl.com/66c6abb29ff03c06b0d2df54)|2026/07/05 01:50|田渕 達也|
|[Windows10PC一覧](https://wiki.jbdcl.com/6556ba1528cf0e07df5aec55)|2026/07/06 01:20|田渕 達也|
|[01_セキュリティソフトの移行状況_未実施一覧](https://wiki.jbdcl.com/696f6ee89ff03c06b0f03e1d)|2026/07/05 02:30|田渕 達也|
|[Reactの基本](https://wiki.jbdcl.com/6a4310cc9ff03c06b0b76642)|2026/06/30 09:42|永井 利樹|
|[他言語経験者がReactでハマりやすいところ](https://wiki.jbdcl.com/6a2fc5b49ff03c06b0a0e7d4)|2026/06/30 09:23|永井 利樹|
|[01.現代的な業務体験](https://wiki.jbdcl.com/660278659ff03c06b0d089a7)|2026/07/03 05:24|小野田 裕輝|
|[オリエンテーション資料（48期）](https://wiki.jbdcl.com/6a010b659ff03c06b0652b31)|2026/06/30 11:35|淺野間 龍児|
|[20260622-0628のAI最新情報](https://wiki.jbdcl.com/6a41f0a99ff03c06b0b5ceff)|2026/06/29 01:12|石井 教観|
|[事業部会議](https://wiki.jbdcl.com/69ce5afb9ff03c06b03ed8a6)|2026/07/02 06:22|森林 悠登|
|[2026年07月](https://wiki.jbdcl.com/6a2a098c9ff03c06b099c51f)|2026/07/01 05:09|相馬 翔太|
|[2026年7月（古川）_物体検出アルゴリズム](https://wiki.jbdcl.com/6a41ce4f9ff03c06b0b553c1)|2026/07/01 01:41|古川 樹|
|[200_年間予定](https://wiki.jbdcl.com/69fd93d99ff03c06b0639ff3)|2026/07/03 06:34|藤池 拓三|
|[202606](https://wiki.jbdcl.com/6a476d0a9ff03c06b0c377f0)|2026/07/03 06:30|大和田 啓吾|
|[20260710_ビルドツール（Maven）とは、及びEclipseとMavenの関係性](https://wiki.jbdcl.com/6a462c129ff03c06b0c05598)|2026/07/03 05:34|加藤 孝哉|
|[2026年07月(林田)](https://wiki.jbdcl.com/6a38fc679ff03c06b0aa8e14)|2026/07/01 05:05|青山 謙二|
|[イベント出欠](https://wiki.jbdcl.com/6695eab49ff03c06b08f7a4c)|2026/07/04 09:19|森中 翔太|
|[OJT研修で改善してほしい点](https://wiki.jbdcl.com/6a44da699ff03c06b0bdf486)|2026/07/01 06:14|倉持 優人|
|[オリコ様_倉持](https://wiki.jbdcl.com/6a06bcd19ff03c06b06b6698)|2026/07/03 05:04|倉持 優人|
|[横浜銀行AutomationCloud移行](https://wiki.jbdcl.com/6a224edf9ff03c06b087cc08)|2026/07/03 04:30|大石 凜太郎|
|[出退勤について](https://wiki.jbdcl.com/6681fa269ff03c06b0749353)|2026/06/30 09:26|降籏 成志|
|[02_JBD基盤のGitLABとRedmineを活用したソース管理手法について](https://wiki.jbdcl.com/6a1e31589ff03c06b07feb9d)|2026/07/01 02:37|松本 隼弥|
|[02_UIデザイン](https://wiki.jbdcl.com/6a471a599ff03c06b0c156ff)|2026/07/03 05:56|國實 翔詠|
|[03_デザイン工程の検討](https://wiki.jbdcl.com/6a40fc999ff03c06b0b4c366)|2026/07/01 04:48|國實 翔詠|
|[99_steering](https://wiki.jbdcl.com/6a4767509ff03c06b0c32774)|2026/07/03 04:40|田渕 達也|
|[20260703　プロジェクト決定](https://wiki.jbdcl.com/6a2bc6bf9ff03c06b09f2818)|2026/07/03 04:39|田渕 達也|
|[30_勉強会](https://wiki.jbdcl.com/6a3b36589ff03c06b0add656)|2026/07/01 05:53|大和田 啓吾|
|[01_目的定義・対象業務選定](https://wiki.jbdcl.com/6a3935189ff03c06b0aad4e4)|2026/07/01 04:52|川島 崇史|
|[3C分析・SPIN話法の手法＊編集中＊](https://wiki.jbdcl.com/6a38e3f09ff03c06b0aa1b8b)|2026/07/01 06:45|和田 修|
|[JBD基盤チャットボット利用状況](https://wiki.jbdcl.com/68a54d229ff03c06b0fb39ce)|2026/07/05 05:30|田渕 達也|
|[ランキングページ](https://wiki.jbdcl.com/63a10a4eb5e7e15fd789a29d)|2026/07/05 02:00|田渕 達也|
"
1,yui-watanabe,"@channel 

### PCのソフトウェアバージョン確認のお願い

お疲れ様です。ISMS事務局の渡辺です。

先ほどGS回覧板にて、下記の案内をさせて頂きました。
各自ご対応の程よろしくお願い致します。

```
お疲れ様です。ISMS事務局の渡辺です。

例年同様、ソフトウェアのバージョンが最新であるかの確認を実施します。

会社から貸与を受けているPCについて、期日までに以下のURLより
バージョンチェックを実施して頂くようお願い致します。
（※バージョンが最新でない場合は、ソフトウェアの更新してください。）

尚、バージョンチェック・更新が完了しましたら、確認ボタンを押してください。
※会社貸与のPCがない場合、『会社貸与PCなし』と記載してください。
※確認ボタンを押してない場合は、依頼の通知をお送ります。


【バージョンチェックURL】　
　https://jvndb.jvn.jp/apis/myjvn/vccheckdotnet.html

【期日】
　2026年7月31日（金）
　※ただし、ISMS内部監査の実施前に対応することが望ましいため
　　各事業部の実施日を上長に確認の上、速やかにご対応頂きますよう
　　ご理解ご協力の程よろしくお願い致します。


以上、お忙しいかと存じますが、ご対応の程よろしくお願い致します。
```"
1,morita,"@channel 

お疲れ様です。ISMS事務局の森田です。

補足です。
上記通知で提示されているチェッカーで確認可能なソフトウェア以外も確認をお願いいたします。

圧縮・解凍用ソフト、サーバ接続用のターミナルソフト（TeraTerm等）など、プロジェクト等で利用しているものも、ご確認ください。

特に監査を受ける方に関してはバージョンの確認をされる可能性が高いのでお願いいたします。

"
1,wa-teraoka,"@channel 
各位
お疲れ様です。
人事の寺岡です。
48期新入社員研修成果発表会の動画を以下に公開しております。
当日の発表会にご参加ができなかった方もこの機会に是非ご確認くださいませ。
[48期成果発表会 - JBDナレッジ](https://wiki.jbdcl.com/6a211a919ff03c06b0861010)

また5月末にご案内した総合福利厚生サービス「ベネフィット・ステーション」についても以下に公開しております。
お時間を有してしまい申し訳ございません。
説明会の動画だけでなく、別途ご質問いただいた***アカウント登録***につきましても掲載しております。
当日の説明会にご参加ができなかった方もこの機会に是非ご確認くださいませ。
[ベネフィット・ステーション - JBDナレッジ](https://wiki.jbdcl.com/6a2658389ff03c06b08cdca4)"
0,mattermost,"
## JBDナレッジの更新情報 :pencil: 

* 下記のページが１週間以内に更新されています。



　

|ページ|更新日|更新者|
|-|-|
|[製品版ウイルスバスター未実施者リスト](https://wiki.jbdcl.com/68fb1ec39ff03c06b087c18a)|2026/07/12 02:20|田渕 達也|
|[Office2016導入PC](https://wiki.jbdcl.com/65546c2028cf0e07df594ccf)|2026/07/13 01:10|田渕 達也|
|[48期成果発表会](https://wiki.jbdcl.com/6a211a919ff03c06b0861010)|2026/07/10 01:58|寺岡 渉|
|[パスワード変更_未実施者](https://wiki.jbdcl.com/66e90c1b9ff03c06b0fc3a74)|2026/07/12 02:10|田渕 達也|
|[1230_社内教育](https://wiki.jbdcl.com/63be6e602569e8f7a4379090)|2026/07/08 03:57|田渕 達也|
|[1231_受講者状況](https://wiki.jbdcl.com/63e0960d922bc9d167bd84bb)|2026/07/12 02:50|田渕 達也|
|[10.棚卸未実施一覧](https://wiki.jbdcl.com/655c272828cf0e07df5e3b75)|2026/07/13 01:30|田渕 達也|
|[11.棚卸管理シール貼付け未実施一覧](https://wiki.jbdcl.com/66976f629ff03c06b09395f5)|2026/07/12 01:40|田渕 達也|
|[1260_開発サーバー](https://wiki.jbdcl.com/66c6abb29ff03c06b0d2df54)|2026/07/12 01:50|田渕 達也|
|[Windows10PC一覧](https://wiki.jbdcl.com/6556ba1528cf0e07df5aec55)|2026/07/13 01:20|田渕 達也|
|[01_セキュリティソフトの移行状況_未実施一覧](https://wiki.jbdcl.com/696f6ee89ff03c06b0f03e1d)|2026/07/12 02:30|田渕 達也|
|[1821_肥後橋第4会議室（セミナールーム）のロッカー](https://wiki.jbdcl.com/6a45fe2e9ff03c06b0bf94d7)|2026/07/06 11:22|寺岡 渉|
|[他言語経験者がReactでハマりやすいところ](https://wiki.jbdcl.com/6a2fc5b49ff03c06b0a0e7d4)|2026/07/07 05:39|永井 利樹|
|[02.ServiceNow プラットフォームの機能の確認](https://wiki.jbdcl.com/6603c5c09ff03c06b0d3597e)|2026/07/06 10:53|小野田 裕輝|
|[04-1.テーブルの構造と関係性](https://wiki.jbdcl.com/661784d79ff03c06b0f52f9a)|2026/07/06 03:50|小野田 裕輝|
|[04-3.データのインポート](https://wiki.jbdcl.com/661784ea9ff03c06b0f53111)|2026/07/06 05:12|小野田 裕輝|
|[04-4.CMDBと構成アイテム](https://wiki.jbdcl.com/661784f39ff03c06b0f531a8)|2026/07/06 05:41|小野田 裕輝|
|[05-1.ナレッジ管理](https://wiki.jbdcl.com/661e1dea9ff03c06b0fd1f53)|2026/07/08 10:32|小野田 裕輝|
|[05-2.サービスカタログ](https://wiki.jbdcl.com/661e1df49ff03c06b0fd2018)|2026/07/08 02:28|小野田 裕輝|
|[05-3.ワークフローの自動化](https://wiki.jbdcl.com/661e1dfd9ff03c06b0fd20bd)|2026/07/10 11:58|小野田 裕輝|
|[06-1.Platform Analytics experience](https://wiki.jbdcl.com/662778009ff03c06b0097f9e)|2026/07/10 05:32|小野田 裕輝|
|[20260629-0705のAI最新情報](https://wiki.jbdcl.com/6a4b3f549ff03c06b0c5a192)|2026/07/06 02:38|石井 教観|
|[作業履歴](https://wiki.jbdcl.com/6a4ccacb9ff03c06b0c85e03)|2026/07/07 06:45|石井 教観|
|[要求仕様書](https://wiki.jbdcl.com/6a4c7e4c9ff03c06b0c75e25)|2026/07/07 01:19|石井 教観|
|[200_年間予定](https://wiki.jbdcl.com/69fd93d99ff03c06b0639ff3)|2026/07/09 11:05|菅原 綾河|
|[2026年11月(武田)_laravel](https://wiki.jbdcl.com/6a18ec269ff03c06b07a3ece)|2026/07/07 10:14|武田 昇馬|
|[20260710_ビルドツール（Maven）とは、及びEclipseとMavenの関係性](https://wiki.jbdcl.com/6a462c129ff03c06b0c05598)|2026/07/10 01:01|加藤 孝哉|
|[20260717_javascriptについて学ぶ](https://wiki.jbdcl.com/6a4b5dfc9ff03c06b0c6002c)|2026/07/06 04:57|武田 宏喜|
|[2026年08月(齊藤)](https://wiki.jbdcl.com/6a46f1ca9ff03c06b0c09b2a)|2026/07/08 09:36|青山 謙二|
|[イベント出欠](https://wiki.jbdcl.com/6695eab49ff03c06b08f7a4c)|2026/07/08 06:08|富田 吉紀|
|[99_steering](https://wiki.jbdcl.com/6a4767509ff03c06b0c32774)|2026/07/07 03:56|田渕 達也|
|[PM](https://wiki.jbdcl.com/6a4b35b19ff03c06b0c59036)|2026/07/06 01:57|砂盃 梨乃|
|[品質管理](https://wiki.jbdcl.com/6a4c64439ff03c06b0c72683)|2026/07/08 07:11|三澤 太一|
|[運用](https://wiki.jbdcl.com/6a4cba3a9ff03c06b0c82621)|2026/07/07 05:35|松本 隼弥|
|[20260730　プロジェクト状況](https://wiki.jbdcl.com/6a4c9f8f9ff03c06b0c7cbac)|2026/07/07 04:09|今井 達也|
|[00_委員会の活動全体の流れ](https://wiki.jbdcl.com/6a3348fe9ff03c06b0a54edb)|2026/07/08 12:00|矢野 誠|
|[01_目的定義・対象業務選定](https://wiki.jbdcl.com/6a3935189ff03c06b0aad4e4)|2026/07/07 03:34|矢野 誠|
|[02_ガバナンス・リスク管理ルール整備](https://wiki.jbdcl.com/6a3936a99ff03c06b0aad825)|2026/07/08 10:54|矢野 誠|
|[AIコーディングエージェント導入検討資料](https://wiki.jbdcl.com/6a4dd3959ff03c06b0c9d958)|2026/07/08 03:47|馬場 健司|
|[法人向け生成AIツール導入検討資料](https://wiki.jbdcl.com/6a4dde049ff03c06b0ca0e21)|2026/07/08 03:53|馬場 健司|
|[生成AIツール一覧](https://wiki.jbdcl.com/6a4de5ce9ff03c06b0ca3974)|2026/07/09 01:30|石井 教観|
|[05_教育・利用文化醸成](https://wiki.jbdcl.com/6a393b839ff03c06b0aae5e1)|2026/07/08 08:44|矢野 誠|
|[2026-07-08](https://wiki.jbdcl.com/6a4c8ef19ff03c06b0c79680)|2026/07/08 12:05|矢野 誠|
|[3500_営業戦略](https://wiki.jbdcl.com/6a31d8d89ff03c06b0a2cb23)|2026/07/07 10:51|馬場 健司|
|[JBD基盤チャットボット利用状況](https://wiki.jbdcl.com/68a54d229ff03c06b0fb39ce)|2026/07/12 05:30|田渕 達也|
|[ランキングページ](https://wiki.jbdcl.com/63a10a4eb5e7e15fd789a29d)|2026/07/12 02:00|田渕 達也|
"
0,t-kawanishi,kinmu
0,y-takenaga,@t-kawanishi さん、体調は大丈夫ですか？
0,mattermost,"
## JBDナレッジの更新情報 :pencil: 

* 下記のページが１週間以内に更新されています。



　

|ページ|更新日|更新者|
|-|-|
|[製品版ウイルスバスター未実施者リスト](https://wiki.jbdcl.com/68fb1ec39ff03c06b087c18a)|2026/07/19 02:20|田渕 達也|
|[Office2016導入PC](https://wiki.jbdcl.com/65546c2028cf0e07df594ccf)|2026/07/20 01:10|田渕 達也|
|[1201_開発戦略本部からのお願い](https://wiki.jbdcl.com/655afc2c28cf0e07df5d900a)|2026/07/17 06:13|冨澤 裕喜|
|[1210_06_JBD基盤とドメインパスワード変更方法](https://wiki.jbdcl.com/661de0639ff03c06b0fc2743)|2026/07/13 10:57|冨澤 裕喜|
|[パスワード変更_未実施者](https://wiki.jbdcl.com/66e90c1b9ff03c06b0fc3a74)|2026/07/19 02:10|田渕 達也|
|[1231_受講者状況](https://wiki.jbdcl.com/63e0960d922bc9d167bd84bb)|2026/07/19 02:50|田渕 達也|
|[10.棚卸未実施一覧](https://wiki.jbdcl.com/655c272828cf0e07df5e3b75)|2026/07/20 01:30|田渕 達也|
|[11.棚卸管理シール貼付け未実施一覧](https://wiki.jbdcl.com/66976f629ff03c06b09395f5)|2026/07/19 01:40|田渕 達也|
|[1260_開発サーバー](https://wiki.jbdcl.com/66c6abb29ff03c06b0d2df54)|2026/07/19 01:50|田渕 達也|
|[Windows10PC一覧](https://wiki.jbdcl.com/6556ba1528cf0e07df5aec55)|2026/07/20 01:20|田渕 達也|
|[01_セキュリティソフトの移行状況_未実施一覧](https://wiki.jbdcl.com/696f6ee89ff03c06b0f03e1d)|2026/07/19 02:30|田渕 達也|
|[1_Reactの学習](https://wiki.jbdcl.com/6a59d4009ff03c06b0d7e974)|2026/07/17 04:04|永井 利樹|
|[00_他言語経験者がReactでハマりやすいところ](https://wiki.jbdcl.com/6a5979689ff03c06b0d65529)|2026/07/17 05:13|永井 利樹|
|[01_Reactの基本](https://wiki.jbdcl.com/6a5979289ff03c06b0d653a5)|2026/07/17 04:05|永井 利樹|
|[02_stateとフォーム](https://wiki.jbdcl.com/6a59d4299ff03c06b0d7ed50)|2026/07/17 04:05|永井 利樹|
|[03_stateの設計](https://wiki.jbdcl.com/6a59d43b9ff03c06b0d7ef14)|2026/07/17 04:05|永井 利樹|
|[06-1.Platform Analytics experience](https://wiki.jbdcl.com/662778009ff03c06b0097f9e)|2026/07/13 09:15|小野田 裕輝|
|[07-1.UIポリシーとビジネスルール](https://wiki.jbdcl.com/662a0f8f9ff03c06b00f362d)|2026/07/13 04:59|小野田 裕輝|
|[07-2.移行とデータ連携](https://wiki.jbdcl.com/662a100d9ff03c06b00f3a4b)|2026/07/13 05:40|小野田 裕輝|
|[07-3.更新セットの適用](https://wiki.jbdcl.com/662a10179ff03c06b00f3b04)|2026/07/14 11:41|小野田 裕輝|
|[07-4.その他の管理者リソース](https://wiki.jbdcl.com/68ae66939ff03c06b00be707)|2026/07/14 11:53|小野田 裕輝|
|[3-16_v-ifによる条件付きレンダリング](https://wiki.jbdcl.com/6a1941d49ff03c06b07be304)|2026/07/16 04:12|隈部 摩耶|
|[3-17_複雑な表示はtemplateタグ](https://wiki.jbdcl.com/6a587db99ff03c06b0d5bb6e)|2026/07/16 04:11|隈部 摩耶|
|[ユーザストーリーマップ](https://wiki.jbdcl.com/6a55a53a9ff03c06b0d08975)|2026/07/14 05:04|淺野間 龍児|
|[20260706-0712のAI最新情報](https://wiki.jbdcl.com/6a548a6d9ff03c06b0cf3f10)|2026/07/13 03:57|石井 教観|
|[作業履歴](https://wiki.jbdcl.com/6a4ccacb9ff03c06b0c85e03)|2026/07/16 05:42|石井 教観|
|[要求仕様書](https://wiki.jbdcl.com/6a4c7e4c9ff03c06b0c75e25)|2026/07/16 05:16|石井 教観|
|[200_年間予定](https://wiki.jbdcl.com/69fd93d99ff03c06b0639ff3)|2026/07/17 12:01|山口 海伊|
|[20260717_javascriptについて学ぶ](https://wiki.jbdcl.com/6a4b5dfc9ff03c06b0c6002c)|2026/07/16 07:53|武田 宏喜|
|[イベント出欠](https://wiki.jbdcl.com/6695eab49ff03c06b08f7a4c)|2026/07/14 11:45|峯山 託|
|[中部第１事業部](https://wiki.jbdcl.com/6a59e4849ff03c06b0d8384c)|2026/07/17 05:15|永井 利樹|
|[900_勉強会](https://wiki.jbdcl.com/6a59e48e9ff03c06b0d83890)|2026/07/17 05:15|永井 利樹|
|[01_企画・要求分析](https://wiki.jbdcl.com/69dc59659ff03c06b04bb0d8)|2026/07/17 06:00|砂盃 梨乃|
|[02_UIデザイン](https://wiki.jbdcl.com/6a471a599ff03c06b0c156ff)|2026/07/14 06:16|國實 翔詠|
|[品質管理](https://wiki.jbdcl.com/6a4c64439ff03c06b0c72683)|2026/07/14 04:27|三澤 太一|
|[X00_役割担当](https://wiki.jbdcl.com/6a1fac1a9ff03c06b08265fb)|2026/07/14 02:39|藤本 正貫|
|[20260731　企画・要求分析](https://wiki.jbdcl.com/6a4c9f8f9ff03c06b0c7cbac)|2026/07/14 02:44|藤本 正貫|
|[50_第三開発本部内勉強会](https://wiki.jbdcl.com/6a27bd549ff03c06b091bce0)|2026/07/15 09:47|大和田 啓吾|
|[01_目的定義・対象業務選定](https://wiki.jbdcl.com/6a3935189ff03c06b0aad4e4)|2026/07/14 08:36|石井 教観|
|[AIコーディングエージェント導入検討資料](https://wiki.jbdcl.com/6a4dd3959ff03c06b0c9d958)|2026/07/13 09:15|金澤 誠之|
|[法人向け生成AIツール導入検討資料](https://wiki.jbdcl.com/6a4dde049ff03c06b0ca0e21)|2026/07/13 08:58|金澤 誠之|
|[生成AIツール一覧](https://wiki.jbdcl.com/6a4de5ce9ff03c06b0ca3974)|2026/07/15 05:14|石井 教観|
|[220004_AWS委員会](https://wiki.jbdcl.com/6a5571fb9ff03c06b0cfe0d2)|2026/07/14 08:17|田渕 達也|
|[20260713_環境のバージョンアップ](https://wiki.jbdcl.com/6a5572299ff03c06b0cfe253)|2026/07/16 05:31|冨澤 裕喜|
|[000_サービス間の関係](https://wiki.jbdcl.com/6a57020e9ff03c06b0d35633)|2026/07/17 08:19|冨澤 裕喜|
|[ChatGPTとGeminiを討論させる](https://wiki.jbdcl.com/6a5732ea9ff03c06b0d3fe3e)|2026/07/16 02:36|馬場 健司|
|[JBD基盤チャットボット利用状況](https://wiki.jbdcl.com/68a54d229ff03c06b0fb39ce)|2026/07/19 05:30|田渕 達也|
|[ランキングページ](https://wiki.jbdcl.com/63a10a4eb5e7e15fd789a29d)|2026/07/19 02:00|田渕 達也|
"
1,m-kubo,"@channel 

### ストレスチェック及び組織サーベイの実施について（7/31まで）

お疲れ様です。 経営管理本部　久保です。

標記の件、すでにご対応いただいている方もいらっしゃいますが
未対応の皆さまにつきましては、`7月31日（金）`までに 
ご受講いただきますよう、ご協力の程よろしくお願い致します。

[https://gs.jbdcl.com/gsession/common/cmn001.do?url=%2Fgsession%2Fbulletin%2Fbbs060.do%3Fbbs010forumSid%3D5%26threadSid%3D3052](https://gs.jbdcl.com/gsession/common/cmn001.do?url=%2Fgsession%2Fbulletin%2Fbbs060.do%3Fbbs010forumSid%3D5%26threadSid%3D3052)"
0,mattermost,"
## JBDナレッジの更新情報 :pencil: 

* 下記のページが１週間以内に更新されています。



　

|ページ|更新日|更新者|
|-|-|
|[製品版ウイルスバスター未実施者リスト](https://wiki.jbdcl.com/68fb1ec39ff03c06b087c18a)|2026/07/26 02:20|田渕 達也|
|[Office2016導入PC](https://wiki.jbdcl.com/65546c2028cf0e07df594ccf)|2026/07/27 01:10|田渕 達也|
|[1201_開発戦略本部からのお願い](https://wiki.jbdcl.com/655afc2c28cf0e07df5d900a)|2026/07/21 10:25|冨澤 裕喜|
|[パスワード変更_未実施者](https://wiki.jbdcl.com/66e90c1b9ff03c06b0fc3a74)|2026/07/26 02:10|田渕 達也|
|[1231_受講者状況](https://wiki.jbdcl.com/63e0960d922bc9d167bd84bb)|2026/07/26 02:50|田渕 達也|
|[10.棚卸未実施一覧](https://wiki.jbdcl.com/655c272828cf0e07df5e3b75)|2026/07/27 01:30|田渕 達也|
|[11.棚卸管理シール貼付け未実施一覧](https://wiki.jbdcl.com/66976f629ff03c06b09395f5)|2026/07/26 01:40|田渕 達也|
|[1260_開発サーバー](https://wiki.jbdcl.com/66c6abb29ff03c06b0d2df54)|2026/07/26 01:50|田渕 達也|
|[Windows10PC一覧](https://wiki.jbdcl.com/6556ba1528cf0e07df5aec55)|2026/07/27 01:20|田渕 達也|
|[01_セキュリティソフトの移行状況_未実施一覧](https://wiki.jbdcl.com/696f6ee89ff03c06b0f03e1d)|2026/07/26 02:30|田渕 達也|
|[1310_ISMS](https://wiki.jbdcl.com/63bfcd912569e8f7a43842d9)|2026/07/21 07:45|渡辺 唯子|
|[学習用環境構築](https://wiki.jbdcl.com/6a22a4729ff03c06b0890695)|2026/07/21 10:55|小池 琢也|
|[IM-TechCamp](https://wiki.jbdcl.com/6a5f3d9c9ff03c06b0db352c)|2026/07/21 06:42|髙橋 明仁|
|[FY2026](https://wiki.jbdcl.com/6a5f3dd19ff03c06b0db3670)|2026/07/21 07:10|髙橋 明仁|
|[Day1](https://wiki.jbdcl.com/6a5f3dde9ff03c06b0db36f6)|2026/07/21 07:14|髙橋 明仁|
|[Day2](https://wiki.jbdcl.com/6a5f3de69ff03c06b0db377e)|2026/07/21 07:22|髙橋 明仁|
|[Day3](https://wiki.jbdcl.com/6a5f3deb9ff03c06b0db3801)|2026/07/22 10:15|髙橋 明仁|
|[2240_postgres](https://wiki.jbdcl.com/6a6151609ff03c06b0de3426)|2026/07/23 08:26|塩田 祥久|
|[postgres_fdw](https://wiki.jbdcl.com/6a61521f9ff03c06b0de38b5)|2026/07/23 08:58|塩田 祥久|
|[07](https://wiki.jbdcl.com/6a5ebb6b9ff03c06b0d95a3f)|2026/07/24 08:41|石井 教観|
|[20260713-0720のAI最新情報](https://wiki.jbdcl.com/6a5eac959ff03c06b0d9443c)|2026/07/21 08:20|石井 教観|
|[作業履歴](https://wiki.jbdcl.com/6a4ccacb9ff03c06b0c85e03)|2026/07/23 02:41|石井 教観|
|[実行計画について（馬見）](https://wiki.jbdcl.com/6a65d6839ff03c06b0e2a1ec)|2026/07/26 08:25|馬見 海人|
|[2026年7月(荒谷)](https://wiki.jbdcl.com/6a3e610c9ff03c06b0b467c7)|2026/07/24 05:31|荒谷 香奈子|
|[2026年07月(加藤)_ターミナルとシェル入門](https://wiki.jbdcl.com/6a6085159ff03c06b0ddc4d0)|2026/07/24 03:23|加藤 孝哉|
|[48期_20260724](https://wiki.jbdcl.com/6a5f6c2e9ff03c06b0db7358)|2026/07/21 10:19|花田 亮太|
|[20260625開催](https://wiki.jbdcl.com/6a3ceefc9ff03c06b0b22127)|2026/07/23 02:00|近澤 昌弘|
|[20260723開催](https://wiki.jbdcl.com/6a619fcb9ff03c06b0ded025)|2026/07/23 02:02|近澤 昌弘|
|[09_保守対応調査メモ](https://wiki.jbdcl.com/6a61ff389ff03c06b0df5bf9)|2026/07/23 08:47|惣司 さくら|
|[01_GA4](https://wiki.jbdcl.com/6a61ff439ff03c06b0df5c82)|2026/07/23 09:35|惣司 さくら|
|[01_GA4とは](https://wiki.jbdcl.com/6a61ff7d9ff03c06b0df5dde)|2026/07/23 09:36|惣司 さくら|
|[02_水道窓口での導入例](https://wiki.jbdcl.com/6a61ffa69ff03c06b0df5ecf)|2026/07/23 09:36|惣司 さくら|
|[03_導入方法](https://wiki.jbdcl.com/6a61ffb39ff03c06b0df5f12)|2026/07/23 08:49|惣司 さくら|
|[04_導入後問い合わせ](https://wiki.jbdcl.com/6a61ffe99ff03c06b0df6172)|2026/07/23 08:50|惣司 さくら|
|[05_問い合わせ対応案](https://wiki.jbdcl.com/6a6200259ff03c06b0df62a3)|2026/07/23 08:51|惣司 さくら|
|[02_Pythonバージョンアップ](https://wiki.jbdcl.com/6a61ff5e9ff03c06b0df5cc4)|2026/07/23 08:47|惣司 さくら|
|[02_Git構成](https://wiki.jbdcl.com/6a30cf219ff03c06b0a1c0c2)|2026/07/21 10:08|西尾 啓太郎|
|[Step6](https://wiki.jbdcl.com/6a30d2fd9ff03c06b0a1ceee)|2026/07/21 10:01|西尾 啓太郎|
|[02_ハンディ](https://wiki.jbdcl.com/6799fb139ff03c06b0b48124)|2026/07/21 11:33|西尾 啓太郎|
|[0.合格に向けての取り組み・工夫](https://wiki.jbdcl.com/6a62c2309ff03c06b0e00baf)|2026/07/24 11:24|水島 優香里|
|[7.その他知識・用語まとめ](https://wiki.jbdcl.com/696972e79ff03c06b0ecc166)|2026/07/24 05:42|水島 優香里|
|[04_SE作業工程の検討](https://wiki.jbdcl.com/6a6000b29ff03c06b0dbaeac)|2026/07/22 08:28|今井 達也|
|[05_要件定義におけるUIモック作成方式の検討](https://wiki.jbdcl.com/6a6046979ff03c06b0dcdc65)|2026/07/22 01:31|今井 達也|
|[X00_役割担当](https://wiki.jbdcl.com/6a1fac1a9ff03c06b08265fb)|2026/07/22 04:59|砂盃 梨乃|
|[20260731　企画・要求分析](https://wiki.jbdcl.com/6a4c9f8f9ff03c06b0c7cbac)|2026/07/22 05:02|砂盃 梨乃|
|[債券のイベント　利金(3)](https://wiki.jbdcl.com/6a27ae049ff03c06b090f82a)|2026/07/22 09:33|高橋 宗督|
|[03_償還](https://wiki.jbdcl.com/6a0ed4079ff03c06b071b687)|2026/07/24 03:21|田口 優雅|
|[03_償還(9) －償還(まとめ)－](https://wiki.jbdcl.com/6a3907209ff03c06b0aaaa92)|2026/07/22 09:35|高橋 宗督|
|[JBDとして実施すること抜粋](https://wiki.jbdcl.com/6a6005ae9ff03c06b0dbc37b)|2026/07/22 08:53|矢野 誠|
|[リスクの特定と対策](https://wiki.jbdcl.com/6a5ec7c89ff03c06b0d9994b)|2026/07/22 08:49|矢野 誠|
|[2026-07-22](https://wiki.jbdcl.com/6a6001dd9ff03c06b0dbb320)|2026/07/22 12:08|矢野 誠|
|[20260713_環境のバージョンアップ](https://wiki.jbdcl.com/6a5572299ff03c06b0cfe253)|2026/07/24 06:10|金澤 誠之|
|[010_各ミドルウェアのバージョン整理](https://wiki.jbdcl.com/6a630cd39ff03c06b0e14b03)|2026/07/24 06:23|金澤 誠之|
|[ChatGPTとGeminiを討論させる](https://wiki.jbdcl.com/6a5732ea9ff03c06b0d3fe3e)|2026/07/24 09:17|馬場 健司|
|[JBD基盤チャットボット利用状況](https://wiki.jbdcl.com/68a54d229ff03c06b0fb39ce)|2026/07/26 05:30|田渕 達也|
|[ランキングページ](https://wiki.jbdcl.com/63a10a4eb5e7e15fd789a29d)|2026/07/26 02:00|田渕 達也|
"
1,m-kubo,"### ストレスチェック及び組織サーベイの実施について（本日まで）

お疲れ様です。 経営管理本部　久保です。

標記の件、すでにご対応いただいている方もいらっしゃいますが 未対応の皆さまにつきましては、本日が受講期日となりますので、 ご受講いただきますよう、ご協力の程よろしくお願い致します。

[https://gs.jbdcl.com/gsession/common/cmn001.do?url=%2Fgsession%2Fbulletin%2Fbbs060.do%3Fbbs010forumSid%3D5%26threadSid%3D3052](https://gs.jbdcl.com/gsession/common/cmn001.do?url=%2Fgsession%2Fbulletin%2Fbbs060.do%3Fbbs010forumSid%3D5%26threadSid%3D3052)"
0,mattermost,"
## JBDナレッジの更新情報 :pencil: 

* 下記のページが１週間以内に更新されています。



　

|ページ|更新日|更新者|
|-|-|
|[1103_JBDNEWS](https://wiki.jbdcl.com/63b4e5347c45329c2d28f2bc)|2026/07/29 05:04|森 由芽佳|
|[製品版ウイルスバスター未実施者リスト](https://wiki.jbdcl.com/68fb1ec39ff03c06b087c18a)|2026/08/02 02:20|田渕 達也|
|[Office2016導入PC](https://wiki.jbdcl.com/65546c2028cf0e07df594ccf)|2026/08/03 01:10|田渕 達也|
|[パスワード変更_未実施者](https://wiki.jbdcl.com/66e90c1b9ff03c06b0fc3a74)|2026/08/02 02:10|田渕 達也|
|[1231_受講者状況](https://wiki.jbdcl.com/63e0960d922bc9d167bd84bb)|2026/08/02 02:50|田渕 達也|
|[10.棚卸未実施一覧](https://wiki.jbdcl.com/655c272828cf0e07df5e3b75)|2026/08/03 01:30|田渕 達也|
|[11.棚卸管理シール貼付け未実施一覧](https://wiki.jbdcl.com/66976f629ff03c06b09395f5)|2026/08/02 01:40|田渕 達也|
|[1260_開発サーバー](https://wiki.jbdcl.com/66c6abb29ff03c06b0d2df54)|2026/08/02 01:50|田渕 達也|
|[Windows10PC一覧](https://wiki.jbdcl.com/6556ba1528cf0e07df5aec55)|2026/08/03 01:20|田渕 達也|
|[01_セキュリティソフトの移行状況_未実施一覧](https://wiki.jbdcl.com/696f6ee89ff03c06b0f03e1d)|2026/08/02 02:30|田渕 達也|
|[Day3](https://wiki.jbdcl.com/6a5f3deb9ff03c06b0db3801)|2026/07/27 04:41|髙橋 明仁|
|[11_機能一覧](https://wiki.jbdcl.com/686c7d079ff03c06b08b6e89)|2026/07/31 10:23|石川 享平|
|[14_改修要件](https://wiki.jbdcl.com/6a67f6dd9ff03c06b0e4bfd2)|2026/07/28 09:25|石川 享平|
|[改修の進め方](https://wiki.jbdcl.com/6a6980399ff03c06b0e7a919)|2026/07/31 11:04|渡邉 洵太|
|[要件定義作成_スキルマスタメンテ](https://wiki.jbdcl.com/6a67f94f9ff03c06b0e4d2f8)|2026/07/31 04:12|藤村 隼太|
|[要件定義作成_経験マスタメンテ](https://wiki.jbdcl.com/6a6c1de19ff03c06b0ee3ee4)|2026/07/31 01:05|藤村 隼太|
|[要求定義作成_経験マスタメンテ](https://wiki.jbdcl.com/6a69c0a09ff03c06b0e94a8d)|2026/07/31 09:12|石川 享平|
|[要求定義作成_資格マスタメンテ](https://wiki.jbdcl.com/6a69b7869ff03c06b0e8f751)|2026/07/31 09:12|石川 享平|
|[画面設計書_S07_スキルマスタメンテ](https://wiki.jbdcl.com/6a6bfaee9ff03c06b0ed6971)|2026/07/31 03:59|渡邉 洵太|
|[画面設計書_S08_経験マスタメンテ](https://wiki.jbdcl.com/6a6c1f959ff03c06b0ee549f)|2026/07/31 04:13|藤村 隼太|
|[画面設計書_S09_資格マスタメンテ](https://wiki.jbdcl.com/6a6c1dbf9ff03c06b0ee3cae)|2026/07/31 06:03|石川 享平|
|[22_メッセージ定義一覧](https://wiki.jbdcl.com/6886fd5f9ff03c06b0c9a9eb)|2026/07/31 11:45|石川 享平|
|[24_機能仕様書](https://wiki.jbdcl.com/6a6c2abf9ff03c06b0eeb294)|2026/07/31 01:55|渡邉 洵太|
|[機能仕様書_S07_スキルマスタメンテ](https://wiki.jbdcl.com/6a6c2cbf9ff03c06b0eec678)|2026/07/31 02:06|渡邉 洵太|
|[機能仕様書_S08_経験マスタメンテ](https://wiki.jbdcl.com/6a6c4b5f9ff03c06b0efb586)|2026/07/31 04:16|藤村 隼太|
|[JBD営業日カレンダー作成画面](https://wiki.jbdcl.com/6a67e7099ff03c06b0e47dd1)|2026/07/28 08:56|木下 凌介|
|[作業履歴](https://wiki.jbdcl.com/6a4ccacb9ff03c06b0c85e03)|2026/07/31 02:30|石井 教観|
|[実行計画について（馬見）](https://wiki.jbdcl.com/6a65d6839ff03c06b0e2a1ec)|2026/08/01 06:32|馬見 海人|
|[200_年間予定](https://wiki.jbdcl.com/69fd93d99ff03c06b0639ff3)|2026/07/31 05:52|二瓶 容一|
|[202607](https://wiki.jbdcl.com/6a6be9609ff03c06b0ecd803)|2026/07/31 06:38|大和田 啓吾|
|[2026年08月(齊藤)](https://wiki.jbdcl.com/6a46f1ca9ff03c06b0c09b2a)|2026/07/29 05:21|青山 謙二|
|[910_ClaudeCode](https://wiki.jbdcl.com/6a6992df9ff03c06b0e84dde)|2026/07/29 02:42|石川 享平|
|[10_勉強資料](https://wiki.jbdcl.com/6a69c0a99ff03c06b0e94b7d)|2026/07/29 05:58|永井 利樹|
|[20_活動内容](https://wiki.jbdcl.com/6a69c0e19ff03c06b0e94d1f)|2026/07/29 05:59|永井 利樹|
|[0_テンプレート](https://wiki.jbdcl.com/6a69c0fc9ff03c06b0e94e2d)|2026/07/29 05:59|永井 利樹|
|[2026-07-28](https://wiki.jbdcl.com/6a69c1119ff03c06b0e95149)|2026/07/29 06:00|永井 利樹|
|[2026-07-29](https://wiki.jbdcl.com/6a69c14d9ff03c06b0e956c2)|2026/07/29 06:01|永井 利樹|
|[よくつかうSQL(社内)](https://wiki.jbdcl.com/6a6aecf09ff03c06b0eb6368)|2026/07/30 03:44|米田 桜|
|[09_保守対応調査メモ](https://wiki.jbdcl.com/6a61ff389ff03c06b0df5bf9)|2026/07/30 09:31|惣司 さくら|
|[02_水道窓口での導入例](https://wiki.jbdcl.com/6a61ffa69ff03c06b0df5ecf)|2026/07/30 09:24|惣司 さくら|
|[03_導入方法](https://wiki.jbdcl.com/6a61ffb39ff03c06b0df5f12)|2026/07/30 09:28|惣司 さくら|
|[04_導入後問い合わせ](https://wiki.jbdcl.com/6a61ffe99ff03c06b0df6172)|2026/07/30 09:24|惣司 さくら|
|[05_問い合わせ対応案](https://wiki.jbdcl.com/6a6200259ff03c06b0df62a3)|2026/07/30 09:24|惣司 さくら|
|[2Z21_payroll(旧システム)](https://wiki.jbdcl.com/67f5d83f9ff03c06b00a4b86)|2026/07/30 11:09|松本 隼弥|
|[e-payOne](https://wiki.jbdcl.com/6a6aaf259ff03c06b0ea9511)|2026/07/30 11:23|松本 隼弥|
|[ローカル開発環境](https://wiki.jbdcl.com/6a6ab08f9ff03c06b0ea9ba4)|2026/07/30 11:22|松本 隼弥|
|[01_企画・要求分析](https://wiki.jbdcl.com/69dc59659ff03c06b04bb0d8)|2026/07/30 12:11|今井 達也|
|[プロジェクト計画書](https://wiki.jbdcl.com/6a69e8639ff03c06b0e9c3bc)|2026/07/31 07:10|本間 武夫|
|[04_SE作業工程の検討](https://wiki.jbdcl.com/6a6000b29ff03c06b0dbaeac)|2026/07/28 09:01|今井 達也|
|[06_Kiro機能の役割・配置判断ガイド](https://wiki.jbdcl.com/6a67f2b39ff03c06b0e4aeba)|2026/07/28 09:07|今井 達也|
|[07_業務システム向けUIデザイン標準化に関する調査・方針検討](https://wiki.jbdcl.com/6a6bed439ff03c06b0ecf15a)|2026/07/31 09:33|今井 達也|
|[全体責任者](https://wiki.jbdcl.com/6a6afcaa9ff03c06b0ebb9ed)|2026/07/31 10:15|金澤 誠之|
|[顧客](https://wiki.jbdcl.com/6a6b0e879ff03c06b0ec2f40)|2026/07/31 02:23|金澤 誠之|
|[X00_役割担当](https://wiki.jbdcl.com/6a1fac1a9ff03c06b08265fb)|2026/07/31 05:02|砂盃 梨乃|
|[20260731　企画・要求分析](https://wiki.jbdcl.com/6a4c9f8f9ff03c06b0c7cbac)|2026/07/31 04:31|田渕 達也|
|[00_教材](https://wiki.jbdcl.com/6a0ed2b69ff03c06b071a8fd)|2026/07/30 08:46|高橋 宗督|
|[債券のイベント　利金(1)](https://wiki.jbdcl.com/6a27adf09ff03c06b090f615)|2026/07/27 11:11|吉本 良一|
|[03_償還(2) －全額償還－](https://wiki.jbdcl.com/6a33c1029ff03c06b0a674d9)|2026/07/31 04:51|田口 優雅|
|[70_参考書籍](https://wiki.jbdcl.com/6a2780a69ff03c06b08fe525)|2026/07/31 05:20|大和田 啓吾|
|[02_20260603_内部検討会](https://wiki.jbdcl.com/6a2673719ff03c06b08d8037)|2026/07/30 08:52|高橋 宗督|
|[20260713_環境のバージョンアップ](https://wiki.jbdcl.com/6a5572299ff03c06b0cfe253)|2026/07/30 04:24|金澤 誠之|
|[010_各製品のバージョン整理](https://wiki.jbdcl.com/6a630cd39ff03c06b0e14b03)|2026/07/30 04:24|金澤 誠之|
|[011_Node-RED 冨澤](https://wiki.jbdcl.com/6a6982989ff03c06b0e7da86)|2026/07/29 01:40|冨澤 裕喜|
|[012_Redmine 金澤](https://wiki.jbdcl.com/6a6982ad9ff03c06b0e7db5e)|2026/07/29 01:39|金澤 誠之|
|[013_GitLAB 田渕](https://wiki.jbdcl.com/6a6982d49ff03c06b0e7ddce)|2026/07/30 02:20|田渕 達也|
|[014_nextcloud 澤永](https://wiki.jbdcl.com/6a6982eb9ff03c06b0e7e023)|2026/07/30 05:43|澤永 直毅|
|[015_canvas 花田](https://wiki.jbdcl.com/6a6982f99ff03c06b0e7e2f0)|2026/07/29 01:40|金澤 誠之|
|[016_keycloak  花田With藤枝](https://wiki.jbdcl.com/6a6983069ff03c06b0e7e478)|2026/07/29 01:40|金澤 誠之|
|[020_導入方針検討](https://wiki.jbdcl.com/6a697f7e9ff03c06b0e7a3a3)|2026/07/29 05:37|堀 太掌|
|[20260819_OSとDB](https://wiki.jbdcl.com/6a6985679ff03c06b0e80f6d)|2026/07/29 02:47|冨澤 裕喜|
|[JBD基盤チャットボット利用状況](https://wiki.jbdcl.com/68a54d229ff03c06b0fb39ce)|2026/08/02 05:30|田渕 達也|
|[NEWS](https://wiki.jbdcl.com/6a69b7809ff03c06b0e8f708)|2026/07/29 05:19|久保 美也子|
|[Sidebar](https://wiki.jbdcl.com/653f257d28cf0e07df4c7174)|2026/07/30 03:39|米田 桜|
|[ランキングページ](https://wiki.jbdcl.com/63a10a4eb5e7e15fd789a29d)|2026/08/02 02:00|田渕 達也|
"
0,mattermost,"
## JBDナレッジの更新情報 :pencil: 

* 下記のページが１週間以内に更新されています。



　

|ページ|更新日|更新者|
|-|-|
|[製品版ウイルスバスター未実施者リスト](https://wiki.jbdcl.com/68fb1ec39ff03c06b087c18a)|2026/08/09 02:20|田渕 達也|
|[Office2016導入PC](https://wiki.jbdcl.com/65546c2028cf0e07df594ccf)|2026/08/10 01:10|田渕 達也|
|[パスワード変更_未実施者](https://wiki.jbdcl.com/66e90c1b9ff03c06b0fc3a74)|2026/08/09 02:10|田渕 達也|
|[1231_受講者状況](https://wiki.jbdcl.com/63e0960d922bc9d167bd84bb)|2026/08/09 02:50|田渕 達也|
|[10.棚卸未実施一覧](https://wiki.jbdcl.com/655c272828cf0e07df5e3b75)|2026/08/10 01:30|田渕 達也|
|[11.棚卸管理シール貼付け未実施一覧](https://wiki.jbdcl.com/66976f629ff03c06b09395f5)|2026/08/09 01:40|田渕 達也|
|[1260_開発サーバー](https://wiki.jbdcl.com/66c6abb29ff03c06b0d2df54)|2026/08/09 01:50|田渕 達也|
|[Windows10PC一覧](https://wiki.jbdcl.com/6556ba1528cf0e07df5aec55)|2026/08/10 01:20|田渕 達也|
|[01_セキュリティソフトの移行状況_未実施一覧](https://wiki.jbdcl.com/696f6ee89ff03c06b0f03e1d)|2026/08/09 02:30|田渕 達也|
|[130-3.[CSA]過去問Excelシートの問題修正・追加方法](https://wiki.jbdcl.com/6a702f209ff03c06b0f31a84)|2026/08/03 04:44|小野田 裕輝|
|[02.UiPathの始め方（準備編）](https://wiki.jbdcl.com/66695d129ff03c06b058f65f)|2026/08/06 04:07|高木 靖之|
|[03.UiPathの始め方（学習編）](https://wiki.jbdcl.com/66695d2c9ff03c06b058f78b)|2026/08/06 04:08|高木 靖之|
|[3-16_v-ifによる条件付きレンダリング](https://wiki.jbdcl.com/6a1941d49ff03c06b07be304)|2026/08/03 09:16|隈部 摩耶|
|[改修の進め方](https://wiki.jbdcl.com/6a6980399ff03c06b0e7a919)|2026/08/03 05:18|石川 享平|
|[要件定義作成_スキルマスタメンテ](https://wiki.jbdcl.com/6a67f94f9ff03c06b0e4d2f8)|2026/08/07 05:58|渡邉 洵太|
|[要件定義作成_経験マスタメンテ](https://wiki.jbdcl.com/6a6c1de19ff03c06b0ee3ee4)|2026/08/05 05:40|藤村 隼太|
|[要求定義作成_資格マスタメンテ](https://wiki.jbdcl.com/6a69b7869ff03c06b0e8f751)|2026/08/07 04:48|石川 享平|
|[進捗表](https://wiki.jbdcl.com/6a74383c9ff03c06b0fcd705)|2026/08/07 05:13|渡邉 洵太|
|[画面設計書_S07_スキルマスタメンテ](https://wiki.jbdcl.com/6a6bfaee9ff03c06b0ed6971)|2026/08/07 05:58|渡邉 洵太|
|[画面設計書_S08_経験マスタメンテ](https://wiki.jbdcl.com/6a6c1f959ff03c06b0ee549f)|2026/08/05 05:36|藤村 隼太|
|[画面設計書_S09_資格マスタメンテ](https://wiki.jbdcl.com/6a6c1dbf9ff03c06b0ee3cae)|2026/08/07 07:05|石川 享平|
|[22_メッセージ定義一覧](https://wiki.jbdcl.com/6886fd5f9ff03c06b0c9a9eb)|2026/08/07 12:00|石川 享平|
|[30_詳細設計](https://wiki.jbdcl.com/6a703a119ff03c06b0f36dc7)|2026/08/03 03:49|石川 享平|
|[API単体テストケース](https://wiki.jbdcl.com/6a71aae39ff03c06b0f7586f)|2026/08/04 06:03|石川 享平|
|[API単体テストケース_SJ08_経験マスタメンテ](https://wiki.jbdcl.com/6a72f2279ff03c06b0fa6629)|2026/08/06 10:50|藤村 隼太|
|[API単体テストケース_SJ09__資格マスタメンテ](https://wiki.jbdcl.com/6a71acca9ff03c06b0f75fff)|2026/08/07 05:26|石川 享平|
|[画面単体テストケース仕様](https://wiki.jbdcl.com/6a703a1e9ff03c06b0f36e6c)|2026/08/03 03:50|石川 享平|
|[単体テストケース_SJ07_スキルマスタメンテ](https://wiki.jbdcl.com/6a7058409ff03c06b0f46464)|2026/08/07 05:58|渡邉 洵太|
|[単体テストケース_SJ08_経験マスタメンテ](https://wiki.jbdcl.com/6a7046389ff03c06b0f3e186)|2026/08/06 10:53|藤村 隼太|
|[単体テストケース_SJ09_資格マスタメンテ](https://wiki.jbdcl.com/6a7045439ff03c06b0f3d79d)|2026/08/07 05:25|石川 享平|
|[月別水消化量登録_運用手順書](https://wiki.jbdcl.com/6a73f3919ff03c06b0fbc663)|2026/08/06 05:33|淺野間 龍児|
|[20260720-0726のAI最新情報](https://wiki.jbdcl.com/6a6697a89ff03c06b0e2cfaa)|2026/08/03 11:45|石井 教観|
|[20260727-0802のAI最新情報](https://wiki.jbdcl.com/6a7005119ff03c06b0f27459)|2026/08/04 11:40|石井 教観|
|[作業履歴](https://wiki.jbdcl.com/6a4ccacb9ff03c06b0c85e03)|2026/08/03 03:56|石井 教観|
|[事業部会議](https://wiki.jbdcl.com/69ce5afb9ff03c06b03ed8a6)|2026/08/06 03:56|大江 希|
|[2026年08月](https://wiki.jbdcl.com/6a7152059ff03c06b0f58d70)|2026/08/06 05:30|相馬 翔太|
|[実行計画について（馬見）](https://wiki.jbdcl.com/6a65d6839ff03c06b0e2a1ec)|2026/08/06 03:48|馬見 海人|
|[200_年間予定](https://wiki.jbdcl.com/69fd93d99ff03c06b0639ff3)|2026/08/07 10:22|藤池 拓三|
|[2026年11月(武田)_laravel](https://wiki.jbdcl.com/6a18ec269ff03c06b07a3ece)|2026/08/03 10:20|武田 昇馬|
|[2026年08月(齊藤)](https://wiki.jbdcl.com/6a46f1ca9ff03c06b0c09b2a)|2026/08/07 05:07|齊藤 大希|
|[7月](https://wiki.jbdcl.com/6863cb3e9ff03c06b07882fb)|2026/08/06 04:14|富田 吉紀|
|[オリコ様_倉持](https://wiki.jbdcl.com/6a06bcd19ff03c06b06b6698)|2026/08/07 03:01|倉持 優人|
|[2026-08-03](https://wiki.jbdcl.com/6a7012519ff03c06b0f27cf8)|2026/08/03 02:33|石川 享平|
|[02_CICD](https://wiki.jbdcl.com/6a7549c99ff03c06b0fe928f)|2026/08/07 12:00|松本 隼弥|
|[06_Kiro機能の役割・配置判断ガイド](https://wiki.jbdcl.com/6a67f2b39ff03c06b0e4aeba)|2026/08/03 09:54|田渕 達也|
|[07_業務システム向けUIデザイン標準化に関する調査・方針検討](https://wiki.jbdcl.com/6a6bed439ff03c06b0ecf15a)|2026/08/03 09:54|田渕 達也|
|[09_要求事項](https://wiki.jbdcl.com/6a7175dc9ff03c06b0f636ad)|2026/08/04 03:47|金澤 誠之|
|[20260731　企画・要求分析](https://wiki.jbdcl.com/6a4c9f8f9ff03c06b0c7cbac)|2026/08/04 10:46|藤本 正貫|
|[02_利金](https://wiki.jbdcl.com/6a0ed3fa9ff03c06b071b54a)|2026/08/07 12:11|松枝 愛佳|
|[03_償還(2) －全額償還－](https://wiki.jbdcl.com/6a33c1029ff03c06b0a674d9)|2026/08/03 05:22|田口 優雅|
|[50_第三開発本部内勉強会](https://wiki.jbdcl.com/6a27bd549ff03c06b091bce0)|2026/08/05 06:20|大和田 啓吾|
|[70_参考書籍](https://wiki.jbdcl.com/6a2780a69ff03c06b08fe525)|2026/08/07 06:06|大和田 啓吾|
|[リスク洗い出し](https://wiki.jbdcl.com/6a7579459ff03c06b0ff7c26)|2026/08/07 04:45|矢野 誠|
|[000_Dockerのバージョンアップについて](https://wiki.jbdcl.com/6a7540d29ff03c06b0fe3dac)|2026/08/07 06:46|澤永 直毅|
|[011_Node-RED 冨澤](https://wiki.jbdcl.com/6a6982989ff03c06b0e7da86)|2026/08/05 06:33|冨澤 裕喜|
|[012_Redmine 金澤](https://wiki.jbdcl.com/6a6982ad9ff03c06b0e7db5e)|2026/08/03 03:33|金澤 誠之|
|[014_nextcloud 澤永](https://wiki.jbdcl.com/6a6fde7a9ff03c06b0f1ad08)|2026/08/06 01:08|澤永 直毅|
|[016_keycloak  花田With藤枝](https://wiki.jbdcl.com/6a6983069ff03c06b0e7e478)|2026/08/07 06:37|澤永 直毅|
|[020_導入方針検討](https://wiki.jbdcl.com/6a697f7e9ff03c06b0e7a3a3)|2026/08/07 03:10|堀 太掌|
|[3C分析・SPIN話法の手法＊編集中＊](https://wiki.jbdcl.com/6a38e3f09ff03c06b0aa1b8b)|2026/08/07 11:20|武長 美樹|
|[Thunderbirdの英文メールをChatGPTで翻訳する](https://wiki.jbdcl.com/67ee74239ff03c06b0046c36)|2026/08/04 01:45|馬場 健司|
|[JBD基盤チャットボット利用状況](https://wiki.jbdcl.com/68a54d229ff03c06b0fb39ce)|2026/08/09 05:30|田渕 達也|
|[ランキングページ](https://wiki.jbdcl.com/63a10a4eb5e7e15fd789a29d)|2026/08/09 02:00|田渕 達也|
"
1,m-kubo,"### 2026年度GroupSession安否確認訓練実施のお知らせ

お疲れ様です。経営管理本部の久保です。

標記の件につきまして、本年度もGroupSessionの安否確認訓練を実施いたしますので連絡させて頂きます。
詳細は以下をご確認ください。
GroupSession掲示板にも同メッセージを掲示しております。
```
【目的】
　・有事の際に、安否確認システムを通じて社員全員の生存確認と状況を把握するため
　・訓練を行うことで、いざという時に対応方法が分からない、正しく安否確認システムが機能しなかった、といった事態を避けるため
　・現在登録されている緊急連絡先が有効であるかを確認するため

【訓練内容】
　 安否確認メールを受信後、速やかに自身の現況をGroupSessionにログインし返信する

【実施日時】
　2026年9月1日(火)
　　12:00　経営管理本部よりGroupSessionの安否確認メールを一斉送信
　　12:30　未返信の方に対し、再度安否確認メールを送信
　　14:00　安否確認訓練終了

【お願い】
※緊急連絡先に、現在ご登録いただいているメールアドレス及び電話番号が正しく登録されているかご確認ください。
※緊急連絡先が変わってしまっている、または未登録の方に関しましては、速やかにGroupSessionに緊急連絡先を登録してください。
　安否確認機能の詳細、緊急連絡先の登録・変更方法につきましては、GroupSession掲示板の添付資料の「GroupSession安否確認（訓練）マニュアル_1.2版.pdf」をご確認ください。
※安否の回答については、緊急連絡先に設定・ご登録いただいているメールアドレスに送信されるURLからご回答ください。
　(近年、「回答したが登録出来ていない」ということが稀に発生しております。登録されているか登録後ご確認ください。)
```
実際の有事の際の、迅速な確認・連絡のための訓練となっておりますので、
業務時間中ではございますが皆様のご理解ご協力のほど、よろしくお願い申し上げます。"
0,mattermost,"
## JBDナレッジの更新情報 :pencil: 

* 下記のページが１週間以内に更新されています。



　

|ページ|更新日|更新者|
|-|-|
|[製品版ウイルスバスター未実施者リスト](https://wiki.jbdcl.com/68fb1ec39ff03c06b087c18a)|2026/08/16 02:20|田渕 達也|
|[Office2016導入PC](https://wiki.jbdcl.com/65546c2028cf0e07df594ccf)|2026/08/17 01:10|田渕 達也|
|[パスワード変更_未実施者](https://wiki.jbdcl.com/66e90c1b9ff03c06b0fc3a74)|2026/08/16 02:10|田渕 達也|
|[1231_受講者状況](https://wiki.jbdcl.com/63e0960d922bc9d167bd84bb)|2026/08/16 02:50|田渕 達也|
|[10.棚卸未実施一覧](https://wiki.jbdcl.com/655c272828cf0e07df5e3b75)|2026/08/17 01:30|田渕 達也|
|[11.棚卸管理シール貼付け未実施一覧](https://wiki.jbdcl.com/66976f629ff03c06b09395f5)|2026/08/16 01:40|田渕 達也|
|[1260_開発サーバー](https://wiki.jbdcl.com/66c6abb29ff03c06b0d2df54)|2026/08/16 01:50|田渕 達也|
|[Windows10PC一覧](https://wiki.jbdcl.com/6556ba1528cf0e07df5aec55)|2026/08/17 01:20|田渕 達也|
|[01_セキュリティソフトの移行状況_未実施一覧](https://wiki.jbdcl.com/696f6ee89ff03c06b0f03e1d)|2026/08/16 02:30|田渕 達也|
|[postgres_fdw](https://wiki.jbdcl.com/6a61521f9ff03c06b0de38b5)|2026/08/14 04:30|塩田 祥久|
|[要件定義作成_スキルマスタメンテ](https://wiki.jbdcl.com/6a67f94f9ff03c06b0e4d2f8)|2026/08/10 05:37|石川 享平|
|[要件定義作成_マスタメニュー](https://wiki.jbdcl.com/6a798d919ff03c06b0019f30)|2026/08/10 05:37|石川 享平|
|[画面設計書_S09_資格マスタメンテ](https://wiki.jbdcl.com/6a6c1dbf9ff03c06b0ee3cae)|2026/08/10 05:44|石川 享平|
|[画面設計書_S10_マスタメニュー](https://wiki.jbdcl.com/6a798e049ff03c06b001a2e8)|2026/08/10 05:39|石川 享平|
|[単体テストケース_SJ10](https://wiki.jbdcl.com/6a798e769ff03c06b001a672)|2026/08/10 05:40|石川 享平|
|[08](https://wiki.jbdcl.com/6a7d7d319ff03c06b0048b40)|2026/08/13 05:18|砂盃 梨乃|
|[ウォーターサーバー注文量予測アプリ_運用手順書](https://wiki.jbdcl.com/6a7d51af9ff03c06b00391f6)|2026/08/14 06:12|淺野間 龍児|
|[月別水消化量登録_運用手順書](https://wiki.jbdcl.com/6a73f3919ff03c06b0fbc663)|2026/08/14 06:14|淺野間 龍児|
|[20260803-0809のAI最新情報](https://wiki.jbdcl.com/6a7bb22d9ff03c06b0020166)|2026/08/12 08:46|石井 教観|
|[200_年間予定](https://wiki.jbdcl.com/69fd93d99ff03c06b0639ff3)|2026/08/16 08:51|菅原 綾河|
|[20260828_SSH接続とは](https://wiki.jbdcl.com/6a7976639ff03c06b00186e9)|2026/08/10 03:57|加藤 孝哉|
|[02_CICD](https://wiki.jbdcl.com/6a7549c99ff03c06b0fe928f)|2026/08/14 05:43|松本 隼弥|
|[20260820　要望ヒアリング](https://wiki.jbdcl.com/6a7ee0f69ff03c06b007c504)|2026/08/14 06:33|砂盃 梨乃|
|[プロジェクト計画書](https://wiki.jbdcl.com/6a69e8639ff03c06b0e9c3bc)|2026/08/14 01:16|本間 武夫|
|[07_会計(1) － 会計の基礎](https://wiki.jbdcl.com/6a27a6b89ff03c06b0908ebd)|2026/08/14 11:35|長谷川 康昭|
|[07_会計(2) － 会計の基礎](https://wiki.jbdcl.com/6a27a6f69ff03c06b09091aa)|2026/08/14 11:37|長谷川 康昭|
|[07_会計(8) － 会計の基礎 のまとめ](https://wiki.jbdcl.com/6a27a73d9ff03c06b09095a6)|2026/08/14 11:48|長谷川 康昭|
|[08_決算](https://wiki.jbdcl.com/6a0ed4409ff03c06b071ba40)|2026/08/14 04:50|安藤 淳|
|[08_決算(1) － 決算の基礎](https://wiki.jbdcl.com/6a7d6a109ff03c06b0041c8e)|2026/08/13 06:37|安藤 淳|
|[08_決算(2) － 決算の基礎](https://wiki.jbdcl.com/6a7d6a419ff03c06b0041d83)|2026/08/14 04:51|安藤 淳|
|[08_決算(3) － 決算の基礎](https://wiki.jbdcl.com/6a7d6c939ff03c06b0043439)|2026/08/14 04:57|安藤 淳|
|[08_決算(4) － 決算の基礎](https://wiki.jbdcl.com/6a7d6c9a9ff03c06b0043483)|2026/08/14 04:59|安藤 淳|
|[08_決算(5) － 時価評価](https://wiki.jbdcl.com/6a7d6ca09ff03c06b00434c8)|2026/08/14 04:59|安藤 淳|
|[08_決算(6) － 償却原価法](https://wiki.jbdcl.com/6a7d6cac9ff03c06b004350d)|2026/08/14 05:00|安藤 淳|
|[08_決算(7) － 償却原価法](https://wiki.jbdcl.com/6a7d6cb39ff03c06b0043553)|2026/08/14 05:01|安藤 淳|
|[08_決算(8) － 償却原価法](https://wiki.jbdcl.com/6a7d6cb99ff03c06b0043598)|2026/08/14 05:02|安藤 淳|
|[08_決算(9) － その他](https://wiki.jbdcl.com/6a7eb8db9ff03c06b006ddc0)|2026/08/14 05:02|安藤 淳|
|[08_決算－ まとめ](https://wiki.jbdcl.com/6a7ec4639ff03c06b0071395)|2026/08/14 05:03|安藤 淳|
|[リスク洗い出し](https://wiki.jbdcl.com/6a7579459ff03c06b0ff7c26)|2026/08/12 04:50|矢野 誠|
|[000_サービス間の関係](https://wiki.jbdcl.com/6a57020e9ff03c06b0d35633)|2026/08/14 09:56|堀 太掌|
|[000_Dockerのバージョンアップについて](https://wiki.jbdcl.com/6a7540d29ff03c06b0fe3dac)|2026/08/14 06:10|澤永 直毅|
|[012_Redmine 金澤](https://wiki.jbdcl.com/6a6982ad9ff03c06b0e7db5e)|2026/08/10 11:00|花田 亮太|
|[013_GitLAB 田渕](https://wiki.jbdcl.com/6a6982d49ff03c06b0e7ddce)|2026/08/13 06:02|田渕 達也|
|[014_nextcloud 澤永](https://wiki.jbdcl.com/6a6fde7a9ff03c06b0f1ad08)|2026/08/13 06:13|澤永 直毅|
|[015_canvas 花田](https://wiki.jbdcl.com/6a6982f99ff03c06b0e7e2f0)|2026/08/10 10:56|花田 亮太|
|[016_keycloak  花田With藤枝](https://wiki.jbdcl.com/6a6983069ff03c06b0e7e478)|2026/08/13 06:10|澤永 直毅|
|[017_Mattermost 田渕](https://wiki.jbdcl.com/6a7d475f9ff03c06b00368da)|2026/08/13 01:49|田渕 達也|
|[020_導入方針検討](https://wiki.jbdcl.com/6a697f7e9ff03c06b0e7a3a3)|2026/08/14 05:55|堀 太掌|
|[20260819_サービスのバージョンアップ](https://wiki.jbdcl.com/6a6985679ff03c06b0e80f6d)|2026/08/13 01:52|田渕 達也|
|[JBD基盤チャットボット利用状況](https://wiki.jbdcl.com/68a54d229ff03c06b0fb39ce)|2026/08/16 05:30|田渕 達也|
|[ランキングページ](https://wiki.jbdcl.com/63a10a4eb5e7e15fd789a29d)|2026/08/16 02:00|田渕 達也|
"
1,morita,"## 利用したサイトでの情報漏洩に関して

掲題の件ですが、忘年会の景品購入で利用したECサイトで情報漏洩が発生したとの連絡がありました。
内容は、以下の通りです。

* [不正アクセスによる個人情報漏えいに関するお詫びとお知らせについて | ＥＣサイト構築・ネット通販総合支援の【Ｅストアー】](https://estore.jp/press/20260801/)
* [不正アクセスによる個人情報漏えいに関するお知らせ（第2報） | ＥＣサイト構築・ネット通販総合支援の【Ｅストアー】](https://estore.jp/press/20260802/)
* [【重要】サーバーへの不正アクセスによる個人情報漏えいの可能性に関するお知らせとお詫び 景品選びの専門店｜景品パーク](https://www.keihin-park.com/hpgen/HPB/entries/18253.html)

漏洩した情報は以下となります。
```
・利用者のメールアドレス
・高田馬場事業所の住所及び電話番号（景品発送先）
```

当該事業所宛への迷惑電話等が考えられますので、ご留意いただきますようお願いいたします。
あわせて、当該事業所以外でも上記サイトを利用されている場合、連絡先が漏洩していると思われますので
ご留意いただきますようお願いいたします。

"
1,morita,"
@channel 

### メールサービス メンテナンス実施に関して

サービス提供会社より下記の通りメンテナンスを実施するとの連絡がありました。

___

1.  実施日時
　2025年1月16日(木)AM1:00～AM3:00

1. 対象ドメイン
　jbd.co.jp
　x1.jbd.co.jp
　x2.jbd.co.jp

1. 作業内容
　システムメンテナンス作業
　
1. 影響範囲
　該当時間帯にメールサービスがご利用いただけない時間がございます。
　※本メンテナンス中、メールのロストはございません。

___

ご迷惑をおかけしますが、よろしくお願いいたします。"
1,r-isahai,"
@channel 
各位

お疲れ様です。AIビジネス砂盃です。
現在、AIビジネスではJBD社内開発プロセスを中心に、AIを用いた業務効率化システム・ツールの検討・開発を進めています。

---
#### JBDNEWSに、AIツールの紹介記事を掲載いたしました
2025年1月号のJBDNEWSに、AIビジネスにて取り組み中のAIを用いた生産性向上について紹介記事を掲載いたしました。
お手元に届きましたら是非、8～9ページの記事もご覧ください。
よろしくお願いいたします。

あわせて、[AI利活用ツールチャンネル](https://chat.jbdcl.com/all/channels/aitools)への参加も引き続き、歓迎しております。
AI利活用ツールチャンネルでは以下のようなことを行っています。
- AIビジネス事業部で作成したツールの紹介
- 各ツールのアップデート情報の告知
- チャンネル参加者からの意見や相談のヒアリング

**チャンネルへ未参加の方は、ぜひアクセス・参加をお願いいたします。**
※スマートフォンの方は、JBDNEWSに掲載の二次元バーコードからアクセスできます。"
1,y-tomizawa,"@channel 
## スマホアプリのMattermostにて、/kinmuが正常表示できない件について

* 2025年1月16日にMattermostモバイルアプリのバージョン2.24.0がリリースされました。
* /kinmuの表示が正常に表示できるようになりましたので、減らした項目を元に戻しました。
* ご不便をおかけして申し訳ございませんでした。"
1,morita,"@channel 

### 【重要】TeamViewerの脆弱性

掲題の件、以下の通り脆弱性が確認されております。

https://forest.watch.impress.co.jp/docs/news/1658548.html

お手数をおかけしますが、各自アップデートをお願いします。
※バージョンの確認より、アップデートが実施できます。

以上 よろしくお願いいたします。"
1,morita,"@channel 

## 【重要】ウィルスバスターWin11 24H2 対応

**本日、対応コンポーネントの提供が始まりました。
サーバへの適応が完了しましたので、随時クライアントへの配信及び適応が実施されます。
本対応に伴うPCの再起動は発生いたしません。
適応後のバージョンは以下の通りです。
```14.0.13150```
**

あわせて、Windows11 24H2 へのアップデートですが、来週末をめどにポリシーでのロックを解除する予定です。

以上 お手数をおかけしますが、よろしくお願いいたします。"
1,mattermost,"
@channel 
## 棚卸・管理シール貼付け確認完了
* 棚卸・管理シール貼付け確認の締切日になりました。
* ご協力ありがとうございました。

## 未実施者について
* 未実施者につきましては、PCの返却をお願い致します。。
* 対象者は[WIKI](https://wiki.jbdcl.com/655c272828cf0e07df5e3b75)に記載しておりますので、確認をお願い致します。
"
1,morita,"@channel 

## 【重要】Windows 11 24H2 対応

**  本日グループポリシーによるロックを解除しました。
次回ログイン時以降、当該バージョンへのアップデートが可能となります。
アップデート後のビルド番号は以下の通りです。
```26100```
**

**24H2 への アップデートは、ウィルスバスターのアップデート後の実施をお願いします。**

以上 お手数をおかけしますが、よろしくお願いいたします。"
0,r-koyama,"| ジョブ名 | 実行ステータス | 開始時間(ローカル) | 終了時間(ローカル) | 実行時間 |
| --- | --- | --- | --- | --- |
| randevu-prd-general-remote-can-rob-EB03 | 成功 | 02/09/2025 08:45:05 | 02/09/2025 08:49:50 | 5分間 |
| randevu-prd-general-remote-can-rob-EB03 | 成功 | 02/09/2025 07:41:52 |   02/09/2025 07:45:46   | 4分間 |
| ・・・ | ・・・ | ・・・ | ・・・ | ・・・ |
"
1,yano,"@channel 
各位

お疲れ様です。
矢野です。

GoldStone採算でレスポンスが悪化し、システムエラーが表示される状況が発生しています。

　＃ログインはできるものの、各メニューボタンをクリックした際に遷移しない状況です。

現在、状況を確認中です。
また、今後、緊急のサービス停止を行う可能性がありますので、
しばらくの間、利用を控えていただけると助かります。

ご迷惑をおかけいたしますが、
何卒よろしくくお願いいたします。"
1,mattermost,"@channel 

## JBD内部用Web会議の改定のお知らせ　2025/02/22 15:30から

これまでＪＢＤ内部用のＷｅｂ会議システムは、社内ＶＰＮ接続を行い利用しておりました。
サービス向上のために、AWS委員会で協議し、インターネット公開することにしました。
新サービスの利用は、2025/02/22 15:30から提供します。

### 改善点

* インターネット公開することにより、ＬＤＡＰ認証（ＪＢＤ基盤のＩＤ／ＰＡＳＳ）で利用が可能
* 画面サイズをＦＵＬＬサイズに変更
* 詳細は、[1210_13_jitsiの使い方](https://wiki.jbdcl.com/67b3e7d89ff03c06b0d077d6) 　`作成中` を参照してください。

### 注意点

* 接続先のURLが変わりますので、URLをコピーして実施されている方は、再度URLの発行をお願い致します。
"
0,mattermost,"@channel
## 高田馬場の停電作業開始のお知らせ

* 高田馬場停電作業を開始します。
* 対象機器は、以下のものになります。

　

|機器名|対象有無|
|-|-|
|ドメインコントローラ|○|
|開発サーバ|-|
|プロジェクトフォルダ|-|
|SVN|-|
|VPN接続|-|
|インタネット|○|
|WIFI接続|○|
|プリンタ印刷|○|
|拠点からの接続|○|
|電話|○|
|冷蔵庫|○|
"
0,mattermost,"@channel
## 高田馬場の停電復旧完了のお知らせ

* 高田馬場停電復旧が完了しました。
* 対象機器は、以下のものになります。

　

|機器名|動作確認|
|-|-|
|ドメインコントローラ|:sumi:|
|開発サーバ|-|
|プロジェクトフォルダ|-|
|SVN|-|
|VPN接続|-|
|インタネット|:sumi:|
|WIFI接続|:sumi:|
|プリンタ印刷|:sumi:|
|拠点からの接続|:sumi:|
|電話|:sumi:|
|冷蔵庫|:sumi:|
"
0,mattermost,"@channel 
## JBD内部用Web会議の改定のお知らせ

* 新サービスへの入れ替え完了いたしました。
* 右上のボタンを押下すると新サービスのリンクが払い出されます。
"
1,mattermost,"## JBD内部用Web会議 不具合発生

* JBD内部用Web会議ですが、現在不具合が発生し、サービスが利用できません。
* 現在原因を調査しております。
* 復旧致しましたら再度連絡させていただきます。
* 大変申し訳ございません。"
0,mattermost,"@channel 
## JBD内部用Web会議 不具合解消

* システムの再起動を実施し、サービスが復旧されました。
* 正常にサービスを利用できるとこが確認できました。
* 大変お騒がせ致しました。"
1,a-miyabayashi,"@channel 
ビル管理会社より下記ご案内がありましたのでお知らせいたします。

### 【京橋事業所】

### JR京橋駅NKビルの電源工事による全館停電のご案内（2025年3月2日）

| 項目     | 内容                         |
| -------- | ---------------------------- |
| 停電開始時刻 | 2025年 3月 1日（土） 14:00 |
|停電終了時刻 | 2025年 3月 3日（月） 8:30頃 |
| 作業内容 | 電源工事         |

### 影響の連絡

| 項目                         | 影響有無   |
| ---------------------------- | ---------- |
| 停電拠点のネットワーク接続   | あり       |
| 停電拠点のプリンタ印刷       | あり       |
| VPNの利用                    | なし       |
| プロジェクトフォルダーの利用 | なし       |
| プロジェクトサーバーの利用   | なし       |
| 電話交換機の切断             | あり       |

### 注意事項

| 注意事項                                                                                  　|
| ----------------------------------------------------------------------------------------- |
| 全館停電のため、作業終了までは館内の電気は使用できません。                                　|
| 作業開始前までにパソコン等の電気設備電源をOFFに願います。また、コンセントも抜いてください。 |
| 冷蔵庫も停止してしまいます。溶けるもの腐ってしまうものは回収してください。              　  |
| 停電中はエレベーターの使用はできません。                                                  　|
| 停電中は断水するため、トイレ等の使用はできません。                                        　|
| 停電の際には、在館者へ周知いたします。                                                    　|
| 点検作業が終了次第、復電いたします。                                                        |
| 天候等により延期する事があります。   

**※冷蔵庫内の私物につきまして、停電前に回収をお願いします。**                                           |

復旧作業後、SS近澤事業部長より作業完了の通知をさせていただきます。
ご不明な点等ございましたら経営管理本部 宮林 までお申し付けください。 "
0,m-chikazawa,"@channel 
京橋事業所の停電作業開始のお知らせ
----------------------------------

**・京橋事業所停電作業を開始します。**
**・対象機器は、以下のものになります。**
　

| 機器名         | 対象有無    |
| -------------- | ----------- |
| ドメインコントローラ | ○ |
| 開発サーバ | - |
| プロジェクトフォルダ | - |
| SVN | - |
| VPN接続 | - |
| インタネット | ○ |
| WIFI接続 | ○ |
| プリンタ印刷 | ○ |
| 拠点からの接続 | ○ |
| 電話 | ○ |
| 冷蔵庫 | ○ |

**なお、復旧作業は、３月3日　８：３０頃を予定しております。**"
0,m-chikazawa,"
京橋事業所の停電復旧完了のお知らせ
----------------------------------

**・京橋事業所停電復旧が完了しました。**
**・対象機器は、以下のものになります。**
　

| 機器名         | 対象有無    |
| -------------- | ----------- |
| ドメインコントローラ | :sumi: |
| 開発サーバ | - |
| プロジェクトフォルダ | - |
| SVN | - |
| VPN接続 | - |
| インタネット | :sumi: |
| WIFI接続 | :sumi: |
| プリンタ印刷 | :sumi: |
| 拠点からの接続 | :sumi: |
| 電話 | :sumi: |
| 冷蔵庫 | :sumi: |
"
1,a-miyabayashi,"@channel 
（再投稿）ビル管理会社より下記ご案内がありましたのでお知らせいたします。

### 【大阪本社】

### 高圧受変電設備の精密点検、機器取替作業による全館停電のご案内（2025年4月20日）

| 項目     | 内容                         |
| -------- | ---------------------------- |
| 停電開始時刻 |2025年4月19日 （土) 10:00  |
|停電終了時刻 | 2025年4月20日（日）17:00 |
| 作業内容 | 高圧受変電設備の精密点検、機器取替作業     |

### 影響の連絡

| 項目                         | 影響有無   |
| ---------------------------- | ---------- |
| 停電拠点のネットワーク接続   | あり       |
| 停電拠点のプリンタ印刷       | あり       |
| VPNの利用                    | あり       |
| プロジェクトフォルダーの利用 | なし       |
| プロジェクトサーバーの利用   | あり       |
| 電話交換機の切断             | あり       |
| ファイルサーバの利用         | あり       |
| webs.jbd.jp 経由のアクセス   | あり       |
| JBD meet                     | あり       |
| Zaion、X-Point               | あり       |

* プロジェクトサーバーの利用が影響ありの場合
  * 各プロジェクトの管理者が停電日までにプロジェクトサーバーの電源を切ってください。
  * プロジェクトサーバーの電源が切られていない場合は、復旧作業時に復旧いたしません。

### 注意事項

| 注意事項                                                                                  　|
| ----------------------------------------------------------------------------------------- |
| 全館停電のため、作業終了までは館内の電気は使用できません。                                　|
| 作業開始前までにパソコン等の電気設備電源をOFFに願います。また、コンセントも抜いてください。 |
| 冷蔵庫も停止してしまいます。溶けるもの腐ってしまうものは回収してください。              　  |
| 停電中はエレベーターの使用はできません。                                                  　|
| 停電中は断水するため、トイレ等の使用はできません。                                        　|
| 停電の際には、在館者へ周知いたします。                                                    　|
| 点検作業が終了次第、復電いたします。                                                        |
| 天候等により延期する事があります。   

**※冷蔵庫内の私物につきまして、停電前に回収をお願いします。**                                           |

復旧作業後、大阪経管/森田さんより作業完了の通知をさせていただきます。
ご不明な点等ございましたら大阪経管/森田さん までお申し付けください。 "
1,mattermost,"@channel 

### 会議室の備品持ち出しについて

* 会議室に設置しているスピーカーなどを持ち出されているケースが散見されます。
* 会議室の設備を持ち出さないでください。
* 大阪本社および五反田では、お客様訪問時に持参することとの相談があり、別途購入を行い、GroupSessionの施設予約で貸出をするようにしております。
* お客様訪問などで必要な拠点については、事業部長経由で相談頂ければ、購入を検討します。
"
1,r-isahai,"@channel 
各位

お疲れ様です。AIビジネス事業部の砂盃です。
現在、AIビジネス事業部ではJBD社内開発プロセスを中心に、AIを用いた業務効率化システム・ツールの検討・開発を進めています。

---
#### 会議音声から文字起こしするツールをリリースしました
音声・動画ファイルをアップロードし、文字起こしを行うツールをリリースいたしました。
JBD社員は社内基盤のアカウントと連携し、すでに利用可能となっております。
  
アクセス方法・利用方法はAI利活用ツールチャンネルから、ご確認お願いいたします。
- [caitayo（旧：音声文字起こしツール）リリース情報 v1.0.0](https://chat.jbdcl.com/all/pl/p4gd55kjgtfj3d5qxifxpd8zde)  

また、AIビジネスで開発中の他のツールの紹介や、今回リリースしたcaitayoのアップデート情報なども、
[AI利活用ツールチャンネル](https://chat.jbdcl.com/all/channels/aitools)で実施していきます。

**チャンネルへ未参加の方は、ぜひアクセス・参加をお願いいたします。**"
1,morita,"@channel 

お疲れ様です。

#### Office 2016 のアップデートに関して

以下の通り、Office 2016 で不具合が確認されております。
アップデートがまだの方はご注意ください。

[Excel 2016 が強制終了してしまう ](https://answers.microsoft.com/ja-jp/msoffice/forum/all/excel-2016/226d931d-5e8e-4b3d-99d7-4c976a86bb94)

"
0,morita,"@channel 

修正されました。

[2025 年 4 月 10 日、Office 2016 の更新プログラム (KB5002623) - Microsoft サポート](https://support.microsoft.com/ja-jp/topic/2025-%E5%B9%B4-4-%E6%9C%88-10-%E6%97%A5-office-2016-%E3%81%AE%E6%9B%B4%E6%96%B0%E3%83%97%E3%83%AD%E3%82%B0%E3%83%A9%E3%83%A0-kb5002623-d60c1f31-bb7c-4426-b8f4-69186d7fc1e5 ""support.microsoft.com"")

『この更新プログラムは、Microsoft Word、Microsoft Excel、および Microsoft Outlook の応答を停止させる?[KB 5002700](https://support.microsoft.com/topic/5002700 ""support.microsoft.com"")の既知の問題を修正します。?

**注:**?Office 2016 スイート全体を稼働状態に復元するには、更新プログラム KB 5002700 と KB 5002623の両方がインストールされている必要があります。』"
0,morita,"@channel 

##### Windows Updateでブラウザの標準フォント変わります。

https://forest.watch.impress.co.jp/docs/serial/yajiuma/2006058.html
"
0,morita,"@channel 


[【大阪本社】
高圧受変電設備の精密点検、機器取替作業による全館停電](https://chat.jbdcl.com/all/pl/6wfdr9s4z3nb9porbibrnayfqw)

こちら、今週末です。
ご留意ください。
"
0,mattermost,"@channel
## 肥後橋の停電作業開始のお知らせ

* 肥後橋停電作業を開始します。
* 対象機器は、以下のものになります。

　

|機器名|対象有無|
|-|-|
|ドメインコントローラ|○|
|開発サーバ|○|
|プロジェクトフォルダ|○|
|SVN|○|
|VPN接続|○|
|インタネット|○|
|WIFI接続|○|
|プリンタ印刷|○|
|拠点からの接続|○|
|電話|○|
|冷蔵庫|○|
"
0,inui,何時ごろ復活する？
0,mattermost,"@channel
## 肥後橋の停電復旧完了のお知らせ

* 肥後橋停電復旧が完了しました。
* 対象機器は、以下のものになります。

　

|機器名|動作確認|
|-|-|
|ドメインコントローラ|:sumi:|
|開発サーバ|:sumi:|
|プロジェクトフォルダ|:sumi:|
|SVN|:sumi:|
|VPN接続|:sumi:|
|インタネット|:sumi:|
|WIFI接続|:sumi:|
|プリンタ印刷|:sumi:|
|拠点からの接続|:sumi:|
|電話|:sumi:|
|冷蔵庫|:sumi:|
"
0,mattermost,"### Mattermsotのバージョンアップ完了

* MattemostのEOLに向かいバージョンアップを実施しました。

||Mattermost|EOL|
|-|-|-|
|旧|V9.11.4 | 2025/05/15|
|新|V10.5.3| 2025/11/15|

* 次回は、2025/11/15までにバージョンアップを実施します。
"
0,s-kusumoto,"@channel

SSL証明書の更新作業のご案内
---------------

*   6月24日(火)、下記の日程・時間帯でSSL証明書の更新作業を実施いたします。
*   数分間の業務支障の発生が予測されます。

| 項目 | 設定値 |
| --- | --- |
| 開始日時 | 2024/06/24 12:00 |
| 終了予定日時 | 2024/06/24 13:00 |
| 影響 | 数分間の業務支障の発生 |

*   下記の表にて各サービスへの作業状況を記載・更新いたします。

| service | 状況 |  | service | 状況 |
| --- | --- | --- | --- | --- |
| ticket |  |  | exchange |  |
| toppangm |  |  | chat |  |
| meeting |  |  | gs |  |
| bslcc |  |  | newbiz |  |
| wiki |  |  | git |  |
| lms |  |  | svn |  |
| mm |  |  |  |  |"
0,mattermost,"|登録者|勤務状況|登録日|
|-|-|-|
|@t-miyata|:zai_kyaku:|2025/05/27 08:24|
"
0,mattermost,"|登録者|勤務状況|登録日|
|-|-|-|
|@k-kimu|:zai_kyaku:|2025/05/27 08:55|
"
1,y-tomizawa,"@all 

## JBD会議ツール(JBDMeet)の更新作業

* 社内基盤としてJBD会議ツールを提供しております。
* 今までは、社内基盤のアカウントを提供している方しか利用できませんでしたが、外部の方も利用できるように機能を更新します。
* これにより、JBD基盤ユーザが、主催者になることで、お客様とも会議を行うことができるようになります。
* 詳しくはこちらを参考にしてください。(https://wiki.jbdcl.com/67b3e7d89ff03c06b0d077d6)
* 上記更新作業を行うため、以下の時間サービスを停止させていただきます。
* お手数おかけいたしますが、ご協力の程よろしくお願いいたします。

|||
|-|-|
|作業時間|2025/06/02 12:00～13:00|
"
0,y-tomizawa,"@all 
## JBD会議ツール(JBDMeet)の更新作業完了

* JBD会議ツールの更新作業完了致しました。
* 利用手順につきましてはWIKIに記載しております。
  * https://wiki.jbdcl.com/67b3e7d89ff03c06b0d077d6
* ご協力の程ありがとうございました。"
1,s-kusumoto,"@channel 
SSL証明書の更新作業のご案内
---------------

*   本日、以前にも通知しておりました通り下記の時間帯でSSL証明書の更新作業を実施いたします。
*   数分間の業務支障の発生が予測されます。

| 項目 | 設定値 |
| --- | --- |
| 開始日時 | 2024/06/24 12:00 |
| 終了予定日時 | 2024/06/24 13:00 |
| 影響 | 数分間の業務支障の発生 |

*   下記の表にて各サービスへの作業状況を記載・更新いたします。

| service | 状況 |  | service | 状況 |
| --- | --- | --- | --- | --- |
| ticket |  |  | exchange |  |
| toppangm |  |  | chat |  |
| meeting |  |  | gs |  |
| bslcc |  |  | newbiz |  |
| wiki |  |  | git |  |
| lms |  |  | svn |  |
| mm |  |  |  |  |"
0,s-kusumoto,"@channel 
# SSL証明書の更新作業のご案内

| 項目 | 設定値 |
| ------------ | ---------------------- |
| 開始日時 | 2025/06/24 12:00 |
| 終了予定日時 | 2025/06/24 13:00 |
| 影響 | 数分間の業務支障の発生 |

SSL証明書の更新作業について
これからSSL証明書の更新作業を実施いたします。
数分間の業務支障の発生が予測されます。
下記の表にて各サービスへの作業状況を記載・更新いたします。

| service | 状況 | | service | 状況 |
| -------- | ---- | --- | -------- | ---- |
| ticket | :sumi:| | exchange |:sumi:  |
| toppangm |:sumi: | | chat |:sumi:  |
| meeting |-- | | gs |:sumi:  |
| bslcc |-- | | newbiz |:sumi:  |
| wiki |:sumi:  | | git |:sumi:  |
| lms |:sumi:  | | svn |:sumi: |
| mm |:sumi:  | | redmine |:sumi: |
| naccs |:sumi:  |  |jbdmeet|:sumi: |
| meetdraw |:sumi:||ailogin|--|
|meet-uat|:sumi:||meet-license|:sumi:|
|meet-cunstomer|:sumi:||meet|:sumi:|"
0,s-kusumoto,"上記につきまして対応に時間がかかってしまっています。
申し訳ございません。完了まで今しばらくお待ちください。"
0,s-kusumoto,"@channel 
SSL証明書の更新作業完了のご案内
===============

| 項目 | 設定値 |
| --- | --- |
| 開始日時 | 2025/06/24 12:00 |
| 終了予定日時 | 2025/06/24 13:00 |
| 影響 | 数分間の業務支障の発生 |

SSL証明書の更新作業について作業完了いたしました。
時間がかかってしまい申し訳ありません。
ailoginについて我々では対応できないものでしたので開発の担当者に実施していただきました。

| service | 状況 |  | service | 状況 |
| --- | --- | --- | --- | --- |
| ticket | :sumi: |  | exchange | :sumi: |
| toppangm | :sumi: |  | chat | :sumi: |
| gs | :sumi: | | newbiz | :sumi: |
| wiki | :sumi: |  | git | :sumi: |
| lms | :sumi: |  | svn | :sumi: |
| mm | :sumi: |  | redmine | :sumi: |
| naccs | :sumi: |  | jbdmeet | :sumi: |
| meetdraw | :sumi: |  | ailogin | :sumi: |
| meet-uat | :sumi: |  | meet-license | :sumi: |
| meet-cunstomer | :sumi: |  | meet | :sumi: |"
0,itasaka,"@ry-hanada @r-fujieda @m-kosaka cc: @k-takeda 
本日は武田さんが出席されるかもしれませんので、14時からは下記の会話でお願いします。
"
0,itasaka,"了解しました。では、\*\*Amazon Linux 2 上で GitLab Runner を Docker Compose を使って起動・管理する手順（Docker executor 利用）\*\*を以下に詳しく説明します。

---

## ?? GitLab Runner（Docker executor）を Docker Compose で構築する手順

### ? 前提条件

* Amazon Linux 2（EC2 など）
* GitLab の URL（例：`https://gitlab.example.com`）
* Specific Runner 用の Registration Token（GitLabプロジェクトから取得）
* セキュリティグループで HTTPS (443)、必要に応じて SSH (22) を許可

---

## ?? 手順概要

1. Docker & Docker Compose をインストール
2. GitLab Runner 用ディレクトリ構成を作成
3. `docker-compose.yml` を作成
4. `config.toml` を初期生成・編集
5. Runner を GitLab に登録
6. Docker Compose で起動

---

### ① Docker および Docker Compose のインストール

```bash
# Docker インストール
sudo amazon-linux-extras enable docker
sudo yum install -y docker
sudo systemctl enable docker
sudo systemctl start docker

# 現ユーザーを docker グループに追加（再ログイン必要）
sudo usermod -aG docker ec2-user

# Docker Compose インストール
sudo curl -L ""https://github.com/docker/compose/releases/latest/download/docker-compose-$(uname -s)-$(uname -m)"" -o /usr/local/bin/docker-compose
sudo chmod +x /usr/local/bin/docker-compose
```

---

### ② ディレクトリ作成

```bash
mkdir -p ~/gitlab-runner/config
cd ~/gitlab-runner
```

---

### ③ `docker-compose.yml` を作成

```yaml
# ~/gitlab-runner/docker-compose.yml

version: '3'

services:
  gitlab-runner:
    image: gitlab/gitlab-runner:latest
    container_name: gitlab-runner
    restart: always
    volumes:
      - ./config:/etc/gitlab-runner
      - /var/run/docker.sock:/var/run/docker.sock
```

---

### ④ GitLab Runner を登録（初期 config.toml 生成）

```bash
docker run --rm -it \
  -v ""$(pwd)/config"":/etc/gitlab-runner \
  -v /var/run/docker.sock:/var/run/docker.sock \
  gitlab/gitlab-runner register
```

#### 登録時のプロンプト例：

```
Enter the GitLab instance URL: https://gitlab.example.com/
Enter the registration token: <GitLabで取得したRegistration Token>
Enter a description for the runner: aws-compose-runner
Enter tags for the runner (comma-separated): docker,aws
Enter executor: docker
Enter the default Docker image: alpine:latest
```

完了後、`~/gitlab-runner/config/config.toml` が生成されます。

---

### ⑤ Runner を起動

```bash
docker-compose up -d
```

---

### ⑥ 動作確認

```bash
docker ps   # コンテナが起動しているか確認
```

GitLab の該当プロジェクト → `Settings > CI/CD > Runners` の一覧に、新しい Runner が表示されていれば成功です。

---

## ?? セキュリティ補足

* `docker.sock` を共有しているため、Runner がホスト上の Docker にフルアクセスできる点に留意（信頼できるジョブのみ実行させること）。
* `volumes` を最小限にし、不用意なホストディレクトリを渡さないようにする。

---

## ?? オプション：自動起動設定

Docker Compose は再起動設定があるので、OS再起動後も自動起動されます。

```yaml
    restart: always
```

---

必要であれば、複数Runnerの登録・タグ戦略・Docker executorのカスタムオプション（キャッシュ共有、サービス設定など）も説明できますので、お気軽にどうぞ。
"
0,itasaka,"承知しました。以下では、**Docker Composeを使ったGitLab Runnerの運用における複数Runnerの登録、タグ戦略、Docker executorのカスタムオプション**（キャッシュ共有、サービス設定など）をそれぞれ丁寧に解説します。

---

## ? 1. 複数 Runner の登録と運用

GitLab Runner は、**1つの `gitlab-runner` コンテナ** で **複数の Runner**（=登録単位）を管理できます。
それぞれの Runner 定義は `/etc/gitlab-runner/config.toml` に複数の `[runners]` セクションとして記述されます。

### ?? 複数登録するには

2回目以降も同じように `docker run --rm ... gitlab-runner register` を繰り返せばOKです。
すると `config.toml` に複数の `[runners]` が追加されていきます。

```bash
# 2つ目以降のRunner登録
docker run --rm -it \
  -v ""$(pwd)/config"":/etc/gitlab-runner \
  -v /var/run/docker.sock:/var/run/docker.sock \
  gitlab/gitlab-runner register
```

---

## ? 2. タグ戦略（タグでRunnerを使い分ける）

### ?? タグの目的：

* **特定のRunnerを特定のジョブだけに使いたい**
* **環境（例：aws、gcp）や用途（build、test）別にジョブをルーティングしたい**

### ?? `.gitlab-ci.yml` での使い方：

```yaml
job_build:
  script:
    - make build
  tags:
    - aws
    - docker

job_test:
  script:
    - make test
  tags:
    - gcp
```

### ?? ヒント：

* `tags` が一致しないとそのRunnerはジョブを拾いません。
* Shared Runner と違って Specific Runner にタグをつけないと基本的に何も実行しません。

---

## ? 3. Docker executor のカスタムオプション

`config.toml` の各 `[runners.docker]` セクションで細かい設定が可能です。

### ?? キャッシュ共有（volumes でホストと共有）

```toml
[runners.docker]
  image = ""alpine:latest""
  volumes = [""/cache""]  # GitLabが推奨するCIキャッシュ用
```

* `/cache` はGitLab CIのキャッシュ機能が使うディレクトリ。
* これでジョブ間でのキャッシュ共有（例：`~/.m2`、`node_modules`）が可能。

---

### ?? サービス設定（例：PostgreSQLやRedisをCI時に同時起動）

```toml
[runners.docker]
  image = ""node:18""
  services = [""postgres:13"", ""redis:6""]

  # 環境変数なども指定可能
  environment = [
    ""POSTGRES_DB=testdb"",
    ""POSTGRES_USER=testuser"",
    ""POSTGRES_PASSWORD=secret""
  ]
```

`.gitlab-ci.yml` のジョブ内で localhost:5432 等で接続可能になります。

---

### ?? コンテナ内のホスト名やDNS設定

```toml
[runners.docker]
  extra_hosts = [""host.docker.internal:host-gateway""]
```

Docker 20.10+ の機能で、**Runnerコンテナからホストへ名前解決**できるようにする設定。外部サービスへの疎通確認や、ローカルミラー使用時に便利。

---

## ? 4. `config.toml` の複数Runner例（参考）

```toml
[[runners]]
  name = ""aws-runner-node""
  url = ""https://gitlab.example.com""
  token = ""xxxxxxxx""
  executor = ""docker""
  [runners.docker]
    image = ""node:18""
    services = [""mongo:6""]
    volumes = [""/cache""]
    environment = [""NODE_ENV=ci""]
    pull_policy = ""if-not-present""
    privileged = false
  tags = [""node"", ""aws""]

[[runners]]
  name = ""aws-runner-python""
  url = ""https://gitlab.example.com""
  token = ""yyyyyyyy""
  executor = ""docker""
  [runners.docker]
    image = ""python:3.10""
    volumes = [""/cache""]
    pull_policy = ""always""
  tags = [""python"", ""aws""]
```

---

## ? 補足

* **Runnerを追加したら、`docker-compose restart` で設定反映**
* **volumeの `/cache` はホストとマウントして使うなら永続化を検討**
* **services で複数コンテナ連携したテストが可能（例：アプリ＋DB）**

---

必要があれば `config.toml` をテンプレート化する方法や、CIテンプレートベースで複数プロジェクトに展開する戦略もお手伝いできます！
"
1,morita,"@all 

####   :warning: フィッシングサイト 注意喚起  :warning: 

各位

amazon を語るフィッシングサイトのメールの受信を複数確認しております。
以下、件名です。
メール本文のリンクを不用意にクリックしないようご留意ください。
  
**お客様アカウントに関する重要なセキュリティ通知が確認されたため注文処理を保留しています**
**お客様アカウントに関する重要なセキュリティ通知を確認するための本人認証が必要です**
**アカウントの安全確保のための重要な確認依頼が検出されたため至急のご対応が必要です**
**アカウントの安全確保のための重要な確認依頼が確認されたため注文処理を保留しています**
  
確認が必要な場合、メールのリンクではなくサイトへ直接アクセスしてご確認ください。"
0,mattermost,"|登録者|勤務状況|開始時間|終了時間|
|-|-|-|
|@t-yoshida|:otukare2:|2025/09/10 08:38|2025/09/10 18:02|
"
0,mattermost,"|登録者|勤務状況|開始時間|終了時間|
|-|-|-|
|@m-sakamoto|:otukare2:|2025/09/10 09:00|2025/09/10 18:27|
"
1,morita,"@all 


####   :warning: フィッシングサイト 注意喚起  :warning: 

各位 
以下のようなメールが確認されています。
このような通知は実施していませんので、ご注意ください。

---

```
━━━━━━━━━━━━━━━━━━━━━━━━━━
jbd.co.jp [オンラインポータル
━━━━━━━━━━━━━━━━━━━━━━━━━━

お客様各位、xxxx@jbd.co.jp

お客様のパスワードは8月25日（火）に有効期限が切れます。現在のパスワードを引き続きご利用いただくには、以下の内容をご確認ください
。

アカウントを確認するには、以下のリンクにアクセスしてください。

━━━━━━━━━━━━━━━━━━━━━━━━━━━━━━━━━━━━━━━━━━━━━━━━━━━━

リンクURL

━━━━━━━━━━━━━━━━━━━━━━━━━━━━━━━━━━━━━━━━━━━━━━━━━━━━━━━━━━━

パスワード認証が完了しない場合、アカウントが停止される可能性があります。

(c) jbd.co.jp Mail Corporation

```

---"
1,mattermost,"
## 棚卸依頼のお知らせ
* 棚卸処理を期日までに実施してください。
|                |                                                                                           |
| -------------- | ----------------------------------------------------------------------------------------- |
| 期間           | 2025/09/24 ～2025/11/30                                                                    |
| 対象者       | 1.社内PC所持者、2.B031でDHCP登録された借用PC、3.サーバーの管理者 |
| 実施方法       | mattermostのコマンドで実施                                                               |
| コマンド       | /inventory                                                                                |
| 実施チャンネル | 社員＆パートナー様                                                                        |
| 操作方法　     | [棚卸処理について](https://wiki.jbdcl.com/646561a9922bc9d167e20a03) |
| 実施状況       | [実施状況](https://wiki.jbdcl.com/655c272828cf0e07df5e3b75) |
| 特記事項       | 未実施の場合、PCにつきましては、PCの返却、VPNアカウントの削除を実施致します。サーバーにつきましては、サーバーの電源OFF対応を実施します。 |
|                | 2025/11/14までに実施されない場合には、毎日通知を実施します。|
"
0,r-asanoma,"@y-tomizawa 
お疲れ様です。AIの淺野間です。
所属場所欄に、「浅草橋」が用意されていない様なのですが、AIC所属メンバはどちらを設定すればよろしいでしょうか？"
0,y-tomizawa,"@r-asanoma 
お疲れ様です。
申し訳ございません、浅草橋追加いたしました。
ご確認の程よろしくお願いいたします。"
0,s-yoneda,"@itasaka  (@honnma  @y-tomizawa @daimo  @yuu-yamamoto )
お疲れ様です。定時後にすみません。

NERMSプロジェクトで使用しているリモートデスクトップ（10.1.14.254）に接続して操作していたのですが
19時10分ごろ、突然切断されてから
接続できなくなってしまいました。
ping コマンドを実行したところ、タイムアウトするので、おそらく切断状態になっていると思います。
お手数ですが、状況ご確認いただけないでしょうか。



■追記
シャットダウンなどは実行しておらず、エクスプローラーを操作しているタイミングで落ちました。"
0,kanazawa,"@s-yoneda 
電源オフになっていないし、リソースも高負荷ではないので、つながると思いますが、つながりませんか？"
0,itasaka,"@s-yoneda 
再起動しておきますね。"
0,itasaka,"@s-yoneda 
と思ってつないでみたらRDPつながりましたので再起動はしませんでした。
試してみてください。"
0,s-yoneda,"@kanazawa  @itasaka  (@honnma  @daimo  @yuu-yamamoto )
接続できました！
お騒がせしてすみません。ご確認ありがとうございました。　:bow:"
0,mattermost,"@channel
## 恵比寿の停電作業開始のお知らせ

* 恵比寿停電作業を開始します。
* 対象機器は、以下のものになります。

　

|機器名|対象有無|
|-|-|
|ドメインコントローラ|○|
|開発サーバ|-|
|プロジェクトフォルダ|-|
|SVN|-|
|VPN接続|-|
|インタネット|○|
|WIFI接続|○|
|プリンタ印刷|○|
|拠点からの接続|○|
|電話|○|
|冷蔵庫|○|
"
0,mattermost,"@channel
## 恵比寿の停電復旧完了のお知らせ

* 恵比寿停電復旧が完了しました。
* 対象機器は、以下のものになります。

　

|機器名|動作確認|
|-|-|
|ドメインコントローラ|:sumi:|
|開発サーバ|-|
|プロジェクトフォルダ|-|
|SVN|-|
|VPN接続|-|
|インタネット|:sumi:|
|WIFI接続|:sumi:|
|プリンタ印刷|:sumi:|
|拠点からの接続|:sumi:|
|電話|:sumi:|
|冷蔵庫|:sumi:|
"
0,mo-yokoyama,"@here 
# チャットボット利用不可のお知らせ

お疲れ様です。ITS事業部横山です。
チャットボットシステム更新作業のため、一時サーバー停止します。
対処完了しましたら、ご連絡いたします。
ご迷惑をおかけいたしますが、ご了承ください。"
0,mo-yokoyama,チャットボットのサーバー起動しました。
0,ma-fujita,"@here 
# チャットボットの更新作業によるサーバー停止予定

お疲れ様です。SS事業部の藤田です。
本日、12:00よりチャットボットシステムのサーバーを停止いたします。
停止時間は5分程度を予定しております。
ご不便をおかけしますが、よろしくお願いいたします。

　サーバー停止時刻：12:00
　サーバー起動予定時刻：12:05

起動いたしましたら、本サイトで連絡いたします。"
0,ma-fujita,"@here
# チャットボットのサーバー停止

更新作業を開始いたします。
　サーバー停止時刻：12:07
　起動予定時刻：12:12
ご不便をおかけしますがよろしくお願いいたします。"
0,ma-fujita,"@here
# チャットボットサーバー起動しました
　サーバー起動時間：12:15
チャットボットシステム使用していただけます。"
0,onoda,"@ma-fujita 
メンション付けて下さい。認知できないです。"
0,ma-fujita,"@onoda さん
失念しておりました。申し訳ございません。"
0,e-kawabata,"@here 
## ポータルサーバー停止のお知らせ
15時10分より、ポータルの更新作業を行います。
起動予定は15時20分です。
ご不便をおかけしますが、ご理解のほどよろしくお願いいたします。 "
0,e-kawabata,"@here 
## ポータルサーバー再起動
ポータルサーバーを再起動しました。
起動時間は15時14分です。"
0,a-sakashita,"@here 
## ポータルサーバー停止のお知らせ
ただいまより、ポータルの更新作業を行います。
起動予定は16時40分です。
ご不便をおかけしますが、ご理解のほどよろしくお願いいたします。 "
0,a-sakashita,"@here 
## ポータルサーバー再起動
ポータルサーバーを再起動しました。"
0,rik-katou,"@here 
### チャットボットサーバー停止のお知らせ
17時10分より、チャットボットの更新作業を行います。
起動予定は17時15分です。
ご不便をおかけしますが、ご理解のほどよろしくお願いいたします"
0,rik-katou,"@here 
### チャットボットサーバー再起動

17時18分チャットボットサーバー再起動しました。"
1,mattermost," @all 

## 開発戦略からのご案内 :man-bowing: 

## パスワード変更依頼 

* パスワードを`2025/11/01`までにMattermostの社員&パートナー様のチャンネルで、/password　コマンド入力を行い変更してください。
* パスワードは、JBD基盤とドメインアカウントが変更されます。
* VPNを利用している方は、社内環境接続時にパスワード変更を実施してください。
* パスワード変更手順は [JBDナレッジ](https://wiki.jbdcl.com/661de0639ff03c06b0fc2743) に記載してあります。(社員のみ)
"
0,j-shimomura,"@here 
## ポータルサーバー停止のお知らせ
ただいまより、ポータルの更新作業を行います。
起動予定は15時25分です。
ご不便をおかけしますが、ご理解のほどよろしくお願いいたします。 "
0,j-shimomura,"@here 
## ポータルサーバー再起動
ポータルサーバーを再起動しました。"
1,y-tomizawa,"@all 
## 【重要】Windows Update に関して?

**```Windows 11 2025 Update（25H2）```の提供が始まりました。
現状、ウィルスバスターが対応していないため、絶対に当該バージョンへのアップデートは絶対に行わないでください。
例年通りですと、年明け2026年2月ごろに対応されると思われますが、確定ではありません。
対応され、準備でき次第アップデートの通知を行いますのでそれまでお待ちください。**

また、25H2の適応がされてしまったり、誤って適応した場合、１０日以内であれば以前のバージョンに復元可能です。

以上 お手数をおかけしますが、よろしくお願い致します。"
0,aoyama,グループポリシーで制限かけてはどうかと
1,morita,"@all 

お疲れ様です。
グループポリシーでWindows 11 24H2 までに制限しました。

PC再起動で適応されます。

あわせて、すでに適応されてしまった方は以下手順で24H2へ戻すことが可能です。

---

##### 「Feature update to Windows 11, version 25H2 by using an enablement package (KB5054156) 」をアンインストール
  
###### 手順
1.  [スタート]-[設定]-[Windows Update]-[更新の履歴]-[更新プログラムをアンインストール]を開く
1.  Feature update to Windows 11, version 25H2 by using an enablement package (KB5054156) でアンインストールを選択
1.  再起動を行う。

"
0,morita,"@channel 

なお、上記手順は森田が人柱実施済み。"
0,y-tomizawa,"@all 

## JBDMEETの復旧連絡

* 本日、JBDMEETが接続障害を発生しておりました。
* 先ほど再起動を実施し、復旧していることを確認いたしました。
* 大変申し訳ございませんでした。"
0,tabe,"@y-tomizawa 
VPN接続でStart.batを実行時
OSを「26200.6725」にアップグレードしてください。のメッセージがでます。
「26200.6725」は 25H2 だとおもうので、メッセージを出ないようにしていただけますでしょうか。"
0,y-tomizawa,"今現在挙げてしまった方がいるので、バージョンをもとに戻してもらっているところです。
作業が完了すれば、表示されなくなります。"
0,a-sakashita,"@here 
## ポータルサーバー停止のお知らせ
18:00より、ポータルの更新作業を行います。
起動予定は18:10です。
ご不便をおかけしますが、ご理解のほどよろしくお願いいたします。 "
0,y-mandokoro,"@here 
# KPTBotの更新作業によるサーバー停止予定

本日、18:00～19:00にKPTBotの更新作業を行います。
ご不便をおかけしますが、よろしくお願いいたします。"
0,y-mandokoro,"@here 
作業開始します。"
0,y-mandokoro,"@here 
作業完了しました。"
0,mattermost,"@channel
## 五反田の停電作業開始のお知らせ

* 五反田停電作業を開始します。
* 対象機器は、以下のものになります。

　

|機器名|対象有無|
|-|-|
|ドメインコントローラ|○|
|開発サーバ|-|
|プロジェクトフォルダ|-|
|SVN|-|
|VPN接続|-|
|インタネット|○|
|WIFI接続|○|
|プリンタ印刷|○|
|拠点からの接続|○|
|電話|○|
|冷蔵庫|○|
"
0,mattermost,"@channel
## 五反田の停電復旧完了のお知らせ

* 五反田停電復旧が完了しました。
* 対象機器は、以下のものになります。

　

|機器名|動作確認|
|-|-|
|ドメインコントローラ|:sumi:|
|開発サーバ|-|
|プロジェクトフォルダ|-|
|SVN|-|
|VPN接続|-|
|インタネット|:sumi:|
|WIFI接続|:sumi:|
|プリンタ印刷|:sumi:|
|拠点からの接続|:sumi:|
|電話|:sumi:|
|冷蔵庫|:sumi:|
"
0,yu-nakatani,"@here 
### チャットボットサーバー停止のお知らせ
本日12:00より、以下の対応に伴いチャットボットの更新作業を行います。
- DBを本番環境用へ切り替え
- アップロード可能な拡張子に関するインフォメーションを追記
起動予定は13:00です。
ご不便をおかけしますが、よろしくお願いいたします。"
0,yu-nakatani,"今回のDB切り替えに伴い、**これまでのチャット履歴のアーカイブはすべてリセット**されます。
必要な情報がある場合は、事前にメモなどへ控えていただくようお願いいたします。"
0,j-shimomura,"@here 
## ポータルサーバー停止のお知らせ
ただいまより、ポータルの更新作業を行います。
起動予定は12時10分です。
ご不便をおかけしますが、ご理解のほどよろしくお願いいたします。 "
0,a-sakashita,"@here 
## ポータルサーバー再起動
ポータルサーバーを再起動しました。"
0,yu-nakatani,"### チャットボットサーバー再起動
チャットボットサーバーを再起動しました。"
0,y-tomizawa,"@all 

## 五反田 GUEST-WIFIの調査・作業

* 五反田事業所のGUEST-WIFIがつながらない状態になっております。
* ルーター、LAN等の確認作業を以下の時間で実施させていただきます。
* 作業するにあたり、社内のWIFIが切断してしまう場合がありますので、ご注意ください。

|作業日時|作業場所|
|-|-|
|2025年10月9日 12時～13時|会議室A、会議室B、会議室C、セミナールーム|

大変お手数をおかけしますが、ご協力の程よろしくお願いいたします。"
0,yu-nakatani,"@here 
### チャットボットサーバー停止のお知らせ
本日11:30より、チャットボットの更新作業を行います。
起動予定は12:00です。
ご不便をおかけしますが、よろしくお願いいたします。"
0,m-chikazawa,"@here 
# チャットボットサーバ　リリース内容
　本日のリリース作業での改修内容は、以下となります。
　障害：チャットを行った際にチャットからの返信が６０秒以上になった場合に
　　　　画面上は、回答が表示されず、初期表示（返答がなにも還ってきていない状態）ままである。
　　　　ただし、再度対象チャットを開くと回答が表示される
　原因：フロントエンド（nginx）のデフォルト設定では応答待ち時間の上限が60秒となっており、
　　　　画面上は、初期表示に戻ってしまう。（内部的に５０４エラーとなる）
　対処：フロントエンド（nginx）の応答待ち設定を６０秒⇒１０分間とする
ご迷惑をおかけいたしますが、よろしくお願いいたします。"
0,yu-nakatani,"@here 
サーバ停止します。"
0,yu-nakatani,"@here 
チャットボット再起動しました。"
0,j-shimomura,"@here 
## ポータルサーバー停止のお知らせ
18時00分より、ポータルの更新作業を行います。
起動予定は18時05分です。
ご不便をおかけしますが、ご理解のほどよろしくお願いいたします。 "
0,j-shimomura,"@here 
## ポータルサーバー再起動
ポータルサーバーを再起動しました。"
0,a-sakashita,"@here 
## ポータルサーバー停止のお知らせ
12時00分より、ポータルの更新作業を行います。
起動予定は12時10分です。
ご不便をおかけしますが、ご理解のほどよろしくお願いいたします。 "
0,a-sakashita,"@here 
## ポータルサーバー再起動
ポータルサーバーを再起動しました。"
0,a-sakashita,"@here 
## ポータルサーバー停止のお知らせ
18時00分より、ポータルの更新作業を行います。
起動予定は18時05分です。
ご不便をおかけしますが、ご理解のほどよろしくお願いいたします。 "
0,a-sakashita,"@here 
## ポータルサーバー再起動
ポータルサーバーを再起動しました。"
0,yu-nakatani,"@here 
### チャットボットサーバー停止のお知らせ
本日11:30より、以下の対応に伴いチャットボットの更新作業を行います。
- 保守・監視のための内部改善
- サービス安定化対応

起動予定は12:00です。
ご不便をおかけしますが、よろしくお願いいたします。"
0,yu-nakatani,"@here 
サーバ停止します。"
0,yu-nakatani,"@here 
チャットボット再起動しました。"
0,s-yoneda,"@y-tomizawa  
(@honnma  @tos-tanaka  @tadokoro  @daimo )
おつかれさまです。BS事業部米田です
NERMSプロジェクトで使用している各種サーバーが応答しません
お手数ですが、以下サーバーの状況についてご確認いただけませんでしょうか。
（池袋にあるはず？）
お忙しいところ恐れ入りますがよろしくお願いいたします。

10.1.11.41：DB
10.1.11.46： WEB・バッチ結合
10.1.11.52：デプロイ用Jenkins"
0,s-yoneda,"下記も追記
10.1.14.254：帳票テンプレート操作用サーバー"
0,y-tomizawa,"@s-yoneda 
お疲れ様です。
上記４サーバーですが電源がOFFになっていたので、電源ONしました。
確認してください。
よろしくお願い致します。"
0,s-yoneda,@y-tomizawa ありがとうございます。確認いたします。
0,s-yoneda,"@y-tomizawa 
確認できました。ありがとうございました。
ちなみになぜ電源落ちてたんでしょうか？"
0,y-mandokoro,"@y-tomizawa さん
CC：@baba さん、@kawawaki さん、@t-torii さん
お疲れ様です。BS事業部の政所です。

上記に便乗する形になりますが、
全日警で使用している以下サーバーが応答しません（接続不可）。
お手数おかけしますが、以下サーバーの状況についてご確認いただけますでしょうか。

全日警向け勤務管理システム再構築：10.1.13.169
契約管理システム再構築　　　　　：10.1.13.165
契約管理システム再構築　　　　　：10.1.13.166
契約管理システム再構築　　　　　：10.1.13.170"
0,k-takeda,"@y-tomizawa 
なぜかvCenter本体のVMが停止していたとのことで池袋の方に起動して頂きました。
別途ハードウェアの問題なのかどうかはイベントビューワ等確認お願いできればと。
お手数ではございますがご確認のほどよろしくお願い致します。"
0,y-tomizawa,"@k-takeda 
確認の件承知致しました。

@s-yoneda 
少々お待ちください。

@y-mandokoro 
上記4サーバー立ち上げました。
ご確認の程よろしくお願いいたします。"
0,y-moribayashi,"@y-tomizawa （CC）@n-ooe 
お疲れ様です。ITD事業部の森林です。

立て続けの連絡となり恐縮ですが、下記阪和興業様向けのe与信システムサーバ２点についても、現在接続不可となっています。
・10.1.11.246
・192.168.200.173
お手数おかけしますが状況確認いただき、電源OFFであればサーバーを立ち上げていただきたいです。
上記、よろしくお願いいたします。"
0,y-tomizawa,"@all 

* 以下のホストサーバーに入ってるGUESTサーバーが電源OFFになってしまいました。
* T032で登録していただいたサーバーにつきまして、電源ON作業を今から実施いたします。
* 大変申し訳ございませんが、よろしくお願いいたします。"
0,y-tomizawa,"|HOSTIP|GUESTサーバーの立ち上げ|
|-|-|
|10.1.10.12|:sumi:|
|10.1.10.13|:sumi:|
|10.1.10.14|:sumi:|
|10.1.10.15|:sumi:|"
0,ry-hanada,"@k-takeda  @y-mandokoro  @s-yoneda @y-tomizawa 
現時点で分かっていることは10/20の0:00～にサーバ室の気温が3度ほど、上がっていたため、停電がなかったかどうかを確認していただいています。

ホストサーバの復旧対応は冨澤さんにて復電時の対応を行ってもらっています。"
0,k-takeda,"@ry-hanada 
お忙しいところご対応ありがとうございます。"
0,y-tomizawa,"@all 

* 上記HOSTIPのT032で管理登録されているGUESTサーバーの立ち上げが完了致しました。
* 大変申し訳ございませんでした。"
0,sawai,"@y-tomizawa 
遅れての依頼で申し訳ないのですが、TOPPAN案件で使っているサーバ10.1.102.150も接続不可でした
こちらも立ち上げをお願いできますでしょうか"
0,y-tomizawa,"@sawai 
申し訳ございません。
立ち上げました。
ご確認の程よろしくお願いいたします。"
0,sawai,"@y-tomizawa 
ありがとうございます。確認できました"
0,ry-hanada,"@k-takeda @y-mandokoro  @s-yoneda  @y-tomizawa  @kanazawa  @itasaka 
その後、状況としては、安定的に稼働しています。
本日、様子見とさせていただきますので、しばらく注視させていただきます。"
0,t-misawa,"@y-tomizawa さん
LEO案件で利用している以下サーバが接続不可でした。
お手数おかけしますが、明日確認をお願いできますでしょうか？
192.168.205.35"
0,mattermost,"@channel
## 秋葉原の停電作業開始のお知らせ

* 秋葉原停電作業を開始します。
* 対象機器は、以下のものになります。

　

|機器名|対象有無|
|-|-|
|ドメインコントローラ|○|
|開発サーバ|-|
|プロジェクトフォルダ|-|
|SVN|-|
|VPN接続|-|
|インタネット|○|
|WIFI接続|○|
|プリンタ印刷|○|
|拠点からの接続|○|
|電話|○|
|冷蔵庫|○|
"
0,mattermost,"@channel
## 秋葉原の停電復旧完了のお知らせ

* 秋葉原停電復旧が完了しました。
* 対象機器は、以下のものになります。

　

|機器名|動作確認|
|-|-|
|ドメインコントローラ|:sumi:|
|開発サーバ|-|
|プロジェクトフォルダ|-|
|SVN|-|
|VPN接続|-|
|インタネット|:sumi:|
|WIFI接続|:sumi:|
|プリンタ印刷|:sumi:|
|拠点からの接続|:sumi:|
|電話|:sumi:|
|冷蔵庫|:sumi:|
"
0,kanazawa,電源オンしておきました。
0,yu-nakatani,"@here 
### チャットボットサーバー停止のお知らせ
本日11:30より、以下の対応に伴いチャットボットの更新作業を行います。
- 保守・監視のための内部改善

起動予定は12:00です。
ご不便をおかけしますが、よろしくお願いいたします。"
0,yu-nakatani,"@here
サーバ停止します。"
0,yu-nakatani,"@here 
チャットボット再起動しました。"
1,y-tomizawa,"@all 
## 製品版ウイルスバスター サポート切れ

* 2025/10に製品版ウイルスバスターのバージョン17.7がサポート終了してしまいました。
* 無料バージョンアップが可能なので、対象の端末の方はバージョンアップの実施をお願い致します。
* 実施手順をwikiに記載しましたので、参考にしてください。
  * BP様ようにwikiにPDFを配置しましたので、上長の方はそちらで連携をお願い致します。

|内容|URL|
|-|-|
|実施手順|https://wiki.jbdcl.com/68fb1a959ff03c06b087abba|
|対象端末一覧|https://wiki.jbdcl.com/68fb1ec39ff03c06b087c18a|

お忙しいところ恐縮ですが、ご協力の程よろしくお願いいたします。"
0,mattermost,"@channel 

## Mattermostのバージョンアップ

* 現在利用しております、Mattermost `v10.5`ですが、2025/11/15にEOLを迎えます。
* つきましては、Mattermost `v10.11.4`の導入を下記の日程で実施したいと思います。

|案|日程|時間|
|-|-|-|
|案１|2025/11/09(日) |終日 |
|案２|2025/11/15(土) |終日 |

業務支障があるようでしたら、11/04 までに返信をお願いいたします。


"
0,m-chikazawa,"@here 
# 社内チャットボットシステムの利用停止のお知らせ
　現在、社内チャットボットシステムにてチャットできない現象が発生しております。
　申し訳ありませんが、社内チャットボットシステムの利用を止めさせていただきます。

　ご不便をおかけしますが、よろしくお願いいたします。"
1,y-tomizawa,"@all

## 製品版ウイルスバスター サポート切れ バージョンアップ対応

* 以前通知した、製品版ウイルスバスターのバージョン17.7がサポート終了してしまった件について、バージョンアップを依頼しておりました。
* 最新バージョンが17.9になっており、最新バージョンではない製品版ウイルスバスターのバージョンアップを実施していただきたいです。(※対象は`17.7`と`17.8`になります)
* 状態を管理するために、バージョンアップが完了しましたら、Mattermostで以下のコマンドの実施をお願い致します。
* 実施期限は１１月末までに実施をお願い致します。

### 実施確認コマンド

|                |                                                                                        |
| -------------- | -------------------------------------------------------------------------------------- |
| 実施チャンネル | 社員&パートナー様                                                                      |
| コマンド       | /seq_prod_conf                                                                         |
| タイミング     | 製品版ウイルスバスターのバージョン17.9になっていることを確認できたら実施してください。 |
| 内容           | PC番号とバージョンを入力する画面が表示されます。                                       |

お忙しいところ恐縮ですが、ご協力の程よろしくお願いいたします。

https://chat.jbdcl.com/all/pl/gtkcm3ers3bejffet3u5o83tph"
0,y-tomizawa,"@all 
## JBDMEET接続不良について。

* JBD基盤にて提供しているWEBミーティングが現在接続できない状態になっております。
* 原因は端末の電源が入らなくなってしまったのが原因です。
* 復旧作業、新たな端末の交換作業に時間を要してしまいます。
* 大変申し訳ございません。
"
0,y-tomizawa,"@all 

## JBDMEET一部復旧連絡

* WEBミーティングが一部機能を除いて復旧致しました。
* ホワイトボードと共有ドキュメントが利用できませんが、あとは正常に利用できます。
* ホワイトボードと共有ドキュメントが復旧致しましたら、再度ご連絡させていただきます。
* ご迷惑をお掛けしてしまい、申し訳ございません。"
0,mattermost,"|登録者|勤務状況|開始時間|終了時間|
|-|-|-|
|@sawai|:otukare2:|2025/11/04 08:57|2025/11/4 18:02|
"
0,mattermost,"@channel 

## 在席ステータスの未更新

* Mattermost、GroupSessionの在席ステータスの更新バッチが止まっておりました。
* 処理の復旧は完了しましたが、今実施してしまうと、本日`kinmu'を実施していただいた方のステータスも初期化されてしまうため、本日は初期化を実施しないように判断致しました。
* 大変申し訳ございませんが、よろしくお願い致します。"
0,m-chikazawa,"# 社内チャットボットシステムの利用再開のお知らせ
　利用停止しておりました、社内チャットボットシステムの
　利用再開をお知らせいたします。
　
　利用開始時間：１１月６日　９：００
　
　ご不便、ご迷惑をおかけいたしました。
　"
1,r-urihara,"@here 
## KPTBotシステム　更新作業によるサーバー停止のお知らせ

本日、12:00～13:00にKPTBotの更新作業を行います。
ご不便をおかけしますが、よろしくお願いいたします。

### リリース内容
本日のリリース作業での改修内容は以下となります。
　障害：プロジェクトIDを持たない利用者が操作した際に、自分の所属チーム以外のチームがマイページに表示される。
　原因：所属チーム取得処理の不備（プロジェクトIDを持たない利用者の考慮漏れ）
　対処：プロジェクトIDを持たない利用者を考慮するように修正

ご迷惑をおかけいたしますが、よろしくお願いいたします。"
0,r-urihara,"@here 
作業開始します。"
0,daimo,がんばれー
0,r-urihara,"@here 
作業完了しました。"
0,y-tomizawa,"@all 
## JBDMEET復旧連絡

* WEBミーティングのホワイトボードと共有ドキュメント機能が復旧致しましたことをご連絡させていただきます。
* すべての機能が正常に動作することを確認できました。
* 大変ご迷惑をおかけいたしました。"
0,mattermost,"@channel 

## Mattermost Verupのお知らせ

* Mattermost Verup（10.11.4）のバージョンアップが終了いたしました。

### 変更内容

|||
|-|-|
|旧バージョン|10.5|
|バージョン|10.11.4|
|Support ends|2026.8.15|
"
0,s-yoneda,"@y-tomizawa  
(@honnma  @tos-tanaka  @tadokoro  @daimo )
おつかれさまです。BS事業部米田です

NERMSプロジェクトで使用している各種サーバーが応答しません。（ping実行でタイムアウトになる）
お手数ですが、以下サーバーの状況についてご確認いただけませんでしょうか。
お忙しいところ恐れ入りますがよろしくお願いいたします。

10.1.11.41：DB
10.1.11.46： WEB・バッチ結合
10.1.11.47：資材作成用サーバー
10.1.11.52：デプロイ用Jenkins
10.1.14.254：帳票テンプレート操作用サーバー"
0,y-tomizawa,確認中です。
0,s-yoneda,@y-tomizawa お疲れ様です。復旧したっぽいです :bow:
0,y-tomizawa,"@s-yoneda 
すみません、別の仮想サーバー立ち上げを行っておりましたので、連絡遅れました。"
1,mattermost,"@channel 
# 棚卸完了に伴い、管理シールの配布

* 棚卸実施完了致しました。
* ご協力ありがとうございました。
* 来年度の管理シールの配布を実施させていただきます。
* 期限は`2026/01/31`までに実施をお願い致します。

## 貼付け完了確認方法

* 管理シールを受け取りましたら、機器の表面の左上に、シールを貼付けてください。
* 貼付け完了確認はMattermostで以下のスラッシュコマンドを実施してください。

|                |                      |
| -------------- | -------------------- |
| コマンド       | `/inventory_sticker` |
| 実施チャンネル | 社員＆パートナー様   |

## 未実施者確認

* 未実施者一覧は毎日[WIKI](https://wiki.jbdcl.com/66976f629ff03c06b09395f5)に更新しております
* ご確認の程よろしくお願い致します。"
0,mattermost,"|登録者|勤務状況|登録日|
|-|-|-|
|@sat-tanaka|:zai:|2025/12/2 08:13|
"
1,morita,"@all 

お疲れ様です。
利用しているメールサービスより、以下の連絡がありました。
ご留意いただきますようお願いいたします。

```

1) メンテナンス実施日時
　本日、準備が整い次第実施いたします。

2) 対象ドメイン
　jbd.co.jp
　x1.jbd.co.jp
　x2.jbd.co.jp


3) 作業内容
　スパム隔離ボックスに関する緊急脆弱性対応
　
4) 影響範囲
　スパム隔離ボックスへのアクセス方法が変更となります。
　
　【変更前】
　「スパム隔離のご連絡」メール内のリンクをクリックすることで、
　認証なしでスパム隔離ボックスへアクセス可能。
　
　【変更後】
　「スパム隔離のご連絡」メール内のリンクをクリック後、
　表示される認証画面にてIDおよびパスワードを入力することで
　スパム隔離ボックスへアクセス可能。

　【ログインに必要なID・パスワード】
　全アカウント共通のIDおよびパスワードとなります。
　ID：spam
　パスワード：Jcb%ksC7

　※「スパム隔離のご連絡」メール内にもIDとパスワードを掲載いたします。　
　※メールの送受信に関しては、仕様変更はございません。
```"
1,morita,"@all 

お疲れ様です。
利用しているメールサービスより、以下の連絡がありました。


```
お客様各位



　　　　　「スパムメール隔離ボックス機能における脆弱性対応状況のご報告」


拝啓
貴社ますますご清栄のこととお喜び申し上げます。
平素より弊社シェアドメールサービスをご利用いただき、誠にありがとうございます。

この度、弊社が提供しております「シェアドメール」のスパムメール隔離ボックス機能
において、利用しているソフトウェアの脆弱性に起因するセキュリティ侵害が発生して
いたことが判明いたしましたのでご報告いたします。

経緯
スパムメール隔離ボックスに関するゼロデイ脆弱性が公表されたことを受け、本日日中帯に
緊急メンテナンスとして暫定対応を実施いたしました。あわせてCisco社サポートへ調査を
依頼し、2025年12月19日17時18分ごろ、当該脆弱性（CVE-2025-20393）を起因とするセキ
ュリティ侵害の形跡が確認された旨の報告を受領いたしました。

本報告を受け、Cisco社の指示に基づき、スパムメール隔離ボックスで使用しているサーバー
の再構築を実施いたしました。この対応により、侵害状態は解消していることを確認してお
ります。

引き続き調査を行い、改めて報告をいたします。

※本影響はスパムメール隔離ボックス以外のサービスには影響ないことを確認しております。

お客様には多大なるご不安とご迷惑をおかけしておりますことを、深くお詫び申し上げます。
```"
0,morita,"@all

対応状況等（第二報）は、PDFでしたので以下に配置しました。
[スパムメール隔離ボックス機能における脆弱性対応状況のご報告（第二報）](https://wiki.jbdcl.com/694c797a9ff03c06b0d8e4ae)"
1,morita,"@all 

お疲れ様です。
  
年明けから```社長・上司を装った詐欺メール```が急増しています。
メールの内容は、「至急送金してほしい」「極秘案件なので他の人には言わないでほしい」「今すぐ対応が必要だ」といった、受け取った人を焦らせるものがほとんどです。
※私のところには経理担当のLINEグループ作ってQRコード送れと来てました。

内容的にはわかりやすく詐欺メールですが、ご留意いただきますようお願いいたします。

"
1,r-urihara,"@here 
### KPTBotシステム　更新作業によるサーバー停止のお知らせ

本日、12:00～13:00にKPTBotの更新作業を行います。
ご不便をおかけしますが、よろしくお願いいたします。

### リリース内容

本日のリリース作業での改修内容は以下となります。
　
【障害対応】
障害：KPTボードでタブを切り替えた際に401エラーが発生する
原因：リクエスト送信時、処理に不要な値をパラメータとして付与していたため
対処：リクエスト送信時、実行される処理に応じて必要な値のみパラメータとして付与するよう修正
　
【作業依頼対応】
①：投票リセットボタンの削除
②：親子関係画面に表示されるKPT投稿内容のリンク化
③：KPTボード画面のタイマーをスクロールしても常に表示されるよう修正
　
ご迷惑をおかけいたしますが、よろしくお願いいたします。"
0,r-urihara,"@here 
作業開始します。"
0,r-urihara,"@here 
作業完了しました。"
1,r-isahai,"各位 @channel 

#### 検証のためのデータ収集にご協力ください

---

AIビジネス事業部の砂盃です。
AIビジネス事業部では、顔映像からストレス度合いを推定し、
メンタル不調の検知をサポートするシステム「MemMen」を開発しています。
　
これまで大学との共同研究を進めてきましたが、研究フェーズが一区切りついたため、
「実際の業務の中で無理なく使えるか」を確認し、サービス化できるかの検証を行うことになりました。
検証には一定量のデータが必要となるため、JBD社員の皆さまにぜひご協力をお願いいたします。
　
【ご協力について】
・方法：PCで検証用アプリを起動し、「計測開始」ボタンを押すだけ
・所要時間：約10分
　※可能な範囲で、できるだけ毎日ご協力いただけるとうれしいです
・実施期間：2026年1月19日（月）～2026年3月31日（火）

▼ご協力はこちらから 
 [https://ai.gs-biz.com/memmen/](https://ai.gs-biz.com/memmen/)
　
検証の目的やデータの取り扱いなどの詳細は以下の資料にまとめていますので、あわせてご確認ください。
```
\\jbdmng\全社共有\47期\40220_AIビジネス事業部\AIビジネス事業部_データ収集への協力依頼について.pdf
```
または[こちら](https://wiki.jbdcl.com/696dbc519ff03c06b0ee974c)（JBDナレッジ）からダウンロードください。
　
本検証は、「本当に業務の中で使える仕組みか」を見極めるための取り組みです。
皆さまのご協力が、MemMenを今後どうしていくかを判断する大切な材料になります。
お忙しい中とは思いますが、業務の合間に、可能な範囲でご参加いただけますと幸いです。
どうぞよろしくお願いします。"
0,k-takeda,"@r-isahai 
お疲れ様です。早速取得みましたが、正常に取れているかどうかがわからないのですが、
取得できているかどうか確認する方法とかあったりするのでしょうか？"
0,r-isahai,"@k-takeda 
お疲れ様です。ご協力、ありがとうございます。
計測中、画面上の顔映像部分に白い楕円が表示されている場合、正常に取得ができています。
角度などで正常に取得できていない場合は赤の楕円となります。
　
計測後に取得できていたか、の確認は現状画面上ではできかねますが、
今回の検証の目的として「業務の中で10分間の映像取得が可能かどうか」という部分に主に焦点をあてており、赤楕円を含むデータも検証材料としては有用なものになります。（取れない、ということがわかるための材料になります）
　
とはいえ確かに不便な部分はありますので、個人で取得の履歴などが確認できるように、今後改修いたします。ご連絡、ありがとうございます。"
0,ry-hanada,"@r-isahai 
もし、計測時間のタイマー的なものがあれば、
モニターする側も把握しやすいかなと思いました。
"
0,k-takeda,"@ry-hanada 
タイマー自体は画面の上にありましたよ？そうではなく？"
0,ry-hanada,"@k-takeda 
カウントアップのタイマーより、カウントダウンタイマーの方がわかりやすいかと思いました。


楕円の白い状態と赤い状態は画面上に注意コメントがあると、よりとっつき易いかと思いました。"
0,k-takeda,なるほど、ありがとうございます。
0,r-isahai,"@ry-hanada 
ご協力、ご意見ありがとうございます。
計測の負荷もなるべく減るよう改修いたします。
引き続き、よろしくお願いいたします。"
0,r-isahai,"@channel 
### 【MemMen社内検証】過去の取得の履歴を一部確認できるようになりました
過去の取得時の心拍数予想を確認できるようになりました。
うまく取得できているのかわからない場合、こちらのデータでご確認ください。
【確認方法】
１．[MemMen検証アプリ](https://ai.gs-biz.com/memmen/)を下にスクロールし、**データ閲覧（心拍数のみ）**部分を表示
２．「取得」ボタンを押下
３．グラフエリアの青い折れ線グラフを確認

- グラフが表示されている時間は正常にデータが取得できています
- グラフエリアでドラッグ選択することで、選択した範囲を拡大表示できます
- 取得ボタン横の日時（From/To）を変更することで取得範囲を変更できます  


▼ご協力はこちらから
[https://ai.gs-biz.com/memmen/](https://ai.gs-biz.com/memmen/)
検証へのご協力を引き続き、よろしくお願いいたします。"
0,s-hiura,"@all 
「7-Zip ダウンロード」とブラウザで検索すると偽サイトが上位に表示されるようです。 
7-Zipインストールする際は、ご注意ください。
[「7-Zip」非公式サイトに偽インストーラ　マルウェア感染の恐れ　IIJが注意喚起 - ITmedia NEWS](https://www.itmedia.co.jp/news/articles/2601/23/news060.html)"
0,mattermost,"
@channel 
## 棚卸・管理シール貼付け確認完了
* 棚卸・管理シール貼付け確認の締切日になりました。
* ご協力ありがとうございました。

## 未実施者について
* 未実施者につきましては、PCの返却をお願い致します。。
* 対象者は[WIKI](https://wiki.jbdcl.com/655c272828cf0e07df5e3b75)に記載しておりますので、確認をお願い致します。
"
1,morita,"@all 

お疲れ様です。
  
年明けに一度通知させていただきましたが、まだまだ届いていそうなので。
再通知です。
  
以下の内容のようなメールが届いています。
  
```
お疲れ様です。

情報共有体制の迅速な整備のため、LINEグループの作成をお願いできますでしょうか。
作成後は、参加用QRコードのスクリーンショットを本メール宛にお送りいただければ幸いです。

お忙しいところ恐れ入りますが、ご対応のほどよろしくお願い申し上げます。
```

弊社の場合、社長の名前で届くことが多いと思われます。
そのような実態はありませんのでご留意ください。

"
1,m-kubo,"## バッテリー（リチウムイオン電池製品）の自然発火による火災につきまして

各位

お疲れ様です。経営管理本部の久保です。

バッテリー（リチウムイオン電池製品）の自然発火による火災が各地で発生しております。

'--------------------------------------------------------------------------------------------
【火災事例】
　　例1：モバイルバッテリーを充電していない状態で、机の上に置いていただけで突如自然発火
　　例2：モバイルバッテリーをキャビネットの引き出し内に保管中、夜間に発火。
         翌朝、黒焦げの状態で発見
'--------------------------------------------------------------------------------------------

１．バッテリーに関する注意事項

　　リチウムイオン電池製品のバッテリーに関しては以下の点にご注意ください。

　　・バッテリーは充電中でなくても突如自然発火することがあります。

　　・バッテリー内部の劣化や損傷が発火を引き起こす原因となりえます。

　　・机の引き出しやロッカー内での保管も危険な火災の温床となりえます。

２．皆様へのお願い

　　以下の点にご協力をお願いします。

（１）すべてのバッテリーの点検

　　　個人所有・会社貸与品を問わず、以下の点を確認してください。

　　　・リコール対象製品でないか

　　　・「膨張・変形」「過去の異常な発熱」「破損・異臭」といった発火のサインがないか

　　　※「PSEマーク」なしの製品は社内への持ち込みを禁止します。


（２）管理方法　

　　　机の引き出し、キャビネットなど、発火時に危険な場所への保管はやめてください。

　　　※会社貸与品は、『周囲に何もない、開かれた場所』に置いてください。

　　　※個人所有のバッテリーは毎日持ち帰ってください。


（３）異常を発見した場合の対応

　　　直ちにバッテリーを安全な場所に隔離のうえ、以下の方法で処理してください。

　　　・会社貸与品については経営管理本部に連絡のうえ、指示を仰いでください。

　　　・個人所有分については、持ち帰って各市区町村のルールに則って廃棄してください。

--------------------------------------------------------------------------------------

以上、皆様のご協力をお願い申し上げます。"
1,mattermost,"@channel 

## セキュリティソフトウェアの入れ替え作業 日程変更
* 事業部長会議でお知らせしましたセキュリティソフトウェアの入替作業ですが
  以下の通り、実施日程を変更させていただきます。
  
  ##### 変更前
  ##### **```2026年2月9日 ～ 2026年3月27日```**
  
  ##### 変更後
  ##### **```2026年2月12日 ～ 2026年3月27日```**
  
  ##### 変更理由
  ```体制及び実施手順の見直しの為```
  
直前での変更となり大変申し訳ございません。
お手数をおかけしますが、よろしくお願いいたします。"
1,mattermost,"@channel 

# セキュリティソフトウェアの入れ替え作業 依頼通知

* JBDはセキュリティ対策ソフトウェアとして、ウイルスバスターを採用しておりました。
* ウイルスバスターは、社内ネットワーク用に`コーポレーションエディション`と、社外用に`製品版`を提供しております。
* ウイルスバスターでは、WindowsUpdateがメジャーバージョンの更新時に、ウイルスバスターの制約で更新出来ない期間が毎年数か月発生することになりました。
* これらの状況は、事業継続に支障を来すことが考えられるため、新しいセキュリティソフトウェア`CrowdStrike Falcon Sensor`を導入することにしました。
* 新しいセキュリティソフトウェアへの入れ替え作業の実施をご協力ください。

## 実施期間

* 以下の期間に入れ替え作業を実施してください。

|        |               |
| ------ | ------------- |
| 開始日 | 2026年2月9日  |
| 終了日 | 2026年3月27日 |



## 対象端末

* 入れ替え作業が必要な端末は以下になります。


| 対象OS                            | ウイルスバスター         |
| --------------------------------- | ------------------------ |
| Windows11                         | コーポレートエディション |
| Windows11                         | 製品版                   |
| Mac                               | コーポレートエディション |
| Windows Server                    | コーポレートエディション |



### 未実施者リスト

* セキュリティソフトウェアの入れ替え作業の未実施者リストを期間中にWIKIに毎日更新させていただきます。
* 以下のページからご確認お願い致します。


|          |                                                                   |
| -------- | ----------------------------------------------------------------- |
| URL      | `https://wiki.jbdcl.com/696f6ee89ff03c06b0f03e1d`                 |
| 階層     | /1000_全社員共有ドキュメント/1200_開発戦略本部/セキュリティソフト |
| ページ名 | 01_セキュリティソフトの移行状況_未実施一覧                        |


## 実施内容

* 以下の実施手順を実施してください。
* 実施内容のフローを[WIKI](https://wiki.jbdcl.com/696f6e9f9ff03c06b0f03d3f)に記載しております。
  ※同様の内容を資材のzipにもPDF（Readme.pdf）として入れいます。

### 共通内容

* [こちらのリンク](https://jbdcl-my.sharepoint.com/:f:/g/personal/morita_jbd_co_jp/IgCG93J0QGT9SoqXs-6qtxm6AUhxorCvFlxphHnkkOd7nHU)を開きます。
* FalconSensor.zip をダウンロードしてください。
* ダウンロードしたファイルを展開してください。
  ※ダブルクリックではなく必ず展開をお願いします。
```
FalconSensor
│  Readme.pdf
│
├─Mac
│  │  cid.txt
│  │  CrowdStrike Falcon Sensor for MAC インストール.pdf
│  │  FalconSensorMacOS.MaverickGyr.pkg
│  │
│  └─ApexOne アンインストール
│      │  Trend Micro Apex One for MAC アンインストール.pdf
│      │
│      └─tmsmuninstall
│
├─Windows
│      CrowdStrike Falcon Sensor for Windows インストール.pdf
│      falconSensor_install.bat
│      FalconSensor_Windows.exe
│      InstStatPost.ps1
│
└─トレンドマイクロ製品版アンインストール
        Uninstall_TrendMicro_Titanium.bat
        Wait-TrendMicroUninstall.ps1
        ウィルスバスター製品版 アンインストール.pdf
```
* 対象OSごとに処理が違いますので、以下の内容を確認して実施してください。
  * OSがWindowsでウイルスバスターがコーポレートエディションの場合は、会社に出社して、社内ネットワークを接続して実施してください。(VPNは不可です。)

### Macの場合

* `CrowdStrike Falcon Sensor for MAC インストール.pdf`の通りに`Falcon Sensorのインストール`を実施する
* `Trend Micro Apex One for MAC アンインストール.pdf`の通りに`ウイルスバスターコーポレートエディション`のアンインストールを実施する
* 上記作業完了後、Mattermostでスラッシュコマンドを実施する。
* 以上で完了です。

### Windowsの場合

* `CrowdStrike Falcon Sensor for Windows インストール.pdf`の通り、インストールバッチを実施する。
  * 製品版ウイルスバスターが入っている場合は、`ウィルスバスター製品版 アンインストール.pdf`の通りに`製品版ウイルスバスター`のアンインストールバッチを実施する。
* `Falcon Sensor`のインストール完了後、Mattermostでスラッシュコマンドを実施する。
  * `ウイルスバスターコーポレートエディション`が入っている場合は、経管の森田さんが管理コンソールより、アンインストールを実施しますので、社内ネットワークに接続した状態を維持してください。
  * アンインストール完了後、経管の森田さんから連絡が来ます。
* 以上で完了です。

## スラッシュコマンド

* 実施するスラッシュコマンドは以下になります。

|                |                      |
| -------------- | -------------------- |
| コマンド       | /falcon_confirmation 【PC番号】|
| 実施チャンネル | 社員＆パートナー様   |
"
0,r-hashiguchi,"@morita さん
お疲れ様です。FF事業部の橋口です
FalconSensorのインストールについてご教示ください。
社外で「falconSensor_install.bat」を実行したところ下記のように「リモート サーバーに接続できません。」とエラーが出ました。
そのため、VPNを接続して再度バッチを実行したところ、エラーは出力されず、正常終了になりました。
社外でインストール作業をする際は上記のようなVPN接続が前提の認識で問題ないでしょうか。
何か問題等ありましたら、ご指摘いただけたら幸いです。

https://chat.jbdcl.com/all/pl/hsxcti51fbnoxgd3k9wor3fs5r

```
=== Falcon Sensor install ===
[Start] 2026/02/12 10:37:39.96
Installer: C:\Users\hashiguchi.ryo\Desktop\FalconSensor\Windows\FalconSensor_Windows.exe
LogDir   : C:\Users\hashiguchi.ryo\Desktop\FalconSensor\Windows\logs
続行するには何かキーを押してください . . .

[INFO] Installing : ""C:\Users\hashiguchi.ryo\Desktop\FalconSensor\Windows\FalconSensor_Windows.exe"" /install /quiet /norestart CID=EF29CA841028408CBA6DEADF6438E43E-E8 ProvToken=45379770
[OK] Installer returned success (see C:\Users\hashiguchi.ryo\Desktop\FalconSensor\Windows\logs\falcon_install_PC21017B_20260212_103826.log)

[INFO] Checking Falcon services...
        STATE              : 4  RUNNING
        STATE              : 4  RUNNING
[OK] Falcon service is RUNNING.

[INFO] Running InstStatPost.ps1...
invoke-restmethod : リモート サーバーに接続できません。
発生場所 C:\Users\hashiguchi.ryo\Desktop\FalconSensor\Windows\InstStatPost.ps1:23 文字:13
+ $Response = invoke-restmethod -uri $url_base -Headers $headers  -meth ...
+             ~~~~~~~~~~~~~~~~~~~~~~~~~~~~~~~~~~~~~~~~~~~~~~~~~~~~~~~~~
    + CategoryInfo          : NotSpecified: (:) [Invoke-RestMethod], WebException
    + FullyQualifiedErrorId : System.Net.WebException,Microsoft.PowerShell.Commands.InvokeRestMethodCommand

[OK] InstStatPost.ps1 completed successfully.

[INFO] Checking Falcon sensor version...
[OK] Sensor Version: 7.33.20505.0

[DONE] Falcon install complete on PC21017B.
続行するには何かキーを押してください . . .
```
"
0,morita,"@r-hashiguchi 

お疲れ様です。

VPN接続可能であれば、接続状態での実施をお願いいたします。

お手数をおかけしますが、よろしくお願いいたします。"
0,r-hashiguchi,"@morita さん
承知いたしました。
ご回答ありがとうございます。"
0,hasegawa,"@morita さん
お疲れ様です。（横から失礼します。）
変な質問でしたら恐縮ですが、VPN接続不可の場合、社内に戻って作業が必要になる認識で宜しいでしょうか？

またVPN接続をしていない状態でインストール後に、VPN接続をした状態で再度インストール(更新)を行えば問題なくインストールできた状態になるのでしょうか？"
0,morita,"@hasegawa 

お疲れ様です。
```VPN接続不可```がどのようなパターンかにもよりますが、社内接続が可能な端末の場合は社内接続をお願いします。

未接続状態での実施後の再実施ですが、先ほど橋口さんがご提示くださった状況であれば、バッチの再実行で問題ありません。

以上 よろしくお願いいたします。"
0,hasegawa,"@morita さん
回答ありがとうございます。
「VPN接続不可」は、社外PCでVPN接続申請を行っておらず、社内接続(社内ファイルサーバーなど)に接続できないものを指しております。
また社内接続ができない場合でも頂いたインストール手順を行ってさえいれば問題ない認識でよいでしょうか？"
0,morita,"@hasegawa 

お疲れ様です。
社外PC＋外部回線の組み合わせの場合
以下のエラーが発生します。
※Falconのインストール自体に問題はありません。

```
[INFO] Running InstStatPost.ps1...
invoke-restmethod : リモート サーバーに接続できません。
```

上記エラーが出たとき用のMatterMostのコマンドを作成しますので、エラーは無視したうえで、インストールの実施をお願いします。

以上　お手数をおかけしますが、よろしくお願いいたします。
"
1,morita,"@all 

[社外PC＋外部回線の組み合わせの場合](https://chat.jbdcl.com/all/pl/shqcb6notjd39j9to4rg5smfgr)

こちらの事象に関して、改めて通知させていただきます。

`社外PC＋外部回線`の組み合わせで導入バッチを実行した場合、下記のエラーが発生します。
※セキュリティ観点で外部からのアクセスを制限しているため。

```
[INFO] Running InstStatPost.ps1...
invoke-restmethod : リモート サーバーに接続できません。
```

上記エラーが発生した場合、導入ステータスの更新が失敗しております。
お手数ですがMattermostより以下のコマンドの実施をお願いいたします。
`/falcon_outside 【PC番号】`

以上 お手数をおかけしますが、よろしくお願いいたします。
"
1,morita,"@all 

### ApexOne アンインストール for Mac

各位
お疲れ様です。

掲題に関しまして、配布資材`FalconSensor.zip`に含まれます
`tmsmuninstall`が壊れている可能性がございます。

別途`資材配置ディレクトリ\Mac\ApexOne アンインストール`配下に`tmsmuninstall.zip`
を配置しましたので、こちらをご利用ください。

以上 お手数をおかけしますが、よろしくお願いいたします。"
0,r-urihara,"@here 
### KPTBotシステム　更新作業によるサーバー停止のお知らせ

本日、12:00～13:00にKPTBotの更新作業を行います。
ご不便をおかけしますが、よろしくお願いいたします。

### リリース内容

本日のリリース作業での改修内容は以下となります。
【作業依頼対応】
付箋を閉じても画面全体がリロードされず、最上部に戻らない。
　
ご迷惑をおかけいたしますが、よろしくお願いいたします。"
0,r-urihara,"@here 
作業完了しました"
1,r-isahai,"各位　@channel 
### 【MemMen社内検証】引き続きご協力をお願いいたします
社内でのデータ収集にご協力いただいている皆様、本当にありがとうございます。
#### まだまだデータが足りていません！10秒でも計測の協力をお願いいたします
10分計測をお願いしておりましたが、検証目的を踏まえると10秒でもまずはご協力いただくことが、何よりも力となります。
また、計測に際して、業務中にまっすぐ画面を見て計測するのが難しいのではとのお声もありましたが、
- ななめ45度程度までは横をむいて計測が可能
- ブラウザは重ねて表示しても問題なし（業務と並行して計測OK）
となりますので、ぜひご協力をお願いしたします。
これらの情報をまとめた資料もあわせてご確認ください。（[JBDナレッジ](https://wiki.jbdcl.com/696dbc519ff03c06b0ee974c)からもダウンロードできます）
```
\\jbdmng\全社共有\47期\40220_AIビジネス事業部\AIビジネス事業部_データ収集協力について【再度お願い】.pdf
```

#### さらに！分析結果が確認できるようになりました
今まではデータ収集に協力いただくのみでしたが、ストレスがあるかも？の分析結果を確認できるようになりました。
【確認方法】
- １回（最低２分）以上の計測履歴がある状態で、計測を開始
- 少し経つと顔映像の下部に「分析結果」が表示されます
【注意点】
- 本分析結果の正確性は一切保証しておりません。参考程度にとどめていただくようお願いします
- 分析に必要な分のデータが足りていない場合、分析ができません。ご了承ください

▼ご協力はこちらから
[https://ai.gs-biz.com/memmen/](https://ai.gs-biz.com/memmen/)
お忙しいとは思いますが、業務の合間にご参加いただけますと幸いです。どうぞよろしくお願いします。"
0,ry-hanada,あ、最近すっかりさぼりぎみでした。やっておきます。
0,mattermost,"@channel
## 高田馬場の停電作業開始のお知らせ

* 高田馬場停電作業を開始します。
* 対象機器は、以下のものになります。

　

|機器名|対象有無|
|-|-|
|ドメインコントローラ|○|
|開発サーバ|-|
|プロジェクトフォルダ|-|
|SVN|-|
|VPN接続|-|
|インタネット|○|
|WIFI接続|○|
|プリンタ印刷|○|
|拠点からの接続|○|
|電話|○|
|冷蔵庫|○|
"
0,mattermost,"@channel
## 高田馬場の停電復旧完了のお知らせ

* 高田馬場停電復旧が完了しました。
* 対象機器は、以下のものになります。

　

|機器名|動作確認|
|-|-|
|ドメインコントローラ|:sumi:|
|開発サーバ|-|
|プロジェクトフォルダ|-|
|SVN|-|
|VPN接続|-|
|インタネット|:sumi:|
|WIFI接続|:sumi:|
|プリンタ印刷|:sumi:|
|拠点からの接続|:sumi:|
|電話|:sumi:|
|冷蔵庫|:sumi:|
"
0,kawashima,"@channel 

### 大阪本社２階ＨＵＢ交換について

3/5（木）AM8：00～AM8：30において、HUBの入替作業を行います。
出来る限り早急に入替作業を行いますが、入替作業中は大阪本社２Ｆでは業務出来ません。
ご不便をおかけしますが、ご協力よろしくお願い致します。
"
0,kawashima,"@channel 

### 大阪本社２階ＨＵＢ交換について

本日、HUBの交換を致しました。
現時点では、邪魔ならない所（机の上）にHUBを置いておりますが
3/8（日）にLAN増設を行い、格納しますので
触らずそのまま置いておいてください。"
1,r-isahai,"各位　@channel 
### 【MemMen社内検証】引き続き、ご協力をお願いいたします
社内でのデータ収集にご協力いただいている皆様、本当にありがとうございます。
#### まだまだデータが足りていません！3月末にむけてラストスパート、ご協力お願いします
本検証は3月末までを予定しております。
「最低何秒のデータで推定できるのか？」を検証するため、まだデータが不足しています。
1人10秒でも構いません。
少しの時間でも構いませんので、ぜひ計測にご協力ください。
　
▼ご協力はこちらから
[https://ai.gs-biz.com/memmen/](https://ai.gs-biz.com/memmen/)
みなさまお忙しい中、再度のお願いとなってしまい恐縮ですが、どうぞご協力をお願いいたします。"
0,tos-tanaka,"@morita 
お疲れ様です、SP事業部田中です。
セキュリティソフトの更新をMacPCに適用しようとしたところOSの更新が必要となりインストールできませんでした。
ソフトウェアアップデートを行おうとすると、パスワードが必要となりアップデートできない状態になっております。
この場合での適用手順教えていただいてよいでしょうか。
MacOSのバージョンは12.6.4となっています"
1,morita,"@all 

### 【注意喚起】迷惑メールに関して

掲題の件、以下のようなメールを確認しております。
ヘルプページ、利用中のサービスがリンクとなっています。
リンクのドメインが`windows.net`等になっているので、公式感はありますが偽物です。
不用意にクリック等しないようご留意ください。

```
件名：あなたのアカウントは別のデバイスからアクセスされました。 
本文：
不正アクセスを防ぐための重要なセキュリティアラートです。
心当たりがない場合は、すぐにアカウントの設定を確認し、身に覚えのないデバイスをすべてログアウトさせ、パスワードを変更する必要があります。
自分で新しいデバイスでログインした場合は問題ありませんが、不審な場合は詐欺の可能性もあるため、x2.jbd.co.jpのヘルプページ
（または利用中のサービス）の指示に従い、アカウントを保護してください。
```
"
0,a-miyabayashi,"@channel 
ビル管理会社より下記ご案内がありましたのでお知らせいたします。

### 【名古屋事業所】

### 電気設備定期点検による全館停電のご案内

－－－－－－－－－－－－－－－－－－－－－－－－－－－－－－－－－－－－－－－－－－－－－

| 項目     | 内容                         |
| -------- | ---------------------------- |
| 停電開始時刻 |2026年3月7日(土)18:00|
| 停電終了時刻 | 2026年3月9日(月)8:50|
| 作業内容 | 電気設備定期点検       |

### 影響の連絡

| 項目                         | 影響有無   |
| ---------------------------- | ---------- |
| 停電拠点のネットワーク接続   | あり       |
| 停電拠点のプリンタ印刷       | あり       |
| VPNの利用                    | あり      |
| プロジェクトフォルダーの利用 | なし       |
| プロジェクトサーバーの利用   | なし       |
| 電話交換機の切断             | あり       |

### 注意事項

| 冷蔵庫内の私物につきまして、停電前に回収をお願いいたします。|
| ----------------------------------------------------------------------------------------- |
| 全館停電のため、作業終了までは館内の電気は使用できません。                                　|
| 作業開始前までにパソコン等の電気設備電源をOFFに願います。また、コンセントも抜いてください。 |
| 冷蔵庫も停止してしまいます。溶けるもの腐ってしまうものは回収してください。              　  |
| 停電中はエレベーターの使用はできません。                                                  　|
| 停電中は断水するため、トイレ等の使用はできません。                                        　|
| 停電の際には、在館者へ周知いたします。                                                    　|
| 点検作業が終了次第、復電いたします。                                                        |
| 天候等により延期する事があります。   


#### 復旧作業後に、作業完了の通知をさせていただきます。

ご不明な点がございましたら、経営管理本部/宮林 までお申し付けください。 
よろしくお願いいたします。 "
0,mattermost,"@channel
## 名古屋の停電作業開始のお知らせ

* 名古屋停電作業を開始します。
* 対象機器は、以下のものになります。

　

|機器名|対象有無|
|-|-|
|ドメインコントローラ|○|
|開発サーバ|○|
|プロジェクトフォルダ|○|
|SVN|○|
|VPN接続|○|
|インタネット|○|
|WIFI接続|○|
|プリンタ印刷|○|
|拠点からの接続|○|
|電話|○|
|冷蔵庫|○|
"
0,mattermost,"@channel
## 名古屋の停電復旧完了のお知らせ

* 名古屋停電復旧が完了しました。
* 対象機器は、以下のものになります。

　

|機器名|動作確認|
|-|-|
|ドメインコントローラ|:sumi:|
|開発サーバ|:sumi:|
|プロジェクトフォルダ|:sumi:|
|SVN|:sumi:|
|VPN接続|:sumi:|
|インタネット|:sumi:|
|WIFI接続|:sumi:|
|プリンタ印刷|:sumi:|
|拠点からの接続|:sumi:|
|電話|:sumi:|
|冷蔵庫|:sumi:|
"
1,morita,"@all 

お疲れ様です。
セキュリティソフトの入替作業にご協力いただきありがとうございます。
ご協力のおかげで残りがおおよそ１００台となりました。
   
期日は`2026年3月27日`となっております。
引き続き、お願いいたします。
  
あわせて、お願いです。
Falconをインストール後、ウイルスバスターのアンインストールを実施できていない方がおられます。
アンインストールを実施するためには社内ネットワークへの接続を維持していただく必要がございます。
定時内であれば随時対応いたしますので、接続の維持をお願いいたします。
業務の都合上定時後になってしまう方がおられましたら、何時ごろになりそう等を事前にご連絡いただければ可能な限り対応いしますので、よろしくお願いします。
  
以上 よろしくお願いいたします。"
0,mattermost,"|登録者|勤務状況|登録日|
|-|-|-|
|@r-fukuyama|:jbd:|2026/03/10 08:58|
"
0,mattermost,"|登録者|勤務状況|開始時間|終了時間|
|-|-|-|
|@r-fukuyama|:otukare2:|2026/03/19 08:58|2026/03/19 18:44|
"
1,morita,"@all 

### 【注意喚起】迷惑メールに関して

掲題の件、以下のようなメールを確認しております。
住所や会社名の漢字に、日本の常用漢字ではない文字（簡体字）が混ざっている
公的機関から、納付書などの重要な個人情報を直接ダウンロードさせるメールが届く
送信元のドメインが「go.jp」などの政府・公的機関のものではない

```
件名：【お知らせ】令和8年度国民年金保険料納付書の発行について
```

フィッシング及びマルウェアのダウンロードを目的としたメールですのでご留意ください。
"
0,t-mineyama,"@morita 
お疲れ様です。
ウィルスバスターのアンインストールで「Uninstall_TrendMicro_Titanium.bat」を実行したのですが、アンインストールができませんでした。
ウィルスバスターがコーポレートエディションかどうかはどのように確認すればよいでしょうか。"
0,morita,"@t-mineyama 

おはようございます。
ウイルスバスターのアイコンが赤なら製品版です。青ならコーポレートエディション
"
0,t-mineyama,"アイコンが赤なので製品版でした。
製品版ですが、アンインストールのバッチを叩いても「ウィルスバスターのアンインストールを確認できませんでした...」が続きます。
社内ネットワークでやる必要があるのでしょうか。"
0,morita,"@all 

### 製品版ウイルスバスターのアンインストールに関して

掲題の件、一部の方でアンインストールの実施が失敗するとの事例が発生しております。
お手数ですが、個別に対応しますので失敗する場合は森田まで連絡をお願いいたします。
"
0,mattermost,"@channel 
## セキュリティソフトウェアの入れ替え作業 完了報告

* 依頼しておりました、新しいセキュリティソフトウェアへの入れ替え作業がすべて完了致しました。
* ご協力ありがとうございました。"
0,morita,"@all 

### 【重要】Windows Update （25H2）に関して?

掲題に関してです。
セキュリティソフトの入替が完了しましたのでグループポリシーでの制限を解除いたしました。

以下、どちらかで適応されます。

- 社内LANへ接続した状態でのPC再起動
- 社内LANへ接続した状態でコマンドプロンプトを起動し、以下のコマンドを実行
`gpupdate /force`

以上 お手数をおかけしますが、よろしくお願い致します。"
0,mattermost,"|登録者|勤務状況|開始時間|終了時間|
|-|-|-|
|@y-mochizuki|:otukare2:|2026/03/31 09:00|2026/03/31 17:48|
"
0,mattermost,"|登録者|勤務状況|開始時間|終了時間|
|-|-|-|
|@h-sekito|:otukare2:|2026/03/31 16:15|2026/03/31 19:08|
"
0,mattermost,"|登録者|勤務状況|開始時間|終了時間|
|-|-|-|
|@tadokoro|:otukare2:|2026/03/31 08:59|2026/03/31 20:43|
"
0,mattermost,"|登録者|勤務状況|登録日|
|-|-|-|
|@m-kaneko|:jbd:|2026/04/1 09:06|
"
0,mattermost,"|登録者|勤務状況|登録日|
|-|-|-|
|@tadokoro|:zai:|2026/04/1 09:12|
"
1,r-isahai,"各位　@channel 
### 【MemMen社内検証】ご協力ありがとうございました

社内でのデータ収集にご協力いただいた皆様、本当にありがとうございました。
おかげさまで、必要なデータを無事に収集することができました。

収集したデータは、検証目的範囲内のみで利用し、
AIビジネス事業部にて適切に管理いたします。

ご不明点などございましたら、@r-isahai までご連絡ください。

今後、MemMen以外のプロジェクトでもご協力をお願いする可能性がございますが、
その際はどうぞよろしくお願いいたします。"
0,a-miyabayashi,"@channel 
ビル管理会社より下記ご案内がありましたのでお知らせいたします。

### 【池袋事業所】

### 電気設備の法定年次点検による全館停電のご案内

－－－－－－－－－－－－－－－－－－－－－－－－－－－－－－－－－－－－－－－－－－－－－

| 項目     | 内容                         |
| -------- | ---------------------------- |
| 停電開始時刻 |2026年4月24日(金)19:00|
| 停電終了時刻 | 2026年4月26日(日)18:00|
| 作業内容 | 電気設備の法定年次点検       |

### 影響の連絡

| 項目                         | 影響有無   |
| ---------------------------- | ---------- |
| 停電拠点のネットワーク接続   | あり       |
| 停電拠点のプリンタ印刷       | あり       |
| VPNの利用                    | あり      |
| プロジェクトフォルダーの利用 | あり       |
| プロジェクトサーバーの利用   | あり     |
| 電話交換機の切断             | あり       |

* プロジェクトサーバーの利用が影響ありの場合
* 各プロジェクトの管理者が停電作業開始時刻までにプロジェクトサーバーの電源を切ってください。
* 停電作業開始時刻までに電源がついているサーバーにつきましては、復旧対応を実施いたしませんのでご注意ください。

### 注意事項

| 冷蔵庫内の私物につきまして、停電前に回収をお願いいたします。|
| ----------------------------------------------------------------------------------------- |
| 全館停電のため、作業終了までは館内の電気は使用できません。                                　|
| 作業開始前までにパソコン等の電気設備電源をOFFに願います。また、コンセントも抜いてください。 |
| 冷蔵庫も停止してしまいます。溶けるもの腐ってしまうものは回収してください。              　  |
| 停電中はエレベーターの使用はできません。                                                  　|
| 停電中は断水するため、トイレ等の使用はできません。                                        　|
| 停電の際には、在館者へ周知いたします。                                                    　|
| 点検作業が終了次第、復電いたします。                                                        |
| 天候等により延期する事があります。   


#### 復旧作業後に、開発庶務より作業完了の通知をいたします。

ご不明な点がございましたら、経営管理本部/宮林 までお申し付けください。 
よろしくお願いいたします。 "
0,mattermost,"@channel 

## 池袋事業所停電に伴うプロジェクトサーバー電源停止の件

* 今週末に池袋事業所の停電に伴い、サーバーの電源を停止致します。
* 停電開始時刻までに、プロジェクトサーバーの管理者は電源の停止をお願い致します。
  * 作業開始時に電源がついているプロジェクトサーバーにつきましては、復旧対応の実施をしませんのでご注意ください。
* お手数をおかけしますが、ご協力の程よろしくお願いいたします。"
0,mattermost,"@channel
## 池袋の停電作業開始のお知らせ

* 池袋停電作業を開始します。
* 対象機器は、以下のものになります。

　

|機器名|対象有無|
|-|-|
|ドメインコントローラ|○|
|開発サーバ|○|
|プロジェクトフォルダ|○|
|SVN|○|
|VPN接続|○|
|インタネット|○|
|WIFI接続|○|
|プリンタ印刷|○|
|拠点からの接続|○|
|電話|○|
|冷蔵庫|○|
"
0,mattermost,"@channel
## 池袋の停電復旧完了のお知らせ

* 池袋停電復旧が完了しました。
* 対象機器は、以下のものになります。

　

|機器名|動作確認|
|-|-|
|ドメインコントローラ|:sumi:|
|開発サーバ|:sumi:|
|プロジェクトフォルダ|:sumi:|
|SVN|:sumi:|
|VPN接続|:sumi:|
|インタネット|:sumi:|
|WIFI接続|:sumi:|
|プリンタ印刷|:sumi:|
|拠点からの接続|:sumi:|
|電話|:sumi:|
|冷蔵庫|:sumi:|
"
0,a-miyabayashi,"@channel 
ビル管理会社より下記ご案内がありましたのでお知らせいたします。

### 【五反田事業所】

### 空調工事による停電のご案内

－－－－－－－－－－－－－－－－－－－－－－－－－－－－－－－－－－－－－－－－－－－－－

| 項目     | 内容                         |
| -------- | ---------------------------- |
| 停電開始時刻 |2026年5月1日(金)21:00|
| 停電終了時刻 | 2026年5月7日(木)08:30|
| 作業内容 |空調工事       |

### 影響の連絡

| 項目                         | 影響有無   |
| ---------------------------- | ---------- |
| 停電拠点のネットワーク接続   | あり       |
| 停電拠点のプリンタ印刷       | あり       |
| VPNの利用                    | あり      |
| プロジェクトフォルダーの利用 | なし       |
| プロジェクトサーバーの利用   | なし   |
| 電話交換機の切断             | あり       |

* プロジェクトサーバーの利用が影響ありの場合
* 各プロジェクトの管理者が停電作業開始時刻までにプロジェクトサーバーの電源を切ってください。
* 停電作業開始時刻までに電源がついているサーバーにつきましては、復旧対応を実施いたしませんのでご注意ください。

### 注意事項

| 冷蔵庫内の私物につきまして、停電前に回収をお願いいたします。|
| ----------------------------------------------------------------------------------------- |
| 全館停電のため、作業終了までは館内の電気は使用できません。                                　|
| 作業開始前までにパソコン等の電気設備電源をOFFに願います。また、コンセントも抜いてください。 |
| 冷蔵庫も停止してしまいます。溶けるもの腐ってしまうものは回収してください。              　  |
| 停電中はエレベーターの使用はできません。                                                  　|
| 停電中は断水するため、トイレ等の使用はできません。                                        　|
| 停電の際には、在館者へ周知いたします。                                                    　|
| 点検作業が終了次第、復電いたします。                                                        |
| 天候等により延期する事があります。   


#### 復旧作業後に、開発庶務より作業完了の通知をいたします。

不明点等ございましたら、経営管理本部/宮林 までお申し付けください。 
よろしくお願いいたします。 "
0,mattermost,"@channel
## 五反田の停電作業開始のお知らせ

* 五反田停電作業を開始します。
* 対象機器は、以下のものになります。

　

|機器名|対象有無|
|-|-|
|ドメインコントローラ|○|
|開発サーバ|-|
|プロジェクトフォルダ|-|
|SVN|-|
|VPN接続|-|
|インタネット|○|
|WIFI接続|○|
|プリンタ印刷|○|
|拠点からの接続|○|
|電話|○|
|冷蔵庫|○|
"
0,mattermost,"@channel
## 五反田の停電復旧完了のお知らせ

* 五反田停電復旧が完了しました。
* 対象機器は、以下のものになります。

　

|機器名|動作確認|
|-|-|
|ドメインコントローラ|:sumi:|
|開発サーバ|-|
|プロジェクトフォルダ|-|
|SVN|-|
|VPN接続|-|
|インタネット|:sumi:|
|WIFI接続|:sumi:|
|プリンタ印刷|:sumi:|
|拠点からの接続|:sumi:|
|電話|:sumi:|
|冷蔵庫|:sumi:|
"
0,y-tomizawa,"お休みのところ失礼いたします。
GW中に在宅勤務をしたい連絡が複数あったため、五反田のサーバーを復旧致しました。
`01_start`の実施ができるようになりましたので、今からVPNを利用できます。
以上、ご報告させていただきました。
"
0,morita,"@all 

### 【注意喚起】迷惑メールに関して

掲題の件、以下のようなメールを確認しております。
弊社利用のメールサービスでは期限切れ等はありません。

```
件名：【重要】メールボックスサービス期限切れのお知らせ（再有効化が必要です
```

本文：

```

ーーーーーーーーーーーーーーーーーーーーーーーーーーーーーーー
jbd.co.jp オンラインポータル
ーーーーーーーーーーーーーーーーーーーーーーーーーーーーーーー

お客様各位、[メールアドレス]

お客様のパスワードは8月25日（火）に有効期限が切れます。現在のパスワードを引き続きご利用いただくには、以下の内容をご確認ください・

アカウントを確認するには、以下のリンクにアクセスしてください。

ーーーーーーーーーーーーーーーーーーーーーーーーーーーーーーー
URLリンク
ーーーーーーーーーーーーーーーーーーーーーーーーーーーーーーー

パスワード認証が完了しない場合、アカウントが停止される可能性があります。

(c)jbd.co.jp Mail Corporation

```

フィッシング及びマルウェアのダウンロードを目的としたメールですのでご留意ください。"
0,mattermost,"|登録者|勤務状況|登録日|
|-|-|-|
|@min-son|:zai_kyaku:|2026/06/12 09:00|
"
1,morita,"@all 

#### パソコンに偽のウイルス感染警告を表示させるサポート詐欺

お疲れ様です。
掲題の件、ここ最近で問い合わせが数件ありましたので共有します。

ウェブサイト閲覧中に突如ウィルス感染の通知が表示されたり
ビープ音が鳴ったりと不安をあおってきます。
このような場合「偽のセキュリティ警告」の可能性が非常に高いです。

むやみに画面は触らず、まずはネットワークの切断をお願いします。
その後、連絡いただけば対応いたします。

下記サイトを参考に各自注意をお願いします。

https://www.ipa.go.jp/security/anshin/attention/2024/mgdayori20241119.html
https://www.mcafee.com/ja-jp/consumer-support/help/support/block-fake-alert.html

"
0,m-kosaka,"@channel 
# SSL証明書の更新作業のご案内
* 6月30日(火)、下記の日程・時間帯でSSL証明書の更新作業を実施いたします。
* 数分間の業務支障の発生が予測されます。

| 項目 | 設定値 |
| ------------ | ---------------------- |
| 開始日時 | 2026/06/30 12:00 |
| 終了予定日時 | 2026/06/30 13:00 |
| 影響 | 数分間の業務支障の発生 |

* 下記の表にて各サービスへの作業状況を記載・更新いたします。

| service | 状況 | | service | 状況 |
| -------- | ---- | --- | -------- | ---- |
| ticket | | | exchange | |
| newbiz | | | toppangm | |
| chat | | | wiki | |
| git | | | gs | |
| lms | | | svn | |
| mm | | | redmine_base | |
| naccs | | | meet | |
| meetdraw | | | mfidms | |
| ailogin.jbdcl.com | | | skill | | |

直前のご連絡となり恐縮ですが、よろしくお願いいたします。"
0,m-kosaka,@channel 
0,m-kosaka,"# SSL証明書の更新作業のご案内
* 本日、以下の時間帯でSSL証明書の更新作業を実施いたします。
* 数分間の業務支障の発生が予測されます。

| 項目 | 設定値 |
| ------------ | ---------------------- |
| 開始日時 | 2026/06/30 12:00 |
| 終了予定日時 | 2026/06/30 13:00 |
| 影響 | 数分間の業務支障の発生 |

* 下記の表にて各サービスへの作業状況を記載・更新いたします。

| service | 状況 | | service | 状況 |
| -------- | ---- | --- | -------- | ---- |
| ticket |:sumi: | | exchange |:sumi: |
| newbiz |:sumi: | | toppangm |:sumi: |
| chat |:sumi: | | wiki |:sumi: |
| git |:sumi: | | gs |:sumi: |
| lms |:sumi: | | svn |:sumi: |
| mm |:sumi: | | redmine_base |:sumi: |
| naccs |:sumi: | | meet |:sumi: |
| meetdraw |:sumi: | | mfidms |:sumi: |
| ailogin.jbdcl.com |:sumi: | | skill |:sumi: | |

※`ailogin`につきましては、AIBさんの方で実施していただきます。"
0,m-kosaka,"@channel 
上記作業開始します。"
0,m-kosaka,"@channel 
本日12時より実施いたしました上記の作業は完了致しました。
ご迷惑をおかけ致しました。"
1,morita,"@all 

お疲れ様です。
  
何度か通知させていただきましたが、ここ数日、件数が増えているので再通知いたします。
  
以下の内容のようなメールが届いています。
  
```
お疲れ様です。

情報共有体制の迅速な整備のため、LINEグループの作成をお願いできますでしょうか。
作成後は、参加用QRコードのスクリーンショットを本メール宛にお送りいただければ幸いです。

お忙しいところ恐れ入りますが、ご対応のほどよろしくお願い申し上げます。
```

弊社の場合、社長の名前で届くことが多いと思われます。
そのような実態はありませんのでご留意ください。

`開封確認の送付`や`要求の無視`等のアクションは実施しないでください。
"
0,mizuta,"@morita さん
今朝よりzaionの社外アクセスがNGとなります。（xpointも）
社外だけの問題でしょうか。"
0,morita,"@mizuta 

おはようございます。
状況確認しました。対応しますので少々お待ちください。
"
0,morita,"@mizuta 

対応完了しました。
お手数をおかけしますが確認をお願いいたします。"
0,mizuta,ありがとうございます。利用できました。
0,morita,"@all 

お疲れ様です。

フィッシングメールの情報です。
下記のような内容でメール受信しております。

物品の購入等でAmazonを利用されている方はご留意ください。

```
お?客?様?、ご?注?文?の商品について

ご?注?文?いただいた商?品?は、2026年07月07日にお?届?け?を予定しております。

現?在?、配?送?先?および受?取?方?法（""置?き?配""）の設定内容に不?備?がないか、配?送?状?況?の確認画面より再度ご確?認?をお願いいたします。

また、配?送?担当のド?ラ?イ?バ?ーより、お電話（050-3131-4377）またはS?M?Sにて、ご連?絡?させていただく場合がございます。
配?送?業?者：A?m?a?z?o?n
配?送?状?況?を確?認?する
※本メ?ー?ルは配?信?専?用?アドレスから送信されています。
※A?m?a?z?o?n?ポイントの有効期限や、最新の注文履歴についてはカ?ス?タ?マ?ー?サ?ー?ビ?スにお問い合わせください。 

```"
0,y-tomizawa,"@all 

## VPN 01_startバッチが利用できない件

* 現在、VPNを利用する際に依頼している01_startバッチが利用できません。
* 原因は五反田のサーバーがループを起こしているのが原因かと思われます。
* 現在、再起動を実施しております。
* 申し訳ございませんが、少々お待ちください。
"
0,y-tomizawa,"@all 

## VPN 01_startバッチが利用できない件 復旧完了連絡

* サーバーの再起動完了しました。
* こちらで01_startバッチが利用できることが確認取れました。
* 大変ご迷惑をおかけいたしました。"
0,tabe,"@y-tomizawa 
原因と再発防止案はありますか？
あと、start.batを実行してないときに、定期的に送信される事業部長＋自分宛に飛んでくるメッセージは本当に必要なのでしょうか？？"
0,y-tomizawa,"@tabe 
承知致しました。検討致します。
メッセージにつきましては、田渕常務からの指示なので、必要と判断しております。"
0,kanazawa,"@here 
案内が遅れてしまって申し訳ありません。
会議ツール（JBDMeet）の画面が崩れていて、上部にエラーが表示されて全体がうまく表示出来ていません。
mattermost 使い方にも記載していますが、改めて通知します。
暫定対処ですが、Jitsiの画面で「C]ボタンを押すとチャットが開き、画面共有などのボタンを表示させることができます。

復旧については対策中ですのでしばらくお待ちください。"
0,kanazawa,"@here 
会議ツールの画面崩れは対応しました。使っていただいて何か問題がありましたら、ご連絡いただきますようお願いします。
原因の詳細は割愛しますが、nginxの脆弱性対応が、jistiに影響を及ぼしていたようです。"
