id,sales
3000888,4.263823636620437
3000889,0.0198118938704601
3000890,4.579158362813831
3000891,2546.484863276867
3000892,0.012026875345973109
3000893,489.61413477428493
3000894,14.046668383271316
3000895,739.2097482287454
3000896,795.244194696449
3000897,170.5856963999842
3000898,139.76217495848084
3000899,103.30922588267204
3000900,3113.9429270240335
3000901,26.38375822832635
3000902,1.4322480918265312
3000903,22.51310488642798
3000904,26.614735293134803
3000905,0.2789660814291249
3000906,231.49882315496458
3000907,15.855739733025704
3000908,26.767538323380503
3000909,11.618667589043023
3000910,105.48110549830778
3000911,5.737710471786309
3000912,414.2382169886201
3000913,211.21851270588542
3000914,6.896459052187037
3000915,9.02379888754162
3000916,415.49392446530845
3000917,116.55984035822286
3000918,3783.092037641388
3000919,38.802597158384536
3000920,26.508255684319845
3000921,2.6181549688229633
3000922,0.0
3000923,2.7175239057227127
3000924,1129.2595535071998
3000925,0.0
3000926,114.78306743540115
3000927,4.161733467783205
3000928,582.4698874277873
3000929,309.71394739219704
3000930,237.08604161689033
3000931,39.78344083718457
3000932,25.71987964189901
3000933,2316.4468665844
3000934,3.503084610394529
3000935,0.28643492350248057
3000936,10.836101604312317
3000937,15.113029203455795
3000938,0.0
3000939,202.9314953287416
3000940,2.4634047395050667
3000941,4.209704629171864
3000942,4.527944685540807
3000943,20.647979554101624
3000944,0.5896431357138785
3000945,134.32682125190067
3000946,191.225374895552
3000947,1.1023042539204781
3000948,3.0951072936988684
3000949,139.09954472093978
3000950,21.096748014817955
3000951,494.9270818767743
3000952,26.568637876623747
3000953,1.8429719171514627
3000954,5.23310817414758
3000955,0.07141374353933677
3000956,6.306957518272479
3000957,3769.057065383066
3000958,0.0
3000959,646.2494504305663
3000960,12.037556828182407
3000961,1450.2482283053946
3000962,781.3452862618923
3000963,423.57891878765355
3000964,127.61749527827067
3000965,66.67467770492841
3000966,5615.658595004225
3000967,17.504979548949674
3000968,0.7921946846514225
3000969,38.23407635768191
3000970,46.939513482425454
3000971,0.27552917245529746
3000972,429.45438878439967
3000973,10.176849128307452
3000974,11.860680843647765
3000975,13.61547681590034
3000976,87.85076463959558
3000977,3.7110558681729966
3000978,477.08862507280406
3000979,378.4871895778336
3000980,5.63011459491638
3000981,11.554673650789672
3000982,274.6160819492262
3000983,72.6630102277604
3000984,2216.281282256345
3000985,111.68520057911051
3000986,6.996495516960829
3000987,3.878728641667961
3000988,0.12335345075804598
3000989,3.1391910342965588
3000990,1581.7847521253354
3000991,0.0
3000992,165.18877519743674
3000993,6.202135796859809
3000994,750.8808812471453
3000995,384.9619866243829
3000996,233.35494532824578
3000997,48.73889112339006
3000998,30.853246120380124
3000999,2516.8082708043808
3001000,4.603165580403418
3001001,0.6279689403455158
3001002,12.987162729170693
3001003,17.42256423546891
3001004,0.032822224402170884
3001005,242.66762706041487
3001006,2.0601963338316
3001007,3.8741500717299866
3001008,6.330179485216855
3001009,43.68829194599265
3001010,1.2992143791802273
3001011,134.82369709893067
3001012,194.9999940421907
3001013,1.5887251230882455
3001014,3.7938651016084
3001015,125.93752556987212
3001016,29.073631987500114
3001017,570.682765446696
3001018,33.47035524791332
3001019,2.0528957144168603
3001020,3.7619197892171172
3001021,0.0896635478516839
3001022,3.276021148245385
3001023,1288.841068428177
3001024,0.0
3001025,124.18443465488305
3001026,5.079007447968892
3001027,610.7322854855227
3001028,293.2333146611063
3001029,211.4171184714787
3001030,39.49470147531118
3001031,24.933181531218906
3001032,2197.3621246880957
3001033,3.861331133244369
3001034,0.5665902480544052
3001035,13.44721188189594
3001036,16.474988583450564
3001037,0.10836847175555162
3001038,212.06628981520822
3001039,1.8504247785443835
3001040,3.8783133735649153
3001041,5.470618537217871
3001042,39.655593701185694
3001043,0.9241506679010063
3001044,112.66719861193332
3001045,186.7286458840928
3001046,1.1560846133901466
3001047,2.942294794603674
3001048,109.42689531037979
3001049,24.59435653122488
3001050,458.5028097117165
3001051,27.06887907618334
3001052,1.5294574757002102
3001053,2.7328099868956217
3001054,0.0
3001055,2.168657966433393
3001056,1232.995054039091
3001057,0.0
3001058,166.96707364461568
3001059,5.166478589240876
3001060,784.0890661139352
3001061,362.8921130747487
3001062,204.81350861424067
3001063,48.96516213304411
3001064,31.11231974498751
3001065,2224.217124402779
3001066,3.4850389188907567
3001067,0.41203897950089885
3001068,12.139784079731239
3001069,17.41899220603011
3001070,0.0
3001071,224.27441658366274
3001072,0.9608031796795076
3001073,4.151096124898458
3001074,5.954672885893578
3001075,42.610570195110405
3001076,1.1623676932523774
3001077,157.78677079103875
3001078,229.30459742878634
3001079,1.3413782715349507
3001080,3.159379905905354
3001081,92.36544947780467
3001082,29.439279254473956
3001083,628.4365340055051
3001084,24.242552775020528
3001085,2.0163905551431136
3001086,2.959145823672724
3001087,0.1346599736395828
3001088,3.858621307801016
3001089,1789.12552077129
3001090,0.0
3001091,193.86637832599934
3001092,6.156186079391264
3001093,771.2445931728292
3001094,469.2480277119406
3001095,285.9551024222986
3001096,82.70559741597171
3001097,47.529239935047734
3001098,2906.6638268470288
3001099,8.588219875524256
3001100,0.7994030088907169
3001101,19.00355526458746
3001102,22.477451726605324
3001103,0.12362813212287882
3001104,280.86853855035
3001105,4.335501937489751
3001106,4.022759347181319
3001107,6.714435557526169
3001108,36.942296259476215
3001109,1.7537767731063134
3001110,130.72611175611888
3001111,224.42845785934588
3001112,2.5496737277486026
3001113,5.296247183542
3001114,174.89526625468022
3001115,56.97560739761795
3001116,1014.4892624797284
3001117,39.19720704899503
3001118,4.631606962848947
3001119,3.3181238066067866
3001120,0.004131527829709209
3001121,2.847232415774938
3001122,1258.2413663880202
3001123,0.0
3001124,150.18503960636878
3001125,4.177844217838723
3001126,666.8156705359117
3001127,276.4220359114066
3001128,193.68611131445934
3001129,91.15954357215429
3001130,27.484361590492263
3001131,2088.168197265296
3001132,3.2036818511121066
3001133,0.169915504433835
3001134,13.747528064933405
3001135,18.539631658092006
3001136,0.0
3001137,184.70431873056933
3001138,0.0655908888382707
3001139,3.0998553097015886
3001140,5.977163407520399
3001141,36.412560184809585
3001142,0.8428313022514808
3001143,60.896115301299275
3001144,157.34893614044077
3001145,0.6241362677921383
3001146,2.20499728647996
3001147,70.79920538471033
3001148,32.27123146579264
3001149,894.1270507818704
3001150,40.70235088638417
3001151,1.04043436817215
3001152,4.840151158878775
3001153,0.07452802237412481
3001154,6.074244229982132
3001155,3094.0974369876208
3001156,0.0
3001157,412.42871796823664
3001158,8.330971372545413
3001159,1145.8441314064821
3001160,816.0808847476621
3001161,429.7767158905343
3001162,137.27727298506167
3001163,79.54610812416011
3001164,4481.3067139262785
3001165,11.612123631554882
3001166,0.7660380751610616
3001167,28.65948275911096
3001168,36.937189090438025
3001169,0.19272128240438624
3001170,397.1626298559533
3001171,4.5529997038014365
3001172,9.14528842500365
3001173,9.418575122577725
3001174,59.3798682020054
3001175,1.9900697205672828
3001176,232.59252693501077
3001177,322.65589181000115
3001178,3.8567002185579957
3001179,7.548409292638185
3001180,247.13579095619073
3001181,69.71950655868672
3001182,2069.6763252193396
3001183,71.96306736756472
3001184,9.823057879836142
3001185,0.3640000977024508
3001186,0.0
3001187,1.016947988645743
3001188,878.7603070237809
3001189,0.0
3001190,181.83272052623383
3001191,1.4198446467457875
3001192,213.94468873033773
3001193,250.6965752494943
3001194,98.571587035502
3001195,41.848781172506015
3001196,20.377009516542262
3001197,1165.7347744260694
3001198,2.594824802931557
3001199,0.0
3001200,7.459489165415482
3001201,10.810869255914128
3001202,0.0
3001203,111.23446766517284
3001204,1.3027390973790611
3001205,3.7499208146040637
3001206,2.9675922825835825
3001207,23.247246244344606
3001208,0.09221277851817604
3001209,45.85776852808873
3001210,89.30376473100418
3001211,0.5631664591213916
3001212,1.5096136198977526
3001213,66.67416117683626
3001214,14.224047961099567
3001215,774.2130508712427
3001216,33.712306820661034
3001217,1.7121748268363413
3001218,4.7285186071181355
3001219,0.2469568638675114
3001220,3.7103024244694147
3001221,1852.2410191017532
3001222,0.050855625889148284
3001223,181.57501303888097
3001224,6.555210905952044
3001225,809.5434133786081
3001226,418.34502267153647
3001227,266.58697615908426
3001228,60.44688612382133
3001229,36.198562328367736
3001230,3023.4769866753772
3001231,6.117265634453971
3001232,0.8162808418032874
3001233,13.86259697742978
3001234,18.875894573262315
3001235,0.090654632237407
3001236,269.94324400599777
3001237,2.8874904497797513
3001238,4.558436714437914
3001239,6.521686304130946
3001240,44.9531205956919
3001241,1.3429342689178903
3001242,120.49004963075566
3001243,175.91112600536525
3001244,1.6172858613531234
3001245,3.829535239731837
3001246,127.00049677264815
3001247,32.8705964764442
3001248,780.900202099104
3001249,33.02161002941389
3001250,2.766615359431483
3001251,4.766479358871259
3001252,0.07275888448080331
3001253,5.667974951081151
3001254,2881.807426815692
3001255,0.08524852317326277
3001256,546.0597772406768
3001257,14.59687158741565
3001258,875.7142053514482
3001259,884.0860569571943
3001260,232.0491772461408
3001261,153.32469590444305
3001262,109.82724705549157
3001263,3734.418875176613
3001264,26.6445808359127
3001265,1.2149420510870872
3001266,22.805973137649936
3001267,27.925462983961786
3001268,0.27352786244313143
3001269,246.45787919777902
3001270,16.78521700884054
3001271,25.472660922788748
3001272,12.096216969224145
3001273,87.16549924299873
3001274,5.454431107175664
3001275,334.9914409393732
3001276,290.2980768340538
3001277,7.492593426120733
3001278,9.780534410992086
3001279,452.51356943985047
3001280,127.00902892420817
3001281,4092.8088139757274
3001282,42.060322382560784
3001283,28.953299416013635
3001284,4.965254171799887
3001285,0.11456866448250375
3001286,6.050293840444861
3001287,2889.432529045008
3001288,0.0
3001289,510.0020813539842
3001290,8.277503557784058
3001291,964.3382122460814
3001292,882.1607984016982
3001293,374.95972443157115
3001294,112.3846163240383
3001295,61.70874443096197
3001296,3848.121561475789
3001297,8.981362034375122
3001298,0.7817772655137598
3001299,25.130904991422092
3001300,35.75730357017029
3001301,0.19159651532090025
3001302,356.3342315019206
3001303,4.9384627460398285
3001304,11.106316231457557
3001305,10.049863664065777
3001306,58.31099876014763
3001307,1.9729095570029118
3001308,184.46180729428852
3001309,302.78731389219774
3001310,3.854691489848112
3001311,6.430510851713611
3001312,180.9363445126159
3001313,59.35918239459042
3001314,1959.6410248542595
3001315,61.11552402206755
3001316,7.039759656750844
3001317,5.991098193907697
3001318,0.6655790611854817
3001319,6.4993290779952915
3001320,2376.2623508958286
3001321,0.2568567369679412
3001322,454.60912977561736
3001323,7.946446598158268
3001324,948.4538627588838
3001325,718.5357223229005
3001326,298.64816997041623
3001327,123.72542789194999
3001328,63.75134508516385
3001329,3723.543617777752
3001330,7.389359643084765
3001331,0.8776380501324395
3001332,24.58378886682787
3001333,33.684466531661045
3001334,0.38100471886238935
3001335,314.0802392869712
3001336,3.295458660268352
3001337,12.077698117294167
3001338,12.840122060910304
3001339,62.59888895074323
3001340,2.1206668882284605
3001341,116.5843397790378
3001342,237.28816634578172
3001343,2.8026330916782247
3001344,9.090324350165789
3001345,144.92300169086386
3001346,50.624663731933516
3001347,1602.95435658291
3001348,53.6122679490804
3001349,3.9522955593022377
3001350,3.4073784350808056
3001351,0.1820545590928837
3001352,3.510382364635362
3001353,1313.3197603055319
3001354,0.003822698159208562
3001355,146.50255244289198
3001356,4.486298399516803
3001357,519.2645145470925
3001358,288.6007852156562
3001359,182.39196380658663
3001360,76.38162728117221
3001361,38.28276307441046
3001362,2163.1195280178763
3001363,3.4111279138768156
3001364,0.6116808529500708
3001365,14.87933500097605
3001366,18.33331037756409
3001367,0.1769638572441872
3001368,225.54507492248578
3001369,0.7561080040784389
3001370,5.305012160631922
3001371,5.197233199064644
3001372,45.27851789644214
3001373,1.2744379492800078
3001374,80.1067055349882
3001375,160.7943503401999
3001376,1.146297448889134
3001377,3.106720001166347
3001378,93.89803538855328
3001379,37.24947428603512
3001380,766.2646143883384
3001381,29.53683529692317
3001382,1.4057184994940322
3001383,2.419397422531742
3001384,0.0
3001385,3.0422246274629456
3001386,1416.862273635655
3001387,0.009322438667600583
3001388,270.4426202221226
3001389,9.277029963728669
3001390,503.5608851767638
3001391,443.68418553244027
3001392,139.75666670057433
3001393,62.350748522755815
3001394,53.691946330335504
3001395,2010.2707437137094
3001396,14.744627205818787
3001397,0.45868507793410307
3001398,11.173337898706977
3001399,14.836270371443176
3001400,0.0577205752618526
3001401,155.6745304904204
3001402,4.4899414185803295
3001403,9.04693365415844
3001404,7.128795576328816
3001405,66.7653210197226
3001406,2.806022283484165
3001407,409.5414665352237
3001408,175.22403801516955
3001409,2.3739879464515328
3001410,4.248946342376319
3001411,230.50628244063566
3001412,47.608012453493785
3001413,1672.8426737780721
3001414,25.4543950771551
3001415,9.760635517117336
3001416,3.8137921678106377
3001417,0.15669402591012752
3001418,6.839041170229645
3001419,3642.437376762827
3001420,0.22557101367596108
3001421,788.898904160431
3001422,17.41490932901373
3001423,1054.0460600357167
3001424,1142.3353688831091
3001425,294.1210763693505
3001426,178.12494826563088
3001427,128.5323180987899
3001428,4299.739031530128
3001429,19.553316902895236
3001430,1.8658339627202611
3001431,25.589706491415544
3001432,33.69805267692705
3001433,0.5421052333721585
3001434,287.49109748866374
3001435,11.581464582461226
3001436,47.14498248355283
3001437,18.362514455168206
3001438,140.4678664838386
3001439,7.142923694155565
3001440,394.65707190505265
3001441,348.00945644297235
3001442,11.375479978853054
3001443,14.066552814063245
3001444,476.0600821630838
3001445,143.6655419334384
3001446,5897.202973504026
3001447,64.98872735227724
3001448,28.853175632244117
3001449,1.700205279446355
3001450,0.0
3001451,4.482458184647968
3001452,1641.294359308748
3001453,0.0
3001454,298.5947028796101
3001455,5.037737357911203
3001456,418.2422081157203
3001457,454.26582551173817
3001458,135.73379112887352
3001459,74.00790442240772
3001460,62.624402701342284
3001461,1751.9009121675228
3001462,5.9022833012469595
3001463,0.4947560263572027
3001464,13.428836663124981
3001465,16.57974333939207
3001466,0.0
3001467,125.14505074321276
3001468,0.1694698148600629
3001469,26.45650064714087
3001470,13.64434158903563
3001471,112.00086793201595
3001472,2.8693868324292136
3001473,130.67439685719418
3001474,129.46829987168525
3001475,2.1316753750750257
3001476,3.317840992381049
3001477,118.10973804651938
3001478,35.7619638408805
3001479,2063.346735161394
3001480,32.33411347839094
3001481,2.3018061363837545
3001482,3.1380911291187763
3001483,0.059662007225699795
3001484,3.0162095031754523
3001485,1261.9210937886908
3001486,0.0
3001487,221.82955776088698
3001488,5.285445226996704
3001489,428.8212075306364
3001490,294.89764480925845
3001491,127.10768096137176
3001492,52.53038059725587
3001493,38.44781175437098
3001494,1719.7060032644747
3001495,4.024503469838413
3001496,0.6003265816717791
3001497,8.913853649263194
3001498,10.699416414418705
3001499,0.03974865226392126
3001500,106.49518042791455
3001501,1.35027776791012
3001502,7.555105816621591
3001503,6.0236493881171445
3001504,43.77986824977398
3001505,1.1245499432268127
3001506,152.65209640156255
3001507,181.85573731069803
3001508,1.8109299159531074
3001509,2.8227605591103964
3001510,110.4567775661168
3001511,23.184736873761914
3001512,1273.552505117239
3001513,25.76531502831917
3001514,2.836766654474227
3001515,3.8388269398939743
3001516,0.17909055360067783
3001517,7.260391881234188
3001518,3051.210955231505
3001519,0.13565832576728465
3001520,644.5247160768282
3001521,13.17404488667928
3001522,852.8628298805836
3001523,933.4681325194716
3001524,266.9052255246753
3001525,174.27249326856236
3001526,101.39779581015952
3001527,3508.2502006470027
3001528,17.696908549975525
3001529,1.9553292814416405
3001530,20.586787111581145
3001531,27.493677412428703
3001532,0.6962312545486835
3001533,235.20050573425127
3001534,6.525370464887885
3001535,36.43345500589911
3001536,13.196247560256332
3001537,119.76857765586246
3001538,4.468678153603843
3001539,329.4615780602416
3001540,302.8721106521816
3001541,8.717775088586537
3001542,9.792156021897782
3001543,390.7721811160047
3001544,108.05822813089439
3001545,4735.4227271186
3001546,41.5721303056075
3001547,23.687304794612583
3001548,5.285794455994244
3001549,0.153496169732267
3001550,4.7612463135578516
3001551,2811.360451062017
3001552,0.06169002594291359
3001553,663.2376873752243
3001554,10.036522374945914
3001555,957.6659402508966
3001556,1039.1896815358452
3001557,378.3477284572643
3001558,170.2033937290205
3001559,66.49051703575485
3001560,3492.1334697846028
3001561,7.49649127897117
3001562,1.2292611716526345
3001563,21.44737501461082
3001564,26.889674729670368
3001565,0.5910675362350475
3001566,278.3693268679977
3001567,1.2328535969447927
3001568,10.08651214324064
3001569,8.34072611792679
3001570,75.3250293221161
3001571,2.1243296886539946
3001572,153.48336716981498
3001573,297.21282855567
3001574,4.762960728070916
3001575,6.600910807160818
3001576,190.68758248970394
3001577,66.03888618731818
3001578,2673.0934807865015
3001579,56.902788336534435
3001580,6.1863374170740775
3001581,4.325470538879619
3001582,0.3975233688341717
3001583,4.405314318496189
3001584,2828.4549656492827
3001585,0.13477706481754395
3001586,496.78581361194557
3001587,8.851599561691245
3001588,830.8192958496227
3001589,851.0336529520127
3001590,268.91874926390346
3001591,112.95181341728072
3001592,60.67098545320019
3001593,3895.804495316206
3001594,7.14078088196619
3001595,1.1413034066191399
3001596,15.728966898287151
3001597,21.15074046170021
3001598,0.27979110545484487
3001599,248.00519477466835
3001600,1.2304238300384815
3001601,14.103341058278756
3001602,9.52653018807032
3001603,82.59630090235046
3001604,2.0184527110078743
3001605,139.36322303963237
3001606,265.4567379107537
3001607,3.4548953765415167
3001608,5.230428268351212
3001609,179.44077975255453
3001610,59.15699142469351
3001611,2632.3851759989006
3001612,57.854713634385796
3001613,3.769542956294365
3001614,9.056531981190632
3001615,0.5371399166909661
3001616,13.098548262472805
3001617,6911.816177906595
3001618,0.6373035660354656
3001619,1245.5068905792982
3001620,32.194634144320716
3001621,1875.1520504318837
3001622,2182.6112222480174
3001623,436.30130169754955
3001624,345.7638028188098
3001625,263.3931923801676
3001626,7336.472989112705
3001627,70.54444264022389
3001628,3.3619900859000627
3001629,48.4894223087202
3001630,66.98891657458698
3001631,1.4897786222816367
3001632,487.222202597387
3001633,40.90205099550818
3001634,62.299232760638255
3001635,34.855294710613414
3001636,263.369367460364
3001637,16.08971404797913
3001638,1058.6806494310242
3001639,507.9970812844518
3001640,21.174564894158877
3001641,29.353402476762994
3001642,1159.4186710949484
3001643,408.05668828316215
3001644,11542.457275438856
3001645,94.91080204734946
3001646,78.97313406084535
3001647,3.1023701240313164
3001648,0.04744860828465198
3001649,3.1857018597491162
3001650,1317.392800509256
3001651,0.05302460251413863
3001652,178.47167945391794
3001653,4.564333586364676
3001654,619.7402065829517
3001655,318.5946876333239
3001656,176.18529511082392
3001657,108.89685024941933
3001658,36.36548639069706
3001659,2222.9498034948065
3001660,3.0522436006800824
3001661,0.5933491654573131
3001662,15.41753750727132
3001663,19.0915873590975
3001664,0.14450112676119525
3001665,219.9823781167137
3001666,0.6238879175177268
3001667,4.829349970772225
3001668,8.058602097277454
3001669,59.06076578627574
3001670,1.2000026635212264
3001671,82.37431566113463
3001672,154.33393317838284
3001673,1.6471197058743754
3001674,3.1935835257721594
3001675,103.18441795938186
3001676,28.45545373119038
3001677,1170.0666363158728
3001678,44.724160823784764
3001679,2.187118745117545
3001680,5.7890810933863195
3001681,0.1933821097119022
3001682,5.445117608429412
3001683,2829.7301500601443
3001684,0.0
3001685,544.1435900552319
3001686,8.629563878500532
3001687,1105.7156794948503
3001688,774.3234769205202
3001689,320.8478571038017
3001690,170.20731570964304
3001691,66.39751422441601
3001692,4172.155874220935
3001693,10.333090636067503
3001694,0.9526707678333013
3001695,22.079891436276217
3001696,28.97387402128715
3001697,0.4120043799149356
3001698,328.42415828767156
3001699,4.321614929936032
3001700,11.119464266648668
3001701,14.010913170930555
3001702,59.98666228951954
3001703,2.0330629584433773
3001704,286.67277875944865
3001705,361.7027115301065
3001706,3.8236687754224183
3001707,6.760306954229041
3001708,145.10303744537393
3001709,50.99605936850981
3001710,2034.3114396447254
3001711,70.5552779815828
3001712,3.968351315000815
3001713,1.6993500771228458
3001714,0.0
3001715,1.9950724029084226
3001716,947.8534187837035
3001717,0.0
3001718,117.46603907368853
3001719,2.738351022035175
3001720,415.68698695255074
3001721,201.26231372823074
3001722,115.57924222505348
3001723,97.4468733250869
3001724,22.33672741666168
3001725,1520.7973377945596
3001726,1.6219222168890477
3001727,0.1376692798339837
3001728,9.65536097499854
3001729,9.484602919046633
3001730,0.0
3001731,155.89095471686554
3001732,0.10674915724059263
3001733,3.0562587248475808
3001734,4.727680724496407
3001735,37.62010977941458
3001736,0.4550726082143175
3001737,55.01458352044756
3001738,121.51942837574683
3001739,0.6055939372377728
3001740,1.5778393864056066
3001741,62.00469905909798
3001742,13.114913426732196
3001743,635.7743011342604
3001744,40.523117692179085
3001745,0.895147001563789
3001746,4.896086787636264
3001747,0.28804446864095323
3001748,4.175263946477772
3001749,1913.3635268569951
3001750,0.06588601845855795
3001751,260.16683991304313
3001752,6.2844811969532
3001753,929.5758630591159
3001754,495.707417162896
3001755,233.60398471668407
3001756,146.4253086000059
3001757,54.074434928019535
3001758,3203.297781234817
3001759,3.555277569387707
3001760,0.7301531826237138
3001761,21.392781731858314
3001762,27.52011053109026
3001763,0.16051539204566231
3001764,296.89998383862655
3001765,0.7207741935947991
3001766,6.249327034045633
3001767,17.833345177988843
3001768,86.05919428506482
3001769,1.8767503540153472
3001770,170.3976801964964
3001771,310.445542608166
3001772,1.9254640945522596
3001773,4.19095183053305
3001774,147.72473375695105
3001775,47.76240659006493
3001776,1741.1396760213763
3001777,50.00397532866703
3001778,1.0711383041097071
3001779,3.917306622175862
3001780,0.0
3001781,3.4352826292308674
3001782,2446.8604227927917
3001783,0.0
3001784,532.3841811937461
3001785,8.951787621179346
3001786,805.1014997084094
3001787,623.990637595487
3001788,230.2428687317594
3001789,119.71456197615916
3001790,66.0181411031695
3001791,3451.095978895056
3001792,6.179840454005444
3001793,1.0012725952380679
3001794,27.233894652157215
3001795,33.49903647686256
3001796,0.1862063610878861
3001797,333.2393337939398
3001798,4.599047134368825
3001799,8.462691831628161
3001800,9.474784189208373
3001801,64.4384428124441
3001802,2.105198122906042
3001803,201.55275073126924
3001804,277.4472997313208
3001805,3.954460308752507
3001806,5.951276595129493
3001807,135.12433339306915
3001808,38.221703587220894
3001809,1562.7798104335093
3001810,62.43342810164409
3001811,2.2078013263394745
3001812,2.8931204895173646
3001813,0.0
3001814,2.483715068863793
3001815,1248.398590585753
3001816,0.0
3001817,114.52801447247782
3001818,2.6694024271460566
3001819,447.92966686252873
3001820,196.61167753580764
3001821,120.79105433569335
3001822,98.40817808783746
3001823,29.76693798262327
3001824,1792.9203324755642
3001825,1.8815516873856963
3001826,0.20888689847195052
3001827,10.781089092156128
3001828,12.93991008885537
3001829,0.0
3001830,158.187319314735
3001831,0.07658914883685254
3001832,2.8455776347000787
3001833,4.550144771146148
3001834,42.8912376276347
3001835,0.6214732788330126
3001836,83.19044861969786
3001837,145.49624279304163
3001838,0.5917852410251279
3001839,1.5556690230613741
3001840,58.06787149543012
3001841,15.732753942377723
3001842,770.4499184540415
3001843,46.052845248747545
3001844,0.17943734431058775
3001845,3.828556364626338
3001846,0.1710545859674489
3001847,4.786990686253928
3001848,2460.02357256848
3001849,0.0846832914647226
3001850,475.80924090577827
3001851,7.438606298888084
3001852,778.035752179608
3001853,683.1172859802971
3001854,243.18246914545566
3001855,111.17823815014806
3001856,61.39943749835386
3001857,3467.642252145821
3001858,6.150919190815056
3001859,0.7792185117232886
3001860,15.824486444603966
3001861,21.13820799818982
3001862,0.17502747224445261
3001863,258.1657437896327
3001864,1.328566965697167
3001865,12.915411522024135
3001866,8.326166553468429
3001867,93.55276101763097
3001868,1.4948846479473512
3001869,173.44634656927497
3001870,287.8065255832306
3001871,2.643215834948157
3001872,4.459571492626397
3001873,156.27078959482904
3001874,43.02959240529877
3001875,2196.5263385520248
3001876,91.71055072225008
3001877,0.9252939464678285
3001878,3.31780213627305
3001879,0.10339064549603573
3001880,7.303203364112557
3001881,2825.3596793684214
3001882,0.019872410117237033
3001883,573.7926388071423
3001884,12.402876608337397
3001885,924.1643713474156
3001886,799.662757080256
3001887,192.24777462082065
3001888,155.2970995972749
3001889,121.11085147646293
3001890,3578.4236809261165
3001891,34.69856548108805
3001892,1.9208518234673706
3001893,23.55746986330103
3001894,25.70830059893041
3001895,0.49000738799605037
3001896,257.08207433595874
3001897,11.24345007422776
3001898,29.374650391349515
3001899,7.47216608111807
3001900,121.3994386392847
3001901,6.2196124971863
3001902,211.272514790817
3001903,298.6290501368091
3001904,10.309907170098338
3001905,11.915290403845479
3001906,354.06246353531026
3001907,151.58918150082815
3001908,4753.867801501796
3001909,49.824634186305644
3001910,16.572899070202396
3001911,5.444093798223807
3001912,0.022756026656940872
3001913,6.76365150550303
3001914,2349.8283557199265
3001915,0.030162995805508654
3001916,545.7809920044728
3001917,12.950799911528676
3001918,861.77049257893
3001919,716.9338658184865
3001920,224.42210744462878
3001921,132.17487109266773
3001922,104.4545295106658
3001923,3302.7305753814135
3001924,20.255423290908666
3001925,2.0532053506860715
3001926,26.543784200061467
3001927,31.961670686322833
3001928,0.715269063223753
3001929,279.4558538273774
3001930,10.838222373915782
3001931,24.99193874310394
3001932,13.665023104835633
3001933,102.28232747875208
3001934,5.409811539001806
3001935,309.35527497426904
3001936,348.48350979914903
3001937,7.365624760794796
3001938,12.517930946433067
3001939,224.22310226749903
3001940,100.45856884086106
3001941,3600.8270112693367
3001942,52.501180902838634
3001943,15.303736157128892
3001944,5.490073018541955
3001945,0.21546395681911878
3001946,6.568991265841769
3001947,2828.3146051172785
3001948,0.0
3001949,630.1832434993621
3001950,9.533872538617945
3001951,1130.12238333982
3001952,880.3876862516639
3001953,273.08039799755517
3001954,193.52493640987026
3001955,77.8854271303048
3001956,4288.2992732143875
3001957,22.547074469821926
3001958,1.497667081350937
3001959,25.123743274226758
3001960,28.959099874523037
3001961,0.32246388372264584
3001962,322.0367744747587
3001963,6.11733842959835
3001964,18.257422925695142
3001965,9.163574161339593
3001966,83.30950395849867
3001967,3.4452950132706084
3001968,156.69991665932406
3001969,341.0389724174304
3001970,5.908147864179258
3001971,8.52674953292441
3001972,182.19342757036515
3001973,89.15721834829957
3001974,2184.1446233622787
3001975,60.56124115804912
3001976,8.2480874849253
3001977,3.720912348390952
3001978,0.29168347995039007
3001979,4.79090342203632
3001980,2589.9850154770756
3001981,0.43603162204284984
3001982,399.13203795935846
3001983,11.319428209906592
3001984,847.0202856914042
3001985,670.3663704356668
3001986,228.7229756610826
3001987,112.81212396219051
3001988,81.55412819100113
3001989,3477.852616278544
3001990,16.69972077126171
3001991,1.139795211248046
3001992,14.092719040251247
3001993,18.787897990367373
3001994,0.42340798622339865
3001995,241.8206254059542
3001996,12.964295608264614
3001997,25.206443080796728
3001998,7.605174732903977
3001999,83.04933280263506
3002000,4.895869076707401
3002001,354.5442663566636
3002002,281.5814380887238
3002003,4.5487643354979035
3002004,6.605690670318097
3002005,357.5399402041985
3002006,79.35171640496814
3002007,3255.113244012632
3002008,36.53850163721933
3002009,17.86620917637688
3002010,4.015032931438572
3002011,0.0
3002012,4.392645466770526
3002013,3241.8884330507985
3002014,0.0
3002015,514.5573029506298
3002016,8.191288244788076
3002017,1357.001561178675
3002018,747.8203049338488
3002019,294.5633723682369
3002020,128.42437956850517
3002021,58.13279298533401
3002022,4027.3042910687896
3002023,9.94653349529614
3002024,1.1680517115841322
3002025,25.85430231687929
3002026,35.742522896599766
3002027,0.2977433336394304
3002028,374.11114968481326
3002029,2.60000664811829
3002030,10.49369221910335
3002031,10.056821038162797
3002032,87.78974122632614
3002033,2.4289988201491335
3002034,174.17724927115793
3002035,365.6232849360814
3002036,4.317791731768805
3002037,6.639210404493975
3002038,154.3937901786821
3002039,58.712083270901495
3002040,2204.1693892258095
3002041,59.63052562637133
3002042,3.53470377393863
3002043,4.538993342875483
3002044,0.18505469988519957
3002045,7.436456026558304
3002046,2344.720916998207
3002047,0.29923674184249277
3002048,468.38125546856895
3002049,11.131163314984166
3002050,999.8453791124474
3002051,672.70792432634
3002052,226.58647711295296
3002053,128.06510284980487
3002054,94.30326942264747
3002055,3353.800670414324
3002056,14.221871364557641
3002057,1.5390883217070366
3002058,19.12349341499347
3002059,26.008273261717342
3002060,0.4237517818691555
3002061,270.0852853574195
3002062,6.240841318699233
3002063,23.5152363938826
3002064,12.25167794541105
3002065,96.19058533930519
3002066,4.84183068248857
3002067,221.08755779372234
3002068,287.256184993061
3002069,5.035362610864633
3002070,11.932254013079563
3002071,177.76166411043482
3002072,68.23748312714945
3002073,3080.636428728968
3002074,47.00822576865636
3002075,6.058587141614601
3002076,3.273297820264337
3002077,0.14355763841588193
3002078,8.045263105015616
3002079,2413.5860522812895
3002080,0.2596570337255195
3002081,459.821327611148
3002082,10.804038150466315
3002083,867.083593298088
3002084,762.6804737882356
3002085,178.61494387326243
3002086,121.1618379853411
3002087,91.35409871269297
3002088,2751.2703922796923
3002089,18.62331631690787
3002090,1.5258922143634757
3002091,17.16692313776593
3002092,22.434129192654595
3002093,0.45325471062401396
3002094,235.08512619288877
3002095,12.747531756109742
3002096,38.042245178213385
3002097,8.390689169917113
3002098,93.24269884009856
3002099,6.1801562095004
3002100,187.6526419744691
3002101,256.61758890041887
3002102,6.5309942273667945
3002103,8.041698239328204
3002104,211.11740415375593
3002105,70.92956975373889
3002106,3481.91417743168
3002107,42.09985335904634
3002108,12.546091868832812
3002109,3.684887842405809
3002110,0.0
3002111,4.044985965153221
3002112,3575.227271819634
3002113,0.0
3002114,550.4129328681772
3002115,8.286360392929868
3002116,1142.7725163285093
3002117,829.261965673304
3002118,268.9008019243223
3002119,120.58810923120797
3002120,61.3571774636489
3002121,3329.075615928288
3002122,6.736848940141665
3002123,0.6111555795618637
3002124,18.72073407431359
3002125,23.894610734618666
3002126,0.2175648139227046
3002127,189.1322399421966
3002128,1.3907651322594723
3002129,11.269737835848035
3002130,6.618627452321427
3002131,71.80717180203791
3002132,2.6087883094665
3002133,135.07572637499098
3002134,278.7065229122431
3002135,3.928907224826145
3002136,5.7260761814863805
3002137,203.99492087837248
3002138,75.37031302273502
3002139,2170.5307731316652
3002140,55.4368537359883
3002141,1.1002061011999436
3002142,12.813393755828555
3002143,0.17057847474707724
3002144,16.043871903564977
3002145,8130.694766783272
3002146,0.43205843707273006
3002147,1402.6036029729541
3002148,29.07779698423974
3002149,2334.605091783739
3002150,2195.368632623127
3002151,688.6521444335613
3002152,417.0583636382422
3002153,335.65937650608987
3002154,9105.577507711563
3002155,72.954087877232
3002156,3.285401655326832
3002157,73.42789877798819
3002158,89.85064212208623
3002159,1.4114125001871631
3002160,676.6915188744407
3002161,27.782499384119436
3002162,53.12969664880318
3002163,33.472370834443744
3002164,310.1272954239498
3002165,13.387721479822908
3002166,1040.783445852374
3002167,625.9839593220188
3002168,28.046230481303766
3002169,36.8232624478466
3002170,1167.1485909460143
3002171,451.48672044997295
3002172,12910.01506995048
3002173,319.5558191047669
3002174,86.39851964878824
3002175,11.387627362812694
3002176,0.13342524587758958
3002177,13.63912925868981
3002178,6756.557681189068
3002179,0.3113561648450437
3002180,1212.006846928886
3002181,24.775560423689953
3002182,2118.8758895551628
3002183,2108.9955545003495
3002184,649.095724152837
3002185,333.7637609167913
3002186,283.548654823955
3002187,8361.308314831662
3002188,63.42390785700343
3002189,1.729241916294916
3002190,53.68662255384212
3002191,74.40857379387563
3002192,0.9995151605764241
3002193,624.8508385056755
3002194,30.372374282083843
3002195,46.32984528883349
3002196,18.03450251744006
3002197,224.31762314055325
3002198,10.815251196991746
3002199,1036.3195184101378
3002200,647.1919048188346
3002201,24.838354724749582
3002202,43.1885138641342
3002203,1105.3646876301057
3002204,377.61162288664946
3002205,10485.383920874503
3002206,301.22056808495074
3002207,71.71817158865827
3002208,9.78680700044124
3002209,0.0
3002210,13.721142799299539
3002211,5226.11595726903
3002212,0.015554853742595269
3002213,886.3607679532873
3002214,18.867501946087554
3002215,1685.0352100336331
3002216,1486.2878331542086
3002217,602.2743690156382
3002218,157.5201017442402
3002219,161.32289736280978
3002220,7235.441316490746
3002221,47.21585162736381
3002222,0.9796604279408634
3002223,40.32608365989855
3002224,58.61176670052728
3002225,0.5441396841508988
3002226,527.8876078897139
3002227,18.180114771755537
3002228,34.54892472587968
3002229,11.114032414160029
3002230,160.4703368950091
3002231,7.648362219643637
3002232,876.8935295739464
3002233,634.8223022301713
3002234,19.35795902030756
3002235,30.89131888978535
3002236,804.1864509263315
3002237,205.08422978587885
3002238,4566.780229508183
3002239,194.32048395420713
3002240,41.574820080313614
3002241,10.592095626452315
3002242,0.03517292689217757
3002243,16.323849584920126
3002244,5907.621901895983
3002245,0.16676181707398588
3002246,1027.5613875038503
3002247,22.55107850543611
3002248,2047.2757566075638
3002249,1682.4809402208227
3002250,684.0502859999035
3002251,194.42096181696627
3002252,194.56815799230594
3002253,8040.6800798790955
3002254,55.79010826212318
3002255,1.6976711091170746
3002256,49.72348636984831
3002257,72.16726793182389
3002258,0.8588596553865315
3002259,626.7847160263565
3002260,32.8387414623879
3002261,39.23696834770509
3002262,12.553832357077088
3002263,191.84459601524307
3002264,9.50646746113369
3002265,991.1605369981289
3002266,703.1126578875444
3002267,22.931934216526624
3002268,29.23206979915551
3002269,899.5987686137026
3002270,259.70344361433973
3002271,7097.662768668213
3002272,242.1906117905084
3002273,56.75836348259725
3002274,8.324177171810508
3002275,0.0
3002276,12.934998076019053
3002277,4601.264588860593
3002278,0.0
3002279,807.3227327708438
3002280,17.611494686321098
3002281,1488.4336528008944
3002282,1289.8279440234498
3002283,512.2098578185692
3002284,107.55787772247194
3002285,133.91447975514953
3002286,6697.277452915716
3002287,37.056422721995645
3002288,0.6912942703961966
3002289,34.48963865327634
3002290,50.19285139854756
3002291,0.3074133977629071
3002292,499.12260863899866
3002293,25.04746601431926
3002294,25.68789497164743
3002295,7.701424612284688
3002296,124.76279821362775
3002297,5.110235653513166
3002298,929.0085280200258
3002299,654.9555779202135
3002300,16.35283077371018
3002301,23.51791882134944
3002302,673.6999419913537
3002303,138.47392496287821
3002304,2997.661240503525
3002305,174.0760276380742
3002306,26.48799792130834
3002307,9.976711574679577
3002308,0.0004732553081673438
3002309,12.617615820592142
3002310,6487.479179792336
3002311,0.34926701595770826
3002312,1197.8556924412346
3002313,25.625703958656445
3002314,1911.9953490768517
3002315,1900.8591944781633
3002316,493.9415838291559
3002317,326.31073356124796
3002318,262.1926749159168
3002319,7920.178736178081
3002320,61.7305931175491
3002321,1.540895897000952
3002322,50.2816038298256
3002323,68.77759485254835
3002324,0.9049098370024871
3002325,558.8079446307308
3002326,17.80588394202724
3002327,48.66012208751929
3002328,15.5665009365912
3002329,211.92365987171002
3002330,10.77433060774765
3002331,1068.775839140983
3002332,563.1462642418753
3002333,22.75939960920877
3002334,34.60494575257487
3002335,937.0053022501949
3002336,327.2761297474463
3002337,10080.875009524907
3002338,262.3259317365219
3002339,67.17904836168698
3002340,4.9410805934575786
3002341,0.4511841508594201
3002342,5.295653890928681
3002343,1926.5837237919964
3002344,0.5321397670496584
3002345,366.4948044432581
3002346,16.854827774999084
3002347,846.5416528460579
3002348,550.6930604046288
3002349,199.9408669917007
3002350,96.43317604617306
3002351,75.25725380958323
3002352,2814.7262254116263
3002353,15.631436402162265
3002354,1.5523066691073444
3002355,17.30145657153563
3002356,23.71515029002136
3002357,0.6954582866008878
3002358,174.59634862457932
3002359,8.232930441791135
3002360,17.832299034114993
3002361,15.434619449336012
3002362,78.86967721043032
3002363,5.677398677062739
3002364,286.9769489558462
3002365,246.98811606668576
3002366,3.790787087031508
3002367,6.4744132026111005
3002368,261.45067360303716
3002369,75.92252282923369
3002370,2157.186885703657
3002371,21.14492508916764
3002372,9.357775815145049
3002373,8.511308954914814
3002374,0.04970270013725383
3002375,11.959413995267235
3002376,3848.56979601765
3002377,0.14051233104889696
3002378,734.8144560276165
3002379,20.80471397864794
3002380,1395.789782710687
3002381,970.3318194010141
3002382,441.02198805784667
3002383,102.66646257906254
3002384,120.28912790032932
3002385,5464.555498781088
3002386,40.710037018505695
3002387,1.161551476338461
3002388,45.24407983566202
3002389,58.14550057043536
3002390,0.5568651379902927
3002391,488.40214057975504
3002392,13.182951578030488
3002393,19.284797699254693
3002394,10.441473214104604
3002395,139.42679451508087
3002396,6.7674952624567295
3002397,682.9946595347158
3002398,462.7742241306066
3002399,11.627627831379076
3002400,17.938119337437694
3002401,400.3821067636766
3002402,107.54473066706913
3002403,3095.0974609743294
3002404,175.88255537454128
3002405,21.547648549421563
3002406,5.353691643744385
3002407,0.0
3002408,8.547867496393417
3002409,3628.5378100354037
3002410,0.0
3002411,796.9598420411642
3002412,10.659014056424168
3002413,1135.8544231412018
3002414,1201.6554681696564
3002415,296.29547360697893
3002416,232.9383177176059
3002417,155.64296139694673
3002418,4440.789342167254
3002419,22.788909902095558
3002420,1.1279651216942268
3002421,25.986366750920293
3002422,38.98578412332891
3002423,0.6547950986257749
3002424,337.978761027844
3002425,4.306677595173053
3002426,44.919972610695204
3002427,12.048014096336315
3002428,153.87310012561085
3002429,6.9256179756408995
3002430,485.847501323519
3002431,368.4482778755975
3002432,10.833634168648187
3002433,14.345265879026822
3002434,599.8679955090673
3002435,124.22307463521301
3002436,6756.482790631765
3002437,174.77180925599924
3002438,44.16690230809378
3002439,7.928045457938834
3002440,0.556568250619021
3002441,10.703879984221205
3002442,4371.525376494679
3002443,0.2401170122743995
3002444,902.2696446202979
3002445,14.163957169380597
3002446,1354.6458237008608
3002447,1088.1493717136298
3002448,409.92711982278917
3002449,202.2860935623416
3002450,174.18717281580797
3002451,5736.049331146905
3002452,28.618142593738668
3002453,3.425397394743934
3002454,41.49033954951316
3002455,48.47584630912399
3002456,0.9443783826808794
3002457,398.53951351251345
3002458,9.386955821476395
3002459,64.72716211935608
3002460,18.53828256356701
3002461,162.98621397129844
3002462,8.249462569614337
3002463,293.79340650630223
3002464,515.4810846965067
3002465,13.324469669505058
3002466,17.37096330768949
3002467,223.094762271168
3002468,152.14314848545325
3002469,5718.416204884108
3002470,132.31629731990577
3002471,10.99455185623162
3002472,5.8121832513515725
3002473,0.46437943564874923
3002474,8.968570163212094
3002475,2468.5330925229464
3002476,0.38618882094041007
3002477,473.1134151379611
3002478,9.339498047243202
3002479,942.921494824499
3002480,635.5741719774984
3002481,255.16663327462163
3002482,118.91144401502473
3002483,100.80344862473369
3002484,2968.189230893553
3002485,12.095456031042675
3002486,1.5870258763521368
3002487,20.87555914702804
3002488,26.786483712930966
3002489,0.6375683967623853
3002490,220.0300601333106
3002491,4.325978799161474
3002492,23.063633563477087
3002493,13.130034152362617
3002494,122.57491795908895
3002495,4.196417378400019
3002496,159.77508595693723
3002497,282.50993919796343
3002498,4.7442484251337405
3002499,7.169876596500822
3002500,166.39898954091055
3002501,65.63865264105617
3002502,2911.8812908611435
3002503,64.05083808278268
3002504,3.876513359207948
3002505,4.03270199821894
3002506,0.0
3002507,3.3040742004089036
3002508,1708.0561344750968
3002509,0.0
3002510,189.596451071129
3002511,3.701606320453406
3002512,897.7506296979288
3002513,284.94275949960513
3002514,218.78180044925645
3002515,68.134722677829
3002516,31.94140176669341
3002517,2474.7209847185427
3002518,4.724972330122018
3002519,0.6217720426962696
3002520,14.852989268747915
3002521,18.737286114907608
3002522,0.08486414318362465
3002523,203.0174361003961
3002524,0.2202232354902133
3002525,5.124496224615718
3002526,5.7915278888873996
3002527,36.44948029581196
3002528,0.9583674315604063
3002529,47.52176165072904
3002530,200.9558066538169
3002531,0.7483369611446515
3002532,2.2944472120887855
3002533,52.42055749250752
3002534,41.01022564442868
3002535,1226.705275877583
3002536,47.33222267157746
3002537,0.8716015131907482
3002538,4.8812398825501075
3002539,0.1871836505977451
3002540,7.58767493871194
3002541,3035.861694590559
3002542,0.1293980839500688
3002543,592.1089871314595
3002544,13.246260926790661
3002545,1022.1456877350502
3002546,918.1755653146911
3002547,333.5426289990304
3002548,160.64450288451366
3002549,115.08391742716758
3002550,4014.3727308448047
3002551,26.355565568037473
3002552,1.8792179289140027
3002553,28.121309925839057
3002554,31.07363718841615
3002555,0.6765762291863988
3002556,280.2603878590092
3002557,13.634885046216255
3002558,27.74886036946084
3002559,13.407061244455384
3002560,99.99874238078434
3002561,5.381104619999446
3002562,452.3519869703036
3002563,351.5205503925665
3002564,7.877969899652944
3002565,10.643686933662071
3002566,513.3219974190127
3002567,142.8056785837064
3002568,4472.394828885748
3002569,45.267827167167
3002570,33.850560084664004
3002571,4.723804384762952
3002572,0.08243266308305565
3002573,6.140912186553387
3002574,3794.359367505436
3002575,0.30564402937368135
3002576,706.0939483568135
3002577,17.36756300669667
3002578,1184.3250615152945
3002579,1081.6083279839488
3002580,322.18100310027967
3002581,199.58861447434782
3002582,146.2357836929294
3002583,4963.2676902445055
3002584,31.495380393399827
3002585,1.9345914236960748
3002586,28.03055669579483
3002587,36.73462784468267
3002588,0.5781637366554433
3002589,280.81675720187434
3002590,15.63916787074314
3002591,36.4759980454955
3002592,18.559610422329197
3002593,131.71973041344194
3002594,7.928487433297104
3002595,474.54210074464197
3002596,364.94735209311443
3002597,9.044762033375802
3002598,12.683283709435877
3002599,578.1619862872953
3002600,176.22444881387952
3002601,7193.699682259599
3002602,57.1805178060424
3002603,44.85003561831532
3002604,5.594054088818977
3002605,0.17589154550610492
3002606,7.763394930284379
3002607,4329.761694433175
3002608,0.3557533427594145
3002609,788.0242815425011
3002610,16.942246151162678
3002611,1216.1312361279868
3002612,1309.1915843219572
3002613,321.6804894984726
3002614,224.70524714109138
3002615,161.45777544972736
3002616,4892.914003624939
3002617,42.449339294242975
3002618,2.155238205285397
3002619,37.01205647793892
3002620,44.95693678508706
3002621,0.9027619768966222
3002622,363.4102956036194
3002623,23.256424854010593
3002624,37.63952198610614
3002625,25.861980292408333
3002626,203.49929996439502
3002627,9.497623165332296
3002628,618.1819194530726
3002629,354.46704907887573
3002630,15.263167425182765
3002631,20.454008400590126
3002632,667.3610463493048
3002633,212.65156933612582
3002634,7850.221765416866
3002635,82.62379343319249
3002636,51.039382848484
3002637,8.426685608380405
3002638,0.21748460228738795
3002639,6.0531490145347435
3002640,3687.110075839021
3002641,0.07373451776343919
3002642,599.5167563043324
3002643,12.823003217548408
3002644,1420.6517062384655
3002645,1138.997444467853
3002646,512.2182579274943
3002647,140.0688754699048
3002648,76.4780906187783
3002649,5866.659123016244
3002650,10.907643300727782
3002651,1.1422546217108311
3002652,32.01833989997329
3002653,45.52170820081422
3002654,0.3867690618370024
3002655,481.3482960170608
3002656,10.751510081852315
3002657,16.964048115188636
3002658,13.568133017136335
3002659,74.2325440233319
3002660,3.8438643731589774
3002661,378.56118846957014
3002662,483.8176426477953
3002663,7.191566823696261
3002664,11.207734451266912
3002665,416.41665448929956
3002666,77.77441489709764
3002667,2640.777875868519
3002668,104.373901612191
3002669,12.252593128114329
3002670,3.9277313149125836
3002671,0.0
3002672,4.071303352321354
3002673,2188.448115455742
3002674,0.0
3002675,435.8679634310285
3002676,13.868266720589487
3002677,626.3870922092799
3002678,640.7219422850201
3002679,134.87758521242932
3002680,169.70334097620312
3002681,132.77758439534983
3002682,2831.5880439893235
3002683,24.998551049260367
3002684,1.3092128426114504
3002685,18.52644541201311
3002686,21.24009965879203
3002687,0.21108622126310972
3002688,194.9657779891262
3002689,16.163461832196845
3002690,14.174847737979736
3002691,6.191286490478876
3002692,79.71513561442289
3002693,5.325946057267269
3002694,383.7221587284917
3002695,140.68318706393524
3002696,6.5368635456246595
3002697,8.405956445431462
3002698,346.62343087743903
3002699,108.3261615413455
3002700,2130.1124102470553
3002701,0.13219576109400072
3002702,25.15636942010843
3002703,2.200634190422197
3002704,0.0
3002705,1.2820463834046105
3002706,939.370844674358
3002707,0.0
3002708,101.14153016601358
3002709,3.370936232008922
3002710,472.87751630420644
3002711,241.5211661059134
3002712,140.18786524803008
3002713,30.93996151667921
3002714,23.349685413057983
3002715,2114.694332230891
3002716,2.7970794291345618
3002717,0.14929433218396274
3002718,6.925499955099196
3002719,5.951751680449616
3002720,0.0
3002721,137.65574425887294
3002722,1.983666493697751
3002723,0.0
3002724,1.0944644352527275
3002725,11.492896780415752
3002726,0.6215249204498208
3002727,177.78547977901664
3002728,131.56433938001672
3002729,0.8240106165189525
3002730,2.5589519011875863
3002731,125.57348466392673
3002732,18.79352124178667
3002733,198.75723476401993
3002734,0.0
3002735,1.543715404808701
3002736,5.285000985477359
3002737,0.08665945386501502
3002738,5.876154314336591
3002739,3623.1973210852975
3002740,0.0
3002741,609.5516166852665
3002742,14.371263873190049
3002743,1401.7355059522397
3002744,663.1639389610558
3002745,380.13049099713925
3002746,127.70328802253479
3002747,77.78834100432688
3002748,5071.0980348170215
3002749,14.421526790996468
3002750,0.8681880232640913
3002751,29.806701062310168
3002752,32.86841643296885
3002753,0.2111391891088232
3002754,385.1359690097713
3002755,9.235693851244596
3002756,3.3856722754748123
3002757,6.811634083061798
3002758,39.87381898058042
3002759,3.390088204916065
3002760,518.0469956678359
3002761,335.9656585186044
3002762,3.9807796352221247
3002763,9.218952081816058
3002764,316.9787854386805
3002765,63.18253369145462
3002766,577.8382199783065
3002767,15.2676130276011
3002768,6.890654700128319
3002769,3.871551777899503
3002770,0.12170093936172471
3002771,0.8450243026103028
3002772,1628.1430845740663
3002773,0.0
3002774,146.75061720534404
3002775,6.523727843542316
3002776,644.5189707937155
3002777,338.56711868060864
3002778,179.9909014551417
3002779,46.411591585086484
3002780,36.305887566555256
3002781,2517.5604316496974
3002782,4.607511456404374
3002783,0.6223922144849474
3002784,11.371666310984597
3002785,11.370424275485028
3002786,0.02658580927192607
3002787,196.56385099614226
3002788,2.085764711390119
3002789,0.05454589789130009
3002790,5.881561765464098
3002791,27.49476711669054
3002792,1.3300933996955098
3002793,182.4348549439015
3002794,144.73052758061775
3002795,1.5813845485289861
3002796,3.813647616665232
3002797,145.22242250986153
3002798,29.197734786597795
3002799,300.0607369362087
3002800,3.6911011224704406
3002801,2.0745548165164465
3002802,3.754914757350485
3002803,0.08806059605608865
3002804,0.7981634074507107
3002805,1213.8193172889526
3002806,0.0
3002807,117.76908109323705
3002808,5.350449212208166
3002809,549.7631847379128
3002810,267.18436428739153
3002811,153.98704674065834
3002812,37.599940697202186
3002813,29.391556358828495
3002814,2071.7607329667862
3002815,3.865101634401528
3002816,0.5612237793628179
3002817,10.547179834862815
3002818,7.528672924268168
3002819,0.10167589122830392
3002820,154.755975849324
3002821,1.8742404847898477
3002822,0.0
3002823,2.0320572093403553
3002824,25.455822862945862
3002825,0.949992489562627
3002826,146.6351916831417
3002827,128.48555475903422
3002828,1.149970831853627
3002829,2.958563192749995
3002830,109.88258642242698
3002831,24.699975010826854
3002832,235.58633394931056
3002833,1.4202450442173387
3002834,1.5474029880424864
3002835,2.2829262225205866
3002836,0.0
3002837,1.247947874156305
3002838,1195.7178089421252
3002839,0.0
3002840,162.11362836834024
3002841,5.514364758529771
3002842,684.093740613818
3002843,345.5054723658591
3002844,145.66777139628533
3002845,61.108809738018145
3002846,36.21279981583711
3002847,2088.5931261120068
3002848,4.6881286989047135
3002849,0.4705844333214965
3002850,11.061894227091125
3002851,11.105494383588654
3002852,0.0
3002853,179.05219895668202
3002854,1.5870696112482845
3002855,0.297268471195957
3002856,2.3745954988674387
3002857,15.611531551759416
3002858,1.3408856252453236
3002859,156.7245881198124
3002860,165.47122082845468
3002861,1.807615583164364
3002862,3.4937962752281946
3002863,84.94467373638832
3002864,34.028158730295694
3002865,304.3270931077736
3002866,4.829822401013884
3002867,3.0476927127706146
3002868,3.2473463181539364
3002869,0.21725596278342807
3002870,2.4413862171307463
3002871,1754.5360373910914
3002872,0.0
3002873,189.79579653214674
3002874,6.571083629530339
3002875,723.9951299722902
3002876,409.8103699849079
3002877,251.21122779414333
3002878,67.45491653775761
3002879,49.00982105248313
3002880,2849.4340509435533
3002881,7.895189996568982
3002882,5.306702077150022
3002883,15.819683172523881
3002884,13.2848397550548
3002885,0.27493937939438606
3002886,229.64373794098313
3002887,4.4292169204612675
3002888,0.4162068524781716
3002889,4.020755237731718
3002890,22.36552780656293
3002891,1.8129314330546804
3002892,178.37782098812764
3002893,178.60334202956426
3002894,2.4670656004071136
3002895,5.159996045291847
3002896,128.67292559789604
3002897,36.156093774015545
3002898,372.9159958956142
3002899,8.619377326133726
3002900,5.0721479321191945
3002901,3.365714608356444
3002902,0.015198237959328316
3002903,0.543634530332723
3002904,1188.9277560268818
3002905,0.0
3002906,131.5011633512149
3002907,4.490823153273764
3002908,588.715292966149
3002909,248.4115231899006
3002910,139.73423942607974
3002911,83.18369282778586
3002912,28.941427165225697
3002913,1960.2969050033164
3002914,3.270544556166218
3002915,0.2111874743107074
3002916,9.667233986870478
3002917,7.9075743297931105
3002918,0.0
3002919,152.49479810590358
3002920,0.09770281402762417
3002921,0.0
3002922,1.5426538701118142
3002923,15.762345390763222
3002924,0.9078242129823992
3002925,78.81277039337299
3002926,102.76152258548085
3002927,0.663815521082755
3002928,2.288784477427714
3002929,74.03822888652746
3002930,25.970110300789532
3002931,198.21415849246569
3002932,0.014101712229758609
3002933,1.0935974674251416
3002934,1.731044398152361
3002935,0.4077232763580555
3002936,4.145044151625277
3002937,3883.870228317832
3002938,0.6314624823926172
3002939,235.2649235015747
3002940,2.4911174991378218
3002941,586.7502320001504
3002942,439.99265648384204
3002943,217.22320056399633
3002944,92.66454789785135
3002945,2.9324449116919715
3002946,3076.3013263670173
3002947,1.918231575901927
3002948,0.08397084414099239
3002949,6.452947348144981
3002950,22.707699706207926
3002951,0.0
3002952,173.84710025084368
3002953,1.02994366508794
3002954,0.0
3002955,0.6377299393070588
3002956,24.575613659786857
3002957,0.6734674505980207
3002958,262.29646799214174
3002959,186.39351056925426
3002960,1.0510521059641387
3002961,2.2543596432588155
3002962,136.79943826565386
3002963,5.581349663397884
3002964,34.48555392451204
3002965,18.168340828768436
3002966,2.0617189510658984
3002967,0.35696983432250073
3002968,0.0
3002969,0.15245237431519648
3002970,678.3353448573448
3002971,0.0
3002972,127.18094781545128
3002973,1.0866462475705236
3002974,167.09380213328598
3002975,160.3878754434128
3002976,68.30089661316235
3002977,29.64179509506073
3002978,14.165724899461864
3002979,986.1582293043242
3002980,1.5510223078305718
3002981,0.0
3002982,3.7286454007438543
3002983,4.634587368144706
3002984,0.0
3002985,80.82574567743119
3002986,0.6331697860605461
3002987,0.0
3002988,1.9120074063920063
3002989,13.74354291773577
3002990,0.0
3002991,78.07257635997765
3002992,52.343274168037304
3002993,0.07893122735972367
3002994,0.9384762729544172
3002995,60.000231254564596
3002996,10.291049691584025
3002997,165.38767431434823
3002998,19.524176091545407
3002999,1.0952083171573292
3003000,4.703009537421774
3003001,0.24140417010315438
3003002,1.859137570788148
3003003,1713.2534999980583
3003004,0.046176170127530086
3003005,177.4209033244424
3003006,6.868998705548791
3003007,694.8830355147707
3003008,363.07147525989257
3003009,186.18548945017272
3003010,58.46734806733015
3003011,40.66099047276346
3003012,2875.3526858456394
3003013,6.188736233293024
3003014,0.8268185025675161
3003015,12.408586345332395
3003016,10.63516411445364
3003017,0.09410648238326905
3003018,179.4271406209848
3003019,2.9562662722730892
3003020,0.31860031781607884
3003021,2.6720338161253365
3003022,28.167996360643503
3003023,1.396385197641302
3003024,135.76664215745203
3003025,146.44110355000612
3003026,1.6405267406822666
3003027,3.906439727139138
3003028,129.0387493380703
3003029,33.409944618843305
3003030,358.2034286395772
3003031,7.834077567075264
3003032,2.9060461541881026
3003033,4.455030879512765
3003034,0.014819004270210254
3003035,4.984228140695214
3003036,2337.2561739558723
3003037,0.029827744118012582
3003038,486.8537000081591
3003039,14.622379536743985
3003040,704.51184109397
3003041,739.7500430938941
3003042,181.84588062438007
3003043,174.8620828242874
3003044,138.90073502731775
3003045,3384.802322842645
3003046,25.391128425304768
3003047,1.1145128034970755
3003048,18.93146730309141
3003049,19.991070007494468
3003050,0.2125965968638505
3003051,184.31926013581668
3003052,17.209922540983385
3003053,13.062641535779138
3003054,5.6642173841119
3003055,70.35089697991422
3003056,5.093446003647196
3003057,409.11234927292156
3003058,202.42994454692538
3003059,7.150616437527832
3003060,9.171916043154349
3003061,437.3655043790919
3003062,118.70094350297887
3003063,2095.1108466964133
3003064,0.23963833470702883
3003065,27.638544096468305
3003066,4.698996047768061
3003067,0.06482007822566291
3003068,3.5877285241042145
3003069,2574.2813744062464
3003070,0.0
3003071,435.02804504712185
3003072,8.245714661237798
3003073,852.8606282375888
3003074,633.3034437825328
3003075,301.40807744447585
3003076,102.91201358231343
3003077,68.92735615067308
3003078,3613.0060483581533
3003079,8.557300998915661
3003080,0.7060779461653859
3003081,16.93415136072462
3003082,24.344245847896627
3003083,0.13797998473661519
3003084,267.11403144897616
3003085,4.753382804485159
3003086,3.142474069330622
3003087,3.5259204717846737
3003088,27.346736598393832
3003089,1.8947514288730432
3003090,329.5144896217556
3003091,215.22127327601564
3003092,3.662663813961988
3003093,6.09308678803146
3003094,170.5972744737368
3003095,55.92909361305027
3003096,655.5241483029761
3003097,50.92404365556056
3003098,7.2195130138441375
3003099,5.785888201666975
3003100,0.616689250637545
3003101,2.4461372583993537
3003102,2232.972806031276
3003103,0.2199641695790804
3003104,345.0473107035121
3003105,8.108358094275477
3003106,902.645720535009
3003107,500.5923280805056
3003108,260.68869628944196
3003109,109.7399492945934
3003110,57.26949673918576
3003111,3411.842935243557
3003112,6.880549144281478
3003113,0.7839319271786329
3003114,17.643265803094348
3003115,24.568359611806724
3003116,0.3086439641676452
3003117,248.2689691170402
3003118,3.1293312530784076
3003119,2.0796821806905137
3003120,4.3608972691903105
3003121,53.947029683191985
3003122,2.015073735462903
3003123,175.02548528346205
3003124,196.91410981825683
3003125,2.644474042172223
3003126,8.298810657473743
3003127,136.56300216257833
3003128,47.667061712745564
3003129,362.74814976487573
3003130,0.7369463944123427
3003131,3.560273918035585
3003132,3.426688448137023
3003133,0.18723348559203928
3003134,0.9843765979802681
3003135,1404.8891227987601
3003136,0.0
3003137,136.11912441135294
3003138,4.764865136350918
3003139,488.07472908200845
3003140,252.9713988075457
3003141,131.22398416809563
3003142,72.85434733667708
3003143,34.53207243406366
3003144,2123.9188005570545
3003145,3.4404227559462397
3003146,0.6155735719816362
3003147,15.261993420556937
3003148,8.074526136064899
3003149,0.16548092745867343
3003150,161.38232998582234
3003151,0.8015301985059795
3003152,0.16123971951190388
3003153,2.5316067692588327
3003154,29.22539855505845
3003155,1.3089092513539238
3003156,154.04259250574904
3003157,120.24480791421979
3003158,1.1388770484912802
3003159,3.0993598687460704
3003160,95.939144641443
3003161,29.437499106031044
3003162,353.4396365338299
3003163,10.770927720162993
3003164,1.4062046937128785
3003165,2.4958858346307102
3003166,0.011959481053636346
3003167,1.7647232528920398
3003168,1264.387768677012
3003169,0.022479115087146843
3003170,249.80688118131374
3003171,10.020556070723309
3003172,429.4491237021772
3003173,390.80696062999857
3003174,106.24439916256495
3003175,80.69811558785146
3003176,67.17903000849518
3003177,1955.9586526056958
3003178,15.174587331423297
3003179,0.3967742742540783
3003180,10.499602334759802
3003181,10.394907211918833
3003182,0.0
3003183,123.42788086189191
3003184,4.975888923867309
3003185,1.9419559515028681
3003186,3.8395530248447747
3003187,55.515692598336116
3003188,2.9766573854833958
3003189,423.337988519945
3003190,127.42659718728447
3003191,2.5631088003292573
3003192,4.449667985930903
3003193,248.86755733215952
3003194,49.75348150144798
3003195,972.7992443213416
3003196,0.3634142836606833
3003197,10.165467806489461
3003198,3.554965304673967
3003199,0.055563391242030025
3003200,4.094074314299283
3003201,1007.4435659917035
3003202,0.1428621891455376
3003203,755.5672809117377
3003204,17.30302326627956
3003205,868.616082390467
3003206,714.2054452797305
3003207,263.4323980439851
3003208,200.89964958739185
3003209,148.2639733360326
3003210,2379.4257798787703
3003211,18.11037225345806
3003212,1.7300703720528796
3003213,24.30360690303749
3003214,20.685387002549458
3003215,0.4651995310898784
3003216,68.00333073550611
3003217,11.176501542206843
3003218,26.624721542319236
3003219,8.424727526877826
3003220,76.07232511414927
3003221,6.791046115048856
3003222,367.6603687103645
3003223,342.72929649397656
3003224,10.36691375488165
3003225,13.101471883378828
3003226,439.0054500553387
3003227,132.42895217160913
3003228,1726.360389572122
3003229,0.5749065230122752
3003230,25.458368383945515
3003231,1.8927712232380522
3003232,0.0
3003233,1.3851310021054104
3003234,1465.910874762622
3003235,0.0
3003236,296.7790740187875
3003237,6.57206331123475
3003238,375.65475143088804
3003239,406.8709356878759
3003240,112.71214253967868
3003241,80.58434201594136
3003242,71.39820880364225
3003243,1815.3176083685407
3003244,7.06901644467295
3003245,0.6423559570876389
3003246,9.421499228488328
3003247,13.190267386037728
3003248,0.0
3003249,106.04366381688652
3003250,0.29696998615445547
3003251,9.361264122073107
3003252,3.8158697823026166
3003253,83.71050362961915
3003254,2.8557561519677335
3003255,162.74881397073133
3003256,105.0232166192612
3003257,2.392212900559476
3003258,5.606304383473348
3003259,128.67912083668028
3003260,38.05712082414056
3003261,870.3824556383234
3003262,0.19200412001157935
3003263,2.905754444303127
3003264,2.978444743098567
3003265,0.018780546528499507
3003266,0.7739564524184583
3003267,1019.2641469820707
3003268,0.0
3003269,195.74034136771118
3003270,5.322086563082562
3003271,323.20570178613127
3003272,227.9590464970248
3003273,81.47752958616309
3003274,50.95099472760237
3003275,41.72334956037897
3003276,1503.6791579124574
3003277,3.857322913088897
3003278,0.5470788348026654
3003279,8.765141036286002
3003280,5.293303053598473
3003281,0.0025178985987946477
3003282,72.18580909397551
3003283,1.2364395664504113
3003284,1.8342060199948524
3003285,2.1136828846135076
3003286,40.7894140831286
3003287,1.0432444155957468
3003288,144.35931742570028
3003289,121.77570711852078
3003290,1.7169714545040873
3003291,2.6326579647449946
3003292,131.71255611797355
3003293,21.98205071211105
3003294,495.7462198621583
3003295,0.13039657321020978
3003296,2.6542318168335046
3003297,3.6022798165049243
3003298,0.0653724418078448
3003299,5.183212930020575
3003300,2546.6609049223666
3003301,0.09118888045756154
3003302,569.6330266416124
3003303,13.045769400981733
3003304,710.3663904690998
3003305,766.523051180903
3003306,225.07315312899195
3003307,201.81374497964035
3003308,125.18958991926972
3003309,2784.299116742361
3003310,17.76907271127129
3003311,1.373784659535553
3003312,15.721334168000674
3003313,22.48174180571988
3003314,0.3055217074161762
3003315,180.73351352885012
3003316,6.490249068439118
3003317,21.298746543004285
3003318,5.630931529829903
3003319,96.69365566319333
3003320,4.394329026752244
3003321,316.4447515067943
3003322,214.17007999806393
3003323,8.202101398624052
3003324,9.413540752570942
3003325,374.5960507714448
3003326,103.55525370232023
3003327,2316.7753987511737
3003328,0.367244032681862
3003329,20.92279874352414
3003330,5.622838278624714
3003331,0.21442206513688214
3003332,2.387589782589141
3003333,2430.018443838616
3003334,0.11004383679288854
3003335,501.6455945126485
3003336,9.839377785142512
3003337,922.2431289993782
3003338,695.6399845648491
3003339,296.5010193988436
3003340,153.85805375479637
3003341,59.06707564211665
3003342,3454.2466733239266
3003343,6.11374613387196
3003344,1.0284379989584989
3003345,16.71613851593047
3003346,14.817085374996237
3003347,0.37071613255670516
3003348,220.47267469672497
3003349,0.6865853700850906
3003350,2.309230995273036
3003351,4.29637179009375
3003352,51.236395706499195
3003353,1.4164515245161793
3003354,293.3160876479379
3003355,227.20749988225776
3003356,3.1910318822613544
3003357,5.142863599629786
3003358,172.8433008751582
3003359,49.743074505876955
3003360,955.2538103744068
3003361,1.006753255759794
3003362,3.425494343922172
3003363,4.369526341777077
3003364,0.34468589348785594
3003365,2.781976732992043
3003366,2360.1879339153425
3003367,0.10649496335569383
3003368,405.24669236891583
3003369,8.916984460296801
3003370,819.7650252845922
3003371,612.9695201563915
3003372,220.7968264648617
3003373,105.41165529072455
3003374,56.80856810179811
3003375,3195.2215574827683
3003376,6.475453732158713
3003377,1.0660458259900651
3003378,15.072134486315385
3003379,13.562422790118148
3003380,0.21991629712768146
3003381,193.33416425704618
3003382,1.0462825058351668
3003383,2.5332786926173485
3003384,3.373800660594738
3003385,78.01263670170272
3003386,1.7527302274739318
3003387,187.00727429804826
3003388,194.0203467033683
3003389,3.146814114476598
3003390,4.9217803543926015
3003391,177.460209123429
3003392,49.38578212727385
3003393,894.7236864603547
3003394,1.0566186555990362
3003395,3.5431693650739122
3003396,8.504235349607296
3003397,0.3883990848334613
3003398,11.030549111235263
3003399,6194.689844036442
3003400,0.5105753166363081
3003401,1101.3419578349117
3003402,31.42331771353374
3003403,1612.1509603434663
3003404,2015.091532419434
3003405,377.22353892664745
3003406,463.02174558724874
3003407,362.53145005673514
3003408,6419.338153647985
3003409,73.74459207680292
3003410,3.1765182493309725
3003411,47.79182380861202
3003412,56.53695355665812
3003413,1.3776634744613059
3003414,428.3273371893766
3003415,37.266857126688
3003416,37.46386274901075
3003417,21.401994673844055
3003418,218.70851574191653
3003419,15.708860695447054
3003420,910.4864150676966
3003421,407.1828105501037
3003422,20.620212740507377
3003423,25.788629411784996
3003424,1114.296443817915
3003425,414.52594816758824
3003426,5171.27016305489
3003427,0.9637507832463155
3003428,73.63607281662944
3003429,2.722908423934007
3003430,0.031706114576285666
3003431,0.45116755171353506
3003432,1163.6087361468612
3003433,0.0
3003434,136.53566053341626
3003435,3.9554789540229116
3003436,465.89446177237704
3003437,229.5518446310878
3003438,102.64610796030921
3003439,94.14384320217037
3003440,32.35352062233242
3003441,1829.371053911575
3003442,2.428494451180668
3003443,0.34243074139954643
3003444,11.191281979311588
3003445,10.37284263298563
3003446,0.0
3003447,140.12024351647258
3003448,0.3597710810534061
3003449,0.0
3003450,1.7906741325938706
3003451,30.910291300798278
3003452,0.8266297589653464
3003453,124.0583341380309
3003454,100.07172396649256
3003455,1.2666843890299417
3003456,2.596895421089628
3003457,86.55161543444942
3003458,23.03755880100054
3003459,215.63856884797667
3003460,0.20030292512266706
3003461,1.9708893688461746
3003462,4.9531067555000305
3003463,0.34248689342549277
3003464,1.974920950464635
3003465,2449.7311065140575
3003466,0.1359583677366708
3003467,395.592098711256
3003468,8.633589682093605
3003469,1042.747970681245
3003470,564.9779014135792
3003471,221.41386296686937
3003472,141.49120276747624
3003473,61.7908472185422
3003474,3573.961328844865
3003475,8.78143451424974
3003476,0.8667289112610248
3003477,15.312915861910454
3003478,15.992004442870282
3003479,0.3629545768243987
3003480,222.98858868605114
3003481,3.4189530218443114
3003482,2.0425059640247913
3003483,6.744809010277756
3003484,29.53522375841563
3003485,2.2734665835833643
3003486,349.91526447019726
3003487,211.2326050095803
3003488,3.3791932413129118
3003489,6.057007385281239
3003490,134.04742234288085
3003491,49.23883145066435
3003492,684.299483448433
3003493,0.5609591810112993
3003494,3.994426490863243
3003495,1.4767182506037777
3003496,0.0
3003497,0.13618002877912294
3003498,902.3642395112481
3003499,0.0
3003500,92.72072048199962
3003501,2.776844742908782
3003502,345.66116513704503
3003503,136.14211508688405
3003504,72.4256575506134
3003505,89.44644881967605
3003506,22.39543376526294
3003507,1329.2962446235526
3003508,1.3896203446215836
3003509,0.1113907539311727
3003510,5.808654521734974
3003511,2.9110101199242555
3003512,0.0
3003513,98.22637079379412
3003514,0.09723198596404573
3003515,0.0
3003516,0.897135226760799
3003517,24.966020287328778
3003518,0.290559106999246
3003519,99.10522665478662
3003520,68.85897421495756
3003521,0.5341830965089207
3003522,1.2776665562166851
3003523,59.18184937909731
3003524,11.150327410099056
3003525,130.9095411551492
3003526,0.011575631585808295
3003527,0.7929751287125226
3003528,4.526600824684815
3003529,0.20732748329771636
3003530,1.908886995939516
3003531,1544.629054136951
3003532,0.030768784174599946
3003533,193.31127066830607
3003534,5.3834793854542715
3003535,655.5520696481472
3003536,333.0248543559012
3003537,177.3540525309657
3003538,119.36196405669631
3003539,46.30657162468913
3003540,2682.2780892624846
3003541,2.9802973463559232
3003542,0.6938098093281078
3003543,12.602698279561968
3003544,10.26633695047154
3003545,0.23886817721189293
3003546,194.0427106602739
3003547,0.4811924994020192
3003548,0.059682379026926975
3003549,5.995718476546637
3003550,47.349395133838044
3003551,1.5593860348514785
3003552,216.1708121201132
3003553,180.07959981874063
3003554,1.5550036971688144
3003555,3.5411808785929555
3003556,129.9586388698776
3003557,33.59063037364161
3003558,529.478473151837
3003559,0.0
3003560,0.8698646437300996
3003561,3.8747061654607196
3003562,0.0
3003563,2.971735192363334
3003564,2312.4656377602846
3003565,0.0
3003566,494.0270805707841
3003567,9.605623897707261
3003568,755.3682461708067
3003569,509.14207629283743
3003570,174.11953630325272
3003571,114.70216946692022
3003572,76.45839940474767
3003573,3265.172718442384
3003574,6.56878496797568
3003575,0.9039403321858539
3003576,24.78491836572715
3003577,23.39636625605732
3003578,0.15238156349620746
3003579,241.25167899362273
3003580,4.614368123228308
3003581,3.6851617225515145
3003582,5.038374750030633
3003583,39.28849345616563
3003584,2.1653931173833434
3003585,241.77163881003403
3003586,203.06822157833616
3003587,3.9817001017359113
3003588,5.8716044073349005
3003589,131.60618339375634
3003590,42.37444890119863
3003591,458.47938693327086
3003592,0.9757830533697907
3003593,2.217604148373868
3003594,2.9333044876832752
3003595,0.0
3003596,0.25416229257562817
3003597,1283.6513271144004
3003598,0.0
3003599,104.79578762001744
3003600,2.930690976958951
3003601,424.1711421661034
3003602,180.26797084623607
3003603,87.2440111476489
3003604,91.64370797865534
3003605,28.661454625005703
3003606,1704.9335342513068
3003607,1.9178448112083113
3003608,0.21897408379379835
3003609,10.132287997687712
3003610,5.878613104275116
3003611,0.0
3003612,117.99384161537319
3003613,0.09840519564388814
3003614,0.0
3003615,1.2703790305352314
3003616,29.27433210011512
3003617,0.6625735734460256
3003618,169.70078490200143
3003619,85.9395493966587
3003620,0.6098982853478929
3003621,1.5890689366057225
3003622,58.839826620837094
3003623,15.951433485773691
3003624,265.4477721552472
3003625,0.0
3003626,0.19755970752482102
3003627,3.711516213794096
3003628,0.14266920635823313
3003629,2.3670341259934857
3003630,2417.734605307889
3003631,0.07256459401146384
3003632,417.5999613868751
3003633,7.730275430539955
3003634,751.899063254445
3003635,562.1138745216717
3003636,180.849106737568
3003637,105.02492424463159
3003638,58.369581869877955
3003639,3318.67104841656
3003640,5.854402091145164
3003641,0.7322186139841997
3003642,14.223519384474884
3003643,13.49416392843498
3003644,0.1305281606935232
3003645,194.7959915759915
3003646,1.2384533625013385
3003647,3.7219918567815578
3003648,2.766548719357902
3003649,67.95817487154392
3003650,1.4244468981378287
3003651,261.39153621410856
3003652,223.55950144184695
3003653,2.546348074185542
3003654,4.224772318929973
3003655,149.50706253432165
3003656,41.13601670454701
3003657,902.1387566541287
3003658,0.6604448592149188
3003659,0.7874995860891396
3003660,3.5662905050324056
3003661,0.0
3003662,6.545064996430648
3003663,2370.6165232091357
3003664,0.0
3003665,539.073600472412
3003666,13.74239297762753
3003667,689.410272666301
3003668,697.423810184511
3003669,163.74867539317205
3003670,171.90749777723073
3003671,149.88045013327314
3003672,3308.5193681990672
3003673,34.18510182881787
3003674,1.5372751947623104
3003675,23.81496642209551
3003676,21.286639820404268
3003677,0.22986666667813313
3003678,229.0811596998753
3003679,12.691351695659824
3003680,19.98959626112057
3003681,4.1435938595099016
3003682,103.76290286686658
3003683,5.523735212013846
3003684,275.62011981529014
3003685,248.69884148690733
3003686,9.90954510189659
3003687,11.694681586097916
3003688,274.4533044426226
3003689,117.37690148403505
3003690,2531.975922271029
3003691,0.4600008234218961
3003692,18.132070992442532
3003693,5.326932039321449
3003694,0.0
3003695,5.036121224850534
3003696,2093.93892951203
3003697,0.0
3003698,505.14968590034994
3003699,13.604549555369761
3003700,766.491995341133
3003701,641.3649597064598
3003702,198.48639454685386
3003703,169.76004680115867
3003704,129.19085739631683
3003705,3253.569377774817
3003706,20.180963795363475
3003707,1.4344138137382814
3003708,26.007817398511392
3003709,23.844546275518994
3003710,0.3104915883840682
3003711,244.08986120607895
3003712,10.696550901471298
3003713,12.569672121644334
3003714,7.5762947830502085
3003715,83.03870083599517
3003716,5.2779114483971945
3003717,293.66487623256984
3003718,291.1943886193079
3003719,7.23262014365198
3003720,10.007046342206769
3003721,216.07114374192034
3003722,96.78627218510798
3003723,1825.7973905456454
3003724,0.4508971911800378
3003725,14.013105293889462
3003726,6.395926664912482
3003727,0.40338374188122594
3003728,3.6641438551669605
3003729,2913.3598128565036
3003730,0.22055400656054103
3003731,576.3296426648778
3003732,10.56899901108547
3003733,1150.7126906832225
3003734,656.1615646886354
3003735,231.28346339791543
3003736,170.9533773594414
3003737,84.18399089242358
3003738,4474.78869192363
3003739,18.51377115190859
3003740,1.5814552012552165
3003741,18.673868526637463
3003742,17.248728370320325
3003743,0.4543886135122366
3003744,240.15687169551444
3003745,6.492467644272439
3003746,7.83893856111459
3003747,4.913476426614635
3003748,67.43012417600514
3003749,3.3837198603048346
3003750,241.43037754903497
3003751,257.42026380670734
3003752,4.796314171742409
3003753,7.6619318793558655
3003754,170.3136566783804
3003755,63.25288673115841
3003756,532.8911359961673
3003757,8.720571302465165
3003758,8.360227909979505
3003759,3.1183144627126502
3003760,0.07873011747560801
3003761,4.553070517439612
3003762,1759.2180615936934
3003763,0.12355949887216353
3003764,358.39696659477545
3003765,10.501611181704943
3003766,594.4308145356215
3003767,555.3797606736209
3003768,184.35917124268724
3003769,111.21884214820864
3003770,84.37022957940245
3003771,2649.2779839752116
3003772,19.70175428051747
3003773,1.0828392328882521
3003774,15.152467745054913
3003775,12.874844127078768
3003776,0.4283361826523259
3003777,163.61867394844433
3003778,13.056877306807724
3003779,9.292876784187445
3003780,4.102643582297667
3003781,47.44864428012825
3003782,4.886785027947963
3003783,256.8168391880124
3003784,170.21270128105408
3003785,5.648456604874737
3003786,7.493969150433539
3003787,352.46943143089345
3003788,94.66905694962392
3003789,1595.8960463014087
3003790,0.18121216886303718
3003791,23.753067081377978
3003792,3.9597959292236027
3003793,0.07220475452663572
3003794,2.6942284130850966
3003795,2815.1551514875755
3003796,0.02926545218944212
3003797,402.5838888689634
3003798,9.181243981345247
3003799,1210.0939680323295
3003800,584.2836557821406
3003801,232.91668647805534
3003802,136.1118981939035
3003803,57.33376128952644
3003804,3708.70327458094
3003805,11.161548247807
3003806,1.2296453399335765
3003807,18.051231756306976
3003808,15.341499846035724
3003809,0.32862059806541055
3003810,247.7451988015176
3003811,2.180276244848989
3003812,1.2456471514500014
3003813,4.293279515560323
3003814,47.43115936590029
3003815,2.92143224505279
3003816,207.8051264030747
3003817,250.59846619748757
3003818,4.4980424468651234
3003819,6.849994812890021
3003820,144.3668718712915
3003821,59.24327490162272
3003822,736.9668838778726
3003823,0.25477508780867825
3003824,3.5326930071344
3003825,4.509485145844354
3003826,0.17874148999086734
3003827,4.517656337239874
3003828,1980.1672799297592
3003829,0.29231524340493176
3003830,423.8155429356365
3003831,11.793708701494852
3003832,800.5428073632296
3003833,579.3829336994119
3003834,200.61203485571076
3003835,157.66654362595182
3003836,114.54490510242316
3003837,3164.953688042185
3003838,14.482318757534273
3003839,1.5426118079579307
3003840,20.25040979280213
3003841,15.42999046968183
3003842,0.4351472632324162
3003843,208.32533961254967
3003844,6.033165183967695
3003845,9.081557843510314
3003846,6.362731171338932
3003847,70.56335154037458
3003848,4.893093995561565
3003849,219.37871186878604
3003850,248.46942510879
3003851,9.487918289097284
3003852,8.04509000831691
3003853,214.89537777494795
3003854,68.2432016770196
3003855,1720.356532372485
3003856,0.731064253991049
3003857,6.128560268185333
3003858,3.163698612132519
3003859,0.11422829679379043
3003860,2.943335288080934
3003861,799.0342005421525
3003862,0.24378570781767395
3003863,362.67014728823744
3003864,11.194403583417259
3003865,593.3244084753306
3003866,336.52359989952623
3003867,195.10352861172996
3003868,128.4062321190495
3003869,105.68768688446782
3003870,1379.065809757488
3003871,18.39840994246483
3003872,1.496942507239973
3003873,16.69255744562953
3003874,13.853706321890227
3003875,0.4328324582777834
3003876,80.3866741340084
3003877,12.750618684395304
3003878,24.322955456110424
3003879,4.074678134291415
3003880,45.703321616387306
3003881,6.117346236107112
3003882,182.94928383295107
3003883,205.31146132242975
3003884,6.2386989791839556
3003885,7.855809085501603
3003886,206.7564618035094
3003887,69.45076273068716
3003888,1141.4520456733828
3003889,0.7837790623592851
3003890,12.543073086943526
3003891,3.5458096086154516
3003892,0.0
3003893,2.12935314165084
3003894,3572.358882083371
3003895,0.0
3003896,471.3172888135729
3003897,8.399343737460422
3003898,983.3397391937922
3003899,689.3595736361638
3003900,229.17871208478763
3003901,113.60988349354469
3003902,59.06932187619572
3003903,3177.1878239087823
3003904,6.52405938498438
3003905,0.5668433431828663
3003906,13.10792174155224
3003907,10.137328855262533
3003908,0.1809734374404183
3003909,158.00316360175512
3003910,1.3524954351768361
3003911,2.937868476713911
3003912,2.54926741282502
3003913,57.79783574431767
3003914,2.51916781085102
3003915,236.1674743429126
3003916,217.18177661075748
3003917,3.830709207165821
3003918,5.480886078091785
3003919,196.52210545236144
3003920,72.58633549392496
3003921,848.2966933222297
3003922,0.4658922190785646
3003923,0.9873904832574418
3003924,12.15950456952989
3003925,0.11516641454803164
3003926,11.43069846162744
3003927,7345.278531024365
3003928,0.36426861346370537
3003929,1246.5953875874764
3003930,28.88994563735806
3003931,1909.6455673441767
3003932,1889.3697610101813
3003933,577.7420247084219
3003934,446.26818434489604
3003935,366.2687253474675
3003936,8352.37256192834
3003937,71.57622586959909
3003938,3.2055589813407224
3003939,66.60968833036262
3003940,75.90006495508841
3003941,1.296105052242699
3003942,614.4288327748698
3003943,26.974688940815778
3003944,21.864594860719777
3003945,32.14477945481547
3003946,268.55884245341724
3003947,12.510137005689636
3003948,995.5883900282446
3003949,559.6202162400353
3003950,26.662905992667408
3003951,34.41435707766307
3003952,1089.0821749428767
3003953,421.24740258550827
3003954,6278.367118214591
3003955,339.5471278479764
3003956,81.52872562227759
3003957,10.427502911362568
3003958,0.04587417088740537
3003959,9.839818987765252
3003960,6176.852967619811
3003961,0.21244112834114132
3003962,1072.2409223685304
3003963,24.649374722385332
3003964,1779.0135488933086
3003965,1854.7403366283384
3003966,538.3623338200798
3003967,379.0315569753622
3003968,322.6035459812253
3003969,7723.944186428253
3003970,62.089333576668864
3003971,1.6727042707614723
3003972,43.856048683478676
3003973,58.45348553409907
3003974,0.9042078117565413
3003975,510.8473835588581
3003976,24.36076654675527
3003977,17.426487577538943
3003978,10.941568880581215
3003979,165.44211969997454
3003980,10.623273689912027
3003981,773.2818589563965
3003982,573.382429943552
3003983,24.072246454310864
3003984,30.336979245897332
3003985,1063.539667552537
3003986,336.4668088212374
3003987,5320.828459938269
3003988,317.4868189054353
3003989,67.69979110100239
3003990,9.216755972035642
3003991,0.0
3003992,11.962263487735463
3003993,4632.79859986162
3003994,0.0
3003995,794.0691985133749
3003996,25.69026959359455
3003997,1454.520436312603
3003998,1328.9610044805727
3003999,489.42300225484763
3004000,189.8154667337391
3004001,203.34420301865083
3004002,6695.020467897368
3004003,44.77053693289178
3004004,0.8792599876059846
3004005,41.39978986879372
3004006,32.551792492269136
3004007,0.46198424618921713
3004008,454.75968863709573
3004009,17.28034796429835
3004010,11.712156969571282
3004011,10.931856349016158
3004012,135.00128866732612
3004013,7.388017023513948
3004014,821.0145304956908
3004015,533.9173904239683
3004016,18.47612509182463
3004017,28.112143861534623
3004018,774.8195879800146
3004019,191.09670992480378
3004020,2385.3483376123127
3004021,189.96223014210352
3004022,40.43910692669008
3004023,9.91909745495238
3004024,0.0
3004025,14.170098443770675
3004026,5367.616877988396
3004027,0.09902354137559542
3004028,904.3439717431704
3004029,22.14064933292509
3004030,1676.84939479494
3004031,1496.1205131095642
3004032,548.6287349401891
3004033,230.9584829506572
3004034,241.76750941607844
3004035,7399.1955254579725
3004036,52.61342308926828
3004037,1.546770678112126
3004038,41.042606436762505
3004039,54.72245124925605
3004040,0.7502794150007164
3004041,540.1152785255847
3004042,29.902131295117766
3004043,16.838045041127014
3004044,12.437375051997769
3004045,164.37468557584234
3004046,9.19018696057994
3004047,928.0083028549906
3004048,586.4510341051646
3004049,21.89528847294776
3004050,27.43469374312
3004051,918.8599218207395
3004052,242.00876314706161
3004053,3678.6968266232666
3004054,285.11664638931455
3004055,55.21761867110509
3004056,8.368537566158409
3004057,0.0
3004058,11.31565572132776
3004059,3845.6262394231653
3004060,0.0
3004061,717.0832925790495
3004062,17.56643041916703
3004063,1268.4324811650729
3004064,1158.9257939982438
3004065,417.7571683463639
3004066,94.55588206294686
3004067,167.207763621745
3004068,6283.023238978376
3004069,36.040241757370374
3004070,0.6238996706187272
3004071,32.68295534175908
3004072,28.15059541501915
3004073,0.2520246820584808
3004074,432.3283154515497
3004075,12.085804832913977
3004076,8.66291772093785
3004077,6.586122116276578
3004078,59.506160237238966
3004079,4.99414498412238
3004080,873.5054169330506
3004081,549.9187170611287
3004082,15.671572968737529
3004083,22.283577920503667
3004084,676.6625463963956
3004085,129.69423938228675
3004086,1586.1942958840716
3004087,171.0737510950195
3004088,25.8960764697395
3004089,9.340186568688917
3004090,0.0
3004091,8.670051693705874
3004092,5570.543466785488
3004093,0.23623373718887214
3004094,1006.2881991786724
3004095,24.447418996718106
3004096,1532.4591776403895
3004097,1617.8734193389048
3004098,391.30853574001094
3004099,354.0186110544172
3004100,294.5618850376794
3004101,7123.798426276561
3004102,57.49526650045169
3004103,1.33734256518817
3004104,43.433727495079424
3004105,51.33999039664468
3004106,0.7477119829470626
3004107,478.83121083628225
3004108,22.00203539086135
3004109,19.217068727417548
3004110,7.672789744932739
3004111,147.0235871090999
3004112,10.066263049207631
3004113,994.648374992534
3004114,458.3193585798062
3004115,21.59328284094912
3004116,31.253343180568933
3004117,869.4690041077328
3004118,279.2853019578104
3004119,4441.650197167707
3004120,283.4787863368124
3004121,57.78897834436753
3004122,3.9500834042300683
3004123,0.21049956718428525
3004124,5.7471045296739245
3004125,1624.7078259578104
3004126,0.20641752156481002
3004127,356.2264126975734
3004128,13.773474735384116
3004129,682.8301238598626
3004130,500.064754548596
3004131,173.6980351853013
3004132,126.50535294960332
3004133,92.59050568308712
3004134,2369.6157720216956
3004135,17.80427090097186
3004136,1.5700232201000799
3004137,19.940428688649888
3004138,18.80700150114862
3004139,0.7184554157343868
3004140,161.83567462585833
3004141,9.205898311130776
3004142,6.640147257942631
3004143,10.185475259851911
3004144,60.768105348749
3004145,5.687618718018452
3004146,217.31789862257716
3004147,202.89168243875267
3004148,4.842581388690343
3004149,7.53208153241448
3004150,265.30881425767075
3004151,97.16988149281934
3004152,1307.5691762947883
3004153,0.14973935600639715
3004154,13.622769044443883
3004155,7.991981950067309
3004156,0.0
3004157,10.219631141023694
3004158,3205.301467718937
3004159,0.08929253185188078
3004160,603.7764392943558
3004161,19.934249577298953
3004162,1186.902123407889
3004163,807.988600855073
3004164,383.1708074618754
3004165,128.33923250062213
3004166,158.31076340555202
3004167,4989.14856303697
3004168,44.69670450797833
3004169,1.1092238474746678
3004170,42.142160228161394
3004171,30.893875836837893
3004172,0.5529694414001081
3004173,313.8391899382918
3004174,14.236253623566089
3004175,6.636311491098127
3004176,3.6574791566149996
3004177,129.52651854703495
3004178,7.372992059302815
3004179,695.7751180699612
3004180,418.1182855424791
3004181,13.497449251133718
3004182,20.37563506564269
3004183,415.0006241073622
3004184,105.76812884534284
3004185,1775.474217560481
3004186,207.91777132744437
3004187,21.494176309981803
3004188,4.996451289913518
3004189,0.0
3004190,4.697237549662388
3004191,3543.9918581718493
3004192,0.0
3004193,757.4551594331975
3004194,10.812305152324912
3004195,1051.4600786463384
3004196,1118.1631684273468
3004197,240.17764282708444
3004198,234.66348560150465
3004199,176.77388852397658
3004200,4574.796621606681
3004201,21.84974512895159
3004202,1.0163480061347414
3004203,18.044618132928033
3004204,24.485896466732335
3004205,0.5638862235333026
3004206,237.2912322299599
3004207,4.0877699591804895
3004208,13.40954220096006
3004209,4.646664761625388
3004210,121.82662194634564
3004211,6.672967998162196
3004212,454.0251603431361
3004213,256.06859151389307
3004214,10.300333954156311
3004215,17.713869526544784
3004216,554.9029710862778
3004217,114.8522000814789
3004218,3672.593107291383
3004219,2.0144830871002024
3004220,41.02654974660691
3004221,7.649280001140072
3004222,0.5254823123567607
3004223,5.245238831245403
3004224,3685.883711658172
3004225,0.19775839925910146
3004226,836.2646227844951
3004227,16.31497448906861
3004228,1091.7624493065946
3004229,979.7456001656157
3004230,313.6880479983829
3004231,177.5954250688018
3004232,154.03060286750107
3004233,4534.769323203837
3004234,32.391020821972674
3004235,3.677628137370319
3004236,33.05631522062017
3004237,42.696442872761075
3004238,1.1206461409450794
3004239,353.84872543723054
3004240,10.81482328502829
3004241,22.47273114842135
3004242,8.672758766715262
3004243,142.86427004092573
3004244,8.569727970246346
3004245,335.2021237283194
3004246,381.99545129177454
3004247,14.787711135148754
3004248,18.906041407025285
3004249,269.7592808402786
3004250,172.00009026041218
3004251,2190.920774362448
3004252,3.723445914285475
3004253,11.588555156580108
3004254,6.298416078964207
3004255,0.4114890117358295
3004256,3.0828231301067515
3004257,2065.675471861196
3004258,0.39967195046927795
3004259,441.5091474279573
3004260,10.217453547869265
3004261,799.8149142845828
3004262,558.7956569123438
3004263,211.1370223634681
3004264,102.89565512674577
3004265,86.46367152191021
3004266,2995.540428037359
3004267,12.927823364835808
3004268,1.6723408884973368
3004269,14.990724005070613
3004270,18.26005619220879
3004271,0.6871374885345582
3004272,198.9074094254996
3004273,4.625608555756692
3004274,7.255672790919304
3004275,4.748143993218736
3004276,89.23345311424917
3004277,4.39895057613077
3004278,163.3141955003477
3004279,224.50319205619215
3004280,4.989709007032729
3004281,7.375299778260214
3004282,168.36140522518977
3004283,67.70227772337704
3004284,1478.7942882364748
3004285,0.7777796678132525
3004286,4.279887193422982
3004287,4.115376707203812
3004288,0.026439461377129894
3004289,0.469393554196486
3004290,1710.4075419493959
3004291,0.000673192564828348
3004292,168.82233434649126
3004293,3.8236837986367718
3004294,771.684498197109
3004295,214.34316450751209
3004296,148.2997430915352
3004297,62.187911098285944
3004298,26.009203167656597
3004299,2336.709159442665
3004300,4.696291822655042
3004301,0.5851699815415159
3004302,11.898792697775653
3004303,6.127137794510832
3004304,0.07081744697584386
3004305,154.38293410596322
3004306,0.12862715490662896
3004307,0.017233136598683273
3004308,1.8061177507235557
3004309,21.452668180265878
3004310,0.8448511822045932
3004311,66.70209916792541
3004312,136.9031215688723
3004313,0.6794824072769969
3004314,2.1699901592030906
3004315,49.49432228829404
3004316,41.43739378753581
3004317,203.63327513245824
3004318,0.0
3004319,0.9344822270289967
3004320,4.71183992477137
3004321,0.053297298525041926
3004322,5.583659187540998
3004323,2961.213846163397
3004324,0.06556035491602938
3004325,568.5313376420271
3004326,14.67539829591337
3004327,878.004214434081
3004328,872.4750357006463
3004329,276.4073289922474
3004330,197.22486631678024
3004331,149.54759571513344
3004332,3759.6720101088604
3004333,26.285494277140067
3004334,1.297857509370004
3004335,24.438393118248268
3004336,25.944978787036646
3004337,0.28214001621462076
3004338,238.12009183803303
3004339,14.34150636751026
3004340,12.192471559107329
3004341,13.254120833842046
3004342,65.76348356814144
3004343,5.167804817389105
3004344,431.4212464457649
3004345,266.2047811376445
3004346,7.723555941738839
3004347,10.248192911984495
3004348,512.1847375952493
3004349,137.81153383682252
3004350,2449.0837992098686
3004351,0.26006161522565563
3004352,32.386021793908284
3004353,4.270680366058887
3004354,0.0
3004355,3.784210325907857
3004356,916.5787316774055
3004357,0.20228293772602082
3004358,749.5667327962524
3004359,16.643038793146623
3004360,1026.714999073929
3004361,798.4739537124167
3004362,283.3656090503994
3004363,227.96243007960817
3004364,171.68653013917506
3004365,3238.4859699241188
3004366,28.990214712801112
3004367,1.7083550284847733
3004368,21.741392122966047
3004369,18.947323424672764
3004370,0.45267998550088007
3004371,66.597840732619
3004372,15.0800840164849
3004373,16.28873727527192
3004374,9.083004922923937
3004375,79.46804547519383
3004376,6.819275427586312
3004377,435.0965389079776
3004378,327.22807920245805
3004379,8.313460057889614
3004380,11.473090963067715
3004381,539.8382707367158
3004382,159.10389072348872
3004383,2208.173696091589
3004384,0.3372379259919859
3004385,40.38332737890867
3004386,4.881094252218117
3004387,0.0
3004388,5.251045309984331
3004389,1311.4847502545163
3004390,0.09294760585405584
3004391,947.504288436664
3004392,20.060984351071067
3004393,1296.2582805915795
3004394,1087.3688948390395
3004395,363.1519651212421
3004396,275.3213697710967
3004397,221.08344919241753
3004398,3730.066884305242
3004399,39.58458382430187
3004400,1.9169416686151335
3004401,34.73097045034039
3004402,27.34214840353823
3004403,0.6571670506101865
3004404,90.74421817685831
3004405,22.43879278559088
3004406,23.02287360181912
3004407,12.916722498585262
3004408,106.37403818367221
3004409,8.711879896402596
3004410,683.2470680902921
3004411,506.4856868113425
3004412,14.40539498037268
3004413,18.979678935995157
3004414,708.1426400748654
3004415,236.27160855896886
3004416,2430.7767778633347
3004417,0.6559325408848491
3004418,43.66673564303871
3004419,8.17534256884881
3004420,0.17656405819845786
3004421,4.943600378139194
3004422,3204.6137563735447
3004423,0.03600874695356167
3004424,516.792072401796
3004425,12.061176837586489
3004426,1233.0216675532683
3004427,790.9847444194272
3004428,366.236383352296
3004429,134.62081948635165
3004430,95.7347776121814
3004431,5184.1999478331445
3004432,11.913148912613181
3004433,1.1017489474517816
3004434,26.34956841532218
3004435,26.21245426455462
3004436,0.2800191026198349
3004437,328.6514664123768
3004438,10.038187028689086
3004439,5.5884716328668
3004440,8.339666047225633
3004441,47.09366886363012
3004442,3.8433537534310744
3004443,465.38761183597074
3004444,308.81876824552336
3004445,6.3967504001456925
3004446,9.837307920507998
3004447,328.02969507341464
3004448,89.29505308058843
3004449,921.9117041805517
3004450,63.322737103328365
3004451,12.130708863307493
3004452,3.8682257630763432
3004453,0.0
3004454,4.33243568882841
3004455,2040.4434146068786
3004456,0.0
3004457,410.8627630953316
3004458,11.02535321222873
3004459,594.6199028772573
3004460,671.3837011194566
3004461,167.5695514509628
3004462,136.3775795973678
3004463,138.90927283741286
3004464,2399.2176921141245
3004465,24.483792642512213
3004466,1.0770262278892608
3004467,18.37362197766199
3004468,18.95006207680072
3004469,0.043052730765845856
3004470,165.69983911532253
3004471,14.619055846261777
3004472,12.302121314817512
3004473,5.93112479375068
3004474,116.46902737122939
3004475,5.6456117802488
3004476,551.0105032129673
3004477,140.7136043337867
3004478,6.135351025327726
3004479,9.62631332762683
3004480,498.2762672874177
3004481,100.25601405180407
3004482,1971.4211988568177
3004483,0.018389647416785105
3004484,35.12562149709385
3004485,2.5546441280388374
3004486,0.0
3004487,0.8412319459985775
3004488,1021.9279720060379
3004489,0.0
3004490,105.02676127998572
3004491,4.114206739722762
3004492,482.8807179879946
3004493,237.8060153483041
3004494,209.93890320008455
3004495,37.17976801714844
3004496,30.055031773357502
3004497,1983.0319071015142
3004498,3.7831481323104432
3004499,0.1478040475684894
3004500,8.350494700961441
3004501,8.82574166776825
3004502,0.02303630174037243
3004503,166.68189385740473
3004504,2.4830170475399407
3004505,0.0
3004506,1.2626057106071622
3004507,18.751021504624394
3004508,0.6615280383577402
3004509,123.66534590263306
3004510,129.76586839662426
3004511,1.01119069643548
3004512,2.858163163761684
3004513,132.8476039610242
3004514,19.309340538127245
3004515,216.69542600366472
3004516,3.8604374600353832
3004517,2.0184392663024635
3004518,5.949316520700567
3004519,0.14515731498863185
3004520,6.434242433541149
3004521,3874.5670376341013
3004522,0.0
3004523,642.9506156729279
3004524,14.019296662404685
3004525,1452.0575466544378
3004526,742.8516273804037
3004527,484.39419155161966
3004528,138.61562949471482
3004529,89.0808213420807
3004530,5278.657713152106
3004531,15.829064400309079
3004532,0.7877923641238209
3004533,34.21534148396425
3004534,34.961382431807095
3004535,0.08214292296683633
3004536,431.9489668114889
3004537,10.46616913199452
3004538,3.2993474406699557
3004539,7.2135683164633715
3004540,57.43870078738652
3004541,3.472503243357137
3004542,409.3806236636203
3004543,358.9972817277924
3004544,3.6971143836710727
3004545,9.247302268083507
3004546,472.68018628106853
3004547,73.13350420368197
3004548,839.3083110141836
3004549,14.616747024716032
3004550,7.40360356735769
3004551,4.019446233805574
3004552,0.10154061172262618
3004553,1.5302682113439245
3004554,1504.8745581459327
3004555,0.0
3004556,146.5667616037343
3004557,7.013461172756639
3004558,632.6976613299637
3004559,323.1646569346978
3004560,221.24813031709593
3004561,51.044884527701505
3004562,41.62281400353239
3004563,2523.899352525928
3004564,5.115009410001324
3004565,0.49831299178285976
3004566,13.754262370814809
3004567,11.38211929356937
3004568,0.0
3004569,185.34658144696314
3004570,2.494552482715449
3004571,0.1138481488949087
3004572,3.846773603204677
3004573,54.281467579124055
3004574,1.4735416216599724
3004575,132.65226063985924
3004576,147.2271725030427
3004577,1.5479114085805898
3004578,3.879621483587754
3004579,142.6737310866925
3004580,27.748503757546306
3004581,306.1222670378767
3004582,9.525054040623438
3004583,2.070720864072658
3004584,3.6177525367087995
3004585,0.007107774762331886
3004586,0.7291868417686584
3004587,1320.0562015279281
3004588,0.0
3004589,115.05169197991471
3004590,5.483681597905124
3004591,528.3855220171955
3004592,255.12837803926533
3004593,190.9167974383217
3004594,40.70958997281855
3004595,32.28494590211732
3004596,2003.7040129224904
3004597,4.085680233090217
3004598,0.38210813039151814
3004599,10.115611356168351
3004600,10.63745003699915
3004601,0.09234585354297173
3004602,156.70317502637963
3004603,1.9017295179534548
3004604,0.0
3004605,2.1087230192340187
3004606,38.283269173555304
3004607,0.9785733542344437
3004608,105.90776307121884
3004609,129.19856001878946
3004610,1.0283248422873164
3004611,2.835506710633997
3004612,85.62359505386267
3004613,22.385513218318966
3004614,235.88947179729792
3004615,2.662643471732077
3004616,1.4318068515327167
3004617,2.9431756557413644
3004618,0.0
3004619,1.2475841189122265
3004620,1193.4908710961313
3004621,0.0
3004622,161.03364992400356
3004623,5.9226002956025345
3004624,721.9290812440975
3004625,313.3015416765157
3004626,196.76555755563953
3004627,62.36577405762675
3004628,42.69132322103275
3004629,2234.8111324288852
3004630,3.883504635271941
3004631,0.3515218464623092
3004632,12.01569348732681
3004633,10.803449154434157
3004634,0.0
3004635,168.3245801173525
3004636,1.2892595041608708
3004637,0.17908441667200733
3004638,2.4059117490408592
3004639,35.009206279246975
3004640,1.3700041639371752
3004641,144.64309135990894
3004642,166.93000348315968
3004643,1.4595155408119784
3004644,3.256811419705272
3004645,96.83654673610944
3004646,28.98828469992413
3004647,342.892060480938
3004648,0.23946466930441157
3004649,2.126826887236688
3004650,3.314904002978901
3004651,0.17683178396884705
3004652,1.2849432126721854
3004653,1625.1610362868428
3004654,0.0
3004655,146.0950831941621
3004656,6.019263105736933
3004657,747.5553377536914
3004658,386.79602245425855
3004659,243.234566023013
3004660,68.03743933422118
3004661,49.825647500589405
3004662,2899.159445547877
3004663,5.8448002938233605
3004664,0.6300133927660814
3004665,14.926415353222541
3004666,12.33018869834883
3004667,0.052714501544161456
3004668,213.17232741516622
3004669,5.338228979019731
3004670,0.23099562138732124
3004671,3.422041946634171
3004672,38.59278636299341
3004673,1.5396166830786302
3004674,139.55746625216034
3004675,158.72371762484025
3004676,1.4465887816272867
3004677,3.7533982675690183
3004678,109.85522941469603
3004679,31.65322072730651
3004680,445.00198966097594
3004681,7.781443983392917
3004682,3.0449180188133838
3004683,3.3551566111755324
3004684,0.0
3004685,0.5011259657976421
3004686,1158.7020330226908
3004687,0.0
3004688,132.81540863271522
3004689,4.61114167536893
3004690,630.5007971607397
3004691,244.21761131860654
3004692,174.21408881083707
3004693,85.127235077933
3004694,31.45581171990454
3004695,1884.3746186417964
3004696,3.418404308213759
3004697,0.12375031197409891
3004698,14.285549186335421
3004699,8.25114351229847
3004700,0.015962022196107914
3004701,166.31638116231173
3004702,0.12398547220814443
3004703,0.0
3004704,1.6035334649215693
3004705,40.709737849089954
3004706,0.956413861823199
3004707,59.70643670949335
3004708,98.60229210373946
3004709,0.6691341022884505
3004710,2.2437998923250464
3004711,76.73900280679142
3004712,25.039789152601752
3004713,129.40708327651768
3004714,0.0
3004715,1.0564070612789767
3004716,4.152932796558437
3004717,0.16408729726961896
3004718,3.2351074162167217
3004719,2473.449514438898
3004720,0.042790376047852775
3004721,286.74296603995543
3004722,7.346508880222913
3004723,1024.0355488132113
3004724,590.1974341001824
3004725,385.78598166362
3004726,130.00278552420087
3004727,67.56653667123719
3004728,4399.495724342014
3004729,8.06292500183501
3004730,0.5035790937680964
3004731,21.357300255644176
3004732,13.866737763131521
3004733,0.10843805164331481
3004734,252.90204287294256
3004735,2.9295617252720034
3004736,0.7504225904086816
3004737,2.9359931593032567
3004738,48.31185212646315
3004739,2.1417213980408407
3004740,184.72870348461487
3004741,209.1961224130382
3004742,2.4293886940539107
3004743,5.322645394984703
3004744,309.16796247414993
3004745,45.15291564536071
3004746,228.52326052588342
3004747,12.343940816638062
3004748,5.90814011231503
3004749,0.005375612232907989
3004750,0.0
3004751,0.20461891303850296
3004752,721.7156736671358
3004753,0.0
3004754,126.91531299011544
3004755,0.5408849531158844
3004756,164.39343904810383
3004757,171.18012866808027
3004758,79.35855145947181
3004759,32.352777532010215
3004760,11.013297762275217
3004761,984.1760375059877
3004762,0.9287482387675483
3004763,0.0
3004764,5.2841696145790635
3004765,2.11277622756561
3004766,0.0
3004767,84.26438696081249
3004768,0.2680083047906438
3004769,0.0
3004770,1.2268232711814422
3004771,26.449112414359657
3004772,0.0
3004773,35.0065451461055
3004774,51.79184676155693
3004775,0.0
3004776,0.36872535175143517
3004777,92.91213140005068
3004778,13.005352774554066
3004779,171.56649975595755
3004780,7.396363502463192
3004781,0.7569468595118916
3004782,4.775589714985969
3004783,0.1982305343743292
3004784,1.1276341972016701
3004785,1718.1413262516344
3004786,0.0
3004787,170.90418367474817
3004788,7.113620966384225
3004789,658.0081918985907
3004790,343.6612166069889
3004791,260.7073978825535
3004792,60.704670332381994
3004793,45.5371889804586
3004794,2766.183742131538
3004795,6.664526374067294
3004796,0.6789339768652167
3004797,14.407809513917346
3004798,11.792055060948758
3004799,0.1345380746938119
3004800,181.09311345765198
3004801,3.0741582497745252
3004802,0.35789302166941206
3004803,2.840341670170477
3004804,45.7620584212314
3004805,1.4635912864667495
3004806,124.96926018958379
3004807,143.69846833038272
3004808,1.5119360471456513
3004809,3.7936320939184753
3004810,111.36877203646802
3004811,30.59423268483739
3004812,343.8401249661591
3004813,0.3048132047485216
3004814,2.730833541191448
3004815,5.065140148392202
3004816,0.06600933851331031
3004817,5.80955151587928
3004818,2657.315084121948
3004819,0.044340260809567086
3004820,530.5567521434731
3004821,13.784301091331152
3004822,750.308247098276
3004823,799.3534898571347
3004824,252.29520408741607
3004825,171.36531401831
3004826,168.94801025223302
3004827,3533.9885416123484
3004828,28.084929237484697
3004829,1.1383730337357774
3004830,22.989887686842685
3004831,22.908893219834734
3004832,0.17420163216128515
3004833,215.03263984382033
3004834,17.790994992089075
3004835,12.978328994864114
3004836,13.137931632585447
3004837,100.32651861515325
3004838,6.2587901172000455
3004839,687.0076271147989
3004840,213.7003559829925
3004841,7.435254559131209
3004842,9.545223122457848
3004843,658.3296641645386
3004844,123.79328854775908
3004845,2411.9878624517623
3004846,0.13738950219726212
3004847,41.70461473505538
3004848,5.421058074763728
3004849,0.07721856684725095
3004850,3.937262791539112
3004851,2778.9822647778997
3004852,0.0
3004853,442.566501686679
3004854,8.068787372620484
3004855,906.9501723711751
3004856,680.8276001848984
3004857,378.7396705966363
3004858,110.34906595834117
3004859,79.2576068538801
3004860,3621.2056348311653
3004861,9.469756454839377
3004862,0.6757737791452845
3004863,22.10855192403564
3004864,20.2785100465269
3004865,0.07029705401600406
3004866,281.49334583326333
3004867,5.555994669199152
3004868,3.3610775113066627
3004869,3.5997443545897143
3004870,41.93416738118124
3004871,2.0033722629255277
3004872,185.27856980996293
3004873,216.8464848054702
3004874,3.574380967798585
3004875,6.071358169626755
3004876,303.58749554138626
3004877,54.561407759057566
3004878,727.4918594139947
3004879,24.264275064229075
3004880,7.461074263143736
3004881,5.9001476533456945
3004882,0.4760381792253984
3004883,2.415926146359706
3004884,2206.587142492646
3004885,0.09452214021421954
3004886,313.8475887639659
3004887,8.29546007565064
3004888,881.1052761091053
3004889,461.5295738616877
3004890,302.235805943656
3004891,111.61422126310104
3004892,62.70534801810894
3004893,3299.4274992139935
3004894,7.223436161025704
3004895,0.794464796253006
3004896,24.487952042884274
3004897,24.597509832678604
3004898,0.5471226471406454
3004899,254.6899850938428
3004900,3.0727054734653843
3004901,2.1370339073826625
3004902,4.4607311796291995
3004903,75.9383685842707
3004904,1.9390303708760048
3004905,110.28128673558362
3004906,188.08896042438275
3004907,2.504786754622001
3004908,7.846342381080442
3004909,197.25891753960522
3004910,57.97083709158325
3004911,596.7696530921542
3004912,0.7453618438757006
3004913,3.6124736596980513
3004914,3.479323518933416
3004915,0.14499754778811175
3004916,0.9883023076347071
3004917,1427.117661797524
3004918,0.0
3004919,140.4926841814274
3004920,5.1278328767444705
3004921,500.81709382926874
3004922,264.24094337510877
3004923,179.52291942803598
3004924,77.59457679018318
3004925,39.06309522848886
3004926,2159.299067732968
3004927,3.7787080484647717
3004928,0.48903234905664145
3004929,11.313354373600646
3004930,14.693925142915816
3004931,0.20312850988699743
3004932,172.6290389633932
3004933,0.8935461753845069
3004934,0.22055185719888182
3004935,2.769793025339594
3004936,55.929767999236574
3004937,1.4390831705761276
3004938,84.76786361178506
3004939,123.45104949016017
3004940,1.2368252761873304
3004941,3.202214374968582
3004942,119.98607606193384
3004943,28.302195681543946
3004944,373.7748377423847
3004945,11.266083819275384
3004946,1.4301942424361154
3004947,2.468221738777883
3004948,0.0
3004949,1.8217994908026593
3004950,1226.7638867265696
3004951,0.0
3004952,240.66927857988145
3004953,10.494297549902516
3004954,428.5695399637488
3004955,396.45885329149155
3004956,141.35063025941378
3004957,65.70694056251618
3004958,78.3568096829217
3004959,1887.392278891638
3004960,16.079712434516512
3004961,0.3551923028255138
3004962,11.15344585614562
3004963,11.596737095176502
3004964,0.0977406244002412
3004965,127.1073519334048
3004966,4.885289573940515
3004967,1.9923439919295687
3004968,4.54619707878066
3004969,83.70395464981368
3004970,3.119582850665246
3004971,399.71915191589113
3004972,127.17979864110384
3004973,2.4763252425078206
3004974,4.462135579830593
3004975,273.97893716515387
3004976,48.108169394922285
3004977,996.095061212648
3004978,0.41095928073927646
3004979,15.006937387511456
3004980,4.161037111426869
3004981,0.13867652317066076
3004982,4.495305690164591
3004983,3214.3664837401157
3004984,0.16500824171091233
3004985,717.9434759899665
3004986,16.711977499706755
3004987,894.3293619613577
3004988,1070.6126261875988
3004989,328.568048146876
3004990,216.167931241749
3004991,149.89498919866293
3004992,3748.9465173547555
3004993,20.28542680451151
3004994,1.5708184334420627
3004995,26.438965276221477
3004996,29.145462368910504
3004997,0.28821516257999796
3004998,224.88632783030008
3004999,12.139532245992458
3005000,28.04997540508076
3005001,8.418579694056879
3005002,196.8599838325827
3005003,7.558373686367526
3005004,572.4928530837552
3005005,275.57873333536793
3005006,9.838691882700065
3005007,12.665328503418072
3005008,702.5524341621451
3005009,132.58149382329344
3005010,2983.4918631502464
3005011,0.4880036961684927
3005012,47.41395430152238
3005013,1.7422142882145901
3005014,0.0
3005015,5.081173850128526
3005016,1585.1558472457295
3005017,0.0
3005018,314.63448139278375
3005019,5.885537894504742
3005020,387.2349178206636
3005021,476.004761773498
3005022,149.96212701494818
3005023,110.17844975060767
3005024,77.52861965561436
3005025,1713.7850244848482
3005026,6.638301304018418
3005027,0.4601998130135334
3005028,10.079382606365241
3005029,14.6201231358558
3005030,0.06629902430853904
3005031,120.12228058935743
3005032,0.39145373537122613
3005033,13.075005735501522
3005034,3.8823900833252587
3005035,153.843238577066
3005036,3.3447545799493277
3005037,245.85070642610805
3005038,106.13445949631047
3005039,2.1978323532060964
3005040,3.6154786656307545
3005041,201.8064876013632
3005042,35.89140584746701
3005043,985.4497239353209
3005044,0.14541392894905456
3005045,6.0531674277894005
3005046,3.027140254950667
3005047,0.01774009367909045
3005048,1.3201647386000612
3005049,780.4680631155113
3005050,0.0
3005051,179.513322544821
3005052,5.505478521160252
3005053,292.5168174760435
3005054,188.04266372171543
3005055,81.54382036329353
3005056,36.19821143692853
3005057,35.504025003846586
3005058,1165.7844019179408
3005059,3.051404880694334
3005060,0.36699780017053474
3005061,7.206542979936865
3005062,5.62716501407363
3005063,0.1339281644308673
3005064,72.07376393957117
3005065,0.9570705059625617
3005066,2.2637715366036364
3005067,1.4848590309537468
3005068,47.60003984278542
3005069,0.5438142035486264
3005070,377.20798300429976
3005071,114.2679888907286
3005072,1.3678072231335099
3005073,1.8838664071661912
3005074,190.9353470060332
3005075,15.593328591178295
3005076,433.34315954065846
3005077,0.1221103081826129
3005078,3.8433102452041954
3005079,4.1225975566005015
3005080,0.36418525754795894
3005081,4.785900480923983
3005082,2642.2363985144234
3005083,0.37299223671128084
3005084,624.0104251129193
3005085,15.906622734780033
3005086,765.6822904081083
3005087,912.4630761398693
3005088,279.1224047582222
3005089,229.3368330154944
3005090,116.77743867826177
3005091,3105.7825413835567
3005092,19.451707809395756
3005093,2.068993128153249
3005094,21.463625168108575
3005095,21.781480051515082
3005096,0.6870602551016778
3005097,194.74712089613254
3005098,5.621933114463903
3005099,29.38246150631716
3005100,7.148069106620866
3005101,169.47814445311272
3005102,5.713542792325759
3005103,422.677250035015
3005104,211.23308502165972
3005105,7.651379653506327
3005106,9.432506915128265
3005107,528.9620497943553
3005108,104.65629735699486
3005109,2190.1686438153856
3005110,0.6259450960421609
3005111,35.26312261128603
3005112,5.8116887233321535
3005113,0.19046118242725915
3005114,1.313213499472329
3005115,2662.9503817767095
3005116,0.06147889796188821
3005117,526.3465825484362
3005118,10.720450597160893
3005119,962.0606539239403
3005120,725.6845947846086
3005121,362.94953795812904
3005122,166.67094475323134
3005123,71.48212199753918
3005124,3445.2557933449216
3005125,6.787655588681753
3005126,0.9017845956786246
3005127,20.180657243107238
3005128,17.793644213943722
3005129,0.3212556655210268
3005130,258.0297935859159
3005131,0.939054357867523
3005132,2.548464625875529
3005133,4.767700130404497
3005134,86.56992358945595
3005135,1.7036372533744593
3005136,188.2824630469505
3005137,238.1638097201575
3005138,3.3120690717933465
3005139,5.423281287938249
3005140,234.28456102706986
3005141,58.46507523144193
3005142,377.5595029976623
3005143,1.0859373572016788
3005144,3.644099635161062
3005145,4.587023732713669
3005146,0.3335224573552065
3005147,3.0270791013137295
3005148,2624.850769346623
3005149,0.07042087989336233
3005150,436.4993502476008
3005151,9.848095101192238
3005152,877.8398000234268
3005153,656.4120895656197
3005154,273.41488788347135
3005155,115.89119229940361
3005156,69.57006511586086
3005157,3375.3535972036157
3005158,7.279037071851878
3005159,0.959627084854221
3005160,17.83880495372442
3005161,12.637516493508908
3005162,0.1896063317669611
3005163,206.09993327528326
3005164,1.3800229343104538
3005165,2.832879683679107
3005166,3.818557995585345
3005167,115.46639828850796
3005168,2.115787868118228
3005169,145.21184346763397
3005170,205.22476409355423
3005171,3.3163157587180576
3005172,5.264295835700622
3005173,192.21724508223764
3005174,58.74789497322494
3005175,1083.4827594120532
3005176,1.16269338688952
3005177,3.823169908247136
3005178,9.082418790642997
3005179,0.44810495434156006
3005180,13.10383052985904
3005181,7319.545635685432
3005182,0.516106660623652
3005183,1237.3537279717564
3005184,32.018245101178195
3005185,1639.4515723610612
3005186,2112.459357403717
3005187,486.7172491430305
3005188,454.9494289799127
3005189,407.01899366503693
3005190,7116.081045205083
3005191,73.38181258564751
3005192,3.2083330948946376
3005193,52.8424611964
3005194,56.69992831552365
3005195,1.29403106708974
3005196,501.5273693406618
3005197,42.19445544758182
3005198,42.59078273481966
3005199,37.58192742965974
3005200,345.98421986441224
3005201,17.38915856230552
3005202,1265.4940087429998
3005203,462.5502061999984
3005204,20.94681071624802
3005205,28.585663586939276
3005206,1501.4415173002083
3005207,373.7070339553201
3005208,6688.7712541861765
3005209,0.489524732711191
3005210,149.84838544944296
3005211,2.790886794300748
3005212,0.0012658694066876401
3005213,0.46319048220651565
3005214,1206.6690149804613
3005215,0.0
3005216,138.38514334615013
3005217,4.304853687068089
3005218,446.18718306010015
3005219,231.43425052411934
3005220,139.93367604256053
3005221,98.13592940696793
3005222,36.87351877604985
3005223,1797.960714213579
3005224,2.7158625696948415
3005225,0.24606097607429694
3005226,9.646713137375185
3005227,11.323108989013388
3005228,0.01234390035101286
3005229,147.25941579161233
3005230,0.4393624473691035
3005231,0.0286241751085646
3005232,2.000021080551199
3005233,51.86705199597122
3005234,0.9433019574591597
3005235,69.58335197239565
3005236,88.6968528919851
3005237,1.1863047225523307
3005238,2.6735012728800895
3005239,92.10138539392628
3005240,22.05535336274465
3005241,138.99691064271556
3005242,0.14501578043486277
3005243,1.9707091495340414
3005244,5.199648682520602
3005245,0.33250365721947
3005246,2.0677762857179887
3005247,2640.833281639187
3005248,0.09988281331679594
3005249,442.2876982375025
3005250,9.547289488623644
3005251,1089.0379364200087
3005252,627.8100396752769
3005253,305.14019678725526
3005254,153.1430471070051
3005255,69.12450056662864
3005256,3601.1109731421107
3005257,9.426491853412033
3005258,0.8594708071825614
3005259,20.049207623030178
3005260,14.873452916271367
3005261,0.2954867030209325
3005262,251.41058772284816
3005263,4.009717986279975
3005264,2.217044541716332
3005265,7.316625786097532
3005266,54.04409978116836
3005267,2.447890416083128
3005268,187.15011439864634
3005269,229.48255369401332
3005270,3.2192476538245627
3005271,6.277362572523913
3005272,199.80513049246252
3005273,46.15348746574644
3005274,723.9965380286562
3005275,0.5655532398746679
3005276,4.207959653513158
3005277,1.4462664311366145
3005278,0.0
3005279,0.1222104344943694
3005280,826.1037768143639
3005281,0.0
3005282,86.28327684073447
3005283,2.7771513673342527
3005284,346.4415410777082
3005285,149.80874326807415
3005286,105.04682969214862
3005287,94.14596741787118
3005288,23.022520236579375
3005289,1289.3276715530847
3005290,1.3803224155696672
3005291,0.0028477888427913788
3005292,6.933633842192081
3005293,3.360232958201765
3005294,0.0
3005295,91.60414467375752
3005296,0.10505965741681302
3005297,0.0
3005298,0.9880961991404837
3005299,42.00751690280669
3005300,0.2286801432764862
3005301,48.09678413477402
3005302,63.42567363034682
3005303,0.4187776724911252
3005304,1.1668063731390186
3005305,61.92762928558638
3005306,8.150950803971003
3005307,177.08234494937471
3005308,0.02136917586667983
3005309,0.7376896338350356
3005310,5.40811520714753
3005311,0.07101247863944182
3005312,0.764238938474163
3005313,1633.057963810374
3005314,0.0
3005315,178.70985009313773
3005316,4.9662879489790095
3005317,615.2929188510847
3005318,303.77891506763416
3005319,190.15413945426545
3005320,122.38527750917508
3005321,45.877823005112845
3005322,2500.178158804984
3005323,2.7646421031354085
3005324,0.5046712912186735
3005325,20.70585218055738
3005326,11.04735291007743
3005327,0.26415295741809386
3005328,181.13934083987857
3005329,0.31839745459216956
3005330,0.0
3005331,7.612087777668096
3005332,85.21083484254002
3005333,1.6841270287599448
3005334,132.08943046691414
3005335,192.52018320724753
3005336,1.5405287932551275
3005337,3.5529178634055665
3005338,225.94773734765383
3005339,30.6637459537189
3005340,745.4687886296032
3005341,0.009209048990411197
3005342,0.710801957202503
3005343,4.358079495774892
3005344,0.0015185035298205772
3005345,3.3497559005528768
3005346,2406.771636772843
3005347,0.0
3005348,499.1339379237814
3005349,8.805920417646675
3005350,768.1509296561542
3005351,515.4167810288951
3005352,256.59786528654627
3005353,120.52013960347368
3005354,86.19667224602551
3005355,3356.063075193994
3005356,7.223278647131174
3005357,0.7994534782345102
3005358,25.09045242381639
3005359,25.14925921809567
3005360,0.0
3005361,289.85787369215905
3005362,5.020856462403051
3005363,3.6419521723952073
3005364,5.037265683904051
3005365,81.6181880259145
3005366,2.06644596093766
3005367,189.28095180200134
3005368,227.48439182092844
3005369,3.3559791006219992
3005370,5.482041226535238
3005371,133.0647267494659
3005372,36.27957357613557
3005373,283.858850958829
3005374,0.7475061510736685
3005375,2.1271564001820082
3005376,3.1203344354270124
3005377,0.0
3005378,0.30000145669512335
3005379,1435.8200049851175
3005380,0.0
3005381,106.97607777867678
3005382,3.5042557847529476
3005383,434.80352194381356
3005384,195.13299485254234
3005385,122.24113805806735
3005386,99.98886387628654
3005387,34.24938853957842
3005388,1783.7070917094252
3005389,2.3096612895039383
3005390,0.12495609147660802
3005391,9.059750647266513
3005392,7.255929371027662
3005393,0.0
3005394,132.40655249115144
3005395,0.21683617995219323
3005396,0.0
3005397,1.5543400614984453
3005398,51.96760364024888
3005399,0.8511252325872003
3005400,89.68477360138645
3005401,85.64160168701406
3005402,0.7745157610152611
3005403,1.7673313688471581
3005404,67.31473894593229
3005405,16.061154000743223
3005406,292.2795754123285
3005407,0.0
3005408,0.2565835776432704
3005409,3.7534060999749395
3005410,0.09875205169029735
3005411,1.2284187568437237
3005412,2524.275804945932
3005413,0.006070181632160826
3005414,419.39444778399536
3005415,8.25979744709405
3005416,805.8887537874667
3005417,565.0674940455241
3005418,247.36905005548076
3005419,109.12726238598815
3005420,67.33575696997849
3005421,3144.002115845371
3005422,6.353265980824614
3005423,0.5914925613361113
3005424,18.24461223326252
3005425,16.21155694897929
3005426,0.1633563143534524
3005427,202.182208443858
3005428,1.3453460099717267
3005429,3.947480678376202
3005430,3.0078667553577114
3005431,124.36586579135647
3005432,1.6505041417797255
3005433,169.80773977967954
3005434,225.27303640164695
3005435,2.565263063633147
3005436,4.338250078105659
3005437,168.42656164362992
3005438,47.859619683155294
3005439,900.9073968152644
3005440,0.6517326025716212
3005441,0.7951208282873279
3005442,3.7347636478601096
3005443,0.12581051362260548
3005444,7.214605855973785
3005445,2396.3488203932798
3005446,0.17853204219521454
3005447,549.464032372815
3005448,14.87258438502099
3005449,760.8490323825833
3005450,762.1210966481323
3005451,189.61569309917272
3005452,183.26733076320403
3005453,143.30462239949816
3005454,3266.1199426718554
3005455,37.826983503061555
3005456,2.1479363742028705
3005457,25.29186778593278
3005458,22.728242365695642
3005459,0.5251350526980796
3005460,263.1819960135435
3005461,12.532777638596517
3005462,19.926828119837662
3005463,4.984930073858813
3005464,162.06070439884328
3005465,6.968429589032973
3005466,301.34016198314674
3005467,242.81202959409435
3005468,9.816994460735275
3005469,11.792137006327613
3005470,339.87444029695155
3005471,112.46918383300051
3005472,2577.115449533433
3005473,0.588787309701442
3005474,22.4372683484129
3005475,5.039101826894739
3005476,0.2289762596501504
3005477,5.477788745497775
3005478,2357.938032978447
3005479,0.2713354936022444
3005480,419.5100404432199
3005481,12.86193215252549
3005482,742.3674088198046
3005483,582.7163907789803
3005484,200.966262167972
3005485,129.4572479414564
3005486,146.67818201102713
3005487,2966.4149979394306
3005488,23.56452764203741
3005489,1.6832443236104915
3005490,26.273729584803164
3005491,22.452100898505368
3005492,0.47307283583242526
3005493,212.80097722472595
3005494,7.865495596579628
3005495,10.85254434307095
3005496,8.254110685330659
3005497,123.10858791223212
3005498,6.058455450664839
3005499,285.42322287935497
3005500,270.4426695600865
3005501,5.418839508075997
3005502,8.260249942312697
3005503,238.6710811129099
3005504,75.28898962718598
3005505,1785.5934010502815
3005506,0.9046134597000026
3005507,22.393977363996914
3005508,6.443126204341347
3005509,0.3460902348154254
3005510,2.4660685304261603
3005511,3168.1318688545307
3005512,0.1420375376528316
3005513,555.1233901308183
3005514,11.1952839408407
3005515,1168.0730113957416
3005516,675.1237221347438
3005517,242.1376108368836
3005518,179.22232301933425
3005519,96.64725242383842
3005520,4616.830730604984
3005521,21.012694382754773
3005522,1.559436570741512
3005523,23.244612391812282
3005524,20.76704515070144
3005525,0.42693136494445505
3005526,298.40218075852874
3005527,7.790774265429695
3005528,9.046739138480538
3005529,12.239382058419618
3005530,111.52320641519033
3005531,3.7280224245950127
3005532,198.13871657035864
3005533,273.15464547581
3005534,4.530394955846402
3005535,8.04065806345191
3005536,231.0974694848328
3005537,64.62686578937078
3005538,897.3776844930862
3005539,6.288567957003201
3005540,8.477988256048539
3005541,3.8703924717618916
3005542,0.22969352308713872
3005543,4.068696134954861
3005544,1995.8244502795253
3005545,0.3392054707921932
3005546,383.4262890580701
3005547,12.986700186346955
3005548,692.5152374596465
3005549,631.3522584506477
3005550,233.4786390836257
3005551,138.97268678472017
3005552,116.33545646938123
3005553,2945.8467249684086
3005554,17.22701988747973
3005555,1.1240238874335402
3005556,16.58514087154019
3005557,14.64778912482564
3005558,0.40482341472198746
3005559,185.24722860328382
3005560,14.841724331892225
3005561,11.332407820372177
3005562,3.560921382617016
3005563,104.37125857716975
3005564,5.182570619811307
3005565,477.8601034117298
3005566,194.41883649278904
3005567,4.780088551398693
3005568,7.1036275973524745
3005569,471.8029659582733
3005570,82.53999255434358
3005571,1813.388546941055
3005572,0.4151901519898871
3005573,30.72612169371113
3005574,4.180252561057977
3005575,0.08035935893122098
3005576,2.578019889453365
3005577,2914.7850044867796
3005578,0.007408241887468259
3005579,330.52945235621496
3005580,8.368714180062529
3005581,1132.754976027931
3005582,508.1070408605503
3005583,280.5736250716901
3005584,129.2374028581764
3005585,65.53119631954603
3005586,3727.8519475097096
3005587,8.291668756837241
3005588,0.827370985629549
3005589,18.24150908190394
3005590,21.705755774493536
3005591,0.08696500716328344
3005592,291.038351472329
3005593,1.4825874610340941
3005594,0.8005672886400337
3005595,4.01222588452317
3005596,94.05108207813363
3005597,2.2941691044349666
3005598,138.87588782572712
3005599,235.39151522057008
3005600,2.633153584209212
3005601,5.186737333587879
3005602,208.60346701187729
3005603,40.97050795463714
3005604,664.0278812866202
3005605,0.27799341992153204
3005606,2.2409150923293457
3005607,4.548267511464355
3005608,0.1313575839922611
3005609,7.619654746948859
3005610,2054.582329130721
3005611,0.22617527992325742
3005612,430.9481196451707
3005613,12.495102263490855
3005614,830.1599434837368
3005615,587.2050481075164
3005616,240.42184245960914
3005617,145.9898761455321
3005618,131.90122420153298
3005619,2992.4551249119904
3005620,15.597430728110979
3005621,1.538760176727913
3005622,22.35768424596255
3005623,18.16940073040791
3005624,0.5039889419082997
3005625,220.62951196854993
3005626,6.900793930616173
3005627,10.325243889157043
3005628,6.926654228539761
3005629,141.3871492666361
3005630,5.435946995744597
3005631,252.3367294831591
3005632,247.8409095712444
3005633,5.293681998624266
3005634,8.423497739460243
3005635,248.2662903474357
3005636,68.44449389517193
3005637,1784.3862707853154
3005638,0.7445389510812208
3005639,13.56998444318164
3005640,3.2308105113622476
3005641,0.0790794417380651
3005642,5.172745168587683
3005643,2255.799561043396
3005644,0.1750340255831519
3005645,431.25833188138085
3005646,12.026692615692774
3005647,705.6006903992231
3005648,672.075995587432
3005649,185.53895907001763
3005650,140.69276026150231
3005651,126.14368443362045
3005652,2411.444867347225
3005653,19.175423942605697
3005654,1.4268198205317542
3005655,21.29210523166284
3005656,18.87649683830507
3005657,0.4751322286480891
3005658,203.02907942888692
3005659,13.983708807865405
3005660,27.661736154119723
3005661,4.615861645289185
3005662,129.914107103601
3005663,6.901513281591351
3005664,233.3981631020044
3005665,220.29732629863898
3005666,6.568484918767847
3005667,8.41018156729226
3005668,265.24434174080005
3005669,71.06375628949046
3005670,2005.8997466170288
3005671,0.8147275929877817
3005672,22.365699580642573
3005673,3.9002430922778553
3005674,0.0
3005675,1.1106432068380272
3005676,3638.770513680064
3005677,0.0
3005678,470.55903051299094
3005679,8.703824981612911
3005680,1071.63189437835
3005681,683.7025165112304
3005682,258.5041362303248
3005683,132.07601737626405
3005684,60.50521621221522
3005685,3588.8956561981595
3005686,4.962668576715313
3005687,0.6551034416690649
3005688,15.945003362511368
3005689,11.444423494987115
3005690,0.13193211538253283
3005691,187.2092291296734
3005692,0.9067800852671484
3005693,2.127871308178889
3005694,2.622050082004911
3005695,92.72129062867059
3005696,2.257205649473162
3005697,153.05382027268212
3005698,215.29758716812222
3005699,2.710733633232659
3005700,4.444557690476148
3005701,186.0584996218886
3005702,51.31857585530848
3005703,293.4011592173723
3005704,0.9090034419637874
3005705,0.6545710557035462
3005706,14.606880961045123
3005707,0.07227477232733273
3005708,16.069027010405353
3005709,8922.172568591288
3005710,0.3198245246480635
3005711,1382.8418776220979
3005712,29.948512501208292
3005713,2135.193919001407
3005714,2136.6127077914266
3005715,735.6509133793255
3005716,542.1107199783769
3005717,466.60426942985407
3005718,8750.85414540918
3005719,83.04643355518962
3005720,3.285114603080628
3005721,78.76069312463774
3005722,75.71964118513536
3005723,1.3027964130294878
3005724,702.0732489721883
3005725,34.8781061107946
3005726,24.66797462317839
3005727,44.14722300912609
3005728,472.33125140181414
3005729,14.453555686506036
3005730,1291.484302593823
3005731,556.6930756555547
3005732,27.079217655633485
3005733,35.929011078579876
3005734,1716.3499949192474
3005735,454.34726265836883
3005736,8054.198621121469
3005737,340.82929291171826
3005738,142.0753591701614
3005739,13.164076595922412
3005740,0.05070994822866133
3005741,14.098228875328799
3005742,7706.379548856451
3005743,0.23770888925244568
3005744,1242.2827969959
3005745,26.260902759389246
3005746,2018.219731868424
3005747,2156.1539904859
3005748,716.4807250861307
3005749,485.86975034306477
3005750,384.7646742173982
3005751,8396.380437777172
3005752,68.53522868677439
3005753,1.6814364477711812
3005754,56.4119471538021
3005755,62.64351836428455
3005756,0.8761316288297649
3005757,651.5112251879754
3005758,32.45915283419316
3005759,20.192783816033202
3005760,20.486514186080136
3005761,301.76623962812806
3005762,11.496577577786107
3005763,1563.2693531464913
3005764,586.5674969817998
3005765,23.596414954796167
3005766,31.077286122534126
3005767,1718.240295713338
3005768,374.28876311194006
3005769,6305.095188762939
3005770,340.10537045652796
3005771,115.35561957273454
3005772,11.350829365779227
3005773,0.0
3005774,14.616668009064282
3005775,5411.203492790597
3005776,0.0
3005777,891.7062473560998
3005778,20.032920593628166
3005779,1529.0250766106644
3005780,1330.7310117329957
3005781,608.2659799251379
3005782,195.2775811639058
3005783,224.77246011052605
3005784,7391.963989776898
3005785,46.172782614671576
3005786,0.9236859378963667
3005787,39.224842043440965
3005788,45.30959155578501
3005789,0.4329900698701634
3005790,541.0177753973384
3005791,23.39788120401531
3005792,13.036533317806155
3005793,15.084793170175153
3005794,209.77469525217646
3005795,7.407140984034045
3005796,1446.0561697604783
3005797,619.0841560719856
3005798,17.910259593147643
3005799,24.36183271398427
3005800,1107.2947754779127
3005801,182.9053239602477
3005802,2750.7848854142135
3005803,252.35393371845655
3005804,57.94487408226431
3005805,12.691572581097937
3005806,0.0
3005807,17.08978242459727
3005808,6698.332608102553
3005809,0.13499646799125084
3005810,1041.9522353121863
3005811,23.641687599646172
3005812,1905.973702321549
3005813,1658.8264020395022
3005814,718.3444187479035
3005815,294.7493148235547
3005816,291.30014956558824
3005817,8015.243230941988
3005818,58.68315534381126
3005819,1.5806893702945892
3005820,45.432189677687255
3005821,59.247130102000945
3005822,0.7417492772894667
3005823,641.2884957762737
3005824,40.88139889276552
3005825,18.88071991463126
3005826,16.9681374318128
3005827,299.3064225592701
3005828,10.065577110098337
3005829,1511.076160446509
3005830,659.9508070521878
3005831,21.685793482348256
3005832,27.943931580128773
3005833,1377.1216918935652
3005834,265.4091339673323
3005835,4337.669289610637
3005836,301.0876004740697
3005837,84.15669593958009
3005838,10.08146087659573
3005839,0.0
3005840,13.63459225697501
3005841,4533.7180619126975
3005842,0.0
3005843,819.2870846477606
3005844,19.262896504171195
3005845,1429.6769536466713
3005846,1206.0191970259823
3005847,517.2032758163181
3005848,149.6388648856244
3005849,204.94173775711604
3005850,6378.030350821392
3005851,42.28469554414549
3005852,0.727378069274778
3005853,35.341918475062855
3005854,39.198198555029066
3005855,0.2752469194060713
3005856,435.492840807505
3005857,25.86865543741113
3005858,10.022910239378403
3005859,7.4905301586193005
3005860,158.74390093180799
3005861,5.718136730120524
3005862,1323.891911609543
3005863,580.378427447013
3005864,16.049596700052994
3005865,22.397500918719103
3005866,1010.8703695902735
3005867,140.6041541411158
3005868,1997.2329738532512
3005869,185.38567513691916
3005870,38.88706690073121
3005871,10.9707393930865
3005872,0.0763667541989499
3005873,10.534630113418277
3005874,5998.494460883437
3005875,0.3817732764202514
3005876,1064.0534784305412
3005877,21.339689462775116
3005878,1687.3690876604278
3005879,1620.037233639074
3005880,498.08525905176083
3005881,411.09281640336275
3005882,266.91538836018145
3005883,7197.812673806992
3005884,63.35288457502914
3005885,1.3521728756255418
3005886,47.22243451766556
3005887,51.73649703856272
3005888,0.7829683280419717
3005889,540.3859324523743
3005890,20.636321022762775
3005891,20.283653513607664
3005892,11.686089036536053
3005893,274.22249245558857
3005894,10.35623529552811
3005895,1230.268051188705
3005896,503.93981606674305
3005897,20.875403562486873
3005898,29.98531936534604
3005899,1322.3712001558583
3005900,294.45805002704003
3005901,5619.873915180942
3005902,242.32535404019484
3005903,102.44626623538862
3005904,4.959456354546324
3005905,0.3469357904057699
3005906,4.804489595619912
3005907,1771.8806047880776
3005908,0.39742718102623364
3005909,349.8882961455629
3005910,18.727115162701477
3005911,735.5241071473946
3005912,500.19789549459654
3005913,208.1974864320383
3005914,109.29271119603968
3005915,90.75045202356239
3005916,2381.221097220182
3005917,16.605724547248787
3005918,1.5226464285040606
3005919,17.6216179600736
3005920,16.83868091034338
3005921,0.6776108676351307
3005922,186.1743250757095
3005923,8.448128996886801
3005924,5.144623785035225
3005925,9.556093334792667
3005926,107.09296492962179
3005927,5.618752474013612
3005928,278.2524199276636
3005929,197.50297805887914
3005930,3.863877656004232
3005931,6.761675461020085
3005932,280.0874953060892
3005933,76.70879593443944
3005934,1317.4963399278508
3005935,0.24019182919450613
3005936,15.907799264759067
3005937,9.812606597422846
3005938,0.10832838749652852
3005939,12.50812570089368
3005940,3696.9885302601747
3005941,0.2284433746274736
3005942,729.7631457388745
3005943,24.64416543258763
3005944,1333.3473184134098
3005945,969.7957337516848
3005946,457.1178340535348
3005947,118.80288257568634
3005948,168.18008396457992
3005949,5285.893717279704
3005950,43.08181416704624
3005951,1.3708538608808665
3005952,54.38551685234049
3005953,47.20679564116668
3005954,0.5044523337774296
3005955,379.30633093008186
3005956,24.24773984432811
3005957,7.420762921522286
3005958,4.99552200592465
3005959,217.71784165542266
3005960,7.166234675535012
3005961,809.4181779345031
3005962,507.1492150094511
3005963,9.439171021509788
3005964,15.784896279933587
3005965,642.0303063335621
3005966,104.97680530961237
3005967,1827.7440896694275
3005968,220.43269535984115
3005969,20.389017108202637
3005970,4.777402688290676
3005971,0.10752016375445107
3005972,4.893310174266289
3005973,3623.9107107196633
3005974,0.0
3005975,744.313479322639
3005976,9.879208456038784
3005977,1128.512523076284
3005978,1196.229505519768
3005979,293.99814220866244
3005980,343.1153665308814
3005981,176.63651113815345
3005982,4370.2370672280795
3005983,23.238795902494832
3005984,1.0936668867563748
3005985,19.222030996022887
3005986,25.61642031605521
3005987,0.5793687276773716
3005988,287.2567591936393
3005989,3.9581167585840022
3005990,11.700439334618405
3005991,5.5533730963919075
3005992,222.74368937134173
3005993,7.314865970395314
3005994,914.1304630053622
3005995,328.2341355674749
3005996,9.209832152664495
3005997,12.228437800300327
3005998,1336.8088600185392
3005999,147.2691310155497
3006000,3666.889795178008
3006001,1.4469599924679888
3006002,82.96698616329722
3006003,8.680419090103452
3006004,0.6735610419662135
3006005,11.993303253460379
3006006,4390.269525921965
3006007,0.28079366547471585
3006008,888.8885564456116
3006009,14.521210780471897
3006010,1221.1920642644297
3006011,1091.394043810865
3006012,443.6913911624539
3006013,272.47797330359487
3006014,202.17909926490174
3006015,5786.543088571024
3006016,28.51852720711654
3006017,3.085784158045189
3006018,46.56212524607355
3006019,46.42609446638031
3006020,0.671698465572464
3006021,392.41525207577286
3006022,10.450256466220031
3006023,21.178099980159182
3006024,8.298188954606612
3006025,235.2074401015869
3006026,8.597232451321505
3006027,800.9854439492495
3006028,400.2417640702784
3006029,12.858355799925057
3006030,16.45042639327903
3006031,708.285818839546
3006032,139.3815519422656
3006033,3091.333116305046
3006034,2.933115317982306
3006035,13.363918480559576
3006036,5.932822645670725
3006037,0.4204054683533669
3006038,3.068985840585632
3006039,2039.626550149605
3006040,0.330905404248209
3006041,422.5133642412454
3006042,10.555909937022086
3006043,762.4593876313635
3006044,566.249666561939
3006045,267.24704203240117
3006046,136.61433738357758
3006047,92.13793848597558
3006048,2860.1294917840523
3006049,12.724868786087548
3006050,1.5157599323843356
3006051,16.80091200008783
3006052,14.38790787453259
3006053,0.6948301364185852
3006054,202.50257843718958
3006055,4.553450364981138
3006056,6.339770987489839
3006057,4.762777292757299
3006058,159.70811611192792
3006059,4.4492945264388535
3006060,347.136528891096
3006061,222.12450968190828
3006062,4.674500723913159
3006063,7.151234850974779
3006064,299.61127014904184
3006065,63.800583486849774
3006066,1625.152261204075
3006067,0.7581940838034524
3006068,7.089677539215236
3006069,4.347807093272947
3006070,0.010931032034027156
3006071,0.5035442666225198
3006072,1868.0632829874048
3006073,0.0
3006074,179.11930223814656
3006075,4.365400351114934
3006076,811.5126374719845
3006077,239.1442266254032
3006078,203.6081810453425
3006079,68.39791708729874
3006080,28.33917207959846
3006081,2366.5445550651634
3006082,4.905960406151487
3006083,0.560216557053544
3006084,13.934907321460711
3006085,7.068922005245479
3006086,0.09898747691191137
3006087,153.65943734209884
3006088,0.15771810597871333
3006089,0.04345284899621312
3006090,1.9232706991554287
3006091,34.69390036509508
3006092,0.9019498487487037
3006093,46.36120449390086
3006094,130.28129786523812
3006095,0.5697954325717329
3006096,2.1713052709833307
3006097,72.43627343829995
3006098,38.871068980113115
3006099,521.141213449514
3006100,0.0
3006101,0.8948121019349364
3006102,5.12703420651762
3006103,0.16849836417686317
3006104,5.54092133413864
3006105,2982.645172201406
3006106,0.07649291677934308
3006107,570.7279788663067
3006108,13.045395563866375
3006109,927.8339354776106
3006110,862.8534502310995
3006111,337.65401793762794
3006112,207.45305363833342
3006113,177.94498931579386
3006114,3867.7627649053193
3006115,28.202205797936692
3006116,1.7720553653082667
3006117,27.397090868480902
3006118,27.913118152458843
3006119,0.5415719324397734
3006120,252.03292668617294
3006121,14.423858830753524
3006122,11.26061304746263
3006123,16.98695489949763
3006124,122.0107355211872
3006125,5.855436527821859
3006126,691.0118650451278
3006127,266.0250131150646
3006128,7.7095823196140625
3006129,10.249463295407669
3006130,744.8649285454659
3006131,141.16031346007017
3006132,2827.7102981200956
3006133,0.18357209106111436
3006134,54.45431105132492
3006135,4.799556248611038
3006136,0.03619063105612666
3006137,6.009724703700514
3006138,3520.971043493852
3006139,0.21036815176097295
3006140,646.7983810849015
3006141,15.935301519584037
3006142,963.4305567348803
3006143,985.4410803887758
3006144,320.2765606420109
3006145,237.64002363784923
3006146,166.1778088975541
3006147,4195.013397814434
3006148,31.884121042608953
3006149,1.7557945541035642
3006150,27.338948869003296
3006151,27.257897627276975
3006152,0.41535173469556547
3006153,268.2035054368029
3006154,15.69955668801068
3006155,16.299389453432063
3006156,9.401964029970744
3006157,182.8218513562792
3006158,7.957883947044429
3006159,641.29722723561
3006160,262.04842486459944
3006161,8.584054231185961
3006162,14.93305610934666
3006163,864.2656702404831
3006164,169.3930673182979
3006165,4048.912217992651
3006166,0.24414872611080146
3006167,62.31468234687634
3006168,5.821109129916523
3006169,0.17708384200251656
3006170,8.273665017411187
3006171,4247.043441384339
3006172,0.2529627489530927
3006173,749.020759699901
3006174,16.94965431873192
3006175,1071.3143653428017
3006176,1212.1823560975363
3006177,314.7014857014496
3006178,249.15061619285936
3006179,231.54405659715547
3006180,4142.581906305895
3006181,35.280348614601266
3006182,1.9697051785500514
3006183,40.6138208009103
3006184,39.90058171399608
3006185,0.6809710697752276
3006186,296.9677306700654
3006187,22.980795355394235
3006188,22.778275000782934
3006189,17.306017379858567
3006190,183.66154195269993
3006191,8.374597407390425
3006192,748.5085606319493
3006193,311.4971414025553
3006194,11.949564810704983
3006195,15.823490603926729
3006196,829.115017394336
3006197,199.044208789633
3006198,3268.771969302853
3006199,0.3395989097524575
3006200,71.56766300687495
3006201,9.456552575928848
3006202,0.20392981965906667
3006203,5.573568075569927
3006204,3511.3087811450087
3006205,0.023940184379813424
3006206,545.20859352127
3006207,12.334666237283397
3006208,1272.4315963713116
3006209,816.277705818096
3006210,464.7992803610554
3006211,147.65437101394446
3006212,111.79111821528534
3006213,5440.578483189399
3006214,14.165498275324657
3006215,0.9688315745192504
3006216,29.67297641988072
3006217,29.585249707158756
3006218,0.23688744090774588
3006219,374.77042595067525
3006220,11.81922134314803
3006221,5.565405106973352
3006222,7.8733503605472634
3006223,80.46746744694417
3006224,4.017992773911642
3006225,256.5389277453963
3006226,318.9604415353472
3006227,6.677477420060429
3006228,10.267933264194335
3006229,473.6684532601946
3006230,75.50251902412236
3006231,1001.58022277198
3006232,30.320155978690373
3006233,12.99854213846735
3006234,3.8136986669333837
3006235,0.0
3006236,5.204465627660831
3006237,2111.1501180330038
3006238,0.0
3006239,420.3019770574354
3006240,10.755925581908567
3006241,594.2157694161397
3006242,681.8173430977276
3006243,133.6664175336196
3006244,164.4485017952623
3006245,139.24419647342629
3006246,2462.598549171575
3006247,22.40002059846954
3006248,1.4053619680315999
3006249,22.602370561386845
3006250,13.1284245355508
3006251,0.0
3006252,178.48402280706375
3006253,17.183398844189018
3006254,13.861255504262745
3006255,5.459531057502566
3006256,144.332132223274
3006257,5.267818250824888
3006258,298.8067294595277
3006259,146.28624399786762
3006260,6.456174645024234
3006261,10.120227111430273
3006262,347.9591138017925
3006263,110.05529841490194
3006264,2264.5060811393937
3006265,0.03513941538205234
3006266,23.759763023998737
3006267,3.508091877740247
3006268,0.0
3006269,1.337179411537555
3006270,1631.278537643043
3006271,0.0
3006272,141.5788451898892
3006273,4.975476154860277
3006274,728.878028373061
3006275,354.2210880552141
3006276,215.84983764853905
3006277,54.342378503625405
3006278,57.72699512555218
3006279,2609.6027340659825
3006280,4.97606772395113
3006281,0.5896525009107045
3006282,14.219948173856048
3006283,12.412510342240873
3006284,0.24947910317803484
3006285,217.7925380703344
3006286,3.118072415692536
3006287,0.07347772946689395
3006288,1.7782044578561584
3006289,33.17867408816303
3006290,0.9276166265460701
3006291,140.1487991474984
3006292,210.2288759956798
3006293,1.4392931472524473
3006294,3.679412540553991
3006295,192.54784156779778
3006296,28.689493789096055
3006297,338.75039617244016
3006298,4.297905362867363
3006299,2.0919498677857122
3006300,8.23152233167306
3006301,0.33726250551682907
3006302,9.052245243814435
3006303,5170.954494807026
3006304,0.11607486682918491
3006305,792.4668434534643
3006306,15.759607474887098
3006307,1915.2186506015362
3006308,964.2857666480967
3006309,519.0732764852872
3006310,180.07872505808658
3006311,177.8354104866032
3006312,6144.109385346899
3006313,18.20655354618683
3006314,1.5020547436026428
3006315,47.865306954631045
3006316,45.102208039310945
3006317,0.3160767337871526
3006318,519.5420200236465
3006319,12.499427729657764
3006320,4.061736783392229
3006321,8.762347605435055
3006322,113.4081559226775
3006323,3.971680742604356
3006324,433.16928519536543
3006325,514.4202513974677
3006326,4.326390306040714
3006327,10.620141006898507
3006328,410.0722696571006
3006329,88.04812229190382
3006330,884.9936639934235
3006331,32.48944249712602
3006332,11.756579048473547
3006333,6.09436852687863
3006334,0.21649931634242303
3006335,1.212820150613386
3006336,1957.6165921752392
3006337,0.021334242211653996
3006338,174.87089079712382
3006339,7.957572699832678
3006340,835.1460482385843
3006341,435.983417292881
3006342,226.28482762879193
3006343,68.70619396083957
3006344,65.72830992881751
3006345,3078.869343067905
3006346,6.299116196850319
3006347,0.8948966928158337
3006348,19.23487808814423
3006349,16.83189459852524
3006350,0.12092922418619828
3006351,249.10881164149
3006352,2.8903483161814467
3006353,0.24225721231803846
3006354,13.468960557427259
3006355,77.37230720489573
3006356,1.78719061179538
3006357,159.0416751497859
3006358,212.98060323415456
3006359,2.082518843503675
3006360,4.903472593932953
3006361,192.16008312828774
3006362,37.52802338950678
3006363,415.2257235311164
3006364,3.9448358623340125
3006365,2.8149923019250727
3006366,5.764123112223493
3006367,0.1526838656020326
3006368,1.925372471729629
3006369,1671.2386879318906
3006370,0.0
3006371,149.70008295348677
3006372,6.511294563702515
3006373,770.0924502990005
3006374,342.7419286550538
3006375,192.21138922433585
3006376,56.23096483551297
3006377,57.44122855404568
3006378,2630.191803481097
3006379,5.425221438755403
3006380,0.8214833709703666
3006381,12.616854456171685
3006382,14.941236448591615
3006383,0.30905186545112157
3006384,223.7567887487846
3006385,2.366309508045653
3006386,0.1007506429487472
3006387,2.7453817572726553
3006388,56.513197670325
3006389,1.3232706205220106
3006390,132.40319114203527
3006391,196.127664068969
3006392,1.5571671866338095
3006393,3.8355330961122798
3006394,144.8949560680954
3006395,31.659428765093367
3006396,327.901002754498
3006397,5.184686979143921
3006398,2.0527460628302743
3006399,4.467402919957735
3006400,0.07253983998272058
3006401,1.9475548522484751
3006402,1955.7370242509082
3006403,0.0
3006404,220.19131201750264
3006405,7.336055813028381
3006406,1121.1092821897541
3006407,459.0734785168042
3006408,213.7455786000407
3006409,88.3882877450054
3006410,77.17829736064226
3006411,3044.1772718631228
3006412,5.454721227243464
3006413,0.8634300529889285
3006414,15.68082747601688
3006415,12.5770833219692
3006416,0.23641924283313384
3006417,252.30510110194575
3006418,1.7113220445542376
3006419,0.3964679694471798
3006420,3.379563581326697
3006421,23.14732381875826
3006422,1.8927659099648895
3006423,187.91367730868754
3006424,270.93872693338955
3006425,2.18741803643686
3006426,4.5166301134245295
3006427,132.05388614159477
3006428,42.76775712892404
3006429,505.1570478731934
3006430,4.489294952861937
3006431,4.950344096377225
3006432,4.078502565692869
3006433,1.4677622598119617
3006434,1.6532904391143326
3006435,1912.1692026718808
3006436,0.03462604370404711
3006437,151.1913484581712
3006438,6.784884333814998
3006439,869.8765037614627
3006440,457.128010176561
3006441,217.43073545775815
3006442,80.14537381108887
3006443,67.38039673461697
3006444,3524.296181772481
3006445,7.278799402655901
3006446,1.0565623940017166
3006447,20.239178660443613
3006448,17.694396286101643
3006449,0.2077438185173746
3006450,245.63546882317587
3006451,4.022526080798209
3006452,0.369650537969553
3006453,7.755194582041476
3006454,46.53658905029874
3006455,1.8258939170120927
3006456,166.7776270791455
3006457,218.9818663868835
3006458,1.9275510625142416
3006459,4.687844337910883
3006460,160.28994207794628
3006461,40.47101680454861
3006462,581.6814606852661
3006463,6.7514608958143345
3006464,4.293157464816853
3006465,5.3867091222270025
3006466,0.04986851165800353
3006467,0.7623780879393487
3006468,1773.3291738582677
3006469,0.0
3006470,169.49090395958365
3006471,5.463510273206395
3006472,903.9492413880957
3006473,328.8245653056525
3006474,188.3470230931328
3006475,115.56822277192987
3006476,61.528558829655836
3006477,2425.299790358303
3006478,4.350953093920405
3006479,0.6065997978819304
3006480,12.390758620572818
3006481,9.376099437672888
3006482,0.25113485404493346
3006483,205.9016147272661
3006484,0.3399474716021961
3006485,0.0
3006486,2.2175000763561616
3006487,49.55427294537792
3006488,1.3104700114605063
3006489,68.96692680575858
3006490,154.86048876689216
3006491,1.0016735230142078
3006492,2.8900579345429382
3006493,102.76609805788752
3006494,37.26562845931922
3006495,256.4349300090435
3006496,0.0
3006497,1.0897370021376829
3006498,6.65733100445922
3006499,0.4318977430228609
3006500,4.733807861591125
3006501,3550.3230601481105
3006502,0.255554533928803
3006503,353.4801270314412
3006504,9.056198977647133
3006505,1310.500677588249
3006506,909.9238309360369
3006507,443.7435947864705
3006508,177.4772201768586
3006509,174.53986196837465
3006510,5952.598490173174
3006511,10.30525685312923
3006512,1.214167738804024
3006513,30.552111410716822
3006514,26.805155167526305
3006515,0.4059971252883103
3006516,327.8600255612843
3006517,3.8252247650879605
3006518,0.938817177152343
3006519,20.96626705323499
3006520,85.6335457342307
3006521,2.942322940050312
3006522,228.5964239508131
3006523,350.83970536489744
3006524,3.5058926513567874
3006525,6.928672751489892
3006526,359.439331382927
3006527,70.93093862600884
3006528,462.567755971129
3006529,21.5738274387887
3006530,11.080672147997332
3006531,0.1894193847958573
3006532,0.0
3006533,1.2243864503222701
3006534,944.7773871035849
3006535,0.0
3006536,144.0471079434299
3006537,0.6263039710588476
3006538,243.49462570119954
3006539,216.4473999420919
3006540,88.5957465034651
3006541,40.108782233218534
3006542,31.103991039213376
3006543,1109.205681801508
3006544,1.2571449575493658
3006545,0.0
3006546,2.819209114868027
3006547,5.887585624215354
3006548,0.0
3006549,100.48858001019941
3006550,0.37493821136141164
3006551,0.0
3006552,5.087208174909081
3006553,32.90517457499613
3006554,0.0
3006555,36.414232036481366
3006556,76.14817900272705
3006557,0.0
3006558,0.45408078749466846
3006559,80.70719782735424
3006560,8.703560055434156
3006561,230.72108091774874
3006562,18.947122409608003
3006563,6.343257646768603
3006564,8.536044516741672
3006565,0.48467221810186695
3006566,3.162339740626649
3006567,2911.0746544214308
3006568,0.18311051011274232
3006569,233.34030643865844
3006570,9.42237761421702
3006571,1038.8320236326283
3006572,524.0785505525238
3006573,292.6676458499597
3006574,93.80540958615872
3006575,75.33608498475706
3006576,3878.5064593458683
3006577,9.477717745077966
3006578,1.3941928490599
3006579,22.916546959814795
3006580,19.842074540651055
3006581,0.5028525489781279
3006582,238.306372527332
3006583,4.22439033931059
3006584,0.7444233846820458
3006585,4.021713370126618
3006586,68.5187313392485
3006587,2.1997654769173165
3006588,172.86949765693058
3006589,243.25152736466484
3006590,2.4756078513684128
3006591,5.3303020027153485
3006592,178.782204783917
3006593,45.82783164482651
3006594,539.8724244447799
3006595,11.170214689201803
3006596,4.499671063574972
3006597,6.959628530793546
3006598,0.2054975806375024
3006599,8.712770077223015
3006600,3947.91323334798
3006601,0.16359341142756864
3006602,664.3703647465373
3006603,16.08432920981703
3006604,989.1543414241017
3006605,1076.94729056181
3006606,254.19271085872617
3006607,239.2220909562932
3006608,201.6095862891368
3006609,4475.676021812945
3006610,30.26015717884724
3006611,1.818362654332967
3006612,31.31228498306084
3006613,28.73796879648985
3006614,0.3016018101157193
3006615,269.85838974886326
3006616,23.913682143148588
3006617,16.785157266709753
3006618,14.604110640122673
3006619,165.86645996208694
3006620,6.805984704650252
3006621,446.1903930320951
3006622,305.8411183556802
3006623,9.16080169361023
3006624,11.702393296024379
3006625,539.0962060240258
3006626,170.8841633889043
3006627,3304.969536370984
3006628,0.2859341794049903
3006629,31.794094122866305
3006630,7.467157266550437
3006631,0.5803028794554748
3006632,6.373331899214875
3006633,4260.213135774825
3006634,0.0
3006635,584.6145006164953
3006636,9.543928348502833
3006637,1284.0168435310231
3006638,1029.482661814751
3006639,415.0366119758506
3006640,170.28372755250345
3006641,183.0214479070683
3006642,4402.780806570082
3006643,12.971701919829139
3006644,1.4964505101658028
3006645,33.794166844049094
3006646,17.828924228382842
3006647,0.432776485821226
3006648,365.60361217890807
3006649,6.524514451416162
3006650,4.450821479765035
3006651,5.716288166775653
3006652,108.04303437196056
3006653,3.2633919906708178
3006654,170.66119111086306
3006655,356.32957044736804
3006656,4.924617805616222
3006657,7.741146165850758
3006658,248.03338669665186
3006659,108.41675358566468
3006660,1159.9721231344522
3006661,31.73253975274119
3006662,16.552667170968302
3006663,10.162885583312292
3006664,0.8800031793037568
3006665,6.11870336610201
3006666,3649.0404830076204
3006667,0.38228599402464786
3006668,514.0428659077262
3006669,10.993015605795337
3006670,1416.53218920221
3006671,776.1999965908751
3006672,404.7032949251964
3006673,173.69241799853046
3006674,144.49812173463985
3006675,4354.892838163475
3006676,10.254196534357613
3006677,1.585799721014896
3006678,37.61287361862371
3006679,36.74611328662094
3006680,0.9172278606533457
3006681,392.06874134548565
3006682,4.7160966209093305
3006683,3.26310214115086
3006684,6.55358351253279
3006685,138.60122778942173
3006686,3.0605603718967798
3006687,149.04533197811938
3006688,335.03940947745826
3006689,3.8999619712047764
3006690,6.977542502555519
3006691,205.48465455765668
3006692,72.70548667877894
3006693,1018.8228956164031
3006694,0.8610551895884266
3006695,8.78124667933755
3006696,4.936538470291874
3006697,0.33116814389391935
3006698,1.409141974919181
3006699,1945.3906352222593
3006700,0.07258843414415452
3006701,182.66710754873714
3006702,6.346604831527441
3006703,751.9162875730739
3006704,366.72169286017856
3006705,188.21978005608153
3006706,107.45705418597908
3006707,89.62983404604998
3006708,2604.6642762291917
3006709,5.288467127757945
3006710,1.0440078938230974
3006711,25.86102543395431
3006712,21.33678629872981
3006713,0.4939978789423204
3006714,247.9529918923505
3006715,1.3267489317075656
3006716,0.5031181172464734
3006717,3.8126325721058114
3006718,88.64730345672933
3006719,1.9493535750400803
3006720,115.71607930733717
3006721,194.6615731420331
3006722,1.9495206556714937
3006723,4.288531837889114
3006724,133.37372493818967
3006725,40.53079983926986
3006726,547.9992718529255
3006727,17.43031830074186
3006728,4.518030883222412
3006729,3.101870721613504
3006730,0.05307565884218524
3006731,4.50415792433469
3006732,1760.1924805781455
3006733,0.08476799402307768
3006734,322.89814431408666
3006735,12.302805080171245
3006736,609.7330503761956
3006737,558.5692530455415
3006738,147.71196942528124
3006739,107.1913200526176
3006740,99.52492576316764
3006741,2133.481266760619
3006742,19.624862847877463
3006743,0.7398976428613164
3006744,14.485888025186043
3006745,15.074697055174305
3006746,0.26365105281508006
3006747,158.65407158913737
3006748,7.0447216965641655
3006749,2.9604512692439546
3006750,4.501108185298375
3006751,142.36334159594688
3006752,3.898902492713045
3006753,450.4823493157133
3006754,195.1570425041879
3006755,3.28807570904449
3006756,5.737589053227516
3006757,348.3382580671711
3006758,78.21508305422452
3006759,1416.0423418428059
3006760,0.42704338378708556
3006761,12.609835403888297
3006762,4.373524763534031
3006763,0.19904631813251042
3006764,8.246521500921615
3006765,4306.5348086998165
3006766,0.22628962271990774
3006767,912.562242154897
3006768,17.81518318151977
3006769,1152.4401572772822
3006770,1361.5397631031024
3006771,321.1921669757598
3006772,247.61222413268555
3006773,203.63714796975145
3006774,3558.1231657948492
3006775,22.655906116096787
3006776,2.2875321356236515
3006777,38.284831431301626
3006778,39.30172634913932
3006779,0.5112231598322463
3006780,272.8438212113897
3006781,15.656556508207995
3006782,25.444760361769386
3006783,10.101095000825168
3006784,284.85590392176886
3006785,8.189311359262954
3006786,409.19336603356504
3006787,350.10860265214785
3006788,11.39088965921326
3006789,14.62232596656986
3006790,510.1337486459721
3006791,181.72715438591032
3006792,3253.7516039899674
3006793,0.6061450014396415
3006794,29.06603981914445
3006795,2.614729678554158
3006796,0.0
3006797,4.373870625686418
3006798,2251.0951506476763
3006799,0.021435160914538506
3006800,416.83580012310836
3006801,8.329554448786674
3006802,562.7903800045807
3006803,657.9327469581478
3006804,164.48889383769023
3006805,110.12017127299545
3006806,113.12857411350217
3006807,2072.693595235381
3006808,9.582399853265848
3006809,1.0862970908582534
3006810,14.615607022718459
3006811,18.692135640958366
3006812,0.24388039816869633
3006813,129.8612874486897
3006814,0.8478632614701853
3006815,13.719292638969904
3006816,5.574784045206989
3006817,259.64586813739606
3006818,3.969795386196603
3006819,196.65328995258812
3006820,162.90883418452944
3006821,3.2294448383950396
3006822,5.104420201860506
3006823,186.83358159619738
3006824,62.15520824654443
3006825,1655.9715419101913
3006826,0.23042018577442416
3006827,3.5373962164315147
3006828,4.306435995885169
3006829,0.13301935031011616
3006830,2.2051212130644515
3006831,1222.47193918548
3006832,0.0779118344572425
3006833,252.41064386873916
3006834,6.5235323386876924
3006835,422.1379158801989
3006836,306.21393415777584
3006837,104.05041372934066
3006838,59.58336952106431
3006839,58.81609975545677
3006840,1789.5219745501322
3006841,5.1790850975158405
3006842,0.8910252490573338
3006843,9.560787457460982
3006844,7.271328117693145
3006845,0.2839633529761473
3006846,88.86494319248598
3006847,1.7220614539410213
3006848,3.5395332805800237
3006849,2.4730270017445943
3006850,79.82396898766244
3006851,1.2074949019014078
3006852,204.36481338095237
3006853,172.51765613761145
3006854,2.233932133397612
3006855,4.628300446660324
3006856,158.2398901341065
3006857,30.051127672684068
3006858,681.269584921291
3006859,0.34364980148141044
3006860,2.8140618279383958
3006861,5.616633254287275
3006862,0.3639094578394567
3006863,9.628602009571678
3006864,3827.7494312412537
3006865,0.2277340653087105
3006866,759.5747765623954
3006867,14.661756498059063
3006868,984.3562344728481
3006869,1106.1503459839123
3006870,315.01651883916225
3006871,257.87152282084816
3006872,178.33001534931182
3006873,3611.127520050467
3006874,22.902173176026103
3006875,2.6753540839326537
3006876,22.624744925520037
3006877,31.307504473726674
3006878,0.8020796309072558
3006879,258.93720328682946
3006880,9.235484032488142
3006881,28.000812126882042
3006882,7.199816002160327
3006883,244.62870964449544
3006884,5.679703302982227
3006885,361.77007085163797
3006886,306.3474266164364
3006887,9.302628946196874
3006888,13.28468451289519
3006889,432.3361151747649
3006890,151.53752612693202
3006891,3200.7873765923455
3006892,0.4654655129687983
3006893,25.182358412514528
3006894,8.559369521764573
3006895,0.3589513554234812
3006896,4.159655453733454
3006897,3800.52783670309
3006898,0.2833274368070085
3006899,729.3656664619481
3006900,13.177401818732507
3006901,1413.3264758485823
3006902,1116.17413824232
3006903,457.99999012278533
3006904,237.95512408828932
3006905,164.73117278930692
3006906,4644.384325825724
3006907,8.898579506899376
3006908,1.5591221760513774
3006909,24.885714387323517
3006910,27.30507440140032
3006911,0.7626498611314065
3006912,288.2975549690149
3006913,1.2804619262716348
3006914,3.4744697919307885
3006915,6.04134686935043
3006916,208.45479655554075
3006917,2.2168815562803093
3006918,238.3350799558081
3006919,366.59949669597836
3006920,4.465690805642445
3006921,7.141722429074708
3006922,274.87349289341836
3006923,76.81074426335073
3006924,1530.7090194028349
3006925,1.424148582307586
3006926,13.082091716950611
3006927,6.517699534931494
3006928,0.4595500690101858
3006929,2.1277092594446794
3006930,3531.4201865205237
3006931,0.18797204694143582
3006932,559.2734413753574
3006933,11.114171432790249
3006934,1206.4280369697374
3006935,944.029584073821
3006936,286.9998147373911
3006937,155.55516779264553
3006938,145.34029097289883
3006939,4262.566920586959
3006940,9.147862815537303
3006941,1.503606345805613
3006942,25.83190120176592
3006943,22.732668697125018
3006944,0.38310664241561626
3006945,254.88371181496163
3006946,1.8794979322584022
3006947,3.637253265354282
3006948,4.644229773956515
3006949,184.0274322676834
3006950,2.5570425431860753
3006951,176.3834354950359
3006952,302.3796063981402
3006953,4.249368824813155
3006954,6.618441538461524
3006955,229.28135485748038
3006956,71.58237033836869
3006957,1365.7508772645754
3006958,1.333884612414959
3006959,9.49384237217349
3006960,12.713456075613411
3006961,0.5894297784490219
3006962,18.43873575271852
3006963,11010.81985947461
3006964,0.5402029530494541
3006965,1544.161562619353
3006966,36.47992888824884
3006967,2416.6567300901315
3006968,3113.2627642909165
3006969,577.0314863857731
3006970,663.3099318276369
3006971,570.5237400597014
3006972,9030.930914361115
3006973,95.10926720855531
3006974,4.609454117028382
3006975,66.62578717205102
3006976,74.52108942903669
3006977,1.6833663299078463
3006978,635.4176953842027
3006979,54.70215076562696
3006980,55.049241245647295
3006981,63.14829868813199
3006982,605.1205437106589
3006983,22.654265195758256
3006984,930.771287308208
3006985,566.4243024547118
3006986,27.077117170055978
3006987,33.84883905694678
3006988,1436.286037479225
3006989,628.550212432902
3006990,6314.763049423609
3006991,1.3259171195094308
3006992,95.26424126110699
3006993,3.385535836879855
3006994,0.14009251373275897
3006995,0.5998091586367631
3006996,1456.9329822705822
3006997,0.01095965459667121
3006998,155.64410266681054
3006999,4.598360302309627
3007000,554.2874192227841
3007001,275.2686990194374
3007002,128.85591579626995
3007003,120.97477915591826
3007004,63.490353850807594
3007005,2006.1747083459168
3007006,3.4218825032703837
3007007,0.660172949638357
3007008,11.526171936430238
3007009,8.661044970003806
3007010,0.14582359201659598
3007011,150.60802312229302
3007012,0.5771038212494122
3007013,0.12705949787589568
3007014,2.4075540126354613
3007015,72.40445999923125
3007016,1.151257080843108
3007017,78.77080969194012
3007018,129.53890384168548
3007019,1.6051102771863572
3007020,3.377192172948811
3007021,113.47958903046907
3007022,29.34824879723786
3007023,246.5569994825677
3007024,0.1497833466558502
3007025,3.3898727036499254
3007026,8.558596989497639
3007027,0.6783365492069149
3007028,2.5831206260706803
3007029,3130.80988285676
3007030,0.3661700785967223
3007031,537.1172538254817
3007032,10.306585598356772
3007033,1466.7319372230293
3007034,792.1572442827041
3007035,336.0419986096009
3007036,187.03545663822294
3007037,118.48621881901622
3007038,4738.977606655353
3007039,11.51660873518065
3007040,1.1969359856516482
3007041,26.579118334792888
3007042,22.65629981462685
3007043,0.5757255904524601
3007044,304.8722019711896
3007045,3.7619313838385713
3007046,2.1207924143722856
3007047,7.812934958905037
3007048,114.17920547343807
3007049,2.4898892183055463
3007050,287.69875954800557
3007051,344.03804654991507
3007052,3.2913292897681288
3007053,7.141862562258581
3007054,224.579247096387
3007055,63.605160488638376
3007056,951.6727073227349
3007057,0.9284097969586766
3007058,8.300943333896672
3007059,1.9915020381128352
3007060,0.0
3007061,0.2666578369412027
3007062,1177.0534200851748
3007063,0.0
3007064,109.59269975262742
3007065,3.241948892064541
3007066,435.24244432853214
3007067,206.59930733440993
3007068,97.35810762022231
3007069,111.36281566828175
3007070,41.508755452942054
3007071,1629.0268298046356
3007072,2.119620002532384
3007073,0.2962086689777857
3007074,8.53174259987483
3007075,4.080673157362917
3007076,0.03563280119099573
3007077,110.39698916592246
3007078,0.2573018421344523
3007079,0.0
3007080,1.344874201128555
3007081,76.18283518402389
3007082,0.5388002580273705
3007083,60.297005966673616
3007084,96.84728069410373
3007085,0.8118331173567763
3007086,1.765986189627566
3007087,77.52744852359295
3007088,13.23379641249181
3007089,256.276447731614
3007090,0.04422315383040528
3007091,0.7304665419161795
3007092,8.096775014459176
3007093,0.2469267135466104
3007094,0.9916414018171902
3007095,2251.409640375016
3007096,0.09906789802509802
3007097,226.61488706995326
3007098,5.705035642027823
3007099,955.3024235990273
3007100,437.39100248859825
3007101,224.0354966605461
3007102,161.92310710299347
3007103,94.91268695121455
3007104,3115.210261538342
3007105,3.6438170838140023
3007106,0.9361419014307975
3007107,17.18359980696777
3007108,24.67370537965695
3007109,0.4868345628257589
3007110,248.15240132784854
3007111,0.46850210040069895
3007112,0.10723822835178828
3007113,8.922057493337851
3007114,125.99559573860935
3007115,2.005463881632064
3007116,167.69301363278862
3007117,280.6566079525603
3007118,2.052331629955309
3007119,4.470127022357191
3007120,178.49572363767106
3007121,41.8433182535901
3007122,874.7288543803741
3007123,0.04170472145643006
3007124,2.209854058870496
3007125,4.918068238778551
3007126,0.11825572164118249
3007127,3.024849263093147
3007128,3345.2486506479813
3007129,0.0
3007130,642.1269061160767
3007131,10.378453183932002
3007132,1040.5116530863006
3007133,705.6032788552576
3007134,236.2573162833659
3007135,146.82710457263602
3007136,131.037984029016
3007137,4110.671304606322
3007138,8.042653784910513
3007139,1.2840928692289548
3007140,37.560740543566375
3007141,33.907170614399206
3007142,0.18411093128076197
3007143,362.8747445145706
3007144,6.159163476941533
3007145,4.110246266211172
3007146,6.237195948571959
3007147,118.3158192284334
3007148,2.4958542024895376
3007149,233.08930074481077
3007150,330.4557866493772
3007151,4.4245746276866775
3007152,7.072195839521161
3007153,172.16897818253832
3007154,47.600977637404725
3007155,425.9779284162137
3007156,0.843744333160348
3007157,3.8010260738994095
3007158,4.4977886844807795
3007159,0.09378309641358588
3007160,0.41842012940434414
3007161,1646.9630204445605
3007162,0.01835580116503318
3007163,115.30131315129036
3007164,3.389517729775367
3007165,585.1697344416768
3007166,218.0026927404888
3007167,106.54531408957192
3007168,119.37785540313874
3007169,64.44609593448007
3007170,1928.176449507509
3007171,2.5458799961755
3007172,0.4244928975629035
3007173,9.96309201123709
3007174,6.828691169837356
3007175,0.024996718570026753
3007176,121.41816665179616
3007177,0.2648996629981509
3007178,0.035739455433466974
3007179,0.9873153768833025
3007180,101.91031191251027
3007181,0.7633238609287807
3007182,112.65498925566877
3007183,125.63496672989201
3007184,1.071269429966505
3007185,1.8033605912408128
3007186,72.46131399429309
3007187,17.728322069010673
3007188,171.67885728793993
3007189,0.0
3007190,1.1948357685476192
3007191,4.930838247926087
3007192,0.20259214535484035
3007193,1.6898147328382067
3007194,3396.1219286549704
3007195,0.11655450252368682
3007196,547.1105950601255
3007197,9.340504269241007
3007198,1107.5753103268516
3007199,764.2918576105346
3007200,265.83638225158825
3007201,146.49607478741615
3007202,154.64523907521323
3007203,3970.4226014123606
3007204,8.01311756088976
3007205,1.0332801616486766
3007206,26.40988801453193
3007207,21.65632411600907
3007208,0.3866333787578708
3007209,214.89422852610113
3007210,1.8375436592591883
3007211,4.985766010023823
3007212,3.6946245933670685
3007213,181.95430644397658
3007214,2.0258658138031005
3007215,206.22304686602664
3007216,343.177258376312
3007217,3.3359619232426434
3007218,5.492213523179981
3007219,179.52806917546974
3007220,55.421821057845236
3007221,1230.4908390649289
3007222,0.7824779639754587
3007223,0.8031675798194637
3007224,4.473981946362114
3007225,0.1444463159465768
3007226,8.885497120850328
3007227,3031.314719715725
3007228,0.034052482606165245
3007229,633.1584588061203
3007230,24.35428933766551
3007231,885.9927722295805
3007232,861.9198890350624
3007233,204.11435712603966
3007234,192.99564433623448
3007235,187.47497170087757
3007236,3915.1835193281017
3007237,36.24799752292718
3007238,2.2996505804238203
3007239,30.965164614686557
3007240,29.29161837231074
3007241,0.45651225254268646
3007242,309.60626092180104
3007243,15.066235518695269
3007244,20.031323518667033
3007245,4.504018775019415
3007246,196.9165587124278
3007247,6.104389291915845
3007248,283.1771654283869
3007249,308.0378353687156
3007250,9.980188618021709
3007251,11.98512980356144
3007252,282.5938839474519
3007253,141.04285014443124
3007254,3302.1493208055967
3007255,0.33567679054669997
3007256,16.44836738549804
3007257,7.43230725793102
3007258,0.2632042794123756
3007259,9.565898240093704
3007260,2869.6207779958863
3007261,0.13826004163694006
3007262,570.8214799375396
3007263,13.200615108182323
3007264,1035.5064568351784
3007265,834.3700607650717
3007266,296.9059023029723
3007267,218.11399240037292
3007268,184.99740994857623
3007269,3911.26042988862
3007270,26.566318701910298
3007271,2.0398265031702416
3007272,33.9194679177403
3007273,33.7274704130005
3007274,0.5027834278103056
3007275,307.945995574983
3007276,12.720745062431472
3007277,15.57252329787256
3007278,10.315195465092888
3007279,161.27662589369612
3007280,7.595462924887897
3007281,262.4223287974144
3007282,379.8712035659868
3007283,8.710106042702682
3007284,12.336989336292564
3007285,338.1444618029829
3007286,177.05905380593347
3007287,2442.4922199285384
3007288,0.3332201525611354
3007289,12.857410091824885
3007290,9.973768589220583
3007291,0.6441847257214093
3007292,5.600064412582727
3007293,4418.872885935481
3007294,0.3830358931050814
3007295,678.5622941537509
3007296,13.033780798000503
3007297,1604.348474411467
3007298,927.4400334813574
3007299,321.3108418234823
3007300,242.39262187226484
3007301,137.71959855063227
3007302,6323.371855481041
3007303,27.50521340721567
3007304,2.1959991540672266
3007305,28.393702827131396
3007306,28.756928923646832
3007307,0.6906778911712936
3007308,376.3969892901583
3007309,9.433150486130149
3007310,10.923766685588689
3007311,24.327365044356245
3007312,157.8859442500911
3007313,4.458135304395219
3007314,245.6112691806853
3007315,391.6505669702352
3007316,5.865572111068782
3007317,10.22330147515568
3007318,249.4293777255006
3007319,90.83407176421365
3007320,1263.688512063686
3007321,11.765380373324321
3007322,15.941759650852593
3007323,4.756265634109335
3007324,0.29913078603995646
3007325,6.353736995749309
3007326,3226.913701791768
3007327,0.3072675054636734
3007328,527.9591570421151
3007329,14.3807282207968
3007330,924.1058022767655
3007331,883.745155493044
3007332,285.2194738319823
3007333,168.36329407283637
3007334,131.72687698912264
3007335,3785.474563152746
3007336,25.324054398415527
3007337,2.0262515793117397
3007338,23.30241886140079
3007339,20.790833633921146
3007340,0.7080648456028429
3007341,210.56410188894594
3007342,20.49396944571906
3007343,14.51847621664862
3007344,5.235010649083249
3007345,137.8201685017362
3007346,7.044606505306348
3007347,326.61039216191574
3007348,283.2472012002048
3007349,8.597084418726803
3007350,11.282150789480344
3007351,503.2751572525303
3007352,151.36772013216117
3007353,2948.158602155689
3007354,0.44427710991082486
3007355,31.364657236622733
3007356,6.199968312558077
3007357,0.1566449618409627
3007358,3.27327544918794
3007359,4415.406263564968
3007360,0.16978012868979944
3007361,419.4155370642415
3007362,14.903411510438172
3007363,1775.1183453171097
3007364,732.7306137336129
3007365,293.30387314488456
3007366,175.86414737162505
3007367,116.88913166878652
3007368,5813.763007677085
3007369,10.09759244526021
3007370,1.087540779139533
3007371,20.341460759563695
3007372,28.93429338929614
3007373,0.15334974864887235
3007374,366.74715420680593
3007375,1.8472845601658876
3007376,1.0650742505357895
3007377,4.902824856692586
3007378,133.36236346065482
3007379,2.919601436616786
3007380,162.06218410279055
3007381,340.91653747512356
3007382,3.4120882549164335
3007383,6.5131509013036695
3007384,162.06584372126304
3007385,58.432696529270686
3007386,924.6643624313156
3007387,0.3805511963268838
3007388,6.98172646665642
3007389,6.822375996891765
3007390,0.22866466376910893
3007391,7.074935668692554
3007392,2820.357758982457
3007393,0.44428513084511867
3007394,556.4965878772688
3007395,14.188133767283151
3007396,1204.2384152776947
3007397,873.2264891210436
3007398,308.54664047346034
3007399,217.17978763433428
3007400,171.01983997866733
3007401,4282.455491910821
3007402,19.2197466948559
3007403,1.8582875627308644
3007404,29.08500810637208
3007405,20.033171007328914
3007406,0.6277582263912125
3007407,297.26964208052925
3007408,8.242657153065627
3007409,12.248712390372003
3007410,8.521798132844145
3007411,204.0793997427639
3007412,6.534858435601971
3007413,286.33543317534867
3007414,362.5300047137541
3007415,6.849466428144319
3007416,10.75296577706916
3007417,224.79836717812304
3007418,99.74442383201301
3007419,2295.786479235856
3007420,0.930663383580308
3007421,6.797120401312179
3007422,4.561614775265268
3007423,0.3421994871644616
3007424,11.636661690155814
3007425,3142.880342628757
3007426,0.42992614733205226
3007427,565.244157982139
3007428,14.265258117395577
3007429,968.7770727984425
3007430,922.7659651915828
3007431,226.04446418060442
3007432,169.9046810112833
3007433,160.0986856482614
3007434,3410.080842186151
3007435,23.060528462164136
3007436,1.9724573011349755
3007437,24.84746570398665
3007438,26.021640041739918
3007439,0.628690780224487
3007440,264.48817742342004
3007441,18.36747841790478
3007442,33.553177546877144
3007443,11.693255876725006
3007444,183.22497779941114
3007445,8.360513806255472
3007446,245.69906970572933
3007447,317.1480003308555
3007448,8.551488693986299
3007449,10.875724641462778
3007450,278.4408851112715
3007451,104.78567736823275
3007452,2732.374564440998
3007453,1.1728430795483393
3007454,13.524856755407864
3007455,5.774809924962841
3007456,0.16336914308166395
3007457,3.2923170514254068
3007458,5065.636044985132
3007459,0.01750165434752876
3007460,589.5695704076666
3007461,10.115834895507527
3007462,1386.5684949909764
3007463,908.8457869111849
3007464,265.3420747231092
3007465,149.67742496495526
3007466,144.22175447124437
3007467,3971.86423405713
3007468,7.036932724242158
3007469,1.1223428897005774
3007470,24.07924453105591
3007471,21.531827352619185
3007472,0.42737778107997487
3007473,236.7899240178643
3007474,1.874331678761612
3007475,3.620055547268577
3007476,3.2970312782707945
3007477,120.24019085243705
3007478,3.215435364971336
3007479,149.9905233242482
3007480,299.45668883528583
3007481,4.372197848543244
3007482,6.324817618131906
3007483,162.834202400836
3007484,72.48629791913008
3007485,719.6197048337486
3007486,0.8512438628976988
3007487,0.8776889365333962
3007488,22.775366177689836
3007489,0.18514264962399715
3007490,19.48194639599127
3007491,13390.420378878443
3007492,0.5443454145428261
3007493,1777.7929539204047
3007494,36.85885167573326
3007495,3118.051901723403
3007496,3050.852603419028
3007497,976.1167449753821
3007498,761.5549213011941
3007499,635.453569923597
3007500,12220.375097318662
3007501,111.67647923078486
3007502,4.929138806751096
3007503,98.20241569023493
3007504,99.93706548085771
3007505,1.8707906724835723
3007506,968.7824713286215
3007507,82.73306362074764
3007508,35.36526896085098
3007509,79.62695739892283
3007510,609.3989073785552
3007511,18.749261914739353
3007512,1158.0366963828153
3007513,823.8548488382172
3007514,34.48226010050496
3007515,45.66528791558807
3007516,1747.1491718287946
3007517,797.2937914930369
3007518,9183.73953575629
3007519,461.26454329277004
3007520,116.64445452771015
3007521,18.42509401076533
3007522,0.1185431564721546
3007523,20.412692236522513
3007524,11625.586788785371
3007525,0.39767295852826673
3007526,1597.2930304526262
3007527,32.2059116615589
3007528,2889.904366454771
3007529,3124.982013100796
3007530,910.0740564504814
3007531,612.4690548457488
3007532,528.6082267466311
3007533,11798.958272544493
3007534,91.50250626537331
3007535,2.681555212208478
3007536,70.0350351296667
3007537,78.56358064444878
3007538,1.3261442106963832
3007539,759.1082673030498
3007540,75.7478218114601
3007541,28.861427092576747
3007542,39.25175335279326
3007543,569.0747857669213
3007544,15.637545829684978
3007545,995.9387040801463
3007546,802.2579204582937
3007547,30.490271630922834
3007548,66.88029981206691
3007549,1670.6709064311856
3007550,622.0161952167081
3007551,9546.147452639903
3007552,455.3954137569329
3007553,98.50382604015098
3007554,19.934322768255242
3007555,0.07257667186014015
3007556,22.24102230880779
3007557,9094.815374470461
3007558,0.25034753850054264
3007559,1206.3310212779486
3007560,27.513705856726826
3007561,2506.5502225627592
3007562,2216.993494101868
3007563,853.3505084009265
3007564,394.27815989262524
3007565,379.86859718501114
3007566,10510.934356859561
3007567,74.41965108376777
3007568,1.9091641652407567
3007569,55.22301057124996
3007570,62.636826856095034
3007571,0.9576242335681215
3007572,747.5566193270647
3007573,70.74747231052802
3007574,20.808956528303042
3007575,25.910482692220285
3007576,348.75576241695796
3007577,12.45347370683105
3007578,1047.926052628249
3007579,800.6644481415335
3007580,26.624937924349183
3007581,52.73783975544211
3007582,1371.4620039114966
3007583,386.5419064086473
3007584,4335.17641537514
3007585,336.97621552032103
3007586,65.45950397346388
3007587,20.752621867602677
3007588,0.12648030566042728
3007589,25.066188544220488
3007590,10327.884556889547
3007591,0.3889711117091895
3007592,1352.131487862555
3007593,31.68171578513966
3007594,2753.4221260609615
3007595,2426.4880147559034
3007596,916.2157645144961
3007597,466.17379883910314
3007598,438.9287858309215
3007599,11294.046809946753
3007600,84.89166493398325
3007601,2.8331002342612126
3007602,66.97616755385165
3007603,74.52261333285529
3007604,1.27862573226329
3007605,852.4685210147426
3007606,87.30664998215865
3007607,28.75376090797877
3007608,32.13896825297535
3007609,475.47011274138237
3007610,14.890452189440111
3007611,1151.5610690234591
3007612,909.4614072564732
3007613,30.573581492866076
3007614,39.283518545657664
3007615,1581.1230554772465
3007616,476.9658084076769
3007617,5453.658154905483
3007618,409.26200939492014
3007619,88.47674211060851
3007620,15.89606513512544
3007621,0.0
3007622,17.14413878548183
3007623,7366.5286070887705
3007624,0.1674269905963581
3007625,1083.4210714469314
3007626,24.419047538622923
3007627,1959.1778097272527
3007628,1713.1154182585854
3007629,656.0814776690366
3007630,236.73985032824612
3007631,279.5652357316413
3007632,8597.399394817863
3007633,53.619447226630655
3007634,1.450866449828597
3007635,38.0343724512771
3007636,52.03067991888056
3007637,0.5717667503321306
3007638,587.2207486032528
3007639,63.53706859447637
3007640,14.20570709682251
3007641,21.365529617752042
3007642,268.5778094103466
3007643,7.7608085445083255
3007644,1153.2005001451766
3007645,898.0702123933097
3007646,21.011172769053708
3007647,27.60085535045817
3007648,1110.3678266558363
3007649,249.84962391593484
3007650,2971.33149298896
3007651,267.1468778328259
3007652,36.96628595503028
3007653,16.60094901916871
3007654,0.026572988280358308
3007655,17.539534441169078
3007656,9197.260328199436
3007657,0.331775333932033
3007658,1344.9564138843907
3007659,29.787033146346072
3007660,2323.659616856159
3007661,2512.0495652063705
3007662,614.1772697734442
3007663,532.8304168766977
3007664,449.5770569528037
3007665,10338.585165320068
3007666,78.89093044678665
3007667,2.0691471467663245
3007668,59.857019371735056
3007669,55.105593042317054
3007670,1.035199978271152
3007671,713.2849938952047
3007672,37.83488533239108
3007673,28.4288973640297
3007674,31.23033215618316
3007675,398.83675764006676
3007676,13.354415385746544
3007677,1094.6304222724498
3007678,629.1799904472388
3007679,25.18681729147324
3007680,37.40424485568553
3007681,1300.5683349361402
3007682,487.44708634676556
3007683,7158.580188964939
3007684,180.96821921231736
3007685,79.37652099347395
3007686,7.253573571602393
3007687,0.4795650095225754
3007688,9.945058230782914
3007689,2422.640388294505
3007690,0.5054771480864708
3007691,449.00629370240233
3007692,20.384403614162935
3007693,968.3801710747092
3007694,647.6951593877916
3007695,253.16213886286948
3007696,182.2367576531667
3007697,148.10860920446788
3007698,3098.3691150324557
3007699,17.975543918186524
3007700,2.101309528271537
3007701,27.129962108388202
3007702,21.810769975857358
3007703,0.7959643483728629
3007704,204.10178432079528
3007705,9.857235291779295
3007706,6.061040999289194
3007707,10.893140901653437
3007708,146.01007982107697
3007709,6.234257987538611
3007710,297.4689466381908
3007711,293.0798129927718
3007712,4.960877541177145
3007713,8.512245210441641
3007714,319.4072119104829
3007715,106.6289110888314
3007716,1737.9485408797889
3007717,0.4010707313457527
3007718,9.815263471980154
3007719,13.600651296095196
3007720,0.33134898624948206
3007721,17.084729537608148
3007722,5430.549287731373
3007723,0.32313938986262336
3007724,828.7240468279771
3007725,24.04834720157422
3007726,1666.6396484790796
3007727,1246.7823334200714
3007728,567.8679962712719
3007729,199.04943515259927
3007730,214.25379957218297
3007731,6667.696923685886
3007732,53.058661158200934
3007733,1.817897714620044
3007734,53.394860121888954
3007735,62.44885685502274
3007736,0.71949180904892
3007737,452.32725437906424
3007738,44.225874078130104
3007739,8.913041572678473
3007740,5.281378508573671
3007741,336.84637080739105
3007742,9.023206770350432
3007743,720.4206782775359
3007744,657.7452147616825
3007745,14.419952452398542
3007746,23.793376985750776
3007747,582.4279863754965
3007748,169.25741853409164
3007749,3359.9787472201397
3007750,247.93613672957324
3007751,25.673255980998665
3007752,7.634016489088808
3007753,0.0
3007754,9.35506400168615
3007755,5449.5549391570885
3007756,0.05828915862607007
3007757,975.412630399192
3007758,12.405537590778174
3007759,1454.6551706750513
3007760,1595.6251663881128
3007761,358.9530926910467
3007762,314.9802751006501
3007763,234.4450086709109
3007764,6044.05681743564
3007765,27.14131079608701
3007766,1.2880233022590897
3007767,37.71009526029354
3007768,33.66193674157984
3007769,0.5525996739704526
3007770,361.65869356940743
3007771,6.22794964191158
3007772,17.771271711473503
3007773,6.110262655190412
3007774,256.5441036313926
3007775,7.846162449486448
3007776,534.7182609701163
3007777,390.2356306609967
3007778,11.887059925055912
3007779,20.396502102009933
3007780,670.0718405575632
3007781,168.92177955599436
3007782,5236.015824652636
3007783,2.1256045551499727
3007784,45.162016724401425
3007785,10.661261211407806
3007786,0.7979191606886364
3007787,15.011175081117784
3007788,5384.758705250795
3007789,0.4576169239351575
3007790,1175.93248752788
3007791,16.63502613810092
3007792,1619.9901233358744
3007793,1570.4041652586181
3007794,471.45975347040826
3007795,232.25103377397343
3007796,204.2764528632373
3007797,6591.126522146929
3007798,33.81808380282922
3007799,3.9416702902578713
3007800,60.97695905480152
3007801,54.88217203465497
3007802,0.8946177462929681
3007803,490.5547171100664
3007804,12.363404462487383
3007805,24.580226153626217
3007806,9.507078436027431
3007807,327.2086751371516
3007808,9.64159620680504
3007809,333.3718989605993
3007810,543.1900687568295
3007811,15.785503538094616
3007812,20.136287608319947
3007813,254.1883726208017
3007814,201.06039458992558
3007815,3932.3862011313845
3007816,3.3354193513557
3007817,11.679598444810862
3007818,9.881552234278088
3007819,0.656109378030721
3007820,8.323232144573966
3007821,3365.8337842109718
3007822,0.620713071958745
3007823,690.0020857003685
3007824,14.504370509634304
3007825,1200.225915776083
3007826,931.2041567599738
3007827,344.2507732090407
3007828,143.46043602259834
3007829,135.9283214410227
3007830,4547.841217622686
3007831,17.6186454565894
3007832,2.4550287401741793
3007833,23.534132230478054
3007834,33.33818544700146
3007835,1.013925372398393
3007836,279.81084812342175
3007837,7.07883325869142
3007838,10.05766295982308
3007839,6.82188498299842
3007840,277.37560371967527
3007841,6.183084979697821
3007842,221.9279657511658
3007843,342.1352305870117
3007844,6.995328844332113
3007845,10.485028602830273
3007846,232.60586335954218
3007847,104.79038325463092
3007848,2606.587902824824
3007849,1.1937617969961942
3007850,5.25257444558786
3007851,6.6559026908966175
3007852,0.15878367140831728
3007853,0.7455943620965466
3007854,2519.669287017176
3007855,0.05858012382865856
3007856,242.3017687079945
3007857,5.406247529288014
3007858,1228.0266730082756
3007859,330.76895599446067
3007860,218.92376254182184
3007861,93.03134430117045
3007862,74.01220276907182
3007863,3286.1424542297436
3007864,6.332628800744409
3007865,0.9664837020001433
3007866,12.186164858152132
3007867,8.728535197199045
3007868,0.3350774339674005
3007869,211.21401459938167
3007870,0.4186016407579202
3007871,0.27858752143137944
3007872,2.58334615512179
3007873,51.610743456645494
3007874,1.2722304407848006
3007875,59.12919408759041
3007876,206.20277162023314
3007877,0.9978785128904379
3007878,3.036119947383182
3007879,63.48403900470163
3007880,58.181659061513386
3007881,257.29193286811676
3007882,0.0545421213412098
3007883,2.2856695113787255
3007884,7.5789123222307655
3007885,0.28792133253312957
3007886,9.870103363076634
3007887,4597.7712551866725
3007888,0.23929681734765978
3007889,781.7677345953141
3007890,16.645336566242694
3007891,1283.0656824057057
3007892,1256.9386506318394
3007893,406.87529925978436
3007894,269.3897309825488
3007895,227.0537618880884
3007896,5410.412869234848
3007897,32.80558421927377
3007898,2.148671681318198
3007899,36.97225907314573
3007900,36.313283693041654
3007901,0.4148649275691055
3007902,373.608785384401
3007903,18.07738327277252
3007904,14.164844079046402
3007905,30.75717787525372
3007906,192.48339256486867
3007907,6.93032621140629
3007908,472.2518756468492
3007909,388.3214869416202
3007910,10.073077406394091
3007911,13.302198805781313
3007912,659.954651150272
3007913,207.36607957069407
3007914,3724.179486747079
3007915,0.3572870871681519
3007916,38.69772043767641
3007917,5.530808251036033
3007918,0.09085161623791495
3007919,7.800303457676252
3007920,4610.22113653078
3007921,0.20024956866005655
3007922,737.6777275499824
3007923,16.41746332236881
3007924,1146.746476229489
3007925,1149.8540689663243
3007926,321.4859321971873
3007927,266.38423348114566
3007928,220.45725206113366
3007929,4165.758872192781
3007930,30.456052602602195
3007931,2.2326231771612277
3007932,33.40392591248825
3007933,33.60078529956472
3007934,0.39635126929111786
3007935,243.8599234760548
3007936,17.720392253151893
3007937,18.39281157929143
3007938,18.919535240179304
3007939,251.90290547993138
3007940,7.738059200608944
3007941,413.81647891974944
3007942,319.5575872131517
3007943,9.274811972027834
3007944,16.029535270738624
3007945,604.4152943034254
3007946,207.87737193281754
3007947,4324.529749586373
3007948,0.251920243231051
3007949,40.95437291148719
3007950,7.6584161133530895
3007951,0.16891820837556817
3007952,11.972628266675757
3007953,6755.3745058514505
3007954,0.21819919115860884
3007955,989.6051634908524
3007956,23.841084264007222
3007957,1367.8437476885078
3007958,1788.325661346165
3007959,364.44881310969555
3007960,374.62597100945715
3007961,330.5257047873143
3007962,6022.168062018146
3007963,48.551329761799714
3007964,3.0527218934271643
3007965,50.646160196869666
3007966,54.35256522242292
3007967,0.8604507908101373
3007968,442.4902496737957
3007969,30.57404870725741
3007970,30.179623275983346
3007971,31.793202717985494
3007972,426.13170596824136
3007973,11.693313473444144
3007974,760.2188548054529
3007975,427.6672681231718
3007976,18.877368784625727
3007977,24.82378109745389
3007978,895.7791881980437
3007979,351.7581302392489
3007980,5364.5743928043585
3007981,0.8004089888872294
3007982,51.88361011223087
3007983,12.910973417713127
3007984,0.3999282233897436
3007985,8.056361489529507
3007986,4914.10659331965
3007987,0.14006348436767102
3007988,674.7946852045294
3007989,13.664120913240804
3007990,1681.6500700496154
3007991,1104.0253496609364
3007992,468.2261722663642
3007993,195.44333630454412
3007994,198.3256480221239
3007995,6345.06747876529
3007996,16.153446477970864
3007997,1.7153692031026297
3007998,39.44424458905198
3007999,38.72454766850003
3008000,0.48240667084021494
3008001,463.4791948555707
3008002,13.873023147819321
3008003,6.800593935763026
3008004,15.049581551265835
3008005,143.04172321461462
3008006,4.629265440744688
3008007,298.383459208786
3008008,457.02303544831955
3008009,7.379580593394728
3008010,11.298382625209541
3008011,472.0452611561633
3008012,119.22683583516401
3008013,1420.2475987358316
3008014,35.28812746860664
3008015,14.428198838883707
3008016,1.8276939596158215
3008017,0.0
3008018,2.096879498727491
3008019,890.1423703728931
3008020,0.0
3008021,147.80702691702712
3008022,5.307379266613887
3008023,259.9658005128836
3008024,286.93576731224766
3008025,66.15383947873336
3008026,77.40757432444387
3008027,61.0155119223309
3008028,1201.3997781819412
3008029,6.802848914469228
3008030,0.5522046191782033
3008031,9.048482533869285
3008032,8.193138479018405
3008033,0.0
3008034,78.10529947050357
3008035,6.720489582756736
3008036,6.869589263778433
3008037,2.6072282964810194
3008038,31.885282437087717
3008039,2.7057833352918434
3008040,151.0197927795655
3008041,73.91435458361437
3008042,2.808910931982578
3008043,4.065874050140289
3008044,191.25573031704536
3008045,50.55092258925918
3008046,1351.116685231646
3008047,0.18182074763969142
3008048,11.496903090399703
3008049,3.867444911770299
3008050,0.020895501631246965
3008051,1.4398585774791957
3008052,1799.1063436812701
3008053,0.0
3008054,186.01886166206904
3008055,4.603102917771929
3008056,745.6009642394869
3008057,403.87404887931933
3008058,225.7023665104449
3008059,63.33211895663271
3008060,36.89967598726094
3008061,2913.209976532121
3008062,4.905574240514975
3008063,0.41531019605845637
3008064,11.353432740741265
3008065,9.05487203045134
3008066,0.05616000398294724
3008067,235.61273257093023
3008068,3.5917917059879434
3008069,0.10979704756584155
3008070,1.9472932820441278
3008071,3.0071100505006143
3008072,1.2409186948058384
3008073,159.95272737851474
3008074,223.44145675653925
3008075,1.6075460679517253
3008076,4.002180153783199
3008077,206.87395955242863
3008078,29.374014122662327
3008079,361.06061615992905
3008080,4.886230604631982
3008081,2.548534912978292
3008082,8.765079163587009
3008083,0.3582680020638445
3008084,5.29878212276095
3008085,5113.095979864532
3008086,0.16114428447268478
3008087,935.9636607719126
3008088,12.336989380969332
3008089,1966.2355506857457
3008090,925.3339130981526
3008091,542.6060918640136
3008092,172.4579626476627
3008093,95.43996958266055
3008094,7610.67020638987
3008095,21.62917879245664
3008096,1.0770493148551359
3008097,38.188387069136404
3008098,36.27121106220393
3008099,0.1486962417326834
3008100,553.4615677808401
3008101,11.43926908587348
3008102,3.3699386437311585
3008103,7.45728006167745
3008104,66.70911161976682
3008105,3.780190839054037
3008106,479.9147378522357
3008107,538.0008661769864
3008108,4.3301797358207175
3008109,10.62840808945336
3008110,414.8806346876444
3008111,87.33015756368813
3008112,928.6199677800204
3008113,72.226599154149
3008114,8.884589562466942
3008115,5.687727090677529
3008116,0.11932837577318832
3008117,1.1334954470284067
3008118,1899.4049488429916
3008119,0.0
3008120,194.54656119162104
3008121,6.726680387626699
3008122,748.5508137556326
3008123,416.3435917273838
3008124,201.24252814318768
3008125,62.941901065556436
3008126,39.76280043014669
3008127,2602.4665620157607
3008128,6.954495117977896
3008129,0.6440170750969822
3008130,14.506661945661135
3008131,14.468651789961818
3008132,0.0
3008133,235.75022054420577
3008134,2.5821780601222515
3008135,0.07168335855617754
3008136,11.257459395182488
3008137,40.0866251600526
3008138,1.653759240031626
3008139,143.46284852367498
3008140,194.82749667191445
3008141,1.7200132906838848
3008142,4.209221656674217
3008143,171.31549040315505
3008144,30.61110001989403
3008145,335.6486558852692
3008146,2.0048603673603056
3008147,1.866620431621929
3008148,5.849341480327514
3008149,0.13927449915497533
3008150,1.9148151553075157
3008151,1773.483944846735
3008152,0.0
3008153,180.99644376743322
3008154,6.163367386209313
3008155,735.9463334246761
3008156,382.7996871078184
3008157,174.79604344650622
3008158,62.010710663824106
3008159,37.181309897041174
3008160,2506.1238960433275
3008161,5.029798452426386
3008162,0.6068360104160408
3008163,14.155963519519114
3008164,14.053573255692298
3008165,0.0
3008166,236.96254445242562
3008167,2.899955384360607
3008168,0.07670289218447793
3008169,2.822526626475032
3008170,17.01079408745894
3008171,1.5439155301665073
3008172,137.48328000059598
3008173,186.7139644803517
3008174,1.6074272104456546
3008175,3.930573424262856
3008176,148.46417519387077
3008177,29.403656112036455
3008178,210.29879352088744
3008179,5.35838668116045
3008180,1.6852275375432764
3008181,3.271565281897
3008182,0.0
3008183,0.8023036350366288
3008184,1420.2198981445813
3008185,0.0
3008186,182.55687081100615
3008187,3.8167943813422847
3008188,714.6116759133187
3008189,376.3183196777493
3008190,162.91066482495856
3008191,55.67155740813199
3008192,34.28268196408699
3008193,2051.9764884689366
3008194,2.7717811310067186
3008195,0.32646954085147706
3008196,11.202354163474771
3008197,9.240498719434338
3008198,0.0
3008199,189.1375480592641
3008200,1.933927064515054
3008201,0.19194183734734815
3008202,1.9120769818737893
3008203,12.560584867511531
3008204,1.023872440375491
3008205,141.76372122075753
3008206,208.31782672497255
3008207,1.65891508762956
3008208,3.1175257172087916
3008209,82.33454321989595
3008210,33.94772162114003
3008211,334.5020022303558
3008212,4.922430116352731
3008213,1.8498970136287682
3008214,4.981805636003917
3008215,0.25133101721874507
3008216,1.5588482057935638
3008217,1948.6485024391911
3008218,0.0
3008219,167.98761728102983
3008220,5.452774329011483
3008221,863.9313367900263
3008222,447.4437327288284
3008223,224.05161975268788
3008224,78.77884806653921
3008225,47.89975763029951
3008226,3437.3655971026833
3008227,5.499124495391906
3008228,0.7978252878373755
3008229,16.38857924363482
3008230,17.73531539739219
3008231,0.09555734142998092
3008232,258.98597694931715
3008233,3.6015151646858126
3008234,0.17566802515607732
3008235,3.751108010273107
3008236,3.9371612624734507
3008237,1.7362013150334636
3008238,156.27079694543522
3008239,215.33806722376406
3008240,1.6347519154666221
3008241,4.316525901486725
3008242,146.44296916111998
3008243,34.915136084315115
3008244,478.4847418156613
3008245,10.272626763397863
3008246,2.9619425993688786
3008247,6.011839502531387
3008248,0.12504679510382918
3008249,2.4176485890049313
3008250,1822.5107687978648
3008251,0.016561882957585723
3008252,231.7083478456357
3008253,5.229101140879115
3008254,1001.8488706489228
3008255,370.2255029283294
3008256,219.21752990129812
3008257,129.18610796531087
3008258,37.40793318233375
3008259,2799.2286025539875
3008260,8.697386447581223
3008261,0.4967032163741843
3008262,12.390995302394073
3008263,16.960358033849175
3008264,0.2314099144026346
3008265,230.14377176452115
3008266,0.49715225938815455
3008267,0.0
3008268,2.4397197872768746
3008269,48.89534582655208
3008270,1.4902110786687905
3008271,80.46697444887072
3008272,201.2623778577871
3008273,1.0152643595240924
3008274,2.9164704043061076
3008275,105.97459074431163
3008276,37.53227192764758
3008277,262.3962348735564
3008278,0.0
3008279,1.3934335910862767
3008280,7.958387343655797
3008281,0.28795366292663604
3008282,5.8770458916637605
3008283,4165.150110831875
3008284,0.0
3008285,606.4552188988598
3008286,7.817864718613505
3008287,1480.5176826183383
3008288,1071.6156351549075
3008289,528.7568696270471
3008290,204.66720386921784
3008291,117.88417302548869
3008292,5932.06199493609
3008293,20.30188371293686
3008294,1.145107674155013
3008295,31.264216457219767
3008296,17.415692956313098
3008297,0.30781417185070703
3008298,441.9649218764485
3008299,6.56102802079061
3008300,1.295405974593729
3008301,17.767157949645643
3008302,64.51590769285606
3008303,2.9418248067760406
3008304,269.83568386008415
3008305,410.915943323642
3008306,4.826226867201057
3008307,8.638879786862626
3008308,344.1849201249583
3008309,94.10450355929207
3008310,645.3901996183624
3008311,26.140520970562076
3008312,12.661765629383869
3008313,0.9386873215284817
3008314,0.0
3008315,1.389347890697699
3008316,1302.8781874924882
3008317,0.0
3008318,239.08363071928193
3008319,1.2975243430136318
3008320,311.63694388642455
3008321,302.92689123315324
3008322,121.54491048216003
3008323,51.63386885603069
3008324,20.455906376260543
3008325,1682.2234688903525
3008326,5.811090316515178
3008327,0.0
3008328,5.25140112003276
3008329,7.30832492195273
3008330,0.0
3008331,128.50997585726014
3008332,1.4657259104580795
3008333,0.2304025843909715
3008334,2.9748110126736504
3008335,29.794760422206718
3008336,0.38970394651538376
3008337,64.07798576249455
3008338,105.54422989355672
3008339,0.4593186870972433
3008340,1.4602939085325768
3008341,104.43213060185619
3008342,15.076478494595651
3008343,289.4301088868846
3008344,27.41913748942547
3008345,2.246786916159993
3008346,7.240776401112594
3008347,0.018403247852883386
3008348,1.731387468126564
3008349,2073.8396889858477
3008350,0.0
3008351,247.58320470379243
3008352,5.527288882510998
3008353,727.3113228999753
3008354,465.26337777997253
3008355,232.96863049793745
3008356,75.80939590979312
3008357,49.52034584088937
3008358,2814.7146933304334
3008359,10.123071010119517
3008360,0.7793159862679531
3008361,15.526166612689227
3008362,12.678523621295128
3008363,0.0
3008364,283.0796495094908
3008365,4.779469589197408
3008366,0.39146620676096056
3008367,2.602697044557528
3008368,16.853017484845665
3008369,1.5496466042701567
3008370,147.12831737045204
3008371,194.81515998248454
3008372,2.388686789441673
3008373,4.607726314570354
3008374,117.9833422094326
3008375,36.94950810113244
3008376,368.389199065278
3008377,3.9280247568269715
3008378,3.599555536326535
3008379,7.355902273332811
3008380,0.2285027679967391
3008381,9.339891035078733
3008382,3972.334784279438
3008383,0.19519504928132334
3008384,668.1536006863631
3008385,13.32726940404534
3008386,1066.3691554853738
3008387,1161.0084274234334
3008388,286.746056712196
3008389,252.11930657122622
3008390,189.53219919434008
3008391,5035.485118007293
3008392,26.513495204419105
3008393,4.689894979396119
3008394,22.410698569483746
3008395,28.06842579175065
3008396,0.2621587069829465
3008397,272.0489644240352
3008398,27.087085414132243
3008399,16.70723256110926
3008400,6.950424537201219
3008401,86.91617516918285
3008402,7.28691416769956
3008403,474.7099496748682
3008404,356.7844001294627
3008405,9.32036252697367
3008406,11.901866184201934
3008407,555.8097364928327
3008408,172.2114820637234
3008409,3388.7162336728993
3008410,0.37139314695218645
3008411,35.17417529124823
3008412,9.984759819884971
3008413,0.41291386761022175
3008414,8.077026287463227
3008415,5031.739452092023
3008416,0.14829604698085216
3008417,941.456121482674
3008418,10.67585477717645
3008419,1670.3184474639675
3008420,1306.2802607917292
3008421,508.1061431739449
3008422,209.719781726157
3008423,110.33323471619622
3008424,6211.557586641802
3008425,21.595125901209233
3008426,1.372479470110194
3008427,27.68287012722525
3008428,42.3449047763732
3008429,0.3760682089426929
3008430,504.8295530134774
3008431,10.893008580790127
3008432,6.862791961282107
3008433,12.294130395782966
3008434,79.09442651036701
3008435,4.089599196281973
3008436,301.518480722231
3008437,556.9128554612195
3008438,6.428789338543468
3008439,9.960391973633522
3008440,321.45078931682747
3008441,108.55403782678428
3008442,1450.6299650767753
3008443,97.39686888884017
3008444,12.33420023261942
3008445,8.958997541965553
3008446,0.8102593782535816
3008447,7.6059841400505945
3008448,4222.022761967412
3008449,0.2823865989099355
3008450,727.899355185796
3008451,8.801650037923892
3008452,1300.9779092027607
3008453,886.0205071711151
3008454,439.6632418040503
3008455,184.5423006914627
3008456,65.1227139251105
3008457,4593.976154326835
3008458,22.40395305073851
3008459,1.6071436922152795
3008460,37.566937452049125
3008461,45.28116785067068
3008462,0.7075796655172462
3008463,466.2504351231446
3008464,6.839620411723446
3008465,5.64156379842035
3008466,6.460832518497046
3008467,73.43820429140581
3008468,3.808802783352996
3008469,132.00468006580135
3008470,407.6205918829721
3008471,5.200801928458416
3008472,8.036166515946007
3008473,220.61973860755793
3008474,83.34145766545868
3008475,619.72663057289
3008476,0.8605670297423589
3008477,7.1430535043451115
3008478,4.85081565444481
3008479,0.28055103363818
3008480,1.3460025320505058
3008481,1704.8651106658988
3008482,0.07740366491165275
3008483,185.8144134330877
3008484,4.972085393211803
3008485,677.8446394265004
3008486,327.47028957648405
3008487,168.02205432914906
3008488,100.10062908157852
3008489,41.54644448495296
3008490,2430.26856597531
3008491,5.1539753931780705
3008492,0.7764458302676378
3008493,22.130135941660594
3008494,18.68639594312806
3008495,0.3451106673133778
3008496,231.042849952175
3008497,1.1114401404378378
3008498,0.3598335150759605
3008499,3.2520105084855437
3008500,33.93350087163336
3008501,2.003491702739135
3008502,112.01306878708958
3008503,179.24093003103496
3008504,1.7115166178398447
3008505,3.8617872652757494
3008506,121.35894280795083
3008507,36.078774923977576
3008508,244.02938421920229
3008509,13.026411985850524
3008510,1.551005172462856
3008511,2.9194489454177885
3008512,0.0
3008513,2.5078737853625617
3008514,1478.2923457024485
3008515,0.02671272000996234
3008516,274.14102345329604
3008517,9.918718388415408
3008518,527.44161550302
3008519,503.64409497351795
3008520,136.25151578529082
3008521,101.33952645654244
3008522,80.71893898139953
3008523,1968.3953171440105
3008524,15.340470542102512
3008525,0.5352159884612631
3008526,15.558658168582859
3008527,16.952523191749517
3008528,0.20890955845834985
3008529,150.34873417063437
3008530,6.09587624269239
3008531,2.3802279691808796
3008532,9.908252416680106
3008533,63.58361795320313
3008534,3.941400993565006
3008535,451.12374699174956
3008536,201.29525876484396
3008537,2.8712589921152105
3008538,5.082670637663744
3008539,319.11398623489833
3008540,69.13601359890508
3008541,1254.5644022602296
3008542,0.42072447232514754
3008543,12.430249111384065
3008544,4.189948493548573
3008545,0.1462368456759105
3008546,5.160347917124116
3008547,3761.8906848896827
3008548,0.1926395917563088
3008549,795.5708062099643
3008550,14.20179314561131
3008551,1048.4609101128106
3008552,1223.1556902580164
3008553,307.44604515199484
3008554,215.52148530675382
3008555,158.36430271189084
3008556,3596.9383991422133
3008557,17.422085234010996
3008558,1.726589631406506
3008559,30.411709406168512
3008560,36.85013204750797
3008561,0.3633470500382877
3008562,254.4789513533654
3008563,15.195201877466722
3008564,22.568714587804084
3008565,8.286696604752589
3008566,114.3108314526943
3008567,7.883415734457024
3008568,383.0748671852172
3008569,356.0010954527253
3008570,10.354847944469968
3008571,13.316093579079508
3008572,471.567262160877
3008573,166.76649281624333
3008574,3758.956669252957
3008575,0.5051243262752629
3008576,29.025490439053236
3008577,2.56480038192498
3008578,0.0
3008579,4.049343627828768
3008580,1930.5758373021206
3008581,0.0
3008582,368.27067808530785
3008583,7.147777196394202
3008584,482.62304843742567
3008585,548.8209441512082
3008586,137.21956043014748
3008587,100.63694626898013
3008588,97.18304055734605
3008589,1827.7673833708538
3008590,7.417283840756763
3008591,0.6732613335258768
3008592,13.056592250258126
3008593,10.399812874871628
3008594,0.0
3008595,121.86123961058553
3008596,0.7920807250246011
3008597,11.368516040919243
3008598,4.802464222701903
3008599,74.30325595961597
3008600,3.578460589731457
3008601,180.4047727786562
3008602,152.60718540961278
3008603,2.7015518925961426
3008604,4.342504516496642
3008605,162.78779351511903
3008606,54.11799070300509
3008607,1321.9007253674122
3008608,0.17739371802152762
3008609,3.408126186762778
3008610,4.305688426629908
3008611,0.12467711685268289
3008612,1.2219179753063636
3008613,1137.0849097512723
3008614,0.08180857726421772
3008615,239.3554319327314
3008616,5.4617605743017865
3008617,426.00929820613777
3008618,301.1331874953544
3008619,101.06707329206361
3008620,58.07401958485521
3008621,48.48055671576584
3008622,1761.9576157639015
3008623,3.992057942085668
3008624,0.6600537117865515
3008625,9.074691266824953
3008626,6.89061208626968
3008627,0.2031841755846674
3008628,94.17087316221736
3008629,1.75893543505147
3008630,3.20088535298229
3008631,2.2826981078178052
3008632,43.314794586032775
3008633,1.1178560719038195
3008634,239.44787040417964
3008635,194.63879346659135
3008636,2.1211415762784327
3008637,2.8013885826091127
3008638,157.44960586391844
3008639,25.210362154039174
3008640,646.6146450490942
3008641,0.44939876408945306
3008642,3.030620585200885
3008643,6.774389398298276
3008644,0.413199840082172
3008645,9.335299821553253
3008646,4328.805994706776
3008647,0.40156944196684846
3008648,890.5578872484756
3008649,15.593989685938435
3008650,1183.9459076689157
3008651,1425.0125508649517
3008652,373.92563919087706
3008653,300.06052104340245
3008654,185.4878619138389
3008655,5051.13509194217
3008656,25.05606116199311
3008657,2.0518162793008337
3008658,24.073985769206594
3008659,33.80595181042851
3008660,0.536179922402078
3008661,307.1396912337447
3008662,14.114243905243965
3008663,32.00112667308442
3008664,7.7114962122834
3008665,131.41460630693413
3008666,6.718789132132745
3008667,409.3788004694611
3008668,354.20464804563954
3008669,10.406518343009957
3008670,12.754867576844772
3008671,487.02599884183536
3008672,169.5956024457183
3008673,3489.7605725065696
3008674,0.6729186146001267
3008675,29.914892415265317
3008676,8.465770072336234
3008677,0.44724379515208657
3008678,2.8933653433127837
3008679,4837.320724581814
3008680,0.346589453600464
3008681,1050.82552909182
3008682,12.90819452257579
3008683,1687.005862107573
3008684,1464.876604169558
3008685,569.7740420240006
3008686,285.3156511008143
3008687,84.01281742165204
3008688,5362.848249752061
3008689,13.944931530024693
3008690,1.9713681991290426
3008691,34.050851181090366
3008692,31.189522736546813
3008693,1.0139894273220644
3008694,353.08257686082703
3008695,3.017165993265852
3008696,4.88261569908535
3008697,6.435307912187333
3008698,81.50779650527323
3008699,3.7106060819142863
3008700,224.5527293605808
3008701,453.89579355595407
3008702,6.916324847014857
3008703,9.432232612575033
3008704,279.0074421394838
3008705,106.3880309267798
3008706,1786.2604535915962
3008707,1.7970894384019074
3008708,7.944356168884282
3008709,0.9951108893100848
3008710,0.12932488431715894
3008711,0.3966642599631826
3008712,3051.6166625899027
3008713,0.0
3008714,358.2832614603397
3008715,1.4831814890694859
3008716,683.5597948167782
3008717,707.6494935333121
3008718,226.26269701025242
3008719,95.39611245086967
3008720,0.3501608405122551
3008721,2633.355582549161
3008722,14.776847421852747
3008723,0.0
3008724,22.444130109322742
3008725,19.800192481240213
3008726,0.0
3008727,182.65127000344705
3008728,0.1701592228112692
3008729,0.6636180849153901
3008730,0.19848115422647708
3008731,60.09103298579597
3008732,0.49682201728147474
3008733,2.200860234600475
3008734,251.5921400661467
3008735,0.9278974373249533
3008736,1.3596926657496184
3008737,5.340906617420555
3008738,2.542800113628056
3008739,630.942609652199
3008740,0.45393170094907165
3008741,0.49856079189227825
3008742,13.456152527814137
3008743,0.6265087040085922
3008744,19.39002811638419
3008745,11145.841410636463
3008746,0.614421961278073
3008747,1545.7004961901932
3008748,32.1821250107226
3008749,2570.3923440765175
3008750,3311.2946404561035
3008751,550.2202636309652
3008752,687.94467227302
3008753,548.5207212954944
3008754,10272.874265670542
3008755,85.43865642151957
3008756,4.041445065661288
3008757,64.53666629530838
3008758,74.9278225103361
3008759,1.6232667544479904
3008760,699.9998377353135
3008761,62.528881052625216
3008762,55.45251794903322
3008763,69.08494085377541
3008764,196.89075016659734
3008765,23.081964673333772
3008766,954.1832411692375
3008767,668.2983116218098
3008768,27.187067520274805
3008769,33.985307556751216
3008770,1427.3264645473964
3008771,618.609446490658
3008772,6671.66376306329
3008773,1.342809958272131
3008774,102.33181918728755
3008775,3.610587883111827
3008776,0.11503763792260562
3008777,0.6455444553570611
3008778,1506.8840365868375
3008779,0.010671809956720967
3008780,191.3809463273148
3008781,4.058319185731795
3008782,591.8105239138383
3008783,292.76036664644346
3008784,142.2358209261041
3008785,127.8055164104131
3008786,38.14396374606434
3008787,2232.333138635007
3008788,5.49998594174644
3008789,0.5261114466528063
3008790,16.485987148437754
3008791,8.384225270682615
3008792,0.09329187349606048
3008793,166.42796185199342
3008794,0.5941441581126921
3008795,0.04685175306084707
3008796,2.2789413095931206
3008797,22.533433196211686
3008798,1.2574361788725508
3008799,80.9461646865542
3008800,125.4363711109371
3008801,1.5680962219701975
3008802,3.314999937096033
3008803,112.07342038750166
3008804,28.390016190557663
3008805,238.7404961152399
3008806,0.21264082681582422
3008807,1.9594597461741623
3008808,8.139110524462012
3008809,0.680323773611555
3008810,5.433656580950426
3008811,3875.9359816971614
3008812,0.1024809810703062
3008813,775.1317821748488
3008814,8.502338380117802
3008815,1675.8943729468274
3008816,940.748192769726
3008817,421.7937703183441
3008818,228.63712429097785
3008819,83.06332799317413
3008820,5324.301210241994
3008821,16.026559440310212
3008822,0.9877331024457732
3008823,29.539400446131
3008824,27.8824760058151
3008825,0.35494561222212195
3008826,359.0619840488024
3008827,5.400687492340786
3008828,2.8089943247044404
3008829,8.635483536171488
3008830,24.04104966211029
3008831,3.342520643769384
3008832,262.4560110010988
3008833,412.88029148853803
3008834,4.452528983997886
3008835,10.84665808231206
3008836,274.5308637464718
3008837,92.29796287713303
3008838,1093.5802476133797
3008839,0.49803622065979564
3008840,5.098281954847901
3008841,2.428247664685321
3008842,0.0
3008843,0.35043079818832096
3008844,1141.7175960127306
3008845,0.0
3008846,152.0438842248924
3008847,3.0625318122565837
3008848,526.3922599825092
3008849,227.01477321154294
3008850,103.27021980469299
3008851,122.81014604689943
3008852,25.891947608903262
3008853,1759.1186226969387
3008854,3.8785954174788095
3008855,0.19983370174012005
3008856,12.493698823089638
3008857,5.311136839790519
3008858,0.0
3008859,132.79037382325475
3008860,0.3036568289408327
3008861,0.0
3008862,1.6628491056053725
3008863,18.01260890503907
3008864,0.8157682030935653
3008865,67.61091209849418
3008866,105.44076586924349
3008867,0.7931595853873754
3008868,2.053492536130066
3008869,79.34471828423315
3008870,16.371706683446455
3008871,277.13395409971713
3008872,0.012424330415598078
3008873,0.9046139428209574
3008874,7.122499757668566
3008875,0.24858208360253753
3008876,1.1558606979501485
3008877,2183.7055257884435
3008878,0.06055238135060353
3008879,293.36126101048706
3008880,5.557662428845741
3008881,981.0911805050379
3008882,471.11525430769603
3008883,225.52644847502512
3008884,168.3193936169773
3008885,52.597780269542106
3008886,3507.150140513529
3008887,3.7190703432896006
3008888,0.8245398710710603
3008889,16.104931302726225
3008890,12.146202416796424
3008891,0.4467760914888563
3008892,284.8951458289536
3008893,0.7314274200603141
3008894,0.15074653836818294
3008895,7.08600656844923
3008896,59.28769372725113
3008897,2.16955607371304
3008898,189.65622834205365
3008899,308.2646367116585
3008900,1.9820363305748012
3008901,4.344149814339453
3008902,165.38776787129098
3008903,42.47684260455517
3008904,758.7624253317285
3008905,0.029082536273572192
3008906,0.9148121833208978
3008907,4.798267694394707
3008908,0.0746197972988796
3008909,2.9153035231919984
3008910,3054.3728891103656
3008911,0.0
3008912,719.4421344242173
3008913,8.45991699634853
3008914,995.583407494575
3008915,717.987178272517
3008916,244.8066237285957
3008917,142.66153527230495
3008918,82.81337536083973
3008919,4067.597039347283
3008920,8.062216470465062
3008921,0.9481744489681103
3008922,33.91761444349403
3008923,34.84497495608701
3008924,0.09858717711907118
3008925,389.802560296531
3008926,5.93203369145111
3008927,3.6359259707979703
3008928,5.588183050325946
3008929,34.45849515683857
3008930,2.5319471414727666
3008931,230.52820870087314
3008932,351.63777535033125
3008933,4.148593256472073
3008934,6.6615137437982215
3008935,165.16312078159893
3008936,45.18667236968811
3008937,408.8607188212877
3008938,1.0858481230478492
3008939,2.3286993693132616
3008940,4.632679688037307
3008941,0.04404538200451512
3008942,0.4440543880912459
3008943,1682.4326952505996
3008944,0.0
3008945,179.64639943422068
3008946,3.542976248313879
3008947,636.4772124161299
3008948,269.84857261020994
3008949,116.74856013345753
3008950,127.5791943540766
3008951,36.736328900405915
3008952,2252.9690250386957
3008953,6.520547157426125
3008954,0.31712008095786387
3008955,16.059228861327593
3008956,8.208074755554213
3008957,0.0
3008958,158.57430667658653
3008959,0.41346976513772626
3008960,0.011489816303661377
3008961,1.9191169487765865
3008962,53.10558477281608
3008963,1.2831091957651246
3008964,111.35534912355999
3008965,138.76290343445032
3008966,1.0741067571571103
3008967,2.2345391444338745
3008968,81.14547141480715
3008969,22.14511754540391
3008970,207.8109569485551
3008971,0.0373939410774295
3008972,0.3014549289120368
3008973,5.056649095393095
3008974,0.19218578763018054
3008975,1.699293147775406
3008976,3291.153499643931
3008977,0.1191341620242496
3008978,664.7694900062551
3008979,7.869636746082916
3008980,1110.262243958301
3008981,808.9292087693105
3008982,300.0858694144064
3008983,144.22297636557903
3008984,70.02728308598977
3008985,4014.9111924883105
3008986,12.093544294636915
3008987,0.7729255761197804
3008988,19.34054826908572
3008989,20.077385020507545
3008990,0.2906533196479836
3008991,259.3763645503246
3008992,1.7691569849612652
3008993,4.805700112933556
3008994,3.4468729808603005
3008995,98.00085406859213
3008996,2.141539625105011
3008997,204.76598122702194
3008998,350.55811935248045
3008999,3.131631007918691
3009000,5.186269892872951
3009001,180.4222813044286
3009002,54.6981430878523
3009003,1188.2001671404512
3009004,0.8890336122770324
3009005,1.022916290653754
3009006,4.032779759329649
3009007,0.20405678859349222
3009008,8.29085052433863
3009009,2604.894495766207
3009010,0.22170864412011473
3009011,546.2164045427864
3009012,12.065134879162638
3009013,770.9578659453787
3009014,745.5821848318288
3009015,182.92106300526515
3009016,137.19690607830856
3009017,120.93845995353128
3009018,2842.946777775481
3009019,31.198019637665254
3009020,2.0022319246694713
3009021,24.18123996288523
3009022,24.981988188484387
3009023,0.44582369637005465
3009024,248.84576387928942
3009025,12.531326807896122
3009026,17.931656720795267
3009027,4.55998454637462
3009028,76.20573412689997
3009029,6.402763548606441
3009030,198.98128968490613
3009031,259.06439604185294
3009032,9.05855038926473
3009033,10.895203897125608
3009034,227.99632272094343
3009035,117.85413017605492
3009036,2448.743275461397
3009037,0.41493907885723064
3009038,13.518250073748373
3009039,9.005826799788675
3009040,0.04155135102763381
3009041,8.44618901244633
3009042,2955.9912091303345
3009043,0.1661960627971026
3009044,634.5039647710627
3009045,12.9769262061823
3009046,1099.4110140722148
3009047,918.3678875823853
3009048,258.06303639010946
3009049,235.9130128900801
3009050,175.6271850010522
3009051,4734.313937713031
3009052,23.152724335480777
3009053,1.4439360447094227
3009054,36.05109138700704
3009055,31.529081883628685
3009056,0.2520368301888998
3009057,314.6865477820998
3009058,16.620268072470896
3009059,18.570648135386033
3009060,9.607416887760396
3009061,81.25487098846092
3009062,7.307605173289728
3009063,359.10195983949416
3009064,450.0548412432279
3009065,8.635299550248778
3009066,12.23424139638794
3009067,268.60024496599794
3009068,140.14983457733948
3009069,2665.95370540015
3009070,0.6298328611053139
3009071,16.94669916813013
3009072,10.025731697061508
3009073,0.2751675783933528
3009074,6.790296838551818
3009075,3603.9855207172805
3009076,0.04992721196972015
3009077,839.4215521573256
3009078,9.515283829341644
3009079,1301.5772976683863
3009080,884.996979024821
3009081,317.4882274468207
3009082,246.08147381668687
3009083,105.04296405570382
3009084,5001.819661963739
3009085,34.76162116355497
3009086,1.5671100528138262
3009087,36.71610223008395
3009088,32.716528066580274
3009089,0.20830704513666248
3009090,400.1618531959068
3009091,10.483711401335963
3009092,10.660206455503982
3009093,10.415449404419384
3009094,75.75487564712624
3009095,4.199102078407359
3009096,256.84879813331554
3009097,432.88610299834426
3009098,6.8445725167719935
3009099,10.473877001334428
3009100,216.15307491468923
3009101,93.66265451238512
3009102,1347.8602470863905
3009103,22.895084698494223
3009104,9.558103977611594
3009105,4.858092749183504
3009106,0.2525478422807141
3009107,9.134207724497498
3009108,3005.300546517671
3009109,0.0698720090318653
3009110,526.4283096387587
3009111,9.871965666972821
3009112,948.535969067575
3009113,891.9506163994823
3009114,297.08836579725255
3009115,195.69834929670293
3009116,148.25385052431378
3009117,4211.213635497355
3009118,23.299999726806448
3009119,1.192765320139464
3009120,16.17464592266767
3009121,13.115196282325364
3009122,0.30702218560530065
3009123,277.61935657677185
3009124,22.434097253811572
3009125,14.474333051219473
3009126,4.655089010476839
3009127,77.38327488846247
3009128,7.707451995391915
3009129,333.9513156527409
3009130,306.9014389430557
3009131,8.278780866602654
3009132,10.874792465488989
3009133,647.1389956445342
3009134,195.91319521543795
3009135,2909.97553557217
3009136,0.07841117895563632
3009137,32.219671950834446
3009138,5.570726655169791
3009139,0.07704503386401207
3009140,3.4421977355444318
3009141,4026.934759752051
3009142,0.09327917164097532
3009143,600.1440452248719
3009144,8.77988402456063
3009145,1641.0798705840616
3009146,738.0620434104268
3009147,295.7069127025399
3009148,179.31104508610224
3009149,64.1432248361331
3009150,5019.613199188398
3009151,12.76227227775308
3009152,1.0075921351922048
3009153,20.17147349377299
3009154,16.37520103370245
3009155,0.16352979175096755
3009156,350.8404329282573
3009157,2.8446305033105594
3009158,1.4109945921049665
3009159,4.820877254174402
3009160,7.454350113657432
3009161,3.4619129906684325
3009162,155.1175690116739
3009163,337.26090073242585
3009164,4.565957099675277
3009165,7.480369733352809
3009166,150.24895087939328
3009167,68.56293517128007
3009168,888.2879234863117
3009169,0.19604987810492097
3009170,3.296166604688313
3009171,6.998264081012221
3009172,0.2779559521382119
3009173,9.370650615025355
3009174,3359.808533001774
3009175,0.5183867108407885
3009176,573.4969658601854
3009177,12.721910969553708
3009178,1302.0585370982358
3009179,905.0915133493879
3009180,319.5683991786427
3009181,234.06381084802436
3009182,166.3885014221121
3009183,5587.528454827764
3009184,18.385522484476116
3009185,1.6528481808071969
3009186,32.64850623362191
3009187,20.22035326867821
3009188,0.4944867964446959
3009189,317.32555137494506
3009190,9.15985533250599
3009191,11.933894328488309
3009192,8.976610924274407
3009193,54.779242744471894
3009194,7.545787738927794
3009195,293.1255158820189
3009196,428.2630894264676
3009197,7.312777649241207
3009198,10.984185361785803
3009199,282.84709668564534
3009200,103.69394576215628
3009201,2941.650995674114
3009202,1.1635008990900384
3009203,8.066374967431281
3009204,4.497010602943648
3009205,0.2878105637902023
3009206,9.678937712537936
3009207,3340.297111010047
3009208,0.44674910695080267
3009209,564.431454787517
3009210,12.690292617823454
3009211,951.2818297331776
3009212,883.4993816973089
3009213,214.12566668247436
3009214,161.0778844000159
3009215,141.81274653858594
3009216,3681.387611116586
3009217,20.197286387563675
3009218,1.711778611444454
3009219,23.554810832675564
3009220,25.17554268269921
3009221,0.533914997489604
3009222,259.4406929109673
3009223,16.110782091588376
3009224,29.010087196042477
3009225,10.667586854240247
3009226,97.00554867483037
3009227,8.795772606380158
3009228,239.67068887645746
3009229,320.29804969009297
3009230,7.867762229075316
3009231,10.02562184727992
3009232,241.38905422137466
3009233,93.52517245308474
3009234,2611.8187419199603
3009235,1.2115821307535577
3009236,13.496748307268518
3009237,6.052281026002407
3009238,0.17559919443852517
3009239,3.3997997108658558
3009240,5406.363254033985
3009241,0.03956945843741657
3009242,738.3500829101268
3009243,8.71901752282691
3009244,1491.6467242488648
3009245,940.2247187741541
3009246,324.3915982975199
3009247,157.02045502328002
3009248,53.61066248258357
3009249,4441.46323788985
3009250,7.689738912016612
3009251,0.9037676772488847
3009252,22.74915579603022
3009253,21.13435298661064
3009254,0.39272502897535805
3009255,267.0525739461794
3009256,1.9404947041523979
3009257,3.428197625180122
3009258,3.221660767973737
3009259,64.27465604634446
3009260,3.5878985681318527
3009261,156.1678480091347
3009262,337.03448375703783
3009263,4.366196390253709
3009264,6.316634824300973
3009265,165.1069683561908
3009266,72.18757890863456
3009267,716.6904130981873
3009268,1.0142815036747481
3009269,1.1627508225683938
3009270,24.237062442526433
3009271,0.21427492313936455
3009272,21.85037187194327
3009273,14388.411673334256
3009274,0.6469313786195947
3009275,1930.8553973927362
3009276,33.10082061141651
3009277,3515.605880380734
3009278,3439.841367631168
3009279,1100.6599272683911
3009280,791.4553466442609
3009281,604.9706420629196
3009282,14549.671655756854
3009283,99.34854243750664
3009284,4.529526599628137
3009285,100.04322067209166
3009286,104.44206539481304
3009287,1.912231602581706
3009288,1117.1415418712056
3009289,80.60279171598793
3009290,33.325068975556526
3009291,71.92470580315617
3009292,268.67402547736464
3009293,20.20598949070114
3009294,1252.1405285372698
3009295,981.17051170379
3009296,35.39805096194291
3009297,78.37720613345228
3009298,1767.0932719510042
3009299,795.0271701729955
3009300,9285.58848349102
3009301,525.5296112519526
3009302,128.80328200964883
3009303,20.140219600505493
3009304,0.1749893254597483
3009305,23.681849596969013
3009306,12932.820974488764
3009307,0.5084259358313772
3009308,1761.3759370795797
3009309,28.259156384340393
3009310,3353.249731492809
3009311,3406.063309401927
3009312,1056.858845820064
3009313,687.891294724245
3009314,511.78940004669346
3009315,13794.28328496744
3009316,86.96620628293896
3009317,2.619509773459635
3009318,78.01117659984568
3009319,86.57366094483157
3009320,1.4199769487722458
3009321,1069.2195738439589
3009322,78.91781164303242
3009323,30.628315395265084
3009324,46.980260577083286
3009325,279.9001109873502
3009326,16.93070608186556
3009327,1277.5346258298207
3009328,991.9730289451445
3009329,32.176519772350794
3009330,41.59864860228606
3009331,1750.5860827871293
3009332,620.9130504317332
3009333,9537.425727101547
3009334,519.1500651117776
3009335,109.85215085193077
3009336,21.23318342658615
3009337,0.11134386128213583
3009338,26.005350517347154
3009339,10431.206763516086
3009340,0.3104316230388285
3009341,1353.6599906867573
3009342,24.174100642470577
3009343,3158.813202427501
3009344,2581.6219237595255
3009345,1034.9816332291796
3009346,450.5073900093366
3009347,365.6021821950819
3009348,12042.726420955605
3009349,69.29779991013267
3009350,2.2433734767591225
3009351,58.49391626577211
3009352,71.10808942442222
3009353,1.080726478298521
3009354,935.0464163190671
3009355,79.50015914018104
3009356,21.78613289207525
3009357,26.0551998473542
3009358,195.37868702972406
3009359,13.731011623053687
3009360,1213.467959425621
3009361,1097.519174287786
3009362,28.569619861125037
3009363,60.113294042960305
3009364,1460.070064572214
3009365,357.0917344825493
3009366,3867.9996463983985
3009367,412.9814170069964
3009368,73.82537625219601
3009369,22.75027526472999
3009370,0.18717693785839853
3009371,29.612762332115146
3009372,11706.026240961659
3009373,0.5039116150180469
3009374,1519.1999364136045
3009375,27.89095599360618
3009376,3256.348134521574
3009377,2849.7340866640693
3009378,1100.3015641514949
3009379,525.3167429494058
3009380,426.3437617202019
3009381,13686.286576939576
3009382,80.94530123736176
3009383,2.7807615162645574
3009384,71.58607014384143
3009385,83.01541477531848
3009386,1.4037826026455793
3009387,909.3052803557904
3009388,84.18639962718707
3009389,29.85418909153147
3009390,27.29259499791746
3009391,240.0510718839917
3009392,16.661748967400662
3009393,1353.5793450352605
3009394,1190.9658591781495
3009395,32.264290729501816
3009396,41.440629448794176
3009397,1656.7573459998907
3009398,452.96226087578634
3009399,5322.438811662017
3009400,480.38981061824376
3009401,98.6814867217484
3009402,19.748647786299397
3009403,0.053595381438835826
3009404,22.737402613282303
3009405,8243.663959353751
3009406,0.22420848558172507
3009407,1204.1582676740884
3009408,22.663672576126803
3009409,2659.2304920209313
3009410,2335.0794610189114
3009411,887.4912165421847
3009412,328.57834159546553
3009413,338.8958242914507
3009414,10603.34235470027
3009415,61.47843632364955
3009416,1.8209522727542806
3009417,58.471766269056715
3009418,56.44722162306718
3009419,0.8436714670438559
3009420,726.8510958782299
3009421,65.25656669862992
3009422,16.626724004905
3009423,14.426506228093093
3009424,133.56616494183797
3009425,11.322220060511308
3009426,1206.973907708853
3009427,1012.916252335399
3009428,25.401698543350964
3009429,54.524344388956436
3009430,1354.8306319089343
3009431,293.0721925310081
3009432,2816.33947996378
3009433,328.13101313315366
3009434,52.657448016543576
3009435,17.162323847107835
3009436,0.039012033865083035
3009437,16.029999927813602
3009438,9544.909712261855
3009439,0.3628195669624014
3009440,1401.8421032115302
3009441,24.721908935882706
3009442,2524.036109005767
3009443,2672.003956294468
3009444,663.9787444739765
3009445,546.4602841233904
3009446,421.33511319682435
3009447,11684.371042630351
3009448,69.08608687858307
3009449,1.7836082628179413
3009450,58.83486706709041
3009451,62.42898370348627
3009452,1.007823558512463
3009453,808.017891487842
3009454,58.606072609278776
3009455,29.114699624370914
3009456,30.717284615251934
3009457,189.4785274146625
3009458,14.81523967481943
3009459,1167.453751558398
3009460,717.7777043616436
3009461,24.69242526176478
3009462,36.67919482947233
3009463,1258.0680031713937
3009464,464.99023669731827
3009465,6968.077089766271
3009466,403.6226348640565
3009467,85.55247974252073
3009468,6.505251405044998
3009469,0.4050703023695519
3009470,8.540015704483858
3009471,2454.37856840668
3009472,0.34537827264674614
3009473,476.14437520407563
3009474,15.076177447308151
3009475,1005.1338029237023
3009476,769.6902497827323
3009477,279.46112721562884
3009478,166.1375084023908
3009479,123.90314442937968
3009480,3512.6324404177826
3009481,18.199248251464546
3009482,2.108295014847096
3009483,24.997181990840566
3009484,20.12079110213286
3009485,0.8606990710479019
3009486,271.88031584023406
3009487,14.596566496334603
3009488,7.225324958478444
3009489,14.848179072014304
3009490,76.60938560254557
3009491,7.795135910823735
3009492,267.8283526226824
3009493,345.68332407269037
3009494,6.413911384706885
3009495,9.845332862222014
3009496,328.5804396162072
3009497,131.44858170962559
3009498,1786.0810957698075
3009499,0.3032896672174723
3009500,15.233053642182824
3009501,14.777472205287996
3009502,0.09898027420504434
3009503,19.408339460619196
3009504,6990.494902212107
3009505,0.14736935323495234
3009506,981.9477019140744
3009507,25.845181793954357
3009508,2084.995125927145
3009509,1649.7170530440978
3009510,688.6561107995163
3009511,241.1449698311495
3009512,236.94542597154006
3009513,8405.300737387084
3009514,55.646932973537886
3009515,1.6152785490836221
3009516,66.2800389846561
3009517,67.14991035541237
3009518,0.7291482244848881
3009519,629.0333542989649
3009520,39.5440794360518
3009521,10.77554448364214
3009522,5.091314075402451
3009523,158.49011847145974
3009524,11.888651164611492
3009525,732.0089976369112
3009526,692.6276045808652
3009527,15.404993569622217
3009528,24.824416873030785
3009529,648.8911419678286
3009530,198.16925744978275
3009531,2515.8657562395542
3009532,280.89741571521614
3009533,33.28690287485426
3009534,7.860393780535993
3009535,0.0
3009536,7.1942449728854
3009537,5537.811756170255
3009538,0.0883804272937986
3009539,1010.0639857716327
3009540,10.686570266105203
3009541,1567.1633113945004
3009542,1688.2709587807708
3009543,368.4855409137017
3009544,309.27817191957223
3009545,206.43334084363684
3009546,6666.0083899860965
3009547,23.695074543090538
3009548,1.0832962624403266
3009549,24.238910471533405
3009550,33.51738642641199
3009551,0.5377230776994324
3009552,444.53351649828636
3009553,6.589110790435396
3009554,18.756400699131962
3009555,6.01872714619103
3009556,144.3126851045502
3009557,8.852927053017632
3009558,573.2390477285204
3009559,430.66942061148194
3009560,12.255944168914066
3009561,21.121414350653577
3009562,699.3128925006924
3009563,170.4733866465015
3009564,5261.209079231818
3009565,2.6767311363830038
3009566,51.438925890799894
3009567,10.390949517076496
3009568,0.4866442189825186
3009569,10.186214537793141
3009570,5301.64716038613
3009571,0.26493250580393446
3009572,1218.4981673045872
3009573,17.284653383561725
3009574,1568.7676625591178
3009575,1500.938874055593
3009576,443.87949109316827
3009577,326.6257894992683
3009578,265.8129112038499
3009579,7476.7926397035435
3009580,40.84933819591159
3009581,3.382792041238405
3009582,42.29198473866558
3009583,72.82578004140579
3009584,0.9931815486379882
3009585,561.5136698963232
3009586,17.18292723160951
3009587,32.36702738477045
3009588,8.738282770758683
3009589,233.1940724543446
3009590,13.202832360831518
3009591,645.6809926887056
3009592,573.2656354126328
3009593,24.322085241817415
3009594,32.01341195550221
3009595,435.83921991277066
3009596,303.5941485081753
3009597,3912.0273402477483
3009598,4.76000926010095
3009599,14.98544520409327
3009600,10.198058668278314
3009601,0.6544366721711179
3009602,8.506498861358237
3009603,3195.2748884486305
3009604,0.636982041889099
3009605,693.2691137146979
3009606,12.401512263671991
3009607,1227.1314113743554
3009608,958.842881761986
3009609,352.74120240791916
3009610,147.53443500343485
3009611,123.7995796673331
3009612,4780.5297581249
3009613,14.977855475665374
3009614,2.069196800565644
3009615,33.87607726740815
3009616,29.818471594065418
3009617,0.9273966874445945
3009618,285.7457237545571
3009619,7.606315021655181
3009620,10.30370853900747
3009621,6.667973217136329
3009622,98.29356282095691
3009623,6.492963459602651
3009624,222.79638998450716
3009625,367.34278677822863
3009626,6.872353154433058
3009627,10.308378043054386
3009628,232.46441449625854
3009629,102.54927297988871
3009630,2532.534472866834
3009631,1.3620127922448804
3009632,5.803388335116249
3009633,7.632112820507237
3009634,0.18289824003259691
3009635,2.359247102034356
3009636,2619.7811461063143
3009637,0.150998922638859
3009638,338.49444484937504
3009639,5.200045130317962
3009640,1531.2673150861674
3009641,392.07395714299565
3009642,253.42524418942594
3009643,99.94910442794142
3009644,48.11963689550756
3009645,4017.3264330297457
3009646,10.51803919361968
3009647,0.962122345730716
3009648,19.813190346913473
3009649,9.238773973388877
3009650,0.3798879916523191
3009651,228.15014642726416
3009652,0.8049785096755309
3009653,0.446225535367828
3009654,2.965202683536532
3009655,30.732407074355958
3009656,1.810073718235039
3009657,70.44312788324449
3009658,270.9981708359898
3009659,1.1915489271291175
3009660,3.42737347810753
3009661,70.8064731029874
3009662,56.44181131908866
3009663,269.0961183922141
3009664,0.05844327225698485
3009665,1.2712400424106294
3009666,8.130225167672833
3009667,0.3306009825725741
3009668,10.213188443013133
3009669,4997.02653207649
3009670,0.2985521592500188
3009671,819.9825923033817
3009672,14.095307854589839
3009673,1452.2095110483456
3009674,1407.5534417832566
3009675,452.340349511447
3009676,289.6357640618038
3009677,217.77221473677085
3009678,6286.805338535408
3009679,29.35215878703382
3009680,1.8633977816274356
3009681,36.30638862051794
3009682,37.71804625411578
3009683,0.39957874127918025
3009684,367.93350326202216
3009685,22.95331367637413
3009686,15.815468502017659
3009687,29.342265455758177
3009688,107.30604811832086
3009689,7.922997670147652
3009690,532.576503111632
3009691,459.7764830040598
3009692,10.871736158784454
3009693,14.333761743115081
3009694,718.260614776522
3009695,220.6392929643791
3009696,4071.3599114906087
3009697,0.5278962852496243
3009698,45.22186783549876
3009699,5.635848159114061
3009700,0.07598057485221081
3009701,7.8343186030568415
3009702,4133.726311248368
3009703,0.2088863004285986
3009704,686.0942641332881
3009705,12.944800916763963
3009706,1136.1635989256167
3009707,1152.9010123111457
3009708,323.05664006576325
3009709,262.3236330910707
3009710,201.19953286449027
3009711,5135.27557823637
3009712,25.86503476279273
3009713,1.7797576613669968
3009714,29.783303198818828
3009715,32.115557288590324
3009716,0.30609446095174975
3009717,276.77549787476636
3009718,16.199655090842665
3009719,17.42243530602942
3009720,26.124807313188757
3009721,100.30793731218043
3009722,8.087075874351774
3009723,433.3702667032137
3009724,335.8911456843157
3009725,8.85212740293443
3009726,12.217165300247748
3009727,588.2210326233594
3009728,216.18720885087237
3009729,4494.088917151781
3009730,0.30737116000912773
3009731,44.31680024954666
3009732,7.160703408435944
3009733,0.12755943378447926
3009734,11.802113384837611
3009735,5985.394757153923
3009736,0.1416704236931639
3009737,945.2532489462528
3009738,18.663432126828
3009739,1403.3229309667365
3009740,1649.9599388413762
3009741,369.3511382216595
3009742,347.29925945979153
3009743,279.8240279293262
3009744,6020.3510065388355
3009745,38.26135773022945
3009746,2.2869672593567265
3009747,38.800929739723266
3009748,52.12463480139519
3009749,0.6413258636426142
3009750,404.1581575392783
3009751,28.407791869779658
3009752,27.862426761779602
3009753,34.05306248844356
3009754,133.29943746505046
3009755,10.744213293145226
3009756,708.1749368400282
3009757,462.74838726934763
3009758,17.051129048276756
3009759,22.451212791561016
3009760,825.6082076311366
3009761,321.0287182397529
3009762,5203.814992373969
3009763,0.6820694167305112
3009764,51.652632997337776
3009765,13.255128678268493
3009766,0.46759676425949065
3009767,9.000502422850191
3009768,5541.101248380632
3009769,0.255425017195121
3009770,982.3186526273925
3009771,12.768465407591695
3009772,2023.9063460579266
3009773,1349.701620987424
3009774,605.5634280380465
3009775,212.03517581447062
3009776,121.58737453252282
3009777,8295.426125409675
3009778,20.913804021322356
3009779,1.5925719397803575
3009780,40.3318558348703
3009781,44.11742647276977
3009782,0.5395625519077387
3009783,584.975969066509
3009784,15.540311807617016
3009785,7.419250153561499
3009786,31.230856036445765
3009787,96.90409236745319
3009788,5.378669927941835
3009789,424.6513408201524
3009790,593.9262191078109
3009791,8.504698417090003
3009792,12.949674040099062
3009793,520.4660200107195
3009794,124.02253952907745
3009795,1506.60575415712
3009796,100.18393177058672
3009797,17.153923785418925
3009798,4.345801201587426
3009799,0.39007648164267694
3009800,4.461047336004483
3009801,2046.7740681747753
3009802,0.6499319429957293
3009803,414.6198874246931
3009804,12.383805952167078
3009805,716.8958940156858
3009806,750.3237621651546
3009807,146.63521914564208
3009808,148.47111088281576
3009809,100.10566512291456
3009810,2839.9896889987485
3009811,15.897089925437019
3009812,2.013542937120954
3009813,16.03643316721947
3009814,27.197061692931765
3009815,0.7727027768688972
3009816,200.5624814082026
3009817,12.345084565904072
3009818,12.724262700760777
3009819,4.626676313681757
3009820,74.39664927296647
3009821,5.120123369561737
3009822,318.6717099866846
3009823,227.36732086908398
3009824,4.4574637909109205
3009825,12.206244091179272
3009826,361.22683751395533
3009827,84.6240123451292
3009828,1941.7799503816132
3009829,0.47069270742677094
3009830,17.783638894048014
3009831,2.684048513697486
3009832,0.0
3009833,0.9358595503460772
3009834,1231.31085745092
3009835,0.0
3009836,124.03822025665453
3009837,3.8462077697391415
3009838,597.0155144456911
3009839,305.0676994541188
3009840,187.98235445892442
3009841,74.30561516562837
3009842,27.73871687442573
3009843,2312.0513971934215
3009844,3.3355896487849854
3009845,0.2849915980558356
3009846,7.919229546787786
3009847,6.823388977537624
3009848,0.012374468889734683
3009849,184.08548166119672
3009850,2.4707497157854847
3009851,0.0
3009852,1.2302514672281268
3009853,7.742934891529924
3009854,0.557413044459045
3009855,135.96653533093752
3009856,167.4867923080531
3009857,1.1123905083905417
3009858,3.1147544471351214
3009859,144.17480133618682
3009860,21.149425132331718
3009861,269.4458161896748
3009862,1.7033848513901853
3009863,2.0426185790207785
3009864,5.691745460214585
3009865,0.15698445935059352
3009866,3.4323708227848666
3009867,3872.296139442264
3009868,0.031975234941817574
3009869,674.6241256929607
3009870,10.792942872052878
3009871,1587.8566398651676
3009872,754.7319673662996
3009873,441.56878708235786
3009874,225.60107839826622
3009875,69.0437936202222
3009876,6108.037783151968
3009877,12.19570190094257
3009878,0.6343663773141526
3009879,27.610738096109806
3009880,29.69834312792344
3009881,0.054285544351091224
3009882,418.4906064219526
3009883,7.328496631476929
3009884,2.385705144547564
3009885,5.291212228717635
3009886,28.567942844293494
3009887,2.518734042700324
3009888,411.19318218176477
3009889,372.9751269127882
3009890,3.6021390832303757
3009891,8.604094410051168
3009892,285.43055317628347
3009893,61.317036521383
3009894,923.4298096971154
3009895,19.580151782441174
3009896,6.638817881261229
3009897,4.054554537798953
3009898,0.16383830688725434
3009899,1.7022628196261969
3009900,1778.518077236226
3009901,0.011096036623079609
3009902,175.9651835369393
3009903,6.234976873276724
3009904,773.8742505971893
3009905,437.40273222355324
3009906,208.02758300975637
3009907,85.65406414637529
3009908,36.58121145363949
3009909,2783.582747919888
3009910,4.693632278493977
3009911,0.647309105399835
3009912,11.720774588734972
3009913,12.556655609192907
3009914,0.058328941401062116
3009915,225.78962782128923
3009916,2.1266046373335192
3009917,0.04152250063935871
3009918,7.311600872151875
3009919,18.405756528637262
3009920,1.2771263459335147
3009921,137.96634320201974
3009922,180.03152894167067
3009923,1.629469084934326
3009924,3.8693157761714003
3009925,146.87142292012032
3009926,29.663083568092095
3009927,340.6305674211079
3009928,10.350550794754204
3009929,2.0954118279423204
3009930,3.6478880268804694
3009931,0.07740991028509489
3009932,0.7124178559584948
3009933,1419.1405328532094
3009934,0.0
3009935,127.72884008146897
3009936,4.466122996171693
3009937,732.8900703189091
3009938,284.4954575389479
3009939,133.15556747558117
3009940,58.156390527325534
3009941,24.883211132039555
3009942,2378.302766101416
3009943,3.392846171746454
3009944,0.4369284815541032
3009945,11.7794365649686
3009946,11.291506658011947
3009947,0.056255385625603845
3009948,162.82439065112754
3009949,1.633987442257041
3009950,0.0
3009951,1.7209694928388979
3009952,16.385089409363147
3009953,0.9634023921503894
3009954,106.09168819931463
3009955,152.8337725387919
3009956,1.0064212820633274
3009957,2.747149949108601
3009958,103.61448783107984
3009959,23.346266375249026
3009960,269.29574410235506
3009961,3.623653921330715
3009962,1.3787005244007946
3009963,2.815103853893826
3009964,0.0
3009965,0.5469303427284498
3009966,1278.2974135168477
3009967,0.0
3009968,146.1441266585064
3009969,4.632772612387088
3009970,780.0434666689744
3009971,316.34059125873415
3009972,169.9902899946605
3009973,80.61642012854855
3009974,34.63568903705515
3009975,2123.112281523006
3009976,3.3977138688409383
3009977,0.5292131387872572
3009978,9.12005192994829
3009979,10.730791796084695
3009980,0.16006556435457064
3009981,164.0584233532766
3009982,0.8006993913308633
3009983,0.0
3009984,1.9683600951415285
3009985,14.092639671528175
3009986,1.0441190438083847
3009987,154.06628321534922
3009988,204.45101235854037
3009989,1.2516221728253343
3009990,2.999931209407246
3009991,89.29065531204347
3009992,28.43682579031663
3009993,327.93856804546994
3009994,6.7713647139795485
3009995,1.9734422043025712
3009996,3.390645817073306
3009997,0.26273409180173435
3009998,2.0961442397254206
3009999,1699.4322431682112
3010000,0.025110354469487547
3010001,131.27268568480395
3010002,5.153006231726452
3010003,867.4365981234823
3010004,398.2286818218915
3010005,259.57327570637807
3010006,99.42384418583116
3010007,41.725494820444716
3010008,2947.3612872496906
3010009,5.070409206708745
3010010,0.9585773502296364
3010011,15.974990156704557
3010012,9.718773193862965
3010013,0.26605871162638656
3010014,208.68471008682363
3010015,2.624255480874461
3010016,0.04957286340425936
3010017,2.9861615051497603
3010018,15.417405636416127
3010019,1.1521928582042724
3010020,119.21040243189593
3010021,187.60556014511667
3010022,1.3492335200063739
3010023,3.5836606070106427
3010024,102.03271638146022
3010025,31.60359898956102
3010026,474.35587357175007
3010027,9.32887558854256
3010028,3.09503703271636
3010029,3.3285489589100896
3010030,0.006555780718001922
3010031,0.569282050397037
3010032,1508.6788488935174
3010033,0.0
3010034,157.72178891987195
3010035,4.1707797961162205
3010036,805.5057108604467
3010037,292.3461293560733
3010038,171.89139322727155
3010039,175.82123565614597
3010040,26.946346944013545
3010041,2372.6947357240115
3010042,3.304115829895647
3010043,0.1928384587525068
3010044,14.50997126634162
3010045,13.441451046694054
3010046,0.0
3010047,181.0235316021236
3010048,0.14717267568591594
3010049,0.0
3010050,1.5443109274549247
3010051,16.773757840991063
3010052,0.8368873466595179
3010053,67.51681172921715
3010054,146.4844921079048
3010055,0.6541967477355703
3010056,2.264317282319937
3010057,75.14897538754089
3010058,26.36933288497184
3010059,196.24713461673565
3010060,0.0
3010061,1.1942272987226334
3010062,5.258170398348334
3010063,0.05188187304989391
3010064,4.660820477525729
3010065,3161.4872679573396
3010066,0.0
3010067,409.7808361220398
3010068,6.971082382009029
3010069,1167.175646430922
3010070,809.108942500536
3010071,402.5119455608364
3010072,255.79654626657327
3010073,85.03630570407144
3010074,4505.586195851036
3010075,12.207157021558166
3010076,0.4623565149368082
3010077,26.37119776164012
3010078,25.67904099833569
3010079,0.0
3010080,342.35491571982095
3010081,4.347280229636302
3010082,0.9913953227610204
3010083,7.299642670179981
3010084,27.479036034337017
3010085,2.0541875257721944
3010086,228.96104044573636
3010087,282.204643246727
3010088,3.894020386104452
3010089,7.6140975280038
3010090,285.99012048791485
3010091,72.56324130833623
3010092,629.4168029089706
3010093,25.879108916576154
3010094,10.737956150870852
3010095,0.37046274472433277
3010096,0.0
3010097,1.1009443235303027
3010098,1018.8732221500547
3010099,0.0
3010100,201.5395898611142
3010101,1.3792839772450898
3010102,225.04507887065074
3010103,247.66748484537138
3010104,106.39788385745089
3010105,91.23549766875308
3010106,14.852998130881321
3010107,1242.1855559578828
3010108,2.263032260503641
3010109,0.0
3010110,5.096298149171403
3010111,4.3472905360067955
3010112,0.0
3010113,105.18821999587249
3010114,1.1246940592259156
3010115,0.19355854184864926
3010116,1.7700970998185817
3010117,10.968028908792016
3010118,0.06563670242959205
3010119,43.25650087950087
3010120,75.53363602235086
3010121,0.4687465624058223
3010122,1.358025503735179
3010123,74.1179352415248
3010124,13.091656631234377
3010125,237.4556738274304
3010126,26.23052581644236
3010127,1.7481001644896996
3010128,5.024552044868293
3010129,0.31139602387620396
3010130,1.2164650641907166
3010131,2063.5378563427685
3010132,0.07983173474809041
3010133,179.59871639900524
3010134,6.46109097047516
3010135,823.0266229898793
3010136,385.6153149480323
3010137,234.6108846474931
3010138,94.49696431575407
3010139,39.7867301628443
3010140,3092.338195743655
3010141,6.268557288833989
3010142,1.0170326164072052
3010143,11.244554864779811
3010144,9.625087663304535
3010145,0.2549929506506099
3010146,239.83895794499216
3010147,2.607327825273407
3010148,0.2858321169180106
3010149,2.504439099466921
3010150,17.2592388974558
3010151,1.3273176079578288
3010152,123.67020706022763
3010153,168.1155241215809
3010154,1.6536364995579773
3010155,3.896611095216082
3010156,128.83002127072373
3010157,33.49510734024615
3010158,394.7796766720689
3010159,7.162869583066115
3010160,2.962297188051666
3010161,4.831210341070161
3010162,0.08480102179431186
3010163,5.707703683120901
3010164,2844.11806799542
3010165,0.09426547671292966
3010166,566.9017256918396
3010167,12.24657338095178
3010168,830.1902849895085
3010169,922.1226499568749
3010170,227.89851025973834
3010171,185.26574107280385
3010172,129.07581092053266
3010173,3824.081965465054
3010174,24.755926403739153
3010175,1.03938483312549
3010176,18.223308580887203
3010177,23.82636883795778
3010178,0.18788341475085277
3010179,217.33491576350806
3010180,15.907684278691129
3010181,11.522227163982127
3010182,8.815899738847882
3010183,53.75935849384321
3010184,5.086056835366608
3010185,392.4693311563787
3010186,267.2567024357695
3010187,6.769968736059168
3010188,8.863231539353295
3010189,423.15667903273703
3010190,119.91642099796556
3010191,2383.76209178106
3010192,0.21666810035849995
3010193,27.590946875097664
3010194,5.852384500702348
3010195,0.16962200133620578
3010196,4.89884912436513
3010197,3408.3006643210892
3010198,0.0
3010199,572.2030652399828
3010200,9.109504381261138
3010201,1130.343580136004
3010202,881.1526479589297
3010203,385.72715330605376
3010204,236.04174117549013
3010205,72.32774048966908
3010206,4484.165147175748
3010207,10.275781744367894
3010208,0.5916308409523436
3010209,22.179861138295454
3010210,24.2240685682788
3010211,0.04844294871754172
3010212,325.58400988996516
3010213,5.895656099043192
3010214,3.747764735523992
3010215,3.9484767305798476
3010216,25.748494630775607
3010217,2.3550382788009605
3010218,206.72971162249354
3010219,265.82806827331433
3010220,4.48409839391273
3010221,7.39387069457395
3010222,215.88750792617486
3010223,60.39312759626111
3010224,779.7760193653784
3010225,30.793656502527792
3010226,8.282836218205993
3010227,5.187111711131178
3010228,0.44891524714042413
3010229,4.896377439701583
3010230,3036.86156576134
3010231,0.0
3010232,458.83825873636613
3010233,5.730681202454688
3010234,897.2217600284936
3010235,654.4757597764437
3010236,335.8499581511115
3010237,262.67747787573074
3010238,52.95810190817104
3010239,3813.5225192110456
3010240,8.867612164053966
3010241,0.5411169579255326
3010242,16.320795549468105
3010243,32.54057589639895
3010244,0.12360996622240948
3010245,326.853736534697
3010246,3.3512657013055467
3010247,2.0446666331891588
3010248,3.8511791906539763
3010249,31.0615424287232
3010250,2.026998239112425
3010251,87.19010797502857
3010252,246.9003036241616
3010253,3.446569825780924
3010254,10.238959248113169
3010255,164.28778470044557
3010256,70.70560962038604
3010257,740.9298093020606
3010258,0.03403683961083296
3010259,4.972312495145982
3010260,3.383060975039734
3010261,0.19191569034273642
3010262,0.9752653971712149
3010263,1530.5712176789218
3010264,0.00845836745651053
3010265,138.9822189113871
3010266,4.389433787518389
3010267,571.5363744813618
3010268,280.8052311560699
3010269,140.227000184862
3010270,104.8448947165218
3010271,31.80000630924021
3010272,2177.1935060028186
3010273,3.426147187618268
3010274,0.6480056768773352
3010275,15.230162572698632
3010276,8.103104846422164
3010277,0.17739567400185485
3010278,168.44867704011335
3010279,0.7885998534261158
3010280,0.1045341078121723
3010281,2.3572440100805876
3010282,19.56296264318183
3010283,1.153886644697573
3010284,82.55998775171354
3010285,132.22881067607665
3010286,1.1675222051906826
3010287,3.1473313951129667
3010288,95.2529784533612
3010289,29.22205277819732
3010290,376.6722630260807
3010291,15.311332752997924
3010292,1.4273702366028722
3010293,2.3822617586277097
3010294,0.0
3010295,3.4140342270421744
3010296,1239.6677332557745
3010297,0.0
3010298,264.8495325869483
3010299,8.2243407857958
3010300,459.58095219101386
3010301,448.07987967184033
3010302,114.84828655015295
3010303,69.56129312659418
3010304,60.883745670570946
3010305,2002.068262452355
3010306,13.898113429875902
3010307,0.3802585139328192
3010308,11.383832810219731
3010309,12.662411582395016
3010310,0.0694143398239956
3010311,142.09043496811904
3010312,4.1615423507183165
3010313,1.5086815191359229
3010314,3.719022997323023
3010315,28.756097598193602
3010316,2.5211735659356918
3010317,391.3733985885748
3010318,157.2254499640673
3010319,2.2013569640763264
3010320,3.9803826195947485
3010321,228.39291035535086
3010322,45.59463980274471
3010323,1013.4022097893996
3010324,0.2784647990745513
3010325,9.516563888909781
3010326,3.4209140053370017
3010327,0.16108972067832544
3010328,7.225003098019577
3010329,3517.445353610833
3010330,0.21370172484338334
3010331,796.67165920176
3010332,13.565018401071963
3010333,1000.0936212130399
3010334,1192.1656044812614
3010335,297.71216441117184
3010336,195.14710453697
3010337,130.46035730690198
3010338,4271.331553074912
3010339,18.13304324302113
3010340,1.6104155661694781
3010341,25.84176844011094
3010342,28.58940074016755
3010343,0.44753803076007237
3010344,270.32829567001704
3010345,9.17997726008462
3010346,21.281999423702025
3010347,7.048895790935376
3010348,81.43527709248839
3010349,6.2672021751576334
3010350,291.4198505672374
3010351,339.09713773742806
3010352,9.589552328905473
3010353,12.034375716848908
3010354,379.19725675082213
3010355,133.01139920229232
3010356,3016.9269057854517
3010357,0.46850056539855117
3010358,24.14804589427492
3010359,1.3329346662615547
3010360,0.0
3010361,2.2066485801116014
3010362,1340.8449485245671
3010363,0.0
3010364,278.4472128035968
3010365,4.633050621065827
3010366,335.4547746544555
3010367,410.9453223984119
3010368,100.23609316678711
3010369,64.91920073835081
3010370,53.759179773421224
3010371,1634.5752304764728
3010372,5.4243933529567085
3010373,0.3076117475096221
3010374,7.297394215319075
3010375,11.303264465110347
3010376,0.0
3010377,93.01342075361178
3010378,0.17795597777032657
3010379,6.387443985217325
3010380,2.61807799137812
3010381,52.150227130892304
3010382,2.0594994792735357
3010383,130.91241658335892
3010384,92.26346470443427
3010385,1.7298734339674735
3010386,2.805337738119967
3010387,103.01540813676881
3010388,30.327651953212197
3010389,793.4545941820207
3010390,0.0
3010391,2.1228089011694453
3010392,3.0329302304999475
3010393,0.01920333803733734
3010394,0.7350684788119994
3010395,970.0455334274786
3010396,0.0
3010397,223.387249762176
3010398,4.758762550244366
3010399,349.06750992323424
3010400,267.11439281306593
3010401,87.55130640024643
3010402,44.470327530464104
3010403,36.2561772086167
3010404,1575.9756009024723
3010405,3.424890382541907
3010406,0.5283134400815359
3010407,6.104970061761986
3010408,4.996804481085143
3010409,0.08570831563606156
3010410,85.92730751893275
3010411,1.0927500923469853
3010412,1.9779033116462164
3010413,1.4351429598311274
3010414,16.85350091684827
3010415,0.7914874859031709
3010416,148.65348564593444
3010417,123.2177093729039
3010418,1.5274139732897658
3010419,2.173008506755736
3010420,110.96392051849286
3010421,18.442010745367014
3010422,560.0993881541424
3010423,0.1269719467668454
3010424,2.371472765359186
3010425,3.7638076019428075
3010426,0.1027641820003078
3010427,5.662742384373472
3010428,3045.7183165594656
3010429,0.12067766423073763
3010430,704.0120486159883
3010431,12.409199899343886
3010432,825.2146399231743
3010433,1008.2597374024512
3010434,257.31487653588187
3010435,196.80333677641474
3010436,109.66652938171329
3010437,3095.7430874871006
3010438,16.853607363163107
3010439,1.2481224402791167
3010440,20.45780623976851
3010441,22.35856707134596
3010442,0.3193123336505109
3010443,219.66234623629938
3010444,6.901629559266285
3010445,18.56062426306682
3010446,5.333081935161066
3010447,72.46098337039739
3010448,4.465927220897173
3010449,295.0252965500519
3010450,267.55809511562734
3010451,8.098915680353134
3010452,9.216256790074963
3010453,362.4595581739117
3010454,103.42529985497626
3010455,2361.207139571353
3010456,0.32676901491909094
3010457,20.650006403092583
3010458,5.671782874891473
3010459,0.0
3010460,1.9830835341590842
3010461,3551.5050286381124
3010462,0.0
3010463,684.1477160678775
3010464,9.23019275459312
3010465,1084.988379002928
3010466,977.8880763331291
3010467,366.9471826848276
3010468,330.41688008356306
3010469,72.36102022115138
3010470,4015.9108119606803
3010471,7.300581174715246
3010472,0.671297180363922
3010473,22.54056072153281
3010474,20.069743188969692
3010475,0.12449266021030245
3010476,249.67564429184094
3010477,1.437981001414221
3010478,2.7485646091303013
3010479,3.651222287118661
3010480,33.34953643989233
3010481,1.7893239550764104
3010482,193.6885888079679
3010483,287.5836948979009
3010484,4.5718178420841245
3010485,6.3488077482709375
3010486,198.69492798499027
3010487,67.59476881782884
3010488,1207.185764758196
3010489,0.7086095815110514
3010490,6.2261287887677685
3010491,3.6779018038157893
3010492,0.23868246134884988
3010493,1.6597972867486397
3010494,3046.4358154865317
3010495,0.0
3010496,546.2514734684746
3010497,7.176478285527969
3010498,982.5736115930019
3010499,856.8649505315069
3010500,287.53563835463706
3010501,267.6668913425243
3010502,61.00192428559399
3010503,3715.3515310993103
3010504,9.302764204179944
3010505,0.7955409702475318
3010506,17.599543828348136
3010507,10.396650964902294
3010508,0.12208880069341284
3010509,237.98554710224545
3010510,1.7378714234151929
3010511,3.163871433360061
3010512,3.1306722350225886
3010513,29.406667597939663
3010514,2.2969154134959218
3010515,106.20082074411943
3010516,222.1188110231422
3010517,4.1267517576746595
3010518,5.803510104684457
3010519,202.31714989241058
3010520,81.87649214392204
3010521,1103.5239560913355
3010522,0.4904350725424159
3010523,5.5105289114310505
3010524,9.966940314516458
3010525,0.5315364940480003
3010526,12.893105362084025
3010527,7448.877427050309
3010528,0.694069226343009
3010529,1310.7518324863236
3010530,27.708808221260707
3010531,1886.902225772968
3010532,2435.1593301456396
3010533,459.37032307008053
3010534,485.0383335158269
3010535,359.36240492992675
3010536,7444.918266601391
3010537,74.56183605824803
3010538,3.172600061658228
3010539,47.746049910076195
3010540,57.84243857400932
3010541,1.3849363388106708
3010542,494.91987439053696
3010543,35.18461774193247
3010544,34.90471378806989
3010545,15.96728699443213
3010546,164.09981297463568
3010547,16.45607554359074
3010548,861.0186729972062
3010549,481.7536751550919
3010550,20.682046537144696
3010551,26.326150101298115
3010552,1065.656868121998
3010553,432.5644713962966
3010554,5461.049773911909
3010555,1.3321351050167314
3010556,77.05494253971254
3010557,2.7396325926607563
3010558,0.05078395226085761
3010559,0.46543630132383257
3010560,1324.3038816516735
3010561,0.0
3010562,150.5621619861027
3010563,3.609989449331337
3010564,521.9897711062528
3010565,258.11319385004316
3010566,112.01486621032439
3010567,173.29579471272734
3010568,30.03732153677578
3010569,2020.546333189023
3010570,2.4450390384708722
3010571,0.44778785586192693
3010572,11.859863527221874
3010573,10.948337098744647
3010574,0.0
3010575,156.48877107255512
3010576,0.35430128782027576
3010577,0.0
3010578,1.661322712536109
3010579,14.295232482786169
3010580,0.8335924788241245
3010581,67.96340245247104
3010582,97.59310129380387
3010583,1.3234976546870283
3010584,2.680899456583996
3010585,88.74984908288224
3010586,23.170917976230463
3010587,208.18052695077577
3010588,0.1985854097143089
3010589,1.9798925716441227
3010590,5.9958642689747865
3010591,0.2297303781951123
3010592,2.120939170316675
3010593,3006.796256525554
3010594,0.0
3010595,526.1738489106659
3010596,7.327229258787943
3010597,1157.9660941449463
3010598,742.4545131876447
3010599,280.95721384481186
3010600,286.2916911265561
3010601,73.20202001265342
3010602,4290.325253899819
3010603,9.672913434569429
3010604,0.8173279263112452
3010605,19.910894501684663
3010606,23.180346158723204
3010607,0.3141360202470492
3010608,285.42572497650264
3010609,3.6965255458404993
3010610,2.0079353907695916
3010611,4.997128163189555
3010612,25.062850237732842
3010613,1.8469937282879614
3010614,259.51939827405164
3010615,293.2613295274807
3010616,3.4714454125799117
3010617,6.193650838445199
3010618,148.698028052467
3010619,52.907912845451236
3010620,836.570439799636
3010621,0.4454208150379817
3010622,4.461975672842965
3010623,1.5033243019337132
3010624,0.0
3010625,0.1386221334974497
3010626,1040.630776145646
3010627,0.0
3010628,105.26551203792313
3010629,2.5305485142551114
3010630,428.458684136392
3010631,185.96615550152862
3010632,79.2739875614711
3010633,186.18683263680273
3010634,19.812077784387817
3010635,1549.6271710678043
3010636,1.3675922016749231
3010637,0.10114566439119785
3010638,5.745890570374758
3010639,2.8749574096343395
3010640,0.0
3010641,108.60418500985789
3010642,0.10095164910371815
3010643,0.0
3010644,0.7623699062968632
3010645,14.398872068025643
3010646,0.28338277005325196
3010647,51.450793803255756
3010648,80.12205383726359
3010649,0.541926599744269
3010650,1.2853441570618496
3010651,58.65189293307894
3010652,11.043332620164051
3010653,230.1739513174659
3010654,0.0
3010655,0.7727369968814553
3010656,4.5101243745641595
3010657,0.20372807894612943
3010658,0.8650928345567825
3010659,1873.5853477450898
3010660,0.02123549049998031
3010661,223.13096171108467
3010662,4.8708595945507085
3010663,819.2208055173062
3010664,388.7242519593035
3010665,184.6663832934518
3010666,265.6075952971611
3010667,42.122077056112815
3010668,3019.534848387382
3010669,2.917796346641689
3010670,0.6672125988192743
3010671,18.554381793388906
3010672,16.977135907972762
3010673,0.22261999461450882
3010674,246.34454337562696
3010675,0.44090074239042654
3010676,0.0
3010677,5.501754355933711
3010678,21.670296889808316
3010679,1.4377116511408938
3010680,149.04154175167415
3010681,212.30140536170532
3010682,1.5302862318121795
3010683,3.4897471041456187
3010684,129.06627022433298
3010685,33.35492546527174
3010686,602.5110733582114
3010687,0.0
3010688,0.8512009178042033
3010689,4.17095783042916
3010690,0.014111890164866164
3010691,2.1757452700038997
3010692,2612.482816501128
3010693,0.0
3010694,567.8521806204692
3010695,7.951638986199216
3010696,870.2689585552389
3010697,582.0836603134319
3010698,209.44923450950412
3010699,182.93709255465342
3010700,68.67212701722809
3010701,3663.4351888319875
3010702,6.29386159458161
3010703,0.8132360108709513
3010704,24.006999739468704
3010705,25.07853040027611
3010706,0.10187246676339884
3010707,307.75042592001813
3010708,4.01788895880532
3010709,3.073462966428006
3010710,4.476949475436599
3010711,24.31895850940921
3010712,1.965338343421017
3010713,185.4249434023357
3010714,253.72447648701396
3010715,3.6675758552109547
3010716,5.5487679336135365
3010717,125.0251622088982
3010718,42.035339290000294
3010719,488.64053388421416
3010720,0.787574960963533
3010721,2.1827219905606023
3010722,2.9900007505370354
3010723,0.0
3010724,0.2459671488097813
3010725,1519.6104552497327
3010726,0.0
3010727,117.32296396180158
3010728,2.6223816355458145
3010729,454.74022098187413
3010730,163.50737427970776
3010731,97.6296403497568
3010732,174.61327049173752
3010733,26.457085293947557
3010734,2025.388293756557
3010735,1.9165694402929776
3010736,0.21844127818088693
3010737,7.015713017274168
3010738,5.875606507400146
3010739,0.0
3010740,136.07381363131097
3010741,0.09905041990848332
3010742,0.0
3010743,1.1399283109545624
3010744,19.078572702394162
3010745,0.6556483592989584
3010746,82.37038374185325
3010747,102.30172511695136
3010748,0.6201555964051131
3010749,1.601218659123572
3010750,59.22363875643253
3010751,16.06015983501266
3010752,293.82427701592263
3010753,0.0
3010754,0.20222342073192737
3010755,3.9219628858047972
3010756,0.1937081757208258
3010757,1.3044416864403443
3010758,2945.582074529393
3010759,0.09871566481433901
3010760,498.001961851097
3010761,7.301255784997554
3010762,938.5956585899227
3010763,683.2977468596624
3010764,222.55006163801778
3010765,201.9381962167036
3010766,56.66025505601322
3010767,3668.7382158489568
3010768,6.212436260079685
3010769,0.7945245591700525
3010770,14.771092165789833
3010771,15.292114138947259
3010772,0.17427048918488391
3010773,247.49663327556485
3010774,1.2918752607090647
3010775,3.6215804175357205
3010776,2.6246751013377425
3010777,44.040318297808284
3010778,1.4647520171434674
3010779,177.03732448527515
3010780,269.3502696586875
3010781,2.6790416211458217
3010782,4.513258523504293
3010783,158.089415661505
3010784,43.538735677610696
3010785,1119.2918468590483
3010786,0.7417495714997371
3010787,0.9338309755806125
3010788,3.6710410642792297
3010789,0.2499958844619782
3010790,7.662989667097872
3010791,2321.043563797396
3010792,0.33724265807342946
3010793,516.9778371705644
3010794,11.236984258229116
3010795,767.6780504611298
3010796,768.0753989150476
3010797,176.59543932027077
3010798,167.71626452482136
3010799,144.74275288495542
3010800,3301.3094171105145
3010801,29.538816436131594
3010802,1.8639426361899156
3010803,18.941368447213197
3010804,17.552439557967926
3010805,0.5242304821847703
3010806,223.87658413546947
3010807,12.474471090996685
3010808,21.19858031405705
3010809,4.0518344693589405
3010810,62.12479028642764
3010811,5.52813509315696
3010812,251.18612606494963
3010813,254.0568963929702
3010814,7.501104113838855
3010815,9.849843116274469
3010816,260.5794536778218
3010817,90.4224836671646
3010818,2077.5155800473576
3010819,0.6624383659776396
3010820,13.63063635317435
3010821,5.746248701661176
3010822,0.0
3010823,5.842112239590541
3010824,2401.3375342034947
3010825,0.044662106578069086
3010826,581.6607649313388
3010827,12.155258335223236
3010828,885.4652866919764
3010829,743.8814372215412
3010830,234.06796306278662
3010831,168.44789922453248
3010832,120.20004778332722
3010833,3640.9723687802084
3010834,19.5941128884335
3010835,1.3391680609249317
3010836,27.606576250765816
3010837,25.65172306177549
3010838,0.2642567683894887
3010839,259.9428784649103
3010840,9.547365516749652
3010841,11.953997770748297
3010842,6.721315333104705
3010843,68.25988383353625
3010844,5.218977047613638
3010845,277.0415578324856
3010846,334.17886944450686
3010847,6.782478015919794
3010848,9.583718158661727
3010849,207.73517500451996
3010850,97.16783383211768
3010851,2001.6917629512486
3010852,0.4151985365915334
3010853,13.9026674237299
3010854,6.157779169719544
3010855,0.308688499664777
3010856,2.669307405314531
3010857,3433.098673141392
3010858,0.13762209958280383
3010859,656.1613383837113
3010860,9.715201182766643
3010861,1356.0163773937722
3010862,874.5804659233787
3010863,284.4643720670477
3010864,458.2752346447526
3010865,62.28005118632342
3010866,4450.145034594792
3010867,23.11073790944658
3010868,1.775120142965143
3010869,19.589857536874668
3010870,22.141287934701943
3010871,0.4663279431694097
3010872,297.26106645766373
3010873,6.1136170801364615
3010874,7.250292838571633
3010875,5.0220683612245764
3010876,38.52061845321303
3010877,3.500792518794105
3010878,158.99090941024454
3010879,325.6207108879848
3010880,5.9709955132068915
3010881,8.613420203962564
3010882,179.05544273705786
3010883,69.7586507690139
3010884,1095.5804786609697
3010885,14.89247168835788
3010886,8.800576896398473
3010887,3.591222195065633
3010888,0.16482078662073277
3010889,5.440627341170751
3010890,2365.972730325819
3010891,0.2004284776534478
3010892,436.25114820415473
3010893,10.44062224832044
3010894,733.7194064536842
3010895,772.6808975033074
3010896,234.0355049267083
3010897,122.41761776495736
3010898,87.8552561944913
3010899,2953.8094344743868
3010900,20.9739970474663
3010901,1.210841773776933
3010902,16.145130491340147
3010903,13.727533703238558
3010904,0.5201008679777928
3010905,175.92656043816194
3010906,13.952727310257927
3010907,9.466239950646147
3010908,4.269480225970135
3010909,46.986931561430104
3010910,5.21766563995854
3010911,294.074736322906
3010912,242.66250999208222
3010913,6.33299272042558
3010914,8.529250438700146
3010915,396.3064802397063
3010916,106.5338711204462
3010917,2043.0094990566322
3010918,0.3045171761256939
3010919,26.459138881854216
3010920,4.052368067410067
3010921,0.13614199628190937
3010922,1.2249597401545604
3010923,3435.3324679972925
3010924,0.07920901845688032
3010925,391.2631363163819
3010926,7.129956172015893
3010927,1550.347681847492
3010928,609.0597371059389
3010929,251.2845336714665
3010930,238.53197675857547
3010931,55.85249337448994
3010932,4429.241906737058
3010933,7.9826365554690035
3010934,0.8904464505126772
3010935,20.268975744322063
3010936,12.980603885284257
3010937,0.14888467643727268
3010938,340.30366156751813
3010939,0.978451174623894
3010940,0.4706886743674596
3010941,3.6233456595588986
3010942,34.96760299335834
3010943,2.058212197954723
3010944,140.84683031103646
3010945,290.61965424577573
3010946,2.846218333927824
3010947,5.1752432417451315
3010948,148.34011471495873
3010949,43.483568082166876
3010950,729.3223140548257
3010951,0.3486418946338964
3010952,2.27731843715658
3010953,4.726213332480973
3010954,0.279860760621884
3010955,5.867386621481939
3010956,2686.65425588779
3010957,0.056158495863968275
3010958,637.5842811287522
3010959,10.907553258036623
3010960,1089.552986975945
3010961,915.6747428968209
3010962,287.5572860794218
3010963,158.1379549281864
3010964,112.82571179522027
3010965,4063.3899035801965
3010966,19.978008579093334
3010967,1.6064832898454409
3010968,19.083232062189648
3010969,26.164862075024498
3010970,0.47666920514108324
3010971,269.81423101245474
3010972,8.717927144801072
3010973,11.465329318085628
3010974,6.559697496388741
3010975,46.868072530394514
3010976,5.826508982589471
3010977,196.70427869272498
3010978,314.47451971450334
3010979,7.525984094980023
3010980,15.482539313203006
3010981,272.22061145911044
3010982,118.30305268821378
3010983,2041.9962721374977
3010984,0.37770457319345807
3010985,9.453632066920106
3010986,3.2989884509290466
3010987,0.15043259030737718
3010988,8.033909700994451
3010989,2237.2095466987616
3010990,0.2761269831167017
3010991,458.9955335498515
3010992,10.46003021883208
3010993,756.4850989808035
3010994,797.2545806567556
3010995,178.87613357875523
3010996,134.24408707511697
3010997,104.86453237759636
3010998,2794.184162074659
3010999,18.5332545739046
3011000,1.5142995634684842
3011001,16.81554414376917
3011002,17.213696086764553
3011003,0.44658495867420134
3011004,219.41333751594044
3011005,12.684437085873952
3011006,23.09025758303893
3011007,4.8698214123174655
3011008,58.719539966657635
3011009,6.147202687637941
3011010,186.78681555226797
3011011,248.71588186252515
3011012,6.51564568748174
3011013,8.023270809713308
3011014,210.09712818871424
3011015,70.58359149001126
3011016,1875.4582148233521
3011017,0.9676487123273063
3011018,12.366114794356788
3011019,4.609498219794044
3011020,0.0
3011021,2.8798450120459056
3011022,4442.403884591286
3011023,0.0
3011024,617.4965864076946
3011025,7.584582709872594
3011026,1211.4179777528893
3011027,919.5355833510938
3011028,269.6831321906485
3011029,237.3824001063296
3011030,60.18778246172292
3011031,3954.630690951896
3011032,6.727665157675561
3011033,0.39651105076600573
3011034,17.793387190922196
3011035,17.154822259215578
3011036,0.0
3011037,198.84185823609653
3011038,1.4687503662465144
3011039,2.903621974923361
3011040,2.092660139028578
3011041,41.44690824917929
3011042,2.316104878133498
3011043,163.7869718111827
3011044,265.7179103198192
3011045,3.7652428323918237
3011046,5.502736783624453
3011047,154.9894118407028
3011048,59.67005133251016
3011049,720.1610000224395
3011050,0.7362567407672171
3011051,1.4215983587507832
3011052,13.295021988189566
3011053,0.2113927490375232
3011054,13.227543072585366
3011055,8566.138109911595
3011056,0.4935508637198444
3011057,1425.834796187573
3011058,24.835340957660367
3011059,2205.7841446008924
3011060,2225.1918673449054
3011061,673.233725955076
3011062,455.6558266133889
3011063,358.60726965022343
3011064,9306.85691120131
3011065,70.62233347801299
3011066,3.101544850882348
3011067,71.95970139559014
3011068,83.24743204190895
3011069,1.2482754535291458
3011070,713.8525390042222
3011071,31.512595616206106
3011072,18.513149960507956
3011073,35.544544174693605
3011074,186.60083345784471
3011075,11.96071879219398
3011076,953.4515338097218
3011077,608.4266490010226
3011078,25.54204255433341
3011079,51.348180095214836
3011080,1062.9212885071179
3011081,429.24419513200854
3011082,6979.233967798164
3011083,403.75188862272233
3011084,82.14867501888997
3011085,11.51711520802955
3011086,0.14559826338640636
3011087,13.818885792732864
3011088,7239.847480343432
3011089,0.3384076491062527
3011090,1260.889219208126
3011091,21.354938276795504
3011092,2029.315659854035
3011093,2147.5772046350553
3011094,638.8723901261606
3011095,396.4027796445243
3011096,311.9324299606478
3011097,8572.218271463465
3011098,63.52598473434945
3011099,1.701464465964849
3011100,43.105979783395114
3011101,66.17220189878708
3011102,0.8798570697163004
3011103,607.2083407076032
3011104,21.84689160421619
3011105,15.689931850994466
3011106,22.082549593683208
3011107,100.42765380453832
3011108,9.846405733751778
3011109,967.4892373439251
3011110,635.6470698987816
3011111,23.061086765271536
3011112,29.589104774915846
3011113,1047.2479303796235
3011114,345.92132882557627
3011115,5772.467547497133
3011116,393.58768433223287
3011117,68.0125760366395
3011118,9.886517998900652
3011119,0.0
3011120,13.84273268612369
3011121,5474.9592899389045
3011122,0.02788170642077615
3011123,911.5398313519255
3011124,16.168335908889826
3011125,1635.406823503654
3011126,1507.8970442127136
3011127,604.7378067485927
3011128,207.6648802528419
3011129,193.16098134941927
3011130,7166.22790835475
3011131,44.658878332955325
3011132,1.1434393192588148
3011133,32.460780844345436
3011134,46.12571418961074
3011135,0.4686813560197117
3011136,504.74674154199903
3011137,18.502371889040873
3011138,10.602716822752662
3011139,8.998637497087888
3011140,113.59388434695207
3011141,6.9537450584847464
3011142,820.143398816957
3011143,662.8643466123624
3011144,17.99238596752766
3011145,40.03300440245248
3011146,830.8186815003171
3011147,190.76562121980024
3011148,2740.9308358482685
3011149,297.2166559484224
3011150,40.99222264289985
3011151,11.24889971996831
3011152,0.09382546374049575
3011153,16.893371661617017
3011154,6534.160108726957
3011155,0.2424879148764453
3011156,1101.487906116756
3011157,19.75282569198934
3011158,2020.6630753457168
3011159,1829.7547076132905
3011160,683.8011742876489
3011161,255.19625143372576
3011162,237.38853733383476
3011163,8661.301762321542
3011164,55.059426288685884
3011165,1.6316892334942255
3011166,46.19850841931458
3011167,63.060561746573924
3011168,0.7871000352672131
3011169,666.2576563450323
3011170,26.652261680751685
3011171,14.999699760329902
3011172,12.858989173550599
3011173,139.67055658405877
3011174,8.68566044987392
3011175,929.2374753853816
3011176,773.1357451739042
3011177,21.37988325367672
3011178,27.271437924765618
3011179,919.7607127560683
3011180,252.9479961335827
3011181,4040.701620951502
3011182,369.46141724497045
3011183,56.40744074610082
3011184,8.638776380040737
3011185,0.0
3011186,12.25972773369489
3011187,4328.8925079184855
3011188,0.0
3011189,795.9882690386955
3011190,14.39953888221588
3011191,1486.2110608477785
3011192,1347.4217391332254
3011193,500.92386712788203
3011194,144.80697305781962
3011195,164.7926152721884
3011196,6019.907749035834
3011197,36.373700181084516
3011198,0.7404768264583512
3011199,30.793791183626446
3011200,37.99478718491775
3011201,0.21493878663572838
3011202,496.906219184179
3011203,22.00433695032431
3011204,7.469773880396721
3011205,5.5034464985695095
3011206,47.67969648937697
3011207,5.137192231449989
3011208,749.9859551899688
3011209,593.5849419011607
3011210,15.080379571655737
3011211,20.032116849485018
3011212,680.7358616232473
3011213,131.3000683160064
3011214,1859.798748966048
3011215,236.2460382098093
3011216,24.54578512781735
3011217,10.327063542161348
3011218,0.0084256269976872
3011219,10.254812089857472
3011220,6511.710304398238
3011221,0.33232024643793223
3011222,1163.7632380681573
3011223,20.976430548402544
3011224,1840.5669310481396
3011225,2080.3272777091
3011226,493.88596709311133
3011227,381.95766435767536
3011228,301.71350141772746
3011229,7550.290144379717
3011230,60.78442834034488
3011231,1.3196247618494037
3011232,47.77411060654331
3011233,57.32652485185763
3011234,0.726304888248724
3011235,517.0808112277172
3011236,21.357322194840478
3011237,17.37450175208018
3011238,5.461915293140783
3011239,141.8444926394949
3011240,10.650666812446607
3011241,878.1897373830548
3011242,508.85726041841565
3011243,21.408168793902842
3011244,28.958172377139302
3011245,901.2565938182871
3011246,320.53297207168885
3011247,5291.8717584947
3011248,272.23977548133274
3011249,60.37040094137132
3011250,5.404196436684005
3011251,0.4928133379851373
3011252,6.653431326289394
3011253,1759.3452362869468
3011254,0.5590077821667889
3011255,380.35366045760486
3011256,16.643968259640758
3011257,826.2776086396505
3011258,544.6221712247726
3011259,215.54052194570465
3011260,144.5985407848594
3011261,99.71187243174205
3011262,2555.626003141238
3011263,14.782190305098009
3011264,1.5448408151534405
3011265,19.90116393466103
3011266,17.66370619383034
3011267,0.6744960818817745
3011268,174.3734270250545
3011269,7.773349140159025
3011270,4.84797501919602
3011271,9.040763794301997
3011272,44.955904751855236
3011273,5.206649170052746
3011274,279.9642624973035
3011275,233.30051092349944
3011276,3.4631843870152483
3011277,6.232027076240343
3011278,249.40086500169625
3011279,74.34539676553906
3011280,1163.5379959180073
3011281,0.25799633881496203
3011282,8.625330344782116
3011283,7.740271850979214
3011284,0.0
3011285,12.775928048937194
3011286,4417.044122949056
3011287,0.0
3011288,755.8158169989367
3011289,18.602559917577562
3011290,1383.6344121803913
3011291,1098.5103260672224
3011292,453.8822794661066
3011293,116.51827046475906
3011294,140.07339086255274
3011295,5985.799356362112
3011296,37.68461991091562
3011297,0.8641942430184253
3011298,34.162052047617024
3011299,47.29876144036133
3011300,0.32295954097664964
3011301,452.8162939170555
3011302,17.48524880370635
3011303,5.861138384095677
3011304,2.645504079065022
3011305,75.72798347345629
3011306,6.587918460458956
3011307,714.028926705588
3011308,500.6091646015788
3011309,11.63619585147715
3011310,18.621311505224067
3011311,382.99525675912287
3011312,112.71447249283773
3011313,2036.395275342291
3011314,250.90190132407446
3011315,21.05308732608542
3011316,5.434482986040075
3011317,0.0
3011318,5.297915003159061
3011319,4140.633999184948
3011320,0.0
3011321,855.8323721914372
3011322,9.52507197599408
3011323,1198.9125878776395
3011324,1346.1403911613531
3011325,281.5902034653861
3011326,242.80498714742518
3011327,163.98076424995503
3011328,4978.141078353632
3011329,20.750265409756732
3011330,0.9677046511388279
3011331,17.596627299163927
3011332,26.777381806767796
3011333,0.5199151380959846
3011334,319.2987678815222
3011335,4.416261551288157
3011336,12.67326988486525
3011337,4.080123027408904
3011338,92.15686402132415
3011339,6.263129811405076
3011340,428.99613583835173
3011341,316.85100975971983
3011342,9.698401762488118
3011343,12.873153182390734
3011344,527.7979781200504
3011345,114.95930062118101
3011346,2787.9069744124245
3011347,1.7513630372829403
3011348,40.35202820172224
3011349,8.302791126524655
3011350,0.5893326958838712
3011351,11.276213039057897
3011352,4493.3342229595755
3011353,0.4275460662072785
3011354,938.697585023358
3011355,12.613616213364878
3011356,1200.920315404073
3011357,1204.5690135129403
3011358,359.6126307279302
3011359,251.5817721401297
3011360,196.78968449427325
3011361,5224.207133064527
3011362,37.46241244717547
3011363,3.0766860091680837
3011364,45.88236327193106
3011365,48.03640961261494
3011366,1.146667093103507
3011367,414.94720570100753
3011368,11.311596256908402
3011369,21.748920635579953
3011370,7.277813520084063
3011371,101.67593599159139
3011372,9.50920949381221
3011373,434.7559865787675
3011374,425.20283581998586
3011375,19.894344818082697
3011376,25.796750654467495
3011377,341.06841270946876
3011378,206.02504370618385
3011379,2990.807104179114
3011380,3.495124264434783
3011381,13.305235110876815
3011382,6.107357270653936
3011383,0.5278314521103442
3011384,7.25827101084721
3011385,2749.606739113137
3011386,0.41817045123616786
3011387,510.6194949722024
3011388,9.410541543427529
3011389,856.3733301760807
3011390,696.4116723890129
3011391,250.19590189366932
3011392,108.25313621513698
3011393,80.52618582649416
3011394,3417.221663969326
3011395,12.80652972878849
3011396,1.6853380939669482
3011397,15.068496540152609
3011398,19.754793846249925
3011399,0.7523884241079322
3011400,223.375723363314
3011401,4.939318801245121
3011402,7.3318598021021515
3011403,4.443887245652903
3011404,72.05545810023028
3011405,4.428598660485049
3011406,166.95868243630753
3011407,261.02492087560205
3011408,5.027838832494387
3011409,7.573218941854522
3011410,172.37404310704827
3011411,70.19085252003099
3011412,1879.035144742459
3011413,0.8493350395542314
3011414,4.516940661219218
3011415,4.586408732511956
3011416,0.09964559096809959
3011417,1.7819777605381435
3011418,2457.3735825713334
3011419,0.0
3011420,241.80178614054483
3011421,4.802806933202197
3011422,1145.0640003018293
3011423,334.00686320917464
3011424,181.71876617933512
3011425,127.06843648402531
3011426,29.175378478934782
3011427,2926.148038862619
3011428,6.137888629195686
3011429,0.7639741978054804
3011430,13.227097088705795
3011431,12.115500722964818
3011432,0.11543434200597094
3011433,168.9594323778086
3011434,0.659081338533176
3011435,0.24750575907388295
3011436,2.216523477178523
3011437,14.699676934242033
3011438,1.1212434161442095
3011439,65.30316632771655
3011440,187.55317521365606
3011441,1.1076814671863637
3011442,2.9715715493409487
3011443,61.18245075459171
3011444,43.22260971800955
3011445,231.46097531723055
3011446,0.03068817676265265
3011447,1.276519756087064
3011448,5.288680810488557
3011449,0.15967019318017722
3011450,6.277735053858421
3011451,3502.219722532223
3011452,0.16978785166621377
3011453,641.0292720147818
3011454,12.73238253472242
3011455,1025.6339646277331
3011456,1045.345797134
3011457,332.578258345051
3011458,193.54944201281089
3011459,141.30679586593266
3011460,4561.295738168605
3011461,26.07237213745881
3011462,1.2531350879506364
3011463,26.01453835647849
3011464,27.987806375984185
3011465,0.276933259843889
3011466,300.7251093256102
3011467,13.481691986305863
3011468,11.082568710355277
3011469,14.796249941269732
3011470,51.30594381654971
3011471,5.336101037301779
3011472,420.7842269613609
3011473,332.2541838580262
3011474,7.45468898350255
3011475,10.08854307438389
3011476,517.28047837751
3011477,145.3573186094654
3011478,2890.2476529417563
3011479,0.2571686947186573
3011480,32.88183534452904
3011481,4.277317104950152
3011482,0.416982252100162
3011483,7.393802427601184
3011484,3544.0787995569003
3011485,0.32149979185857974
3011486,693.8926084013735
3011487,12.756366655748092
3011488,1114.4913624843343
3011489,1130.9400688783155
3011490,330.1692845857781
3011491,203.4956500398136
3011492,144.96327858602066
3011493,4856.220203667617
3011494,29.036207710589892
3011495,1.9825004745321242
3011496,27.519012673521768
3011497,33.58268919226469
3011498,0.7647793110797048
3011499,268.19269926554017
3011500,11.635676148033522
3011501,13.51575309554873
3011502,9.650096374651174
3011503,80.77584628233603
3011504,7.940239347234865
3011505,319.2074974622419
3011506,344.6591150661627
3011507,7.90983923505067
3011508,11.137256975682526
3011509,673.5352126327386
3011510,207.46678481994553
3011511,3713.3520043637795
3011512,0.1525448779704839
3011513,37.14273234901563
3011514,5.685838833222448
3011515,0.22117952298221402
3011516,7.824114610450458
3011517,4206.030013352398
3011518,0.3384491464090398
3011519,813.6668329955636
3011520,14.464119722725869
3011521,1180.4385403210288
3011522,1338.343326947892
3011523,328.7975410445336
3011524,259.95061653946567
3011525,181.6457687488394
3011526,4862.855527909107
3011527,31.804764674948643
3011528,1.8596565809690344
3011529,37.02801120540699
3011530,41.325086834969085
3011531,0.6972336253735754
3011532,340.0043765219469
3011533,19.516955724980303
3011534,20.087221269108465
3011535,18.546629595172895
3011536,110.88558457684346
3011537,7.734781458339921
3011538,496.71311581296453
3011539,376.29116463906615
3011540,11.16830985311004
3011541,15.052163455279231
3011542,610.0330974085134
3011543,185.12699682787277
3011544,3589.3791577954307
3011545,0.416932546745997
3011546,44.1078158780173
3011547,8.91904975741408
3011548,0.23934654737252004
3011549,5.416117790250305
3011550,3650.41955375654
3011551,0.08814340603703628
3011552,588.6212367978063
3011553,9.947205662072651
3011554,1397.0125050129964
3011555,946.7055334994807
3011556,366.8300861406371
3011557,272.5588124307327
3011558,86.05092333720971
3011559,5556.709850387468
3011560,11.749063089110312
3011561,0.9202990820559982
3011562,25.29313105310636
3011563,31.655789939396584
3011564,0.21581326440282564
3011565,388.50374595542814
3011566,8.800163165460662
3011567,4.6903537100890835
3011568,6.294827074037485
3011569,43.20044400131768
3011570,3.3431118249738043
3011571,311.82721372333486
3011572,364.1495833481584
3011573,5.901446853481992
3011574,9.285093478468779
3011575,308.0039493343247
3011576,87.53004086423738
3011577,1092.6718552167208
3011578,76.49889797924837
3011579,11.992322696621777
3011580,4.280304553519164
3011581,0.023004902648011243
3011582,3.0478834132333903
3011583,2149.0472765988848
3011584,0.015504937265387151
3011585,444.01986447546795
3011586,10.532663080598388
3011587,628.9659564421931
3011588,727.4482646059978
3011589,150.18685812583547
3011590,174.5628413537238
3011591,126.65925239604861
3011592,2515.3896440734343
3011593,24.866622865694556
3011594,1.2286430913466604
3011595,17.84515661052164
3011596,22.531120482587813
3011597,0.1871900009827798
3011598,218.66489173166266
3011599,13.836722959304987
3011600,11.979029088656668
3011601,5.702460235604659
3011602,48.48778025150144
3011603,5.396308166701833
3011604,368.3541086584775
3011605,182.68252395062575
3011606,6.189640268481977
3011607,11.886446841019284
3011608,379.49250118547957
3011609,110.41313956174962
3011610,2164.2053770304205
3011611,0.10619583957350216
3011612,24.994917162191488
3011613,2.6392458380763855
3011614,0.0
3011615,0.9337465416232209
3011616,1164.1606031333454
3011617,0.0
3011618,125.25179375228258
3011619,4.1905784111932585
3011620,546.7808449226636
3011621,310.14772044604706
3011622,173.7741665082207
3011623,42.096113177271924
3011624,27.429239497085003
3011625,2388.1409184625513
3011626,3.5898337320268574
3011627,0.30571289627241205
3011628,7.9497031949360615
3011629,10.604945536560376
3011630,0.0
3011631,164.39143293078223
3011632,2.5153058664409316
3011633,0.0
3011634,1.2622237914091636
3011635,7.868271407502757
3011636,0.5938631324327295
3011637,137.93005313774202
3011638,164.28569886688476
3011639,1.142673207504802
3011640,3.173742532130163
3011641,146.55018527207787
3011642,21.862455178657974
3011643,322.59182035715924
3011644,3.086735645115837
3011645,1.999159711511827
3011646,5.787021168364536
3011647,0.16108575056824984
3011648,6.821228804310796
3011649,3777.9778466850853
3011650,0.04350559580921056
3011651,658.3293677938962
3011652,11.027225847534973
3011653,1552.8100948027438
3011654,753.3908093312289
3011655,421.34439325842555
3011656,125.16100613352167
3011657,70.3258439303028
3011658,5972.888544934605
3011659,12.342907698118715
3011660,0.6616006058996873
3011661,27.411404053899826
3011662,27.24222529092933
3011663,0.07185360859166101
3011664,412.9550716968342
3011665,7.3540119834799995
3011666,3.069328642993047
3011667,5.070964115541058
3011668,25.427627018161566
3011669,2.538160537813708
3011670,413.4688497207869
3011671,369.48359369246197
3011672,3.6275469234725106
3011673,8.657117426528476
3011674,289.36705645339026
3011675,62.173478740153676
3011676,1932.8400905259682
3011677,15.184030959586554
3011678,6.641223928429744
3011679,4.021000100837035
3011680,0.1561122177115857
3011681,0.9016255254598686
3011682,1659.716609573631
3011683,0.0032730414617688597
3011684,154.54058371171237
3011685,6.327067686281274
3011686,751.7356058735955
3011687,376.28707271105156
3011688,200.46079060862738
3011689,50.665562391892465
3011690,34.997928082628995
3011691,2633.196015324531
3011692,4.602033240357308
3011693,0.6462548637689849
3011694,12.663055306758125
3011695,10.011259504663094
3011696,0.044423249235892484
3011697,195.65717823660776
3011698,2.09456954233357
3011699,0.010939764556988824
3011700,7.0626151518963525
3011701,23.271194836017557
3011702,1.3083424058955249
3011703,138.62309025888257
3011704,174.02612013168505
3011705,1.6418958067063136
3011706,3.8923278863791673
3011707,147.8670750651053
3011708,29.743906263551377
3011709,409.35000649369124
3011710,9.939816715529389
3011711,2.1201809019043316
3011712,3.801531927193306
3011713,0.0987279388359386
3011714,1.560033884616482
3011715,1412.296659718103
3011716,0.0
3011717,126.55960142309542
3011718,5.059206467649649
3011719,600.0280214072175
3011720,280.3984705238792
3011721,167.5847810116146
3011722,41.82270945820489
3011723,28.314262858832343
3011724,2260.50040229706
3011725,3.8584007828256413
3011726,0.5590734586483885
3011727,8.709912080517997
3011728,7.516926125187801
3011729,0.10305031507941914
3011730,180.2492215029535
3011731,1.836747913898622
3011732,0.0
3011733,1.85897728880928
3011734,16.924479487506453
3011735,0.9011660145702713
3011736,113.99449707786526
3011737,149.38059980806335
3011738,1.1654878464245484
3011739,2.9594881442587613
3011740,110.09850928743508
3011741,24.750020851332657
3011742,254.51893818364454
3011743,9.49174587978577
3011744,1.5442242686241725
3011745,2.328217736388019
3011746,0.0
3011747,0.4125818661139639
3011748,1242.0662364464183
3011749,0.0
3011750,141.85987186259914
3011751,4.434985701296413
3011752,687.623394343495
3011753,314.5822166346988
3011754,157.22593416102927
3011755,44.8714510239845
3011756,31.08964401534117
3011757,2073.4708728384403
3011758,2.9635327565923184
3011759,0.24261315564989147
3011760,9.068720661691168
3011761,7.83165051749892
3011762,0.0
3011763,158.26040632219622
3011764,0.7255329789628837
3011765,0.0
3011766,1.629696082682389
3011767,15.236808954011892
3011768,0.889246440347981
3011769,141.04773732062537
3011770,190.63973318576797
3011771,1.0794076439027456
3011772,2.6939978795331405
3011773,82.06109727426427
3011774,25.668310225959676
3011775,375.54101332935215
3011776,5.332681455778579
3011777,1.642064066817638
3011778,3.371821597662124
3011779,0.25292959635384266
3011780,1.6919726110940583
3011781,1952.5550382490483
3011782,0.0
3011783,191.18951261832257
3011784,6.384960513769643
3011785,804.2035728871722
3011786,451.0660714635946
3011787,253.75696568608583
3011788,74.83785498495973
3011789,43.398303739880994
3011790,2923.5856491424424
3011791,8.054496844663197
3011792,1.08806720627034
3011793,15.756948904435358
3011794,16.36236380214774
3011795,0.3011839123725099
3011796,227.0396626215463
3011797,4.46188444788862
3011798,0.36192866183261885
3011799,3.9036035409079375
3011800,16.6771398225683
3011801,1.7706931837408453
3011802,131.03993310992902
3011803,206.30314888449044
3011804,2.55953210037443
3011805,5.313733509227219
3011806,131.11392920393257
3011807,40.44812386174103
3011808,873.2929556912692
3011809,12.77936851248265
3011810,5.180489034857276
3011811,3.2867816496165982
3011812,0.0
3011813,0.5157253215037856
3011814,1219.9021766522408
3011815,0.0
3011816,138.4004368316383
3011817,4.097234190527241
3011818,651.1010310503964
3011819,252.49519758893373
3011820,151.10269291601085
3011821,93.80138050881695
3011822,26.581404704239322
3011823,2074.6470969737375
3011824,3.149258622173903
3011825,0.19546511186899404
3011826,9.36427837542648
3011827,12.609733970826422
3011828,0.0
3011829,148.76283110522306
3011830,0.05406707146224409
3011831,0.0
3011832,1.3378122797322223
3011833,14.292421869259693
3011834,0.8098106324172387
3011835,61.09348850489348
3011836,112.09776673821128
3011837,0.617533114075814
3011838,2.191966920640155
3011839,71.95397537041154
3011840,25.258712773154528
3011841,650.9413757016019
3011842,0.0
3011843,0.96786263684808
3011844,4.551669109141192
3011845,0.26926583448005575
3011846,3.846479903627219
3011847,2914.9267150597266
3011848,0.09898600743782429
3011849,359.81219346794865
3011850,7.941596983319322
3011851,1075.746370796999
3011852,722.569350932854
3011853,372.26309625445015
3011854,137.97829633160902
3011855,58.01981495803151
3011856,4130.400901424302
3011857,10.595589764265496
3011858,0.8073977519120275
3011859,23.376139285829026
3011860,15.844416845223073
3011861,0.2771320642746266
3011862,280.410417213987
3011863,3.6151486059405276
3011864,0.8832040694916998
3011865,3.8062206347417904
3011866,23.45835130047786
3011867,2.211854666030742
3011868,169.51032448171745
3011869,257.53994224422104
3011870,3.6512544331324532
3011871,7.186798614146181
3011872,232.06078234587548
3011873,64.34503511417103
3011874,1771.0160458736962
3011875,13.38709501564118
3011876,8.53621298142424
3011877,0.0
3011878,0.0
3011879,0.24543362302938299
3011880,777.412081264524
3011881,0.0
3011882,154.99490674630295
3011883,0.45154850718251055
3011884,190.0971834159098
3011885,183.56568676983025
3011886,77.91446055173864
3011887,34.248187076277894
3011888,9.452179677718178
3011889,1072.1556978208682
3011890,0.8202596132924007
3011891,0.0
3011892,5.334138256435645
3011893,5.09229539627502
3011894,0.0
3011895,87.53362161008607
3011896,0.12390282218123895
3011897,1.1232510545875631
3011898,2.241041227682546
3011899,10.38706152125275
3011900,0.0
3011901,34.04652821322144
3011902,62.27615085648575
3011903,0.0
3011904,0.3783426563778203
3011905,42.11433328615985
3011906,6.980397279512253
3011907,638.3737972441886
3011908,21.549438615466897
3011909,0.4840924437784771
3011910,4.951494943729232
3011911,0.29549329928586754
3011912,2.138998511749082
3011913,1891.4391107009874
3011914,0.08369613105977919
3011915,196.17152410930333
3011916,6.759177086813006
3011917,788.7434598241653
3011918,415.0307029876223
3011919,235.09434398969628
3011920,63.97941843567057
3011921,40.02409059319061
3011922,3110.3417781772478
3011923,6.328874830825195
3011924,0.8624308514682848
3011925,12.669975889244352
3011926,10.861982226586436
3011927,0.11836715370460318
3011928,223.43702080996414
3011929,2.986267972341624
3011930,0.2700373906363101
3011931,2.534787583947261
3011932,16.98809169540684
3011933,1.3852124450125936
3011934,125.63933072109644
3011935,161.14596802293002
3011936,1.7084891807464722
3011937,3.997827764249201
3011938,131.6878082606875
3011939,34.11092006872501
3011940,531.8839071916836
3011941,12.420117028356525
3011942,2.8531367269236827
3011943,4.784534079863546
3011944,0.07611766913014008
3011945,5.600843712253341
3011946,2593.1068727226416
3011947,0.08897822803931082
3011948,541.1414386083028
3011949,11.722168145283527
3011950,782.3937748742712
3011951,855.7151283990574
3011952,212.69316665357914
3011953,187.40960002929762
3011954,131.76912262828688
3011955,3646.7818843958335
3011956,25.11299518497337
3011957,1.0295278744288963
3011958,22.144513035345984
3011959,15.273010251203416
3011960,0.18214201785244388
3011961,229.35302124666282
3011962,14.65486544706626
3011963,10.961700167516897
3011964,5.177104556540106
3011965,52.69082682556752
3011966,5.127382673256462
3011967,390.5675758414483
3011968,250.6708054801644
3011969,6.732414146233275
3011970,8.815559582438057
3011971,424.5582889156069
3011972,120.31598478901203
3011973,2344.086088068284
3011974,0.20451894790191139
3011975,27.30544931634567
3011976,4.529551965947497
3011977,0.31503614464214624
3011978,4.10689274634883
3011979,2899.313525988785
3011980,0.0
3011981,452.22099635630866
3011982,6.837548291985424
3011983,943.0281336944128
3011984,675.3633443592942
3011985,333.5326875902409
3011986,114.18490931123141
3011987,56.958708130644666
3011988,3566.6503261450066
3011989,8.8877772740142
3011990,0.5586651690560358
3011991,15.390705656224885
3011992,21.189264386862103
3011993,0.07789964390355836
3011994,257.7073584605471
3011995,3.7138054973123884
3011996,7.692599028451884
3011997,3.8813025021439094
3011998,21.348957099981305
3011999,2.0287248190179508
3012000,128.45416191701426
3012001,233.02779144342477
3012002,3.5037862829704096
3012003,5.893421120454687
3012004,207.16426632602125
3012005,71.0987666982182
3012006,1618.5917581275005
3012007,17.304571416982935
3012008,6.169205315906987
3012009,6.002485975034977
3012010,0.6682921184581565
3012011,4.0368010535619785
3012012,2497.1455158724402
3012013,0.2535375713870979
3012014,395.8793627052529
3012015,7.752078078331785
3012016,1011.888259485339
3012017,554.0739566946128
3012018,285.90835730766344
3012019,121.06033980352476
3012020,55.112127879643445
3012021,3486.4898267314015
3012022,7.004151809912058
3012023,0.8442628764411086
3012024,23.282859843280686
3012025,26.50960733696955
3012026,0.3664631432617633
3012027,269.80173450693684
3012028,3.1455073861501406
3012029,6.651292107167921
3012030,4.141752018151853
3012031,28.480823558152956
3012032,1.9636020316067473
3012033,114.08601534359401
3012034,207.8466211728085
3012035,2.6949242617785005
3012036,11.503849439636552
3012037,134.9994484156479
3012038,47.11390740892228
3012039,1461.511828747022
3012040,0.7596666604779514
3012041,3.556000414922699
3012042,3.3989583935959304
3012043,0.19623878388877197
3012044,0.9994283156202541
3012045,1388.4279927645903
3012046,0.008365773986945529
3012047,132.827538531495
3012048,4.52607991732678
3012049,549.6451853572333
3012050,273.92537041532273
3012051,135.37157477524752
3012052,70.28310798661059
3012053,32.67136619036073
3012054,2121.6039144483175
3012055,3.4382103617010378
3012056,0.6524972083440648
3012057,15.04953297660494
3012058,13.72072229579721
3012059,0.18674781402357954
3012060,181.38085000611963
3012061,0.7707063154081331
3012062,0.09348411079219217
3012063,2.323657418191435
3012064,25.21110893550008
3012065,1.2768751318595952
3012066,81.67090963923769
3012067,127.17673793227257
3012068,1.171870434078532
3012069,3.155651285048365
3012070,95.44606989226322
3012071,29.282680716691132
3012072,658.9242170105689
3012073,8.939259127623005
3012074,1.4322397421419741
3012075,2.4883096737878567
3012076,0.009766398053337486
3012077,1.8937312109872848
3012078,1236.8652636034058
3012079,0.022059334665354577
3012080,259.2031541522871
3012081,9.363785260998059
3012082,453.36594493808
3012083,428.81051761436066
3012084,113.66849850788961
3012085,74.2253136773896
3012086,64.26467817069413
3012087,1946.6278801183084
3012088,14.919822562704786
3012089,0.47491631983473875
3012090,9.242908014247952
3012091,11.145576611938024
3012092,0.06949016060968458
3012093,138.7210805053294
3012094,4.551029701811073
3012095,1.6979853460216212
3012096,3.891478011783727
3012097,43.59125448905831
3012098,2.697597603084019
3012099,420.9816949603477
3012100,151.58853338269333
3012101,2.4429297264633116
3012102,4.356199749849314
3012103,245.70278227790308
3012104,49.11064753817801
3012105,1002.3288016081589
3012106,0.3749371002245319
3012107,10.310138431821198
3012108,3.526535703810656
3012109,0.1733729697182223
3012110,6.901662995194832
3012111,3419.5875923279327
3012112,0.2452596586203748
3012113,794.1313699082433
3012114,15.291412000185975
3012115,987.9775294808727
3012116,1148.1047057999049
3012117,285.31872240526064
3012118,206.7536940396015
3012119,139.50512372084935
3012120,3484.2023738885646
3012121,18.97512677686087
3012122,1.6750472898536604
3012123,25.164856053362875
3012124,30.58922299210728
3012125,0.5187308684998684
3012126,267.322955372134
3012127,10.016675925929983
3012128,24.751393823650087
3012129,7.806999807592987
3012130,97.75022743554088
3012131,6.838641181421067
3012132,356.4168112077185
3012133,329.18973923782477
3012134,10.25456806618993
3012135,12.85292448153297
3012136,440.64409155095115
3012137,139.53943658439843
3012138,2960.1704833172066
3012139,0.5578968307742649
3012140,25.678955338518193
3012141,0.18046422656589264
3012142,0.0
3012143,0.6037234196543193
3012144,657.1617569195123
3012145,0.0
3012146,128.9419977829203
3012147,1.7452710943592469
3012148,162.76394227502115
3012149,200.29161306640552
3012150,51.12822696757899
3012151,31.228210171068334
3012152,26.47232643646793
3012153,748.858571163246
3012154,2.148225617564276
3012155,0.0
3012156,3.066075595398428
3012157,5.607471161647557
3012158,0.0
3012159,49.098391654315165
3012160,0.0
3012161,2.5970031297070313
3012162,0.7616699205507922
3012163,31.870801719508158
3012164,0.454571775067203
3012165,63.22916725284679
3012166,48.52683117473682
3012167,0.32919631002741456
3012168,0.8528481273089656
3012169,49.6458999018327
3012170,14.253673983527587
3012171,376.602042501614
3012172,0.0
3012173,0.5205196023767928
3012174,2.943778608174336
3012175,0.0
3012176,0.711261889897129
3012177,836.4060166922189
3012178,0.0
3012179,200.02827596090893
3012180,5.0251724275804825
3012181,311.2129391540202
3012182,196.7771929331358
3012183,56.828317542736535
3012184,32.95580785844782
3012185,29.03096190228002
3012186,1079.003935017488
3012187,2.605925045629691
3012188,0.4567219572293253
3012189,5.772148711767859
3012190,7.9354520917632385
3012191,0.08434811519917286
3012192,76.39965306752023
3012193,0.8783849602140594
3012194,1.6728699303483054
3012195,1.1058561939848506
3012196,20.776659931370606
3012197,0.40002090256921286
3012198,167.0063412623047
3012199,129.75053434921116
3012200,1.3210001262650346
3012201,1.778520372119671
3012202,116.31587418034552
3012203,14.661616699632072
3012204,287.15112805042094
3012205,0.08229220323639448
3012206,2.020822953355142
3012207,3.614220625194334
3012208,0.12436010193728106
3012209,2.962385048774463
3012210,2646.6905358768595
3012211,0.0623636050782996
3012212,612.2263505595038
3012213,10.585287853424928
3012214,687.640612447043
3012215,838.3472833265256
3012216,212.53501455438706
3012217,185.33782847218234
3012218,108.25203655687395
3012219,2773.8373819759427
3012220,15.731197148553477
3012221,1.584490206244666
3012222,14.568796231012964
3012223,20.84013765486622
3012224,0.5554645146567567
3012225,208.62725967237003
3012226,5.784486174687819
3012227,15.823975845863494
3012228,4.8601506547570406
3012229,68.97437296026801
3012230,4.05775186715317
3012231,274.1042023618094
3012232,249.89383996206175
3012233,7.455864987800698
3012234,8.494239877846994
3012235,336.7525333467274
3012236,97.1569895143741
3012237,2292.600923488764
3012238,0.26783721253147386
3012239,19.688366596396094
3012240,5.74769195540015
3012241,0.23731633698992216
3012242,2.770102464487494
3012243,2794.2309184576898
3012244,0.13765106477809447
3012245,562.1245409901748
3012246,9.434933114404949
3012247,1044.5680614754028
3012248,777.777512007945
3012249,330.28714457915623
3012250,166.0786940223935
3012251,53.50811355327675
3012252,3578.277971476394
3012253,6.01828182165554
3012254,1.032637268551261
3012255,18.341629663531425
3012256,16.4891331026504
3012257,0.3771642091908809
3012258,242.00977721276692
3012259,0.670331596398648
3012260,4.73453679826345
3012261,4.011278088389131
3012262,59.91810072175283
3012263,1.3762388006553556
3012264,185.47078942766453
3012265,264.6126558618092
3012266,3.2055785370786447
3012267,5.2699387900683305
3012268,189.53953385758166
3012269,50.88151216547055
3012270,2166.834679534814
3012271,1.036135481682166
3012272,3.4520459124515854
3012273,4.649490988336161
3012274,0.41479720069465015
3012275,3.22791734887853
3012276,2878.292580558192
3012277,0.15558930218806188
3012278,492.5012221900686
3012279,13.432034174553433
3012280,996.0859173298464
3012281,782.2508675016437
3012282,257.8090636425845
3012283,120.82779883910848
3012284,57.44923146713374
3012285,3668.57315831638
3012286,6.785858341143008
3012287,1.1518346181808679
3012288,16.387981977806643
3012289,11.120435750229172
3012290,0.2739108300845501
3012291,235.19874273124682
3012292,1.1063510442790547
3012293,8.892977183607508
3012294,3.3013008411874054
3012295,34.66393751487836
3012296,1.8134968995196794
3012297,146.98574441728863
3012298,231.63906070179362
3012299,3.3250401599610555
3012300,5.282254372536955
3012301,188.6479005349895
3012302,52.544472710115016
3012303,2455.263381238075
3012304,1.1688886701996481
3012305,3.8125850979042877
3012306,9.133530824434775
3012307,0.5489091822500072
3012308,12.873902999578558
3012309,6218.275695887658
3012310,0.6680283401020441
3012311,1221.809284244033
3012312,27.560440308941306
3012313,1641.7475452863
3012314,2093.518571617289
3012315,389.9734866167271
3012316,444.76033394486666
3012317,332.503866913252
3012318,7152.391044385414
3012319,66.88557417756172
3012320,3.0148769358862406
3012321,48.068170073039326
3012322,59.260104341674705
3012323,1.2947864062588015
3012324,467.89863833996867
3012325,35.622314120218135
3012326,38.16885953752265
3012327,23.794995561591623
3012328,160.2116756937034
3012329,15.261087190841788
3012330,943.7531937068014
3012331,491.3320121250156
3012332,19.236137811780008
3012333,26.7000084785429
3012334,1090.3931507329503
3012335,387.56051929289924
3012336,6050.175994550204
3012337,0.8009477918876808
3012338,73.01596903485132
3012339,2.7294296138743306
3012340,0.047917059295201826
3012341,0.4739693909450242
3012342,1331.506293996973
3012343,0.0
3012344,146.37367524960828
3012345,3.726873196593906
3012346,493.16962987078637
3012347,256.2021961818414
3012348,112.03810338133682
3012349,105.8839409274069
3012350,30.861854207580947
3012351,1911.1445046175006
3012352,2.454428266592175
3012353,0.45173370677918484
3012354,11.716742844090241
3012355,10.81536102444654
3012356,0.0
3012357,149.18096253600362
3012358,0.3577482263139611
3012359,0.0
3012360,1.6680962538333524
3012361,21.609709944277796
3012362,0.8018360945550338
3012363,67.22963198011841
3012364,92.46438883572027
3012365,1.3281587832322241
3012366,2.6882836454573837
3012367,88.92989470618781
3012368,23.219406837631006
3012369,742.293058246031
3012370,0.20098987121906028
3012371,1.985870482703894
3012372,5.616808507915074
3012373,0.5486055243123342
3012374,1.9175827139767687
3012375,2844.181390382125
3012376,0.3002522824392731
3012377,464.356297215887
3012378,8.003067759643079
3012379,1127.6020710566806
3012380,637.2213493438311
3012381,246.8877409160312
3012382,167.12697034002696
3012383,63.184272012340216
3012384,4558.964402288089
3012385,7.230781556486736
3012386,0.8598071802034137
3012387,14.447950961914355
3012388,18.825981973001248
3012389,0.3760481532705312
3012390,236.92151848239251
3012391,2.6854311544270915
3012392,4.996468300697524
3012393,6.08637410108905
3012394,24.51874744276139
3012395,1.9886418189265624
3012396,249.02522897160057
3012397,275.1104595250104
3012398,2.84816825514382
3012399,5.556973419110327
3012400,161.76229893410016
3012401,47.92068367382461
3012402,1769.8864919267517
3012403,0.8721216027162886
3012404,3.8718316252266884
3012405,1.4637528610111628
3012406,0.0
3012407,0.13023223204573187
3012408,985.9116224437155
3012409,0.0
3012410,96.3153880198817
3012411,2.6725177140484027
3012412,353.7003331715616
3012413,169.65123804053948
3012414,72.23270112167432
3012415,102.82555063020247
3012416,20.1052786085083
3012417,1282.0098232193866
3012418,1.2107336649307148
3012419,0.08753801272141758
3012420,5.662526732099221
3012421,2.827071764373508
3012422,0.0
3012423,102.3591202189628
3012424,0.08715092706323627
3012425,0.0
3012426,0.7402781303055073
3012427,14.067674594847167
3012428,0.14014118760290142
3012429,49.01069701823879
3012430,72.44821581612631
3012431,0.45927213651706733
3012432,1.1637054842548014
3012433,59.16102230950838
3012434,8.611971106891785
3012435,347.8730807374034
3012436,0.014407899242555491
3012437,0.7258461804453877
3012438,4.538934613134125
3012439,0.2100218920745396
3012440,0.8958542274508556
3012441,1847.6137861629238
3012442,0.025439699870733693
3012443,214.7536128979259
3012444,5.045048922671439
3012445,788.4018611341322
3012446,374.4030383227617
3012447,178.40642859964586
3012448,135.69597367782953
3012449,43.45397360030339
3012450,2870.276348523869
3012451,2.9450089544477933
3012452,0.6787928849206568
3012453,12.482099915639049
3012454,10.166452223507285
3012455,0.23111218651669002
3012456,213.83871775009362
3012457,0.4509090897675953
3012458,0.0
3012459,5.546914868549768
3012460,21.827762424901557
3012461,1.476589087252894
3012462,150.08371476656586
3012463,223.53545429061722
3012464,1.5478613380125088
3012465,3.5209324226980847
3012466,129.96969707127766
3012467,33.59355122071605
3012468,1437.031863843142
3012469,0.0
3012470,0.8640591677205589
3012471,4.220626792936564
3012472,0.023852809952396487
3012473,2.011324622128728
3012474,2533.3799886650236
3012475,0.0
3012476,540.8043939593426
3012477,7.849996297170851
3012478,829.9610174022038
3012479,532.1738778957032
3012480,200.20508248807943
3012481,122.50299159340362
3012482,71.5392366683177
3012483,3449.902877730315
3012484,6.627384306753033
3012485,0.8611816779894346
3012486,21.515594930048373
3012487,28.061495067836802
3012488,0.10468063291476683
3012489,294.91869837000024
3012490,3.952512408218367
3012491,5.221854523767478
3012492,4.369293835142414
3012493,28.59510629638721
3012494,1.9070512623585354
3012495,181.76055015956527
3012496,236.42572842883138
3012497,3.5758293694038423
3012498,5.420044488529174
3012499,123.55828229466033
3012500,42.10337285988351
3012501,1329.6975783633127
3012502,0.7666847384711031
3012503,2.1455275948198373
3012504,3.0436642731684183
3012505,0.0
3012506,0.28935130019138927
3012507,1429.7277052118923
3012508,0.0
3012509,115.7045689819064
3012510,2.7675404208625998
3012511,471.5961711398993
3012512,198.01102247828484
3012513,87.43562006746284
3012514,103.70218718251053
3012515,27.5911049627873
3012516,1814.140927744776
3012517,1.966497922065905
3012518,0.23929966142683035
3012519,7.152933265059454
3012520,5.993309377573559
3012521,0.0
3012522,125.41552852434137
3012523,0.10367361027386314
3012524,0.0
3012525,1.148929987102079
3012526,20.201261265231796
3012527,0.6503279809989602
3012528,86.73729201346104
3012529,104.58555180231667
3012530,0.6468495468434892
3012531,1.6440767661597682
3012532,60.21589334713338
3012533,16.34124583818239
3012534,583.748254842499
3012535,0.0
3012536,0.22203145181244813
3012537,3.86957219635394
3012538,0.1810020266132197
3012539,1.3054613643770505
3012540,2783.1759012877123
3012541,0.10035875686764982
3012542,473.64956395493164
3012543,7.412586830227891
3012544,864.2946775100058
3012545,632.6573613870431
3012546,239.5584079250326
3012547,114.83131082289601
3012548,54.75956864412775
3012549,3459.682751460162
3012550,5.998948054548924
3012551,0.7687477240443943
3012552,14.544553698856188
3012553,17.083840827005627
3012554,0.15740308180504664
3012555,233.12639767112864
3012556,1.2589544012970344
3012557,11.539259913985376
3012558,2.5726096938214065
3012559,64.24847380950072
3012560,1.429347928608216
3012561,174.4799681448343
3012562,263.6555536480812
3012563,2.626195284324123
3012564,4.434065204449786
3012565,152.57491924648934
3012566,41.99489508204216
3012567,2302.3258698565414
3012568,0.6813755250683493
3012569,0.8181186380218064
3012570,3.732407032126007
3012571,0.18063088612476494
3012572,5.554579410967893
3012573,2526.305079170201
3012574,0.2695658360818777
3012575,601.5496348360056
3012576,13.436350065921307
3012577,824.8694438850373
3012578,842.8088070409603
3012579,194.22572654543322
3012580,145.29696747225546
3012581,122.02289782878074
3012582,3330.2373298030398
3012583,36.8511810313713
3012584,2.2839707123927897
3012585,21.884869512675706
3012586,24.154026682190278
3012587,0.6717765237524476
3012588,248.14607621493738
3012589,11.25944227524161
3012590,18.4302230944526
3012591,4.466988704788306
3012592,88.06536009213929
3012593,6.365215445633381
3012594,215.47858867224878
3012595,282.08504209614983
3012596,10.472275253374862
3012597,12.100705802601032
3012598,258.7326683222927
3012599,119.38160310765998
3012600,2713.69935434506
3012601,0.7017049907069919
3012602,16.638246348039537
3012603,5.164439046033471
3012604,0.2883762399409224
3012605,5.530379682974453
3012606,2160.759962028702
3012607,0.33906856886424813
3012608,480.3795937950767
3012609,11.172630128388331
3012610,785.6119407715659
3012611,648.543576635785
3012612,200.87231307072668
3012613,167.10990814409
3012614,116.62240377036271
3012615,3526.2211276747425
3012616,15.294761890010228
3012617,1.6258779349447035
3012618,22.26491253811406
3012619,20.176129140883283
3012620,0.4864891594454461
3012621,193.15792572486558
3012622,6.393573447144986
3012623,8.589115486376276
3012624,6.6581889537341175
3012625,55.323395953226026
3012626,5.006064607764117
3012627,237.39787979425915
3012628,281.19905890329136
3012629,5.0608734530931265
3012630,7.65740910691048
3012631,206.0482843465693
3012632,72.88524104770408
3012633,1754.8156879194785
3012634,0.9479836481775978
3012635,7.4003492979796075
3012636,6.665213495634966
3012637,0.45448116040101133
3012638,2.6516059136364687
3012639,3319.2209663056738
3012640,0.2719560894130749
3012641,590.0004517721935
3012642,10.324047151638982
3012643,1264.557201520367
3012644,739.7833758812072
3012645,243.60063877206238
3012646,197.19614486353663
3012647,80.46485654388955
3012648,4895.893582626279
3012649,19.260022935161377
3012650,1.6801760242231314
3012651,19.426242804125497
3012652,19.01013768552762
3012653,0.5139768958954016
3012654,274.83823439773226
3012655,6.688114140940705
3012656,13.945597813362294
3012657,4.703223420246512
3012658,45.86217019368273
3012659,3.611068063837136
3012660,209.76238254664108
3012661,317.5513592549496
3012662,5.33931364106442
3012663,8.407698014983382
3012664,205.6845842577291
3012665,68.59103358954046
3012666,2801.202518409401
3012667,11.579619746349533
3012668,8.86042323476459
3012669,3.8559463392006412
3012670,0.29771108573534666
3012671,3.9646407660044716
3012672,1997.6086880717562
3012673,0.43207789498200233
3012674,390.01908089052205
3012675,11.23482582686602
3012676,711.8392738668855
3012677,673.2674475471346
3012678,200.7822433236918
3012679,135.59917696451924
3012680,96.35433767083005
3012681,3061.734146720818
3012682,16.13978517982077
3012683,1.143560348220929
3012684,14.504560606842025
3012685,12.318296936060374
3012686,0.41241448190657154
3012687,205.21051246772404
3012688,12.33154920773994
3012689,9.061526433442001
3012690,3.6503222846900947
3012691,49.435435650182676
3012692,4.336053469547269
3012693,345.7345768312037
3012694,228.4910470337193
3012695,4.356992456598381
3012696,6.626203583469343
3012697,366.55451285813734
3012698,80.80980033354506
3012699,1532.4146821924849
3012700,0.44000259326670205
3012701,18.082236029164147
3012702,3.784643471600539
3012703,0.08881297499569991
3012704,1.3539397785482152
3012705,3596.3555093802847
3012706,0.0
3012707,455.50181366710797
3012708,7.554429494438917
3012709,1423.7629596178303
3012710,668.8932282130788
3012711,291.5451107901921
3012712,149.16851854234415
3012713,62.40154810783153
3012714,4078.7813279928646
3012715,10.642803411749302
3012716,0.9723221682916507
3012717,23.7103420796346
3012718,13.91865499576701
3012719,0.1810271599935402
3012720,293.6378912559283
3012721,1.8560113080330876
3012722,0.9152326377504167
3012723,4.230806759101436
3012724,26.93466700552499
3012725,2.629991089477446
3012726,126.05721637713987
3012727,295.54262981354
3012728,4.3409942021854535
3012729,6.672541637147898
3012730,159.19221746556371
3012731,77.59853375795822
3012732,2012.0122093413593
3012733,0.0
3012734,3.506918053560386
3012735,4.449727319616855
3012736,0.16595644252066055
3012737,7.633889765339569
3012738,2003.5028951639088
3012739,0.285849301158464
3012740,445.41320349118695
3012741,10.798633463246802
3012742,852.4750373540161
3012743,641.0069937777947
3012744,212.63658824358853
3012745,153.89764122883096
3012746,103.77207687146851
3012747,3315.7391594951905
3012748,13.829315460976309
3012749,1.47360792928162
3012750,17.63456513877121
3012751,14.98409736658424
3012752,0.3870347348109019
3012753,217.11611090469128
3012754,6.0541077076683925
3012755,8.665877114314155
3012756,7.466459359767162
3012757,53.51346957255174
3012758,4.556997219969012
3012759,215.3601554372111
3012760,256.31213304136963
3012761,4.894788151283982
3012762,12.318251404622524
3012763,209.26372217076857
3012764,66.43698484739292
3012765,1692.4386088319693
3012766,0.669498432043456
3012767,5.725666925331583
3012768,3.2270509557807694
3012769,0.1311817270337683
3012770,5.452373882968787
3012771,2301.8782744996406
3012772,0.34485468006821285
3012773,466.2379024026219
3012774,11.38457557565584
3012775,759.3394391644953
3012776,743.7050146886814
3012777,175.97897755189535
3012778,141.92471212576262
3012779,111.03280403554467
3012780,2875.6781685639326
3012781,19.944725399521467
3012782,1.6959825731927376
3012783,18.10289340276124
3012784,18.883134650388964
3012785,0.551115028572158
3012786,221.80181239328581
3012787,13.673273003545589
3012788,24.83101694453729
3012789,4.089742720672026
3012790,70.0854527270613
3012791,6.834551401172766
3012792,209.8166827881705
3012793,254.08085443331754
3012794,7.437352154816816
3012795,9.129869950713438
3012796,235.98573395567897
3012797,79.36248580927291
3012798,2041.7157312714323
3012799,1.0287425549162759
3012800,14.47173808891501
3012801,4.484830713999459
3012802,0.0
3012803,1.2363154916563688
3012804,4041.102783671108
3012805,0.0
3012806,570.0630755145141
3012807,7.54124389380369
3012808,1083.4515529862774
3012809,828.6115147717662
3012810,263.02768575072224
3012811,121.41284542109048
3012812,62.22777763247954
3012813,3510.939175343235
3012814,6.412368389893788
3012815,0.6432625935906602
3012816,17.524161867594962
3012817,10.680526952486005
3012818,0.24182837422531336
3012819,196.46535229400484
3012820,1.4223613847814218
3012821,7.721209930462869
3012822,2.04268298875691
3012823,32.72255901810325
3012824,2.2616762918853857
3012825,164.0086134743497
3012826,257.48316575591025
3012827,3.7035849826996987
3012828,5.418597363810066
3012829,152.96187806326142
3012830,58.8814684607356
3012831,2173.0412878181887
3012832,0.742146607018729
3012833,1.3196377953248528
3012834,12.803441891710632
3012835,0.16973513109627397
3012836,12.83109837202555
3012837,8037.111981209032
3012838,0.4468030096261535
3012839,1352.8370274697145
3012840,24.663594326181865
3012841,2045.9859858579691
3012842,2134.9088911901395
3012843,609.4317797070813
3012844,440.8646949196909
3012845,368.1229749086577
3012846,8951.703972257043
3012847,68.58861961213069
3012848,2.911591939245489
3012849,68.17218943402523
3012850,78.1843050734638
3012851,1.2040806840915352
3012852,619.3340970358745
3012853,29.29994727797624
3012854,18.129576336487606
3012855,35.0460498047289
3012856,174.0909535328121
3012857,12.198631282323479
3012858,920.0755684424657
3012859,561.0722366949159
3012860,25.286741017978397
3012861,33.229925465252435
3012862,1052.1309104188797
3012863,424.8806227644903
3012864,6853.326507499055
3012865,365.29688330221484
3012866,81.13986246184254
3012867,11.582174492989969
3012868,0.15122563834967293
3012869,13.42896263015515
3012870,6200.918323067477
3012871,0.34663499702092937
3012872,1190.8535678581718
3012873,21.3542521892512
3012874,1939.8964264185265
3012875,2074.173832195378
3012876,580.7409443890512
3012877,386.09234837739905
3012878,322.3527613394723
3012879,8307.920485322116
3012880,62.11139550454108
3012881,1.5935147587228147
3012882,42.52700953534457
3012883,58.628976375477315
3012884,0.8551805673622377
3012885,563.4116295617373
3012886,20.382718110130604
3012887,16.54851688507462
3012888,15.933255067963717
3012889,114.22584871225119
3012890,10.11908478203591
3012891,939.8482214643265
3012892,595.112892609642
3012893,22.98838615579119
3012894,29.496679749301254
3012895,1043.5284211144883
3012896,360.01442451023433
3012897,5509.740370096477
3012898,350.24416854954916
3012899,68.26594782644374
3012900,9.963484353838542
3012901,0.0
3012902,13.730372595399862
3012903,4638.222708635994
3012904,0.04356797393396478
3012905,871.4649605189634
3012906,16.241832248278165
3012907,1732.7609268762822
3012908,1433.6159565877808
3012909,543.6652789616486
3012910,194.8868223118246
3012911,200.70329749588845
3012912,7250.8687872419205
3012913,45.14605421312598
3012914,0.8378979975027356
3012915,32.08676659298879
3012916,44.15061717514792
3012917,0.45226489041454637
3012918,517.0273769814542
3012919,19.723283646309746
3012920,10.678640472701924
3012921,8.039019312613142
3012922,107.05495575073421
3012923,7.087170552692678
3012924,790.1986099117757
3012925,607.7087634033899
3012926,17.7804960818689
3012927,38.31410009298777
3012928,793.6825510192213
3012929,197.32288541771263
3012930,2474.4889433886756
3012931,260.40905267345244
3012932,40.721696143564714
3012933,10.781962820286992
3012934,0.05212804744123206
3012935,16.086471603867516
3012936,5471.054117745082
3012937,0.19894583834663562
3012938,1010.2952958352097
3012939,19.438590918911387
3012940,1853.0612376791591
3012941,1649.9098780475629
3012942,612.7953784660162
3012943,238.44029111876122
3012944,239.9553448298963
3012945,8057.824250445354
3012946,53.352237411191275
3012947,1.504492315646449
3012948,43.86461196015285
3012949,54.41770504365938
3012950,0.7482593326460576
3012951,584.5326189791078
3012952,29.549130209287636
3012953,14.932472025649158
3012954,11.218663320944922
3012955,130.3925368450007
3012956,8.824703464837688
3012957,893.1813685119764
3012958,637.6175232833891
3012959,21.077537160610333
3012960,26.889498541747706
3012961,908.6552511633708
3012962,249.88508339356974
3012963,3851.932232896512
3012964,141.8814785915724
3012965,55.600988246683386
3012966,8.688800264755036
3012967,0.0
3012968,12.42038702380628
3012969,4143.399192826334
3012970,0.0
3012971,775.1316602724252
3012972,15.512970188938027
3012973,1356.3033149755947
3012974,1181.4359106188747
3012975,398.0691773326157
3012976,131.47723924497666
3012977,164.55824774111588
3012978,6215.987424525906
3012979,36.2371543948764
3012980,0.6052906395344422
3012981,27.64075534794351
3012982,36.86091979997433
3012983,0.25711780599271317
3012984,428.2409082351404
3012985,13.500723667920527
3012986,7.973074336321767
3012987,6.883072609475806
3012988,66.01808462370605
3012989,4.841501389565596
3012990,849.8019313721477
3012991,581.9327024366651
3012992,15.249538240794688
3012993,23.407545621960026
3012994,676.3740567075175
3012995,131.56490320910987
3012996,1621.3727698877651
3012997,234.92227314043419
3012998,25.510673652577275
3012999,8.982756536596508
3013000,0.0
3013001,12.01074456569607
3013002,5681.047330855472
3013003,0.3034424830885826
3013004,1129.4853657812137
3013005,20.722902941351897
3013006,1688.8057871072544
3013007,1753.6611606371803
3013008,432.1300125762635
3013009,343.2534308325424
3013010,277.3582908308959
3013011,7219.28095665008
3013012,54.152474004392204
3013013,1.2176560329398622
3013014,47.6708720558032
3013015,52.747384481787535
3013016,0.6504179956529113
3013017,506.84941421603514
3013018,16.62877440115514
3013019,17.82565297342789
3013020,11.571092251106938
3013021,117.61800806170916
3013022,9.350839369979866
3013023,928.7138292613563
3013024,519.0099693117168
3013025,20.135918443671855
3013026,29.690514486797216
3013027,834.1139258016093
3013028,294.1809961001323
3013029,4876.808303207728
3013030,303.8480532696107
3013031,60.00132468698305
3013032,4.97185012257791
3013033,0.4586999978987622
3013034,5.501488549239501
3013035,1908.7093489259978
3013036,0.5335098610607152
3013037,377.864827423305
3013038,16.797067833423174
3013039,780.3027321492148
3013040,537.1987032789722
3013041,185.54619647720878
3013042,145.19061103752594
3013043,105.50172679476111
3013044,2646.8957847398274
3013045,15.62178297630539
3013046,1.5508252274207455
3013047,19.342437597862375
3013048,18.33095043004434
3013049,0.6944741875448994
3013050,153.653746069442
3013051,8.227571349088251
3013052,5.150741965837104
3013053,8.78563140130388
3013054,33.17486636269026
3013055,5.412060833916889
3013056,290.8841372290411
3013057,232.21045960583584
3013058,3.6847071848397963
3013059,6.308911165666124
3013060,224.32323088545454
3013061,74.59513523052158
3013062,1358.7217554303113
3013063,0.29335554539780434
3013064,9.075642020188855
3013065,8.660713087477966
3013066,0.04094159356327047
3013067,11.463559796432856
3013068,3546.7208079694055
3013069,0.18320486718384948
3013070,689.0367717124192
3013071,17.362784903069375
3013072,1264.8130492335135
3013073,925.7642783193942
3013074,416.21233304029124
3013075,120.84598660004868
3013076,150.11185377804975
3013077,5313.777838149057
3013078,43.27271792817019
3013079,1.0563712317908056
3013080,39.926130326471394
3013081,44.05660930148961
3013082,0.5069332821766153
3013083,412.3180312432107
3013084,15.982957416424313
3013085,5.775894100703624
3013086,3.2545568765394792
3013087,73.17319281086026
3013088,7.047524126723022
3013089,663.7922340042954
3013090,466.0041564176027
3013091,12.857452051435649
3013092,19.78253209290605
3013093,406.789837722029
3013094,108.26518870709893
3013095,1783.8867116756794
3013096,238.98767016460647
3013097,22.155228157314482
3013098,4.305824837010167
3013099,0.0671782489625123
3013100,2.5147941096978754
3013101,3398.105708537762
3013102,0.0
3013103,766.6452227015202
3013104,8.846749726731932
3013105,1211.6901133633944
3013106,1176.9678320840392
3013107,268.2834572970809
3013108,219.36155968270617
3013109,147.37396196647137
3013110,3956.428406668911
3013111,20.039562070209225
3013112,1.1361981305617377
3013113,25.75113198555347
3013114,26.905614034404564
3013115,0.7304675723527938
3013116,255.65909167049114
3013117,3.594695851505729
3013118,10.35475702771815
3013119,4.6118322481166985
3013120,88.40265915728106
3013121,6.739180844418716
3013122,327.34313777730637
3013123,341.59274755010995
3013124,9.179780894790945
3013125,12.200631538421929
3013126,669.9735289450468
3013127,139.02426634892822
3013128,2548.3075034504614
3013129,1.4030982170855277
3013130,34.35289246411982
3013131,7.9059935997104525
3013132,0.5527235992283959
3013133,10.439131597060287
3013134,4352.294013029885
3013135,0.25069183532057765
3013136,879.0227187119697
3013137,11.915850018347498
3013138,1221.535151527187
3013139,1078.2634259781428
3013140,373.08765880197865
3013141,174.8958822304219
3013142,147.29665517597132
3013143,5707.399480220901
3013144,26.185486276343294
3013145,3.0323040453820314
3013146,26.3673087176904
3013147,42.10280259526067
3013148,0.7587090209968332
3013149,385.66603475937666
3013150,7.909030774357122
3013151,17.525033033372157
3013152,6.525469747711086
3013153,92.84862477518722
3013154,7.488862978141389
3013155,259.754448404235
3013156,433.56800547193234
3013157,11.969453286290921
3013158,15.63317078680203
3013159,197.95231095862
3013160,143.64250598003179
3013161,2977.1784610088525
3013162,2.8723221297977872
3013163,10.272536079699446
3013164,5.672997370196351
3013165,0.43445937410960606
3013166,2.908536833876719
3013167,2081.9714202075966
3013168,0.32527808238594963
3013169,448.617634287416
3013170,8.570426832917876
3013171,813.7787637502671
3013172,617.3922305043853
3013173,221.72668486793737
3013174,98.41079317200449
3013175,73.02305819062218
3013176,3020.508404739723
3013177,11.579470683485162
3013178,1.5294623770532283
3013179,19.319432461045505
3013180,20.652727740715452
3013181,0.6475987292616523
3013182,186.09554658303267
3013183,4.262961459198257
3013184,5.649242295999845
3013185,3.924135993559706
3013186,53.42594813462951
3013187,3.86545092198888
3013188,153.16992544092906
3013189,240.23346067292297
3013190,4.495992811600656
3013191,6.816789895361738
3013192,157.6930333459483
3013193,63.374600784647484
3013194,1541.0744723615903
3013195,0.6577799038659595
3013196,3.792932777431168
3013197,4.072555346432028
3013198,0.0
3013199,1.5868968709440878
3013200,1906.2799727975732
3013201,0.0
3013202,198.62995524822605
3013203,3.684434504613515
3013204,883.6223464022737
3013205,261.8516633006723
3013206,164.35479782284074
3013207,69.2217697036786
3013208,24.155747704396557
3013209,2508.481638407103
3013210,4.719253670075427
3013211,0.6133507778711911
3013212,8.12347897094708
3013213,6.361836594745003
3013214,0.1024200014249703
3013215,145.22523790336092
3013216,0.2486030342957314
3013217,0.07815200413531878
3013218,1.7181525719652986
3013219,14.676093638581591
3013220,0.9697173468664166
3013221,47.37052557702226
3013222,166.07897219660745
3013223,0.747355062357433
3013224,2.2925969888229085
3013225,52.38218772438457
3013226,40.98005144385065
3013227,856.026068481815
3013228,0.0
3013229,0.8786130958352623
3013230,4.909617724610301
3013231,0.1929119852356611
3013232,5.380856083743601
3013233,3136.8331596601565
3013234,0.13519349216407886
3013235,588.7038332749822
3013236,11.358211804615394
3013237,943.9855755089809
3013238,919.7227159943986
3013239,315.8502583922674
3013240,195.5833703763923
3013241,137.52904312798606
3013242,4037.1359515141057
3013243,24.98032775398793
3013244,1.6525247093400415
3013245,25.579806510257196
3013246,27.521674988272995
3013247,0.5445721667503207
3013248,267.5152862424256
3013249,11.785072147698111
3013250,10.06032955363509
3013251,12.688964237003518
3013252,44.721111235288696
3013253,5.098653071692356
3013254,406.733969129643
3013255,314.34131985715123
3013256,7.173050760658148
3013257,9.719167267479955
3013258,499.985933652071
3013259,140.473508977062
3013260,2859.806438253168
3013261,0.2353980578883822
3013262,32.295096957288195
3013263,4.732463658667048
3013264,0.08407022444649524
3013265,6.042079184969608
3013266,3561.2033029389063
3013267,0.30801783424957674
3013268,690.967338461637
3013269,14.706973961359505
3013270,1033.1619275483188
3013271,1085.0293268590176
3013272,292.01428346074476
3013273,240.85319748210495
3013274,173.19748048433073
3013275,4016.2991192556465
3013276,29.64553372669746
3013277,1.6845974972810551
3013278,27.602262383237374
3013279,30.908555119855304
3013280,0.4456979596324003
3013281,236.84582631614072
3013282,13.45393438867297
3013283,15.535833164530153
3013284,10.08155385880837
3013285,69.80639298515042
3013286,7.443774908983297
3013287,420.3823202664686
3013288,360.8284017373529
3013289,8.1107923253263
3013290,11.41100145438624
3013291,554.8229162663447
3013292,170.77845442796516
3013293,3751.8945720997644
3013294,0.3396678827303431
3013295,41.17104337007671
3013296,5.666468818690145
3013297,0.21764155778491065
3013298,7.867309864175812
3013299,4100.19283123298
3013300,0.33883989883205257
3013301,783.4922037693741
3013302,14.86228952565623
3013303,1133.3894547170141
3013304,1324.750725489742
3013305,309.97975878385705
3013306,267.46828718666086
3013307,188.61591262052175
3013308,4716.733502942792
3013309,32.828369189784425
3013310,1.894505229267856
3013311,40.42008154900935
3013312,41.32937698835984
3013313,0.7179166325868174
3013314,336.4843916207247
3013315,19.766981612347536
3013316,21.74072520539773
3013317,23.116097269313865
3013318,110.45534970516705
3013319,7.841226172378137
3013320,502.77839982017906
3013321,378.5552838389117
3013322,11.316596592603215
3013323,20.821912930260236
3013324,622.5368156261341
3013325,188.9357586296443
3013326,3564.3646059797616
3013327,0.4267744135176972
3013328,44.421130096999256
3013329,9.194722265515837
3013330,0.2714700100479499
3013331,5.6030097878765535
3013332,3713.267291499903
3013333,0.1170123109659991
3013334,573.4195013494672
3013335,11.030531619833928
3013336,1382.6942381424
3013337,918.438314084393
3013338,434.29679612257615
3013339,141.8059236822667
3013340,88.64547304383807
3013341,5546.157923568979
3013342,11.3801832164938
3013343,0.9810222320702924
3013344,30.731857234830333
3013345,25.240040337713022
3013346,0.28415183416414375
3013347,375.63225444666426
3013348,9.351011847378999
3013349,8.70682514753573
3013350,8.888915711480237
3013351,41.93697087332474
3013352,3.5157826331714332
3013353,340.03879763672296
3013354,365.4749135662462
3013355,6.533870064010213
3013356,10.227581622814112
3013357,313.7680924232304
3013358,82.88296346373909
3013359,2421.973202328545
3013360,72.68681544658332
3013361,12.372554519530068
3013362,4.381177836678219
3013363,0.04254806766282813
3013364,4.509318893939673
3013365,2536.9318541898533
3013366,0.03933530387971857
3013367,483.82406510928354
3013368,12.240530945476584
3013369,672.6300707379278
3013370,767.4181008679898
3013371,153.2930115990137
3013372,183.40094919903356
3013373,131.25136392022753
3013374,3008.9144298291885
3013375,25.83403198103189
3013376,1.2488305176363017
3013377,18.888136316401077
3013378,22.737533726747685
3013379,0.19239028322280566
3013380,186.0650208759525
3013381,14.544052690251249
3013382,15.620148746731669
3013383,5.950984404189422
3013384,82.04250053811116
3013385,5.503617634249775
3013386,378.77553599128316
3013387,165.1440936889283
3013388,6.392497937722866
3013389,8.384068493811375
3013390,403.4735727903846
3013391,108.9799928030987
3013392,3603.4135399682577
3013393,0.09677014154466464
3013394,26.137042558737168
3013395,2.3916296766363665
3013396,0.0
3013397,0.8021734308361363
3013398,982.7510841487214
3013399,0.0
3013400,104.2422966800152
3013401,3.5680000115766797
3013402,495.93033074669563
3013403,278.0206012213239
3013404,167.86038805223015
3013405,34.877464562550756
3013406,24.725256462485564
3013407,2017.3454214467001
3013408,3.1590080725254728
3013409,0.1515457261894136
3013410,7.411891079972202
3013411,9.029648798325793
3013412,0.0
3013413,140.92710966875617
3013414,2.1651436796667736
3013415,0.0
3013416,1.0698133781979022
3013417,9.528921292949894
3013418,0.4584012038338795
3013419,122.0540098477737
3013420,138.20270187168038
3013421,0.9165459499984092
3013422,2.7332661454265375
3013423,130.3867818109886
3013424,18.417769647913158
3013425,211.8612620812168
3013426,1.177944902999183
3013427,1.6954687826944141
3013428,5.823832807510602
3013429,0.1673832806049591
3013430,4.725826435400342
3013431,3565.6855760602257
3013432,0.05365692001971442
3013433,612.0950878077665
3013434,11.047165266303248
3013435,1498.746926501061
3013436,794.352812325015
3013437,410.0103726896655
3013438,118.5363208791288
3013439,72.96310972265287
3013440,5546.145089653449
3013441,11.790949890490321
3013442,0.672204227579672
3013443,25.08140037485742
3013444,24.421859721097352
3013445,0.059398446512041375
3013446,355.3997493017864
3013447,7.465257094985395
3013448,2.6474258505268295
3013449,5.171764317760262
3013450,27.98676305722146
3013451,2.526490793000584
3013452,416.74912228254
3013453,405.98939443396245
3013454,3.6641711841654914
3013455,8.733547723621284
3013456,293.5775555580851
3013457,60.12961581099739
3013458,648.7649397306226
3013459,26.66670298502838
3013460,6.3160093860785205
3013461,3.857208514735742
3013462,0.11839832604715458
3013463,0.8395920152566219
3013464,1459.014689579465
3013465,0.0
3013466,147.85387017129798
3013467,6.118393449310836
3013468,691.2431941201526
3013469,377.9890224364514
3013470,185.14394773203114
3013471,47.63532842605417
3013472,33.972710287899964
3013473,2432.4914261407043
3013474,4.449991258628474
3013475,0.5587909642049542
3013476,11.668107422292692
3013477,10.111669618315876
3013478,0.01613465981890658
3013479,180.2768091809268
3013480,2.010751983437376
3013481,0.0
3013482,5.99375955109878
3013483,21.563345366499924
3013484,1.2822890307881756
3013485,132.6291599717034
3013486,160.58119710727217
3013487,1.5534267659249426
3013488,3.728498732255363
3013489,142.23692710186086
3013490,27.214993138528083
3013491,295.3130865193327
3013492,10.140272203648598
3013493,1.951097844004642
3013494,3.599156357075013
3013495,0.0661136002859101
3013496,1.4516869632703902
3013497,1243.3004100728751
3013498,0.0
3013499,114.30767767881777
3013500,4.5378718049446265
3013501,555.5013869473786
3013502,283.1858565647494
3013503,125.42124808016464
3013504,37.22462622337239
3013505,24.305041682026957
3013506,2139.1458103207783
3013507,3.417563223684665
3013508,0.40641216986923573
3013509,8.577491457001047
3013510,7.400775056198414
3013511,0.048972760929772784
3013512,163.84750682106375
3013513,1.7725513207514347
3013514,0.0
3013515,1.7436508089113758
3013516,20.720847076716478
3013517,0.9976082841770508
3013518,101.03803566438668
3013519,133.55491760034525
3013520,0.9778573374625659
3013521,2.6938045303204707
3013522,101.8679479180507
3013523,21.741232139150686
3013524,185.78643102845615
3013525,20.882578585382106
3013526,1.3637293157189845
3013527,2.5540830515232993
3013528,0.0
3013529,0.4572417886137513
3013530,1246.9300939970385
3013531,0.0
3013532,157.70144487118154
3013533,4.828670634930426
3013534,697.4637399239937
3013535,347.3138249818485
3013536,136.503179010015
3013537,46.11615397482525
3013538,33.414067678775154
3013539,2112.659035789156
3013540,3.256492769015944
3013541,0.29881136361615135
3013542,10.215946743199401
3013543,10.15090478292817
3013544,0.0
3013545,159.98757050309104
3013546,0.8084206155633831
3013547,0.0
3013548,1.933121803087785
3013549,14.939699631442046
3013550,1.052469302821017
3013551,148.38120466688724
3013552,195.99391033395557
3013553,1.2009874818061599
3013554,2.9099803804757016
3013555,86.52340789713618
3013556,25.803198064920483
3013557,318.46375559726425
3013558,6.507711884086538
3013559,1.7907845231322423
3013560,3.114075621883779
3013561,0.170654468777501
3013562,1.5152009946725795
3013563,1645.5498873684842
3013564,0.0
3013565,168.75432431792342
3013566,5.9295575253864525
3013567,737.9360816075764
3013568,464.93760648057025
3013569,209.12326244586194
3013570,75.0093640645594
3013571,44.092796691005
3013572,2600.291931362514
3013573,7.507853197850867
3013574,0.9015767059035955
3013575,15.314503148072323
3013576,14.792878952423752
3013577,0.19486436053156905
3013578,218.90263532070637
3013579,4.0155946488949565
3013580,0.25064566517970416
3013581,3.5029307951741107
3013582,24.25720779448492
3013583,1.5856160643345092
3013584,114.23186525133272
3013585,173.671517269012
3013586,2.137068042628285
3013587,4.564386290935421
3013588,96.50160509419894
3013589,31.845331392440045
3013590,408.9614210150179
3013591,24.735209731896273
3013592,4.527821701361634
3013593,3.1791217031830543
3013594,0.0
3013595,0.47765879041847586
3013596,1161.8985423292816
3013597,0.0
3013598,125.08030503339172
3013599,3.9904936920671155
3013600,575.9281826865238
3013601,258.9209533532887
3013602,134.1808680156214
3013603,80.18838862288997
3013604,26.091920765265563
3013605,1799.7864446055228
3013606,3.08124118096507
3013607,0.1444566464562297
3013608,9.57433396037112
3013609,12.456865271862593
3013610,0.0
3013611,134.33416853169905
3013612,0.008660425029798602
3013613,0.0
3013614,1.3184740582548096
3013615,19.167782247912232
3013616,0.7949654993572306
3013617,59.01317430732327
3013618,104.34339873886857
3013619,0.5787648469766953
3013620,2.1154633702187873
3013621,69.886224968637
3013622,23.336094377461198
3013623,106.15385239888231
3013624,0.0
3013625,0.9298807024429461
3013626,4.187112085709503
3013627,0.18591796819607737
3013628,3.326781643896072
3013629,2417.537936414509
3013630,0.031215636689690664
3013631,319.2774525818268
3013632,7.39020202602345
3013633,951.6337445436087
3013634,667.9287582957824
3013635,330.32958302253184
3013636,123.60653329210274
3013637,54.3802829584229
3013638,3647.4789637573776
3013639,9.895533694400745
3013640,0.6459745419197316
3013641,17.290935062950254
3013642,20.48958367273879
3013643,0.17277778551030282
3013644,247.46406788654633
3013645,3.238045471789219
3013646,0.7293277336489685
3013647,7.107391686933235
3013648,25.653337919769136
3013649,1.9973087852276636
3013650,147.8051551668109
3013651,216.67582575584666
3013652,3.0992190065593395
3013653,6.215146142710707
3013654,203.4790617635164
3013655,53.683562642558904
3013656,697.0746631540409
3013657,15.845828223256873
3013658,7.529177023083376
3013659,0.2867453691993681
3013660,0.0
3013661,0.1927760430256737
3013662,765.6803200101289
3013663,0.0
3013664,140.35910100814527
3013665,1.007570109212708
3013666,175.65711797280022
3013667,183.1832656104505
3013668,72.0981681983974
3013669,31.877788564074912
3013670,13.455929921237683
3013671,1063.4564202754693
3013672,1.5209883559760096
3013673,0.0
3013674,3.8471396134054654
3013675,3.251606982999932
3013676,0.0
3013677,73.0467210082167
3013678,0.5951765305980734
3013679,0.0
3013680,2.454251248846725
3013681,12.164508849389959
3013682,0.0
3013683,44.88393486224108
3013684,52.919626016117455
3013685,0.05932442372087207
3013686,0.9000746818599938
3013687,59.03799934810639
3013688,9.324726092761178
3013689,221.56024108984874
3013690,8.461056974417422
3013691,1.0645142036736654
3013692,4.747265044111328
3013693,0.2510374996976318
3013694,2.059925009559641
3013695,1762.0389089088892
3013696,0.050988459786876904
3013697,162.4833539218639
3013698,6.524992792682939
3013699,706.5366715516207
3013700,407.38628589986934
3013701,214.0182853460218
3013702,59.11170506680216
3013703,39.27457237995485
3013704,2753.7598190911667
3013705,6.2048943837646755
3013706,0.7820141816722053
3013707,12.93959836922845
3013708,11.095944385069537
3013709,0.09951036537795503
3013710,218.96763547156758
3013711,2.919055508958068
3013712,0.24862329047892692
3013713,2.531372731494102
3013714,18.66568727977096
3013715,1.3830747757520245
3013716,121.47650622935375
3013717,146.6506543620629
3013718,1.645300513298647
3013719,3.881229153185296
3013720,128.01124031675974
3013721,31.561417435387888
3013722,349.1883118842718
3013723,2.336812004597151
3013724,2.8987715408337222
3013725,4.895040005850787
3013726,0.09667548378844056
3013727,6.672838682383969
3013728,2641.725203301401
3013729,0.11453275707890703
3013730,503.8428601091575
3013731,12.070255632069346
3013732,731.1289776387094
3013733,796.9450775549503
3013734,212.61264908596664
3013735,196.89443378632026
3013736,136.54504451904793
3013737,3320.908156805114
3013738,26.089618600479486
3013739,1.0479116813860925
3013740,18.42646799040437
3013741,22.023678856792806
3013742,0.18732018826791014
3013743,194.72134596020487
3013744,15.401199512549951
3013745,14.82709815877951
3013746,5.491197555947494
3013747,56.639436595445765
3013748,5.23018043643376
3013749,401.6157622345438
3013750,229.54638761295436
3013751,6.950586329087329
3013752,9.092508284296937
3013753,439.42480085573374
3013754,118.75545421733241
3013755,3587.762639727756
3013756,0.19425545615228249
3013757,28.549091383874746
3013758,4.35197138392328
3013759,0.27280399176854103
3013760,2.1887981536625336
3013761,2697.9460430910663
3013762,0.0
3013763,456.05741744101476
3013764,6.563605341894011
3013765,873.658142339483
3013766,757.9681297189737
3013767,338.8851736356449
3013768,109.08537828220477
3013769,57.327929395258565
3013770,3749.994943312277
3013771,8.964485442955894
3013772,0.4762491440245503
3013773,21.072888628649473
3013774,20.514714328677965
3013775,0.02942735173465956
3013776,251.18517902932226
3013777,3.5306274157886683
3013778,2.48546720790473
3013779,3.3187910145863686
3013780,25.446755277670352
3013781,1.9703407698136939
3013782,122.18614925472909
3013783,227.06004832400689
3013784,3.328001120936573
3013785,5.624367246116005
3013786,153.80662317845585
3013787,65.08486213026178
3013788,658.3023599398799
3013789,55.39140102424926
3013790,5.612912703324997
3013791,5.823876959717794
3013792,0.6257398000955705
3013793,2.465429423349414
3013794,2283.9604432158458
3013795,0.2267937727631429
3013796,371.4209256131906
3013797,7.696429121376923
3013798,927.8376842577363
3013799,555.0933410517247
3013800,269.94571822907176
3013801,117.07117625925076
3013802,59.77848239082738
3013803,3275.5846295796573
3013804,6.885800800917704
3013805,0.7374338686912298
3013806,18.351004331792026
3013807,25.891508970602708
3013808,0.3130325546579525
3013809,257.00732753269835
3013810,3.084038947213613
3013811,1.911644889178561
3013812,4.1474083508862405
3013813,41.78261112234639
3013814,1.9670696707412199
3013815,111.28144231097923
3013816,194.09853030643671
3013817,2.6404468800550944
3013818,5.148654769305723
3013819,137.60408341479047
3013820,45.77072134187677
3013821,733.0841772643034
3013822,0.7744245160263505
3013823,3.6794848888476475
3013824,3.426969414003014
3013825,0.18730884036080478
3013826,0.9845025481337122
3013827,1300.4451948206206
3013828,0.005122943914584894
3013829,105.53921178392164
3013830,4.4707416047216775
3013831,514.3082675588246
3013832,279.841800059639
3013833,126.69939039900358
3013834,73.72630838441202
3013835,32.459877126125754
3013836,1978.624453592888
3013837,3.416414487916054
3013838,0.6004546097475334
3013839,9.922561739503033
3013840,8.42162288135764
3013841,0.1809866638081973
3013842,154.98488811875092
3013843,0.7621102978298029
3013844,0.08817571574316435
3013845,2.360996961494693
3013846,23.032213064377743
3013847,1.3026156143940613
3013848,80.3839244023334
3013849,117.39744195686211
3013850,1.1591536743349664
3013851,3.1313190697648006
3013852,94.4515081174442
3013853,27.58624679096235
3013854,330.38957768305846
3013855,5.155733536138999
3013856,1.4295589262693795
3013857,2.342062677003676
3013858,0.0
3013859,3.2456329625190588
3013860,1183.7929714948627
3013861,0.0
3013862,242.77119882581323
3013863,8.37629518572866
3013864,415.0824205388973
3013865,416.3412626901755
3013866,106.57800797513923
3013867,68.97791583002034
3013868,59.71209188024861
3013869,1767.0425758697488
3013870,13.829740728259534
3013871,0.331608094683028
3013872,8.85561731009198
3013873,10.571363915989622
3013874,0.060097769799171856
3013875,130.07547398345866
3013876,4.11657580318308
3013877,1.4868262791483438
3013878,2.633619329757023
3013879,50.76144407048045
3013880,2.4635478091919
3013881,381.62093776960927
3013882,132.6588842078775
3013883,2.1525864643511863
3013884,3.9045098719112925
3013885,223.8855312594177
3013886,42.56944659279311
3013887,1518.4520126158413
3013888,0.26500748419450415
3013889,9.405864938253005
3013890,4.166964655984516
3013891,0.19609019263445718
3013892,4.5560419783999375
3013893,3608.6828803802896
3013894,0.2748028818718577
3013895,780.0547263552144
3013896,15.363530804652886
3013897,954.0157366080332
3013898,1147.8965605104268
3013899,280.8932249304278
3013900,216.6087122290762
3013901,146.17013421023884
3013902,4058.139701278434
3013903,19.951513813610212
3013904,1.636986786805517
3013905,22.241118235832122
3013906,30.116435186846
3013907,0.43080841591386665
3013908,230.330050389189
3013909,10.349473137802084
3013910,40.08813241568871
3013911,7.628840056558328
3013912,104.79770017095773
3013913,6.888233925713142
3013914,362.7243718166691
3013915,290.6435021245134
3013916,10.458724484298422
3013917,12.950447006458832
3013918,446.65943619299776
3013919,134.8745405510819
3013920,5724.102709965534
3013921,0.5401768063002981
3013922,27.645111930690526
3013923,0.3678539836821356
3013924,0.0
3013925,0.12488021371754887
3013926,825.2539420738697
3013927,0.0
3013928,147.3986610376197
3013929,2.0363915426363475
3013930,175.34257894542995
3013931,219.84563646050762
3013932,56.325656292052635
3013933,34.62884412070279
3013934,29.37113234158631
3013935,851.6545987069514
3013936,2.485216275531424
3013937,0.0
3013938,4.060163552119395
3013939,3.4224295128767643
3013940,0.0
3013941,53.96263755233609
3013942,0.0
3013943,10.899514635522104
3013944,1.2589493171162771
3013945,45.7437349380266
3013946,0.8998306757129562
3013947,65.21188107503305
3013948,47.06511276190563
3013949,0.5342561321243859
3013950,1.1153769872906958
3013951,57.34455456552671
3013952,16.1757742885946
3013953,1005.7678439067861
3013954,0.0
3013955,0.6331292412162794
3013956,2.917612146888131
3013957,0.0
3013958,0.6999078884580672
3013959,800.7703405370067
3013960,0.0
3013961,182.97247357523287
3013962,5.054010142871414
3013963,294.8125669363538
3013964,190.4856159101451
3013965,59.12153177902963
3013966,32.677454198307544
3013967,29.694641186457943
3013968,1115.7026326889047
3013969,2.6906966614441776
3013970,0.4092661388378564
3013971,5.9822332140206225
3013972,4.893210958222761
3013973,0.077876504530083
3013974,71.89260504670244
3013975,0.8164157069715794
3013976,3.456354955794853
3013977,1.1405955602255795
3013978,22.38609779764915
3013979,0.36660692527462296
3013980,173.262830400985
3013981,118.07941400608391
3013982,1.2663551792645373
3013983,1.7131037024882847
3013984,114.2944892111021
3013985,13.680908135088954
3013986,871.2997614476689
3013987,0.07354213691487566
3013988,2.0690445800182786
3013989,3.8257904393190865
3013990,0.3483934260023896
3013991,4.513433555570642
3013992,2743.5662690317904
3013993,0.3868251426939273
3013994,609.3037459306731
3013995,13.418046252626773
3013996,746.4009220492086
3013997,903.1498011021977
3013998,235.5074950626339
3013999,156.01819469842098
3014000,93.14724330185425
3014001,3097.8581579391307
3014002,17.720329769082063
3014003,1.9135406867249567
3014004,18.51567463750488
3014005,20.393424935652792
3014006,0.6969259924834006
3014007,166.04748466912926
3014008,4.50466564974071
3014009,25.068385018366495
3014010,5.942234687590767
3014011,89.47127034337582
3014012,4.7865877615542205
3014013,222.49701748510213
3014014,209.53288899605653
3014015,7.656450432132598
3014016,8.613493089495615
3014017,295.86625583563585
3014018,99.65747907032437
3014019,4194.396645267213
3014020,0.6078470195981511
3014021,18.277744505635667
3014022,5.718247995613326
3014023,0.23191723271682935
3014024,1.304051112231725
3014025,2495.131232703742
3014026,0.1225042833573815
3014027,522.4458795156631
3014028,9.433877188217904
3014029,932.6885467789176
3014030,763.58977932264
3014031,270.97113888717354
3014032,157.76472544059047
3014033,56.18378665895389
3014034,3283.130055020234
3014035,6.176756076037683
3014036,0.9833769915766553
3014037,17.36110711520626
3014038,12.461619224997527
3014039,0.3807499617566758
3014040,229.7092745488359
3014041,0.6746806753011807
3014042,2.1410374739423657
3014043,4.105557007298156
3014044,62.820919425236525
3014045,1.4211130808125612
3014046,182.91170891598844
3014047,239.58169847241172
3014048,3.1887847782301266
3014049,5.244901606930023
3014050,170.90670266997432
3014051,48.06684181617583
3014052,948.8088049981308
3014053,1.0377006643857056
3014054,3.5138196876022114
3014055,4.56133514262984
3014056,0.3927204075839655
3014057,2.9820698798395773
3014058,2503.8527591798124
3014059,0.12733088751722266
3014060,434.2214489538024
3014061,8.746579054918847
3014062,866.4191112175248
3014063,667.7308217000389
3014064,209.72407028438394
3014065,112.39132228038716
3014066,57.95430868106422
3014067,3274.6058599697426
3014068,6.863965194867778
3014069,1.0739199033191582
3014070,15.73071909542687
3014071,14.352973963302944
3014072,0.2615545811246774
3014073,212.65197386545898
3014074,1.085920573569994
3014075,2.4429635497908824
3014076,3.3284474376289372
3014077,51.53029595650209
3014078,1.831451550759902
3014079,143.163777896624
3014080,207.83395640342655
3014081,3.2549077266530695
3014082,5.180384847743983
3014083,184.73624452022653
3014084,49.01817350002679
3014085,941.5988639130085
3014086,1.143920504692849
3014087,3.8194857080484814
3014088,8.254854434644274
3014089,0.5335704547866658
3014090,11.929841708265128
3014091,6632.670921741077
3014092,0.6073911394912705
3014093,1188.0178131633334
3014094,26.302222643992316
3014095,1683.089643980929
3014096,2024.7413418852816
3014097,384.8712791580544
3014098,434.65442164224464
3014099,320.48365080218656
3014100,6929.407859438818
3014101,64.52904706001391
3014102,2.769628874874391
3014103,45.058458464134695
3014104,58.528785575595926
3014105,1.1696276223375603
3014106,442.12263311756334
3014107,35.117425898407404
3014108,51.09373896301578
3014109,15.764846758918175
3014110,205.65447622929193
3014111,14.384569706660109
3014112,902.8837411485127
3014113,431.620406126573
3014114,18.36073471203864
3014115,24.333397492212473
3014116,1050.0033284992328
3014117,332.63343743669105
3014118,12174.92009094235
3014119,0.45114025203062297
3014120,75.9869245421466
3014121,2.760195890762137
3014122,0.0420393549203999
3014123,0.46570198441639266
3014124,1248.2307129223473
3014125,0.0
3014126,140.7956848554056
3014127,3.7494491195163944
3014128,455.13200754523103
3014129,263.1504228903845
3014130,113.83286194310783
3014131,98.84448431371541
3014132,30.720939252861278
3014133,1820.0538575024568
3014134,2.443891891612089
3014135,0.3382261157635402
3014136,12.035413211905292
3014137,6.84330465690224
3014138,0.0
3014139,143.9026399035207
3014140,0.353683656087646
3014141,0.0
3014142,1.7031164045606464
3014143,25.26480398032294
3014144,0.8256137683313365
3014145,66.29306799345932
3014146,100.111956137367
3014147,1.3188551731479463
3014148,2.6735448084138405
3014149,88.16896641797305
3014150,21.9053911214233
3014151,348.0896397664989
3014152,0.20190955961621612
3014153,1.988156988613865
3014154,5.36296281470184
3014155,0.4891951843632976
3014156,1.8056532534747087
3014157,2591.1857479401615
3014158,0.2557226025202051
3014159,410.0293770493214
3014160,7.694740113507761
3014161,1015.2322432275346
3014162,608.6512292601021
3014163,211.61051447809277
3014164,156.3266807987011
3014165,60.98615621039289
3014166,4176.8863768728625
3014167,6.959861321332477
3014168,0.7431953384450072
3014169,16.748195133042962
3014170,17.925865629925227
3014171,0.32524353232807246
3014172,221.98504660338745
3014173,2.5493625638293147
3014174,1.384090435395584
3014175,5.935079613796978
3014176,28.776863683467493
3014177,1.9250386518596327
3014178,235.87277791563682
3014179,248.23365412554776
3014180,2.681705961938265
3014181,5.2733348774810755
3014182,154.02348027901022
3014183,43.44273183807239
3014184,682.9757981446551
3014185,0.8177295372223574
3014186,3.730286874901571
3014187,1.3835985269718543
3014188,0.0
3014189,0.09346189955702304
3014190,778.2362082210719
3014191,0.0
3014192,88.05440768263095
3014193,2.5682488432580683
3014194,380.297135010058
3014195,181.64353465039994
3014196,67.71234877253653
3014197,93.71443329924904
3014198,20.16136360411479
3014199,1172.0242326630498
3014200,1.1519977473516305
3014201,0.030363623679272166
3014202,5.7272342443885
3014203,2.8642408900194947
3014204,0.0
3014205,95.03599603815773
3014206,0.058326908233511825
3014207,0.0
3014208,0.7461171074561892
3014209,16.876728816361897
3014210,0.1279356185638154
3014211,46.891910618719315
3014212,64.90659195993139
3014213,0.41123479076274
3014214,1.0924791064896784
3014215,56.919767644016424
3014216,7.826501955334319
3014217,184.45194934027055
3014218,0.0
3014219,0.677013219648958
3014220,4.6013239819894
3014221,0.18185962711582424
3014222,0.8401865779582689
3014223,1577.4978747752368
3014224,0.0
3014225,191.04278278711516
3014226,4.892668433020157
3014227,699.3343762025823
3014228,380.9421977250658
3014229,158.91435488628179
3014230,123.92667789692213
3014231,42.33340065692249
3014232,2665.537527887687
3014233,2.850866982624194
3014234,0.5949546104445227
3014235,12.650867882036056
3014236,16.445917178312374
3014237,0.2018015630085317
3014238,209.4945091944692
3014239,0.4163654872100833
3014240,0.0
3014241,5.4943717029528445
3014242,40.556715653651956
3014243,1.4568846544564242
3014244,144.08484385953162
3014245,198.99139915585062
3014246,1.470835938240246
3014247,3.384258333725354
3014248,125.44089543438244
3014249,30.854914851134186
3014250,537.6516197461882
3014251,0.0
3014252,0.81634871121765
3014253,4.204943285329699
3014254,0.020777010058995512
3014255,3.0547576698873105
3014256,2373.895169312291
3014257,0.0
3014258,511.85848252469793
3014259,7.960752818037497
3014260,764.8633796734999
3014261,572.8577498440434
3014262,179.06829541192283
3014263,120.93301714106049
3014264,75.03669493899153
3014265,3316.7821757445968
3014266,6.3911148592621405
3014267,0.8781834318530752
3014268,26.3463197780283
3014269,28.272064373504172
3014270,0.1225418778847631
3014271,228.3245195707128
3014272,4.283344303833293
3014273,3.3108579247059327
3014274,4.604691705321598
3014275,45.46494640824138
3014276,1.9750947377742971
3014277,188.14244412957854
3014278,226.3821813370915
3014279,3.7356147160495654
3014280,5.644228773227326
3014281,128.75013316998334
3014282,41.82634573376989
3014283,240.3136712894548
3014284,0.8505814498750885
3014285,2.14828033982849
3014286,2.924506788976512
3014287,0.0
3014288,0.2513570833643859
3014289,1291.331005124419
3014290,0.0
3014291,104.65270505290756
3014292,3.1378724136389984
3014293,432.17804433980757
3014294,195.98799346034585
3014295,83.34452011297307
3014296,93.12839757108651
3014297,26.869044786483837
3014298,1616.643989524732
3014299,1.8955664175211786
3014300,0.1773524665785818
3014301,7.254591160239354
3014302,6.080508068958998
3014303,0.0
3014304,114.81236403150926
3014305,0.07734487754624585
3014306,0.0
3014307,1.1315801769137979
3014308,24.996254026067074
3014309,0.6371181918609419
3014310,83.24954743111314
3014311,94.08928058914204
3014312,0.5969856140081775
3014313,1.564018410779398
3014314,58.09624547730219
3014315,14.96763347227462
3014316,257.2325539049739
3014317,0.0
3014318,0.19069595686727694
3014319,3.7658867283028075
3014320,0.15585551620920185
3014321,1.2563722799564054
3014322,2392.705570736278
3014323,0.06724801854419957
3014324,429.1783428787879
3014325,7.2687095041320084
3014326,803.3153063778414
3014327,627.0028450258858
3014328,183.09184474780534
3014329,108.34991478260596
3014330,59.31185398280644
3014331,3167.809332782521
3014332,5.895575938768976
3014333,0.6889522815669011
3014334,15.964940711375899
3014335,11.142398458245072
3014336,0.1355860416826552
3014337,218.46547976362817
3014338,1.2163731263872695
3014339,3.4693299039733905
3014340,2.561937520870406
3014341,51.002629900017006
3014342,1.4222602833808407
3014343,168.36833421268523
3014344,230.75844740409735
3014345,2.5344316423713584
3014346,4.296552033020562
3014347,151.1509930529708
3014348,39.628982940099164
3014349,873.7305744585927
3014350,0.681287615474697
3014351,0.8180235789060462
3014352,3.440342209013447
3014353,0.10776717246352699
3014354,6.814200686729612
3014355,2603.2298881582847
3014356,0.19631306413262822
3014357,549.3602300794827
3014358,12.603386048535567
3014359,746.3397655988882
3014360,743.5499783910501
3014361,166.25643737997254
3014362,136.8557680554647
3014363,114.92459065709481
3014364,3244.716776451091
3014365,34.71637648828016
3014366,2.00331539814342
3014367,20.889116981656375
3014368,20.925577261415327
3014369,0.5416665027876224
3014370,197.2949580812696
3014371,10.305321752081936
3014372,20.639309955706622
3014373,4.041507185644908
3014374,86.29669593180307
3014375,5.902292313434842
3014376,189.16927837318326
3014377,228.2235658564148
3014378,9.177443442734688
3014379,10.622079266852941
3014380,229.41763588291462
3014381,100.86238098347188
3014382,4426.555532968769
3014383,0.5165433945898763
3014384,14.719038339398157
3014385,4.982035595714548
3014386,0.27727728288584125
3014387,5.509339242699852
3014388,2237.04627179613
3014389,0.3502438779734202
3014390,426.91824830299635
3014391,11.274217834589034
3014392,751.600182987282
3014393,595.1132895741914
3014394,200.74970764147875
3014395,168.5128834894215
3014396,117.60403141129272
3014397,3454.481836910878
3014398,15.453403875287513
3014399,1.5697802299019923
3014400,22.651272278239023
3014401,20.471744566497236
3014402,0.4947450431928447
3014403,224.01698149361735
3014404,6.434636970864359
3014405,14.405238315989637
3014406,6.825223797857012
3014407,74.38699473460503
3014408,5.137493621892482
3014409,234.8180382622381
3014410,276.7044968186132
3014411,5.054434406997042
3014412,10.939484116385906
3014413,205.82831713271153
3014414,69.39804819454761
3014415,3172.5687249145913
3014416,0.8241791618633518
3014417,7.744447788337839
3014418,6.007732186578275
3014419,0.28125474450268906
3014420,4.501255301262062
3014421,2952.334961991687
3014422,0.13278951383244733
3014423,599.5997030880186
3014424,9.941211858723925
3014425,1206.0334750094407
3014426,758.9505056848919
3014427,253.07979191237882
3014428,218.05770566600629
3014429,63.92623710176876
3014430,4012.8301249562405
3014431,23.1091528121771
3014432,1.6894715054930867
3014433,19.869720542700843
3014434,24.347066872528863
3014435,0.43293606991064376
3014436,270.15940930240134
3014437,5.951622622445177
3014438,7.062413494052144
3014439,4.179660211458748
3014440,46.69025252219291
3014441,3.6797234937278427
3014442,160.02751338316116
3014443,325.79145043514603
3014444,6.085382679178823
3014445,8.771166954816914
3014446,192.2767175159273
3014447,67.59818308436093
3014448,980.8762733141813
3014449,15.23193343638896
3014450,9.077640635674879
3014451,3.8301756589208473
3014452,0.2908240867551361
3014453,3.8109768570045386
3014454,2009.2926553004672
3014455,0.43057606628628414
3014456,380.7565664893861
3014457,11.221995091486134
3014458,741.9638969869172
3014459,683.0636811382611
3014460,205.59528353852764
3014461,135.45592458663143
3014462,96.25224159178367
3014463,2933.8655817410668
3014464,16.14541601364573
3014465,1.078222669075278
3014466,15.574679650504002
3014467,14.61205976562264
3014468,0.40702706220982837
3014469,182.88903873106278
3014470,12.28069823466515
3014471,15.1399243973446
3014472,3.707481854593783
3014473,58.71891963533226
3014474,4.402019407086565
3014475,338.7869529616481
3014476,204.0506509290673
3014477,4.3014456097211315
3014478,6.547127205046608
3014479,361.11261417785767
3014480,75.87617889368337
3014481,2648.760667381526
3014482,0.43188442609377525
3014483,17.97465790198413
3014484,4.000801871444921
3014485,0.0810693866286304
3014486,1.4004826937162558
3014487,3184.8802119368297
3014488,0.034520812823463545
3014489,419.20525955795364
3014490,8.76961231018132
3014491,1310.9036473363933
3014492,697.0027146588817
3014493,269.69354448639774
3014494,143.9056662725656
3014495,64.1087689124621
3014496,3710.1057913800787
3014497,11.195023731701097
3014498,1.1669220058540204
3014499,22.25227255894126
3014500,21.46664128482375
3014501,0.3054464967896592
3014502,281.61261413821006
3014503,2.0802013412335203
3014504,1.0791131878804903
3014505,3.8965136664194624
3014506,42.05789659352215
3014507,2.7790151309680864
3014508,126.72663243640612
3014509,263.47166889145905
3014510,4.385312303736357
3014511,6.73620627832829
3014512,141.8618121940534
3014513,55.4707875037527
3014514,714.1216459891741
3014515,0.23514015732093488
3014516,3.481698800316032
3014517,4.404469499843656
3014518,0.15627363759406282
3014519,6.885717308020022
3014520,1900.3034552018091
3014521,0.28062990290067125
3014522,394.4583126599462
3014523,10.022977566196396
3014524,759.3015894226821
3014525,595.7044532043195
3014526,199.06060212738902
3014527,148.78449148288576
3014528,100.31356508273129
3014529,2965.2324652409575
3014530,13.359571746291362
3014531,1.4346425553545812
3014532,17.925710776874613
3014533,15.233832211086654
3014534,0.41308218170196287
3014535,200.1286230577273
3014536,6.009508384375814
3014537,15.816510784770863
3014538,5.613689617368961
3014539,51.95819214236253
3014540,4.5001768954697985
3014541,213.1478717606122
3014542,251.07968038105457
3014543,4.806640416304368
3014544,7.701589453109797
3014545,206.9267375262508
3014546,62.607554292619355
3014547,2894.955658684441
3014548,0.6553915918063458
3014549,5.636164464284361
3014550,3.1673935994939217
3014551,0.1152170954216186
3014552,5.256445002988554
3014553,2400.8557833120376
3014554,0.33155056604333677
3014555,455.28555085080274
3014556,11.302505370793158
3014557,737.6624087058258
3014558,772.2121496199296
3014559,168.94093076611824
3014560,145.95169258654707
3014561,114.18938840858893
3014562,2624.811341780314
3014563,20.564543864111897
3014564,1.6379718974223478
3014565,18.287717141641362
3014566,18.298090982160996
3014567,0.570987858134095
3014568,210.14357949831722
3014569,13.49509982267134
3014570,30.555474921934756
3014571,9.492114506609678
3014572,94.01984125860425
3014573,6.963470199081093
3014574,213.28570506301375
3014575,228.54994868237972
3014576,7.26250330553289
3014577,8.919946734071704
3014578,231.97908427351888
3014579,74.3551007016899
3014580,3755.9686323278306
3014581,0.9948998783376739
3014582,14.420110847270863
3014583,3.949629529485919
3014584,0.0
3014585,2.2649844580309173
3014586,3652.8382910200817
3014587,0.0
3014588,496.7153566604715
3014589,8.23781418029795
3014590,1112.1400315769054
3014591,758.0730732069945
3014592,237.01069363641977
3014593,117.67389751469425
3014594,44.023940063217744
3014595,3174.7826482895753
3014596,6.030744304520103
3014597,0.7439350896137722
3014598,15.979420865596296
3014599,15.147777883100474
3014600,0.3261587732926311
3014601,180.30707428911708
3014602,1.203315884674169
3014603,2.6297581900916156
3014604,2.3213429975426956
3014605,36.676843858269415
3014606,2.472968569345311
3014607,126.0191274163216
3014608,225.9579891492082
3014609,3.6213852210371664
3014610,5.306426078406794
3014611,137.61043463329554
3014612,52.11981095831705
3014613,850.023979684394
3014614,0.7855177715068022
3014615,1.0925260987163599
3014616,13.29548284053298
3014617,0.21108778181521842
3014618,12.328644713998463
3014619,8119.9221911268705
3014620,0.5014100497791185
3014621,1462.9346701163875
3014622,24.605522545727347
3014623,2255.5193071107024
3014624,2124.492583686739
3014625,557.7122707766345
3014626,448.5771244809945
3014627,383.2858776296994
3014628,8786.018733782641
3014629,69.27444974485707
3014630,2.71247383048742
3014631,67.90248058435611
3014632,76.19475410921657
3014633,1.1603946812673955
3014634,606.9816008928365
3014635,30.004738724996653
3014636,29.962685000701427
3014637,30.21299810119203
3014638,234.49896898548639
3014639,11.941846824947907
3014640,912.3159705321408
3014641,562.4621733053552
3014642,25.06528846005503
3014643,32.941555577687375
3014644,1050.0825131127053
3014645,394.7925987283036
3014646,11287.091874652551
3014647,263.3878070258219
3014648,80.94285387179121
3014649,11.638473278895141
3014650,0.12517779150124167
3014651,13.28062220166169
3014652,6552.846531384218
3014653,0.3682077378409461
3014654,1261.6046227848146
3014655,21.530833170395674
3014656,2141.7094528056828
3014657,2033.5480498543636
3014658,569.1916491521043
3014659,391.9064810494219
3014660,330.2355460552569
3014661,8616.538485218756
3014662,64.66095514336914
3014663,1.2503353772102024
3014664,50.858603166610116
3014665,60.95976027887448
3014666,0.8184335622665155
3014667,518.3480737312923
3014668,19.74485864440924
3014669,30.289724236488784
3014670,12.298829732810004
3014671,177.23051898146622
3014672,9.902900320348062
3014673,931.9341667423745
3014674,601.0262359010449
3014675,22.786605043389528
3014676,29.714595543446087
3014677,1002.5705878351821
3014678,308.2717485151834
3014679,9563.640415347238
3014680,299.2601711213826
3014681,71.92476780091157
3014682,10.041603995292226
3014683,0.0
3014684,13.690220062490344
3014685,4855.914534700984
3014686,0.08122316821923603
3014687,923.6317475343834
3014688,16.460494571465794
3014689,1591.361134666462
3014690,1295.5681569709222
3014691,486.94258687056947
3014692,185.41167747854604
3014693,188.3207443367949
3014694,7255.960817165894
3014695,41.38895813047555
3014696,0.777412756103558
3014697,35.77087523031874
3014698,43.178159424209625
3014699,0.39795992451997353
3014700,474.76355010878416
3014701,25.11401898581487
3014702,29.319172988578728
3014703,6.953548686965821
3014704,104.54728571105169
3014705,6.382724967903174
3014706,868.3725589203877
3014707,616.4855571156874
3014708,17.543193449811444
3014709,24.192454549430817
3014710,735.6768456828349
3014711,161.79933117036143
3014712,3985.8340879294374
3014713,240.8472213554812
3014714,43.118144439270786
3014715,11.403454227899969
3014716,0.07743737943479352
3014717,16.30049892162802
3014718,5734.922402281345
3014719,0.2738286415478041
3014720,1056.4158736429142
3014721,19.87798796308513
3014722,2025.6610060311875
3014723,1639.4289333009372
3014724,593.2418622503645
3014725,245.31588672018424
3014726,249.15979495817717
3014727,8477.981900151643
3014728,56.310925921094515
3014729,1.20241326097711
3014730,48.07250758997659
3014731,58.64516621640032
3014732,0.7167344143072265
3014733,532.9119437086823
3014734,21.26335785765711
3014735,32.78747139356929
3014736,11.67881095222875
3014737,151.9869472517402
3014738,8.763668750961077
3014739,897.6232121193101
3014740,652.7362559406587
3014741,21.18720726866208
3014742,27.02803955274598
3014743,890.9782108143905
3014744,235.30932291883494
3014745,6302.863716127396
3014746,285.21943925976336
3014747,60.872832727177986
3014748,9.28608140898886
3014749,0.07924092442321493
3014750,11.38024446837863
3014751,3972.3076693117464
3014752,0.15709319090789137
3014753,736.1611684286144
3014754,13.756484133122166
3014755,1313.4639433464342
3014756,1086.765916502501
3014757,421.1211893094325
3014758,139.43447884322504
3014759,153.75451622652648
3014760,5481.37896721953
3014761,33.357428725057936
3014762,0.6458161247730803
3014763,36.08634584915395
3014764,33.832589831576534
3014765,0.3019796023733564
3014766,356.5877542382514
3014767,14.872919406319012
3014768,11.696331434643847
3014769,7.03159515790515
3014770,75.16977280229925
3014771,4.135517247092056
3014772,680.2371115302129
3014773,527.9256489834582
3014774,12.912857549229159
3014775,18.088882996648753
3014776,608.6956652205437
3014777,112.48476970763505
3014778,2498.1606463918706
3014779,160.29114483195096
3014780,24.71310676119495
3014781,10.215156993009165
3014782,0.20601012055527235
3014783,12.143717853707296
3014784,5622.453671689059
3014785,0.5482358972165029
3014786,1086.7254537894662
3014787,18.838063056981717
3014788,1758.6369315050738
3014789,1618.5660517253639
3014790,472.0616096538676
3014791,346.7264645682001
3014792,266.9481808779207
3014793,7154.576870465751
3014794,50.81588601458844
3014795,1.3151310905200635
3014796,52.526607144068635
3014797,54.03545874344209
3014798,0.8210793053431775
3014799,491.6744994156359
3014800,17.059287818965725
3014801,28.80845892820358
3014802,14.173063056511499
3014803,149.76730344208238
3014804,8.310312952212914
3014805,760.6371607511152
3014806,503.08193470002794
3014807,17.515073539493155
3014808,24.966408012080073
3014809,839.4860321943197
3014810,272.0893355143617
3014811,10080.127482471664
3014812,276.5370897911831
3014813,61.262983118531004
3014814,5.024064220102547
3014815,0.40420480626363253
3014816,3.5901281975847326
3014817,1687.0781624062074
3014818,0.48253963736073624
3014819,353.1790400610239
3014820,16.20553558983795
3014821,760.0806375449312
3014822,513.8118094541383
3014823,196.22808105805416
3014824,137.52478702950256
3014825,99.32580311376263
3014826,2394.9483726709755
3014827,14.337713385300535
3014828,1.396998010951017
3014829,19.981137857845596
3014830,17.27987689154215
3014831,0.6205973095035904
3014832,161.9117269199805
3014833,7.490952093419825
3014834,9.784868756763201
3014835,8.874680261807628
3014836,39.66900370950902
3014837,4.9160327250215525
3014838,266.27840066788445
3014839,206.3556697524265
3014840,3.3198909420007237
3014841,5.999838131233346
3014842,240.27504071997762
3014843,68.24650501024702
3014844,1867.31663720247
3014845,0.22342893300976258
3014846,8.611481088997028
3014847,9.164007667404993
3014848,0.09312063543378382
3014849,11.826840346622623
3014850,3823.3757156115535
3014851,0.22302147047544868
3014852,762.894060039292
3014853,20.527401433769768
3014854,1366.4251903195898
3014855,959.6794779319868
3014856,416.97368547760135
3014857,122.3322382774449
3014858,140.27325954592138
3014859,5180.057047924936
3014860,38.446111505324176
3014861,1.2792658806383734
3014862,39.903439775107266
3014863,43.18828233202316
3014864,0.5661204761890937
3014865,406.7570932740403
3014866,13.615988251414171
3014867,11.72581581970753
3014868,3.9373207562400454
3014869,85.80391621431342
3014870,6.309474456051718
3014871,666.1814200785817
3014872,433.0809813514504
3014873,9.789039283654597
3014874,15.180720260254908
3014875,443.05704392171475
3014876,94.92216151850836
3014877,2474.854910870992
3014878,213.08407439121675
3014879,19.93457329409205
3014880,4.2769425095016835
3014881,0.011838859516794116
3014882,4.566106542672928
3014883,3635.0928381789045
3014884,0.2309583790691624
3014885,806.6971809614838
3014886,10.198665877547434
3014887,1163.51980679799
3014888,1265.1711481989664
3014889,274.5609561114806
3014890,195.64869686709557
3014891,129.59610983111386
3014892,4398.440882376986
3014893,20.62201155146321
3014894,1.5280446894177389
3014895,19.466051445366134
3014896,26.057645885476724
3014897,1.0607118986662818
3014898,290.26874631162565
3014899,3.3120681976641952
3014900,28.389256253007755
3014901,4.950121396873037
3014902,129.56777413065504
3014903,7.5038863229503345
3014904,358.05422922139934
3014905,367.3953492185172
3014906,10.943162868538987
3014907,14.487297227744818
3014908,568.2795326372294
3014909,116.05900884072119
3014910,7129.581103347979
3014911,2.7469238757701984
3014912,33.579989197240785
3014913,7.873140463641665
3014914,0.609495655003113
3014915,6.948580984267191
3014916,4175.938402246988
3014917,0.30535787815684984
3014918,895.5514116939055
3014919,11.809182542192909
3014920,1204.8865711112462
3014921,1045.7351420644015
3014922,371.6673478887999
3014923,179.97626069150306
3014924,152.7094519102816
3014925,5534.281787237735
3014926,26.542550456770968
3014927,3.095720903447037
3014928,24.768769476132192
3014929,44.25844901420302
3014930,1.0339611107665378
3014931,363.29352788727795
3014932,8.702119606580341
3014933,55.90795453330501
3014934,6.673436074898822
3014935,102.26616184361076
3014936,7.898144695398267
3014937,250.5625884831735
3014938,408.9106062325058
3014939,11.843714140428531
3014940,15.47191181608455
3014941,195.39779984193595
3014942,137.01039978786923
3014943,5218.881687443446
3014944,2.8617959579950356
3014945,8.639364214411385
3014946,5.717432079295733
3014947,0.4440112713257084
3014948,8.303522033964859
3014949,2090.699057341566
3014950,0.3398143146792148
3014951,416.47865225004637
3014952,8.675399479366943
3014953,780.0892994707095
3014954,549.2611399386798
3014955,211.95601557479606
3014956,99.50117442950217
3014957,73.834975616269
3014958,2749.73781540005
3014959,11.64438349576423
3014960,1.643707273414459
3014961,12.769479555326042
3014962,21.26861085792052
3014963,0.7971598521288727
3014964,169.38747017564086
3014965,4.030752100900724
3014966,12.905056706899838
3014967,3.9397857349998873
3014968,87.04501807713827
3014969,3.801760277063895
3014970,151.15178115444732
3014971,223.67151385593198
3014972,4.42404812809929
3014973,6.7144650753890085
3014974,155.61567981778373
3014975,59.59774858197457
3014976,2838.3859440609867
3014977,0.6916076744138824
3014978,3.8907348016133048
3014979,4.0576823388710395
3014980,0.01486264509445183
3014981,0.45282082890291553
3014982,1753.9011566206493
3014983,0.0
3014984,175.6117819696717
3014985,3.530085578611901
3014986,798.0636399332766
3014987,253.7153788246902
3014988,152.50335285804644
3014989,65.0693984761611
3014990,23.259682913298054
3014991,2260.8577835109973
3014992,4.595029014145152
3014993,0.5361459160215274
3014994,8.257967604958504
3014995,6.360770890168081
3014996,0.0920154622749975
3014997,150.9991925799093
3014998,0.14243993353902695
3014999,0.0
3015000,1.6488603043686019
3015001,18.926709120203714
3015002,0.8264608115377172
3015003,46.77745431995525
3015004,142.89936531827533
3015005,0.6750504168681137
3015006,2.156351034497604
3015007,49.13741854100553
3015008,39.29842472483269
3015009,486.13462324525335
3015010,0.0
3015011,0.9389815977710758
3015012,5.0123590554955975
3015013,0.21365129033178096
3015014,5.227443917463206
3015015,3067.134578184822
3015016,0.15987364503747145
3015017,585.1093063008012
3015018,11.53620096181688
3015019,962.9952741502922
3015020,883.2770112535262
3015021,307.20802722372673
3015022,204.36436178294184
3015023,141.73696204391783
3015024,3906.8704967873396
3015025,25.806405285619444
3015026,1.662094038525899
3015027,25.629000927531784
3015028,27.107285914572582
3015029,0.5630853967060274
3015030,225.29783502756013
3015031,12.496021407380889
3015032,17.68631513065602
3015033,12.589352265267554
3015034,62.73210826470204
3015035,5.159401581056437
3015036,413.6342672718852
3015037,316.0314832823397
3015038,7.311367632074614
3015039,9.900573418505525
3015040,511.79347493843125
3015041,137.12002406705443
3015042,4271.191373718792
3015043,0.211420051204988
3015044,29.43622251889987
3015045,4.730008472185876
3015046,0.18616591663200321
3015047,7.261189165505087
3015048,3556.0703977179874
3015049,0.3516337078505848
3015050,659.0641337866264
3015051,13.746019476643797
3015052,1012.8959218272846
3015053,999.8552317952584
3015054,289.1623114666712
3015055,246.90496526533425
3015056,175.1134694135838
3015057,4512.4297420540115
3015058,29.792176135077565
3015059,2.222899417658677
3015060,28.026719354258123
3015061,31.178186106394854
3015062,0.8191062395764723
3015063,242.7812594166064
3015064,13.882268845991096
3015065,27.706647589251524
3015066,11.830752640469626
3015067,93.40215407437665
3015068,7.197101716052975
3015069,427.5726999860168
3015070,290.1417725222312
3015071,8.094392520914761
3015072,11.388661136537324
3015073,552.8853396466442
3015074,162.27386534462966
3015075,6791.606537837324
3015076,0.3176357124961156
3015077,39.880949137908416
3015078,5.9500135241287655
3015079,0.27945814776186567
3015080,7.863978789177379
3015081,4120.227309145879
3015082,0.3960977087305339
3015083,794.4384064907882
3015084,17.066744939804877
3015085,1194.1649399457922
3015086,1267.4872829703725
3015087,306.37738913024214
3015088,263.4987426152025
3015089,177.00933935911402
3015090,4506.722282277411
3015091,33.49894275854578
3015092,2.186319380808978
3015093,40.56360564245437
3015094,38.67682048196835
3015095,0.8222929624346689
3015096,274.0676550939669
3015097,19.832962160022632
3015098,33.31086400677162
3015099,14.48171161447951
3015100,114.22021710485289
3015101,8.466654805166769
3015102,543.6560681415357
3015103,330.93957923854714
3015104,10.517428500241667
3015105,14.193535265139412
3015106,704.8314162579444
3015107,176.90745004448044
3015108,6193.917051792322
3015109,0.5391345270195735
3015110,41.689717931160686
3015111,8.966168785216974
3015112,0.24523388596353823
3015113,5.3653319624153415
3015114,3314.831633188969
3015115,0.08733806298859995
3015116,537.3534012902766
3015117,10.61733226659468
3015118,1289.4382023398323
3015119,902.0417695751905
3015120,386.629989461409
3015121,142.664999509292
3015122,92.02527592524612
3015123,5185.55260539719
3015124,11.372107029185587
3015125,0.9202640610592778
3015126,29.414289963158144
3015127,28.6451801608606
3015128,0.25344290407253744
3015129,347.71776449887165
3015130,9.358388284195819
3015131,5.045193592053384
3015132,11.908200151999516
3015133,48.91572407546836
3015134,3.4335412035518313
3015135,321.93319864255716
3015136,391.77693882864787
3015137,6.124400339503786
3015138,9.61735676959704
3015139,322.6963245449313
3015140,87.45633970859484
3015141,1133.34809848913
3015142,65.51001376566403
3015143,11.674426654635946
3015144,4.097381498530507
3015145,0.0
3015146,2.907654531985797
3015147,2291.122274178479
3015148,0.0
3015149,459.34838738451305
3015150,12.443920379147864
3015151,604.3707297003289
3015152,631.079447768619
3015153,134.90137170772618
3015154,165.6045656012538
3015155,129.56543713739836
3015156,2789.025661621466
3015157,24.3742971816109
3015158,1.1862247888020017
3015159,20.84553906154434
3015160,20.905920593260113
3015161,0.14658409543041848
3015162,192.02120212978437
3015163,13.929995307863837
3015164,12.501681698564319
3015165,5.877027161105102
3015166,70.30254794973919
3015167,5.190662168926277
3015168,355.7350929671652
3015169,138.55425977579299
3015170,6.161391595283513
3015171,7.93736990541904
3015172,378.6148080423567
3015173,107.21865177506429
3015174,1947.5028363615052
3015175,0.09417657431607869
3015176,19.99336014933541
3015177,2.14099615925689
3015178,0.0
3015179,0.6780929487138494
3015180,862.6146860590072
3015181,0.0
3015182,80.22422999963636
3015183,3.3287022251955865
3015184,470.69887762835344
3015185,245.46757061898947
3015186,157.70269020132469
3015187,30.484030485226658
3015188,22.53263787856967
3015189,2116.408485071328
3015190,2.763740267774968
3015191,0.11131249874032675
3015192,9.124173819161207
3015193,5.722010467015978
3015194,0.0
3015195,137.92966711004757
3015196,1.8986873901893278
3015197,0.0
3015198,0.9393939533482252
3015199,8.345361678025176
3015200,0.5014700526745293
3015201,182.21892155324068
3015202,133.0840224723117
3015203,0.73153990075512
3015204,2.4508248041057685
3015205,121.01800793510553
3015206,18.654632585443142
3015207,200.7340248506644
3015208,1.0607165364275861
3015209,1.3803913473886942
3015210,5.679351484475566
3015211,0.14266622120028868
3015212,3.446000600716965
3015213,3322.84866379268
3015214,0.03134779403088464
3015215,534.8993673338764
3015216,11.79015700523267
3015217,1427.6715985809024
3015218,651.0705179510879
3015219,384.9174941149441
3015220,113.018208893821
3015221,77.59283755702293
3015222,5525.121425962603
3015223,12.343559621094771
3015224,0.6616817902739258
3015225,23.416970995978286
3015226,22.499053572173466
3015227,0.04127938924485043
3015228,332.6744469146895
3015229,7.574253472580006
3015230,2.8647400084094308
3015231,5.4390902593871155
3015232,32.966871038257636
3015233,2.7431013232679655
3015234,603.0705077503366
3015235,383.62323093384737
3015236,3.699027863008175
3015237,8.640888390971263
3015238,286.52788936005356
3015239,61.555777599392755
3015240,639.5823363098428
3015241,26.114173592683493
3015242,6.551385591204926
3015243,3.877425443523574
3015244,0.12305338239187073
3015245,0.847248861912121
3015246,1393.532467756721
3015247,0.0
3015248,144.21165352876443
3015249,6.5091778434939185
3015250,620.4467342290816
3015251,318.9788498244494
3015252,175.2935353799547
3015253,44.89160333111605
3015254,34.48795567054887
3015255,2384.365217100771
3015256,4.480074844482296
3015257,0.6104152687911635
3015258,11.280335266478003
3015259,11.390602926681868
3015260,0.019007270384791466
3015261,185.0131827003338
3015262,2.062984747308594
3015263,0.04676094993735785
3015264,7.0753040063763475
3015265,32.01460623157023
3015266,1.3128920091436842
3015267,175.80463455754264
3015268,150.9145184259976
3015269,1.571730701638176
3015270,3.795645565361376
3015271,144.270956628636
3015272,29.001238833059524
3015273,287.614238495223
3015274,3.458480251355896
3015275,1.9881869545571593
3015276,3.594973148469844
3015277,0.12947784132777335
3015278,0.7553696182871541
3015279,1244.4197233622456
3015280,0.0027248027354714686
3015281,113.73425920451932
3015282,4.772603349286631
3015283,508.6606033904937
3015284,261.08093500747856
3015285,140.46069943995704
3015286,35.94259130073827
3015287,25.09282750810148
3015288,2199.4346242871584
3015289,3.3936265216702806
3015290,0.4371837390767408
3015291,8.183324667308677
3015292,10.35201979327597
3015293,0.0459089538372235
3015294,161.3188866105142
3015295,1.7894658410461188
3015296,0.0
3015297,1.8370438870162995
3015298,17.276597587219754
3015299,0.958003943539834
3015300,161.22409447808707
3015301,128.15436771656158
3015302,0.9916760081739528
3015303,2.745582408353374
3015304,102.77208949445354
3015305,24.15283270019539
3015306,168.56643553034613
3015307,8.04273398472641
3015308,1.6319165228494352
3015309,2.090523243880426
3015310,0.0
3015311,0.7227199885731321
3015312,967.1063277301268
3015313,0.0
3015314,120.48977067842709
3015315,4.324520048608914
3015316,583.6309001964999
3015317,246.15168427087542
3015318,114.39185302166871
3015319,47.67788143393858
3015320,30.681096752698423
3015321,1860.8776218299106
3015322,2.7100041552950915
3015323,0.16312901999301696
3015324,8.42467182370307
3015325,7.266731254721719
3015326,0.0
3015327,148.29371244543705
3015328,0.5947812248873254
3015329,0.0
3015330,1.6643469458023588
3015331,14.845925906815681
3015332,0.802989489555451
3015333,174.93636675107518
3015334,146.51022382338033
3015335,0.9215490170456553
3015336,2.4374009374602803
3015337,75.94489871550992
3015338,23.70459091666805
3015339,280.38879599660567
3015340,0.0
3015341,1.4495272451706063
3015342,3.471886517582833
3015343,0.23160371399441881
3015344,1.2497380620880287
3015345,1649.1805663766202
3015346,0.007066633795923586
3015347,143.01109561189065
3015348,5.665308208118295
3015349,656.4957604667771
3015350,365.88571460942404
3015351,178.2275623510903
3015352,55.373786728894444
3015353,43.991860509093975
3015354,2956.9703853623687
3015355,5.173426149167542
3015356,0.7958144467559829
3015357,12.694109780207233
3015358,12.133275955489166
3015359,0.1277436618226198
3015360,209.88617966821252
3015361,2.91269795944042
3015362,0.14194065334504338
3015363,3.231185245319023
3015364,23.145527285065516
3015365,1.4139521750024304
3015366,164.24965460892238
3015367,159.80231634367235
3015368,1.427720210913725
3015369,5.090039224175805
3015370,121.27248884407553
3015371,32.34529533971225
3015372,353.9520542701988
3015373,0.4008807958600654
3015374,3.063255129976991
3015375,3.2056626476934396
3015376,0.0
3015377,0.4870431689427751
3015378,1186.1547498156806
3015379,0.0
3015380,121.82797852301918
3015381,4.289523460056728
3015382,548.0033842716732
3015383,241.57194103531788
3015384,136.4346579223137
3015385,81.03783566014366
3015386,27.84374109255613
3015387,2004.405144690898
3015388,3.113981635629724
3015389,0.18530127044439204
3015390,13.432190809510189
3015391,7.581012732407439
3015392,0.0
3015393,136.91196293692346
3015394,0.05745980609620082
3015395,0.0
3015396,1.4494373468833404
3015397,22.205300089312562
3015398,0.8378812521430188
3015399,72.0648504068573
3015400,106.74554684544322
3015401,0.6086998454277077
3015402,2.179839960285995
3015403,71.35098731822497
3015404,25.041676073130777
3015405,178.4580003461578
3015406,0.0
3015407,0.9652370467014191
3015408,4.236008466458348
3015409,0.2438532718470638
3015410,2.8484035398265166
3015411,2096.5831677216192
3015412,0.13842563450900308
3015413,235.0712628555932
3015414,6.830367055599365
3015415,886.585726169787
3015416,486.34859892850295
3015417,286.0809592618929
3015418,109.71900917481419
3015419,58.966926721604544
3015420,3742.0777807833833
3015421,7.075741476857779
3015422,0.5878093539828755
3015423,14.73524941600481
3015424,12.801974284237613
3015425,0.10982343824428423
3015426,237.01774671147496
3015427,2.3148652545650465
3015428,0.5831896148519236
3015429,7.723833651878712
3015430,22.758442385733307
3015431,1.7900335874892468
3015432,280.0399521401067
3015433,200.136929564154
3015434,2.197622887082957
3015435,5.227615009064077
3015436,219.8217808636175
3015437,46.43601406551391
3015438,674.8922138415132
3015439,11.17500564074283
3015440,5.221557736033559
3015441,0.0
3015442,0.0
3015443,0.0
3015444,561.9347220419115
3015445,0.0
3015446,73.05859587127185
3015447,0.2363881718161579
3015448,142.2861846276271
3015449,118.47498631793904
3015450,56.42654385276842
3015451,24.11995374570664
3015452,7.807597428932155
3015453,829.3429036552441
3015454,0.48152347932900397
3015455,0.0
3015456,3.8604620259902607
3015457,3.6158654482359083
3015458,0.0
3015459,64.66029861300748
3015460,0.0
3015461,0.0
3015462,0.4477995691359544
3015463,9.07946075818952
3015464,0.0
3015465,64.41170128274247
3015466,43.40115095057987
3015467,0.0
3015468,0.13857626546934576
3015469,34.45481497148491
3015470,5.562632131316636
3015471,178.65817328272948
3015472,6.691447549761045
3015473,0.1977394459460609
3015474,4.762682978044583
3015475,0.25439360270842476
3015476,1.9616726809245595
3015477,1679.1220178329593
3015478,0.05380790007947552
3015479,187.36918277988713
3015480,6.926402109323159
3015481,708.2169286560528
3015482,341.6338699469323
3015483,191.92492629598968
3015484,57.96972385494082
3015485,40.964902412164584
3015486,2772.4192190722447
3015487,6.241177203747907
3015488,0.8401449249052695
3015489,13.236768329003137
3015490,10.720041244141322
3015491,0.10208785822669343
3015492,178.48901822402888
3015493,2.9851267612328956
3015494,0.32821934932096863
3015495,2.6988208633352397
3015496,21.54268679145723
3015497,1.4138665408523687
3015498,157.25842009165567
3015499,146.00846014080233
3015500,1.6695493513584188
3015501,3.960367486253584
3015502,130.10287219580763
3015503,33.69152536911019
3015504,351.78160502156334
3015505,0.4093080814942678
3015506,2.9556039197696635
3015507,4.584143243530169
3015508,0.03883824148171769
3015509,3.505730721112567
3015510,2695.6685576910045
3015511,0.05575374534494192
3015512,482.42875679951953
3015513,12.935516783112758
3015514,699.6062778045534
3015515,688.9623592757333
3015516,187.55862409239398
3015517,177.79580511426545
3015518,134.79163444049507
3015519,3398.689698885361
3015520,24.61598023699709
3015521,0.9908993799271932
3015522,17.057341047512363
3015523,21.535961809440796
3015524,0.14170877036328255
3015525,200.52708184802913
3015526,14.753281119491074
3015527,11.443385952237838
3015528,5.576768914179857
3015529,48.62462631703082
3015530,4.93038282728997
3015531,377.18963508508534
3015532,207.21333050514625
3015533,6.702032870940595
3015534,8.612086683910436
3015535,412.35648972198345
3015536,116.83755815762346
3015537,2106.9820485881573
3015538,0.19143136230042548
3015539,26.679088431315055
3015540,4.317932817134825
3015541,0.27473109324092604
3015542,3.506149644926734
3015543,2260.878444204311
3015544,0.040136650559765105
3015545,336.0483227633767
3015546,7.817542606541545
3015547,810.2216926322817
3015548,533.583832042841
3015549,287.61057278722745
3015550,105.65504332544921
3015551,51.21018376351943
3015552,3454.7075311702692
3015553,8.75896910866738
3015554,5.0580317875606795
3015555,23.561733110458896
3015556,15.378658627489354
3015557,0.26116026235144785
3015558,234.2661834096443
3015559,3.9848432829790026
3015560,3.038027047315021
3015561,3.519354428044255
3015562,27.670523107519397
3015563,2.2942133656602817
3015564,313.89420288664417
3015565,209.34431978456865
3015566,3.472632178086701
3015567,5.857175448228533
3015568,148.07489392223113
3015569,52.742396717215044
3015570,632.8334494319631
3015571,18.668081829591745
3015572,6.147412492174698
3015573,5.785452502513178
3015574,0.6165854484354569
3015575,2.4459159934679637
3015576,2042.3571010198718
3015577,0.219885839765716
3015578,275.11340504460026
3015579,7.9704997886605025
3015580,852.5717994066481
3015581,413.23784195630606
3015582,248.85864025770175
3015583,107.55260095245356
3015584,56.958273898784824
3015585,3187.4354434187717
3015586,6.838458393101996
3015587,0.9376454123866786
3015588,22.91092761938672
3015589,24.731213956333782
3015590,0.45437211075875
3015591,240.58902387680334
3015592,2.9225330574483137
3015593,2.021362404970217
3015594,4.259378246104426
3015595,48.81340043721361
3015596,1.8517188926727086
3015597,146.84717423270035
3015598,196.25733007416682
3015599,2.5463506118381005
3015600,4.999735736771333
3015601,131.97800695446836
3015602,46.04498134783734
3015603,742.7782126862986
3015604,0.7460752445305936
3015605,3.582162958298584
3015606,3.4772895554399987
3015607,0.2008046527753562
3015608,1.007059841750488
3015609,1317.1260128372476
3015610,0.016547899447225227
3015611,103.99137968856446
3015612,4.8124786760688645
3015613,463.0613640604207
3015614,251.85686464043178
3015615,123.297836723621
3015616,71.50564980475728
3015617,34.82554118000747
3015618,2046.3460861271944
3015619,3.4770973771653146
3015620,0.666976171542851
3015621,9.674782249065371
3015622,13.060136367315804
3015623,0.19400746252689008
3015624,168.3283617389223
3015625,0.8073363047867708
3015626,0.16498224974234577
3015627,2.54298869572406
3015628,30.485279716426938
3015629,1.3524496661318266
3015630,112.43979980071931
3015631,112.122321173371
3015632,1.1977070472784885
3015633,3.212113117595406
3015634,96.31820337436204
3015635,29.55651810384687
3015636,341.33140969355503
3015637,4.833519147816706
3015638,1.4713860483989842
3015639,2.520205970443318
3015640,0.018999468393119726
3015641,1.2120662241755924
3015642,1451.7412246251674
3015643,0.026363681346049495
3015644,250.75973775682917
3015645,10.062424975070584
3015646,431.0844706911139
3015647,383.96364729812376
3015648,106.65183826649996
3015649,81.00850016054915
3015650,67.43805335247151
3015651,1921.5542327463618
3015652,15.236037247878517
3015653,0.40208084935865446
3015654,10.543291214621757
3015655,10.438198337796708
3015656,0.0
3015657,123.59620460352133
3015658,4.998592308355146
3015659,1.9531329258349177
3015660,5.220300537373767
3015661,49.173135996007
3015662,2.9917653606732353
3015663,424.9501183016232
3015664,127.91451094397488
3015665,2.5897703906193383
3015666,4.490446088200594
3015667,250.51377138775882
3015668,50.08786302544554
3015669,925.0212689943476
3015670,0.37369874454000845
3015671,9.967022401679197
3015672,3.7291414484299974
3015673,0.13635351722524303
3015674,4.225258004557836
3015675,3612.6229697513836
3015676,0.19890634171425992
3015677,712.3193930320099
3015678,15.69184435924316
3015679,881.147169729814
3015680,975.4381586249742
3015681,250.49148485753426
3015682,191.10849412685556
3015683,141.0253933257298
3015684,3948.1529736938146
3015685,18.321108897565995
3015686,1.613287118161638
3015687,22.745548122970327
3015688,28.37437901249027
3015689,0.40252320941252573
3015690,224.36772256538242
3015691,10.463721822437405
3015692,26.359370285069126
3015693,7.731231538211201
3015694,102.78308304921454
3015695,6.679457593762767
3015696,343.30889091138
3015697,265.5326314445833
3015698,9.87858691088473
3015699,12.495667404782832
3015700,418.93301013702217
3015701,131.94432600926828
3015702,2105.4354909080594
3015703,0.5320127584433123
3015704,20.28629705683158
3015705,0.14223743020934687
3015706,0.0
3015707,0.47640806295890314
3015708,709.8813746376777
3015709,0.0
3015710,119.56872610347628
3015711,1.9805233709226773
3015712,157.6562873212167
3015713,171.30499779516387
3015714,47.39112749254316
3015715,31.11331285609792
3015716,27.497457625853826
3015717,728.3763761768769
3015718,2.1761345758987574
3015719,0.0
3015720,3.5328678644721228
3015721,4.607942420636472
3015722,0.0
3015723,36.36680421280954
3015724,0.0
3015725,3.135339866646989
3015726,0.9220876978620847
3015727,26.991889988890765
3015728,0.5393713685094372
3015729,64.37504601406964
3015730,33.7041089964062
3015731,0.32093810265008543
3015732,0.8558480286564867
3015733,49.50047910227806
3015734,14.209875739817234
3015735,342.2743729847756
3015736,0.0
3015737,0.48440501990631546
3015738,2.915016796700198
3015739,0.0
3015740,1.1259364509236152
3015741,902.7064132839387
3015742,0.0
3015743,174.8281169787503
3015744,5.3556774079786065
3015745,285.7967229588048
3015746,195.6321268037874
3015747,55.119034404275745
3015748,33.80454938857829
3015749,33.18199976817795
3015750,1132.50710581822
3015751,2.7024916259306173
3015752,0.45869683238158737
3015753,5.781329700735536
3015754,4.723642462048835
3015755,0.08297154489753167
3015756,59.51345461088172
3015757,0.851429266881389
3015758,2.0875955285578343
3015759,1.2108682688510517
3015760,27.48385764055736
3015761,0.4137160226777223
3015762,172.14601214706667
3015763,104.61971029044204
3015764,1.3032726765237785
3015765,1.7107915980425705
3015766,114.19623535489049
3015767,14.378645865055125
3015768,413.03072419178164
3015769,0.07016488834531755
3015770,2.0593896945122823
3015771,3.7048295628120194
3015772,0.14643903630378888
3015773,4.307607070148011
3015774,2712.262497815982
3015775,0.08786246128247313
3015776,559.920846772514
3015777,11.715615378398843
3015778,692.1246587107615
3015779,747.0820447657358
3015780,201.97986971639912
3015781,188.39093509787276
3015782,116.83799188179623
3015783,3201.9972645351
3015784,16.39517375161694
3015785,1.667170731679707
3015786,15.06685818909703
3015787,20.040513711523495
3015788,0.5268273978654057
3015789,191.35272147029013
3015790,5.786270422255911
3015791,19.664461579350693
3015792,5.1449476350258525
3015793,82.67683725518582
3015794,4.104361021447594
3015795,283.615871461923
3015796,171.90117719332628
3015797,7.454464690366372
3015798,8.567479076840714
3015799,340.3102793785568
3015800,98.19093480112222
3015801,1764.5101748919687
3015802,0.30467978430927306
3015803,16.06724189822626
3015804,5.340015141036786
3015805,0.16256111906387186
3015806,1.1743345805051995
3015807,2317.277537501344
3015808,0.07349343376419018
3015809,410.74131810519685
3015810,9.30590936905675
3015811,882.7574593683568
3015812,580.082003062984
3015813,254.4551763530814
3015814,142.95804525008822
3015815,53.97438492905434
3015816,3156.295597505776
3015817,5.6885960518970515
3015818,0.9717405118084417
3015819,15.795508177185223
3015820,13.995140533367724
3015821,0.34223129099593874
3015822,201.88683169537015
3015823,0.6108442590759464
3015824,2.160620176862325
3015825,4.058522529205787
3015826,55.24624524215641
3015827,1.2988694930010225
3015828,287.9549616553573
3015829,213.5224499645259
3015830,2.982613894412075
3015831,4.837381964787957
3015832,185.95291539887967
3015833,46.23414665518845
3015834,823.2010821306754
3015835,0.8616714564069943
3015836,3.125819541081083
3015837,4.308035304481454
3015838,0.32928674556226856
3015839,1.486161020601326
3015840,2330.392991389756
3015841,0.09039352258502156
3015842,350.358131053018
3015843,8.736733410222111
3015844,821.8019626986704
3015845,536.942062378593
3015846,199.18268269250825
3015847,102.9877580774909
3015848,56.322284556740186
3015849,3130.3756365829486
3015850,6.412570490778486
3015851,1.0852442845947086
3015852,14.680375711367285
3015853,10.372170481883025
3015854,0.24033453336363692
3015855,190.20585677120388
3015856,1.0292697597959255
3015857,2.50390309422761
3015858,3.3374369817513836
3015859,67.60295178656887
3015860,1.7298440912043738
3015861,219.0285972529881
3015862,188.69808807510353
3015863,3.127428110301592
3015864,4.894096533631753
3015865,144.23024962617856
3015866,47.13088981824726
3015867,816.620920092422
3015868,0.9991017752273419
3015869,3.4358419797395623
3015870,8.293389667111258
3015871,0.4924279936215243
3015872,11.212150545528905
3015873,6604.224843757686
3015874,0.6140839720650397
3015875,1064.9809146943173
3015876,28.73634906690746
3015877,1485.2105049414934
3015878,1691.9382734842677
3015879,347.4607520236341
3015880,421.21628850776756
3015881,329.77954009364737
3015882,6675.554235729682
3015883,65.46776145095437
3015884,2.9310248998031048
3015885,44.92386836312374
3015886,55.182751621098305
3015887,1.2379057778466485
3015888,420.8224488475628
3015889,35.33114578298462
3015890,36.35235052046486
3015891,21.343600721483828
3015892,195.10935627156513
3015893,14.07336420597801
3015894,926.3474069076858
3015895,446.95377919279593
3015896,19.105201844164103
3015897,26.056590277567583
3015898,1056.3955502175963
3015899,375.4566085233595
3015900,5617.6534164577915
3015901,0.7768348471979716
3015902,66.57192389660847
3015903,2.6894543465712704
3015904,0.036684573662300116
3015905,0.4581701062017619
3015906,1183.312118867452
3015907,0.0
3015908,131.87515457070498
3015909,3.902262830002014
3015910,423.71110795055023
3015911,229.84225532868936
3015912,102.9911312165504
3015913,93.91538130961027
3015914,32.30020702956698
3015915,1781.3018173403605
3015916,2.423014209408339
3015917,0.4385318562380955
3015918,11.084510406144757
3015919,6.5156418951409645
3015920,0.0
3015921,136.85194579704776
3015922,0.36130533418200655
3015923,0.0
3015924,1.7938228982783988
3015925,19.243608036314114
3015926,0.8286907767804306
3015927,120.66797928390912
3015928,83.20648802844376
3015929,1.3012417733403665
3015930,2.651732917651821
3015931,87.63952037707656
3015932,22.87189057563952
3015933,333.0176587088066
3015934,0.19203036894727002
3015935,1.9635955959507672
3015936,5.669372764359229
3015937,0.48957031543532886
3015938,1.8063600028140705
3015939,2274.677887891942
3015940,0.25603892140909434
3015941,358.61077680919743
3015942,8.136345211085594
3015943,1053.297294181845
3015944,488.71760713931064
3015945,224.50888246399876
3015946,133.34353708611494
3015947,63.67956753076689
3015948,3806.3099810847075
3015949,7.3955518909082745
3015950,0.8182467683703987
3015951,15.887962565217293
3015952,14.610700265271785
3015953,0.353020827152985
3015954,230.31276359979364
3015955,2.487758469135735
3015956,1.4507353136003132
3015957,6.01178526350567
3015958,33.62608656519506
3015959,1.8288515713042899
3015960,394.77105264032656
3015961,231.14255410146166
3015962,2.57080077855753
3015963,5.329727502122744
3015964,161.76324244528269
3015965,46.35635236252083
3015966,639.7756812495312
3015967,0.7573752870040835
3015968,3.753013872533389
3015969,1.41976381567985
3015970,0.0
3015971,0.11005251447861883
3015972,878.6313073257505
3015973,0.0
3015974,79.11685360658824
3015975,2.80541050698759
3015976,325.2072451924264
3015977,126.8797295812187
3015978,67.0869798539253
3015979,91.25220592570577
3015980,21.95327319584713
3015981,1234.0627942694455
3015982,1.2100448408677114
3015983,0.08719915582315052
3015984,5.660450810966672
3015985,2.82587931900392
3015986,0.0
3015987,93.19413917601501
3015988,0.07334858119230396
3015989,0.0
3015990,0.7880416502012895
3015991,14.517179989077128
3015992,0.1587574842080784
3015993,93.95637111475484
3015994,65.26581750948377
3015995,0.4444245725137863
3015996,1.145269037916127
3015997,59.2134665401475
3015998,8.620350160476214
3015999,189.58708220393547
3016000,0.022387916974086937
3016001,0.7394228522478579
3016002,5.191163804666287
3016003,0.1524369063975754
3016004,0.7485383796297211
3016005,1577.6474188933016
3016006,0.04833292915008899
3016007,183.82562372674377
3016008,4.614227542754576
3016009,697.3871877180409
3016010,318.8004778229685
3016011,159.76538356847755
3016012,113.39472213294141
3016013,40.58598912050441
3016014,2723.8813149859907
3016015,2.4989769171001024
3016016,0.5842402638074
3016017,12.246553173336112
3016018,9.971362329441343
3016019,0.1397137280361045
3016020,187.9330551721115
3016021,0.322990048075515
3016022,0.0
3016023,6.66373496810677
3016024,30.650940435902275
3016025,1.5227099886456825
3016026,307.83120442118764
3016027,216.67727003535228
3016028,1.5231871662204637
3016029,3.4846312062281273
3016030,133.36491201340687
3016031,30.786031553698994
3016032,573.8857164935746
3016033,0.018628843134059197
3016034,0.7101677815632308
3016035,4.107500881740329
3016036,0.0016669141489658082
3016037,2.164700601900692
3016038,2221.043631256082
3016039,0.0
3016040,455.1622339095139
3016041,8.537225107378157
3016042,758.4426046055573
3016043,471.91183837032753
3016044,174.83133274136222
3016045,115.17245618561894
3016046,77.23165270829573
3016047,3308.508150651269
3016048,6.729748837810916
3016049,0.8861599643873317
3016050,23.45629835807826
3016051,26.636202967152016
3016052,0.11504518300919736
3016053,222.43763224332002
3016054,4.36477617746624
3016055,3.579141348548985
3016056,4.8621028866822416
3016057,47.8994929487488
3016058,2.050485619736668
3016059,242.75841613612167
3016060,225.55727237184772
3016061,3.79475489136093
3016062,5.613737914910911
3016063,109.11148814746646
3016064,42.46229062147837
3016065,392.58024244042775
3016066,0.8140535329267118
3016067,2.165380636227196
3016068,2.9065662109714197
3016069,0.0
3016070,0.22556926622253606
3016071,1260.641406993543
3016072,0.0
3016073,85.63663834456729
3016074,2.882412298013062
3016075,380.46794297723926
3016076,165.32595074070863
3016077,79.00990155589817
3016078,86.42696626771443
3016079,29.373542025611492
3016080,1507.492843581829
3016081,1.633191997625663
3016082,0.18408649587203973
3016083,6.59194990102181
3016084,4.842357463163368
3016085,0.0
3016086,102.77552804771278
3016087,0.07015396929062767
3016088,0.0
3016089,0.5339098378026974
3016090,26.32261322719597
3016091,0.49321439923297283
3016092,198.74226441614508
3016093,79.8409419908537
3016094,0.5784417498535657
3016095,1.268551700762616
3016096,54.172714669759834
3016097,13.289544118877501
3016098,244.15875274943997
3016099,0.0
3016100,0.11194531582570788
3016101,3.628334586816915
3016102,0.12249542803113653
3016103,1.1912492804410726
3016104,2131.2502169889144
3016105,0.05032453282980507
3016106,334.69047811199516
3016107,7.311331881222072
3016108,657.3528403061418
3016109,447.04425772004856
3016110,182.99998702637677
3016111,99.34159341175844
3016112,55.88758839364981
3016113,3007.3080376725998
3016114,5.747390196359466
3016115,0.7356200577404912
3016116,13.768762355877097
3016117,12.989046980215326
3016118,0.14110381431679145
3016119,177.6431978053815
3016120,1.203724056444592
3016121,3.648730781461061
3016122,2.7081112171773536
3016123,43.23448847144517
3016124,1.3774579446259727
3016125,255.575364591751
3016126,219.6649540185986
3016127,2.473701823379676
3016128,4.117743873795833
3016129,143.54793003368061
3016130,39.46769561473524
3016131,780.8850274480366
3016132,0.5627143227844063
3016133,0.7127395095253324
3016134,3.379995073022277
3016135,0.11928370924912754
3016136,4.9014432109438415
3016137,2530.8732903555047
3016138,0.028937827781207265
3016139,525.0441769279295
3016140,11.663640915658956
3016141,706.8498487800216
3016142,657.4588627883664
3016143,166.83109498823868
3016144,154.17292427113588
3016145,134.40512102424492
3016146,3380.1236581846574
3016147,33.98055702134751
3016148,1.7763323551809003
3016149,19.14282121726094
3016150,20.940264061377864
3016151,0.4125710259668464
3016152,229.16542516268836
3016153,10.628510263853299
3016154,17.947364300794316
3016155,4.372958474507384
3016156,89.53067732811819
3016157,6.0972466057926695
3016158,193.4947104261391
3016159,231.50054533147747
3016160,9.467770656522758
3016161,11.180619279694247
3016162,332.93504096875665
3016163,148.8230889519653
3016164,2448.9647516007562
3016165,0.22841842569802076
3016166,15.754021866978679
3016167,4.849970569372786
3016168,0.1965434505344374
3016169,3.143228775961699
3016170,2300.9266263425984
3016171,0.02893985434540398
3016172,485.19436132900796
3016173,11.43195943761939
3016174,788.2085306673026
3016175,641.1429905938967
3016176,223.515716624742
3016177,154.48967009758198
3016178,117.5484183536619
3016179,3236.933287502086
3016180,19.576352384326114
3016181,1.5951715992398752
3016182,25.521161572391073
3016183,23.396870589109636
3016184,0.4664062269441319
3016185,209.7078830496095
3016186,8.678395485001468
3016187,11.987068402238654
3016188,7.727991415200176
3016189,67.83731208158848
3016190,5.6521899398656865
3016191,203.76700583803063
3016192,296.53930538181504
3016193,6.894811389619093
3016194,9.55539467535435
3016195,262.7583773771954
3016196,123.04516182590129
3016197,1736.4909605896642
3016198,0.21496210811958913
3016199,12.870355937465671
3016200,6.433170538289355
3016201,0.41045080037840487
3016202,3.7228315465149704
3016203,3010.0292435772335
3016204,0.2387316320473744
3016205,472.42946635200536
3016206,10.741295304531468
3016207,1145.515875259872
3016208,562.5112234632611
3016209,219.4401864413726
3016210,156.46870333401787
3016211,85.45263011329654
3016212,4577.961411435779
3016213,19.41875077213273
3016214,1.5889835035724538
3016215,19.080774047776796
3016216,18.9444696577152
3016217,0.48446906037092446
3016218,264.73853568740185
3016219,6.6674839860952275
3016220,8.04540707936642
3016221,7.087806027997413
3016222,51.93368159702623
3016223,3.4374429578494734
3016224,259.79245333971016
3016225,276.9934398989045
3016226,5.000620972980236
3016227,8.31330925134747
3016228,177.85084711393893
3016229,68.39520428701952
3016230,862.263561643638
3016231,6.569014529499092
3016232,8.77181521707893
3016233,3.644577314183774
3016234,0.24122447987416681
3016235,2.5134695444081574
3016236,2413.635913023431
3016237,0.37560652300832276
3016238,356.19140255133584
3016239,11.346159577393113
3016240,647.8079847564284
3016241,526.300417861947
3016242,185.47964011365252
3016243,126.4066415255137
3016244,95.51102230971179
3016245,3211.373339223718
3016246,15.52530001375738
3016247,1.066710724802415
3016248,14.517457321309898
3016249,11.840817445006325
3016250,0.3707746842447468
3016251,179.764047672334
3016252,11.960668894756633
3016253,9.232654580380196
3016254,3.5932199981170934
3016255,45.96181067364935
3016256,4.584724615089342
3016257,331.34133122265786
3016258,191.84848005137502
3016259,4.186307049619744
3016260,6.258684814660169
3016261,352.3965996530612
3016262,75.6180100169521
3016263,1422.496237497159
3016264,0.3925583133358611
3016265,21.684287004934813
3016266,4.020025813892156
3016267,0.09847027354163969
3016268,1.1752917037850734
3016269,2595.9687475440837
3016270,0.046733009725765884
3016271,283.71293908815693
3016272,7.608781593280842
3016273,1079.3799883841325
3016274,443.34898336004164
3016275,205.36908723223132
3016276,118.21606835134838
3016277,58.933041218542755
3016278,3613.892470353478
3016279,7.769452579563469
3016280,0.845580682197534
3016281,18.344628648216563
3016282,12.64880367234893
3016283,0.12902881942887315
3016284,251.2924658169218
3016285,1.2024405116043462
3016286,0.712684012029394
3016287,3.694482347192828
3016288,29.829906863766393
3016289,2.1176573748662997
3016290,154.23672948593256
3016291,224.99257181458393
3016292,2.806511359893142
3016293,5.1541628394185155
3016294,131.49587568050495
3016295,43.33171470969464
3016296,777.4176909048756
3016297,0.3572496482776643
3016298,2.298236035691424
3016299,4.4215191545265755
3016300,0.1599213714263133
3016301,3.083719758431581
3016302,2197.9924288304783
3016303,0.26769402416146404
3016304,419.3132502752891
3016305,11.549962673980199
3016306,812.841868757462
3016307,561.3940434916443
3016308,198.47530422081945
3016309,151.55259743060725
3016310,110.09257812284395
3016311,3214.2377525759066
3016312,13.885733858792808
3016313,1.4830188152097996
3016314,17.705460677537197
3016315,18.678631716565796
3016316,0.3886616002093126
3016317,210.70835303909527
3016318,6.1646505269869625
3016319,9.2700330259565
3016320,6.07788298888696
3016321,70.86934902425155
3016322,4.7285095315475685
3016323,213.22389536656584
3016324,228.43211589215502
3016325,4.969919599953223
3016326,7.795377672913975
3016327,208.3519365449475
3016328,66.14455174101703
3016329,1395.6052195627572
3016330,0.6671721065772267
3016331,5.8961242605379605
3016332,3.1594312580967685
3016333,0.11308632974429819
3016334,4.962737359032626
3016335,2474.499350238982
3016336,0.3290064674499871
3016337,423.16902228103186
3016338,12.072908672731048
3016339,699.2625579564075
3016340,635.2577937712855
3016341,157.41290589550457
3016342,142.91856510188063
3016343,93.80919736865506
3016344,2660.7348615259866
3016345,20.573855280858762
3016346,1.7229767886676344
3016347,17.681127710027056
3016348,16.95918428745184
3016349,0.5740648491352809
3016350,186.06150932294457
3016351,13.733802306648771
3016352,26.13357326487535
3016353,5.081889667258506
3016354,78.59027352031264
3016355,6.984551202796429
3016356,205.36237535147288
3016357,195.2624808916849
3016358,7.150489479504866
3016359,8.97129166324599
3016360,228.22718981924768
3016361,76.73154308264793
3016362,1708.1134174363165
3016363,1.0027092295333144
3016364,15.104104072946857
3016365,3.922723667549927
3016366,0.0
3016367,2.1869771298322074
3016368,3563.3314439849473
3016369,0.0
3016370,409.2342494591219
3016371,8.623594993946314
3016372,1009.1164282253179
3016373,645.8947746860529
3016374,211.29569393377446
3016375,114.39753013015118
3016376,46.991477730419604
3016377,3263.7854208633157
3016378,6.0089364362459925
3016379,0.7937727564795722
3016380,15.642860897665209
3016381,11.24681653256382
3016382,0.3492176913730245
3016383,183.07613662602554
3016384,1.2740871569814858
3016385,2.9190939943720906
3016386,2.58918781814119
3016387,41.52086680773526
3016388,2.5523674845565423
3016389,240.58902992666643
3016390,227.1579531573624
3016391,3.7560878358319894
3016392,5.380773944269249
3016393,139.24454401206694
3016394,55.34845444663936
3016395,857.3187583752202
3016396,0.8036596185859783
3016397,1.1137873200258852
3016398,12.473170833709288
3016399,0.14174720878245387
3016400,11.327973514084904
3016401,7587.689288723048
3016402,0.41823139927013897
3016403,1243.0587062493812
3016404,26.067941061630098
3016405,2112.956737834251
3016406,1779.828153190349
3016407,540.3012645893667
3016408,429.42230628923414
3016409,365.52885352049236
3016410,8408.929801371292
3016411,68.02187797835738
3016412,2.8797352647107988
3016413,68.37470846779888
3016414,73.6244350543782
3016415,1.1774190113274385
3016416,592.5361634304276
3016417,22.187384706862563
3016418,20.90166165252981
3016419,33.041946279805664
3016420,260.9670360251592
3016421,12.344524441983548
3016422,908.159564883681
3016423,555.6325376104111
3016424,25.539409084890806
3016425,32.97604395617838
3016426,1035.8413472194063
3016427,418.29320874851203
3016428,6513.581804005079
3016429,325.73567486953283
3016430,74.32867307781932
3016431,11.046493913065248
3016432,0.10221270994695845
3016433,9.626696472346842
3016434,6270.03985335667
3016435,0.29482216858519855
3016436,1074.175574432636
3016437,22.127059794857473
3016438,1766.9554059753873
3016439,1652.8177158082294
3016440,515.1825408626373
3016441,363.32795004137535
3016442,316.4348070284998
3016443,7678.402919813198
3016444,58.94800841251816
3016445,1.463517774103393
3016446,50.06614615983474
3016447,53.860172020697924
3016448,0.8001069639788119
3016449,532.525017765656
3016450,23.672334282020657
3016451,16.595022518178876
3016452,14.686333851276197
3016453,160.9239547935224
3016454,9.950004821284878
3016455,903.5560472869033
3016456,559.7448779210608
3016457,22.589927031197455
3016458,28.946859893616114
3016459,1016.3773962432531
3016460,350.6303700215172
3016461,5324.231550079991
3016462,305.8722477700928
3016463,64.05398328581099
3016464,9.447593785290394
3016465,0.0
3016466,9.506586870776175
3016467,4674.277356799608
3016468,0.02305611192138341
3016469,774.2896868396474
3016470,16.919493890308807
3016471,1441.0562637506353
3016472,1101.511007613027
3016473,447.2699219679136
3016474,171.82335795257683
3016475,184.07646129705486
3016476,6825.536649652881
3016477,39.514408121097766
3016478,0.7606397121309088
3016479,30.695923978792884
3016480,43.495721006556145
3016481,0.3697027230540866
3016482,443.2357094741012
3016483,16.80584133099574
3016484,11.100399278947675
3016485,9.29819762691182
3016486,96.28294706314729
3016487,6.338709260944707
3016488,833.297869872007
3016489,523.6794147562712
3016490,17.067597554680457
3016491,22.568818150895815
3016492,680.3755637773236
3016493,172.63458293505948
3016494,2250.3989348447017
3016495,228.6771648874467
3016496,38.29272406131327
3016497,10.613701716076294
3016498,0.03680783339731456
3016499,11.204044965062634
3016500,5497.433864497736
3016501,0.18421637458588283
3016502,907.2743084919933
3016503,20.052020415213807
3016504,1801.2935910266997
3016505,1335.7920324367933
3016506,529.7215553820396
3016507,223.3663326794122
3016508,239.27381123967
3016509,7421.494755114189
3016510,50.40045422746277
3016511,1.3684773390195564
3016512,45.73871689122588
3016513,53.695636131154416
3016514,0.6694213183577853
3016515,501.8766044931619
3016516,29.332688011773023
3016517,17.198509238022357
3016518,12.189760319665263
3016519,135.39789186200767
3016520,8.685958385588053
3016521,859.6358022078306
3016522,551.7856535517857
3016523,20.734720997939007
3016524,25.993332532096517
3016525,853.0246314131297
3016526,250.53072173433685
3016527,3378.3291782046845
3016528,272.8565081907848
3016529,46.582968740339176
3016530,8.7670985277086
3016531,0.024787965878353992
3016532,9.671020459405801
3016533,3890.281043610114
3016534,0.09871220652229512
3016535,683.2407206204182
3016536,14.19790040174969
3016537,1240.554331658957
3016538,977.8581279938952
3016539,386.45493762435797
3016540,126.64813360216651
3016541,153.16663939313813
3016542,5282.866443944514
3016543,32.46351061702723
3016544,0.6388974118207502
3016545,29.323556720204245
3016546,31.353420456600347
3016547,0.2824015481197194
3016548,379.1885071273901
3016549,16.86295816800744
3016550,8.017825534993548
3016551,4.931492251767551
3016552,69.51722796142091
3016553,4.131867568592622
3016554,656.2063657965833
3016555,493.29355028626065
3016556,12.728701240481183
3016557,17.518507663564076
3016558,645.9726542132723
3016559,107.30318290290614
3016560,1337.3592946909016
3016561,186.06510639692868
3016562,24.05545025737507
3016563,8.880741557713739
3016564,0.0
3016565,8.480527639544112
3016566,5562.2451038743075
3016567,0.266997481899062
3016568,1015.7597577297004
3016569,21.719657988662846
3016570,1546.8783363265284
3016571,1483.6533287268321
3016572,387.1656078528682
3016573,333.3125818179441
3016574,277.3235971220094
3016575,6831.754538263578
3016576,54.08360113801794
3016577,1.1849710069334378
3016578,46.00837045361433
3016579,51.72668953026029
3016580,0.6337784919011418
3016581,480.5346461511165
3016582,18.542513684442827
3016583,18.089950253491807
3016584,13.17418198389491
3016585,130.25837231576585
3016586,9.395675542468924
3016587,910.5848162824421
3016588,451.5252424011407
3016589,20.197203505492954
3016590,29.26035144799269
3016591,815.7302023965065
3016592,287.6830493900008
3016593,4669.434120891259
3016594,267.47877747247486
3016595,57.83982429629846
3016596,4.8510776105677955
3016597,0.39973982090042487
3016598,3.7363035575981804
3016599,1728.8984403754441
3016600,0.4778255687635741
3016601,332.69228264444376
3016602,17.063781904586605
3016603,699.8074581264052
3016604,457.94690506239095
3016605,179.61529822007023
3016606,144.60295873488568
3016607,105.41865326080753
3016608,2422.097142776832
3016609,15.558312279369051
3016610,1.4631980930899537
3016611,18.224472399961364
3016612,16.674064723928964
3016613,0.6578995710612636
3016614,145.425325679732
3016615,7.61520406833348
3016616,5.007355191603415
3016617,8.853901004950034
3016618,61.82914864853496
3016619,4.972719065971432
3016620,265.66214250154695
3016621,191.70330392877665
3016622,3.459694135108222
3016623,6.1044856632635085
3016624,243.88210092315026
3016625,72.68480558047813
3016626,1038.0411374146634
3016627,0.24821713066393167
3016628,9.959322019183512
3016629,8.577462710169328
3016630,0.03003878648751754
3016631,9.469938219759431
3016632,3264.043556762673
3016633,0.15244329899306944
3016634,646.8494824130075
3016635,18.97625462731439
3016636,1231.5058729520053
3016637,882.2809597286466
3016638,378.1981900126793
3016639,125.31660023143873
3016640,144.69813869477338
3016641,4954.0334270525445
3016642,36.463568775557114
3016643,1.2896737718341043
3016644,42.868349275912465
3016645,39.7274286368929
3016646,0.5041776201010546
3016647,385.0075208489724
3016648,13.490219298682144
3016649,6.278946252967768
3016650,3.988423557647791
3016651,91.06266835942343
3016652,6.122484338129386
3016653,630.1877098471814
3016654,437.45018938760273
3016655,9.440156719465648
3016656,14.393396189744422
3016657,415.3032398492349
3016658,93.28126960625278
3016659,1416.9010918003198
3016660,204.90763448884402
3016661,18.478083449792646
3016662,5.246330262846033
3016663,0.0
3016664,2.8500227075099605
3016665,3588.9254849355593
3016666,0.0
3016667,747.9539890192367
3016668,9.364459155836947
3016669,1055.3194476408155
3016670,1041.999347231333
3016671,241.06204075891395
3016672,228.0162513109591
3016673,171.7595152334177
3016674,4591.576058627399
3016675,21.20523455081204
3016676,0.9451863099492397
3016677,17.372488458178925
3016678,24.392629310435858
3016679,0.5086929751609128
3016680,238.16504569992725
3016681,3.847052671692537
3016682,13.041360712611684
3016683,4.502385546703417
3016684,79.8271208718783
3016685,6.438536829878856
3016686,428.93114628822434
3016687,244.21362698448206
3016688,9.941148486740733
3016689,12.81745041136033
3016690,535.7384001534449
3016691,115.77926290813168
3016692,2687.784404814437
3016693,1.7842389000638192
3016694,32.5403179660086
3016695,7.638184949032896
3016696,0.5135458604284848
3016697,5.076214009355035
3016698,4244.242847779373
3016699,0.21525463967023345
3016700,839.760281253748
3016701,12.631430823251282
3016702,1146.4002702187634
3016703,956.092338854456
3016704,355.8773415437793
3016705,171.37117419729734
3016706,148.62761247938687
3016707,5657.262246709682
3016708,26.398636786289927
3016709,2.9654728348098067
3016710,29.800643798188474
3016711,40.91935930485757
3016712,0.7377345285892638
3016713,303.3708916948715
3016714,8.432966005623715
3016715,18.017914861516417
3016716,7.092319064355921
3016717,88.40622714438685
3016718,7.631292427739943
3016719,257.8383828082442
3016720,423.9560469380524
3016721,12.16825639433352
3016722,15.603284339320343
3016723,195.98403905161499
3016724,142.2115309905605
3016725,2899.5024998197455
3016726,2.9043002946696896
3016727,10.149172604883802
3016728,5.6271525200766535
3016729,0.42460434624723
3016730,5.017139667400222
3016731,2323.5496618998436
3016732,0.3443087694258509
3016733,448.4778790267577
3016734,9.631387073348476
3016735,731.8404216860465
3016736,504.72713194280135
3016737,209.20064770058218
3016738,95.51199786017821
3016739,78.00737761143748
3016740,2783.642550652693
3016741,11.925159430237127
3016742,1.5188959071051191
3016743,19.569216740602336
3016744,18.34024992773003
3016745,0.6244321462923048
3016746,172.03635058783524
3016747,4.397078841176658
3016748,6.920301687886485
3016749,4.372495276668275
3016750,72.77492281858324
3016751,4.084042817876123
3016752,153.73014500297992
3016753,225.21206868641374
3016754,4.669057036012902
3016755,6.926938033369483
3016756,159.30446739145162
3016757,64.02828684245901
3016758,1532.620699080012
3016759,0.7139426373797555
3016760,3.8889604505443147
3016761,4.1476952665231135
3016762,0.032924427493793186
3016763,0.47867707043837293
3016764,1735.506273154611
3016765,0.003837625015731357
3016766,132.5691165257048
3016767,3.8389377513345337
3016768,774.1279611764043
3016769,215.02414497437292
3016770,150.1216919691535
3016771,62.387730457763084
3016772,26.09461446838074
3016773,2313.007180350276
3016774,4.71430522685869
3016775,0.5901827702991824
3016776,7.992464170705752
3016777,6.149675968098956
3016778,0.09728483795960216
3016779,144.53485537493555
3016780,0.16457590779638506
3016781,0.049633794778738125
3016782,1.8208652957829123
3016783,14.839793929028927
3016784,0.8545467931355142
3016785,67.05790738653441
3016786,125.44289668510184
3016787,0.6945042920299715
3016788,2.198343672543442
3016789,49.80445539664482
3016790,41.69804172277279
3016791,191.08432279198513
3016792,0.002773571494004304
3016793,0.9550596036346624
3016794,4.654163367569901
3016795,0.1413461177980589
3016796,4.718432050927806
3016797,2811.339123854594
3016798,0.0907723597755202
3016799,528.1622796470673
3016800,11.636887727687888
3016801,841.0729943385729
3016802,722.1947276503681
3016803,272.19149391867523
3016804,183.20545056547684
3016805,138.90014580682225
3016806,3644.355225719912
3016807,24.165196090562578
3016808,1.569301860918915
3016809,24.061349274825556
3016810,25.103002731494524
3016811,0.49218902382529656
3016812,233.98409699526906
3016813,11.869296902876135
3016814,10.319356102998878
3016815,13.007571203471194
3016816,53.54926177053904
3016817,4.820687390864894
3016818,305.94843015519035
3016819,253.0403052018288
3016820,6.9934148558896565
3016821,9.30674565796936
3016822,476.8032887091919
3016823,133.9269576526965
3016824,2072.5880191621095
3016825,0.19983134111056147
3016826,27.154001714651226
3016827,4.476344087637173
3016828,0.03563527267288868
3016829,5.261596098926453
3016830,3327.255848126838
3016831,0.25492667452732837
3016832,604.9877266362165
3016833,14.441119744267187
3016834,934.0678211957753
3016835,821.8504564921593
3016836,251.71261195564063
3016837,226.12627721208707
3016838,170.30167906388263
3016839,4109.478372125597
3016840,28.74970967132619
3016841,1.6061218851901837
3016842,25.608495430151557
3016843,26.054437979114006
3016844,0.39784520957344893
3016845,225.34358118330297
3016846,13.216784340440356
3016847,14.634538891632861
3016848,8.838270664427812
3016849,103.91392087480635
3016850,6.7603131615164225
3016851,409.09303070030046
3016852,251.8511604370053
3016853,7.974679368499871
3016854,11.019377485045192
3016855,532.9181548155831
3016856,164.00873343139148
3016857,3483.5498215584457
3016858,0.3104639278098123
3016859,34.32440889573731
3016860,5.402247971540002
3016861,0.1416875203879109
3016862,7.01458000369454
3016863,3762.778529012144
3016864,0.33652658310656286
3016865,619.1794586144393
3016866,15.07298614214831
3016867,999.8205461703267
3016868,1018.1630519842959
3016869,266.7327138608197
3016870,268.2051222598835
3016871,202.90089785262543
3016872,4250.003707281356
3016873,39.36624247580102
3016874,1.8435002614701328
3016875,34.50628457185792
3016876,40.22396938867611
3016877,0.7102733487452144
3016878,266.89312522968555
3016879,20.031517231448646
3016880,21.138349267260978
3016881,17.122305888827245
3016882,158.07611723591435
3016883,8.259048853826595
3016884,540.8582926065831
3016885,289.2587041435985
3016886,13.745464692065468
3016887,18.123797259652843
3016888,602.952145833434
3016889,193.98721777961575
3016890,3428.3913223795475
3016891,0.44090388108869205
3016892,46.15757306575042
3016893,8.49435449254475
3016894,0.21747130070640439
3016895,4.931419060276992
3016896,3161.0328723791627
3016897,0.07694666588951114
3016898,474.77177108671174
3016899,10.954331208561399
3016900,1226.6308345844247
3016901,713.9269020410866
3016902,366.6001738392959
3016903,133.9184574231689
3016904,94.56632847862919
3016905,5157.346491651653
3016906,11.757172354535316
3016907,1.0141373131203903
3016908,27.128989499025675
3016909,29.096329580039793
3016910,0.22666136658200228
3016911,326.944245611341
3016912,9.44625307616219
3016913,5.377584412991914
3016914,5.739973035130615
3016915,42.41290091733434
3016916,3.653992510231718
3016917,438.21431012067217
3016918,314.7189377052256
3016919,6.098522388169683
3016920,9.400360798939424
3016921,311.467025030153
3016922,89.71967916741579
3016923,1099.5773091738733
3016924,63.77233671848755
3016925,12.111050677230233
3016926,3.8984494048477716
3016927,0.0
3016928,2.8898822458843485
3016929,2409.9806181960994
3016930,0.0
3016931,410.9130097161086
3016932,12.04318377601154
3016933,574.1040765393651
3016934,614.9071053176024
3016935,168.17003521722307
3016936,136.86695033891806
3016937,107.79848516985754
3016938,2812.601196467521
3016939,24.61746929849898
3016940,1.080452725548981
3016941,18.77425233468689
3016942,20.66064778428132
3016943,0.064622191985041
3016944,185.7556209549692
3016945,14.916279044652239
3016946,12.555254351889934
3016947,6.063020799496446
3016948,109.52100163172288
3016949,5.772074609246221
3016950,568.6280535962715
3016951,129.89431723127723
3016952,6.2445489741333775
3016953,7.795388968722085
3016954,507.091444570722
3016955,106.58337873185074
3016956,1750.1062959434241
3016957,0.03025950480880921
3016958,30.146562377405232
3016959,2.1518982714273496
3016960,0.0
3016961,0.6415156086332765
3016962,1030.2935092727
3016963,0.0
3016964,85.5058913839276
3016965,3.4273050845373643
3016966,493.5053810353226
3016967,255.49974239499898
3016968,220.9639910693423
3016969,33.017246504533446
3016970,25.852310564362973
3016971,2165.63356148002
3016972,2.9786850558623548
3016973,0.015837699743422147
3016974,7.325793336155986
3016975,5.987198933496735
3016976,0.0
3016977,144.9331685023267
3016978,2.068420605408768
3016979,0.0
3016980,0.9798671546863771
3016981,11.048571117082894
3016982,0.5917565232470892
3016983,103.19235972554162
3016984,130.69081994804893
3016985,0.7191662855477694
3016986,2.3685335335015494
3016987,134.08769635863143
3016988,18.43982154708092
3016989,203.0558786099696
3016990,6.491271030850794
3016991,1.5513317234576753
3016992,6.068957873492691
3016993,0.16693346527071504
3016994,4.871009325751032
3016995,3734.52186379832
3016996,0.0
3016997,533.8280809611257
3016998,12.881619543127485
3016999,1399.3616725382287
3017000,625.2928622135041
3017001,492.2974625897917
3017002,123.68116251972428
3017003,86.65551226056051
3017004,5477.144353159124
3017005,13.204638372886311
3017006,0.6620620111712376
3017007,28.020800266524564
3017008,25.72254808780123
3017009,0.0
3017010,362.8115249034134
3017011,9.196652880003812
3017012,2.932223291375651
3017013,6.026936283686086
3017014,62.67097653556944
3017015,2.9870581327574026
3017016,404.3158647066066
3017017,322.29949212920053
3017018,3.6221829869605306
3017019,9.083830696232518
3017020,430.4839250360024
3017021,61.599722788415576
3017022,911.915615492163
3017023,23.993616496196612
3017024,6.954381437408339
3017025,3.91856129886114
3017026,0.07940094774857162
3017027,0.844580881890441
3017028,1560.7077989308727
3017029,0.0
3017030,145.93528978911513
3017031,6.877101155763178
3017032,630.998462482832
3017033,337.5485539906809
3017034,220.65219350076083
3017035,50.64455132160219
3017036,40.06545827757927
3017037,2379.7771082467184
3017038,4.891578715863356
3017039,0.46623237864241523
3017040,13.438356558153119
3017041,11.117003806288444
3017042,0.0
3017043,212.5767756010067
3017044,2.419730074505815
3017045,0.08999937246577355
3017046,8.10410750163736
3017047,48.58680055352119
3017048,1.4205802362308577
3017049,129.79061124320592
3017050,148.10222685091432
3017051,1.484241579839781
3017052,3.7576844872174284
3017053,135.6645904270011
3017054,28.332771024288423
3017055,223.8411320417126
3017056,3.5615858440012182
3017057,1.9832282811641497
3017058,3.515851081614782
3017059,0.0
3017060,1.3418072752204915
3017061,1265.7945966093746
3017062,0.0
3017063,115.88113175732883
3017064,5.043216665077912
3017065,574.4698689724777
3017066,252.24536102228976
3017067,186.9967772991699
3017068,38.31749660397712
3017069,28.301865711756765
3017070,2078.319125005984
3017071,3.91960735322541
3017072,0.3045729670378662
3017073,9.764618217818748
3017074,10.865571832463365
3017075,0.057853292853948725
3017076,175.8616153156654
3017077,1.8880996055913113
3017078,0.0
3017079,1.9897249558079229
3017080,23.112185730484462
3017081,1.083258466780153
3017082,97.20224258825876
3017083,126.94658323457057
3017084,0.892123013157675
3017085,2.65451926449707
3017086,98.51589703330818
3017087,22.247225035245854
3017088,173.69946598566725
3017089,4.3036658292202326
3017090,1.2867085361417843
3017091,2.197714592767818
3017092,0.0
3017093,0.7994546266753353
3017094,1042.8809285324294
3017095,0.0
3017096,123.50812663204846
3017097,4.631535620446433
3017098,583.2647592707145
3017099,247.6219692256553
3017100,160.89847169644995
3017101,50.5438425852004
3017102,29.882574775828537
3017103,1876.6302521550379
3017104,2.9727312182994527
3017105,0.09946307675728132
3017106,9.588267178339782
3017107,8.594390114796386
3017108,0.0
3017109,161.23773201275242
3017110,0.8173339158115696
3017111,0.0
3017112,1.8317580011559085
3017113,17.931526878099753
3017114,0.9191327150271729
3017115,116.93583555657489
3017116,142.50055023949233
3017117,0.9777312873230148
3017118,2.4229623636391606
3017119,66.11530000514992
3017120,23.851198755510687
3017121,288.361540675328
3017122,2.764030985084017
3017123,1.4504252907602035
3017124,3.2871207338285
3017125,0.17922613787202935
3017126,1.237937551162692
3017127,1684.7345184773674
3017128,0.0
3017129,126.96603392848843
3017130,5.965270400611832
3017131,608.9463419265376
3017132,367.2087634124
3017133,223.9291484187895
3017134,59.50425398879324
3017135,49.434692758338855
3017136,2896.5840691154413
3017137,5.792149569902981
3017138,0.6174752059023256
3017139,14.93247835636968
3017140,12.227651874068258
3017141,0.04461694161421042
3017142,211.5049461157147
3017143,3.4874953910377204
3017144,0.22152670953793588
3017145,3.388027263998847
3017146,22.427673444640458
3017147,1.5200817585951474
3017148,138.47628754234924
3017149,146.58996477910443
3017150,1.4188931353640912
3017151,3.6995892915959017
3017152,108.13400755728513
3017153,30.315267137204746
3017154,434.3437968608901
3017155,2.18273926624905
3017156,2.961831774618904
3017157,3.256199995030337
3017158,0.0
3017159,0.46701781326832853
3017160,1181.01216842082
3017161,0.0
3017162,106.74877676522988
3017163,4.483646927767667
3017164,560.401140856091
3017165,243.39697887479738
3017166,177.58482537395312
3017167,84.14632057820472
3017168,30.718360099036104
3017169,1902.8750633869506
3017170,3.3180105960840427
3017171,0.09821678053237917
3017172,10.316083298234279
3017173,8.04094168968169
3017174,0.0
3017175,143.51694893195435
3017176,0.0984465975232095
3017177,0.0
3017178,1.544376726206751
3017179,32.74019030010671
3017180,0.9119607886435135
3017181,58.07106834430416
3017182,98.54348683210277
3017183,0.6182311491911421
3017184,2.144874950614435
3017185,75.062729376596
3017186,25.017453927337236
3017187,192.05225683989914
3017188,0.0
3017189,0.956341731912667
3017190,4.446379456307917
3017191,0.1617055528780522
3017192,3.041165942284442
3017193,2245.6157699609807
3017194,0.030555253036845174
3017195,286.6355928949159
3017196,7.248578783045534
3017197,927.6583894839927
3017198,483.2805817169419
3017199,348.57141499595326
3017200,115.76641634036703
3017201,66.76204131926548
3017202,3819.5200902986285
3017203,7.710023254616079
3017204,0.4948642339833738
3017205,16.60690105285728
3017206,13.776119859288563
3017207,0.10168173869961228
3017208,255.02673754169615
3017209,2.7622715154448367
3017210,0.6759031953951296
3017211,8.048781121758026
3017212,27.27070401113348
3017213,1.9578209640872903
3017214,177.08449456730185
3017215,197.0227060869279
3017216,2.2778848863109
3017217,5.276547109231118
3017218,293.7230254623228
3017219,47.29531114675344
3017220,718.6469157998008
3017221,11.26307467032064
3017222,5.780956495502366
3017223,0.0
3017224,0.0
3017225,0.0
3017226,588.1925285320854
3017227,0.0
3017228,75.20187722668118
3017229,0.0
3017230,130.84446117532104
3017231,113.19331744296568
3017232,67.24494529328182
3017233,25.40256356903177
3017234,6.324664080244098
3017235,788.5781123323458
3017236,0.4652663310280956
3017237,0.0
3017238,4.147793733086933
3017239,1.4018984100293306
3017240,0.0
3017241,66.2661468110375
3017242,0.0
3017243,0.0
3017244,0.7945594230245177
3017245,13.669112497996716
3017246,0.0
3017247,26.70328935016714
3017248,41.5423437985499
3017249,0.0
3017250,0.04924145153233633
3017251,68.95537909725843
3017252,9.812810685901047
3017253,171.75672532111432
3017254,5.609476190358106
3017255,0.3070105598469628
3017256,4.724972630727137
3017257,0.1877292801452489
3017258,1.8856792574899601
3017259,1703.2240414210016
3017260,0.0
3017261,219.3669823995695
3017262,7.067812563604868
3017263,652.2898645254097
3017264,354.5853855481958
3017265,262.8307420928708
3017266,60.35629413836656
3017267,45.2744463275952
3017268,2740.1765123877863
3017269,6.621253498404149
3017270,0.6694549435001098
3017271,14.037196078993102
3017272,11.719832854237913
3017273,0.1281326267058653
3017274,196.82876208810447
3017275,3.0511561052491967
3017276,0.3502265419650212
3017277,2.81865962231954
3017278,27.223600700833067
3017279,1.466240839487516
3017280,125.10473811390213
3017281,139.1909818109407
3017282,1.5174705211282222
3017283,3.8041937609386034
3017284,110.90455267661875
3017285,31.433893575476397
3017286,336.0678809669428
3017287,5.589830461302866
3017288,2.6770409549838265
3017289,5.102794651708145
3017290,0.07262749591607277
3017291,5.735868893161493
3017292,3147.8324761832873
3017293,0.05412943677083269
3017294,527.789572289689
3017295,14.271022067609737
3017296,767.5922101415981
3017297,793.4488206797404
3017298,249.09119056433894
3017299,171.97931916955739
3017300,169.83948202100837
3017301,3679.8073159713276
3017302,28.237495856379276
3017303,1.1419007360330906
3017304,24.365667786912603
3017305,24.192601720474375
3017306,0.1984831433652516
3017307,248.08961310758593
3017308,18.14857868264388
3017309,13.244329942226244
3017310,8.517215153341198
3017311,81.57347282539268
3017312,6.396921438088806
3017313,708.9655590096495
3017314,222.6294161208926
3017315,7.564345965039768
3017316,9.706605054556615
3017317,653.8537735646983
3017318,131.5914687710097
3017319,2201.7376222168746
3017320,0.15064636436638568
3017321,35.818797615854486
3017322,4.694731861465996
3017323,0.216019061164849
3017324,3.925127064877171
3017325,2679.390642263666
3017326,0.0
3017327,355.01045282719787
3017328,7.71603882306785
3017329,843.2943741933719
3017330,563.995489057849
3017331,362.46779004084226
3017332,110.72023610683557
3017333,65.76987988154137
3017334,3426.0427449044
3017335,9.216520750131053
3017336,0.5351453233424919
3017337,22.396107155696903
3017338,14.228417997036685
3017339,0.03314552586907747
3017340,248.46472330781867
3017341,4.550897132027749
3017342,3.0211165138407665
3017343,3.90782016907896
3017344,42.041260223732365
3017345,2.2685155768852923
3017346,137.27629507396924
3017347,216.74179447374223
3017348,3.4362457192814535
3017349,5.857820245043897
3017350,282.1876487905902
3017351,54.310210663820484
3017352,611.1959873959928
3017353,22.297023624352516
3017354,6.168048588947087
3017355,5.428566943774146
3017356,0.3751604637208172
3017357,3.505747712595654
3017358,1991.0408921047188
3017359,0.05205053144017613
3017360,274.4587133537119
3017361,7.143005281754444
3017362,810.3775054223339
3017363,408.86656430239964
3017364,277.00965238962
3017365,102.82849341011367
3017366,56.38175803362302
3017367,2963.017267467507
3017368,6.407152439741584
3017369,0.6163406674926941
3017370,22.499480181452064
3017371,20.352254682844013
3017372,0.4890142601993754
3017373,237.72204929761793
3017374,2.431995997003115
3017375,1.643522317718574
3017376,3.8345965582722803
3017377,74.2362679810044
3017378,1.6020372818754414
3017379,97.0964775990583
3017380,173.32739453553967
3017381,2.0782374390002794
3017382,4.250987619302062
3017383,185.9399043438839
3017384,55.925047906569
3017385,737.3163608864376
3017386,0.5274346526520655
3017387,3.0365567329140237
3017388,3.4732736053554456
3017389,0.14345107850947458
3017390,0.9856168447345113
3017391,1355.4062106331037
3017392,0.0
3017393,141.4488384584082
3017394,5.138806555186373
3017395,474.486195924783
3017396,260.03648876075897
3017397,166.24343184755384
3017398,75.66430083325675
3017399,39.13483992735185
3017400,2014.5793529759512
3017401,3.787265723999723
3017402,0.5265519894051662
3017403,11.623618034342547
3017404,9.418254271116016
3017405,0.2246689400776433
3017406,189.5444570240238
3017407,0.8874616717932806
3017408,0.21662987617991014
3017409,2.757679605820685
3017410,46.21952539929218
3017411,1.4691353697381233
3017412,85.8246184408348
3017413,115.9495035200811
3017414,1.266936433860629
3017415,3.2587827359258386
3017416,111.43567980532649
3017417,29.44771236098287
3017418,347.7079770736713
3017419,11.69163258737915
3017420,1.448955589876634
3017421,2.4400551979308833
3017422,0.0
3017423,1.7541048631652933
3017424,1428.0993899969264
3017425,0.0
3017426,242.48754556836542
3017427,10.43681232377326
3017428,414.620310485133
3017429,387.0475476184839
3017430,141.35391362319643
3017431,62.77148066748859
3017432,77.95993078451896
3017433,1991.5399559049972
3017434,15.994293458084222
3017435,0.34841472153893854
3017436,11.092664100648424
3017437,11.667918072794949
3017438,0.09225060922089257
3017439,127.08541967206983
3017440,4.855856091770309
3017441,1.9773786954174692
3017442,4.518459464381263
3017443,71.45429894219478
3017444,3.098980012544817
3017445,405.55674508953194
3017446,127.48930690307304
3017447,2.446293045161615
3017448,4.414947839264966
3017449,272.6482767954638
3017450,49.94644556921367
3017451,818.4844594049882
3017452,0.39374373041208827
3017453,14.87952653593894
3017454,4.003489618825936
3017455,0.1458799111156492
3017456,6.024586988365474
3017457,3734.008220491295
3017458,0.17606612469860147
3017459,729.1704080720847
3017460,17.514821544706653
3017461,908.3107141448868
3017462,1010.0789917438007
3017463,323.50384889891586
3017464,212.9682184504971
3017465,169.31835768636887
3017466,4101.797816932009
3017467,20.02042399470305
3017468,1.6293119285443685
3017469,27.26703565727715
3017470,30.205961509677447
3017471,0.34255625521504807
3017472,234.19446855099244
3017473,12.909179828627895
3017474,28.98416272634818
3017475,8.721461800215078
3017476,171.143390913609
3017477,7.8335933406697205
3017478,574.5684446718244
3017479,231.95748986803574
3017480,10.3276721581016
3017481,13.281830583869246
3017482,723.9027314792056
3017483,142.75734329245856
3017484,2499.425376062284
3017485,0.524740914952669
3017486,49.052166576471755
3017487,0.313084604988369
3017488,0.0
3017489,0.8028960494993154
3017490,894.0856205671654
3017491,0.0
3017492,146.42620873510052
3017493,2.6853349993706397
3017494,188.59874668170997
3017495,211.16266691786421
3017496,73.64176560148346
3017497,53.558372127020995
3017498,39.87736866753571
3017499,865.0005314888225
3017500,2.976049238702698
3017501,0.0
3017502,6.28264655794282
3017503,5.728152094799209
3017504,0.0
3017505,51.948998079467536
3017506,0.0
3017507,5.629995361991901
3017508,1.3813310869736553
3017509,66.0765760256829
3017510,0.9361818523098886
3017511,119.53515551599222
3017512,40.61053236006733
3017513,0.5380785656733158
3017514,2.1038607496537916
3017515,95.92419313515423
3017516,17.361527663293963
3017517,261.7783326109673
3017518,0.0
3017519,2.0596953014027566
3017520,2.999913457367749
3017521,0.010859329223828344
3017522,0.7356196030610243
3017523,948.3433648511623
3017524,0.0
3017525,176.22659211080173
3017526,5.48182185812195
3017527,292.9261942864038
3017528,187.1395609539257
3017529,83.12152372163783
3017530,36.687273190879736
3017531,35.37128097644738
3017532,1199.1496410569755
3017533,3.03667226421077
3017534,0.3620268197534068
3017535,7.176700529246382
3017536,7.752955434981725
3017537,0.1298047234866957
3017538,58.98023380262437
3017539,0.949953772373916
3017540,2.2519030870769337
3017541,1.440957434310664
3017542,43.79297222847785
3017543,0.5382002441314522
3017544,377.8553926436896
3017545,102.43365238025508
3017546,1.3505712900262856
3017547,1.8628739344688965
3017548,190.2685367846834
3017549,16.238082004368504
3017550,428.643540522885
3017551,0.10993943807832077
3017552,2.1730972632077608
3017553,4.005951005243215
3017554,0.33312142636715786
3017555,4.6541498739049665
3017556,2950.264793817097
3017557,0.34594849836257674
3017558,611.8369772976282
3017559,15.573614091777927
3017560,761.0613227467359
3017561,780.3124836139887
3017562,272.4846942926106
3017563,234.81586665231922
3017564,114.4575841664659
3017565,3313.830507631581
3017566,19.048871857383183
3017567,2.008543371095227
3017568,20.43919542329878
3017569,21.86573791576961
3017570,0.6852499934638561
3017571,180.67413683399423
3017572,6.129796037220217
3017573,29.349860296987988
3017574,7.139326006378042
3017575,156.46848861844404
3017576,5.70633897791897
3017577,411.92969507166913
3017578,212.58545260941116
3017579,7.610499649780886
3017580,9.383210624982995
3017581,528.4796105832161
3017582,109.04408719709606
3017583,1871.6886710901047
3017584,0.6124472046186542
3017585,35.35287198152967
3017586,5.403777304484183
3017587,0.11917156105275467
3017588,1.174688936916211
3017589,2495.5629072206884
3017590,0.01445764060544238
3017591,447.57115274516923
3017592,10.012592382445764
3017593,915.3503878345737
3017594,606.0575572733114
3017595,360.80659528743934
3017596,153.03635940089924
3017597,64.5568503031483
3017598,3145.2465768199813
3017599,6.23613452600821
3017600,0.8268910048942768
3017601,18.233233702846395
3017602,17.425872743260097
3017603,0.3928992085943773
3017604,234.5360172870592
3017605,0.7020542272007813
3017606,2.3395822732674074
3017607,4.3883195057824995
3017608,118.98768434249125
3017609,1.534492986428733
3017610,176.44062168387603
3017611,226.47664023865457
3017612,3.008278379113716
3017613,4.970753037752467
3017614,217.21272154432322
3017615,52.581197735259344
3017616,544.0786076398681
3017617,0.8913846471914901
3017618,3.2129227427669234
3017619,4.301017734423784
3017620,0.2652579501857317
3017621,2.8714768198747698
3017622,2504.285941975121
3017623,0.018819660012160237
3017624,364.62839150828177
3017625,9.287173245273495
3017626,850.3115446488497
3017627,554.6578799099802
3017628,278.8984504539011
3017629,109.01427693244624
3017630,66.58661877325956
3017631,3119.4779424512476
3017632,6.929029418724095
3017633,0.910290193108023
3017634,17.081836889338938
3017635,14.675179555712054
3017636,0.2726550253975985
3017637,218.4745598485158
3017638,1.1200160616956887
3017639,2.6605930791255608
3017640,3.601965494798347
3017641,104.19625564599791
3017642,1.9640474679543942
3017643,138.0912548475011
3017644,197.4577359969528
3017645,3.071551905580005
3017646,4.90906853731638
3017647,199.29347151436636
3017648,53.61011670014214
3017649,945.4611202898129
3017650,0.9899774281113645
3017651,3.4982126786423233
3017652,8.293304673049148
3017653,0.3772741093183189
3017654,12.01313105650143
3017655,7437.110566649414
3017656,0.401842435152602
3017657,1201.1202129091023
3017658,30.613542882989027
3017659,1661.86350385036
3017660,1902.0345164770356
3017661,462.7446044373674
3017662,397.0245413797889
3017663,292.8665876226481
3017664,7034.5958995111205
3017665,68.30918550744353
3017666,2.907309872114024
3017667,50.30899591890938
3017668,59.69557968843236
3017669,1.1704032025031204
3017670,497.9790045186972
3017671,39.8006090668781
3017672,40.174971807224516
3017673,37.491592413707316
3017674,319.3599737514192
3017675,16.370027282320237
3017676,1211.1196582705588
3017677,451.16733433872093
3017678,19.654719603633556
3017679,26.843844537432233
3017680,1466.3217485027524
3017681,393.7704202719552
3017682,6611.900061425757
3017683,0.5992550699003358
3017684,149.03723758473916
3017685,2.6272092884214753
3017686,0.028661299294467354
3017687,0.42670921937135775
3017688,1145.472012953391
3017689,0.0
3017690,125.39845692746631
3017691,3.950853169479651
3017692,432.6910898293256
3017693,219.2849854249266
3017694,130.68549817469614
3017695,94.37447919497133
3017696,35.31180886717595
3017697,1675.7611305539024
3017698,2.38522666388083
3017699,0.31147002124934353
3017700,12.748262157676587
3017701,6.0344959151907425
3017702,0.09139137730298079
3017703,122.76890725369806
3017704,0.40121520469208044
3017705,0.06680558510753178
3017706,1.5845512306560985
3017707,31.208815171766418
3017708,0.7028672393924522
3017709,57.240663947097445
3017710,79.37981408619743
3017711,1.208717698932079
3017712,2.425922137213714
3017713,90.82696026727254
3017714,21.436676634830242
3017715,327.608366362389
3017716,0.25441236657411
3017717,1.9408992967375247
3017718,5.679732625053975
3017719,0.4219032352536456
3017720,1.6887131085648162
3017721,2344.6844537834772
3017722,0.17697105954546058
3017723,442.4800179207841
3017724,8.680636392389028
3017725,1051.8296732677104
3017726,487.22443732204135
3017727,272.59119974844793
3017728,137.55136352543883
3017729,71.69502912817013
3017730,3673.57774546969
3017731,8.006355302712858
3017732,0.6704899373557707
3017733,18.485648489621177
3017734,15.742383210376094
3017735,0.2780130014223411
3017736,244.6755080049611
3017737,2.929339091673468
3017738,1.5751424458590542
3017739,6.482457663851633
3017740,54.04378680277124
3017741,1.9609761959552205
3017742,192.0903712294518
3017743,224.99215340488374
3017744,2.3939405178163393
3017745,5.439262842501315
3017746,203.12463627854547
3017747,49.559738113166254
3017748,418.5443743053837
3017749,0.7324036009978336
3017750,3.7092320600697963
3017751,1.49790883554192
3017752,0.0
3017753,0.1459010858266878
3017754,809.6202632912407
3017755,0.0
3017756,84.13086059708455
3017757,2.8690222001109422
3017758,361.9148321866809
3017759,160.2777874945058
3017760,109.43483601805809
3017761,86.74827976705274
3017762,25.161686606753175
3017763,1296.6152793476933
3017764,1.5922862566409286
3017765,0.03255226456088414
3017766,9.58624916513775
3017767,3.489383598481469
3017768,0.0
3017769,96.7756594190106
3017770,0.1377916613420146
3017771,0.0
3017772,1.0181573505753212
3017773,46.302906784372276
3017774,0.37829930338112877
3017775,50.66437936925222
3017776,67.83248376887883
3017777,0.5178051428397625
3017778,1.3171163080213142
3017779,48.36282684742412
3017780,11.14795157412304
3017781,187.9039526268408
3017782,0.011377831337562944
3017783,0.8006335675520677
3017784,5.356072848749188
3017785,0.06231444287374884
3017786,2.0544700808956295
3017787,1710.387226202125
3017788,0.0
3017789,182.54561550930168
3017790,4.936449378121567
3017791,660.1895135619742
3017792,314.62318171074264
3017793,190.1585484869283
3017794,121.76820364730212
3017795,45.643377860101005
3017796,2425.3513066287746
3017797,2.7458143929900176
3017798,0.49714613632770444
3017799,14.126784568962604
3017800,10.987101746116513
3017801,0.2578306816719123
3017802,208.42108904063923
3017803,0.3118038915252291
3017804,0.0
3017805,7.569017045316265
3017806,41.48321924040674
3017807,1.6707031854552095
3017808,131.42382424151512
3017809,172.9935507841265
3017810,1.5185810016187755
3017811,3.5135849131675103
3017812,224.84950646789022
3017813,31.84902144846299
3017814,624.9394192063294
3017815,0.0
3017816,0.6899279336951489
3017817,4.177893773119448
3017818,0.00462892745405592
3017819,2.305179239035396
3017820,2464.501526431504
3017821,0.0
3017822,467.34982911588514
3017823,9.845612749639297
3017824,787.1703611219432
3017825,524.0490300887624
3017826,262.6203650170394
3017827,117.5538719945539
3017828,87.2065187764539
3017829,3357.9423289261376
3017830,6.578014929388345
3017831,0.8508426901417787
3017832,28.783014597636683
3017833,28.497624907730682
3017834,0.06581033509791384
3017835,300.3999904909009
3017836,5.49968809707795
3017837,3.639509481325545
3017838,5.508414281234537
3017839,62.396572191513435
3017840,2.2587577471836218
3017841,209.55704099547472
3017842,237.4101646889397
3017843,3.808927165232169
3017844,6.15606375062477
3017845,153.51217195157557
3017846,40.15655031489553
3017847,553.1231219340532
3017848,0.8491045084447308
3017849,2.2807602916518532
3017850,2.8549628680771377
3017851,0.0
3017852,0.22918250635338325
3017853,1237.804297752157
3017854,0.0
3017855,84.12625829570669
3017856,3.0043529775511084
3017857,376.17583091247207
3017858,168.06579674378278
3017859,115.4558772469285
3017860,90.8454344650136
3017861,31.838755481609127
3017862,1547.0668182866502
3017863,2.0833203728040317
3017864,0.10316925296467677
3017865,8.371785026586316
3017866,6.691323371019665
3017867,0.0
3017868,95.62350828919023
3017869,0.1336192606506799
3017870,0.0
3017871,1.379654007394858
3017872,47.136488374382644
3017873,0.7245305918005855
3017874,83.4830287724655
3017875,88.81814312495261
3017876,0.647116075200842
3017877,1.5686534226260425
3017878,60.72944821745657
3017879,15.528205684749214
3017880,255.15714496455143
3017881,0.0
3017882,0.15908954157545935
3017883,3.674882208525844
3017884,0.08060121731558353
3017885,1.1916063934804413
3017886,2507.8641331108925
3017887,0.0
3017888,370.4328504317439
3017889,7.8812453986777165
3017890,733.1614061343251
3017891,515.5893348739687
3017892,248.01668087642557
3017893,106.7416929687487
3017894,66.83834182487811
3017895,3033.9792914454442
3017896,6.299741647049838
3017897,0.6081166119024484
3017898,16.670530699046022
3017899,14.813633996936892
3017900,0.18417936651328842
3017901,227.15191381892885
3017902,1.3285043384685955
3017903,3.911953364283085
3017904,2.979086705405564
3017905,113.1459248914261
3017906,1.6211363909648058
3017907,167.91517939464217
3017908,225.477051483508
3017909,2.4960868121503115
3017910,4.23467283196972
3017911,154.63729918550618
3017912,44.933377973773126
3017913,854.2957489511488
3017914,0.5876560108866515
3017915,0.7488984092173951
3017916,3.624023208495286
3017917,0.12621553088217038
3017918,5.323134298266339
3017919,2717.8791136312943
3017920,0.0
3017921,537.0280320754833
3017922,12.636186360701082
3017923,734.3288867342909
3017924,690.2150599466852
3017925,188.0921499717928
3017926,182.51415687782017
3017927,156.63392390239483
3017928,3441.1688745137008
3017929,35.94496682529991
3017930,1.71172456327051
3017931,23.02780654755983
3017932,22.919480240192495
3017933,0.31265883549406703
3017934,258.9295941422551
3017935,12.69679955890725
3017936,19.08847666695888
3017937,4.787378993044306
3017938,149.3051006018359
3017939,6.897854385377511
3017940,302.3414632634727
3017941,241.03621216922872
3017942,9.544712787993612
3017943,11.47013772319341
3017944,336.3840910388852
3017945,153.94528703324482
3017946,2662.879936358955
3017947,0.19772916267772378
3017948,22.872831880240383
3017949,5.304775044271319
3017950,0.19157206175358255
3017951,5.2849219612375045
3017952,2295.9312864988824
3017953,0.01778108976386768
3017954,481.75634707272167
3017955,12.854049237641618
3017956,763.8401771105171
3017957,646.1242668812436
3017958,228.07953451344184
3017959,156.07343515679352
3017960,151.264393848301
3017961,2993.658063461485
3017962,22.976453597871263
3017963,1.7442697313500606
3017964,31.972878821360197
3017965,27.732742979076217
3017966,0.4753072048382213
3017967,213.83293566908637
3017968,11.341984007061757
3017969,13.907194658039582
3017970,9.178161669174417
3017971,114.57770962536442
3017972,7.0143898189171665
3017973,274.09515074839766
3017974,297.0462550473545
3017975,7.682813550147165
3017976,10.925986309321216
3017977,251.3020047412841
3017978,140.57853135984473
3017979,1998.4585190714843
3017980,0.32439826262954713
3017981,25.259190756447083
3017982,6.308849238329045
3017983,0.27362607035693515
3017984,4.710002929179
3017985,3103.813115383631
3017986,0.1053742089758748
3017987,535.0178753428191
3017988,11.598929346478176
3017989,1214.8020567151868
3017990,665.0309007335076
3017991,275.376565714557
3017992,211.9532322605001
3017993,84.84010323106843
3017994,4136.135130690766
3017995,26.574077720462963
3017996,1.910337364399627
3017997,28.74506433392295
3017998,24.378328028228847
3017999,0.4913152032857958
3018000,304.4774767752534
3018001,7.754169890235493
3018002,8.906112094972647
3018003,5.902337564423149
3018004,109.39682810800022
3018005,4.502765037645973
3018006,183.81306315104266
3018007,319.41147008941994
3018008,6.470674342173716
3018009,9.926994216174089
3018010,271.5541480872845
3018011,77.01476730904572
3018012,1133.865107470741
3018013,11.864529878950343
3018014,10.309585724503702
3018015,3.8447819469688547
3018016,0.22322728927878419
3018017,4.051228047579815
3018018,2423.825802454271
3018019,0.33635392778510903
3018020,384.54477067675253
3018021,12.956918589737299
3018022,682.275135077595
3018023,564.7524329980757
3018024,236.31635058005105
3018025,139.37993488856318
3018026,116.08561646523282
3018027,3090.888243164888
3018028,17.188209464259607
3018029,1.1195012465130936
3018030,16.547697188270895
3018031,14.614470605279235
3018032,0.4018321527597221
3018033,171.67444992171596
3018034,15.03105633620764
3018035,11.479798309043014
3018036,3.540107790456821
3018037,95.98999891529074
3018038,5.154356692714734
3018039,493.55623320813055
3018040,194.9768817624856
3018041,4.732674880007513
3018042,7.0371540939518376
3018043,476.4172132298975
3018044,85.70528999247429
3018045,1541.571621486131
3018046,0.39853797231261956
3018047,38.46125392594397
3018048,4.13818206893015
3018049,0.07158541415354445
3018050,1.1259478872511073
3018051,2914.8522580202857
3018052,0.002369996589053678
3018053,298.5322291908045
3018054,8.32185941135282
3018055,1177.9795959170194
3018056,465.9038457643783
3018057,280.5801196593223
3018058,128.58606017966255
3018059,65.19846081757434
3018060,3725.224822328661
3018061,8.245199307331
3018062,0.818231946564753
3018063,18.145278538381014
3018064,14.712324583758411
3018065,0.08152888294950786
3018066,286.18561369062684
3018067,1.4701715564550093
3018068,0.7915623000968857
3018069,3.987158764315798
3018070,85.1648722201303
3018071,2.277694321608586
3018072,138.1763412021268
3018073,235.96231598477664
3018074,2.6017665367327996
3018075,5.133289711869547
3018076,207.58916740850503
3018077,42.54159858470047
3018078,655.9136705396776
3018079,0.2624002271633776
3018080,2.201371685485664
3018081,4.465043447774756
3018082,0.11438720982927626
3018083,3.0761804387204013
3018084,2303.2025140238584
3018085,0.21158192800729855
3018086,431.3118982340187
3018087,11.508639002842774
3018088,822.4250506910289
3018089,588.9116029891729
3018090,236.097606587492
3018091,142.44756457188222
3018092,108.91432463060445
3018093,3097.1749486569834
3018094,14.923171576523117
3018095,1.5543513713451422
3018096,21.754422728747407
3018097,20.747559181215326
3018098,0.5243876318656968
3018099,237.4114777230093
3018100,6.8106449752448235
3018101,10.19602157113441
3018102,6.836210204234329
3018103,122.2323918083088
3018104,5.337524143246815
3018105,255.06930174719514
3018106,238.43567126742153
3018107,5.145276934968445
3018108,8.201291599685337
3018109,248.22629914197245
3018110,70.23477940416059
3018111,1441.0290085288784
3018112,0.7007111045460672
3018113,10.503811739997234
3018114,3.1738876139066985
3018115,0.06456110577300951
3018116,3.1999187418770845
3018117,2712.7951486741636
3018118,0.24773539139948422
3018119,468.1645852699289
3018120,12.832676378384564
3018121,753.1080320659552
3018122,684.1817326171524
3018123,200.8747103819117
3018124,162.7260472109092
3018125,134.31999649989172
3018126,2759.573142520213
3018127,20.472858124719465
3018128,1.5828829098599506
3018129,21.35149096970321
3018130,20.16444774880063
3018131,0.569994521605613
3018132,263.4679984631216
3018133,14.947275969451054
3018134,29.504905165629385
3018135,11.017931567138497
3018136,128.1974022439774
3018137,7.804755029239132
3018138,261.5948140630257
3018139,225.32228781075455
3018140,7.402822609285131
3018141,9.447544955139406
3018142,294.4549146835864
3018143,82.72621988092617
3018144,1827.6326249759397
3018145,1.0075405800890986
3018146,25.129167931222515
3018147,4.115894609545589
3018148,0.0
3018149,1.2129423296865265
3018150,3827.1670463413516
3018151,0.0
3018152,464.30599426330747
3018153,19.179098828192544
3018154,1126.1565797888686
3018155,699.4112536692015
3018156,274.24466659809065
3018157,123.86931677696248
3018158,56.3013075534662
3018159,3216.4836954294165
3018160,6.592179969898524
3018161,0.8157424664645145
3018162,18.885364480119552
3018163,16.865514200602412
3018164,0.32796216056457345
3018165,204.7091658252849
3018166,1.6696424248822557
3018167,3.2910483801976502
3018168,2.991027579134564
3018169,80.76808362941138
3018170,3.0583785655274243
3018171,139.26497890469926
3018172,244.75809968188614
3018173,3.960179930127678
3018174,5.763044542589889
3018175,197.21403023298643
3018176,59.8120683249408
3018177,952.1528470739323
3018178,0.8988440327043086
3018179,1.2366212539283645
3018180,14.624909266622968
3018181,0.07351341170102865
3018182,13.284549276066183
3018183,9419.601740116155
3018184,0.3255056528981419
3018185,1394.356288115579
3018186,31.18510318587532
3018187,2157.404325257522
3018188,2187.807638949102
3018189,743.3100102008063
3018190,547.7575433428071
3018191,459.97197174774226
3018192,9187.927465812973
3018193,81.8543551185716
3018194,3.356338087767263
3018195,79.52387195577467
3018196,81.13946697584478
3018197,1.3855474505629557
3018198,718.0659497700707
3018199,35.917979258381585
3018200,25.33456735162198
3018201,45.45574762161075
3018202,414.4376019892534
3018203,14.85488177477172
3018204,1318.6605328837898
3018205,611.06852361773
3018206,27.70310187338842
3018207,36.74952636044353
3018208,1701.992403353948
3018209,520.064435383074
3018210,8370.535843979054
3018211,326.8402556709474
3018212,144.8198497677984
3018213,13.180438244462993
3018214,0.051923676972260586
3018215,11.64772490800316
3018216,8087.88433212431
3018217,0.24303655426001947
3018218,1389.21005048579
3018219,27.350149889006815
3018220,2256.8447736633184
3018221,1928.910677872357
3018222,723.9405058875586
3018223,459.7104303759059
3018224,326.498823923058
3018225,8815.751109368905
3018226,69.37604695056827
3018227,1.7260049752123674
3018228,57.81394701243592
3018229,63.15233680927028
3018230,0.943550458369617
3018231,663.7391747858186
3018232,28.181361487005603
3018233,20.74315663643049
3018234,21.301825456629604
3018235,264.7853880481249
3018236,11.821111471327566
3018237,1610.0704224761378
3018238,657.6746956175172
3018239,24.14291576161512
3018240,31.79000229595797
3018241,1796.8431005013886
3018242,428.45163722934103
3018243,6872.482974069535
3018244,328.9951802026836
3018245,109.48860207871509
3018246,10.93190170237452
3018247,0.0
3018248,12.178654359069341
3018249,5339.8415969088655
3018250,0.0011328386744354681
3018251,877.7155654681322
3018252,21.175884180990465
3018253,1493.2783170304347
3018254,1258.6705164388004
3018255,577.8323008530413
3018256,203.33734039823648
3018257,181.93626383526038
3018258,7253.025575068581
3018259,47.40360555707625
3018260,0.982711579184463
3018261,39.121342700649365
3018262,37.7532992947254
3018263,0.5050188271935017
3018264,540.2432011699128
3018265,20.116083175185178
3018266,13.60026317389095
3018267,10.888107996783866
3018268,180.36678838944664
3018269,7.7447853489002565
3018270,1391.785114437478
3018271,597.9992606200879
3018272,18.59781061829988
3018273,24.85398075339137
3018274,1086.3432722102834
3018275,212.35815175846412
3018276,2774.0855542758272
3018277,241.68499702233512
3018278,41.28363381930112
3018279,12.77575740930801
3018280,0.0
3018281,13.955672764248964
3018282,7100.532360355386
3018283,0.1537949508403628
3018284,1029.3951488982652
3018285,24.939064378925377
3018286,1949.3186157481275
3018287,1766.9610436795488
3018288,734.69489149777
3018289,301.47160387840154
3018290,298.44547371809637
3018291,8919.055115949763
3018292,63.01822911246971
3018293,1.4033184694970768
3018294,49.61544729021298
3018295,61.50466988325933
3018296,0.8079715197345381
3018297,595.429279902999
3018298,30.029241001655006
3018299,19.438081383247575
3018300,17.68748854705416
3018301,266.2634786131737
3018302,10.375803617772863
3018303,1559.4508166859257
3018304,704.04186882087
3018305,22.23652787971632
3018306,28.646592420652066
3018307,1365.815130108643
3018308,304.47188391267963
3018309,4323.671311194041
3018310,242.34853466884087
3018311,86.72231243497076
3018312,10.527884604819198
3018313,0.03590664725600082
3018314,11.734302195628105
3018315,4877.889813605866
3018316,0.1124867372910158
3018317,789.0083921119056
3018318,17.500155751850755
3018319,1448.2768953867094
3018320,1169.307469965132
3018321,540.3057798143437
3018322,150.95075403605648
3018323,188.81607430479866
3018324,6405.033314381526
3018325,37.88444643583103
3018326,0.7950519617121354
3018327,40.42350526031648
3018328,37.116373150431706
3018329,0.3704899433873513
3018330,435.4073411607637
3018331,26.203433976250384
3018332,9.582761720856524
3018333,11.83903488490619
3018334,169.93990465057573
3018335,4.947591299991038
3018336,1366.8411167835602
3018337,650.1945188538288
3018338,13.483476138336915
3018339,22.153780400356528
3018340,1051.685361682081
3018341,128.79190780556755
3018342,2060.682374229226
3018343,214.75365804184915
3018344,41.00084281208169
3018345,11.335739796451298
3018346,0.13609159359656656
3018347,11.138945437499189
3018348,6421.514822735262
3018349,0.4096871787713336
3018350,1114.504237910961
3018351,22.78203853998321
3018352,1780.6424509540022
3018353,1609.8488423598296
3018354,538.6510834048449
3018355,419.6031885138188
3018356,277.33499109605475
3018357,7417.29179679721
3018358,55.25719328942287
3018359,1.4223180479404371
3018360,56.35382462841927
3018361,55.610414808338305
3018362,0.8389096751517884
3018363,570.8111771408797
3018364,35.20001128458629
3018365,20.740274371023073
3018366,20.304402669870143
3018367,247.8610450350354
3018368,9.343822770403813
3018369,1319.7183505546625
3018370,536.3200041590737
3018371,17.490207163709886
3018372,30.580032192949187
3018373,1479.0093560352473
3018374,298.62265095644875
3018375,5981.157878812846
3018376,269.7665525640975
3018377,117.89730102780419
3018378,4.97250238665756
3018379,0.34988440963007167
3018380,3.958994809463764
3018381,1958.3802245614477
3018382,0.40048633253136545
3018383,361.95209547488554
3018384,18.770300406885408
3018385,726.2594378344447
3018386,479.09897083445827
3018387,207.26422979051284
3018388,110.39356653782204
3018389,123.994619127288
3018390,2562.9777934211784
3018391,16.644265788952772
3018392,1.5281688326217537
3018393,20.70236990197233
3018394,17.294377822494237
3018395,0.6968400690546934
3018396,172.05907898146887
3018397,8.703164089405602
3018398,5.310486750710869
3018399,9.35112953225536
3018400,86.50647144877436
3018401,5.663885208854193
3018402,274.7825523533607
3018403,194.46905770029613
3018404,3.736824341913941
3018405,6.558926407700757
3018406,276.4155739809647
3018407,78.19598413807064
3018408,1199.4062377149833
3018409,0.21170399272746132
3018410,14.752467565247102
3018411,9.82399825798811
3018412,0.1385410273880138
3018413,11.114230462063366
3018414,4003.3733836724728
3018415,0.24819945343053593
3018416,713.2298904848304
3018417,23.552616887669018
3018418,1371.1821876629926
3018419,935.1137867364849
3018420,447.7760280698572
3018421,112.25480209913114
3018422,188.4273054620254
3018423,5317.080079257422
3018424,46.18930682120626
3018425,1.1900728381064236
3018426,51.318934729278226
3018427,47.92941487814063
3018428,0.4968261613547831
3018429,449.47722289965026
3018430,21.658485521348744
3018431,8.053464195481984
3018432,4.736709062370671
3018433,165.75230708484787
3018434,7.727949479020305
3018435,804.7331995755545
3018436,503.28242830539864
3018437,11.214573317088453
3018438,18.63952365647925
3018439,634.1908439702669
3018440,124.64659277146225
3018441,1979.676158134332
3018442,208.62970761208663
3018443,19.218939345088355
3018444,4.729064578717104
3018445,0.04700234762586591
3018446,2.74482550201887
3018447,3979.9454194997033
3018448,0.1844894137377828
3018449,754.0333333377147
3018450,11.767132349063168
3018451,1056.4331956657104
3018452,1171.516257988613
3018453,292.0003524724408
3018454,348.75093358707704
3018455,146.14992031894562
3018456,4562.208294488385
3018457,21.73483866485866
3018458,1.5001263444740829
3018459,22.634849686447154
3018460,27.519910377689108
3018461,0.9600210293907685
3018462,257.4533297043554
3018463,3.9626680380284904
3018464,12.250763474522344
3018465,5.791256008407853
3018466,195.9606797103135
3018467,8.138586860262043
3018468,949.0858647675378
3018469,373.41104851112345
3018470,11.0382033292188
3018471,14.597379230801552
3018472,1568.762285135743
3018473,135.67157761517728
3018474,2842.231101314686
3018475,2.8201673458722296
3018476,72.44734226486035
3018477,9.1848122405809
3018478,0.6923872632101162
3018479,6.196558126786926
3018480,4912.516301743403
3018481,0.31278864388126054
3018482,911.618195534979
3018483,15.473693162086814
3018484,1271.1606041635323
3018485,1019.7078572763775
3018486,464.9602692809396
3018487,292.3095583038461
3018488,201.23172299639498
3018489,6176.593404919575
3018490,30.709811236696247
3018491,3.2430491918218136
3018492,37.87318907855608
3018493,34.794693975966865
3018494,0.769024997227383
3018495,346.0393318025157
3018496,11.000333385870471
3018497,21.790301616414695
3018498,8.666094441354756
3018499,201.77048267300614
3018500,8.835139865352934
3018501,855.2760638360656
3018502,416.8354858980892
3018503,13.753392100743405
3018504,23.181144173136268
3018505,751.1068027156884
3018506,156.91942238537519
3018507,2463.5749241019707
3018508,3.1738056530178795
3018509,15.29483436940382
3018510,5.970779993097087
3018511,0.4281822176810396
3018512,5.530474127211153
3018513,2417.1223120580444
3018514,0.342401652998755
3018515,438.8439327828126
3018516,10.655728913450355
3018517,787.5690705627056
3018518,530.4944307516306
3018519,275.5712086101749
3018520,138.50392634465555
3018521,92.94245615156625
3018522,2955.9723638371956
3018523,12.84342304631507
3018524,1.5374908547226407
3018525,22.628358374287853
3018526,22.170182855193616
3018527,0.7462008812562415
3018528,189.37280560994878
3018529,4.761615686324959
3018530,6.614894682811835
3018531,4.8246841301456085
3018532,139.52307690275907
3018533,4.5078337642041655
3018534,359.424357599461
3018535,227.34795199642014
3018536,4.714489523627754
3018537,7.208677454957298
3018538,301.5865571530804
3018539,67.2899892251819
3018540,1630.7275157953668
3018541,0.7642220430985132
3018542,8.00689502970842
3018543,4.267439370818998
3018544,0.0
3018545,0.4809487566855316
3018546,1855.0910667011183
3018547,0.0
3018548,151.90051395213837
3018549,4.286867559508108
3018550,721.2374927434137
3018551,225.60972280900393
3018552,201.63140244535543
3018553,67.38214719056917
3018554,27.909737752975445
3018555,2341.965069180644
3018556,4.819515494781905
3018557,0.5373798340285527
3018558,9.45187658324474
3018559,6.9508180560782975
3018560,0.10616974784287393
3018561,148.00064867103444
3018562,0.17339768014862678
3018563,0.05758486978275204
3018564,1.886493501444197
3018565,34.24484115508376
3018566,0.8780217241160841
3018567,45.765360810311314
3018568,142.89486391604058
3018569,0.5443788815862027
3018570,2.119958681205973
3018571,72.08939562000229
3018572,40.04847389121803
3018573,196.59328774350598
3018574,0.0
3018575,0.8574348410391219
3018576,4.601629916705794
3018577,0.3433656443177779
3018578,5.304982924051218
3018579,3022.9604427955583
3018580,0.0507043346060877
3018581,522.4220483150809
3018582,12.627713168613141
3018583,881.9392977877308
3018584,756.2342283339217
3018585,317.0008296929291
3018586,207.509648556937
3018587,149.12390358166525
3018588,3768.3127216815533
3018589,27.67985506388429
3018590,1.5156891168022515
3018591,20.99502292909937
3018592,26.65864916123213
3018593,0.5069587411639067
3018594,244.93939925567176
3018595,12.152217924051664
3018596,10.385350495172569
3018597,8.397223924069497
3018598,102.27458768561725
3018599,6.51376961748781
3018600,636.9284487603351
3018601,235.3367696851678
3018602,7.506716465395453
3018603,9.987437873616262
3018604,674.43157809739
3018605,182.28439797039056
3018606,2366.7966928539063
3018607,0.0
3018608,48.65437697224407
3018609,4.851233050244008
3018610,0.04542358188884813
3018611,5.985969053819447
3018612,3914.737836794783
3018613,0.22499445472685445
3018614,646.6837262518901
3018615,16.53981281528052
3018616,979.6238097288386
3018617,878.7877741740436
3018618,319.35051501336426
3018619,239.13325444121617
3018620,209.3720501611414
3018621,4449.369136924959
3018622,32.14538857199623
3018623,1.7677535944033242
3018624,29.563826845553187
3018625,28.137978180645487
3018626,0.4484994903354371
3018627,245.49219235747475
3018628,16.06304059803028
3018629,16.675929372243186
3018630,12.490247231846483
3018631,143.74831254137754
3018632,8.152861978102653
3018633,733.7231148160456
3018634,263.37994199093777
3018635,8.75685805480726
3018636,15.19583236150368
3018637,881.9073811829118
3018638,180.5268986499774
3018639,3141.50142795244
3018640,0.26202996921424837
3018641,63.82449851746195
3018642,5.801007898386809
3018643,0.1736150755032088
3018644,8.255693523777081
3018645,4805.464922010996
3018646,0.253200169114516
3018647,780.0148312404352
3018648,17.590373279476296
3018649,1131.6727866616047
3018650,1175.1069485869973
3018651,343.7563671966121
3018652,298.68504378756677
3018653,233.39164166905428
3018654,4555.20872870898
3018655,35.56859950126976
3018656,1.9825925049495474
3018657,44.34816370954007
3018658,40.72769829055477
3018659,0.7203396711572636
3018660,335.07576384577214
3018661,23.50276329885567
3018662,23.29583486972311
3018663,11.752607814845385
3018664,226.13122059609677
3018665,8.578645657542136
3018666,839.2980774102473
3018667,345.7981264677411
3018668,12.183049957965544
3018669,16.126823977558505
3018670,893.4186233472382
3018671,201.91929844228721
3018672,3935.3934168980727
3018673,0.3588519887965319
3018674,80.21098160712543
3018675,9.190807593786491
3018676,0.17333289910587707
3018677,5.650190584206999
3018678,3444.280878825698
3018679,0.0
3018680,463.0060655186173
3018681,11.828749992348667
3018682,1248.1297897903735
3018683,735.2825337326232
3018684,457.60510781901024
3018685,145.9878055094513
3018686,106.03034039319814
3018687,5352.6363602604715
3018688,13.633881041750143
3018689,0.9324772706699651
3018690,30.197669559611178
3018691,30.416382771042326
3018692,0.20831554849200432
3018693,363.825110363301
3018694,11.308594487559695
3018695,5.429255833212341
3018696,7.962422564021226
3018697,57.51312944266792
3018698,3.894342200509527
3018699,324.03966696243623
3018700,310.6816155575781
3018701,6.221950883668245
3018702,9.599374787066784
3018703,472.45298930560637
3018704,86.14084625176349
3018705,1280.74745399488
3018706,63.01392869854939
3018707,12.686611678858359
3018708,3.59853658581783
3018709,0.27149531928925486
3018710,4.684452093996244
3018711,2017.8943327879658
3018712,0.2927005793933222
3018713,344.60884719266375
3018714,10.567781605007392
3018715,617.8052547430412
3018716,555.4257136539635
3018717,145.9765684190496
3018718,129.54558646928507
3018719,98.99057503667328
3018720,2557.1523343405725
3018721,13.426814067313071
3018722,1.973072887338815
3018723,22.506090878387614
3018724,21.493846741754584
3018725,0.4908168343484679
3018726,148.40672639721984
3018727,10.083867613669018
3018728,12.405358353615771
3018729,4.04407315867554
3018730,144.13554366050556
3018731,4.883199951522358
3018732,233.87647392091364
3018733,171.5320736937786
3018734,4.287102137511514
3018735,6.286301903630012
3018736,297.63051668344826
3018737,77.80520455172103
3018738,1569.9194670838508
3018739,0.35663744617674636
3018740,21.468116902943986
3018741,3.4616408568396064
3018742,0.021931426455364656
3018743,1.248934372284567
3018744,1470.5380890403583
3018745,0.0
3018746,110.76214938383984
3018747,4.796126039787597
3018748,692.1187669704194
3018749,342.03567482020907
3018750,219.6773326614373
3018751,53.555777430885094
3018752,60.67876277001005
3018753,2660.368340142601
3018754,5.025558656706231
3018755,0.5791206069974018
3018756,9.71817281332643
3018757,7.723879289263312
3018758,0.2673487199370868
3018759,210.72547138349572
3018760,2.8481556799703642
3018761,0.0
3018762,1.5729271455231917
3018763,13.287093398008901
3018764,1.0215343381238462
3018765,129.70280216093843
3018766,205.86383038916355
3018767,1.298698916077086
3018768,3.504069470954142
3018769,181.7665890072059
3018770,29.233839496588985
3018771,360.1593986434409
3018772,9.394742169627616
3018773,2.8790644802207406
3018774,9.816052794697628
3018775,0.34494943806100836
3018776,6.9354537027232
3018777,5039.401631604324
3018778,0.130963364183086
3018779,691.2087859788945
3018780,14.664171293089979
3018781,1930.7560292199453
3018782,858.0944629919665
3018783,520.237799381091
3018784,160.22871812449281
3018785,174.13184438989427
3018786,6668.712816453154
3018787,15.393537926619697
3018788,1.315179514668198
3018789,36.23053526577182
3018790,33.28212729618543
3018791,0.19946724421496828
3018792,388.2285356617663
3018793,11.180592648705543
3018794,3.697307114369581
3018795,7.474267698594655
3018796,102.7440130197283
3018797,3.4869701565360565
3018798,433.1241012052869
3018799,485.340784302279
3018800,4.3063639109643805
3018801,10.5764510928524
3018802,407.0551550161351
3018803,87.39454282826959
3018804,1245.9776219336748
3018805,63.556520520151395
3018806,10.269371958121276
3018807,5.767335627608408
3018808,0.1604216969071743
3018809,1.1108145969581322
3018810,1873.3561133311475
3018811,0.0
3018812,158.96576782017212
3018813,7.4423382001664855
3018814,773.1113323596492
3018815,408.32510108404455
3018816,203.18609466668528
3018817,63.3309681072075
3018818,64.44984677930847
3018819,2811.8178785389036
3018820,5.947688102282679
3018821,0.8358672942222873
3018822,18.07744067631821
3018823,15.811908125556858
3018824,0.19183313695492168
3018825,231.63323582507172
3018826,2.444104582474922
3018827,0.1791461270366402
3018828,13.18525642505951
3018829,63.25779826385832
3018830,1.6163242221249932
3018831,153.84328422400134
3018832,212.1582575309603
3018833,1.971489967938441
3018834,4.690836124437915
3018835,184.55117974026425
3018836,34.89126720767637
3018837,371.7552309705096
3018838,5.294229916565022
3018839,3.7780638503462214
3018840,5.86789726324943
3018841,0.1855980130704686
3018842,2.17723925849075
3018843,1769.6013099332133
3018844,0.06323761274724332
3018845,160.60420779559198
3018846,6.372808226180675
3018847,853.7496474169071
3018848,375.6264755872658
3018849,206.18630336072448
3018850,55.91446130757849
3018851,60.085799071655
3018852,2885.8468026127616
3018853,5.453165776029079
3018854,0.7850685319960626
3018855,18.49155289375423
3018856,10.143825325595659
3018857,0.3162108358419339
3018858,228.46138809810117
3018859,2.4786650470093443
3018860,0.09130599813673858
3018861,2.7398021638176098
3018862,25.087976854959745
3018863,1.5116719738822049
3018864,125.94511305798204
3018865,211.0384267606264
3018866,1.4712039312534255
3018867,3.7729784535493947
3018868,139.920815638242
3018869,30.545938693781093
3018870,337.2221241651663
3018871,9.192593829276873
3018872,3.156196871721211
3018873,3.0764651610830107
3018874,0.0
3018875,1.3006641794835048
3018876,1370.9985888913557
3018877,0.0
3018878,142.43218454995522
3018879,5.234868129066186
3018880,783.2628008504416
3018881,354.7226918019893
3018882,166.9587412761197
3018883,66.16940844301361
3018884,65.60531042146255
3018885,2306.099803725521
3018886,3.789982966911481
3018887,0.404543776748169
3018888,15.684408912742622
3018889,12.531488011125946
3018890,0.01526086040363199
3018891,189.4053834854491
3018892,0.9005451145031134
3018893,0.04953352379079513
3018894,2.2915175276059236
3018895,18.0332129416021
3018896,1.1500443415772108
3018897,134.58197258476685
3018898,207.54484298518233
3018899,1.3814851609114722
3018900,3.1217601843165523
3018901,96.33509103797388
3018902,30.531586995986636
3018903,388.6794188813749
3018904,5.716755573746398
3018905,3.588200017296213
3018906,3.979047357678538
3018907,0.22887849786277487
3018908,1.398177372018873
3018909,2020.5978369127886
3018910,0.0
3018911,167.95027332449243
3018912,6.346976964035202
3018913,927.4724772519405
3018914,442.85148195926445
3018915,224.57764566278206
3018916,76.98868125976594
3018917,69.74065352879586
3018918,3063.704075016006
3018919,6.439736305927157
3018920,0.941879705216544
3018921,20.347196065836666
3018922,16.929032015039944
3018923,0.23059237637886115
3018924,210.66296918825643
3018925,3.1446723213346086
3018926,0.21184208586933762
3018927,3.9509291836808345
3018928,46.2049781046074
3018929,1.5055483019737341
3018930,150.42800932921355
3018931,212.95113201851575
3018932,1.6251801994907176
3018933,4.297211644380075
3018934,111.26163589065678
3018935,37.22002109518018
3018936,488.3713475814507
3018937,5.946553890219902
3018938,3.7415115969870483
3018939,5.407851314052177
3018940,0.05334393554844407
3018941,0.7682121622475118
3018942,1666.0146796548822
3018943,0.0
3018944,143.1147424639771
3018945,5.484906703111828
3018946,926.617295287998
3018947,345.7637198681808
3018948,197.26072468061497
3018949,120.42890461164727
3018950,62.03921951099402
3018951,2500.1747244786416
3018952,4.3686665790023325
3018953,0.5867361245130029
3018954,12.435086612034883
3018955,9.41044787604859
3018956,0.2552765383736153
3018957,214.39836303114498
3018958,0.34438315607413766
3018959,0.0
3018960,2.22815110218339
3018961,56.378341693235406
3018962,1.2924739766923228
3018963,68.74036180189653
3018964,171.9620034934297
3018965,0.9878970293590685
3018966,2.8632846581633515
3018967,101.68163394867683
3018968,35.67086345705104
3018969,229.16335127706003
3018970,0.0
3018971,1.069209080737882
3018972,6.718252148849329
3018973,0.4470328415793836
3018974,5.676350860596526
3018975,3818.2695354149064
3018976,0.0
3018977,440.5787792411723
3018978,9.364358061914674
3018979,1382.319836430489
3018980,858.9768689574976
3018981,441.6052559079186
3018982,192.94345591710567
3018983,221.3954933642264
3018984,5151.782634984751
3018985,14.217778371225096
3018986,1.1858268520549955
3018987,33.670060293956304
3018988,30.924424719634604
3018989,0.30911552086051663
3018990,301.03347866343404
3018991,5.393240694345887
3018992,1.2026169199960584
3018993,19.44116001664821
3018994,31.67900433900077
3018995,3.029526578645479
3018996,187.46096546689134
3018997,358.18370106363415
3018998,4.677200693374773
3018999,8.392331650761996
3019000,332.40649531551946
3019001,118.6671419961675
3019002,1177.4519090536214
3019003,17.787259397868855
3019004,10.180240639229
3019005,0.0
3019006,0.0
3019007,0.0
3019008,526.789561627055
3019009,0.0
3019010,65.3940191113226
3019011,0.0
3019012,139.28382955994135
3019013,100.7056231530969
3019014,55.160652397027945
3019015,23.068473859157642
3019016,22.00865834028186
3019017,678.2312007657684
3019018,0.29583164729867495
3019019,0.0
3019020,4.100272420783714
3019021,4.297621036992209
3019022,0.0
3019023,60.114951974229605
3019024,0.0
3019025,0.0
3019026,0.0
3019027,22.97300702384137
3019028,0.0
3019029,21.358535549844845
3019030,47.76737179842934
3019031,0.0
3019032,0.0
3019033,46.56518772174132
3019034,4.822116734612152
3019035,157.45030556990258
3019036,9.069892051818064
3019037,3.476722856146652
3019038,8.655703866621327
3019039,0.5033020506378374
3019040,3.1938029252688853
3019041,2649.4745198087344
3019042,0.20172469086496853
3019043,267.1185914029313
3019044,9.748356107638338
3019045,1039.2205143220497
3019046,556.4190566844159
3019047,301.86004805804555
3019048,98.71905241560576
3019049,73.27858304786423
3019050,4031.9160430435472
3019051,9.569215544025855
3019052,1.3727363208647905
3019053,23.410061763708555
3019054,15.832583035197093
3019055,0.3571417291826431
3019056,277.6953861340357
3019057,4.666225708300823
3019058,0.7645822002924372
3019059,4.079745035355111
3019060,32.09509740877748
3019061,2.2225723270842934
3019062,175.674312440826
3019063,252.30974976002693
3019064,2.5356540946166044
3019065,5.4396672907871615
3019066,181.27938003407618
3019067,46.47827033725792
3019068,561.6268010350424
3019069,7.701213361202985
3019070,4.681701937316007
3019071,6.87577741247054
3019072,0.19279820404209108
3019073,8.477630196575559
3019074,4433.014716788322
3019075,0.1513754847576732
3019076,658.1996298046968
3019077,15.474436783709855
3019078,1015.1264753538461
3019079,971.0109613892411
3019080,266.4409229839887
3019081,232.4888900426667
3019082,198.6622477199068
3019083,4635.409074013412
3019084,29.805419233714062
3019085,1.7674294031338538
3019086,30.560830385546865
3019087,31.78507528380173
3019088,0.3023604486158194
3019089,273.95537426408407
3019090,22.273139453953565
3019091,15.479003559254146
3019092,14.454720413576064
3019093,149.1468186913281
3019094,6.756500669358136
3019095,443.3555443834788
3019096,313.0074546535145
3019097,9.14940861255775
3019098,11.688150384810681
3019099,536.5520633298568
3019100,170.07449682644415
3019101,3146.471519274615
3019102,0.27987673998729895
3019103,26.313546936960634
3019104,9.137147975987185
3019105,0.35792114234427924
3019106,7.9453796242342705
3019107,4589.140141540665
3019108,0.06951902557763363
3019109,621.9073283691642
3019110,11.547405036924221
3019111,1415.189175563548
3019112,934.0293571076612
3019113,429.40356632290997
3019114,181.76103332524391
3019115,193.21679569461529
3019116,5039.817476984841
3019117,14.451168154789382
3019118,1.5023952310211501
3019119,25.78804084878489
3019120,34.27703576778993
3019121,0.35968633083925516
3019122,419.56478052638573
3019123,9.230529243486995
3019124,5.80539464471322
3019125,16.95479974048655
3019126,100.64076521189203
3019127,3.4997911205803307
3019128,264.6230533824683
3019129,395.4251632277185
3019130,5.965848828790597
3019131,9.277372276057857
3019132,286.2230392923136
3019133,101.45727712893381
3019134,1574.4356636620441
3019135,17.62221804058889
3019136,18.07471674513196
3019137,10.563213133568086
3019138,0.9474245518177666
3019139,6.26552103561682
3019140,3790.2998712529957
3019141,0.43185804791795457
3019142,450.524806873309
3019143,11.42311358734455
3019144,1484.5176812822574
3019145,782.1442269527081
3019146,419.21222853763635
3019147,182.1366579409864
3019148,141.62534848952134
3019149,4635.586579692603
3019150,10.864013067384153
3019151,1.7259130926053343
3019152,38.91990808150614
3019153,37.28949619567798
3019154,0.8552444828364145
3019155,409.25700270554677
3019156,5.4795043958922465
3019157,3.507126085510632
3019158,6.985957680861198
3019159,121.31478175697568
3019160,3.283455073038261
3019161,156.59867672572716
3019162,352.8792891703217
3019163,4.12781123950048
3019164,7.348499916651152
3019165,218.8372209569597
3019166,77.471736291757
3019167,1281.8786143384061
3019168,0.981402452415209
3019169,9.71836255360918
3019170,4.575562045322112
3019171,0.26764931770122496
3019172,1.294185895869104
3019173,1714.644353037953
3019174,0.04452930696409306
3019175,137.1415051936472
3019176,5.836573407653584
3019177,621.1199860074294
3019178,335.24503028980155
3019179,167.16550779667284
3019180,89.88060273082185
3019181,75.91695844955325
3019182,2341.4303557414505
3019183,4.829912461712647
3019184,0.9392340951473976
3019185,23.78659543018984
3019186,10.931231025717693
3019187,0.4146559891659509
3019188,220.57437486647822
3019189,1.1106231974343532
3019190,0.36047649482454797
3019191,3.3559274666791516
3019192,65.41624483272551
3019193,1.8436003176132747
3019194,105.61326729315056
3019195,171.4827837499395
3019196,1.7317251659898285
3019197,3.8980214750898714
3019198,120.49417129180407
3019199,36.550124564001315
3019200,452.9368784726904
3019201,14.959966037104563
3019202,1.3473278345597066
3019203,2.9341064117240934
3019204,0.010005429876631373
3019205,1.6257463977846753
3019206,1938.2175390307123
3019207,0.05329044572855166
3019208,318.1233988435931
3019209,11.798862273143731
3019210,579.736145866296
3019211,529.7228447161126
3019212,147.11860099399289
3019213,103.09276811603405
3019214,95.71679560114379
3019215,2260.898810029894
3019216,18.843542576289824
3019217,0.7959240964565508
3019218,12.48340840311422
3019219,15.769197272430358
3019220,0.3248223116672444
3019221,144.61847590378676
3019222,6.39109802762129
3019223,2.757964242684953
3019224,4.219851590154586
3019225,125.3931171673535
3019226,3.7486209182389034
3019227,426.3145098141622
3019228,203.69092843807638
3019229,3.043696487260532
3019230,5.353611045083929
3019231,327.2455908916664
3019232,73.43216179221534
3019233,1447.3385156132956
3019234,0.3800788328351746
3019235,12.161930444911663
3019236,4.407361118678855
3019237,0.20528921722430163
3019238,7.544400776156023
3019239,4501.168432836516
3019240,0.2256274508799616
3019241,833.0266078471418
3019242,17.254497603785904
3019243,1099.8746692672853
3019244,1196.6081091184271
3019245,320.4493125140773
3019246,236.04993954114013
3019247,187.54843764156882
3019248,4095.9699370057033
3019249,22.723462756858112
3019250,2.2856616196391353
3019251,36.23052937561255
3019252,36.62519909287572
3019253,0.5032312094843929
3019254,235.0028454374717
3019255,15.845826007751189
3019256,25.65101606406082
3019257,9.284015963480519
3019258,236.1652388171312
3019259,7.978423082717949
3019260,400.3889373860043
3019261,350.8060134338627
3019262,11.064512642342272
3019263,14.210832660940751
3019264,463.84866725451747
3019265,181.91533508908736
3019266,3527.91028859305
3019267,0.5362787856095252
3019268,21.51601147027365
3019269,0.0
3019270,0.0
3019271,0.0
3019272,489.512328788756
3019273,0.0
3019274,68.7229450266471
3019275,0.5591425356937798
3019276,97.48594454307315
3019277,103.36212740345908
3019278,26.409393462085642
3019279,18.44477560784973
3019280,17.84745109775748
3019281,372.11879499083244
3019282,1.499873187340122
3019283,0.0
3019284,2.1823021581524644
3019285,2.844113169215545
3019286,0.0
3019287,23.34421604903391
3019288,0.0
3019289,2.1006148985059028
3019290,0.17489735034784906
3019291,26.965285053817517
3019292,0.0
3019293,35.8819337703836
3019294,27.030770696320946
3019295,0.0
3019296,0.573980851394732
3019297,35.43904977592288
3019298,13.918694480136946
3019299,165.3803637928582
3019300,0.0
3019301,0.0
3019302,4.110247906718588
3019303,0.09112967115475262
3019304,1.1294842006681356
3019305,1316.7570081862107
3019306,0.041324970582988084
3019307,233.3407219385409
3019308,6.26816594903513
3019309,405.8268359004312
3019310,279.30788270491485
3019311,96.30385539084902
3019312,55.233255249271345
3019313,54.52107834469252
3019314,1665.9983815060762
3019315,4.735403498393482
3019316,0.8174404108720015
3019317,13.662486036045824
3019318,6.94946867059076
3019319,0.23400091296549888
3019320,84.55733549430236
3019321,1.6161387796041082
3019322,3.362887927983633
3019323,2.1706524162143572
3019324,67.9325148390902
3019325,0.9898988660773185
3019326,229.6487001900273
3019327,181.41555512363144
3019328,2.108509794930925
3019329,2.7860037279913716
3019330,119.52499433991827
3019331,25.08747165980796
3019332,673.9198454476507
3019333,0.32044809313107564
3019334,2.5817933153065153
3019335,5.577616577085558
3019336,0.288066840549764
3019337,5.029701027494108
3019338,4604.774477139969
3019339,0.2549843166785868
3019340,835.599870480898
3019341,17.432839756492317
3019342,1099.4870037275905
3019343,1114.8409423339522
3019344,328.0775097731877
3019345,264.6730660708258
3019346,183.04169951652554
3019347,4543.5592849562
3019348,23.715903315799373
3019349,2.1359114962871093
3019350,33.620548006102695
3019351,33.902151350533174
3019352,0.5183576294550247
3019353,244.51944373848173
3019354,12.830535916031412
3019355,32.03749486855634
3019356,7.691013617254466
3019357,206.3564856329209
3019358,6.064115161383295
3019359,382.6472132609584
3019360,318.030765327678
3019361,9.855701662154312
3019362,12.090649953512804
3019363,457.70572267675425
3019364,160.46781610657982
3019365,3011.885053987212
3019366,0.5057087385471444
3019367,19.03562490697493
3019368,8.34430343416874
3019369,0.3802243447913314
3019370,2.2284376434681548
3019371,4401.742390523439
3019372,0.3069843459119806
3019373,705.7117605413613
3019374,13.551525575185362
3019375,1496.5622390872966
3019376,1126.8316758861495
3019377,520.4747482723401
3019378,270.428595341868
3019379,180.73023454651295
3019380,5471.49533062064
3019381,9.669672400146125
3019382,1.6253002492314437
3019383,32.1506568523451
3019384,26.464445776926087
3019385,0.6756952808537993
3019386,275.15213691532983
3019387,1.676844959744865
3019388,3.6365899432630977
3019389,6.026545535400549
3019390,159.37005131968175
3019391,2.4678443991080834
3019392,236.86795548146782
3019393,401.1678612105962
3019394,4.8350669897938365
3019395,7.368971654247831
3019396,264.97709143229184
3019397,79.24575128067406
3019398,1690.383411124762
3019399,1.5727966284653014
3019400,11.66084320518388
3019401,6.528402124488127
3019402,0.4616279606914615
3019403,2.1321620296439616
3019404,3527.541109853498
3019405,0.17763566179514442
3019406,482.0897950940016
3019407,11.169579266307089
3019408,1205.1021171532932
3019409,793.5540984162551
3019410,319.6577262395971
3019411,155.71332929364337
3019412,145.17958947698844
3019413,4221.728560316275
3019414,9.411167373098444
3019415,1.5288622815878359
3019416,25.905362065685296
3019417,21.621439037841384
3019418,0.39705917636702437
3019419,252.34486725484823
3019420,1.9085457955472935
3019421,3.6840330519896307
3019422,4.7011677606132345
3019423,146.29991293383273
3019424,2.58494477323788
3019425,177.7748704763359
3019426,315.6125265748929
3019427,4.271202985062696
3019428,6.650129590673858
3019429,207.78641107393034
3019430,71.62237443188869
3019431,1407.5547084864206
3019432,1.3351709432121592
3019433,9.514717353370251
3019434,11.251720293447788
3019435,0.6100679220048244
3019436,17.769585896784783
3019437,10832.102789129232
3019438,0.5916030890688531
3019439,1436.4202587979084
3019440,35.88383414780167
3019441,2196.1854020476153
3019442,2508.147658505286
3019443,476.7696697344686
3019444,535.7543005065141
3019445,467.1895872641448
3019446,8575.19631922278
3019447,75.94623381496251
3019448,4.319424972752057
3019449,55.528504564540036
3019450,73.44855056203994
3019451,1.4934858587905624
3019452,614.4547377126788
3019453,50.938993738060404
3019454,48.891974339076945
3019455,44.26045657334815
3019456,424.8178637296693
3019457,18.283178098973945
3019458,1064.7338448136466
3019459,657.8926324960619
3019460,24.913681820142074
3019461,30.849132479866732
3019462,1343.988484437091
3019463,538.2343845928325
3019464,7640.748659333838
3019465,0.8465134930302347
3019466,74.74857493870095
3019467,3.497449087230123
3019468,0.18004610586922945
3019469,0.6327833875220024
3019470,1409.9646560704768
3019471,0.05452072307824207
3019472,156.2989159643055
3019473,4.637534105798487
3019474,573.2892463986647
3019475,289.7075608899969
3019476,139.58146761709125
3019477,125.76056154133866
3019478,67.16361597716254
3019479,1983.6825622583133
3019480,3.2310817612889142
3019481,0.7098821221946423
3019482,18.46530093230135
3019483,7.26822810377789
3019484,0.21315687589678198
3019485,152.41171310769434
3019486,0.6164124180498154
3019487,0.21995013864384935
3019488,2.1489682589411037
3019489,32.24102467803914
3019490,0.9583773957185953
3019491,70.81525909798528
3019492,105.0150020137861
3019493,1.7301970712034564
3019494,3.2347840965436143
3019495,100.23153841536822
3019496,28.739511305705722
3019497,472.25260821343113
3019498,0.27463528957789557
3019499,3.6335566661580376
3019500,8.46863937414421
3019501,0.6625414326335268
3019502,2.5493992559366365
3019503,3215.596785423842
3019504,0.3575698936802598
3019505,458.25524151480664
3019506,10.235409448005447
3019507,1461.4094866183877
3019508,705.1366925720843
3019509,305.5447327449385
3019510,186.77076636624057
3019511,121.03704490495714
3019512,4718.3527327968095
3019513,11.437815361400911
3019514,1.1831060416188812
3019515,26.09901155845605
3019516,22.244482812132997
3019517,0.5514508633642283
3019518,299.3413511178112
3019519,3.617667831051895
3019520,2.0262474566824213
3019521,7.950414753475682
3019522,95.11119293172328
3019523,2.44430550559014
3019524,283.9278772954963
3019525,334.6664090570197
3019526,3.2057521810913814
3019527,6.979498639503262
3019528,219.28636946417933
3019529,62.08929760108565
3019530,1113.7569317236737
3019531,0.84435463266937
3019532,5.765981198586383
3019533,1.961675838984736
3019534,0.0
3019535,0.25402886714928885
3019536,1074.0603836716625
3019537,0.0
3019538,106.74302032031261
3019539,3.2128660917323764
3019540,457.48628226425336
3019541,163.38240246164028
3019542,90.4184391204311
3019543,122.86439652982278
3019544,40.10061496344004
3019545,1588.25942972431
3019546,1.914094163052002
3019547,0.28069866001496824
3019548,8.41768888561298
3019549,4.019879484172943
3019550,0.023240757831706853
3019551,108.7444648114348
3019552,0.24225737953581097
3019553,0.0
3019554,1.2841898043656537
3019555,61.11517695644472
3019556,0.38005183427028744
3019557,58.12680644634623
3019558,95.66838959764252
3019559,0.7065473183135129
3019560,1.6062981375315841
3019561,77.53742550814371
3019562,11.351510343039918
3019563,241.14104357904606
3019564,0.051669507420359216
3019565,2.2759713335998075
3019566,8.062573472019846
3019567,0.24223858870628812
3019568,1.0518839919225775
3019569,2332.140957379395
3019570,0.10451060096450325
3019571,222.43030106344514
3019572,5.925954662084055
3019573,912.5353993643647
3019574,337.3924463534872
3019575,207.56747856949946
3019576,167.18384779894456
3019577,98.35040866763879
3019578,3224.5535088014763
3019579,3.7968226119347017
3019580,0.9999343395906855
3019581,30.518034429277748
3019582,13.435685069298057
3019583,0.5278729008703973
3019584,256.08037587564183
3019585,0.5425327222458227
3019586,0.1656391777596425
3019587,9.445393450183204
3019588,44.30271003387856
3019589,2.173571826411857
3019590,167.718866975842
3019591,297.01806308349603
3019592,2.1490730790762087
3019593,4.643498752291391
3019594,187.98705053658904
3019595,43.04237867990919
3019596,900.2167161277071
3019597,0.07085902038385945
3019598,2.303276030834064
3019599,4.829762701002887
3019600,0.10156984224844684
3019601,4.07532219644287
3019602,3291.7925243299064
3019603,0.0
3019604,573.1013214697274
3019605,10.643079831909292
3019606,1032.6181027169225
3019607,669.4142316983291
3019608,236.19524654800148
3019609,144.84911434298897
3019610,131.51542513071928
3019611,4113.915283357679
3019612,7.771249769153563
3019613,1.2847696248157452
3019614,37.91032427382401
3019615,34.2236318323142
3019616,0.2069643097516421
3019617,285.88924420133407
3019618,6.263793604107841
3019619,4.184931768002957
3019620,6.342966508898648
3019621,105.76858816698203
3019622,2.539067147485515
3019623,235.98292487536733
3019624,339.6488238655912
3019625,4.4715506251435295
3019626,7.142099837024141
3019627,173.04096092471576
3019628,47.84570515267656
3019629,399.3531197089239
3019630,0.8530284050326713
3019631,3.844092359971561
3019632,4.714431078832001
3019633,0.08516673925593055
3019634,0.5665984449937902
3019635,1821.9804388683533
3019636,0.0
3019637,141.49687167853307
3019638,4.540861956858997
3019639,700.4671996254035
3019640,303.04312226710846
3019641,147.36930058402106
3019642,131.18914545707142
3019643,71.06012301743634
3019644,2393.5177577117884
3019645,3.4682573760726783
3019646,0.5842887616647294
3019647,18.5217017727158
3019648,9.481812878578204
3019649,0.15017009425965103
3019650,205.07219559835136
3019651,0.5515469519557872
3019652,0.19516739397621055
3019653,2.383787639266744
3019654,80.01205600138543
3019655,1.3604318875989225
3019656,115.39360285572656
3019657,164.20110741276667
3019658,1.3439194983249028
3019659,2.655308167032512
3019660,91.31761334748788
3019661,25.26353681761702
3019662,220.05661558472977
3019663,0.0809050472826645
3019664,0.2981799599096997
3019665,5.0562416875354055
3019666,0.22802011778814332
3019667,3.6884303775444724
3019668,3532.580771917614
3019669,0.12863607634917598
3019670,489.75898856226473
3019671,9.592362640069087
3019672,1033.6482268516693
3019673,777.2539461901874
3019674,274.16647822747683
3019675,152.4760749210216
3019676,140.08343045373647
3019677,4114.96325541306
3019678,8.429076312054184
3019679,1.0942360566512357
3019680,26.609414668631064
3019681,22.99769874556787
3019682,0.3109929478744172
3019683,229.0467548036746
3019684,2.142650377231289
3019685,5.18308181392212
3019686,3.849378993069581
3019687,179.67064133783208
3019688,2.118668379544794
3019689,212.57852711972853
3019690,360.31356190885174
3019691,3.4526056653461588
3019692,5.666863599284071
3019693,190.93371003196935
3019694,58.986513409537
3019695,1336.1993990953222
3019696,0.8622031964225974
3019697,4.292484248235139
3019698,4.6603092151289385
3019699,0.3660176824051919
3019700,6.5784683402934085
3019701,3395.4970527068144
3019702,0.4453254157955181
3019703,604.4884872410024
3019704,15.539322742776474
3019705,943.5484228305943
3019706,853.4570590511893
3019707,220.1734857895691
3019708,207.52954171715035
3019709,215.9219242515581
3019710,4256.242689782442
3019711,35.792366210816226
3019712,2.231323321136557
3019713,27.51768389573244
3019714,25.560567939700512
3019715,0.6258145943108955
3019716,306.9060628640885
3019717,16.819032674743458
3019718,26.591848614236685
3019719,5.617822307148803
3019720,199.30196671332942
3019721,7.08786786076303
3019722,295.22156097365973
3019723,303.0667243651523
3019724,8.719549496885806
3019725,11.84652358443962
3019726,314.87667034894025
3019727,122.24596305496827
3019728,2388.05645607085
3019729,0.6573899146838333
3019730,13.168287851415188
3019731,8.36171795892713
3019732,0.12247620114927313
3019733,4.894838963029537
3019734,3335.9152617805184
3019735,0.15747075652324852
3019736,602.1708313879435
3019737,14.21201704511875
3019738,1042.2868507813964
3019739,854.0380627335189
3019740,290.41644512694086
3019741,227.33430290521474
3019742,192.82417561531923
3019743,4311.00142269802
3019744,25.723699402023268
3019745,2.3574088004111795
3019746,40.19245906855507
3019747,36.369112942348856
3019748,0.6771548817527133
3019749,347.15125461484644
3019750,14.968245874120559
3019751,17.62587544580536
3019752,9.989755297542539
3019753,164.7199757292508
3019754,7.1666334018385065
3019755,365.92975230398525
3019756,451.6803911497466
3019757,8.864153868003608
3019758,14.241143768252265
3019759,267.73240591176614
3019760,140.0910196476641
3019761,2496.7762060427535
3019762,0.6096994672525895
3019763,14.513639746091114
3019764,9.948886636571402
3019765,0.6404566968169101
3019766,5.489757590638628
3019767,4052.45058026498
3019768,0.40221415557599416
3019769,579.1784917140669
3019770,13.228384230163826
3019771,1652.167771031268
3019772,781.5169637419812
3019773,336.0956715000066
3019774,246.65592249933667
3019775,132.4437424805697
3019776,5664.50767941516
3019777,27.326535552956578
3019778,2.22583037055414
3019779,34.466664750591015
3019780,29.29816247653785
3019781,0.6908136782010703
3019782,380.202380302157
3019783,10.074693223189593
3019784,11.656968600551977
3019785,14.766125252916698
3019786,152.3804183258213
3019787,4.526095780058633
3019788,269.82077710075714
3019789,419.7100559409321
3019790,6.204783645088555
3019791,10.777818017777976
3019792,231.42704464752583
3019793,94.78814864916971
3019794,1316.3865881503284
3019795,8.711138089019627
3019796,13.493357917541122
3019797,4.912348509484516
3019798,0.31919600625162053
3019799,3.54322378196344
3019800,3272.398156140006
3019801,0.3930937465584224
3019802,466.0669918528764
3019803,13.639861736893373
3019804,926.9330206888303
3019805,787.7912033782491
3019806,256.4860392393583
3019807,159.60205326965556
3019808,134.4498424435905
3019809,3841.796423220204
3019810,17.9689872554679
3019811,1.5213682063320628
3019812,21.336993357148117
3019813,18.277169188271266
3019814,0.4388528207689419
3019815,250.20541599940896
3019816,16.395285849706358
3019817,12.54181872857425
3019818,4.058695519516507
3019819,127.66465755028548
3019820,5.6207748791493914
3019821,359.5040574284314
3019822,270.86557691697095
3019823,5.72951713214547
3019824,8.434717178461556
3019825,439.7804862573169
3019826,108.524605389969
3019827,2278.054218522801
3019828,0.5030661692260696
3019829,23.88073864484936
3019830,5.79145600923311
3019831,0.09101915947920325
3019832,3.203004209849463
3019833,3760.6881253063125
3019834,0.12170245933087856
3019835,324.6701125351873
3019836,8.835646021096956
3019837,1488.948377362979
3019838,572.3628382246748
3019839,321.1084190109582
3019840,168.27362576959948
3019841,115.41530816329883
3019842,4861.892004973686
3019843,9.362758423419669
3019844,0.9799183289377729
3019845,19.24120905632476
3019846,24.633606275567924
3019847,0.18076384271141194
3019848,342.0161928913695
3019849,1.4507567178260974
3019850,0.9057821656834946
3019851,4.495153665695037
3019852,114.99038648813969
3019853,2.5199079415729977
3019854,159.25186359884034
3019855,322.3289135119241
3019856,3.143517465134275
3019857,6.055813523913905
3019858,159.4427850467961
3019859,54.47715048724357
3019860,847.7300455588589
3019861,0.27989645572587635
3019862,3.840752981799458
3019863,7.112623648212319
3019864,0.2742540132277966
3019865,4.8116750566434
3019866,3782.352988863954
3019867,0.48273133023168374
3019868,592.5793331209682
3019869,14.801235990171865
3019870,1247.199425344127
3019871,881.6637014737685
3019872,310.2068181314856
3019873,230.58631443620826
3019874,186.76770271473788
3019875,5352.708237809001
3019876,20.483515458956905
3019877,1.9899908000866984
3019878,34.37858970883686
3019879,28.873113731105754
3019880,0.5774809345140126
3019881,316.86621860488054
3019882,8.966476324739023
3019883,12.324478174543438
3019884,9.147878680245212
3019885,184.53880277373318
3019886,7.115096228066122
3019887,301.1662253654088
3019888,389.7586876913898
3019889,7.251892142567925
3019890,11.355515732882072
3019891,293.73486185000934
3019892,104.52881673525604
3019893,2295.412541341477
3019894,1.0362120449679515
3019895,7.443567607989468
3019896,4.318821000669786
3019897,0.2836054109982932
3019898,4.393640613886213
3019899,3668.570590506448
3019900,0.4916264459021388
3019901,579.2330365700828
3019902,14.765350411390505
3019903,1015.8993599872704
3019904,922.9536455599135
3019905,233.57997949471712
3019906,182.10634733144184
3019907,173.72014816404757
3019908,3742.935267144359
3019909,25.094931072207476
3019910,2.1611156533191
3019911,25.614591626349682
3019912,28.371292142980664
3019913,0.9008371682050831
3019914,335.7289092366818
3019915,17.820447160270913
3019916,35.000879203356824
3019917,6.112091678735913
3019918,205.2731398042981
3019919,9.434237992102883
3019920,267.51386727795693
3019921,341.8886883655822
3019922,9.35808609086765
3019923,11.878597480323444
3019924,257.43001769787077
3019925,111.32290925158864
3019926,1533.6285265294243
3019927,1.1561281922307818
3019928,16.670793266041535
3019929,5.618659732275643
3019930,0.16419302028005367
3019931,1.5894482276487238
3019932,4537.052577213462
3019933,0.0
3019934,482.710243166957
3019935,8.997539646651138
3019936,1366.082086616635
3019937,803.0517339510127
3019938,263.49820418313385
3019939,148.91861721241776
3019940,147.86798157967755
3019941,3912.6337110994136
3019942,7.639166666963179
3019943,0.7820267095480844
3019944,25.216895780533914
3019945,22.688034127900394
3019946,0.19746140520310776
3019947,186.4815569829888
3019948,2.0059783717720507
3019949,3.831281859916146
3019950,3.340409969416436
3019951,101.10348154698015
3019952,3.255971339199105
3019953,147.9168856426787
3019954,309.48324783033087
3019955,4.379619865556531
3019956,6.334937297733002
3019957,225.04845712049496
3019958,97.14915232239366
3019959,1379.1590157708092
3019960,0.5023252782699976
3019961,1.2160370559916198
3019962,22.608296512089904
3019963,0.1768146438771627
3019964,19.447865221317016
3019965,14286.263823620526
3019966,0.538317156005315
3019967,1786.2608154803343
3019968,38.049781944556166
3019969,3417.0790267795323
3019970,3056.8759926869247
3019971,942.438243293296
3019972,744.5954187232036
3019973,621.2986078895547
3019974,12980.229969268092
3019975,109.1705127926788
3019976,4.978425256541628
3019977,99.73545364992258
3019978,101.81263321767233
3019979,1.9496473215153651
3019980,992.2597989633879
3019981,62.47211369301512
3019982,36.192429452227756
3019983,74.66399830896687
3019984,519.3905221132167
3019985,19.153611772444197
3019986,1181.7670173072295
3019987,851.7245081236598
3019988,35.07634542533274
3019989,46.44661251698006
3019990,1770.031944970854
3019991,807.7432291187401
3019992,9851.888197095754
3019993,375.89471350882735
3019994,107.76841579090589
3019995,18.631697014603276
3019996,0.1304398492717601
3019997,17.441202137244147
3019998,12494.522769906675
3019999,0.41698182615415286
3020000,1799.9205554760917
3020001,33.85971732982461
3020002,3301.7350441245576
3020003,3002.8998218304296
3020004,941.2281614189048
3020005,626.922294495967
3020006,528.9723312258891
3020007,12511.187473859025
3020008,96.13680235641557
3020009,2.8832985048456266
3020010,72.5293947416693
3020011,83.39393097493344
3020012,1.4322464622500002
3020013,952.4544269351537
3020014,60.09338531304259
3020015,30.079976527851365
3020016,40.613241090732984
3020017,423.9655239636352
3020018,15.633047347545052
3020019,1182.592763171099
3020020,934.6709305791334
3020021,31.25266545497415
3020022,40.4124197363388
3020023,1719.8502793828675
3020024,640.344889998453
3020025,8643.433500474963
3020026,469.8417756551156
3020027,89.13926654948997
3020028,19.394261130080068
3020029,0.05613629710297813
3020030,19.348612814482923
3020031,9801.883884911333
3020032,0.2159413576005782
3020033,1215.6285989308308
3020034,28.626067057112806
3020035,2716.2084522073033
3020036,2235.8229622777944
3020037,882.5840741410667
3020038,399.2168997147434
3020039,381.1043784474028
3020040,10419.597150791677
3020041,73.60203173889569
3020042,2.3441747591241677
3020043,59.84099188995363
3020044,61.53602403916626
3020045,1.044030135585151
3020046,789.1622330836386
3020047,66.06392249743314
3020048,21.666894694403016
3020049,28.795299277695108
3020050,362.8316380268881
3020051,13.068648828817361
3020052,1095.889368753256
3020053,920.4549523608715
3020054,27.782499668384755
3020055,56.407500465763476
3020056,1423.8336793368542
3020057,384.2522712605093
3020058,4042.9566834195157
3020059,345.9503160407832
3020060,51.78793816861591
3020061,20.785873231315243
3020062,0.1282022592983172
3020063,25.215916645366086
3020064,10999.79987669621
3020065,0.39547023951980603
3020066,1364.3010581614587
3020067,33.00023745701017
3020068,3048.252317678557
3020069,2509.163545392169
3020070,938.2951493529421
3020071,465.528034295999
3020072,444.4144857451515
3020073,11841.655214880644
3020074,85.96269259604333
3020075,2.8982643607216483
3020076,69.88776321460828
3020077,71.86269876220533
3020078,1.3613887411192658
3020079,782.8140403861033
3020080,73.81451979139383
3020081,29.692731334950402
3020082,25.912609079446156
3020083,356.1586250602411
3020084,15.355514105769721
3020085,1185.2927874828715
3020086,968.3058518137279
3020087,31.37882128304482
3020088,40.310893030516034
3020089,1615.6428674591316
3020090,487.3943839744654
3020091,5570.087199598906
3020092,402.4440679495277
3020093,71.58781507908964
3020094,19.050337127495723
3020095,0.05171436083455955
3020096,18.723237254018834
3020097,8620.96385731762
3020098,0.23464738416025765
3020099,1105.4689675279835
3020100,28.823254818589056
3020101,2443.820728371298
3020102,2059.973885793882
3020103,757.3888333898468
3020104,286.71451179486155
3020105,343.2518861170046
3020106,10542.97501572409
3020107,66.01773894902846
3020108,1.7726634507737136
3020109,53.052968935553295
3020110,48.8327704697885
3020111,0.8842108969039664
3020112,750.9168057482549
3020113,65.47822129299828
3020114,17.144592231533444
3020115,19.400232556412508
3020116,249.39686381600862
3020117,9.430834543126156
3020118,1242.1143003672387
3020119,907.5836082271578
3020120,24.06576308362561
3020121,39.61274712287267
3020122,1305.4711462112803
3020123,293.88688427329225
3020124,2822.1530864592373
3020125,309.1465328148178
3020126,48.25894608417593
3020127,16.323910070431538
3020128,0.01041472879301949
3020129,15.462909150535506
3020130,10282.18130576425
3020131,0.3969908156129021
3020132,1435.2351340624964
3020133,31.362707556750543
3020134,2327.391502290336
3020135,2457.224562313214
3020136,592.8521637580317
3020137,500.2572222073029
3020138,427.95238793816316
3020139,10299.3077912063
3020140,75.05670297886557
3020141,2.197429632246408
3020142,63.738409664610984
3020143,70.96630493215496
3020144,1.0776540257224423
3020145,745.045768999537
3020146,41.28262086007257
3020147,28.904690302149447
3020148,33.531265253964484
3020149,348.59718007864916
3020150,13.554091580748956
3020151,1227.0293291891471
3020152,797.5605929887346
3020153,26.557379447232766
3020154,39.41424110814588
3020155,1251.0331437734474
3020156,493.0424400500597
3020157,7731.1805129722015
3020158,345.84865187638076
3020159,74.23189459995342
3020160,6.93389848566781
3020161,0.4579497540230758
3020162,4.9234372659933054
3020163,2641.7333748847886
3020164,0.45570394131527797
3020165,446.32807505042064
3020166,19.677404943263642
3020167,992.2266987565891
3020168,636.5166930471186
3020169,252.2018512559246
3020170,172.65998447377524
3020171,140.31552583116016
3020172,3237.6108546088535
3020173,16.9837970526148
3020174,1.9853687230789885
3020175,23.100194362337557
3020176,21.750816663548694
3020177,0.712973264256942
3020178,202.5373962636952
3020179,9.198921325742452
3020180,5.632904205743758
3020181,10.700774130801694
3020182,147.07559608667393
3020183,6.083392310696245
3020184,283.1230364792156
3020185,275.8146357983896
3020186,4.475881887006184
3020187,7.738299166993528
3020188,292.2802376810153
3020189,97.5166109004445
3020190,1577.5666566523155
3020191,0.27372063975109806
3020192,8.832211893667573
3020193,12.998381151915753
3020194,0.07868167877978414
3020195,15.420829182224058
3020196,6709.77846296397
3020197,0.15436848197325231
3020198,891.7686090777041
3020199,30.034135543399685
3020200,1914.5403134027536
3020201,1365.6820061990575
3020202,556.7679144358505
3020203,194.99167531218345
3020204,225.8818276972957
3020205,7335.042717252662
3020206,52.10933437533716
3020207,1.8318729648507914
3020208,74.22799208976025
3020209,56.908995945891135
3020210,0.668806258861395
3020211,576.4965467769194
3020212,36.942386697980915
3020213,10.365953809018198
3020214,4.976193486014477
3020215,239.6866421972085
3020216,9.58333613792751
3020217,867.9240007945233
3020218,693.6612596318812
3020219,14.688476575414853
3020220,22.021137072539737
3020221,615.9952694576276
3020222,197.99633620881815
3020223,3211.36519731443
3020224,240.65621792005948
3020225,19.664834255184516
3020226,7.619211837060288
3020227,0.0
3020228,4.224911027834329
3020229,5842.4951988369285
3020230,0.059797844761603665
3020231,976.8427411601144
3020232,12.901211637135125
3020233,1520.9698611374035
3020234,1561.88113203995
3020235,365.39197502001724
3020236,313.521661026586
3020237,221.65480508638478
3020238,6318.919516651218
3020239,27.399951520715298
3020240,1.319385157941686
3020241,35.92106811269151
3020242,35.287729146132314
3020243,0.6037818730117412
3020244,321.51900583748807
3020245,6.431904259354557
3020246,18.30094993704274
3020247,6.310896440925384
3020248,261.49026644470575
3020249,8.075575489163406
3020250,548.611376245966
3020251,471.91570793042007
3020252,12.172929080326501
3020253,20.918835757225086
3020254,682.4931488848389
3020255,172.06697309239834
3020256,3630.0940542906455
3020257,2.1834584174971092
3020258,36.71089095313947
3020259,11.526217532373446
3020260,0.5809375675425941
3020261,11.125688833569685
3020262,6477.361875157383
3020263,0.40708170416967415
3020264,1233.562434763858
3020265,23.84631384726263
3020266,1571.720657467857
3020267,1545.6017534815849
3020268,443.1009892479062
3020269,360.45982745596694
3020270,331.0834152805795
3020271,7554.470903370678
3020272,54.319515987507074
3020273,4.5681837707644135
3020274,49.612706408351976
3020275,56.00698177463836
3020276,1.372219564036699
3020277,535.2942547780359
3020278,19.640240526925453
3020279,37.10997221770652
3020280,10.941984898200074
3020281,285.79006144747876
3020282,14.161782446269058
3020283,732.570187594695
3020284,528.4030090887773
3020285,28.98791422521162
3020286,31.765236418854215
3020287,508.8746383667526
3020288,359.4842229628976
3020289,4251.915804156818
3020290,4.943342273947733
3020291,12.874382245805243
3020292,9.917888665421355
3020293,0.6616395729041109
3020294,8.365878415646474
3020295,3875.767014030077
3020296,0.6312403258485209
3020297,676.0021816345295
3020298,14.605078307689386
3020299,1200.8174601352753
3020300,867.1515392737465
3020301,333.0031926593472
3020302,147.34484741541772
3020303,139.61020103691385
3020304,4644.078860982586
3020305,18.119284112554215
3020306,2.493087813458111
3020307,35.48461940651858
3020308,33.64724291344243
3020309,1.0549497398134657
3020310,254.42568898715524
3020311,7.751656491723907
3020312,10.978569767053902
3020313,7.033499683032408
3020314,205.14728911919957
3020315,6.455326022149051
3020316,224.9219075544646
3020317,342.35750435545765
3020318,7.1000331459701655
3020319,10.635432910466069
3020320,234.81468627182142
3020321,105.79066731887126
3020322,2554.803769154132
3020323,1.2296822173646085
3020324,5.354953428929559
3020325,6.479780320809713
3020326,0.1321261060151301
3020327,0.7054373448674267
3020328,2478.662161345704
3020329,0.037481060801644386
3020330,203.40371722277683
3020331,5.278561568306398
3020332,1215.2292017395116
3020333,308.5877759866934
3020334,217.9659986656169
3020335,91.09841029261274
3020336,75.36681243027505
3020337,3272.1780913380685
3020338,6.186478694826073
3020339,0.9272887817138711
3020340,20.25811542144006
3020341,8.534631143395503
3020342,0.30846737178019257
3020343,204.64225010279654
3020344,0.39032681795062746
3020345,0.2531033865104776
3020346,2.511924781649299
3020347,17.259044972165622
3020348,1.202305712566862
3020349,57.799834010827176
3020350,208.54774879698223
3020351,0.9465655621236171
3020352,2.932457375904084
3020353,61.60209053176569
3020354,56.454459050228266
3020355,232.9396627978199
3020356,0.023765607252817206
3020357,2.193246129635182
3020358,7.652019636727211
3020359,0.29889667140682397
3020360,9.844858034576843
3020361,5278.525518678422
3020362,0.25378943363867296
3020363,800.2027141620214
3020364,16.397071065743784
3020365,1302.1378096716692
3020366,1194.7064869260223
3020367,400.32419429933464
3020368,267.70578585462283
3020369,228.77710489468726
3020370,5729.206832694973
3020371,33.061044233026415
3020372,2.1611172162734116
3020373,37.76733332202445
3020374,37.69950692829293
3020375,0.44744337354496083
3020376,334.9147400797827
3020377,18.583938183211142
3020378,14.567510740634136
3020379,29.345693778373686
3020380,178.46019580759574
3020381,7.122814807719495
3020382,483.73886707916085
3020383,398.876400082727
3020384,10.300380786686649
3020385,13.595788204180446
3020386,671.0986915121607
3020387,210.87924041575846
3020388,3934.556012796822
3020389,0.38017165580799583
3020390,34.94549531149022
3020391,4.878351427963232
3020392,0.3515446081100381
3020393,6.812404774411307
3020394,4929.213706594616
3020395,0.18944301021650134
3020396,704.1503960083321
3020397,14.529742948396091
3020398,1184.4622700670486
3020399,1086.5258240099345
3020400,337.66755699217515
3020401,216.12872303179054
3020402,181.328298087475
3020403,5050.077194804259
3020404,29.090093187921376
3020405,2.5534869635435062
3020406,33.448863660713855
3020407,35.61669816867906
3020408,0.7209695018657385
3020409,262.0129902159632
3020410,13.763957957612684
3020411,15.655470188245069
3020412,10.588935979071875
3020413,195.52587981498345
3020414,8.49914560813244
3020415,306.5877315604942
3020416,354.8462383021283
3020417,8.953717573597904
3020418,12.353454045167927
3020419,730.1270111984838
3020420,251.2498028794363
3020421,2799.0676999106063
3020422,0.0646124351715941
3020423,32.45048569095944
3020424,6.20773397770065
3020425,0.20172618917224014
3020426,8.465972185880817
3020427,5408.480178009548
3020428,0.2846063530360613
3020429,795.5823091815034
3020430,19.152501677176108
3020431,1215.428687072587
3020432,1116.1913499021764
3020433,330.83175464273324
3020434,276.5390144167529
3020435,225.11142120688982
3020436,5194.546186582535
3020437,30.140396367170897
3020438,2.4503794147055986
3020439,35.27338966704867
3020440,35.14798221722391
3020441,0.601746433488882
3020442,303.61841297437155
3020443,20.88817400154763
3020444,21.798795460647682
3020445,25.649840608982124
3020446,205.63342135037044
3020447,8.862476725608506
3020448,466.4846362312003
3020449,417.06076696845344
3020450,10.929453510061963
3020451,14.498208007005772
3020452,608.6571969194371
3020453,197.28014849206764
3020454,3785.4490745864887
3020455,0.4932118686410022
3020456,31.27161354821841
3020457,13.074619871878417
3020458,0.41639675387747555
3020459,8.04096404448199
3020460,4828.448777480665
3020461,0.15992479780119048
3020462,585.3545916184382
3020463,13.624344114111997
3020464,1688.9918648425516
3020465,963.0880981654178
3020466,469.2688304637812
3020467,194.42076329141702
3020468,199.19535232416234
3020469,6437.6936444053
3020470,16.061876656002823
3020471,1.7629430467000167
3020472,40.79418348344601
3020473,36.89032879399854
3020474,0.5012560154026413
3020475,459.86815714317635
3020476,13.87922784410991
3020477,6.771997242018585
3020478,19.05028088193125
3020479,132.45738522938876
3020480,4.573860431208524
3020481,351.3041867207406
3020482,473.07346347933895
3020483,7.390069767697577
3020484,11.313777175994177
3020485,436.2477503284051
3020486,128.5616381734231
3020487,1731.4312794527293
3020488,76.9849451666247
3020489,21.772741829675027
3020490,1.8144114290354372
3020491,0.0
3020492,2.1418300102068693
3020493,1042.086151685605
3020494,0.0
3020495,143.06722126934287
3020496,5.782939860558107
3020497,291.20670911540617
3020498,260.3664116424184
3020499,67.4191044122622
3020500,71.47089601888128
3020501,54.739358811624726
3020502,1190.7431788451836
3020503,6.900261768865904
3020504,0.540712833821313
3020505,8.657179172188666
3020506,7.288228583320501
3020507,0.0
3020508,79.43418075431298
3020509,6.002444356205473
3020510,6.590691382670992
3020511,2.479388291769471
3020512,29.39556858858456
3020513,2.73155189006509
3020514,151.69213367075372
3020515,80.54336833636509
3020516,2.7213661645652563
3020517,3.9494389920870603
3020518,176.88527925445425
3020519,46.8136613079537
3020520,719.1449640154622
3020521,0.13513156048748612
3020522,10.254373090351624
3020523,3.740770295368585
3020524,0.01612654363252864
3020525,1.4284611493778692
3020526,1386.5227558813378
3020527,0.0
3020528,157.9892159240614
3020529,4.895294845048264
3020530,688.6327502767467
3020531,364.1646333984302
3020532,226.8338213649846
3020533,57.071331579388655
3020534,33.09878387932284
3020535,2731.7742533362994
3020536,4.675454710674612
3020537,0.49884702003857834
3020538,9.684881342719104
3020539,7.6967822480046255
3020540,0.144440967009957
3020541,225.2750051598725
3020542,3.252836783468089
3020543,0.06381665074571469
3020544,1.8051211929563862
3020545,2.706866641300606
3020546,1.0944116365159533
3020547,154.04889551396315
3020548,233.91539039195266
3020549,1.490759652082542
3020550,3.7781431947157085
3020551,191.99017868081683
3020552,27.706003664253668
3020553,292.405612740312
3020554,2.291600289759062
3020555,2.2998785202850005
3020556,8.935672736578786
3020557,0.3844415408959299
3020558,7.513873709963679
3020559,4889.337291555259
3020560,0.08896767957968144
3020561,947.2874751226792
3020562,14.414134412350942
3020563,1997.2029658822237
3020564,874.696116621239
3020565,538.2509587771015
3020566,162.74643026467348
3020567,90.6950111653208
3020568,7363.809884606721
3020569,20.10440720151501
3020570,1.199584037814374
3020571,35.10582871050237
3020572,32.48759438424552
3020573,0.21646313332179756
3020574,519.4160797259799
3020575,11.97556770465465
3020576,3.583470506916208
3020577,7.177512935785321
3020578,50.59024834626466
3020579,3.915083801611426
3020580,506.35788185445483
3020581,535.2031992892648
3020582,4.487569611109552
3020583,10.971772439196979
3020584,427.79881270646797
3020585,86.23607341408587
3020586,1276.5903507311984
3020587,34.93831842378769
3020588,8.640663514298497
3020589,5.672734644752053
3020590,0.11681908226896835
3020591,1.0564548609510327
3020592,1718.338487780022
3020593,0.0
3020594,172.93585890487523
3020595,7.360500439245017
3020596,713.9536000057846
3020597,366.9988142542812
3020598,183.2563863848369
3020599,58.27326765968703
3020600,35.500458663601066
3020601,2399.6342192606376
3020602,5.136947637459443
3020603,0.5972246915638109
3020604,14.065307847779986
3020605,11.262157870435994
3020606,0.04190758155789966
3020607,229.44756465280938
3020608,2.2365457827365987
3020609,0.03817204488388182
3020610,9.634847831084356
3020611,19.17105870513726
3020612,1.5423372002981774
3020613,138.63467946673052
3020614,198.65053413982554
3020615,1.6194938737689117
3020616,4.016712331332614
3020617,164.3511904451397
3020618,29.33350633388067
3020619,304.33781996557343
3020620,1.8356256919632679
3020621,1.6790319630583435
3020622,5.922824587110312
3020623,0.1514971967554339
3020624,1.130346788550043
3020625,1711.4450815903729
3020626,0.0
3020627,172.64239573734937
3020628,6.733394706136745
3020629,745.5378385228332
3020630,357.29727629925185
3020631,168.41153299908598
3020632,56.83547842706242
3020633,35.14532201186018
3020634,2363.910179478203
3020635,4.574767821821775
3020636,0.6099244738110954
3020637,13.702614700061249
3020638,10.966949788345067
3020639,0.0791346111161253
3020640,196.70898624490027
3020641,2.570472411262472
3020642,0.056890954397151035
3020643,2.7521899901904634
3020644,4.632533232617997
3020645,1.4529010887766107
3020646,133.72251330576648
3020647,189.25334874423726
3020648,1.5152694945654601
3020649,3.756305708201861
3020650,143.55861333578056
3020651,28.40577808824753
3020652,291.58162291346025
3020653,6.75133653684924
3020654,1.5531644414813783
3020655,2.6392542855115972
3020656,0.0
3020657,1.0335450131543604
3020658,1122.6423891714428
3020659,0.0
3020660,132.77800718030278
3020661,4.351195014684768
3020662,570.3557466507087
3020663,280.97528312724916
3020664,133.00974189127967
3020665,52.68783727082233
3020666,29.32844033830314
3020667,1822.5487393018573
3020668,3.077443525457789
3020669,0.14955547779004916
3020670,11.229368045337031
3020671,7.63357879358775
3020672,0.0
3020673,128.88793148566617
3020674,0.7794244724368757
3020675,0.0
3020676,1.6660113439400082
3020677,2.5000882091139274
3020678,0.957138669549598
3020679,126.15648122999666
3020680,178.32956343989315
3020681,1.0373182785913668
3020682,2.395070054172884
3020683,81.24699922110091
3020684,24.975103878991604
3020685,306.482351342283
3020686,1.4931710310230177
3020687,1.024719100575286
3020688,4.336419178320068
3020689,0.28556331644275373
3020690,2.515364340082423
3020691,1893.2599834780276
3020692,0.0
3020693,174.0459404027144
3020694,6.1892196420722145
3020695,790.7522736335512
3020696,419.89569723027876
3020697,209.42850725848527
3020698,75.92263047620564
3020699,45.36400479409194
3020700,3063.5858458715693
3020701,5.4358985138759
3020702,0.800256498107879
3020703,16.412093927031794
3020704,13.020446081371018
3020705,0.08698117841293197
3020706,259.0255664984592
3020707,8.090133201386555
3020708,0.14882462487270834
3020709,3.8623584625863456
3020710,16.45596049255487
3020711,1.697131120106866
3020712,155.41110555651687
3020713,220.47107885461082
3020714,1.6020823708364293
3020715,4.250603763164478
3020716,115.37024393616225
3020717,34.41484468930864
3020718,507.6173575763848
3020719,6.342646672711993
3020720,2.8383563965760654
3020721,6.0616669883261425
3020722,0.13304159492507886
3020723,2.3902628129278476
3020724,1644.6476181667124
3020725,0.0
3020726,210.61648858625875
3020727,5.6075201410315945
3020728,898.8430685813075
3020729,338.0251291498167
3020730,193.62892007086813
3020731,117.02722283644881
3020732,34.374046428740755
3020733,2534.760791289006
3020734,5.040291505548915
3020735,0.4900991803940383
3020736,12.123632303843744
3020737,9.16911122264063
3020738,0.20447290321715803
3020739,218.92933585397415
3020740,0.3665629212439499
3020741,0.0
3020742,2.1493452239287167
3020743,18.516068335463313
3020744,1.388869577455007
3020745,72.17574261945487
3020746,179.66564773153235
3020747,0.9460048644852759
3020748,2.7818713075400803
3020749,96.98451672935886
3020750,35.280767960340654
3020751,226.71493096794694
3020752,0.0
3020753,1.1065762418133174
3020754,6.8384849376826615
3020755,0.4795560516560169
3020756,6.044574024557971
3020757,4187.127093400807
3020758,0.0
3020759,590.3298698390385
3020760,8.601484570782167
3020761,1557.7668543220573
3020762,968.048085274074
3020763,495.3688666099124
3020764,194.93225508074136
3020765,96.88418454909397
3020766,5995.186291640672
3020767,19.770023582653444
3020768,1.0001343985601094
3020769,30.703708558958983
3020770,16.419322642164065
3020771,0.27872178686146054
3020772,349.57056857966273
3020773,5.6301241655111705
3020774,1.142988524856996
3020775,18.916120102310245
3020776,5.41192371717328
3020777,3.3686425600626944
3020778,209.0676408222257
3020779,429.38287891070706
3020780,4.782580785695618
3020781,8.566671933926623
3020782,410.3085736605634
3020783,112.87235301772608
3020784,1104.3183520109271
3020785,61.479183579628234
3020786,9.68663703991802
3020787,0.0
3020788,0.0
3020789,0.3767698227807386
3020790,733.9509383613304
3020791,0.0
3020792,141.64741393517977
3020793,0.0
3020794,201.41369500385858
3020795,149.084546768268
3020796,80.01522574072631
3020797,33.464325129918
3020798,6.748989553687777
3020799,1003.1847848356189
3020800,3.9087287506894786
3020801,0.0
3020802,1.6648482538873517
3020803,5.056806226342961
3020804,0.0
3020805,88.140226806442
3020806,0.0
3020807,0.0
3020808,3.404809550811592
3020809,15.213104806681233
3020810,0.0
3020811,30.314846998168107
3020812,74.34734256420299
3020813,0.0
3020814,0.1258968000898353
3020815,64.93504818298156
3020816,6.332510314002379
3020817,208.9906467075088
3020818,17.688434296940674
3020819,0.3937571187308824
3020820,7.2618318075714505
3020821,0.021005295679307603
3020822,1.8124748835651032
3020823,2116.808308182777
3020824,0.0
3020825,243.70531182048362
3020826,6.695771209084447
3020827,729.4511022109626
3020828,454.1378114380751
3020829,229.8877439704912
3020830,72.79921199122518
3020831,50.38660989815957
3020832,2745.5287897618773
3020833,7.345688467444122
3020834,0.8983774927815553
3020835,16.341315926675136
3020836,13.397313775391867
3020837,0.01924340237963579
3020838,243.75960621249376
3020839,5.159928479040047
3020840,0.44994527093942494
3020841,2.6998115309682555
3020842,15.974009070433546
3020843,1.6721402553929945
3020844,158.286138453022
3020845,202.60737344401628
3020846,2.5560117496034445
3020847,4.884621950103021
3020848,123.40979265395325
3020849,37.00815437485513
3020850,350.2301759606509
3020851,6.214031622886746
3020852,2.8079411274721684
3020853,6.958073664320745
3020854,0.2807513226525624
3020855,7.876588505414896
3020856,4048.90228369334
3020857,0.10113311680102652
3020858,603.2069529787927
3020859,13.774694952317478
3020860,983.274639370818
3020861,980.5415329478901
3020862,271.268346129171
3020863,236.24712987682517
3020864,177.58462880727282
3020865,4593.164875557411
3020866,25.612922651217612
3020867,2.063993987722662
3020868,22.492200901546894
3020869,29.30521841062416
3020870,0.6021145938084986
3020871,335.15837401767965
3020872,25.349695274591966
3020873,15.108943488806332
3020874,6.661436813861382
3020875,72.2235663824819
3020876,6.922966026740953
3020877,371.70651586488344
3020878,357.4327333305643
3020879,9.2532167438045
3020880,11.817924761890657
3020881,524.5514576836501
3020882,160.87375639849444
3020883,2540.832653023043
3020884,0.3639818363773179
3020885,26.914420987268535
3020886,9.823000172910456
3020887,0.3921075457445127
3020888,8.465063074116554
3020889,4424.475485767309
3020890,0.052100230419993496
3020891,843.9379558012052
3020892,10.838741046622784
3020893,1475.7920996650862
3020894,968.0324774037637
3020895,483.2396172876562
3020896,198.1547042373808
3020897,107.92361350315322
3020898,5510.75114903311
3020899,21.154791123269128
3020900,1.4347003566872063
3020901,37.90316756387194
3020902,42.5468188091702
3020903,0.4121571129899337
3020904,504.54635131925295
3020905,10.320059813247171
3020906,6.316864859853792
3020907,16.435248141862864
3020908,37.310278209664006
3020909,4.119915249793314
3020910,311.24229696092465
3020911,554.0858905577772
3020912,6.482551745836841
3020913,10.039712712252928
3020914,315.65201193682685
3020915,104.8544184233358
3020916,1834.7529475135134
3020917,93.33223082469694
3020918,12.021823472817973
3020919,12.382961846623841
3020920,1.2020786469158646
3020921,4.659529619089265
3020922,3907.1382028598787
3020923,0.565648030919427
3020924,742.2496676427112
3020925,12.30643600889922
3020926,1647.4491093373667
3020927,868.0394060396239
3020928,474.89228630058324
3020929,200.7771205021522
3020930,88.17405305712224
3020931,5190.915711520477
3020932,19.499271238817787
3020933,1.697341473100776
3020934,27.636264054323604
3020935,42.05674298854665
3020936,0.9055068603109115
3020937,466.2837538862265
3020938,6.001837849858673
3020939,3.917360862998833
3020940,7.444663583725447
3020941,95.4320528089451
3020942,3.9181356859734455
3020943,181.20226601434382
3020944,429.7989948755467
3020945,4.530957630629602
3020946,8.004855514691394
3020947,239.33708583214317
3020948,82.00507901008044
3020949,1413.82498174788
3020950,1.4455383356454523
3020951,5.720872328190981
3020952,5.525645536688663
3020953,0.36928813961674134
3020954,2.890982090450704
3020955,1738.2695730828918
3020956,0.005926117956839575
3020957,212.8602967778335
3020958,6.751477070348144
3020959,703.3643853831467
3020960,391.4673189329602
3020961,194.48439777388705
3020962,101.11882405617145
3020963,46.971070647710995
3020964,2661.226117919586
3020965,6.708181862904048
3020966,0.9127305531401675
3020967,24.39774681045862
3020968,18.790788526166125
3020969,0.4186572993433661
3020970,262.6189078784342
3020971,1.6616957682641096
3020972,0.5525312795822968
3020973,3.547118760490262
3020974,21.15519988321834
3020975,1.8318441655883815
3020976,142.62663422524062
3020977,219.27186600335125
3020978,2.105060546710264
3020979,4.328579318893485
3020980,116.30100647703576
3020981,38.009226714769824
3020982,574.6775676833896
3020983,14.384801974575838
3020984,2.1097937372320095
3020985,2.8980198308064486
3020986,0.0
3020987,2.757126049019221
3020988,1593.3171054873967
3020989,0.06731720860919442
3020990,272.58544663644
3020991,9.607557234229606
3020992,506.70432773033366
3020993,471.6756620435942
3020994,130.9596283677019
3020995,87.71865590002926
3020996,69.84256375844106
3020997,2054.2863263547697
3020998,13.729332638423251
3020999,0.4723763710805334
3021000,11.085806763641102
3021001,14.22148804794542
3021002,0.24638951208987556
3021003,145.78627878518452
3021004,5.454513474604375
3021005,2.2042722518335927
3021006,7.148400095392031
3021007,64.71785869453686
3021008,4.2404843137410655
3021009,366.7181577731056
3021010,229.41344342534228
3021011,2.5831338280476634
3021012,4.629957326822164
3021013,282.1841100775516
3021014,65.67335592740828
3021015,1091.6162141276204
3021016,0.2666030544043887
3021017,10.830679796801643
3021018,4.221946898560034
3021019,0.12991973182583222
3021020,7.831694423950626
3021021,4112.343477407893
3021022,0.12421736001156791
3021023,744.8627491666921
3021024,15.761541338069517
3021025,976.2182494549149
3021026,1085.5866056595096
3021027,291.27317676475184
3021028,216.93250459762422
3021029,154.00051919515963
3021030,3713.0124184085125
3021031,18.874987025350716
3021032,1.8277664843596684
3021033,30.810954282482665
3021034,32.46177354330686
3021035,0.3810237983772042
3021036,246.80477997728394
3021037,15.344106973957352
3021038,22.10724434819061
3021039,7.818012358328575
3021040,12.529961772762519
3021041,7.4895099452102585
3021042,386.9637759535328
3021043,342.07246167544935
3021044,10.17814551741014
3021045,13.093308695141806
3021046,433.53204340678263
3021047,161.6430921960008
3021048,2916.841657753349
3021049,0.4713623946558076
3021050,27.502908841219845
3021051,0.0
3021052,0.0
3021053,0.0
3021054,355.62514436865695
3021055,0.0
3021056,51.58262853608868
3021057,0.15978108823574724
3021058,68.88417764435239
3021059,78.27896671780299
3021060,16.450657554837715
3021061,13.787498041792396
3021062,11.66790758022636
3021063,276.2809783684138
3021064,0.6999015323478881
3021065,0.0
3021066,1.0080782590363833
3021067,1.8167565968756003
3021068,0.0
3021069,18.96600541505244
3021070,0.0
3021071,1.1938166048085352
3021072,0.0
3021073,9.267352923373588
3021074,0.0
3021075,28.672783109597223
3021076,22.147192803791967
3021077,0.0
3021078,0.0
3021079,25.81890758993117
3021080,9.7911562557525
3021081,127.2029088978891
3021082,0.0
3021083,0.0
3021084,4.924054053886402
3021085,0.2557556150421029
3021086,1.480877339677769
3021087,1330.6056868446344
3021088,0.15852946396069156
3021089,245.93826047147564
3021090,6.797042787864382
3021091,442.2113723640737
3021092,285.09386807817214
3021093,103.8105598681741
3021094,56.13193181147458
3021095,46.8538588053634
3021096,1832.6776716213724
3021097,4.020060663658265
3021098,0.8043989202620554
3021099,9.95070714565522
3021100,7.576717625208019
3021101,0.3078036041164627
3021102,102.63488013354755
3021103,1.844727807919956
3021104,3.3315168704879206
3021105,2.261122713867333
3021106,45.63473539757762
3021107,1.231473535182122
3021108,250.71237459713413
3021109,205.18705920653193
3021110,2.2554148723285574
3021111,2.9649264940046143
3021112,163.67234959354315
3021113,26.239713826174665
3021114,696.1423592098383
3021115,0.5352276719517712
3021116,3.2693014585439073
3021117,6.632018685584324
3021118,0.38732021685622414
3021119,8.865460952362628
3021120,4632.437643446782
3021121,0.3034456126000605
3021122,857.2738345991007
3021123,17.819544195222402
3021124,1174.4099627638432
3021125,1222.368432402507
3021126,351.43757350574094
3021127,294.81155008705196
3021128,182.23645795192087
3021129,5234.283850629763
3021130,25.620551254174366
3021131,2.145325145195494
3021132,24.496802147538386
3021133,36.18833183426655
3021134,0.5620841419080871
3021135,272.95015105655807
3021136,13.676023687924783
3021137,30.328673334182
3021138,7.7601093418442915
3021139,123.65682362138504
3021140,6.700891422876293
3021141,431.1054346223804
3021142,418.5555901939563
3021143,10.720598186454845
3021144,13.133609496616284
3021145,432.6404514748979
3021146,166.3028652429195
3021147,3123.345116282399
3021148,0.6804379906701177
3021149,21.599096503601537
3021150,10.132200283326126
3021151,0.5958421349239409
3021152,5.299768822568463
3021153,4411.925437853134
3021154,0.4239179161992275
3021155,973.8282797797206
3021156,14.14520466808814
3021157,1613.3994944320177
3021158,1098.15006293124
3021159,539.746237553786
3021160,275.1846011833767
3021161,93.34336679754342
3021162,5545.3217398908955
3021163,18.37947779413374
3021164,1.6287741158794757
3021165,34.345146341661426
3021166,28.656938292403602
3021167,0.790578061628606
3021168,363.894372614788
3021169,2.1972412662734127
3021170,3.9501498184290638
3021171,6.032027979236801
3021172,82.33890096619358
3021173,2.9306773467426854
3021174,288.16526755700147
3021175,489.21990441121403
3021176,5.334933325384282
3021177,8.436550762939017
3021178,322.37937929066703
3021179,88.59621220241637
3021180,1770.1187169625257
3021181,2.006735642041196
3021182,5.4577996674397085
3021183,7.549350787538678
3021184,0.6113000293587723
3021185,2.4953116140019844
3021186,3832.9341949545005
3021187,0.23915347111676263
3021188,760.8432196703792
3021189,11.548842959276671
3021190,1366.3048100145477
3021191,896.1564465769928
3021192,365.9041290077715
3021193,172.84982210425835
3021194,81.21580286109666
3021195,4803.777590304515
3021196,14.571863186546588
3021197,1.418727174244978
3021198,26.992143993998724
3021199,24.40326157625079
3021200,0.4263666564729667
3021201,296.21702915386834
3021202,2.1135034679854
3021203,3.6977475621814975
3021204,4.923605105919399
3021205,101.84688387801526
3021206,3.082665229372334
3021207,193.7199349499455
3021208,369.4321115884123
3021209,4.509525938833977
3021210,6.9960091718527675
3021211,227.14236327842372
3021212,74.68178790091687
3021213,1531.9719680988114
3021214,1.6586743057659135
3021215,4.794856159869922
3021216,12.060469032976227
3021217,0.585846194635159
3021218,18.92688452581573
3021219,10243.87450229645
3021220,0.43547350866827605
3021221,1362.4778654555453
3021222,34.582845381460025
3021223,2179.0338773317894
3021224,2488.5609144642945
3021225,473.040135444242
3021226,536.82777895812
3021227,427.9858401121332
3021228,9109.524186307613
3021229,67.57226251848402
3021230,3.7959281626920545
3021231,54.38422839929533
3021232,70.25008005065897
3021233,1.3997696789188123
3021234,648.2458467038377
3021235,57.84963238816568
3021236,48.725789998187565
3021237,56.627843707027225
3021238,164.39768426939042
3021239,17.803734349381212
3021240,1103.3892157087184
3021241,743.4747524480098
3021242,24.757585656377593
3021243,33.72282482835568
3021244,1303.4657937458983
3021245,511.8453581607746
3021246,7373.02123882527
3021247,0.8408933907016758
3021248,76.75972995035472
3021249,3.822825616363904
3021250,0.2351369842684313
3021251,0.730002896266642
3021252,1310.2375936467633
3021253,0.06731657890494476
3021254,184.27544092095775
3021255,4.571615766622455
3021256,569.1369247771376
3021257,289.8741389435001
3021258,139.66202206556375
3021259,124.84403624725431
3021260,37.106732854556384
3021261,2155.389176860939
3021262,4.135921348553976
3021263,0.5852637348529772
3021264,11.483636411622314
3021265,7.100078112213689
3021266,0.16744857847803932
3021267,194.08438272913756
3021268,0.6999219405418331
3021269,0.14283322724855646
3021270,2.0560581551902057
3021271,5.832638291935657
3021272,1.0726310142066664
3021273,73.40528768357174
3021274,142.25364258771916
3021275,1.7144485400266034
3021276,3.210356691622887
3021277,100.20025870135426
3021278,28.047078195346987
3021279,444.83240580692757
3021280,0.3502499977824296
3021281,2.061333143470147
3021282,8.79812304041816
3021283,0.799167273293087
3021284,2.888266524585842
3021285,3660.1571226638657
3021286,0.4022835522113616
3021287,695.2975491842509
3021288,10.310410503702293
3021289,1561.9004330967207
3021290,800.8045960677124
3021291,337.1595051561007
3021292,197.54980073070794
3021293,73.82055069477916
3021294,5804.403051368754
3021295,16.28472213269809
3021296,1.097160088446806
3021297,26.67134477380354
3021298,23.451963056005425
3021299,0.5341019396382192
3021300,328.6048245301904
3021301,4.046061518465761
3021302,2.0983506500178786
3021303,8.503853616100415
3021304,49.26948954616096
3021305,3.0475266063065005
3021306,317.3907429086374
3021307,410.6079428167102
3021308,3.5775279845235843
3021309,7.362149980141373
3021310,228.84447673334122
3021311,62.74629260192082
3021312,1158.0745787106239
3021313,1.3106773684728839
3021314,4.627161415749847
3021315,2.4500486750334245
3021316,0.04482423526816459
3021317,0.37246260710381435
3021318,959.1396789822193
3021319,0.0
3021320,142.38340421851677
3021321,3.369898254842256
3021322,451.08192927458714
3021323,205.48804249495825
3021324,97.49270781040255
3021325,114.13426728231882
3021326,24.731914004838703
3021327,1663.1175564913249
3021328,2.1669281147093233
3021329,0.19376228144874358
3021330,12.069988482739749
3021331,5.279201110518046
3021332,0.0
3021333,126.45715245864974
3021334,0.2970600409753475
3021335,0.0
3021336,1.6493745081930857
3021337,18.033207017959686
3021338,0.7865944981772073
3021339,67.11209896320607
3021340,104.83066114585034
3021341,0.7736146024489514
3021342,2.020210244912033
3021343,78.18342641860009
3021344,16.12061834690786
3021345,255.48234348676584
3021346,0.0
3021347,0.8770849063615285
3021348,7.464367603942527
3021349,0.30113364784413227
3021350,1.2465987066498814
3021351,2180.966661128755
3021352,0.04664370219099898
3021353,290.5316327315822
3021354,6.410847551847333
3021355,1010.6124204773282
3021356,463.19290293606963
3021357,224.50613158082874
3021358,165.03485422435062
3021359,51.59159203370612
3021360,3450.992727876488
3021361,5.492419557009444
3021362,0.8615291163674066
3021363,16.451702842096456
3021364,21.994862683806293
3021365,0.4761068595282271
3021366,289.1403897978355
3021367,0.7665289788526874
3021368,0.17407584273500612
3021369,7.249935724051976
3021370,6.348754425827924
3021371,2.1980386200153275
3021372,193.0893686991962
3021373,328.36266664812103
3021374,2.0246346487151805
3021375,4.420490867480545
3021376,161.23123543097975
3021377,42.69992662065896
3021378,733.7702148279071
3021379,0.03436286141544741
3021380,0.9246372756309582
3021381,4.963520693548993
3021382,0.07802107524309618
3021383,2.965533039349073
3021384,2904.5132849452502
3021385,0.0
3021386,696.6871567211965
3021387,9.460650238358532
3021388,951.2733131537196
3021389,615.5238644176171
3021390,217.52604663294903
3021391,143.3912025317988
3021392,79.32297126401296
3021393,3846.8193209444175
3021394,8.102637186671796
3021395,1.0539899056968336
3021396,30.468954651811003
3021397,24.648837678306265
3021398,0.13129524906291548
3021399,277.0472227263056
3021400,6.126702008267381
3021401,4.032902584735421
3021402,5.535173254246269
3021403,59.28013851857631
3021404,2.6270303201724508
3021405,233.28465438380198
3021406,324.83560544518497
3021407,4.077403320717423
3021408,6.555577492081555
3021409,133.6052875505803
3021410,50.502436543686066
3021411,446.2503818462035
3021412,1.1980019190403381
3021413,2.34247674174224
3021414,4.907863684005289
3021415,0.09505211345457386
3021416,0.5663057139755583
3021417,1633.2267666081937
3021418,0.0
3021419,181.8212568998064
3021420,4.1673739424008245
3021421,639.7208906583953
3021422,273.8709136623034
3021423,122.11899584603466
3021424,124.17841900141042
3021425,36.268315552929366
3021426,2304.7499381377206
3021427,6.905570697745445
3021428,0.3525472569190977
3021429,10.879707546535107
3021430,14.075154413756533
3021431,0.01921456491755354
3021432,170.9981384034663
3021433,0.451488502236474
3021434,0.038696316472671285
3021435,1.9976337607900518
3021436,43.80155079422554
3021437,1.2924296171092977
3021438,112.82261695266705
3021439,163.53116726848313
3021440,1.138499933478359
3021441,2.334959360860435
3021442,83.39144158246668
3021443,22.777936891846654
3021444,382.45299868732286
3021445,0.06575771821135294
3021446,0.2935387879115648
3021447,5.33004041383429
3021448,0.24599990814031278
3021449,1.8211366458725462
3021450,3376.6750740270772
3021451,0.1076897957520932
3021452,674.3205579574615
3021453,9.05295914408303
3021454,1119.7413960506212
3021455,773.0152174065352
3021456,299.1196864436573
3021457,144.59604330108473
3021458,68.897875721722
3021459,4192.764503372128
3021460,8.849307927839119
3021461,0.814162732438175
3021462,19.8136568867694
3021463,20.270007689100193
3021464,0.21228752140360288
3021465,272.3207924620036
3021466,2.046901532012461
3021467,4.957954511463008
3021468,3.5634921581976666
3021469,77.1809931792799
3021470,2.2167654899004767
3021471,209.69315889481032
3021472,365.1761541933374
3021473,3.2150975475534507
3021474,5.311243914080356
3021475,183.42227278073062
3021476,55.61916532011617
3021477,1200.4833213340562
3021478,0.9202705953781867
3021479,1.0563671522877272
3021480,4.545997347749441
3021481,0.2992869192137869
3021482,5.908939379770711
3021483,2895.0763052122356
3021484,0.35045429879847423
3021485,543.3347787990084
3021486,14.182471533772363
3021487,808.6400143716293
3021488,747.2161979382796
3021489,175.24233240862452
3021490,174.50082155517666
3021491,159.16404303307388
3021492,3378.0557070972964
3021493,28.452082904008467
3021494,1.6604343268175814
3021495,23.88240710173183
3021496,21.001421454927392
3021497,0.3934557993822671
3021498,270.8696010004794
3021499,15.11838206717486
3021500,23.34821345617876
3021501,4.765908532968888
3021502,72.87178422070797
3021503,6.227193826249085
3021504,255.02355852877366
3021505,311.9823195419325
3021506,7.367881275532994
3021507,10.05999657621665
3021508,258.48754675022417
3021509,100.55893352719268
3021510,1879.1517698683203
3021511,0.6589807494512665
3021512,11.933139208159181
3021513,9.143884863206738
3021514,0.05592243353291915
3021515,8.74437134863271
3021516,3351.6154829268626
3021517,0.1110489929222875
3021518,622.87594110775
3021519,14.68271613902556
3021520,1085.6932528460568
3021521,909.5640862274495
3021522,259.5057605989971
3021523,235.79723588621192
3021524,175.5408690742416
3021525,4919.009833627453
3021526,24.101564971825084
3021527,1.6079021133259301
3021528,36.86026652921086
3021529,36.56421813341344
3021530,0.3360372103353268
3021531,373.134838326337
3021532,16.714495044326803
3021533,18.235909890430673
3021534,10.043855116017285
3021535,77.15616334135575
3021536,7.581475355996346
3021537,391.5767576905042
3021538,465.30012894054295
3021539,9.250762776025908
3021540,13.07959019515194
3021541,283.23264905864846
3021542,141.53984488018756
3021543,2497.6772229100206
3021544,0.6858196398668557
3021545,15.921742710769664
3021546,10.127677622741114
3021547,0.6638986872948991
3021548,5.836716479326068
3021549,4121.159334295326
3021550,0.41585599453079974
3021551,812.352440067316
3021552,12.928158534840165
3021553,1602.0694830800408
3021554,800.3966191180252
3021555,320.66515973576315
3021556,237.6658421126838
3021557,104.85848136277569
3021558,6048.881246444363
3021559,34.740895545956235
3021560,2.0808445786483745
3021561,28.19807493190963
3021562,21.095991102578232
3021563,0.6496994600361943
3021564,411.454539272269
3021565,9.673737114112116
3021566,10.992148171643569
3021567,11.351569333335775
3021568,75.71650328833282
3021569,4.67010430058294
3021570,267.77088917564856
3021571,440.3755013684223
3021572,6.013112759958015
3021573,10.464489413398168
3021574,218.7210233372648
3021575,88.25457499874675
3021576,1203.2019271292888
3021577,13.27892245075649
3021578,10.054840102468841
3021579,5.33812529824211
3021580,0.37283823589779275
3021581,3.9264930419676958
3021582,3580.9344177108646
3021583,0.3802541669948315
3021584,461.4925005213193
3021585,12.690873910800002
3021586,973.3439576544904
3021587,815.3965099630132
3021588,263.55522453464494
3021589,158.9822315778944
3021590,120.92343510957353
3021591,4733.708455712873
3021592,15.616747056263218
3021593,1.2383470046259926
3021594,20.062652661392494
3021595,17.409815572821014
3021596,0.3635221141283735
3021597,278.8619060625752
3021598,18.165471675976463
3021599,12.64677384434174
3021600,3.956050807227485
3021601,69.34191036788027
3021602,6.3201628969213965
3021603,382.1952373697689
3021604,322.2076320341401
3021605,5.677346134560574
3021606,8.361573950282445
3021607,425.7567947116474
3021608,106.35569725711952
3021609,2161.1099444662427
3021610,0.5879086627000585
3021611,24.69496780071866
3021612,6.419913012538041
3021613,0.16345380972329301
3021614,1.5036950457188647
3021615,4106.947084366206
3021616,0.14140377810823068
3021617,504.68574377633746
3021618,8.849117886463418
3021619,1553.3622941458882
3021620,647.9327813643595
3021621,284.48142439902165
3021622,166.15766141862815
3021623,68.7284587030959
3021624,5723.415235198564
3021625,9.209214988497585
3021626,0.8009705883641094
3021627,26.59244653656622
3021628,22.710700952876316
3021629,0.032804499497476346
3021630,356.071747708417
3021631,1.730096728899389
3021632,0.8854544592159097
3021633,4.493585518729003
3021634,36.37020219938547
3021635,2.9028938291140913
3021636,166.65212342183614
3021637,353.44444549055254
3021638,3.049680636992953
3021639,5.896022919285845
3021640,152.84010553351607
3021641,53.10304844986305
3021642,812.6389816008319
3021643,0.3686701636563901
3021644,2.264896550706454
3021645,7.692464943425941
3021646,0.3253997154832133
3021647,7.635005105822474
3021648,3213.3609779556
3021649,0.49133535541702617
3021650,567.9797688812153
3021651,14.518786148866283
3021652,1247.2552386006796
3021653,890.5986574552134
3021654,321.42047515664774
3021655,229.82328363991093
3021656,163.368829903791
3021657,5094.992729049149
3021658,18.248415094901244
3021659,1.7249240735201723
3021660,32.7368586814653
3021661,29.017981657671736
3021662,0.5205592649378583
3021663,385.9161868278214
3021664,9.270687728862397
3021665,12.074988316122223
3021666,9.46838395434715
3021667,78.5013076478431
3021668,7.556360007880087
3021669,310.89093930643236
3021670,407.7818845564046
3021671,7.146358159174824
3021672,11.19750024144819
3021673,294.3317793585434
3021674,104.44609514436908
3021675,2120.1826449936634
3021676,1.1642111121172691
3021677,8.069351188802086
3021678,4.536778158570211
3021679,0.2971270963442013
3021680,7.8929829869917985
3021681,3333.5842285770827
3021682,0.5005611407179065
3021683,549.303947381433
3021684,15.098236166997854
3021685,951.6562413732167
3021686,882.721626091515
3021687,221.36052773375536
3021688,167.2589785485942
3021689,149.0800657474633
3021690,3452.3744032153973
3021691,23.74184680883446
3021692,1.916360245576477
3021693,25.02115704025893
3021694,26.647196950377836
3021695,0.8255584874304418
3021696,354.00377306756127
3021697,18.288376960086623
3021698,35.27115123236839
3021699,6.0747634620963105
3021700,113.32608559278233
3021701,10.014561908567593
3021702,285.60571297036057
3021703,346.60280558888445
3021704,8.722278921478834
3021705,11.088074546083499
3021706,272.92824877708676
3021707,102.4080868617804
3021708,2283.8702070861805
3021709,1.1668268861774047
3021710,17.254267253783524
3021711,5.925690504901646
3021712,0.18257109881845962
3021713,3.717678990730575
3021714,5244.438032465976
3021715,0.0
3021716,810.3818694675912
3021717,9.038637096947278
3021718,1460.7010318201144
3021719,927.1736811728256
3021720,345.4500821772632
3021721,155.1660310642038
3021722,67.5012584941676
3021723,4769.448338705181
3021724,11.414258689723827
3021725,0.7079589040661274
3021726,24.162539102661146
3021727,22.58516426968458
3021728,0.22512218167398929
3021729,281.251548920518
3021730,2.265173352606605
3021731,3.8069577402655375
3021732,3.2708297222805633
3021733,72.66873670312711
3021734,3.6984933231827144
3021735,164.94321316112394
3021736,401.57415644996934
3021737,4.634434146240576
3021738,6.682368309234608
3021739,239.3084168648071
3021740,97.17568659897685
3021741,1418.3331789602223
3021742,0.576106475407751
3021743,1.2586952343487439
3021744,23.629592628202705
3021745,0.20419288342598182
3021746,22.239130392387185
3021747,14675.948319492923
3021748,0.49442776329469573
3021749,2042.9293644628817
3021750,38.13761452521425
3021751,3691.8585007464603
3021752,3283.149840303927
3021753,1012.2499040047081
3021754,759.525036459107
3021755,580.5543381713495
3021756,14770.146308203142
3021757,99.13750021721098
3021758,4.665528180118067
3021759,96.35397994493752
3021760,103.39634456720039
3021761,1.983859452374575
3021762,1119.0718813360404
3021763,71.27162536937728
3021764,33.817739561239584
3021765,65.52107844329817
3021766,229.98896703659628
3021767,20.634557163533437
3021768,1310.74639010012
3021769,985.9466661122593
3021770,36.18091676111246
3021771,69.01940989754426
3021772,1788.8220522770844
3021773,770.8533663938174
3021774,9449.308482099643
3021775,429.5317806597573
3021776,116.01547762952607
3021777,19.097609847039948
3021778,0.1350877624298643
3021779,19.52097324705834
3021780,12849.97453046756
3021781,0.33333691856669884
3021782,1834.8776257644188
3021783,31.712053798328206
3021784,3481.9183721433415
3021785,3291.267125685905
3021786,970.0154081006425
3021787,633.0496694066383
3021788,488.4508419348351
3021789,13610.87346169156
3021790,82.19572970081792
3021791,2.5148087741921983
3021792,57.31128074744795
3021793,82.74333351385656
3021794,1.4156558921302036
3021795,1034.3328146897063
3021796,69.28804676179794
3021797,30.256230615665974
3021798,28.4974735768773
3021799,192.0179429697256
3021800,17.513140063421623
3021801,1282.5045033549438
3021802,1039.848325373042
3021803,32.35558908906448
3021804,69.21468391698629
3021805,1667.615412783763
3021806,585.6050241697361
3021807,7996.742375193958
3021808,476.6085779710715
3021809,92.79256766238838
3021810,20.62171320918211
3021811,0.0979287619423373
3021812,21.10197175394965
3021813,9853.765750746128
3021814,0.1822437402497258
3021815,1218.0676209977462
3021816,26.841203634667526
3021817,2855.7249577063153
3021818,2421.5423172981564
3021819,902.8030254537482
3021820,403.92573308190265
3021821,347.87629505856273
3021822,11494.349325673938
3021823,63.211206005348814
3021824,2.0418152299714745
3021825,48.48682024664512
3021826,66.88001598113269
3021827,1.0573203989556212
3021828,895.4860229115573
3021829,60.470383661446725
3021830,21.304591086997
3021831,24.397080943069497
3021832,163.61179058431978
3021833,13.940042248410103
3021834,1196.5882390660965
3021835,1042.4945696395996
3021836,28.20250374524634
3021837,56.18388931620153
3021838,1366.200995483102
3021839,345.4848649854233
3021840,3314.275209415525
3021841,279.54899113274337
3021842,53.49989999161129
3021843,21.57894076081089
3021844,0.1468614946563535
3021845,24.985929689064115
3021846,11469.206840445464
3021847,0.3293465929831293
3021848,1381.9617578804541
3021849,31.300401772820415
3021850,3259.08014572577
3021851,2682.718329707703
3021852,995.8276950961252
3021853,483.4174391894877
3021854,406.8940866377238
3021855,13089.597442004435
3021856,76.50134307335593
3021857,2.6713960127791485
3021858,68.05581531775847
3021859,79.72050310939558
3021860,1.3994904622652915
3021861,874.2325314968652
3021862,78.35599055657252
3021863,29.491211360837966
3021864,26.991426609684876
3021865,203.88470863629726
3021866,17.235446552167307
3021867,1358.8448210785996
3021868,1153.0249104582056
3021869,32.44383378744672
3021870,41.669701532558314
3021871,1434.2914489228724
3021872,427.18934709333587
3021873,5148.279389083444
3021874,428.9475499827131
3021875,74.89018836996202
3021876,19.57184219371005
3021877,0.0583875530279311
3021878,20.675826747587585
3021879,8769.006311016681
3021880,0.1643498766318779
3021881,1157.0319865751696
3021882,27.048130958765437
3021883,2602.038760121232
3021884,2193.351040165259
3021885,800.5094503562558
3021886,294.7513282429818
3021887,311.091768092386
3021888,11605.825415972415
3021889,58.12742080012306
3021890,1.5851158775018712
3021891,53.30302012552375
3021892,57.23939509853444
3021893,0.8954134752328695
3021894,851.7136177198529
3021895,61.51449834964021
3021896,17.180442396441414
3021897,23.228601869878513
3021898,171.43284283486386
3021899,10.58567355054467
3021900,1428.764390046249
3021901,1055.2418130048156
3021902,24.977174057544225
3021903,40.98156181839617
3021904,1278.195965955059
3021905,258.13512048732395
3021906,2559.3517979893445
3021907,330.2872316597313
3021908,50.51841295019921
3021909,14.939040245496654
3021910,0.0
3021911,16.04601527062451
3021912,9839.489251634994
3021913,0.2869167124696955
3021914,1389.7025952884123
3021915,27.675602757109015
3021916,2502.4820011411543
3021917,2407.9932537848144
3021918,594.7530475807932
3021919,485.0322188558503
3021920,373.94678266291265
3021921,10666.306571757768
3021922,63.69805352217094
3021923,1.8086826558215772
3021924,58.32135358212268
3021925,67.4130443183171
3021926,0.9481822290399566
3021927,781.6587427792006
3021928,43.077358299606686
3021929,27.92805728618908
3021930,27.731804764818342
3021931,188.6916890587036
3021932,14.279770296184097
3021933,1247.30883513551
3021934,818.2998880302372
3021935,24.2411292879059
3021936,37.20296892825196
3021937,1206.5700398782103
3021938,464.29585774838637
3021939,7503.780205952147
3021940,336.7249304747241
3021941,78.36912917194836
3021942,7.808919742598269
3021943,0.5383627606962289
3021944,5.057204852186773
3021945,2498.219780231426
3021946,0.47384842922101744
3021947,426.8820078108985
3021948,18.715317169040084
3021949,999.6314227303819
3021950,638.706496015893
3021951,257.0936813457929
3021952,164.75561402448358
3021953,116.9734004568681
3021954,3386.28464774297
3021955,14.001277042703164
3021956,1.7112084054005443
3021957,25.28996575180304
3021958,21.545724457713213
3021959,0.822433525159336
3021960,218.58031804539795
3021961,9.808022190983241
3021962,4.6172149069059305
3021963,10.567397507489414
3021964,100.3538540178542
3021965,6.362673095695464
3021966,302.78371983129205
3021967,309.4847155060169
3021968,4.313887358246545
3021969,7.479791645296084
3021970,274.0756527355722
3021971,86.50481201498587
3021972,1405.9484064714381
3021973,0.28339050640653396
3021974,10.457377488598675
3021975,12.924532885515998
3021976,0.052425925216809895
3021977,16.210094712349225
3021978,6154.682064872788
3021979,0.08560070768084699
3021980,923.6274258972048
3021981,28.545685110500397
3021982,1700.0892022457522
3021983,1330.6120171864477
3021984,555.3366315100213
3021985,194.07131704439215
3021986,190.68817614226668
3021987,7681.109947223979
3021988,45.37414897628786
3021989,1.553446829522151
3021990,63.04692793741846
3021991,65.90596812804242
3021992,0.6234935469808927
3021993,515.67481845519
3021994,48.88728333180414
3021995,9.753270832374767
3021996,4.429317030853737
3021997,130.6061579637606
3021998,10.271698963744685
3021999,945.2798142937397
3022000,725.0967263756178
3022001,14.035384262591336
3022002,25.529857025984196
3022003,582.992205739132
3022004,166.15886555846694
3022005,2631.1640267340963
3022006,247.4667887392755
3022007,26.542946357975868
3022008,7.650433247211414
3022009,0.0
3022010,6.841003372677711
3022011,5491.593641315539
3022012,0.03924836705242834
3022013,922.6474904136013
3022014,11.171916480700384
3022015,1512.3753339311315
3022016,1520.0299453806554
3022017,368.91506321507234
3022018,303.7366941696622
3022019,202.7286418125607
3022020,6433.372279534837
3022021,22.616231440336858
3022022,1.4981579801871203
3022023,34.00864669221575
3022024,34.534810204871
3022025,0.8934598271476193
3022026,413.61316708000663
3022027,6.4855468269684104
3022028,15.362164849228336
3022029,5.7439806663802395
3022030,127.27950940442844
3022031,8.319473235105496
3022032,564.49809480597
3022033,545.4395428699846
3022034,11.557441722250168
3022035,18.822303452415134
3022036,682.5363692363031
3022037,152.7670617396769
3022038,3828.9747836238917
3022039,2.773236480271054
3022040,37.51650515035477
3022041,11.092562207986694
3022042,0.7713839696835811
3022043,11.235061142151526
3022044,5672.987368678364
3022045,0.42813909169868
3022046,1152.9663476032486
3022047,16.979137623336516
3022048,1611.5436673292625
3022049,1467.3735601142791
3022050,447.0461261791802
3022051,333.6475008535875
3022052,255.8327756226957
3022053,7610.670930285464
3022054,43.938903610512256
3022055,3.7708757781999225
3022056,61.070208950022355
3022057,70.66076150324949
3022058,1.2893395754860664
3022059,572.5220498377212
3022060,17.793727721786894
3022061,32.85587797457496
3022062,10.081298490855273
3022063,237.52079526798798
3022064,13.501482782754438
3022065,592.8966476176126
3022066,602.6107796280407
3022067,25.768055100493868
3022068,32.706305565118456
3022069,444.6610071885784
3022070,271.32274281480255
3022071,4131.384182882299
3022072,4.853435260029157
3022073,12.336567134199223
3022074,10.649852910594836
3022075,0.7211861851810493
3022076,8.785069686343096
3022077,3588.3970259360763
3022078,0.6128112736503049
3022079,697.9486469501752
3022080,14.119781856459554
3022081,1276.09853007622
3022082,870.5474050664674
3022083,346.5159899471816
3022084,144.50219894160082
3022085,121.25187558807185
3022086,4719.9701893484325
3022087,15.274507618664991
3022088,2.126180906446564
3022089,23.123692009703625
3022090,32.793763368427875
3022091,0.9451830923702866
3022092,280.5992793735586
3022093,7.1813096276936825
3022094,9.745497842703802
3022095,6.688372925459919
3022096,98.50408506742745
3022097,6.763140071804554
3022098,225.39928035030604
3022099,371.12326975323026
3022100,6.90839489077162
3022101,10.360150819484646
3022102,235.11866974565024
3022103,101.77166127093285
3022104,2366.5592508612244
3022105,1.3283173640620616
3022106,5.576154129337205
3022107,7.857567298512452
3022108,0.2567142042283146
3022109,1.0464958458293179
3022110,2596.7863842767765
3022111,0.055791434632736475
3022112,335.5157169562197
3022113,6.531050664673556
3022114,1509.1148938533145
3022115,382.9108378327907
3022116,259.42320714143267
3022117,105.3988482428327
3022118,38.45394788900347
3022119,3920.407056304842
3022120,11.995953355259468
3022121,1.0223373919143688
3022122,13.00857669063308
3022123,9.489167486953383
3022124,0.413633731469734
3022125,238.80800211307718
3022126,0.9115916557846568
3022127,0.4899963427131787
3022128,3.0852117129042815
3022129,19.731230183852162
3022130,1.6151336421441163
3022131,99.66797206968562
3022132,282.74893681995104
3022133,1.2853882961837733
3022134,3.616948042750799
3022135,73.41648942995366
3022136,55.063094910953595
3022137,243.86907433048304
3022138,0.07015740655277304
3022139,1.414157426440148
3022140,8.084191073485503
3022141,0.3238921654478466
3022142,10.895205865898268
3022143,5308.205101358657
3022144,0.21039066987161806
3022145,807.5341556080342
3022146,15.571282206528739
3022147,1389.6356489746568
3022148,1274.990961269494
3022149,435.6117292088673
3022150,284.1403955846007
3022151,213.63564903766195
3022152,6274.560254112793
3022153,29.963228619432346
3022154,1.9467087998375625
3022155,36.05965523750729
3022156,38.05153618097305
3022157,0.4402997094762513
3022158,371.3782351780355
3022159,21.863097618124606
3022160,14.691689294544398
3022161,27.19589597026512
3022162,109.64351821830628
3022163,7.750847071814949
3022164,551.2668793983719
3022165,500.5925932480897
3022166,10.991082791161626
3022167,14.487912138747042
3022168,676.8140419054198
3022169,205.80564107886497
3022170,4018.014098124391
3022171,0.4993332044249637
3022172,38.97831505824652
3022173,5.424687763754555
3022174,0.1403392893576529
3022175,6.839067086140936
3022176,4256.413662975036
3022177,0.1322112816695458
3022178,635.51435513216
3022179,14.53320997319289
3022180,1145.8428039349342
3022181,997.9130139151732
3022182,313.06892872584626
3022183,252.88723540026106
3022184,193.95356263915403
3022185,4952.422830507798
3022186,25.730651670504013
3022187,2.4871090458897687
3022188,29.609131923699394
3022189,32.82794983327979
3022190,0.7054128439505842
3022191,282.9546924139969
3022192,16.839990498333947
3022193,17.681561773983216
3022194,15.297759593365456
3022195,104.50394681665918
3022196,8.010279336073484
3022197,453.55577283388743
3022198,405.66098165079535
3022199,9.061181205399773
3022200,12.49762235797995
3022201,555.8196094932406
3022202,202.21785720185292
3022203,3250.628456594797
3022204,0.3367490904204528
3022205,35.090284738714686
3022206,6.5038413851079655
3022207,0.18444790755533355
3022208,12.112012815235822
3022209,5648.057479093417
3022210,0.2236342434382094
3022211,870.9141926459902
3022212,19.36560560533993
3022213,1375.5889617908224
3022214,1425.1370141855296
3022215,343.22499987700246
3022216,288.87466450991104
3022217,211.7875169870683
3022218,5308.281051237761
3022219,27.502635853768535
3022220,2.2784975864857397
3022221,48.30941765721618
3022222,45.329861876329225
3022223,0.6246374143839399
3022224,440.9140753813759
3022225,22.748888289327166
3022226,23.226867163803202
3022227,25.32781009600813
3022228,140.95643321530724
3022229,9.578574214270882
3022230,531.8640150701125
3022231,468.0452084539667
3022232,11.588225943261039
3022233,15.354055442966612
3022234,631.9933623514169
3022235,203.0139867226976
3022236,3488.26619769097
3022237,0.5743446712356313
3022238,52.46143422207801
3022239,13.560192191967104
3022240,0.4501767878811878
3022241,9.269924799648255
3022242,4918.018988488381
3022243,0.1395574470427951
3022244,908.5628032039954
3022245,13.840021151696122
3022246,1834.1822554281964
3022247,1045.9147261768192
3022248,515.2084832297675
3022249,209.13443422676426
3022250,120.45708958236669
3022251,7526.473710949346
3022252,12.546021621556678
3022253,1.6642741110090213
3022254,31.210617319209454
3022255,43.02128018216015
3022256,0.5453128047081839
3022257,547.1482742559223
3022258,15.317302728189315
3022259,7.281742306504395
3022260,18.13714164632802
3022261,65.11890045053859
3022262,5.285558371715532
3022263,409.45082129083244
3022264,651.4596578854917
3022265,7.932203566202206
3022266,12.109445743621976
3022267,472.01217276581355
3022268,131.66610151248776
3022269,1893.0389805652035
3022270,97.16701647935402
3022271,16.824105738896296
3022272,4.272216253670941
3022273,0.3709420803351179
3022274,4.3858760251689795
3022275,2249.4549373530926
3022276,0.6323393346242665
3022277,385.4733771255224
3022278,12.24109942561263
3022279,711.021762279758
3022280,656.6612708594319
3022281,160.92702915679178
3022282,148.39562191540062
3022283,100.05460266532748
3022284,2907.668766104637
3022285,15.560685915316487
3022286,1.953546338109447
3022287,15.697254973761712
3022288,22.85902295420409
3022289,0.7374100533572159
3022290,175.7203912234774
3022291,12.467002744708244
3022292,12.737092608253572
3022293,4.631936322045818
3022294,62.14562978279542
3022295,5.125844669014255
3022296,318.97054997223506
3022297,190.06134604538138
3022298,4.4912509353052155
3022299,7.128171973489861
3022300,342.85843559945386
3022301,91.40743837978616
3022302,1641.9242587818608
3022303,0.4612546980245757
3022304,26.24710635658666
3022305,2.237958147585566
3022306,0.0
3022307,0.7151882688038542
3022308,1129.662249290833
3022309,0.0
3022310,90.44831943957568
3022311,3.1726279369510655
3022312,558.1588755898636
3022313,281.0028689540033
3022314,154.929069861517
3022315,62.77399185858978
3022316,23.715165294987447
3022317,2240.735664041157
3022318,2.8307761172063657
3022319,0.13110604771995066
3022320,6.898867727039172
3022321,5.928391559672472
3022322,0.0
3022323,154.17380700584746
3022324,2.0313957282250215
3022325,0.0
3022326,0.9348221601430722
3022327,6.584805759076235
3022328,0.4792201662510877
3022329,115.26993474392182
3022330,158.83807219184638
3022331,0.8317907983882684
3022332,2.64452756666403
3022333,118.61070675000376
3022334,20.878182163469496
3022335,224.17271513776666
3022336,8.239024481761241
3022337,1.5190329636204836
3022338,5.341366103186922
3022339,0.10034925084716277
3022340,4.83955233443902
3022341,3590.406145181858
3022342,0.0
3022343,566.9703634208703
3022344,10.826056853234565
3022345,1528.4837362427534
3022346,701.0431014211237
3022347,395.5380123529264
3022348,241.85327785708873
3022349,66.85782605867831
3022350,5510.570940175849
3022351,12.511330756327158
3022352,0.6588684993051594
3022353,23.090248229533536
3022354,27.289071790488002
3022355,0.0706609872645209
3022356,319.01351040341325
3022357,7.57790650197343
3022358,2.5152954270094408
3022359,5.110060988856157
3022360,25.432012695375814
3022361,2.5700511096180487
3022362,423.3645995402393
3022363,414.375346295152
3022364,3.5496872694252746
3022365,8.49463396944905
3022366,277.3889382575464
3022367,64.88369067073751
3022368,959.3788866259251
3022369,62.47862577020976
3022370,6.499719802348127
3022371,3.941190360904967
3022372,0.13773559680443556
3022373,0.85066027371271
3022374,1605.7451077717096
3022375,0.0
3022376,159.72017553432548
3022377,5.93668496614962
3022378,774.0330483982101
3022379,374.1870462325924
3022380,184.9893845098879
3022381,70.94896686596738
3022382,34.02446879203981
3022383,2578.9461535044557
3022384,4.451335505975898
3022385,0.6019697145133311
3022386,11.370656830284414
3022387,9.850764607331186
3022388,0.029200231189121476
3022389,189.21926318188235
3022390,2.04055014438199
3022391,0.01285635922194955
3022392,7.7546420475945705
3022393,16.907299766397426
3022394,1.2144523030609244
3022395,134.14153015761198
3022396,172.07524138027637
3022397,1.5477482629312402
3022398,3.717983140202697
3022399,136.91332947858123
3022400,30.905148505102833
3022401,403.6875109053193
3022402,4.232710507324637
3022403,1.9242577092704822
3022404,3.671215688543156
3022405,0.1482188125580461
3022406,1.76604467773288
3022407,1556.624193712138
3022408,0.019337602694488965
3022409,126.66142855708802
3022410,4.351028882111883
3022411,699.5321436619805
3022412,282.39136768337676
3022413,156.88364145416736
3022414,69.4139442085427
3022415,24.84149977526597
3022416,2397.862358386458
3022417,3.385767004753369
3022418,0.4346128401042684
3022419,8.283002584320437
3022420,11.25375226159821
3022421,0.0545532071358849
3022422,163.14546890722966
3022423,1.6297427142988066
3022424,0.0
3022425,1.716584591417404
3022426,12.881040569984354
3022427,0.9734885802037316
3022428,106.64182856302531
3022429,152.71381621690836
3022430,1.0190004574598706
3022431,2.7706425510204564
3022432,99.79837847999691
3022433,26.36869071176333
3022434,326.9737591028152
3022435,10.195932555342065
3022436,1.6373342779058602
3022437,1.898125422184544
3022438,0.0
3022439,0.09319776943947791
3022440,944.0415315474405
3022441,0.0
3022442,87.19755862338378
3022443,2.853470865263456
3022444,666.6322933229665
3022445,233.1481640723558
3022446,126.79918200671086
3022447,60.43222343601506
3022448,22.6444860717558
3022449,1731.7563874687503
3022450,2.070977468897657
3022451,0.0885129474286651
3022452,6.390728421063199
3022453,8.70515506991064
3022454,0.0
3022455,124.37982917441717
3022456,0.29606923264128443
3022457,0.0
3022458,1.1659857390102584
3022459,10.01296380653297
3022460,0.6330030073824806
3022461,97.19667857784816
3022462,159.9275857574723
3022463,0.5964408142239588
3022464,1.836023518445462
3022465,60.61585701222012
3022466,21.07055632694632
3022467,284.6970240629066
3022468,8.156508152800344
3022469,1.0799314506339903
3022470,3.6944615294185947
3022471,0.1827764899657855
3022472,1.0640781995174744
3022473,1523.2815716671619
3022474,0.0
3022475,146.9001675066907
3022476,4.314988115370085
3022477,812.1929628952469
3022478,362.120597793487
3022479,216.95535280473447
3022480,94.41797114891367
3022481,37.70150373887518
3022482,2654.6068397352706
3022483,4.498683294301423
3022484,0.7741137688712576
3022485,10.189129484571811
3022486,8.709253048602248
3022487,0.2253798676052389
3022488,219.49122301902543
3022489,2.2619134487436883
3022490,0.0
3022491,2.587637210215411
3022492,16.81943813021779
3022493,0.9370231666926434
3022494,122.3186740856511
3022495,185.01570560815935
3022496,1.106633860874397
3022497,3.110317071186061
3022498,104.08383132290953
3022499,30.458181869654016
3022500,444.74989852079943
3022501,10.29439051574488
3022502,2.568488806577694
3022503,3.2462342461800935
3022504,0.0
3022505,0.48862411852331655
3022506,1256.4417595114678
3022507,0.0
3022508,114.4845802875901
3022509,3.8317851629416007
3022510,621.9709834034674
3022511,269.50548904335824
3022512,154.61060806503286
3022513,151.4197522728188
3022514,25.63288931532374
3022515,2156.720769529906
3022516,3.1018255705330784
3022517,0.18179892146016907
3022518,9.245797124637651
3022519,12.622701341580948
3022520,0.0
3022521,154.31724014533245
3022522,0.08669289689864589
3022523,0.0
3022524,1.410173002694386
3022525,11.657539315301387
3022526,0.825241674917724
3022527,63.056563887156244
3022528,127.10549030699195
3022529,0.6415873329832027
3022530,2.239434431744611
3022531,70.07424690549561
3022532,27.540375957184725
3022533,247.78980479187732
3022534,0.0
3022535,0.9941130001691947
3022536,4.663343637521067
3022537,0.04199724858130319
3022538,3.872058831408995
3022539,2981.988624251122
3022540,0.0
3022541,356.9727723433745
3022542,7.118858665662323
3022543,1179.1028876487956
3022544,708.1415499480674
3022545,350.46650243687543
3022546,248.00496353434082
3022547,80.30621075606794
3022548,4353.076631901486
3022549,10.521206447496779
3022550,0.643589960909754
3022551,17.032461461358952
3022552,23.050878451400102
3022553,0.1266698868957976
3022554,272.5187270039988
3022555,4.186125128195197
3022556,0.9353036957983998
3022557,3.9499661596347826
3022558,21.1320020169061
3022559,1.9047690841156215
3022560,224.3748955060054
3022561,268.47345863216395
3022562,3.680679567147723
3022563,7.23859058765362
3022564,235.643215933425
3022565,70.91982776418335
3022566,1126.2035941207102
3022567,25.282500409652155
3022568,10.119308398708764
3022569,0.0
3022570,0.0
3022571,0.0
3022572,673.9166690679297
3022573,0.0
3022574,90.63148464979766
3022575,0.0
3022576,178.26517860752952
3022577,140.05705111551072
3022578,70.877540536697
3022579,59.043191449250855
3022580,5.574569855901775
3022581,864.8847822147317
3022582,0.4231161735763777
3022583,0.0
3022584,1.7680086884518027
3022585,4.372371025485666
3022586,0.0
3022587,67.47650892326114
3022588,0.0
3022589,0.0
3022590,0.8021660394772077
3022591,7.38673218607695
3022592,0.0
3022593,27.890411357658397
3022594,54.68641160730299
3022595,0.0
3022596,0.1320749031555875
3022597,31.294496038070783
3022598,5.921729119603926
3022599,202.6103412296705
3022600,8.317424944443749
3022601,0.1262013723461281
3022602,4.856036467167906
3022603,0.27471434913729426
3022604,1.154467277805424
3022605,1754.7946187955772
3022606,0.06653716882478375
3022607,192.7203521685621
3022608,6.112912603339335
3022609,747.6216353239425
3022610,358.4580921670432
3022611,220.53734071753905
3022612,102.29902552368516
3022613,38.6557065508812
3022614,2846.2996380944414
3022615,6.066998843580975
3022616,0.9610999268744138
3022617,10.905011081427956
3022618,9.330452006599643
3022619,0.22019176275528654
3022620,204.2652410335023
3022621,2.507295953873427
3022622,0.2528172431298355
3022623,2.4144595344483086
3022624,16.790416832945105
3022625,1.2675616755302799
3022626,120.46918952684629
3022627,150.89034619135057
3022628,1.5760490475520603
3022629,3.7534431901902767
3022630,98.93510531067149
3022631,35.51456366267444
3022632,468.1127231919417
3022633,2.4831085891710907
3022634,2.8632425093808833
3022635,4.217101266543883
3022636,0.062416276823180676
3022637,4.6367960293123645
3022638,2852.3345952416325
3022639,0.018518959795843597
3022640,511.50371847791473
3022641,11.065267232425763
3022642,777.5148244165881
3022643,753.6069941828781
3022644,216.4949331413953
3022645,172.18474187851297
3022646,119.94089664135149
3022647,3450.6754916429877
3022648,22.7671971040394
3022649,1.4246640630429335
3022650,21.60862669357544
3022651,21.025498308267725
3022652,0.45186151287214726
3022653,206.5725595988041
3022654,14.725629164970002
3022655,10.710564759317712
3022656,5.033165723552314
3022657,38.290656017774815
3022658,4.820158462163932
3022659,397.8388037976403
3022660,256.5435854517303
3022661,6.754664869999689
3022662,8.843804746335294
3022663,384.36174968798565
3022664,120.35058512611712
3022665,2440.498729198222
3022666,0.20130552726724363
3022667,26.650683514926143
3022668,5.042893384305341
3022669,0.0314513222788494
3022670,2.852987573721834
3022671,3143.524564232389
3022672,0.0
3022673,457.53505902974564
3022674,7.952057685847144
3022675,1048.4130742470381
3022676,708.2506833780726
3022677,353.4787991070968
3022678,232.47653222851656
3022679,65.07607009147475
3022680,4140.0512863221675
3022681,9.332214062641016
3022682,0.5034988748064146
3022683,17.4912264857905
3022684,22.436215350461143
3022685,0.0
3022686,300.77723860398925
3022687,5.533806805192494
3022688,4.014373435997423
3022689,4.61010316235733
3022690,25.102858282366853
3022691,2.157152278484534
3022692,193.7645401368394
3022693,283.83060502730615
3022694,4.0925823251134235
3022695,6.794622646800569
3022696,181.00257183989416
3022697,66.36345619092472
3022698,1040.9738699442871
3022699,61.93001187674598
3022700,7.644197762581335
3022701,4.823509738152378
3022702,0.4047164547846796
3022703,2.6052542143919895
3022704,2746.540144815913
3022705,0.0053213370751492425
3022706,331.6456219777128
3022707,6.14936577050736
3022708,840.8873576393091
3022709,561.5792480708883
3022710,288.8327850582388
3022711,246.8273190175659
3022712,42.80326637806785
3022713,3211.891791336264
3022714,8.340076162324621
3022715,0.7377106469009147
3022716,24.395496603185837
3022717,30.550783736507828
3022718,0.2336331685036838
3022719,282.15527216150474
3022720,3.900214931474803
3022721,3.1890468252575017
3022722,3.9365093892698244
3022723,23.41256745566763
3022724,2.090574119759098
3022725,85.57143905403223
3022726,213.27118882229547
3022727,3.344814705046188
3022728,5.568355040145427
3022729,111.98702836035164
3022730,55.91867455770277
3022731,1020.3208813193711
3022732,0.37777403588837366
3022733,4.737894304873835
3022734,3.3588968791469123
3022735,0.185344582799032
3022736,2.137835186995736
3022737,1437.773206109526
3022738,0.006053462592888201
3022739,129.01763185870806
3022740,4.256641367180262
3022741,567.6706150461449
3022742,278.90248526988603
3022743,139.27343700039785
3022744,102.95608557791302
3022745,31.62727474999818
3022746,2162.4863669058723
3022747,3.402838188896016
3022748,0.6393269410404308
3022749,15.121080903530398
3022750,13.786346458484367
3022751,0.1711952669440721
3022752,167.16563600938736
3022753,0.7791807198250567
3022754,0.0987174047030444
3022755,2.339564074682108
3022756,13.489358014600517
3022757,1.1425438359474316
3022758,82.11994372127877
3022759,131.527737107004
3022760,1.148224526922029
3022761,3.1104072673025494
3022762,90.5762351668038
3022763,31.078608410717315
3022764,380.00938899958794
3022765,8.60622153639006
3022766,1.4021289137301514
3022767,2.2511907359663876
3022768,0.0
3022769,1.0203790055772126
3022770,1417.3875490632088
3022771,0.055873141686300344
3022772,250.60893622284505
3022773,7.337471370065668
3022774,421.63019904008934
3022775,392.5504454330563
3022776,106.74234140834263
3022777,64.0130023957572
3022778,56.01777741404393
3022779,1938.9651739449762
3022780,12.726662893933497
3022781,0.35308465584208926
3022782,12.401950534430577
3022783,11.76233575979329
3022784,0.0723577422337966
3022785,132.62471327494117
3022786,3.6541021822912096
3022787,1.4899660743000802
3022788,4.107281585528859
3022789,33.22699542176591
3022790,2.861989493085707
3022791,337.00372297555907
3022792,149.8684259676706
3022793,2.1384056326125553
3022794,3.8824486120408697
3022795,210.03652738235905
3022796,50.39058461756241
3022797,817.892504946698
3022798,0.2337382342062248
3022799,8.702460571296186
3022800,2.721816750478357
3022801,0.20753526736269834
3022802,5.0737146384229375
3022803,3315.833800512064
3022804,0.1064468041855637
3022805,644.5487950777617
3022806,11.111904030951349
3022807,853.7680874521554
3022808,896.2113070642722
3022809,254.33053658024917
3022810,157.23623953741958
3022811,105.05199927674163
3022812,3405.659520069315
3022813,16.421395146344977
3022814,1.7738022925639383
3022815,22.210591852786745
3022816,25.867733436256337
3022817,0.7007802513459014
3022818,184.2604969899567
3022819,7.850806245185968
3022820,18.160624997504367
3022821,7.016984334093857
3022822,53.840938408502645
3022823,6.055026328991529
3022824,234.1879382616057
3022825,289.9877272981681
3022826,8.617886100779762
3022827,10.838379673258558
3022828,420.0927869077958
3022829,157.6118919679801
3022830,2577.1928564486325
3022831,0.2141619408228843
3022832,18.710508279599026
3022833,0.0
3022834,0.0
3022835,0.0
3022836,648.8932311428771
3022837,0.0
3022838,116.85840979464622
3022839,1.4222170889705623
3022840,142.69051708568261
3022841,168.2138366253291
3022842,45.11698528815177
3022843,27.558161262722574
3022844,22.72330776264966
3022845,654.3088859030238
3022846,1.7832385607515815
3022847,0.0
3022848,2.8187278757835195
3022849,3.9536792990480807
3022850,0.0
3022851,38.29365716639446
3022852,0.0
3022853,1.9811575061245064
3022854,0.548507136647389
3022855,19.885661789826372
3022856,0.3150130009130484
3022857,55.697686652381336
3022858,43.506975709419564
3022859,0.17465725357231476
3022860,0.6374266736163803
3022861,42.574559421793744
3022862,13.64151864583386
3022863,224.05467692439012
3022864,0.0
3022865,0.3310797762640115
3022866,2.858279866577135
3022867,0.0
3022868,0.6599294796386972
3022869,1070.9647050578167
3022870,0.0
3022871,198.58404295776165
3022872,4.658679885576805
3022873,312.9291265290253
3022874,202.71278113078108
3022875,57.2821265761854
3022876,32.799322869728655
3022877,28.13056617698179
3022878,1197.9489655848954
3022879,2.5809739124051534
3022880,0.4213398762474408
3022881,5.607661101107497
3022882,4.5770610370153655
3022883,0.05253374731272113
3022884,62.45435691007027
3022885,0.8330907030888381
3022886,3.180019716612538
3022887,1.0550768308940048
3022888,16.056816003904483
3022889,0.44029909944049805
3022890,165.14016242815512
3022891,117.25628860647315
3022892,1.257965770232682
3022893,1.621489349562777
3022894,107.86537446431713
3022895,15.666888326635853
3022896,582.9420239348527
3022897,0.05407322755872005
3022898,2.0133868198952465
3022899,3.359551343178132
3022900,0.009183718689127027
3022901,5.285228958165247
3022902,3189.6978148226526
3022903,0.04163117889527876
3022904,691.277408791512
3022905,11.698049456916268
3022906,833.8130381091279
3022907,843.1853963326965
3022908,218.49985040649824
3022909,185.47804911483752
3022910,103.33028500797482
3022911,3640.238800955075
3022912,15.831393873341028
3022913,1.1848825268188317
3022914,14.398871114965766
3022915,21.0773009924605
3022916,0.2657330373355146
3022917,191.91573253378624
3022918,6.126395392754346
3022919,16.24754233045915
3022920,5.001920535290481
3022921,59.41960597076668
3022922,4.048886933301107
3022923,287.5849061532861
3022924,258.6884999716143
3022925,7.656180253526765
3022926,8.71915373192836
3022927,331.8013873905967
3022928,102.35534086374454
3022929,2530.232665804177
3022930,0.25401684928914464
3022931,17.842709180432372
3022932,4.632282001857077
3022933,0.0997650008926943
3022934,1.539989615833727
3022935,3375.070431308334
3022936,0.0
3022937,499.16041229694684
3022938,8.429428977147275
3022939,1113.522057571557
3022940,778.8463839180304
3022941,360.7925220327221
3022942,324.8143472282018
3022943,62.361015915212924
3022944,3559.9136190364297
3022945,7.141195933656423
3022946,0.9129356476730055
3022947,16.657504795708682
3022948,19.450008361996325
3022949,0.368860393437687
3022950,229.6010036858079
3022951,1.3512750115310017
3022952,2.658493661676248
3022953,4.1390034758898135
3022954,26.391196622182896
3022955,1.9634501244783227
3022956,154.69478758597143
3022957,274.02192533272483
3022958,4.734215515576052
3022959,6.562998038600356
3022960,182.92717835273152
3022961,90.99412088699667
3022962,1445.9221919917354
3022963,0.530714039434186
3022964,5.581399660679701
3022965,4.623230716736184
3022966,0.4082208633173825
3022967,1.6961220802127208
3022968,2935.8177296748095
3022969,0.13984969159638208
3022970,418.97562016987246
3022971,8.395861638588292
3022972,978.0066551659712
3022973,656.6189979954013
3022974,263.535744948882
3022975,218.0478510106295
3022976,56.893369793989784
3022977,3659.675938319426
3022978,6.895166649245058
3022979,1.1483151352650478
3022980,16.06213642535087
3022981,11.100611891000018
3022982,0.2835953038564274
3022983,235.55401199379614
3022984,1.1549526081063601
3022985,2.5569059413124546
3022986,3.201687516539219
3022987,39.31739584722398
3022988,1.8218714007555983
3022989,147.42623070313854
3022990,233.034795270799
3022991,3.3364824547433365
3022992,5.298874659001183
3022993,173.8960012622533
3022994,56.647095493026626
3022995,1139.824762505471
3022996,1.1464915396995226
3022997,3.8252653376767434
3022998,9.029686289833936
3022999,0.533036555427592
3023000,12.355157077901715
3023001,7342.931077587558
3023002,0.609225676906527
3023003,1190.71620739511
3023004,28.386492960059964
3023005,1671.9394459930184
3023006,2114.4625963603535
3023007,386.84213587695683
3023008,451.07342271487863
3023009,334.179870764519
3023010,7276.99840435368
3023011,67.68716332033998
3023012,3.2664634390259017
3023013,48.86914040568925
3023014,57.9973602190611
3023015,1.439884367208907
3023016,434.311295776387
3023017,37.61311476439182
3023018,36.15435792465781
3023019,23.172228180117877
3023020,108.96341056502544
3023021,15.85604035680155
3023022,1018.4450829031235
3023023,526.5986399342227
3023024,20.499598005761545
3023025,28.42948168193336
3023026,664.1355249157509
3023027,386.0515553925927
3023028,5366.7414394586995
3023029,0.8941660386564956
3023030,74.8314938870284
3023031,2.6968219349070477
3023032,0.03875476194905671
3023033,0.44866024367609464
3023034,1311.2902471243272
3023035,0.0
3023036,146.0473137211955
3023037,3.469569069215848
3023038,515.358597492104
3023039,247.658537709478
3023040,119.7152498499827
3023041,184.01050843184186
3023042,29.689627844270213
3023043,1944.108432575981
3023044,2.406446199759183
3023045,0.4315691011290855
3023046,7.998590439502502
3023047,6.4792648251609215
3023048,0.0
3023049,154.36356552973783
3023050,0.33912981063693404
3023051,0.0
3023052,1.631509407938477
3023053,14.123888578210842
3023054,0.8130517714451919
3023055,67.19084416267022
3023056,97.09360076301704
3023057,1.2890689142943401
3023058,2.626357231612658
3023059,79.40052680201904
3023060,24.569669176698035
3023061,473.5149483524998
3023062,0.1821420859664624
3023063,1.9390115982130958
3023064,5.45964559057769
3023065,0.4109530951017904
3023066,2.1392481995318544
3023067,2959.67279686471
3023068,0.2031234722494888
3023069,432.6416443889611
3023070,8.287285600022805
3023071,1259.5682717834634
3023072,672.9128633886177
3023073,232.9254946068862
3023074,331.0852248732096
3023075,56.83737398797236
3023076,4048.4033042570572
3023077,9.200228709243408
3023078,0.9466533058397639
3023079,16.02041477932317
3023080,18.07140986619737
3023081,0.42580450393839
3023082,261.1500620824096
3023083,3.556738947893213
3023084,1.9990834953898933
3023085,6.753297752933691
3023086,19.350719000047295
3023087,2.304963385039272
3023088,212.7356949454203
3023089,285.56763720227815
3023090,3.7298757955082147
3023091,6.609413029257519
3023092,141.2577497879874
3023093,56.938707868515166
3023094,1096.6478720808514
3023095,0.649064537572694
3023096,3.9736200932934933
3023097,1.3924049892531327
3023098,0.0
3023099,0.7478916338056474
3023100,953.2310075413405
3023101,0.0
3023102,86.11641267195128
3023103,2.423465090819391
3023104,428.45445356138595
3023105,137.02159017332664
3023106,70.60329224368881
3023107,190.11568238184958
3023108,19.04111910923003
3023109,1383.7473721005674
3023110,1.1491765032759003
3023111,0.05725586959544078
3023112,5.477010836818276
3023113,2.7205081927406067
3023114,0.0
3023115,102.7381088716113
3023116,0.057069587427592876
3023117,0.0
3023118,0.6921248369632318
3023119,9.256901027537525
3023120,0.1310032722470687
3023121,48.274956452532024
3023122,79.46687762687124
3023123,0.4144671474896284
3023124,1.033981709071675
3023125,54.62404685900466
3023126,9.19165646612972
3023127,253.2745357975721
3023128,0.0
3023129,0.6747219932963742
3023130,4.532827958803034
3023131,0.16740720753033914
3023132,0.7975404851435257
3023133,1883.721559854128
3023134,0.08976218813972764
3023135,200.53261344685595
3023136,4.296686048328375
3023137,779.8597507227345
3023138,366.23100706366733
3023139,175.75655725982125
3023140,252.8135328976806
3023141,38.67746105568023
3023142,2979.8151426369514
3023143,2.6048405499040306
3023144,0.6321723975523421
3023145,12.647335537519854
3023146,22.818211081149634
3023147,0.1772828523899006
3023148,209.99639427970186
3023149,0.3874693228348386
3023150,0.0
3023151,5.777940321053961
3023152,35.61526856270937
3023153,1.520800201183592
3023154,128.37633098217896
3023155,231.78210457347225
3023156,1.460173076320753
3023157,3.365338121133174
3023158,120.05400204209002
3023159,34.86211069839782
3023160,742.067597570661
3023161,0.0
3023162,0.7165298057975409
3023163,3.958612499111821
3023164,0.0
3023165,2.175552584253588
3023166,2697.5489344197376
3023167,0.0
3023168,499.8639090134638
3023169,8.1779884584837
3023170,874.4987394886075
3023171,555.5438506000696
3023172,190.9232001122801
3023173,179.83900782487746
3023174,68.86151933233651
3023175,3560.735697203269
3023176,6.313688767837524
3023177,0.874335452802488
3023178,24.863408493345297
3023179,24.65885106882824
3023180,0.13960803024654797
3023181,249.31039905238475
3023182,4.255217051722003
3023183,2.9544887149039996
3023184,4.696429275105058
3023185,32.69709514269977
3023186,2.0480992791182437
3023187,195.61629512156057
3023188,251.18923671232943
3023189,3.7333547122960544
3023190,5.641057910970354
3023191,119.39464942476735
3023192,42.52852453074658
3023193,616.9170020857595
3023194,0.8726002582818246
3023195,2.277928617277187
3023196,2.856363711515684
3023197,0.0
3023198,1.183909560751546
3023199,1379.1516408455361
3023200,0.0
3023201,102.6497251252555
3023202,2.427187364520571
3023203,439.5019558356332
3023204,185.70449364512274
3023205,88.40253627985902
3023206,170.4778297478941
3023207,25.665703163048093
3023208,1855.3251425911576
3023209,1.8325065867939578
3023210,0.18332274157076933
3023211,10.383142550766093
3023212,5.677434266217221
3023213,0.0
3023214,123.19856208116958
3023215,0.06737302757198434
3023216,0.0
3023217,1.0782502046091476
3023218,12.761488697774505
3023219,0.6079284169753294
3023220,79.96743997585644
3023221,94.34848916702298
3023222,0.5677058371504113
3023223,1.5170086655016064
3023224,53.468371642263016
3023225,17.09260576407335
3023226,350.64583471392604
3023227,0.0
3023228,0.16728893697820563
3023229,3.804570681782458
3023230,0.1652374137588653
3023231,1.2494791654119162
3023232,2876.2056933889467
3023233,0.07588430649016106
3023234,435.00042232555427
3023235,6.947420155962762
3023236,926.7521658387456
3023237,607.3152563277263
3023238,215.1120401572508
3023239,186.54842706372446
3023240,54.180911633981545
3023241,3546.6376381158425
3023242,5.902307448112414
3023243,0.7443250749044648
3023244,16.188633144327788
3023245,14.750530889630136
3023246,0.1414218036407624
3023247,239.03028795814015
3023248,1.2277630391734258
3023249,3.4922977324553175
3023250,2.523279542392802
3023251,42.543085849891035
3023252,1.395803793798788
3023253,172.0569625150159
3023254,269.636084705092
3023255,2.5630503643577214
3023256,4.339438857680614
3023257,150.36162045735472
3023258,46.275411631391314
3023259,1244.1548726910728
3023260,0.6682314837654693
3023261,0.8918219545698292
3023262,3.3443171654227184
3023263,0.16256279978002328
3023264,4.341071439921299
3023265,2187.598173257275
3023266,0.25479633448474576
3023267,454.49680729184524
3023268,9.45958462645132
3023269,649.3796117314314
3023270,590.9185074723187
3023271,151.42144251538406
3023272,150.2247181743057
3023273,129.63297005211004
3023274,2998.284384526563
3023275,26.372724982607917
3023276,1.7540149100587281
3023277,15.175444607880145
3023278,19.90244170788397
3023279,0.5907244753113023
3023280,194.25690248713283
3023281,10.459357003980985
3023282,18.497716652508785
3023283,4.6941855378131185
3023284,59.910821709674806
3023285,4.8980210592497695
3023286,226.84440903204236
3023287,218.41667225734187
3023288,6.372571767194684
3023289,8.40951268992457
3023290,224.35308439312442
3023291,86.86903285420355
3023292,1427.165225230948
3023293,0.6270368787041007
3023294,11.978205362179924
3023295,4.720020743672172
3023296,0.13426197798500134
3023297,5.272092601449619
3023298,2620.7490456085793
3023299,0.009233262206780717
3023300,575.1814844863508
3023301,10.821239903670044
3023302,893.1984532662747
3023303,742.1138463099071
3023304,260.9071739189855
3023305,158.30607565305922
3023306,112.94596256245438
3023307,3552.44636023427
3023308,19.656019433751084
3023309,1.6857052718847165
3023310,26.741310174302022
3023311,28.346857043460684
3023312,0.5223615623738134
3023313,236.4292787590574
3023314,9.062296215178062
3023315,11.61881214587404
3023316,7.438846650615105
3023317,43.04606734596203
3023318,5.517181815250725
3023319,220.82870905036148
3023320,353.3644222908315
3023321,7.080123757222452
3023322,9.98849908199094
3023323,263.70862679292634
3023324,132.03528468379255
3023325,2349.353500224441
3023326,0.2507400733073644
3023327,13.872110488391334
3023328,6.642676948140521
3023329,0.45020483022836466
3023330,3.911929398724788
3023331,3125.9409355389093
3023332,0.25297752339378604
3023333,479.55017570699044
3023334,9.63557694748558
3023335,1371.3317278056534
3023336,622.8058924252908
3023337,265.2454882435853
3023338,349.358248646957
3023339,74.66922546480261
3023340,4435.220047864733
3023341,19.05344425944155
3023342,1.5825860198526578
3023343,19.031153636957498
3023344,18.572341672606647
3023345,0.47108147967284814
3023346,296.36793216010966
3023347,6.9497958054904805
3023348,7.965067566064146
3023349,5.060505758857627
3023350,37.40055153269484
3023351,3.2636035398651035
3023352,212.37643010595352
3023353,361.9710306308919
3023354,4.931204038935812
3023355,8.141742306892551
3023356,186.28476280583246
3023357,72.28567035898077
3023358,1171.2870732679553
3023359,16.505759179627717
3023360,8.280051483748863
3023361,3.5806006985147594
3023362,0.2532929683681444
3023363,3.9457950870079124
3023364,2758.5788691129123
3023365,0.388947537537911
3023366,447.8628951506475
3023367,10.57185795840964
3023368,816.6588193266205
3023369,746.9524945132293
3023370,245.6273507483133
3023371,131.42038473561115
3023372,96.03336993282154
3023373,3555.290351882333
3023374,16.046138212884568
3023375,1.0607808105891765
3023376,13.910297128606993
3023377,14.815045706989276
3023378,0.3708470082693951
3023379,168.97720889397092
3023380,12.847195935217972
3023381,8.8916801419785
3023382,3.4757350818800115
3023383,39.82129208355469
3023384,4.7530077103480455
3023385,357.39935970080984
3023386,242.59455209089887
3023387,4.532572543646699
3023388,6.583496582991182
3023389,340.746915760519
3023390,84.44470856314298
3023391,1659.9014314525405
3023392,0.43685608127531994
3023393,26.66059779122044
3023394,3.8658725645560432
3023395,0.09420416236261897
3023396,2.667263076205561
3023397,3244.6541419837927
3023398,0.05660446251116775
3023399,301.2500587816686
3023400,6.679272498579061
3023401,1282.002637531655
3023402,508.59471193182384
3023403,239.39543768062137
3023404,220.48322677973098
3023405,51.19962080264773
3023406,4103.742304376377
3023407,7.47294476872327
3023408,0.811175908720547
3023409,19.80698850057989
3023410,12.394366679640527
3023411,0.10070943680900361
3023412,280.06553783990023
3023413,0.8954904028553095
3023414,0.40901949141174
3023415,3.429478694839463
3023416,23.184266154631167
3023417,1.929974692056883
3023418,134.89888341880717
3023419,284.22967779586304
3023420,2.6714653108326276
3023421,4.89467091559195
3023422,128.64518194942187
3023423,44.91979313822944
3023424,868.5330590765165
3023425,0.3004277394320296
3023426,2.0763082790909597
3023427,4.313544777300319
3023428,0.19126427869258275
3023429,4.873702015317228
3023430,2983.529404918203
3023431,0.30191717658956724
3023432,489.0321355813747
3023433,10.542246317760902
3023434,930.0517965849834
3023435,662.684205189643
3023436,197.39284245407313
3023437,160.60630055484978
3023438,114.57450962772717
3023439,4082.44775925929
3023440,14.888383651279982
3023441,1.5223144546374958
3023442,21.409109785590783
3023443,20.722826926503892
3023444,0.4278626754255992
3023445,221.225180870086
3023446,5.879543786285048
3023447,8.42668124679855
3023448,5.7257913168366255
3023449,40.77534278310961
3023450,5.1566338387759485
3023451,212.76693173776346
3023452,293.8885437435851
3023453,5.25608508126765
3023454,13.49427350862202
3023455,199.14897158615454
3023456,72.9821424075585
3023457,1931.8531919052177
3023458,0.7530950905432143
3023459,6.187374662354315
3023460,3.1750449645861387
3023461,0.11726464215567063
3023462,3.1276427160052975
3023463,2453.4842950449224
3023464,0.32443939748655476
3023465,441.4012755371188
3023466,10.560405564306885
3023467,690.9892386071004
3023468,684.4591765634199
3023469,168.3728816355272
3023470,143.34349761583528
3023471,113.37496451025594
3023472,2575.0133522828014
3023473,20.10352965704813
3023474,1.8576393459612368
3023475,15.537347934675228
3023476,19.84155808906658
3023477,0.6822570119616111
3023478,169.27279542530755
3023479,12.602169960174939
3023480,23.730490783532662
3023481,7.273745095507811
3023482,58.99119411134523
3023483,6.90179646390677
3023484,206.61314040607004
3023485,231.16453025988588
3023486,6.975951899607468
3023487,8.575913627125761
3023488,222.6952761845919
3023489,83.62738562820252
3023490,2051.6164452318912
3023491,0.9924829574713663
3023492,14.252518219478059
3023493,4.29108124073534
3023494,0.0
3023495,1.3656528534607557
3023496,4376.305764682663
3023497,0.0
3023498,517.5541307014718
3023499,7.657557368996665
3023500,1205.8952517023765
3023501,787.4663545790999
3023502,265.8516372290228
3023503,236.4498912144591
3023504,62.538716236967254
3023505,3858.0495561390194
3023506,6.62181658261668
3023507,0.419935449130116
3023508,13.627308664273135
3023509,10.54735260414881
3023510,0.01001943064647582
3023511,195.1237557073709
3023512,1.5431854456267562
3023513,2.9315143548437574
3023514,2.114757988696551
3023515,36.15172364819633
3023516,2.248028800158488
3023517,169.3442483780559
3023518,253.73340808899403
3023519,3.807081679211654
3023520,5.559830832714744
3023521,146.27988247000266
3023522,60.21359014131283
3023523,1162.4804995383074
3023524,0.7358366399321188
3023525,1.4171474588877628
3023526,13.130111651075342
3023527,0.1792805809459469
3023528,12.53471328717247
3023529,8497.98996735308
3023530,0.42175901036421515
3023531,1391.3871212819793
3023532,25.296958518655618
3023533,2345.4080526248563
3023534,2110.318397031804
3023535,619.054376024422
3023536,465.73772010172945
3023537,366.5465577945
3023538,9127.39668931532
3023539,72.20358722630485
3023540,3.3216081850318497
3023541,67.14602686140934
3023542,78.09190046391194
3023543,1.3701652619781228
3023544,623.848565521446
3023545,25.0689265596187
3023546,18.943888061863458
3023547,28.974182949363936
3023548,125.59181113630979
3023549,12.975795568752591
3023550,1028.5449096920552
3023551,620.4107255749202
3023552,26.939435038812686
3023553,49.243629133813194
3023554,1122.0068136995997
3023555,434.00088440151995
3023556,6689.794134291521
3023557,386.04196615401236
3023558,83.72502264059672
3023559,11.278416101115658
3023560,0.1237519131844831
3023561,10.939580479625292
3023562,7221.203222410541
3023563,0.28380866350602374
3023564,1226.4168724798647
3023565,21.928240005606604
3023566,2159.8070611346434
3023567,2093.3843727732597
3023568,603.8497181680561
3023569,401.9378785264308
3023570,328.0449459612928
3023571,8433.84438406761
3023572,63.65579615310787
3023573,1.7905262322462492
3023574,45.85839419962131
3023575,61.86407671800741
3023576,0.9971687295987504
3023577,568.1534119191919
3023578,20.37982240289435
3023579,16.190868844250627
3023580,16.665527847294943
3023581,113.55030414112622
3023582,11.216837321855106
3023583,1033.0779591279838
3023584,640.8299225923113
3023585,24.729219256892645
3023586,31.70981860893471
3023587,1073.704962013205
3023588,351.16612991556536
3023589,5714.731882345321
3023590,362.7985369065711
3023591,71.54611514889312
3023592,9.770925390580286
3023593,0.0
3023594,10.541613424342778
3023595,5483.870887854389
3023596,0.0
3023597,891.3380230857928
3023598,16.760343907393953
3023599,1780.2169844024222
3023600,1482.5950582248538
3023601,571.5397290960559
3023602,212.3941358299322
3023603,204.91715797978605
3023604,6959.648267071456
3023605,45.144929438196925
3023606,1.2331812270336973
3023607,34.85518140719297
3023608,48.50643970626357
3023609,0.5737778713059536
3023610,483.2489230099262
3023611,20.274554124563466
3023612,11.053936010358498
3023613,12.344810235720919
3023614,63.153815332342276
3023615,8.035881698033782
3023616,883.3077143998321
3023617,603.5714655362734
3023618,19.484096889700645
3023619,37.84694962651799
3023620,772.4486992842845
3023621,195.34202250934683
3023622,2354.095571135842
3023623,221.4794805054386
3023624,42.799827891225384
3023625,11.328321715567796
3023626,0.10060520235759743
3023627,12.48798505160632
3023628,6344.48271560994
3023629,0.22010177199868433
3023630,1123.6396110153023
3023631,20.119214490252794
3023632,2070.121965086383
3023633,1724.0600793108674
3023634,622.8041136535464
3023635,256.74084302612795
3023636,247.71002984614344
3023637,8203.2222645461
3023638,54.73458224859847
3023639,1.6972719275871206
3023640,43.19171380194505
3023641,52.8881026899812
3023642,0.8838315647858781
3023643,488.08153099328064
3023644,21.39708796849906
3023645,15.351529236815388
3023646,11.366493659946174
3023647,77.91930511486892
3023648,9.824440642628744
3023649,984.4976491752351
3023650,695.0124995040928
3023651,22.745015859359466
3023652,28.995944763481717
3023653,935.6456046415695
3023654,266.11726419127416
3023655,3674.903372219468
3023656,321.0895825689825
3023657,53.3768101784706
3023658,8.886946322523162
3023659,0.0
3023660,9.571957209423555
3023661,4779.029604887795
3023662,0.0
3023663,772.4264992504878
3023664,15.227438179724832
3023665,1601.4022374645708
3023666,1365.7431549828887
3023667,490.34132608724866
3023668,150.97180209746134
3023669,175.8146909805044
3023670,6342.223317041385
3023671,39.425925628865436
3023672,0.6774929497992241
3023673,30.030001339900334
3023674,29.282045146505848
3023675,0.31435957540673753
3023676,362.41900362261555
3023677,17.877750000401434
3023678,7.8835172188757205
3023679,8.237858199721906
3023680,57.809452676704865
3023681,5.719920905536276
3023682,827.4687627536742
3023683,550.5628962745475
3023684,16.31141160129898
3023685,32.98869094801015
3023686,691.7191295287835
3023687,144.65464210040562
3023688,1780.113134429282
3023689,190.06572820242476
3023690,24.201344433399694
3023691,9.892068764459209
3023692,0.0
3023693,9.852717986030754
3023694,6543.7132401967465
3023695,0.31942485547047844
3023696,1138.2409656166963
3023697,21.928841119563547
3023698,1886.8204625570281
3023699,1836.983864974293
3023700,451.127486990224
3023701,376.39069934317985
3023702,297.3130268257528
3023703,7613.63104795859
3023704,58.505085856945136
3023705,1.4555299872121208
3023706,45.85990509699549
3023707,54.977007941221395
3023708,0.8284209618918716
3023709,419.48867957564573
3023710,18.513064573509066
3023711,17.97846695336228
3023712,14.286684476930029
3023713,102.41015522517206
3023714,10.703587014254545
3023715,1024.1807614557079
3023716,526.2752487660767
3023717,21.743858486168392
3023718,33.083093888045966
3023719,888.6598343437379
3023720,310.35654191879684
3023721,4809.496946160169
3023722,305.4669501126791
3023723,67.02246621715922
3023724,5.113685963856315
3023725,0.42509556684098787
3023726,4.652473063351321
3023727,1872.131353158106
3023728,0.48828726439112996
3023729,370.1295771222056
3023730,15.843593440982147
3023731,807.3325064218327
3023732,521.758892550733
3023733,211.30592382733812
3023734,137.99382443291444
3023735,95.1433283577475
3023736,2496.9684679342304
3023737,14.06627042145299
3023738,1.4294004291829836
3023739,17.614802721584585
3023740,17.819520332124448
3023741,0.5985367240911392
3023742,151.55011571690244
3023743,7.623570303189036
3023744,4.748138242725404
3023745,8.869347622509952
3023746,36.01448686557334
3023747,5.100689099466246
3023748,275.1676335481191
3023749,220.75051604366112
3023750,3.3709492834290007
3023751,6.082571730309261
3023752,232.36588688924186
3023753,77.33957726559267
3023754,1471.8350167869094
3023755,0.21947416623398694
3023756,11.074423881476488
3023757,8.806830875399168
3023758,0.028800482639705277
3023759,10.029321793128851
3023760,3999.9750672867776
3023761,0.18663456282184807
3023762,706.3224208656868
3023763,18.29366011845945
3023764,1292.5535635934496
3023765,914.0189566104244
3023766,421.32260495489805
3023767,135.91424086704586
3023768,153.8896630605568
3023769,5341.880827996222
3023770,45.011876713406444
3023771,1.193296021930741
3023772,42.674465593303374
3023773,32.18280252333971
3023774,0.6081292137521461
3023775,358.0168257575743
3023776,17.726013943126862
3023777,6.241009236642834
3023778,3.6364948837398865
3023779,51.736300785143996
3023780,7.773029599681459
3023781,742.5905779701231
3023782,463.13653603043855
3023783,14.125968398083362
3023784,21.684972858115177
3023785,406.5970149043058
3023786,119.63982864988373
3023787,1842.3310402803709
3023788,238.29891773443032
3023789,22.65013051152796
3023790,5.091377353933426
3023791,0.0
3023792,2.871673047595122
3023793,4266.875969699084
3023794,0.0
3023795,842.0144292776956
3023796,9.465422113023006
3023797,1192.904418815071
3023798,1168.1930750306728
3023799,273.5627510618327
3023800,245.98464368411882
3023801,166.13241082459575
3023802,4991.105371556303
3023803,21.033928079639466
3023804,1.008008603814146
3023805,27.48404594588015
3023806,26.51600715705854
3023807,0.5518730206765814
3023808,62.2994724299438
3023809,4.210162717683331
3023810,11.859240066424729
3023811,4.135086618540817
3023812,70.86677784918406
3023813,6.344279666268639
3023814,445.1188626058143
3023815,369.9086376693215
3023816,9.831704413429105
3023817,20.21799112984759
3023818,517.9667605559749
3023819,120.6131463265441
3023820,3133.9760904470977
3023821,1.9415748584802186
3023822,35.91655986062395
3023823,7.436813995339445
3023824,0.48800946678080764
3023825,7.0314203714750185
3023826,4557.639883581004
3023827,0.17737010783569984
3023828,929.6993698301789
3023829,12.012318985837492
3023830,1237.1163678040862
3023831,1091.2464919477022
3023832,332.03889004914816
3023833,176.20318606308695
3023834,142.00464868580613
3023835,5438.833740268513
3023836,25.39211969681148
3023837,2.950152321692616
3023838,32.311152448891484
3023839,30.6459249773261
3023840,0.8086987651328801
3023841,338.30221526619476
3023842,8.537967526082271
3023843,16.790196474718645
3023844,6.456868749954326
3023845,90.57661106981183
3023846,7.453056109683894
3023847,265.41372065986207
3023848,393.38473635483905
3023849,11.931187065479442
3023850,15.584094810192
3023851,191.70362119998535
3023852,145.91924703593887
3023853,2463.9526238987423
3023854,3.0635212306368427
3023855,12.188169597889884
3023856,5.915459126386925
3023857,0.48658011082441954
3023858,5.19970746909346
3023859,2651.749460362033
3023860,0.3842205995493286
3023861,481.4702484034507
3023862,8.934644217728328
3023863,832.4878011191385
3023864,600.4569408983056
3023865,235.13871254691608
3023866,103.21802630244703
3023867,76.76891788326132
3023868,3076.880080595313
3023869,12.170233169206178
3023870,1.6017982058479543
3023871,14.568611476807813
3023872,18.74587427209793
3023873,0.6823061055354307
3023874,206.47852236049349
3023875,4.370657971380714
3023876,6.534124831488348
3023877,4.192162097532634
3023878,54.993971256920624
3023879,4.27487457421237
3023880,162.20252037610084
3023881,239.60699501054066
3023882,4.772931485516846
3023883,7.210671674707136
3023884,161.62223276057662
3023885,72.10712020660857
3023886,2007.8590007108055
3023887,0.7618704064296276
3023888,4.151579464911154
3023889,4.517233969328872
3023890,0.0860290213644757
3023891,0.6418665038419844
3023892,2431.3906366720585
3023893,0.0
3023894,243.67051794670272
3023895,4.620732799507273
3023896,1129.6758075996213
3023897,316.4910342536848
3023898,179.26540268171473
3023899,123.4359961615945
3023900,28.809123752647324
3023901,2886.845244186166
3023902,6.0512522528539225
3023903,0.7425638984302347
3023904,10.42067923944432
3023905,8.215473026191217
3023906,0.10189571812729473
3023907,166.53898066500412
3023908,0.6389441799567812
3023909,0.23236411368737822
3023910,2.1774828094184326
3023911,14.50912154875229
3023912,1.0954967489628427
3023913,64.49840929534639
3023914,184.86792350673042
3023915,1.0744869321007275
3023916,2.9090220259939974
3023917,57.70043740358673
3023918,45.57370879718088
3023919,673.3232390412293
3023920,0.0191618933226399
3023921,1.2500089391553497
3023922,4.810713832618466
3023923,0.07153023596754586
3023924,6.118753522712203
3023925,3597.4139002294523
3023926,0.09238763686225346
3023927,652.6317438596059
3023928,12.713083824476929
3023929,1005.080135536643
3023930,969.1973522582193
3023931,323.9139587584335
3023932,196.51918403563914
3023933,136.93447945833222
3023934,4489.993516824472
3023935,25.240584898002
3023936,1.2513782080922726
3023937,25.434325879388027
3023938,29.324884933726345
3023939,0.2766169652458663
3023940,257.73594219683184
3023941,13.044612075425993
3023942,10.456210237898642
3023943,14.536118784260232
3023944,53.73341165384908
3023945,5.2796280906765904
3023946,440.179324745013
3023947,320.9667310566651
3023948,7.630069960293891
3023949,10.318559757359822
3023950,471.95186338005533
3023951,146.53016555909835
3023952,3042.5382987116927
3023953,0.24255989024589508
3023954,32.33487254923544
3023955,4.036605698147168
3023956,0.34342480190807634
3023957,3.3342974236786818
3023958,3241.7192564289694
3023959,0.5340204555952159
3023960,582.1484075081725
3023961,13.810411219296668
3023962,969.8574693493935
3023963,890.0501922641904
3023964,287.43848089515313
3023965,158.04180962478736
3023966,113.50310738260325
3023967,4246.696505409614
3023968,25.864462651815177
3023969,2.4069439851183043
3023970,24.4980977481203
3023971,26.09538949351713
3023972,1.0124693857999598
3023973,186.55740931131933
3023974,11.888113025128176
3023975,13.902798805525007
3023976,9.902499538624381
3023977,50.702735967012785
3023978,7.784721487290909
3023979,317.2295060039441
3023980,335.61847257638016
3023981,7.623961039389787
3023982,14.812409689472279
3023983,462.89789742965866
3023984,160.04663030705902
3023985,3051.066095753239
3023986,0.5534117123613216
3023987,33.59660554579697
3023988,4.733650130579253
3023989,0.05553253249318279
3023990,7.48031103788561
3023991,4324.752207313833
3023992,0.2554086219135999
3023993,792.9312710416299
3023994,16.466407094863186
3023995,1184.6296174101876
3023996,1203.9654975599888
3023997,299.9081800476969
3023998,239.1075442715503
3023999,161.35930017195014
3024000,5039.811316849016
3024001,27.553411691429538
3024002,1.847536047225117
3024003,32.110774556585255
3024004,35.43293612660431
3024005,0.6181274802756918
3024006,278.08342636566465
3024007,17.490392979725772
3024008,18.672517817555406
3024009,12.70206743003032
3024010,63.61218597736712
3024011,8.331522249043333
3024012,489.73324323777365
3024013,349.0720214594393
3024014,9.7063949753114
3024015,13.12363789508152
3024016,525.1732883451576
3024017,166.4009355312537
3024018,2968.385426268721
3024019,0.5682607190979798
3024020,45.37053946220784
3024021,7.90211263537438
3024022,0.11228422367031526
3024023,5.314894231751606
3024024,3431.906364155542
3024025,0.0
3024026,468.80989308779004
3024027,9.006056868666803
3024028,1319.5429712710695
3024029,774.9236070850122
3024030,402.21854439154447
3024031,261.30351135058714
3024032,79.44733528901035
3024033,5224.376267330169
3024034,10.781933075855166
3024035,0.8294526892639662
3024036,21.5000660719312
3024037,18.735647342366008
3024038,0.15891176314596875
3024039,354.5158160033359
3024040,7.921008364392019
3024041,4.064203655797611
3024042,8.424115096770622
3024043,31.008418344523825
3024044,3.1649765127657314
3024045,306.80573345636526
3024046,336.5194091313763
3024047,5.626804979682245
3024048,8.875799977395564
3024049,286.0321194221832
3024050,89.07950058467594
3024051,1359.8787643363135
3024052,70.1894912009657
3024053,11.457045807271882
3024054,3.938781020113038
3024055,0.0
3024056,4.443077950598228
3024057,2734.9327906083395
3024058,0.0
3024059,438.52928327911945
3024060,12.126947887859286
3024061,675.8107270074804
3024062,702.652160857734
3024063,148.01892062317052
3024064,167.19447351919607
3024065,121.3013969302687
3024066,2950.4265926298112
3024067,23.781001384281954
3024068,1.2424220199186609
3024069,17.971766125355764
3024070,22.389246765059927
3024071,0.1951660318084642
3024072,197.31823763133917
3024073,14.573084988239298
3024074,12.210714797225235
3024075,5.822104335192651
3024076,57.09290117338332
3024077,5.331593036671855
3024078,384.8686851093151
3024079,151.48129936314123
3024080,6.395388717312015
3024081,12.037181563698352
3024082,364.9786032050944
3024083,114.24682374038396
3024084,2301.1695900041827
3024085,0.10737996276380539
3024086,24.488780486016186
3024087,2.3528878938077193
3024088,0.0
3024089,0.7959707142538206
3024090,1091.0826410218515
3024091,0.0
3024092,118.68997801368356
3024093,3.5471313605793204
3024094,550.6527470720124
3024095,285.3965873792107
3024096,175.32501637829114
3024097,38.152310557096754
3024098,24.607732075976635
3024099,2227.0860997113073
3024100,3.1343080069051936
3024101,0.17612523610840353
3024102,7.061474933191027
3024103,6.071020406435903
3024104,0.0
3024105,156.3694948196918
3024106,2.2394038774983924
3024107,0.0
3024108,1.0846710926692245
3024109,7.1722370330346354
3024110,0.4557524121550743
3024111,127.02600113176229
3024112,156.93667938939362
3024113,0.9672844559713616
3024114,2.8321003771956756
3024115,125.39913952796007
3024116,21.585998392261885
3024117,291.99399610681786
3024118,8.034414349896931
3024119,1.6759281516918416
3024120,5.369500685971272
3024121,0.1032175037872745
3024122,4.874964210228774
3024123,3503.845770021232
3024124,0.0
3024125,559.8756168641215
3024126,11.754299212774516
3024127,1491.3146275311246
3024128,738.1811899226699
3024129,387.3535716186028
3024130,119.12331702474982
3024131,66.75126334997428
3024132,5383.187881448183
3024133,11.674211807335913
3024134,0.684186363487123
3024135,24.51276851803726
3024136,21.244678135454226
3024137,0.08700155281980404
3024138,291.90092501574
3024139,7.708823613169111
3024140,2.5598328784305084
3024141,5.187473129633881
3024142,22.726459856443
3024143,2.6152822946398464
3024144,433.52744225434367
3024145,405.6933879058434
3024146,3.734433360462048
3024147,8.88017618538739
3024148,284.05590104361096
3024149,65.2739212091314
3024150,1922.8109891069862
3024151,60.21516067615251
3024152,6.4798336391997715
3024153,3.8800805450454128
3024154,0.12366473376550459
3024155,0.8482544402282366
3024156,1508.8961601071737
3024157,0.0
3024158,140.48699977834482
3024159,6.036154978169593
3024160,693.841192043183
3024161,350.21961188218415
3024162,178.3157044334733
3024163,47.47966657930751
3024164,30.046827070466385
3024165,2456.2782212090933
3024166,4.4277176177985655
3024167,0.6235076727391431
3024168,10.986814044061914
3024169,11.672165574647662
3024170,0.0375896193148657
3024171,182.61597471226838
3024172,1.9985736753742325
3024173,0.0
3024174,7.590938432323432
3024175,16.92722193217167
3024176,1.2169159177016722
3024177,137.2103707161034
3024178,162.11743771180792
3024179,1.6056034107380652
3024180,3.8251207314231443
3024181,140.32689914089212
3024182,30.57722063024879
3024183,387.1126524717867
3024184,10.916541552952111
3024185,1.909691132237462
3024186,3.6377383424684293
3024187,0.07505714909365574
3024188,0.7278259190551586
3024189,1325.317062591885
3024190,0.0
3024191,110.07879857209244
3024192,4.57801531534426
3024193,709.2242492431138
3024194,299.0380728840718
3024195,152.2989755568832
3024196,39.019840825082944
3024197,24.629076376822105
3024198,2332.5869880483274
3024199,3.4434596316319253
3024200,0.45348447263960834
3024201,8.287483185494574
3024202,7.146397982170143
3024203,0.05506220541474577
3024204,166.4038606949868
3024205,1.788646397743224
3024206,0.0
3024207,1.7156723979259896
3024208,13.211958518065321
3024209,0.959580104230285
3024210,103.32939441602727
3024211,153.11205950502267
3024212,0.9951937417976191
3024213,2.7261816323790256
3024214,99.32610486293436
3024215,24.942167381689206
3024216,251.75505397801982
3024217,9.704341496853553
3024218,1.3741164096212235
3024219,1.9828649832322478
3024220,0.0
3024221,0.8005533391350186
3024222,978.6916584874753
3024223,0.0
3024224,135.33596472867757
3024225,3.8863466644975864
3024226,644.0940790009436
3024227,280.5586923314764
3024228,129.31764545869683
3024229,40.39636040158098
3024230,27.85032889081477
3024231,1828.3119566247058
3024232,2.5634307299432466
3024233,0.11717656348614484
3024234,8.052325493566055
3024235,6.940132397753224
3024236,0.0
3024237,129.60628676816876
3024238,0.551347653817136
3024239,0.0
3024240,1.3642392801865917
3024241,10.901389584262642
3024242,0.683484012007509
3024243,126.70861334382212
3024244,170.48396824738194
3024245,0.8626649730029989
3024246,2.3089618001209695
3024247,70.61189373460762
3024248,24.6510971524017
3024249,332.75052346645134
3024250,0.0
3024251,1.3693134476122246
3024252,3.076789913774629
3024253,0.168375842192778
3024254,1.5486716628438635
3024255,1888.2407716289547
3024256,0.0
3024257,177.55881330719936
3024258,6.013833222841589
3024259,838.0349649834887
3024260,453.7702403633315
3024261,241.0124911671357
3024262,69.86287936139846
3024263,40.9109710694497
3024264,2787.8559803146804
3024265,7.547235442335843
3024266,0.9710871114757067
3024267,18.83640004200356
3024268,15.356937310727318
3024269,0.2289415163767488
3024270,215.99734073715723
3024271,4.158637831160941
3024272,0.2863136862933875
3024273,3.6313529655357275
3024274,15.695695982853163
3024275,1.61686288176793
3024276,119.48027279813832
3024277,194.8334301593872
3024278,2.236031965937207
3024279,4.739923923742387
3024280,117.04132128189873
3024281,44.233181001752776
3024282,729.0676253285269
3024283,8.676195968879856
3024284,4.460172496943704
3024285,3.190766452993719
3024286,0.0
3024287,0.48177615481751884
3024288,1304.4499260118862
3024289,0.0
3024290,112.43769273808525
3024291,3.983066504127793
3024292,642.0292983304687
3024293,262.4203404172123
3024294,148.9867094864299
3024295,92.02733280785283
3024296,26.91422154868961
3024297,2004.69130848829
3024298,3.0563236618679968
3024299,0.16868912299114658
3024300,9.132139603870472
3024301,7.460748751963463
3024302,0.0
3024303,146.84990082663487
3024304,0.06099553296146204
3024305,0.0
3024306,1.3531788942589928
3024307,16.19309179095963
3024308,0.8055642986259712
3024309,61.50163363731026
3024310,111.60705198379064
3024311,0.6222124565504188
3024312,2.2012009241108137
3024313,69.23539129076279
3024314,27.20352744087049
3024315,656.7096218098338
3024316,0.0
3024317,0.9705774305439867
3024318,4.289877359239139
3024319,0.25665023330451625
3024320,3.1765347095124623
3024321,2677.5918064346183
3024322,0.1488376660843233
3024323,266.5005712764985
3024324,6.5219355957477925
3024325,1057.50474054137
3024326,585.7022458374173
3024327,299.9124012362971
3024328,119.11217007746698
3024329,66.06301098309181
3024330,4506.264703586178
3024331,7.119326657762917
3024332,0.5963788405290396
3024333,20.220930835542063
3024334,19.410697398764167
3024335,0.11874615501115283
3024336,270.82978451631175
3024337,2.3914304917271636
3024338,0.548361370220249
3024339,8.845980101981793
3024340,18.400210419041567
3024341,1.9269217484557388
3024342,194.42849332990173
3024343,245.42044859976224
3024344,2.2942577288181547
3024345,5.405116679106643
3024346,234.2456355129598
3024347,51.11916333925815
3024348,1635.6884689729277
3024349,20.390791205088924
3024350,5.183038154075244
3024351,0.0
3024352,0.0
3024353,0.24927779685008827
3024354,779.3155113958264
3024355,0.0
3024356,117.28713832616923
3024357,0.442146999836815
3024358,220.22386251405013
3024359,165.09919108040214
3024360,78.08394910011775
3024361,34.15188139133186
3024362,9.384482150882265
3024363,1062.5248396400652
3024364,0.8084700078877143
3024365,0.0
3024366,2.3522299506874385
3024367,5.1224033776889275
3024368,0.0
3024369,80.41895240110154
3024370,0.1497143510118035
3024371,1.1404281888319265
3024372,0.968390730330525
3024373,9.762309505626522
3024374,0.0
3024375,34.85140605099672
3024376,62.63301343858894
3024377,0.0
3024378,0.40484247630537173
3024379,65.47374051387293
3024380,7.751855722929786
3024381,637.203001115705
3024382,20.4622069025698
3024383,0.469924473575457
3024384,4.838946861116653
3024385,0.27099436443829655
3024386,2.1190621281308997
3024387,1964.1816050264629
3024388,0.0665469564495409
3024389,221.07873494968166
3024390,6.63639037670138
3024391,782.9931612188058
3024392,407.8180511347979
3024393,233.37528831397157
3024394,63.19217485489182
3024395,37.86049835823102
3024396,3053.408383361411
3024397,6.212897528177179
3024398,0.8329584274594533
3024399,13.613163723576546
3024400,10.674269824006986
3024401,0.10066932029213185
3024402,204.654989706212
3024403,2.923186446495412
3024404,0.24993942004352537
3024405,2.478850603321581
3024406,16.70343540057644
3024407,1.3266659761105917
3024408,123.63530031735561
3024409,164.1464219126175
3024410,1.6558821833597466
3024411,3.9007549333875593
3024412,124.22905509971024
3024413,35.96913131928903
3024414,524.8249925227425
3024415,11.835521346286006
3024416,2.83204888399572
3024417,4.410397607612811
3024418,0.006515716250897477
3024419,3.552210533143226
3024420,2966.693158768151
3024421,0.029389488497732198
3024422,531.2227054783261
3024423,15.791041391319542
3024424,787.9825998451785
3024425,781.1629603973535
3024426,211.14657363709918
3024427,179.5020540710101
3024428,126.19680604324327
3024429,3599.2445652685187
3024430,24.01703346379993
3024431,1.0420757425578135
3024432,17.53136973179972
3024433,23.14025531896845
3024434,0.19008413425076479
3024435,212.08799428108694
3024436,15.431832740646794
3024437,11.175225767934728
3024438,5.287370650891878
3024439,46.42094901538694
3024440,5.065388417178006
3024441,338.00593283787515
3024442,250.04216346724195
3024443,6.953695344859181
3024444,9.096454882212443
3024445,397.5082444869563
3024446,124.49042214290519
3024447,2278.966623651064
3024448,0.20580832069499663
3024449,25.479783202224112
3024450,4.217847259673065
3024451,0.2409066387201043
3024452,2.2418213883572213
3024453,2920.094262723712
3024454,0.0
3024455,363.7756713480027
3024456,7.457083655107095
3024457,961.2137980229007
3024458,625.6974847379867
3024459,332.5153296767261
3024460,113.0832418023969
3024461,56.58825149821942
3024462,3516.3263751761133
3024463,8.82457723403324
3024464,0.5965482705725831
3024465,21.732811194826514
3024466,21.157948919728216
3024467,0.10468571220772675
3024468,231.80853416579708
3024469,4.036869769736828
3024470,6.99244408958138
3024471,4.018865852053824
3024472,21.978788462474412
3024473,2.1721167216721544
3024474,138.11244823844441
3024475,231.59156262739648
3024476,3.723018140608178
3024477,6.228973791644024
3024478,169.86420983799914
3024479,77.1622912757147
3024480,1591.681079792751
3024481,57.16643850550717
3024482,6.323748496144939
3024483,6.01318973944054
3024484,0.670842213647107
3024485,2.5615697964745494
3024486,2430.1744959142825
3024487,0.2554536867332027
3024488,340.9601951338578
3024489,7.765456210347116
3024490,1013.7571686734009
3024491,540.6336706288776
3024492,288.84133306568776
3024493,121.70767510738959
3024494,62.703826475223266
3024495,3477.9486020099507
3024496,7.016386687003578
3024497,0.8470819546087378
3024498,23.59949457314113
3024499,26.955616144626614
3024500,0.36855187283673163
3024501,272.88590532424405
3024502,3.2748831443325024
3024503,6.775341266719825
3024504,4.302219242973724
3024505,24.110432610001567
3024506,1.9472275857149377
3024507,113.45014395767534
3024508,216.36606017141688
3024509,2.752803708209162
3024510,5.338423599906848
3024511,135.3863794367849
3024512,52.83037859192653
3024513,1475.5192676662448
3024514,0.7759198867086727
3024515,3.6604831878078423
3024516,3.5041585174389978
3024517,0.20801088194238462
3024518,2.330803272613628
3024519,1611.9674968286351
3024520,0.0
3024521,123.97032038042002
3024522,4.559837313767087
3024523,549.2030136760715
3024524,299.66042797185145
3024525,147.5295486699677
3024526,80.0701825138312
3024527,40.155257184219266
3024528,2235.1422608901566
3024529,3.4821601308810965
3024530,0.630759017966108
3024531,16.48176988338337
3024532,14.345604267364983
3024533,0.17342220606387498
3024534,177.97096419633408
3024535,0.8276039003437523
3024536,0.1286207139251673
3024537,2.430455523898116
3024538,23.059654308961495
3024539,1.1670836667803184
3024540,83.54371040352424
3024541,142.1482312646071
3024542,1.1745829923715565
3024543,3.1608414870877173
3024544,93.61504950270962
3024545,32.143086928935986
3024546,651.2141772045829
3024547,14.82326232135208
3024548,1.4674164407807058
3024549,2.4941496732135
3024550,0.011456911722171765
3024551,2.013511849029138
3024552,1491.0065065846063
3024553,0.017614861988952714
3024554,279.13720537380556
3024555,9.413791581266768
3024556,477.81859759698136
3024557,425.0172064135792
3024558,120.23625511538597
3024559,74.58828348362638
3024560,55.095000468883825
3024561,2068.0734436697894
3024562,14.996637329283137
3024563,0.48203294141670006
3024564,9.292331089480035
3024565,11.67171523540207
3024566,0.07465055964814757
3024567,131.02685759573006
3024568,4.743111396554948
3024569,1.7913434481209296
3024570,7.365923985570481
3024571,28.999279139361583
3024572,2.917916518297868
3024573,435.58348300201914
3024574,158.73178854525398
3024575,2.54904160111013
3024576,4.521279040335782
3024577,233.78272908273078
3024578,53.99638979115306
3024579,905.5758431857022
3024580,0.4068756895956609
3024581,11.894947345055257
3024582,3.2577355777042873
3024583,0.10369434065879796
3024584,4.34607292563877
3024585,3704.8445367044646
3024586,0.1942856093396103
3024587,795.1994511961565
3024588,16.523079919391236
3024589,979.0675270092894
3024590,1087.4094726390429
3024591,284.70915975739445
3024592,199.16116192758707
3024593,125.83547942963077
3024594,3997.331177330966
3024595,18.245119100241837
3024596,1.7068253048555926
3024597,21.822454256478974
3024598,30.683748350571765
3024599,0.5375907915163429
3024600,258.53911712840056
3024601,10.294212772252537
3024602,24.810557854422576
3024603,7.827233959235343
3024604,65.11962396867048
3024605,6.657625115575748
3024606,367.5032136866817
3024607,294.7916202655891
3024608,10.323664651471645
3024609,12.937973483165917
3024610,423.21504420801756
3024611,143.25704447847394
3024612,2855.7836546764465
3024613,0.5475675113788077
3024614,25.4721319151611
3024615,0.0
3024616,0.0
3024617,0.0
3024618,491.68855311245267
3024619,0.0
3024620,88.00379616815721
3024621,0.9254636629699786
3024622,108.63914105491503
3024623,124.48752119508605
3024624,35.23072450935692
3024625,20.98376871518042
3024626,19.289058376899916
3024627,514.6607008028737
3024628,1.1474932511725378
3024629,0.0
3024630,1.7735845395449017
3024631,3.149996030661014
3024632,0.0
3024633,30.80952737296711
3024634,0.0
3024635,1.5425944679480539
3024636,0.24526224549261186
3024637,13.22394732701894
3024638,0.05301190320457036
3024639,44.40132978736092
3024640,33.43736918184305
3024641,0.0
3024642,0.30492438713379016
3024643,33.14351848776197
3024644,10.472587886291063
3024645,186.91997512592997
3024646,0.0
3024647,0.6730144023213744
3024648,2.8745053552989197
3024649,0.0
3024650,0.6812032356437709
3024651,1035.4732336331826
3024652,0.0
3024653,197.54585688750132
3024654,4.937959381536758
3024655,314.430057120083
3024656,196.1397892601544
3024657,56.798784936448996
3024658,32.4643050060722
3024659,28.596270332104876
3024660,1142.8712583510119
3024661,2.5537300734833073
3024662,0.43563622720985073
3024663,8.720644779368994
3024664,4.633157135672963
3024665,0.06865241466363374
3024666,63.3602885405497
3024667,0.8511957509437831
3024668,1.6341807258307246
3024669,1.0753743886232696
3024670,11.594386297338847
3024671,0.4130713936374809
3024672,164.57448641461986
3024673,116.91001351552937
3024674,1.2790410574175701
3024675,1.6459576748237335
3024676,95.17315584343011
3024677,15.82245288947956
3024678,587.7902632758288
3024679,0.06391168316223984
3024680,1.9695204522666394
3024681,3.340213488811713
3024682,0.05759201327838025
3024683,4.583250112035766
3024684,3033.209227728151
3024685,0.02979499495247995
3024686,618.8648027045697
3024687,11.461162049207271
3024688,743.7100295276244
3024689,770.7924156672503
3024690,231.671629068679
3024691,178.52795703813507
3024692,91.62028877270025
3024693,3164.539694945385
3024694,15.119741587149033
3024695,1.6151924554564507
3024696,14.762132854680925
3024697,20.854671035884415
3024698,0.5747806039058421
3024699,191.4771565287172
3024700,5.955403873411252
3024701,15.862629063296183
3024702,4.8736143971875965
3024703,49.423674937704845
3024704,3.9409542840230927
3024705,282.63742132465404
3024706,297.52677063477427
3024707,7.507779143263983
3024708,8.552529058875233
3024709,304.291695515891
3024710,99.75347921111597
3024711,1903.750617126256
3024712,0.2594310746852497
3024713,19.527984049596913
3024714,5.48452883991167
3024715,0.1890604260444808
3024716,2.6586142268783206
3024717,2735.785635769434
3024718,0.09672125317911552
3024719,480.96532366308173
3024720,9.022514119860112
3024721,1038.3622634183243
3024722,678.9582733414494
3024723,324.65534894752545
3024724,159.3250044719462
3024725,57.577397206883774
3024726,3434.858998066908
3024727,5.807935657179717
3024728,1.0069207996555973
3024729,15.36165732116725
3024730,15.666348498440723
3024731,0.36977075674709037
3024732,237.49208870909598
3024733,0.620429903584709
3024734,4.545626854982366
3024735,3.861564546292943
3024736,29.189513186747423
3024737,1.3052479034355877
3024738,179.89991471461028
3024739,261.47058718389195
3024740,3.065018654301709
3024741,5.060383349935533
3024742,172.12739290535208
3024743,50.82313178492544
3024744,2183.1954117293394
3024745,0.9295306267512109
3024746,3.218952528974593
3024747,4.307389873112251
3024748,0.3291251107360032
3024749,1.4858587154696643
3024750,2739.439999912762
3024751,0.08902835570175546
3024752,401.06883199815275
3024753,8.25683866806619
3024754,908.3782838781418
3024755,625.1841976202493
3024756,248.47617183153469
3024757,112.21568343627385
3024758,59.913594180795755
3024759,3418.568857869514
3024760,6.375787030518483
3024761,1.0748966595204914
3024762,15.605827092678776
3024763,14.238366596131236
3024764,0.2374236842813295
3024765,217.37120060619674
3024766,0.9956093801781543
3024767,9.48089587869154
3024768,3.075159422716138
3024769,41.37072348500151
3024770,1.655108236906039
3024771,138.6547367847084
3024772,222.9696175930937
3024773,3.047207106671533
3024774,4.878693284244283
3024775,157.72354437536754
3024776,51.89894949712504
3024777,2279.283981706995
3024778,0.9890989741140048
3024779,3.473544699905889
3024780,8.987737487608124
3024781,0.5266246851646359
3024782,12.399784942352078
3024783,7165.678815485459
3024784,0.6076205381737632
3024785,1166.6125293337677
3024786,30.478467168769537
3024787,1631.2275835044063
3024788,2030.2177776993453
3024789,352.3524277571132
3024790,450.84346584307605
3024791,249.5723276189565
3024792,7044.687659198977
3024793,67.81198433625214
3024794,3.2742166242655877
3024795,48.95976456990276
3024796,58.044190706112786
3024797,1.444318221086418
3024798,456.2185544009722
3024799,37.683284035903945
3024800,39.120461909807005
3024801,23.64817839626722
3024802,128.35855266637972
3024803,16.083908166633922
3024804,1020.2976586212553
3024805,510.4541158798059
3024806,20.538667921231276
3024807,28.482962094047256
3024808,1098.9894701344272
3024809,386.75492070889163
3024810,5731.549317274878
3024811,0.8976081917142467
3024812,74.89168684785581
3024813,2.687270651541444
3024814,0.03607098619424895
3024815,0.457307052071139
3024816,1332.7088770759883
3024817,0.0
3024818,144.9746537088424
3024819,3.6584527464420855
3024820,536.4308718250744
3024821,252.27392808660414
3024822,111.98037543861768
3024823,104.73384190968105
3024824,33.01113241629906
3024825,1885.2545838966184
3024826,2.4044261770104787
3024827,0.4307201805881341
3024828,11.676712515588449
3024829,6.474829620785333
3024830,0.0
3024831,148.9831455897578
3024832,0.3380951192866399
3024833,0.0
3024834,1.6294761472336647
3024835,14.24653196951512
3024836,0.7600197428813513
3024837,66.24202305988398
3024838,93.1387241803935
3024839,1.2860703000960045
3024840,2.6216068083226256
3024841,83.99110051530116
3024842,24.53617364820557
3024843,733.4529522016817
3024844,0.18059351395917425
3024845,1.935161577860959
3024846,5.797445878851631
3024847,0.5181747908925578
3024848,1.8602510175535656
3024849,2902.6313177892584
3024850,0.2787115863289251
3024851,403.9959005415875
3024852,7.8539179759507025
3024853,1181.1430320212621
3024854,609.6392675758053
3024855,249.9502715460867
3024856,164.06783764920544
3024857,58.63522547980554
3024858,4493.082426521719
3024859,7.345527352056312
3024860,0.8074128223369894
3024861,14.278696888847895
3024862,15.906906973423435
3024863,0.3609716065329862
3024864,254.97979274452305
3024865,2.5112765072909533
3024866,1.3585082071835761
3024867,11.296819095810909
3024868,26.370930309140018
3024869,1.7999404219821056
3024870,255.47014613594115
3024871,267.6221749648955
3024872,2.6601741311587865
3024873,5.477331129890079
3024874,161.70481062571108
3024875,50.82770101988537
3024876,1750.2885822484138
3024877,0.8169257185249055
3024878,3.675617205373354
3024879,1.420476553712981
3024880,0.0
3024881,0.11037947888758917
3024882,851.622762507961
3024883,0.0
3024884,86.72230574078176
3024885,2.619358827669392
3024886,344.3759796001907
3024887,138.3556038363244
3024888,70.6299522298482
3024889,106.19544999290946
3024890,19.799784341385948
3024891,1222.4101487159658
3024892,1.1787337812381842
3024893,0.07179613912065468
3024894,5.566088122642289
3024895,2.77167574210017
3024896,0.0
3024897,100.58306239849584
3024898,0.07141465644226139
3024899,0.0
3024900,0.7150879870305262
3024901,9.488501892056329
3024902,0.1136812088054252
3024903,48.286803175505796
3024904,72.9781366613271
3024905,0.4328913968736632
3024906,1.060475492484752
3024907,55.34858211095342
3024908,9.324408662390798
3024909,304.7548372736391
3024910,0.0
3024911,0.6965362119639351
3024912,4.446367716005651
3024913,0.1897999577441957
3024914,0.8641706356592338
3024915,1854.6935288398872
3024916,0.011474299945078854
3024917,207.53681905453686
3024918,4.9627217748285215
3024919,827.9202528200303
3024920,377.0258713511076
3024921,179.09351173111753
3024922,134.34252051530655
3024923,48.08638407329452
3024924,2833.859731476192
3024925,2.891282121201433
3024926,0.655929508328922
3024927,18.37382891342669
3024928,10.014377000486697
3024929,0.2143457457008913
3024930,231.19254353600152
3024931,0.4311492485044513
3024932,0.0
3024933,5.457752839392872
3024934,21.516872538629567
3024935,1.4212141023767542
3024936,148.02611498840724
3024937,223.95675730794048
3024938,1.5039736633634324
3024939,3.443058007667081
3024940,122.20923103973388
3024941,35.30701324766382
3024942,1413.4104927234446
3024943,0.0
3024944,0.8239956480277195
3024945,3.8191498925610707
3024946,0.0
3024947,2.2394549272921767
3024948,2531.7513935559236
3024949,0.0
3024950,504.02739617323
3024951,9.292902534370489
3024952,856.5022197686172
3024953,558.4689827323457
3024954,207.886932625509
3024955,118.43691952124712
3024956,67.61992115785836
3024957,3531.9609960032117
3024958,5.984149681233806
3024959,0.9372235257380137
3024960,26.042889750054893
3024961,24.91375266916967
3024962,0.17784438373220526
3024963,275.4395700878602
3024964,4.4315411311425565
3024965,3.8209739998392394
3024966,4.749189045716727
3024967,24.99001395511978
3024968,2.076330476417697
3024969,205.62415032205394
3024970,252.45847828935715
3024971,4.055207941474784
3024972,6.092628955974908
3024973,122.63158797939394
3024974,41.958200998257254
3024975,1187.49547327266
3024976,0.9511004832949288
3024977,2.3862280464908308
3024978,2.907716884561736
3024979,0.0
3024980,0.22593025592847868
3024981,1308.9510362216793
3024982,0.0
3024983,93.91216237614191
3024984,2.6435862894314903
3024985,383.4573209702227
3024986,180.95743222549922
3024987,89.52106646763487
3024988,100.20327855712313
3024989,30.575293186598795
3024990,1541.2514127713587
3024991,1.5958859529115292
3024992,0.16731081684816498
3024993,6.484390094243439
3024994,4.759585204644714
3024995,0.0
3024996,106.62642170931302
3024997,0.06822580048896158
3024998,0.0
3024999,0.39460917890748687
3025000,9.49585955296155
3025001,0.4351275739806353
3025002,90.51735447540929
3025003,86.35841944432698
3025004,0.5658384985068494
3025005,2.3916308801260664
3025006,52.464966236504125
3025007,14.652637207974017
3025008,510.55570920921804
3025009,0.0
3025010,0.08703283880384266
3025011,3.680501695061708
3025012,0.1351473526921531
3025013,1.215947395121392
3025014,2446.5727795441144
3025015,0.06096218685169249
3025016,386.99403919137154
3025017,6.885655272248538
3025018,845.0488405375926
3025019,528.8876042529872
3025020,228.2105771732466
3025021,110.16922539749993
3025022,60.83817152348955
3025023,3292.3858941850367
3025024,5.790407365534738
3025025,0.7466852932574926
3025026,13.862918811971026
3025027,10.408468017182607
3025028,0.1513973270981359
3025029,189.38790532461775
3025030,1.1918631578275591
3025031,10.969834608592137
3025032,2.466502715012114
3025033,33.55195394501132
3025034,1.347938383897675
3025035,168.59948303841452
3025036,257.88966925237435
3025037,2.475182858969286
3025038,4.207764274213691
3025039,144.1520756153827
3025040,44.335958369984745
3025041,2196.619937061058
3025042,0.567703516644223
3025043,0.8019473874393517
3025044,3.958966819001474
3025045,0.29368528720183745
3025046,3.3592041133253208
3025047,2794.559229772167
3025048,0.38148074597307946
3025049,564.4434804269943
3025050,13.00446061419559
3025051,805.538802682309
3025052,798.507356449034
3025053,188.69699703419118
3025054,184.27176644601732
3025055,117.05276801331782
3025056,3924.6588968492206
3025057,31.206585071813798
3025058,1.9694716504768959
3025059,19.982960052001513
3025060,18.123675461539456
3025061,0.5557782501148438
3025062,198.92244228134194
3025063,12.250269733656756
3025064,18.687122188604683
3025065,4.2535994632698335
3025066,57.6185822602602
3025067,6.152006786221087
3025068,251.33756668320837
3025069,266.2408937790142
3025070,8.137076500399129
3025071,10.228206802882024
3025072,256.4217325939916
3025073,102.68939503752823
3025074,2366.8502685212693
3025075,1.1981932030737927
3025076,14.020308082486846
3025077,4.7311898021452015
3025078,0.10949679092017432
3025079,3.1321871913135446
3025080,2334.37075926355
3025081,0.009358647175971967
3025082,508.9085587178205
3025083,12.223534437530839
3025084,813.6824499945327
3025085,676.0631112310189
3025086,231.67038026955714
3025087,160.8252730733675
3025088,115.80016356570682
3025089,3168.258034596085
3025090,20.031493442195554
3025091,1.68815443562207
3025092,26.582711504185564
3025093,25.951507728307963
3025094,0.5237498430510503
3025095,221.3671608996533
3025096,9.057013976879379
3025097,11.694857989264595
3025098,7.4897024049738405
3025099,43.90286838223319
3025100,5.67291050105516
3025101,226.12932737180674
3025102,311.5525316909437
3025103,7.273199090935696
3025104,10.251070323596823
3025105,270.03386486977354
3025106,135.21417559657115
3025107,2362.700251872265
3025108,0.2659701462617981
3025109,11.576591910525039
3025110,5.787593502668176
3025111,0.2410058129369816
3025112,4.6533742417919495
3025113,3120.8716513677973
3025114,0.11271422040219146
3025115,538.0619130028016
3025116,9.747311724705742
3025117,1277.4414133410196
3025118,672.0788497962535
3025119,260.08420008195947
3025120,205.57883727605335
3025121,79.61136554538399
3025122,4069.970361439639
3025123,22.505641980028315
3025124,1.7054742487390322
3025125,23.58569038598188
3025126,15.011517154548674
3025127,0.4302893701367903
3025128,279.8132290656727
3025129,5.9387826511379505
3025130,13.36859134487157
3025131,4.516578939908264
3025132,42.97589269640215
3025133,3.5964401605624596
3025134,156.85052852968892
3025135,304.0189005137883
3025136,5.852590489586162
3025137,8.450132586839617
3025138,196.55982108126844
3025139,73.83489858449866
3025140,2752.3907484695274
3025141,10.461970291969179
3025142,8.53972633381741
3025143,3.7793295217855496
3025144,0.2772358814459807
3025145,3.9129810652176387
3025146,2310.361610494629
3025147,0.4139164303377081
3025148,392.84628912666324
3025149,11.079665023489095
3025150,723.5188279340354
3025151,641.4835305021661
3025152,211.79768578997005
3025153,133.86684024486567
3025154,95.11969996866777
3025155,3089.6692265056845
3025156,15.92242018616723
3025157,1.1163759362461767
3025158,13.689439587753563
3025159,14.660781489468816
3025160,0.4074055314000263
3025161,176.16746312176505
3025162,12.887971174424544
3025163,9.481466699851142
3025164,3.6254948178670316
3025165,44.15113199836993
3025166,4.581154016297322
3025167,353.11077726429824
3025168,236.74360450927614
3025169,4.469148292654853
3025170,6.785868403939132
3025171,343.41475109700764
3025172,87.40511320385623
3025173,1718.77049512484
3025174,0.46073166911126584
3025175,25.353313506699013
3025176,3.843681494809828
3025177,0.14137782311266775
3025178,2.7511854216234357
3025179,3617.5690587631175
3025180,0.08639004627770275
3025181,374.0224165437087
3025182,7.392325393884251
3025183,1539.0653814654945
3025184,622.0913219659269
3025185,260.51081184728247
3025186,152.93423257911732
3025187,63.62232842816154
3025188,4642.105473918567
3025189,8.324580168259224
3025190,0.8969911060431788
3025191,20.448072431063277
3025192,26.675307708058238
3025193,0.1638796952544324
3025194,296.60642273593305
3025195,1.0297266605558844
3025196,0.50880448809089
3025197,3.671961769492526
3025198,22.652308049426686
3025199,2.2556781883432873
3025200,136.91624524761804
3025201,334.62067658652694
3025202,3.016991647620781
3025203,5.20977811534052
3025204,130.2503867067754
3025205,47.02428691489787
3025206,1986.164437962448
3025207,0.44514582822532905
3025208,2.480758048161937
3025209,4.261089600776996
3025210,0.12559784278081204
3025211,2.962877367247456
3025212,2272.073582926242
3025213,0.24524556240615022
3025214,437.9035394714679
3025215,9.718408080053434
3025216,862.088209575031
3025217,588.0308655791291
3025218,210.34534626249783
3025219,144.6458832593663
3025220,84.81032135977998
3025221,3181.954584339
3025222,12.943587076674412
3025223,1.4392399480644293
3025224,16.791804606519506
3025225,22.379563351510438
3025226,0.37785275698969467
3025227,229.3964159812115
3025228,5.834754961613126
3025229,8.36530944850538
3025230,5.346201904191423
3025231,53.07592322619473
3025232,4.492548355322365
3025233,207.8089704403809
3025234,246.1511957994173
3025235,4.641174896287998
3025236,7.453629717255485
3025237,194.62081652813305
3025238,68.99577333407757
3025239,1709.1628680375193
3025240,0.6171415270438023
3025241,9.090684209868996
3025242,3.2665589533234396
3025243,0.14175428112868552
3025244,5.4700164004214304
3025245,2790.2939664754413
3025246,0.33963020899391705
3025247,473.4072458051421
3025248,11.377155071171385
3025249,790.1680180509819
3025250,752.9176547318652
3025251,177.97747547262853
3025252,146.84337273551068
3025253,99.78149239646238
3025254,2895.319855841291
3025255,20.665524443104452
3025256,1.7345469506893059
3025257,17.760505424612095
3025258,18.465025784043252
3025259,0.5849082367229395
3025260,222.56664497321702
3025261,13.623539565964009
3025262,24.743465566697495
3025263,4.072491600090844
3025264,63.39209201101859
3025265,7.228022969531256
3025266,215.18447094157136
3025267,256.6905121979069
3025268,7.305239920264922
3025269,8.971256237506628
3025270,231.93055940249528
3025271,87.12123622530783
3025272,2202.1944681645555
3025273,1.0158132908321904
3025274,14.431112637722958
3025275,4.170506967682007
3025276,0.0
3025277,2.5359807885478056
3025278,4049.114018934524
3025279,0.0
3025280,493.7395570634732
3025281,8.207251402940269
3025282,1160.1952373037348
3025283,745.9363080625354
3025284,261.49406912193746
3025285,122.88199294750514
3025286,61.69178953542658
3025287,3452.106025243994
3025288,6.319265604480206
3025289,0.7041789099741946
3025290,17.36872789278668
3025291,16.744592107511075
3025292,0.26002363506886284
3025293,181.25270170615744
3025294,1.488865853620236
3025295,8.019145087001327
3025296,2.0564023191388348
3025297,34.54710791369856
3025298,2.186355098230365
3025299,169.1268727282748
3025300,259.11097217203144
3025301,3.7324622935814267
3025302,5.458003865910295
3025303,142.80907816293623
3025304,58.771027934239235
3025305,2052.9711059268793
3025306,0.7462066148810944
3025307,1.3213318570546875
3025308,12.742795580657392
3025309,0.1645958244532717
3025310,12.467165584218794
3025311,8210.407351146741
3025312,0.40854554164455914
3025313,1332.7527284547687
3025314,27.57245309814088
3025315,2281.3852856731646
3025316,2099.534677560733
3025317,577.3976701983162
3025318,451.43610816810144
3025319,317.61735101441417
3025320,8789.842376810133
3025321,70.25349590517779
3025322,3.206483627147966
3025323,67.11493385264103
3025324,77.37323504167935
3025325,1.3715065813821408
3025326,612.1360167629457
3025327,34.03139216316606
3025328,18.955174668952885
3025329,35.44535222619069
3025330,169.94916612657596
3025331,13.525934583423712
3025332,1013.0384300630682
3025333,590.7389621065186
3025334,27.241500093641697
3025335,35.77536300795569
3025336,1124.3460207054598
3025337,434.90698497360387
3025338,7081.6593140526165
3025339,299.21076684277864
3025340,84.03984215467852
3025341,11.554533000994812
3025342,0.1486965370178807
3025343,10.834781573246355
3025344,6950.267879534746
3025345,0.3139188715295696
3025346,1186.3451969185444
3025347,23.942923606526254
3025348,2144.4196122969843
3025349,2006.368403495472
3025350,566.5857169328547
3025351,396.22786453618744
3025352,271.1790134728485
3025353,8157.698258566561
3025354,63.763886367822906
3025355,1.795191375938812
3025356,45.93673108806119
3025357,58.01820791928813
3025358,1.0005075547257847
3025359,600.4209735782002
3025360,26.88083705758087
3025361,17.346269263563084
3025362,16.202491791077712
3025363,102.7657401517228
3025364,11.237261176293936
3025365,1034.8067091439848
3025366,626.576317317035
3025367,24.772232830298215
3025368,31.76450220309163
3025369,1075.501631407303
3025370,367.39211723242454
3025371,5426.990581691468
3025372,344.00632176747246
3025373,72.26646034223461
3025374,9.939398925268584
3025375,0.0
3025376,10.611601397305678
3025377,5292.792063394567
3025378,0.018214778101748787
3025379,858.5218611712704
3025380,18.23847422693628
3025381,1726.346616107798
3025382,1448.9248890778322
3025383,536.0498541607565
3025384,200.01586725719127
3025385,155.59732911841505
3025386,7119.757666455168
3025387,46.35432939630138
3025388,0.9808164249679159
3025389,35.38814548076055
3025390,43.688147845230176
3025391,0.5660291703400762
3025392,397.7921763412264
3025393,28.38487414422263
3025394,11.209549339566545
3025395,11.970375294293273
3025396,77.85317136865415
3025397,7.90044640997991
3025398,870.0531727811587
3025399,587.4858562874185
3025400,19.17706879266573
3025401,37.08067327024628
3025402,789.6973899415237
3025403,201.3758129714385
3025404,2461.944008227106
3025405,255.76661369785762
3025406,42.45932587673972
3025407,11.025857174288666
3025408,0.07360282074062989
3025409,12.25647986955747
3025410,6054.76407244274
3025411,0.19397425644632654
3025412,1067.2430623406483
3025413,21.559329774304917
3025414,1979.6033879982608
3025415,1661.507177697416
3025416,576.2093213376723
3025417,238.41991987518506
3025418,187.10878792366998
3025419,7896.090907211322
3025420,52.86745608455979
3025421,1.6069124634206382
3025422,47.193144452727616
3025423,57.54126122765542
3025424,0.8673381184889191
3025425,566.0421360829666
3025426,28.58442192264828
3025427,15.498847489203513
3025428,11.02563976088965
3025429,105.30562517787537
3025430,9.621141550845628
3025431,965.9885378367072
3025432,665.0258897575015
3025433,22.299049151428854
3025434,28.432576315270484
3025435,919.8901338427967
3025436,261.6240404629418
3025437,3442.921600415771
3025438,304.6363601552285
3025439,52.19800735823725
3025440,8.967761370073983
3025441,0.0
3025442,10.32413023738103
3025443,4220.935780038536
3025444,0.1278739614788226
3025445,715.3360728350311
3025446,14.938010922084798
3025447,1369.002569355992
3025448,1073.4563454256893
3025449,450.0339535927406
3025450,134.4569175029253
3025451,123.9498731300076
3025452,5981.300378984044
3025453,37.870917044445875
3025454,0.7282074156456968
3025455,32.88151614943324
3025456,34.55694107279544
3025457,0.39825525182574023
3025458,340.0305283967691
3025459,16.645909880820728
3025460,8.17678944160569
3025461,7.07174973484282
3025462,45.39877715235063
3025463,5.179986497341227
3025464,808.6080843593359
3025465,564.2770414325124
3025466,16.798523116814447
3025467,23.759179730197935
3025468,617.5501423485681
3025469,124.37235959231123
3025470,2040.0707406899166
3025471,221.69999144809168
3025472,24.089696433011504
3025473,8.842055110765042
3025474,0.0
3025475,9.38094934247614
3025476,6062.107257477465
3025477,0.2566113541984973
3025478,1105.9808820931626
3025479,22.949449018285407
3025480,1682.239509884814
3025481,1686.0661339842786
3025482,429.8355936167326
3025483,356.21491751721186
3025484,234.85518518690168
3025485,7083.1473067696525
3025486,56.22901992495365
3025487,1.3616061138424733
3025488,44.021475126560205
3025489,54.74684093762297
3025490,0.7584839707797737
3025491,497.92167733448474
3025492,20.656495589212188
3025493,18.446786593936128
3025494,14.2238284849716
3025495,84.5726777509119
3025496,10.255925519415495
3025497,984.9676593875541
3025498,470.556112512562
3025499,20.87390727583216
3025500,31.779417609988734
3025501,885.591488058712
3025502,298.4471730378274
3025503,4775.391459810714
3025504,296.67845694257187
3025505,64.35377663493121
3025506,5.055916538530036
3025507,0.4116295575598195
3025508,4.727274531299552
3025509,1938.480005434926
3025510,0.48402539919177917
3025511,376.21471611265906
3025512,16.22277852042666
3025513,800.8006002709641
3025514,515.2620564436731
3025515,203.90324892133162
3025516,140.47322127618492
3025517,101.46119014499142
3025518,2495.892210568223
3025519,14.642603242325594
3025520,1.4833427798975296
3025521,18.926405415153468
3025522,17.540276084607676
3025523,0.6340305963919706
3025524,155.43549112874132
3025525,7.815047857946267
3025526,4.875769770784803
3025527,9.088486387936213
3025528,31.850157263592173
3025529,5.1896346521531465
3025530,279.1940447288362
3025531,234.18160774749478
3025532,3.468001739816981
3025533,6.239832988539038
3025534,237.5475376225566
3025535,79.07902742001248
3025536,1517.4530214238507
3025537,0.24655134230267012
3025538,11.411319996831235
3025539,8.325549955806675
3025540,0.0029460255280932186
3025541,10.461946715019083
3025542,3909.923783347447
3025543,0.11727145713270942
3025544,726.0496909193066
3025545,21.670955725407314
3025546,1350.7899754993534
3025547,988.0843258889842
3025548,409.6848424195959
3025549,115.45611896526918
3025550,123.62781114737237
3025551,5202.660336008082
3025552,36.71153817739182
3025553,1.3176745440039723
3025554,41.534513724712355
3025555,42.61615087422068
3025556,0.5686118067107346
3025557,357.6215820181273
3025558,24.021697203120436
3025559,6.0047613726256275
3025560,3.9420665938309565
3025561,62.69689447261202
3025562,6.4652044661854005
3025563,690.3559439072793
3025564,459.16790190350235
3025565,9.910192049500486
3025566,15.362417532956325
3025567,408.3372821277893
3025568,101.40265780723526
3025569,1758.433817245846
3025570,196.25029618433658
3025571,22.828099517073962
3025572,4.228635353366926
3025573,0.002576098423247566
3025574,4.732984364495188
3025575,3713.2178117267194
3025576,0.1950847106312637
3025577,771.6026257521012
3025578,10.111069002731147
3025579,1229.6992005265276
3025580,1228.936821839373
3025581,276.37183154876226
3025582,178.62328829947336
3025583,152.71166011576528
3025584,4487.772170587608
3025585,18.722834288870317
3025586,1.5773045960709604
3025587,25.406663386092013
3025588,27.504744701819074
3025589,1.0845816906894252
3025590,233.91227106073487
3025591,3.652965674173987
3025592,10.574129627378682
3025593,4.835959355386622
3025594,70.999928539884
3025595,7.340726454698466
3025596,351.1652330012897
3025597,383.2870260202473
3025598,10.671187052805234
3025599,21.482001598128097
3025600,538.2536634976059
3025601,128.69724999437017
3025602,3244.9076332889945
3025603,2.6819102439435727
3025604,36.17114046735795
3025605,7.210023416418636
3025606,0.4892130999554176
3025607,7.129013220744449
3025608,4414.311835439282
3025609,0.19982884090552577
3025610,872.0551920469447
3025611,13.019457884242899
3025612,1201.0988745834068
3025613,1018.6994425337596
3025614,365.9645897307916
3025615,169.68289875580382
3025616,170.47197483509558
3025617,5601.223880244349
3025618,25.00948023071957
3025619,3.1138200164847323
3025620,32.32358789174076
3025621,42.774597303852616
3025622,0.7952179913505897
3025623,325.9870830347815
3025624,8.208716473862536
3025625,24.988872905363742
3025626,6.787930213560434
3025627,70.3660504164604
3025628,7.787995315393143
3025629,264.9959107989267
3025630,426.45440058731634
3025631,11.70423052590276
3025632,15.293025726505117
3025633,192.98628927697254
3025634,146.82586338620953
3025635,3091.76725955547
3025636,2.9881815941917353
3025637,8.76385912610206
3025638,5.1429080448481965
3025639,0.32050884188592493
3025640,2.5980506252919975
3025641,2070.021222742782
3025642,0.21262873177144448
3025643,390.2221902406234
3025644,7.310103098100603
3025645,709.8644997962948
3025646,508.5044249336537
3025647,202.65454092128314
3025648,87.75498890300571
3025649,87.00611198879167
3025650,2651.3706169329957
3025651,10.151183369948116
3025652,1.405597445549899
3025653,10.756433725642516
3025654,21.719623893966475
3025655,0.7005465578103545
3025656,155.2204092731976
3025657,3.426612131268862
3025658,4.775950605661479
3025659,3.277414629855042
3025660,52.86621014089881
3025661,3.3271392319997615
3025662,132.87996600584836
3025663,214.83988373619263
3025664,3.755227832116889
3025665,5.7632215220107925
3025666,133.47579064010696
3025667,58.72283762253083
3025668,1725.8505891567036
3025669,0.47861801888544814
3025670,6.737033448370842
3025671,3.972203195931584
3025672,0.0
3025673,1.5821548435033161
3025674,1915.411694162236
3025675,0.0
3025676,155.8223828318741
3025677,3.6062048605620642
3025678,849.914532526953
3025679,235.1825989326827
3025680,157.36680174370736
3025681,68.30932356056967
3025682,32.02459582033822
3025683,2360.146832391672
3025684,4.6237426370127785
3025685,0.5864079618367914
3025686,12.59588221261503
3025687,6.13270392070175
3025688,0.08145314005029923
3025689,138.1197271827585
3025690,0.22485592638927707
3025691,0.057646694378321144
3025692,1.6664561875583233
3025693,17.407183019041792
3025694,0.9151334686745229
3025695,46.450569386929175
3025696,158.6388915570245
3025697,0.7078551236848238
3025698,2.2181659919786507
3025699,49.18432014638964
3025700,43.50623124316254
3025701,754.6067008553556
3025702,0.0
3025703,0.8766396298215675
3025704,4.556343820378331
3025705,0.12160032108616561
3025706,5.195241565905945
3025707,3238.817100134751
3025708,0.07869669872583647
3025709,587.4946422678682
3025710,12.286920478400628
3025711,944.5207933859336
3025712,857.1448799476432
3025713,306.03964149034937
3025714,188.3192704262433
3025715,132.41015228104672
3025716,3938.580464666534
3025717,24.02030912585449
3025718,1.6829043452606354
3025719,19.41731081262697
3025720,24.195648254564798
3025721,0.5630941601638684
3025722,249.7523714995597
3025723,12.489901364064806
3025724,10.409455476382176
3025725,14.258829350924696
3025726,48.26913317784105
3025727,5.118293148472942
3025728,430.7041614843444
3025729,347.2272268866525
3025730,7.444722829913191
3025731,10.075472206422091
3025732,458.01326562530045
3025733,142.18223124771959
3025734,2856.7449930772696
3025735,0.2424231385612331
3025736,30.752311263343923
3025737,4.377914204947713
3025738,0.017021128498056978
3025739,3.9561541610996347
3025740,3927.1416868482806
3025741,0.24018352780188962
3025742,687.8844479271222
3025743,15.850161268318956
3025744,1108.5857512074565
3025745,996.4766782806604
3025746,280.1501121843527
3025747,231.40352735462346
3025748,139.70549967396025
3025749,4790.357017654701
3025750,28.4481537143066
3025751,1.709366570886993
3025752,27.287900967384026
3025753,30.846071401266055
3025754,0.4598133819146162
3025755,233.7171267838807
3025756,14.217191514731823
3025757,16.020243492483548
3025758,13.703935499024174
3025759,68.33450240058009
3025760,7.4709672062956525
3025761,445.1548828597169
3025762,303.5994052898345
3025763,8.413634908354016
3025764,11.823542933128866
3025765,526.7284178567912
3025766,179.15943835062956
3025767,3610.5617518871672
3025768,0.39615646093244056
3025769,41.245584603223406
3025770,5.195574615871813
3025771,0.10483227953938852
3025772,5.361021814173171
3025773,1103.742487258919
3025774,0.2877805325385179
3025775,811.0520116192134
3025776,15.459981166403995
3025777,1338.6916451861653
3025778,1055.0820124182253
3025779,340.89418109478635
3025780,270.4467277613101
3025781,190.71954926850853
3025782,3340.4677738331557
3025783,38.37491442881556
3025784,1.913079090859867
3025785,36.67182344245556
3025786,28.88165160870391
3025787,0.7600692069877684
3025788,120.5070786408451
3025789,21.183480888800883
3025790,22.749358608039074
3025791,12.422813853275562
3025792,91.90870890793099
3025793,8.959696112238493
3025794,579.9181485926572
3025795,429.8497023487659
3025796,14.241328772689187
3025797,19.106021599402865
3025798,591.4445101451074
3025799,210.2835031086605
3025800,2610.5147754297686
3025801,0.4658170562650154
3025802,46.529784679788214
3025803,8.18663089406752
3025804,0.14783366945389076
3025805,5.58398817410577
3025806,3519.4935886076987
3025807,0.0217835101748744
3025808,486.2131223723632
3025809,10.92694385322227
3025810,1331.8175616968995
3025811,770.8781805165997
3025812,394.33014610900375
3025813,140.80320177959453
3025814,84.98112423716924
3025815,5231.951097406245
3025816,11.507974224088093
3025817,0.9421895315630484
3025818,29.509602473149883
3025819,31.184027932950478
3025820,0.230327686305426
3025821,356.47029935655945
3025822,9.179231662897509
3025823,5.044115680931405
3025824,8.870512279478888
3025825,32.28763510762206
3025826,3.4216359514353156
3025827,325.773726799437
3025828,343.48939667343615
3025829,6.0351703188492
3025830,9.48437898638697
3025831,303.71997490593935
3025832,93.54170224283016
3025833,2462.86738887671
3025834,34.958815324029445
3025835,12.074121280560727
3025836,3.9877889720511828
3025837,0.0
3025838,3.0092757494618576
3025839,2451.0849777095095
3025840,0.0
3025841,435.2829368640467
3025842,13.731945528318139
3025843,627.502588753635
3025844,685.7608646352708
3025845,136.06321070104744
3025846,177.20821594564163
3025847,98.61649969273466
3025848,2800.037368317614
3025849,24.501525723794884
3025850,1.1423970206063099
3025851,20.92546160706559
3025852,21.504961262145144
3025853,0.09920285037498006
3025854,207.1229739549399
3025855,19.101456543863137
3025856,17.980451565338512
3025857,5.429966322697285
3025858,69.92630967068432
3025859,5.574886755098677
3025860,404.20355757665055
3025861,156.10301428768747
3025862,6.803064480252195
3025863,11.201480851196093
3025864,393.2943356017994
3025865,113.58399485198852
3025866,3221.2728854796014
3025867,0.06395348094589436
3025868,21.13699019447837
3025869,3.7584963057012075
3025870,0.0
3025871,1.3836316078476436
3025872,1457.7995596695348
3025873,0.0
3025874,135.63933894782684
3025875,4.274578482665379
3025876,659.731412840313
3025877,324.5026215560149
3025878,229.31511349936014
3025879,56.66362102392755
3025880,40.5693706081533
3025881,2941.0869342420456
3025882,5.533757231102826
3025883,0.042981950432857345
3025884,12.606195592321772
3025885,12.165102841409405
3025886,0.0
3025887,245.59596444079367
3025888,5.142699956008641
3025889,0.0
3025890,1.3716260271481744
3025891,14.603918587250872
3025892,0.9235670587878799
3025893,179.31784339567886
3025894,205.54282745042994
3025895,1.8056937309406056
3025896,4.575834868904148
3025897,139.00059035457411
3025898,21.980332482829862
3025899,308.79569507036274
3025900,0.01864854860879159
3025901,2.51363264617524
3025902,5.036957928482285
3025903,0.043773488775733435
3025904,5.4180678930231005
3025905,3468.801445362997
3025906,0.0
3025907,573.578031004269
3025908,13.149714584540753
3025909,1468.883066121186
3025910,729.0169620697898
3025911,383.78616668879533
3025912,113.23092206256509
3025913,58.43496120063959
3025914,5665.792811525498
3025915,10.945109886113263
3025916,0.5625864496911048
3025917,25.4198786538845
3025918,25.262558643229085
3025919,0.0
3025920,395.7425842181764
3025921,8.184862500965437
3025922,2.808978983307609
3025923,5.3077990690510894
3025924,34.580094538536166
3025925,2.6747432591277525
3025926,445.6428922777233
3025927,347.28205542172896
3025928,3.3906729286255457
3025929,9.250923362631408
3025930,306.222817463009
3025931,66.37916357353842
3025932,844.3464816644173
3025933,52.9713113802756
3025934,5.828790175883226
3025935,3.7313450856082975
3025936,0.08941759606209486
3025937,0.8018712347453287
3025938,1482.611850038932
3025939,0.0
3025940,131.9878721443861
3025941,5.771126688034461
3025942,677.5198786182965
3025943,366.35305667920676
3025944,184.15907288950976
3025945,43.767476575187644
3025946,32.355753292789515
3025947,2339.0814602636565
3025948,4.112716409593288
3025949,0.45671418528030494
3025950,11.480634890178333
3025951,9.947230466521336
3025952,0.0
3025953,189.84960812990607
3025954,2.048911010088786
3025955,0.0
3025956,4.253856883711943
3025957,18.7477914718715
3025958,1.2124324106733164
3025959,129.69714260672424
3025960,162.92487540064076
3025961,1.2875320566085762
3025962,3.7391698962145306
3025963,133.58663005335222
3025964,31.52966232435525
3025965,353.6504723610921
3025966,5.345660211090666
3025967,1.8224309111573427
3025968,3.475032940001179
3025969,0.03734100531796351
3025970,0.6764644081282607
3025971,1234.8356501402511
3025972,0.0
3025973,101.41332917149525
3025974,4.261893255657275
3025975,576.303897723722
3025976,302.80260992461746
3025977,153.29859578014776
3025978,34.934706814917924
3025979,23.20163309278522
3025980,2207.0934390187276
3025981,3.143717298839989
3025982,0.3141669219947104
3025983,8.43470141901104
3025984,7.275528586931843
3025985,0.0
3025986,155.7829318986804
3025987,1.8073774523128932
3025988,0.0
3025989,1.5130394940909828
3025990,14.500182187903427
3025991,0.9362487288072543
3025992,98.78801649101857
3025993,147.9574330866548
3025994,0.7717000251872737
3025995,2.701726747711851
3025996,95.64478983640552
3025997,25.215916418355732
3025998,292.7682126165836
3025999,0.0
3026000,1.2588656893957997
3026001,1.995743342743601
3026002,0.0
3026003,0.7149197383947499
3026004,967.6861291611641
3026005,0.0
3026006,129.35540407474932
3026007,3.79763958614108
3026008,638.7858125208899
3026009,299.3313036462341
3026010,119.12443255090086
3026011,37.1351103830099
3026012,28.207918068647185
3026013,1821.8962057048775
3026014,2.458742364161433
3026015,0.051339458292017484
3026016,8.3059918242332
3026017,7.950681032411241
3026018,0.0
3026019,124.37269317561199
3026020,0.586279207792866
3026021,0.0
3026022,1.3879206213103608
3026023,12.621555909119628
3026024,0.7234014519065382
3026025,125.55264513003775
3026026,164.25232204500927
3026027,0.7079366965539888
3026028,2.394407625847123
3026029,70.23305293397982
3026030,27.829569109491896
3026031,272.26723757324777
3026032,5.055969843151534
3026033,1.3119393234616532
3026034,3.3227178303084433
3026035,0.19052111752501685
3026036,1.1867665826487372
3026037,1707.5384819414746
3026038,0.0
3026039,130.7617770951935
3026040,4.989091025354819
3026041,735.604726578446
3026042,414.48978691639695
3026043,201.36945041802352
3026044,56.82430782074567
3026045,36.37646365539815
3026046,2917.3108208176077
3026047,4.704927629733171
3026048,0.6090020556445888
3026049,12.382981778975768
3026050,11.85651115953715
3026051,0.0
3026052,196.30018368441574
3026053,2.857757341900357
3026054,0.0
3026055,2.66362379861371
3026056,20.681333516563782
3026057,1.2871886442687814
3026058,137.39701684256386
3026059,170.65893458048612
3026060,1.1389419654479478
3026061,3.6689635608009885
3026062,114.18088230003752
3026063,32.67002903868499
3026064,433.6264816722906
3026065,6.38593420471641
3026066,2.7430737733757904
3026067,6.31999632820703
3026068,0.0
3026069,0.48562160983448494
3026070,1584.318816730074
3026071,0.0
3026072,162.97868802235007
3026073,5.278554378318726
3026074,804.0801691553813
3026075,282.43662425411105
3026076,188.97580909556035
3026077,126.24619409877434
3026078,43.87934027290418
3026079,2787.8052560988936
3026080,7.770743064166318
3026081,0.06836251742959953
3026082,17.563330825919692
3026083,17.621541844259937
3026084,0.0
3026085,221.26846095635358
3026086,0.0
3026087,0.0
3026088,1.2898149120371292
3026089,41.31710764467433
3026090,1.6915954909717366
3026091,85.08835172917074
3026092,183.72876181931088
3026093,0.48305229627189766
3026094,4.756663475275228
3026095,82.12126921427517
3026096,31.543959777148338
3026097,590.9190039878432
3026098,0.0
3026099,1.9958995289531574
3026100,3.8290037097475604
3026101,0.1308918314207515
3026102,1.7727017646566479
3026103,2869.256608805479
3026104,0.0
3026105,306.3180935435771
3026106,8.043418914751049
3026107,1079.8963066578967
3026108,714.2072152764238
3026109,324.7693513328528
3026110,126.4103780988269
3026111,68.74945317157265
3026112,3826.9437228268753
3026113,10.123232022023476
3026114,0.3757601052644315
3026115,21.147494473344874
3026116,20.587433557360516
3026117,0.0
3026118,254.03332774345324
3026119,3.791941604204143
3026120,0.5166906862849072
3026121,2.7737576351121156
3026122,21.5120627586202
3026123,2.1314358162819493
3026124,165.86474559476537
3026125,245.0208484754039
3026126,3.0999353044014386
3026127,7.073395589666701
3026128,285.21533831370215
3026129,84.84701200103268
3026130,1014.7909838213825
3026131,17.797652771859106
3026132,7.417274463898048
3026133,1.3169046981292878
3026134,0.0
3026135,1.1571941645501571
3026136,1254.5697266977113
3026137,0.0
3026138,193.4684259421212
3026139,2.5299402199162007
3026140,292.0782267990853
3026141,281.2896060864041
3026142,118.29904659056957
3026143,59.39123573943489
3026144,25.39327935917394
3026145,1753.7872780252342
3026146,3.343616879774655
3026147,0.0
3026148,9.571695085131989
3026149,9.714245866187087
3026150,0.0
3026151,124.183227573176
3026152,2.1990654226129775
3026153,0.6294199895830175
3026154,1.8056107072455236
3026155,13.904270180708227
3026156,0.8099494034952794
3026157,85.3000913957634
3026158,89.24487541891267
3026159,0.8249817018880148
3026160,2.6621440136704195
3026161,108.80527890907733
3026162,20.02998217088401
3026163,423.62677422102047
3026164,11.976093957010265
3026165,2.730587316006046
3026166,4.727880928276586
3026167,0.2468180569502343
3026168,1.9970303422542028
3026169,2007.2458454899029
3026170,0.040410852184487686
3026171,191.87818138755412
3026172,6.3235207654585075
3026173,746.4349124629659
3026174,425.6273771867685
3026175,224.17622192039988
3026176,57.796395576629784
3026177,36.4325960180851
3026178,2924.8417110067353
3026179,6.012045494248635
3026180,0.692518886755285
3026181,12.957611312899044
3026182,11.111574933316303
3026183,0.0
3026184,193.57695394388966
3026185,3.087463084675333
3026186,0.11945939312541401
3026187,2.3120913714944282
3026188,18.690128165872345
3026189,1.3444462700978925
3026190,120.56845264053567
3026191,150.58076383247652
3026192,1.5019099724899712
3026193,3.8877164203319596
3026194,120.10784520171573
3026195,34.35024135871352
3026196,456.2472684806795
3026197,10.02060751879401
3026198,2.82916542831829
3026199,4.464085451807627
3026200,0.016503458903614286
3026201,3.622905317216399
3026202,2926.87764003861
3026203,0.033792706387586434
3026204,531.5261199883935
3026205,14.270640435821523
3026206,797.4579915233197
3026207,783.6406917948898
3026208,211.81861035194612
3026209,190.2485491198213
3026210,104.84128420882105
3026211,3648.756251043449
3026212,24.744420595318772
3026213,0.9509873466489456
3026214,20.8790035588815
3026215,23.45569820975899
3026216,0.09452899240707535
3026217,231.05954141392655
3026218,20.20991261664484
3026219,15.641345625695955
3026220,4.925969401405877
3026221,48.57976064465975
3026222,5.2984531282501335
3026223,428.5730602237016
3026224,234.55576050822555
3026225,7.392148135084934
3026226,9.664443219530195
3026227,428.3407923735052
3026228,123.76867837319722
3026229,3798.1333425429775
3026230,0.15852191957224482
3026231,23.62516916845772
3026232,4.006371439744502
3026233,0.19061353203867623
3026234,3.741267592145083
3026235,2744.015444239361
3026236,0.0
3026237,335.7935881458085
3026238,7.9182694410183
3026239,829.4847928193462
3026240,677.5859189832836
3026241,317.4876255726983
3026242,104.6312778033867
3026243,54.24227374329809
3026244,3298.0865210228426
3026245,7.919391520970024
3026246,0.39941876095874473
3026247,19.101483291472725
3026248,18.593161451346933
3026249,0.0
3026250,232.0154506486659
3026251,4.094942373676704
3026252,2.716794506202705
3026253,3.024335915338889
3026254,25.554423404182096
3026255,2.080649177591025
3026256,130.08665477864005
3026257,211.51184475705975
3026258,3.0550451105880656
3026259,5.943651976343083
3026260,206.6449171295968
3026261,71.49827237948863
3026262,862.4178506567526
3026263,48.58887219641197
3026264,5.511097898368601
3026265,5.700495287246635
3026266,0.5963450005230095
3026267,2.421662231936584
3026268,2291.5420569738153
3026269,0.19277203432483678
3026270,309.96810091186006
3026271,7.18725239726553
3026272,948.0473418794973
3026273,552.2589250328693
3026274,271.5899751380968
3026275,114.57799739088975
3026276,59.0024463318974
3026277,3308.2538765179365
3026278,6.454063059988695
3026279,0.6652207940255319
3026280,21.510090012319594
3026281,20.65063536661128
3026282,0.20321288069684376
3026283,230.061741701395
3026284,3.2911839434217907
3026285,2.094822210992909
3026286,4.008767212598948
3026287,34.67941699734378
3026288,2.0109953677052035
3026289,112.45200082868851
3026290,196.88152088263354
3026291,2.3692854223354636
3026292,5.366466126385153
3026293,129.14611613237273
3026294,48.404565190889166
3026295,749.3691387528967
3026296,0.7720451079225155
3026297,3.478686064907551
3026298,3.332692494732159
3026299,0.16202386338802488
3026300,0.9530230339437289
3026301,1365.0869762358031
3026302,0.0
3026303,121.99053233892293
3026304,4.228518168722237
3026305,450.3926031319601
3026306,289.67505704674596
3026307,132.23382517103852
3026308,74.63092463140532
3026309,37.39401932707831
3026310,2052.0481239256255
3026311,3.1418750590560176
3026312,0.46106881186584886
3026313,13.912030014746726
3026314,12.908165942030971
3026315,0.08590941734951188
3026316,159.40216017611405
3026317,0.772597244350282
3026318,0.008403089459186842
3026319,2.2775402696590903
3026320,26.945522239574558
3026321,1.217318229358816
3026322,78.06981008776089
3026323,125.35440143352108
3026324,0.9214741628771017
3026325,3.113153828079902
3026326,87.85810369089518
3026327,28.93706437868409
3026328,342.6536721210931
3026329,12.024137238335934
3026330,1.3345257824077401
3026331,2.3644092635766465
3026332,0.0
3026333,1.1259019418029408
3026334,1460.491366684053
3026335,0.0
3026336,266.7045265992453
3026337,9.166149082494682
3026338,443.1564297508826
3026339,409.0590799250709
3026340,123.52399630241894
3026341,68.89045328640184
3026342,59.63621031216726
3026343,2042.1401484323035
3026344,14.369627876386998
3026345,0.3140429037911589
3026346,9.25310539817005
3026347,10.680134615043215
3026348,0.0
3026349,124.47494618830294
3026350,5.053398816737857
3026351,2.679810183980889
3026352,3.187473466081843
3026353,43.36381782962814
3026354,2.79633785543664
3026355,408.49684330470757
3026356,133.85681879116515
3026357,2.441742501792052
3026358,4.36008984621742
3026359,220.01547234480154
3026360,47.437795286077026
3026361,1575.2739404990532
3026362,0.3036219655418619
3026363,10.240525892946946
3026364,3.616702704637481
3026365,0.10933589396860839
3026366,4.40323040900146
3026367,3709.737824965952
3026368,0.1936799066545167
3026369,784.5399137295076
3026370,18.35766402247619
3026371,984.0116972151257
3026372,1152.0469970084791
3026373,281.1792664819997
3026374,202.99826018387319
3026375,124.73001175573042
3026376,4310.394032176566
3026377,18.570421235617548
3026378,1.581001469590023
3026379,23.606049861943035
3026380,29.17597613364916
3026381,0.35512067775136674
3026382,221.61192045770335
3026383,12.340816914075665
3026384,44.5128553956297
3026385,7.128919862514964
3026386,64.95516724224304
3026387,6.955400369636909
3026388,385.5454883658127
3026389,297.8569761667295
3026390,10.94061846551742
3026391,13.552706017251413
3026392,439.9192227310123
3026393,139.7127730842735
3026394,5632.927948482984
3026395,0.5142371141485065
3026396,25.57290735068304
3026397,0.04267258960764253
3026398,0.0
3026399,0.4476174193425385
3026400,644.3261883463505
3026401,0.0
3026402,114.09132949111306
3026403,1.3439859447891078
3026404,140.75085343465966
3026405,183.54450650928638
3026406,45.820338626242695
3026407,26.227305787180505
3026408,22.20940035455153
3026409,698.1148142812859
3026410,1.5911126113187621
3026411,0.0
3026412,2.80688845092989
3026413,4.533357221142873
3026414,0.0
3026415,42.637080110046746
3026416,0.0
3026417,9.169445883458005
3026418,0.5448019870604563
3026419,22.72311481992653
3026420,0.5247098638430105
3026421,49.684489433656864
3026422,36.88876182389947
3026423,0.1980268715629262
3026424,0.6269910113414074
3026425,42.729614652956165
3026426,13.031424063930626
3026427,777.0339109779651
3026428,0.0
3026429,0.8575843107614818
3026430,2.798045675893324
3026431,0.0
3026432,0.6571754623043229
3026433,1012.2657049616495
3026434,0.0
3026435,185.5795257111715
3026436,4.871703299687622
3026437,305.8936917937195
3026438,211.764262914073
3026439,75.09061849805933
3026440,39.88124899294672
3026441,33.21132385640262
3026442,1259.6369035178884
3026443,3.038421929047411
3026444,0.35593166465671217
3026445,6.082353629587189
3026446,4.977715544659935
3026447,0.0
3026448,63.01459135653535
3026449,1.1468188048467844
3026450,5.5963371923005925
3026451,1.1056690973523815
3026452,22.419513706106013
3026453,0.49639949571754033
3026454,182.10351502011002
3026455,130.25576966240772
3026456,1.4291225882507472
3026457,1.7778504606335535
3026458,112.09021641754718
3026459,15.463411978885848
3026460,811.7001358627257
3026461,0.06088835958776254
3026462,2.070733319491768
3026463,3.0949955190083784
3026464,0.21747799582228272
3026465,4.639546742346668
3026466,3131.3924724712833
3026467,0.06629355213879899
3026468,626.7763140046734
3026469,12.952792450981862
3026470,821.9775507513949
3026471,884.5423836198748
3026472,258.9581130943545
3026473,176.14162377986173
3026474,98.18364112947128
3026475,3599.9117115016975
3026476,16.39933536343419
3026477,1.3419888337875006
3026478,17.929210312695616
3026479,19.67938072595199
3026480,0.3226434093075238
3026481,181.933915824532
3026482,5.282658777596574
3026483,32.51267222232107
3026484,4.887313894179543
3026485,60.03689394980662
3026486,4.550102375363555
3026487,227.76155927767104
3026488,243.50043617372089
3026489,7.853389958383602
3026490,8.68455460362018
3026491,415.7008205459167
3026492,123.07036767636575
3026493,4472.446969819428
3026494,0.13299880131764186
3026495,15.79618542718163
3026496,5.3298612444534355
3026497,0.21628656573858193
3026498,2.5562929548903477
3026499,2924.942398736097
3026500,0.10082062279121441
3026501,462.16082217208884
3026502,9.432517286184767
3026503,949.4011844893807
3026504,825.8920167658192
3026505,311.18095038520096
3026506,157.05313214278763
3026507,56.74733100313241
3026508,3798.8223254091904
3026509,6.211391677690251
3026510,0.8800824128135258
3026511,16.542102649869502
3026512,14.86196062487884
3026513,0.25409090773129206
3026514,223.8460803891709
3026515,0.4346561481276618
3026516,2.566533006548258
3026517,3.5846612454617572
3026518,48.99364449064163
3026519,1.5482264182956724
3026520,175.78859948528117
3026521,249.73409789846727
3026522,3.28249197213448
3026523,5.288727804637463
3026524,182.91426331435756
3026525,51.730244172884916
3026526,1055.0200484076045
3026527,0.9415841995540417
3026528,3.318089053381871
3026529,4.476244984511215
3026530,0.37141135199622427
3026531,1.6698110687367484
3026532,2477.526474873182
3026533,0.10262891654147106
3026534,382.66284604074
3026535,8.719524602201798
3026536,868.6158949764273
3026537,728.6847759238337
3026538,239.52804259188042
3026539,111.86984308807632
3026540,59.72752120943657
3026541,3291.227704201291
3026542,6.664054141353636
3026543,0.9724873306647737
3026544,15.07373708500668
3026545,14.718728171128154
3026546,0.14931719167886578
3026547,216.59111691752818
3026548,0.7266120052756269
3026549,2.777345660760701
3026550,2.934054859015628
3026551,41.04651378848365
3026552,1.8314665902440739
3026553,143.16454363420274
3026554,210.82971184126157
3026555,3.3548121338546375
3026556,5.230508369360516
3026557,174.5385663033352
3026558,53.44310685807651
3026559,996.8012697005644
3026560,1.0329789320283913
3026561,3.6271461005039924
3026562,8.472412747516316
3026563,0.5211773591674917
3026564,12.2632428459888
3026565,7175.988333799899
3026566,0.620673605566886
3026567,1190.5848494569032
3026568,34.46240605753468
3026569,1827.6490233709114
3026570,2066.0593252437516
3026571,387.88596605819794
3026572,479.5762294604231
3026573,250.71719676452898
3026574,7513.042517172012
3026575,70.08364234294304
3026576,3.099184011401471
3026577,54.33401909237747
3026578,56.24567024759756
3026579,1.2829700190585878
3026580,409.1975674616373
3026581,53.55001702383012
3026582,55.42699645280505
3026583,28.469840347349763
3026584,132.8420751261541
3026585,16.808231437114088
3026586,1075.5750967077583
3026587,491.8752200664436
3026588,21.812942638914436
3026589,30.260697948589367
3026590,1188.6292923424858
3026591,394.5851279977009
3026592,11199.339479566373
3026593,0.8301673527704758
3026594,71.50352173042214
3026595,2.9043737405727406
3026596,0.02036512378924868
3026597,0.4924475942437919
3026598,1322.3752066459274
3026599,0.0
3026600,138.3411522748014
3026601,4.011851361369934
3026602,513.2529119989307
3026603,279.6774507634023
3026604,126.38133774704367
3026605,106.48945283295244
3026606,33.30789011060676
3026607,1912.1758253358084
3026608,2.594361265349162
3026609,0.36452475500206366
3026610,9.14390209432019
3026611,7.573454515183803
3026612,0.0
3026613,155.6546703621336
3026614,0.4029633648066191
3026615,0.0
3026616,1.8630270259830768
3026617,18.18987022579768
3026618,1.0212988214910017
3026619,75.60190998075286
3026620,103.39465749982942
3026621,1.233426179280443
3026622,2.8947728714779526
3026623,89.4606219140407
3026624,26.084732742481414
3026625,496.4730676495677
3026626,0.17965454735947906
3026627,2.0097401965911583
3026628,5.2214428717641175
3026629,0.4560736930625343
3026630,1.7584815762047747
3026631,2520.1445414650016
3026632,0.2195500111929346
3026633,371.2994473113818
3026634,7.301745421782481
3026635,1098.2961390349183
3026636,622.8140252387094
3026637,234.29239747405754
3026638,158.01529750219797
3026639,56.78715635114291
3026640,4262.743619651721
3026641,6.62365211866691
3026642,0.622677667058257
3026643,15.345969204430212
3026644,16.82037056109305
3026645,0.17082913242502995
3026646,220.17585576228063
3026647,2.580303683142987
3026648,1.4819320881111886
3026649,5.6094229784240035
3026650,31.159212795032417
3026651,1.8496806748860521
3026652,229.77020784105386
3026653,247.68123838346997
3026654,2.285433011556089
3026655,5.1622711555689005
3026656,143.24373172983024
3026657,47.626203471034046
3026658,805.9214777609523
3026659,0.7626970167265628
3026660,5.631751590763699
3026661,1.405329542812955
3026662,0.0
3026663,0.10955667717038094
3026664,853.9617670038176
3026665,0.0
3026666,85.72946896361285
3026667,2.3988944135994164
3026668,382.3070232241069
3026669,196.60825064691585
3026670,73.891948470445
3026671,91.17583428493313
3026672,21.794096500691303
3026673,1273.564838053906
3026674,1.1913881240364974
3026675,0.0
3026676,8.556574262570926
3026677,2.9069745025925195
3026678,0.0
3026679,98.9715152304535
3026680,0.0
3026681,0.0
3026682,0.6605226009543859
3026683,10.15090276074129
3026684,0.22253921623784828
3026685,48.12919067597618
3026686,70.69365268640804
3026687,0.3530377412280679
3026688,1.1408634181130357
3026689,52.29472378655325
3026690,11.06167019042257
3026691,248.32803587054804
3026692,0.0
3026693,0.6836882764378174
3026694,4.523368596981813
3026695,0.2066213788653698
3026696,0.9010217620470065
3026697,1664.80919263129
3026698,0.02004035467931943
3026699,201.09875362886478
3026700,4.911721267435117
3026701,739.8109402120043
3026702,382.3426710046575
3026703,167.62508973454072
3026704,123.58957603722925
3026705,45.543572221979254
3026706,2678.0107731514363
3026707,2.852231180985065
3026708,0.5893982277544654
3026709,16.846856907155072
3026710,10.877931097010599
3026711,0.13665530716562732
3026712,215.63698465448152
3026713,0.3890602405192299
3026714,0.0
3026715,5.798416558238596
3026716,41.051251164298215
3026717,1.539697919517082
3026718,150.31599139199122
3026719,206.8075430001831
3026720,1.3604000667802412
3026721,3.610379360320591
3026722,108.72084227196164
3026723,34.709617483643015
3026724,685.7786383358231
3026725,0.0
3026726,0.8589459616598962
3026727,3.699507487872517
3026728,0.0
3026729,2.0532710394651725
3026730,2444.4938682178163
3026731,0.0
3026732,489.607392935203
3026733,9.31947575968401
3026734,791.2977917571009
3026735,593.2823985550833
3026736,195.39876573976295
3026737,114.04143279939672
3026738,62.86854120866909
3026739,3214.773726111493
3026740,5.461773197846833
3026741,0.7389514083014601
3026742,24.963745390891138
3026743,22.510540552413133
3026744,0.005699377866977685
3026745,248.05428926493403
3026746,5.063087810365236
3026747,3.370227953534961
3026748,4.201601001047672
3026749,26.39645487868909
3026750,1.9269477021148744
3026751,189.92543691063975
3026752,232.49272540416868
3026753,3.2088445131364596
3026754,5.500247838041307
3026755,126.6556189625733
3026756,44.25845030006535
3026757,553.2178487212726
3026758,0.8791356825151733
3026759,2.068073803107377
3026760,2.7755436920625263
3026761,0.0
3026762,0.19104050626262062
3026763,1291.4954164774176
3026764,0.0
3026765,78.01848076330569
3026766,2.3267318390676803
3026767,395.9485789581905
3026768,187.84816510087214
3026769,75.65265433958514
3026770,87.91602482668861
3026771,25.516881944568205
3026772,1514.4488241981605
3026773,1.4015452260553576
3026774,0.04703916481174412
3026775,6.542630228631167
3026776,4.804403688464012
3026777,0.0
3026778,101.98600307670971
3026779,0.0
3026780,0.0
3026781,0.3136240135107842
3026782,18.356119219634266
3026783,0.4067758852417527
3026784,85.8383260047497
3026785,79.09519462954698
3026786,0.3793941062029296
3026787,1.1435584476801801
3026788,49.272869192669354
3026789,13.386916786494146
3026790,234.3212373589708
3026791,0.0
3026792,0.03531181319293426
3026793,6.4989901906418535
3026794,0.14554343356600397
3026795,2.5486190863356257
3026796,3211.6219735867526
3026797,0.05062453391255647
3026798,508.1441555558346
3026799,13.71270632111507
3026800,992.129146289454
3026801,620.8991791530183
3026802,226.99970782158988
3026803,156.5168439643005
3026804,92.1190237110778
3026805,4741.679410213877
3026806,12.362776490535481
3026807,0.6240143300653658
3026808,23.830794955187237
3026809,22.417797549767926
3026810,0.03634449946224792
3026811,306.44055469587664
3026812,0.8099735398360177
3026813,13.256318863949426
3026814,7.277676057908135
3026815,76.06113401698788
3026816,1.1075065461302165
3026817,237.69449217475213
3026818,331.50369089212893
3026819,5.383472903586802
3026820,8.448294068882836
3026821,175.10074620823625
3026822,56.81403311359669
3026823,1753.039203777659
3026824,0.6021611961944848
3026825,0.8888339276749486
3026826,3.6887130178679346
3026827,0.2547249949434099
3026828,4.6367854526455305
3026829,2687.9032038370697
3026830,0.3673034624570872
3026831,562.9473372788136
3026832,12.860741485865535
3026833,789.955910573168
3026834,766.1860084751947
3026835,174.7652394653277
3026836,176.510418105652
3026837,123.26819251064327
3026838,3924.271944603277
3026839,30.902809408027295
3026840,1.7717070638876993
3026841,21.005177905709033
3026842,17.846445660870348
3026843,0.3734739972734257
3026844,210.86092786505145
3026845,14.811422317683615
3026846,27.880929181287318
3026847,3.6314836922812628
3026848,87.32407294905067
3026849,6.3657191919274
3026850,250.56066275698188
3026851,248.37420990905912
3026852,8.390896697380159
3026853,10.445490596572292
3026854,248.44703196436188
3026855,97.07087525005028
3026856,4003.2344928250177
3026857,1.1997514764744697
3026858,14.385159212473605
3026859,5.185106658549828
3026860,0.1973702191107759
3026861,5.194266794392895
3026862,2378.022854219623
3026863,0.2582238599171882
3026864,512.5087992959837
3026865,14.27981684206449
3026866,830.0963035660354
3026867,704.345976250552
3026868,237.581822068393
3026869,142.1858763852712
3026870,104.6881756636982
3026871,3172.0619659488075
3026872,20.83666006646246
3026873,1.847593433200022
3026874,24.88539376031835
3026875,24.40804664153043
3026876,0.5705660739148453
3026877,215.48157026621462
3026878,10.70477581634576
3026879,17.35188977781728
3026880,7.0856694234284365
3026881,53.30768220716895
3026882,6.015651843791112
3026883,203.11050321919652
3026884,300.3094343406313
3026885,7.423045375764142
3026886,10.28283378994647
3026887,194.23734867872244
3026888,100.45469076762167
3026889,3499.096167138067
3026890,0.6936960304781958
3026891,12.598124474650236
3026892,5.645269311898759
3026893,0.2149840501432946
3026894,4.391115024266341
3026895,3025.3696981879916
3026896,0.094046212454738
3026897,514.3947807585673
3026898,9.808623711182022
3026899,1207.8713702438997
3026900,770.5147577644125
3026901,236.76237228202925
3026902,199.97806450198865
3026903,77.42582733934096
3026904,3954.929288239653
3026905,21.784587450184887
3026906,1.4804554343476877
3026907,19.68826882905236
3026908,15.493411482523175
3026909,0.23128291945931914
3026910,243.00136633097833
3026911,6.464136969827399
3026912,7.414890690595897
3026913,4.24974412918596
3026914,52.520448292807096
3026915,3.65874511548827
3026916,153.86987920235052
3026917,296.3772272847894
3026918,5.372486471402776
3026919,8.304053243155535
3026920,165.92368016367013
3026921,69.97088781476421
3026922,1172.0566767272514
3026923,12.370320288369772
3026924,8.419406367912783
3026925,3.7438019452259574
3026926,0.26774143345784923
3026927,2.6084517676591092
3026928,2215.113842840117
3026929,0.39556075975904664
3026930,382.9115279044317
3026931,11.156113371256097
3026932,738.8533197320714
3026933,625.2267247745497
3026934,204.1746544252284
3026935,133.9956805874657
3026936,95.21152457916573
3026937,3063.558447002135
3026938,15.66574881041242
3026939,0.9713972380909612
3026940,15.020935685252653
3026941,13.914478641562242
3026942,0.27848645640655556
3026943,182.12648555748854
3026944,15.350048954749749
3026945,14.851750236889615
3026946,3.2572594260992895
3026947,41.37892520918853
3026948,4.681504114644002
3026949,310.34356669693125
3026950,213.42037356902014
3026951,4.572070781256863
3026952,6.94088803306122
3026953,347.093169602821
3026954,80.9231144161349
3026955,2625.622046233987
3026956,0.40568651855596405
3026957,22.90158438342736
3026958,2.136616747374436
3026959,0.5707430374147628
3026960,3.5807802812929657
3026961,3906.1167417578954
3026962,0.9579278856846445
3026963,240.8252143389676
3026964,11.343083843627246
3026965,898.305157416366
3026966,580.2827545958921
3026967,200.8663026491332
3026968,104.14446722371807
3026969,1.7288949088305152
3026970,3360.0831489219063
3026971,2.378688914559988
3026972,0.7806011722284383
3026973,22.00051956285606
3026974,21.73819824220767
3026975,0.0706489464338583
3026976,217.79418061033812
3026977,0.7979049411703831
3026978,0.29208858239949353
3026979,1.3961754518583684
3026980,6.331598303256733
3026981,1.6118620248563764
3026982,5.735133169804596
3026983,277.30676876983233
3026984,1.521083172758035
3026985,2.9866043700749247
3026986,77.42961262784871
3026987,4.975101088412505
3026988,415.73729976161366
3026989,0.5872784021170048
3026990,1.0397018679392658
3026991,4.289493862190473
3026992,0.1316748682258965
3026993,3.006391737167057
3026994,2006.521963581616
3026995,0.24496991415410382
3026996,389.97435948908156
3026997,9.925692765027001
3026998,775.6193722831014
3026999,522.8777059176961
3027000,204.62167676439867
3027001,140.26424107738382
3027002,84.34810898022678
3027003,3056.524149981565
3027004,12.993590979826712
3027005,1.315411351588537
3027006,17.97508017583938
3027007,18.459720108147543
3027008,0.2754751242884215
3027009,207.2579525448093
3027010,6.712531344928341
3027011,17.319372073047038
3027012,5.089818186705892
3027013,63.44110113836524
3027014,4.606732469455658
3027015,212.14988212115242
3027016,245.1220846258215
3027017,4.89557011401977
3027018,7.702181793928842
3027019,197.27165191518395
3027020,67.45730931857022
3027021,2801.40462944024
3027022,0.5909071360271765
3027023,5.34442368380839
3027024,3.1546108625155806
3027025,0.11179636578229328
3027026,5.337370505330351
3027027,2471.907691117644
3027028,0.34845964065652146
3027029,455.4962316147401
3027030,11.458732243845358
3027031,731.620905400436
3027032,713.206793128139
3027033,165.22113401823722
3027034,145.48934840914458
3027035,102.55079682789523
3027036,2857.552236366029
3027037,21.19438106920491
3027038,1.6495870242118107
3027039,19.42336614637753
3027040,18.258380050264282
3027041,0.45245112425443185
3027042,219.41192593092254
3027043,17.11437618490461
3027044,45.07539457826624
3027045,4.5439669741780175
3027046,61.222593869390415
3027047,7.623362400860691
3027048,225.57168620832317
3027049,250.40916861999995
3027050,7.886046456284227
3027051,9.581091772867266
3027052,242.13973414227297
3027053,88.78062568056902
3027054,3928.976871564761
3027055,1.0999775697494818
3027056,16.955703748423485
3027057,3.4757119480616048
3027058,0.0
3027059,2.290282873437084
3027060,3855.024696949712
3027061,0.0
3027062,421.8530139419888
3027063,8.794613935584952
3027064,1157.2846273051655
3027065,750.3093254137735
3027066,246.57877855598258
3027067,115.92408639600094
3027068,58.965205901064
3027069,3129.2208273078727
3027070,6.196467848090853
3027071,0.40350993677187924
3027072,13.206075786125929
3027073,14.55953573166175
3027074,0.03489630348614261
3027075,155.5442734505419
3027076,0.8280790295515301
3027077,2.4444220957591347
3027078,1.6912646682319963
3027079,39.53556954720188
3027080,2.463475211675945
3027081,129.59643980066323
3027082,242.04651752301862
3027083,3.395774212677087
3027084,5.381644975680874
3027085,179.3157131366857
3027086,70.85118156816101
3027087,927.5235745895048
3027088,0.2737970832361212
3027089,1.0869601172831636
3027090,12.760325152710486
3027091,0.1660813203480238
3027092,12.436745028279617
3027093,8218.588004247047
3027094,0.42688490657219647
3027095,1354.3190637938558
3027096,31.345076885795386
3027097,2396.5129960639947
3027098,2192.433103791919
3027099,606.5731121726898
3027100,479.878169200695
3027101,319.8578519486762
3027102,9300.14358314295
3027103,70.67499714693602
3027104,3.0099717565934805
3027105,64.50732553376467
3027106,74.7660097382349
3027107,1.20164869983916
3027108,509.88324334334646
3027109,27.26961664754583
3027110,31.48984917830687
3027111,31.275940496412517
3027112,156.56190653055063
3027113,14.050775328805113
3027114,1061.4968064978593
3027115,591.6190721585517
3027116,29.11103546913006
3027117,45.85981005288024
3027118,1092.5028649447393
3027119,437.35195434275124
3027120,12551.936446636102
3027121,337.5022387481943
3027122,75.63710250451923
3027123,11.340036300709352
3027124,0.1290708275788952
3027125,10.591519976413561
3027126,6865.679146689317
3027127,0.3066186897949623
3027128,1183.4193419412277
3027129,26.71853550695778
3027130,2211.3127513075992
3027131,2106.1754665187805
3027132,581.637883219223
3027133,407.2532713271315
3027134,270.193011491982
3027135,8539.972748202625
3027136,61.43851481895959
3027137,1.5538289946870791
3027138,47.46269003913594
3027139,58.1286565854935
3027140,0.8255814603474465
3027141,575.7161496159099
3027142,20.73732873791989
3027143,37.25370816469708
3027144,15.866840540022523
3027145,137.79564152876705
3027146,11.35975352099374
3027147,1056.9441245842652
3027148,611.6646136685811
3027149,25.78556228085043
3027150,40.88788905796247
3027151,1116.9425771787642
3027152,365.78456478059815
3027153,10194.550868818653
3027154,318.14048285946586
3027155,65.63897192163341
3027156,9.568031046345848
3027157,0.0
3027158,10.109199546214535
3027159,5017.7844765950495
3027160,0.019436606208145375
3027161,902.98682817052
3027162,20.2078980701621
3027163,1623.071009395751
3027164,1354.1692924889371
3027165,503.9404043225744
3027166,190.23247805287
3027167,140.15007361075115
3027168,7181.308626569492
3027169,40.668640735182315
3027170,0.8023064505198771
3027171,32.40179064466149
3027172,40.23455334146111
3027173,0.37167509723680653
3027174,432.96811286297907
3027175,20.940581749433093
3027176,27.727527490698655
3027177,8.078943926972476
3027178,74.50057289399645
3027179,7.179696927248717
3027180,962.5414780635837
3027181,563.8674867696823
3027182,19.258001951868543
3027183,23.406642596927075
3027184,672.8729402986767
3027185,173.96596129126183
3027186,3807.3054758619082
3027187,234.8653430164865
3027188,31.554676293431875
3027189,10.81255366509259
3027190,0.05456024890330658
3027191,11.975384497563747
3027192,5934.0652311036965
3027193,0.1865530415589179
3027194,981.4610023892269
3027195,24.05307251083517
3027196,1934.8620537538975
3027197,1702.0688682244092
3027198,600.1219351866837
3027199,248.63888140290933
3027200,184.8345572909118
3027201,7851.51656399015
3027202,52.15720244634354
3027203,1.4379382569827448
3027204,40.28568587143665
3027205,54.519156560973606
3027206,0.6810716144333657
3027207,535.3985235547448
3027208,19.12998926216716
3027209,23.320870994973305
3027210,8.952600859323091
3027211,91.30403637306298
3027212,9.795931713181758
3027213,992.9594992145802
3027214,658.8301441030641
3027215,23.369704885611913
3027216,29.04652969936882
3027217,946.5784255103788
3027218,252.45938452245377
3027219,6211.050070173158
3027220,280.2350077264782
3027221,46.031208628289534
3027222,8.223901549919871
3027223,0.0
3027224,10.058975956887487
3027225,4127.442226086269
3027226,0.05594679917627839
3027227,724.4569841679202
3027228,15.674706418159435
3027229,1345.5765153807297
3027230,1103.7219123655727
3027231,462.7387957882735
3027232,132.05843432454225
3027233,122.160445386501
3027234,5934.099148466363
3027235,35.136801560837895
3027236,0.5225844571206986
3027237,30.89352691749527
3027238,32.645207878875794
3027239,0.18587519543350217
3027240,314.32297103532744
3027241,18.054577534859884
3027242,12.540586210310986
3027243,6.549124452102587
3027244,79.47710250888836
3027245,4.917874241353397
3027246,782.9917131736225
3027247,553.1138274904208
3027248,16.538211900955528
3027249,22.485697275633253
3027250,598.6136748813367
3027251,116.27507109140784
3027252,2879.7811794325467
3027253,197.24557754633747
3027254,21.84987865449484
3027255,9.302928936006888
3027256,0.05313185056034251
3027257,9.58438069819355
3027258,5745.558297292762
3027259,0.5271313618972389
3027260,1066.3404438113166
3027261,24.01403644276965
3027262,1734.9954858144038
3027263,1624.176134478522
3027264,457.1914420456274
3027265,388.17465905851
3027266,228.43514224555008
3027267,7316.557232678339
3027268,59.2425519273147
3027269,1.31340305583534
3027270,48.68024385806435
3027271,51.14183046817049
3027272,0.7915927751667218
3027273,475.6106895211083
3027274,18.83238828406026
3027275,37.94431202634598
3027276,12.075900338107294
3027277,107.65807928475932
3027278,10.621881152626266
3027279,948.4933108898057
3027280,505.1977432519142
3027281,24.282791702086254
3027282,33.60711772594597
3027283,844.6815400867654
3027284,294.1346215342429
3027285,9557.28856251955
3027286,282.678649557007
3027287,56.537130584074696
3027288,5.016873401414918
3027289,0.40252863187484567
3027290,4.572367812289602
3027291,2001.7518012557039
3027292,0.4662153470848999
3027293,357.3097485730593
3027294,16.349001558799074
3027295,762.9596614151569
3027296,515.8688580361238
3027297,196.23102751464222
3027298,140.07537628758317
3027299,101.1730531346255
3027300,2784.6795048381905
3027301,14.196303647500777
3027302,1.2818367720272006
3027303,16.223652638987648
3027304,16.802080098964403
3027305,0.4777590563758601
3027306,164.6909131806453
3027307,9.34436807096482
3027308,10.354536776287775
3027309,8.171315283968372
3027310,38.657675976990944
3027311,5.259408424291956
3027312,267.56861248217086
3027313,226.19052430414345
3027314,3.442640237744267
3027315,6.206451167234723
3027316,234.29872966079512
3027317,71.42337280158534
3027318,1914.0274743570242
3027319,0.19421432540661224
3027320,9.497521117585181
3027321,7.882010903461667
3027322,0.0
3027323,9.687304073020258
3027324,3783.0406451758486
3027325,0.10051743626937856
3027326,689.9711577763421
3027327,21.959056729408786
3027328,1330.354827185322
3027329,914.512241731943
3027330,425.23707993683223
3027331,120.08738099299117
3027332,106.0952560161326
3027333,5373.3357775812765
3027334,43.414713737930654
3027335,0.9575498806240148
3027336,42.12520070165426
3027337,45.831206805015626
3027338,0.4100024440649981
3027339,334.1657898343645
3027340,12.53089813185749
3027341,11.783948656596943
3027342,3.1016710947709445
3027343,64.43575402459318
3027344,7.519698212235156
3027345,729.2421972917517
3027346,456.3199890615326
3027347,14.115445291041816
3027348,21.1253418289401
3027349,400.50486360089945
3027350,110.45949746271332
3027351,3104.4320305106485
3027352,212.17949634830632
3027353,16.101355608449175
3027354,5.392534821178353
3027355,0.0
3027356,5.129916927655681
3027357,3743.6751112119236
3027358,0.0
3027359,767.0489928387929
3027360,12.27475471472448
3027361,1176.120882284359
3027362,1213.9204238159343
3027363,268.9114592878827
3027364,281.56341718160235
3027365,157.85910475122876
3027366,4350.623089452847
3027367,21.136682501645186
3027368,1.3893752035412992
3027369,26.71503753102893
3027370,28.945598244006966
3027371,0.8616580219939223
3027372,257.5774595013542
3027373,5.017780711565754
3027374,39.50401016743733
3027375,4.3323639875746105
3027376,95.8143080928221
3027377,6.893197997508844
3027378,490.9993186427257
3027379,296.704232937901
3027380,11.686507903369163
3027381,14.1651212865785
3027382,593.9157745704496
3027383,123.43574077874082
3027384,6380.982086303098
3027385,2.4346060849427826
3027386,35.335511757719495
3027387,7.547276706355662
3027388,0.4976173065488475
3027389,5.304159031921589
3027390,4652.79394927474
3027391,0.19056508375698716
3027392,971.7789251328835
3027393,15.684214467067683
3027394,1383.581196457866
3027395,1181.1214422760286
3027396,407.59657257296686
3027397,187.61105791748497
3027398,169.6044805536162
3027399,5978.3013190342745
3027400,26.588766784768108
3027401,2.936649217302777
3027402,29.89869721424843
3027403,42.907317885221275
3027404,0.6876483555481214
3027405,364.751339231792
3027406,10.481310430840999
3027407,64.61070560931918
3027408,6.5974875148634835
3027409,106.64470935745776
3027410,8.19874966160504
3027411,292.17711466303143
3027412,478.67479790761774
3027413,14.331443111174524
3027414,17.125246792578775
3027415,213.2132304657037
3027416,155.57810291607112
3027417,6300.61224235236
3027418,3.638152839213385
3027419,9.22853532385081
3027420,5.86850672692571
3027421,0.4764869988677303
3027422,5.2460061652996
3027423,2186.039766522103
3027424,0.3482846872681991
3027425,425.4033270292214
3027426,9.018828955516238
3027427,799.9312767514914
3027428,534.325718087065
3027429,218.2308388893319
3027430,102.51279451620127
3027431,76.0774819057023
3027432,2749.23115719607
3027433,11.795871907139105
3027434,1.610903690194593
3027435,13.3361812516837
3027436,22.276062535156512
3027437,0.6845186270821939
3027438,163.60752521550756
3027439,4.748133375488401
3027440,15.592693478076612
3027441,3.6783549169758096
3027442,86.39909639184711
3027443,4.0829775065788345
3027444,156.26530146217965
3027445,224.4438808539909
3027446,4.294823763287225
3027447,7.01161215408457
3027448,155.6964920118854
3027449,66.151861094805
3027450,2568.6686131637466
3027451,0.6790193200574353
3027452,6.466668314397616
3027453,4.0274350854861485
3027454,0.0
3027455,0.4082838681907729
3027456,1851.7697879886675
3027457,0.0
3027458,154.13743856626922
3027459,3.553162914063181
3027460,920.2172589483345
3027461,280.1355967537775
3027462,157.2167712037886
3027463,65.21110748203219
3027464,23.016901108985984
3027465,2343.628883327698
3027466,4.583910905454239
3027467,0.49003764911352177
3027468,8.467142180675076
3027469,6.527080191906518
3027470,0.0
3027471,136.01375631964902
3027472,0.1633560252965376
3027473,0.0
3027474,1.582351381309687
3027475,17.45074638581923
3027476,0.9343885718243108
3027477,46.92764611448155
3027478,144.14089397540113
3027479,0.585861967640783
3027480,2.2894373209276675
3027481,49.45800585574777
3027482,47.730118587116614
3027483,584.1132966650687
3027484,0.0
3027485,0.8311753989694417
3027486,4.602018763214137
3027487,0.13082023839264087
3027488,3.4180814894054157
3027489,3189.961528168827
3027490,0.0814843309999933
3027491,585.5771775034443
3027492,13.72339758461386
3027493,967.1710957227757
3027494,852.3935056559824
3027495,305.34851772132976
3027496,198.50720056185887
3027497,110.44216367410118
3027498,3971.1860760976165
3027499,24.60871197178737
3027500,1.5493857093973973
3027501,23.702730259735734
3027502,27.609908210538777
3027503,0.44847514687215667
3027504,255.0556645841209
3027505,16.54437698868867
3027506,17.270800722680377
3027507,9.885099574599613
3027508,64.79980859267866
3027509,5.3108017418367055
3027510,327.9436170129783
3027511,294.75306517370456
3027512,7.812392551002512
3027513,10.570064351772874
3027514,466.8643996197176
3027515,133.683390616084
3027516,3989.0108532499435
3027517,0.21308183530024039
3027518,26.940978468088485
3027519,4.452057763456856
3027520,0.03104246886761076
3027521,4.052376944374262
3027522,3889.2664735623266
3027523,0.2502531921187124
3027524,684.8688985485549
3027525,17.98273057034079
3027526,1053.3301818223053
3027527,1040.0679122551905
3027528,282.1197205600977
3027529,246.18208701102702
3027530,140.3483854495757
3027531,4874.831276795595
3027532,29.420311904666036
3027533,1.5984158279094949
3027534,26.036911198679185
3027535,27.520748705420793
3027536,0.3634518433734504
3027537,243.18703950173628
3027538,18.947121756031052
3027539,31.513283100619944
3027540,8.444952151882301
3027541,68.11251742587437
3027542,7.830119141037251
3027543,469.3028858499155
3027544,285.902538019392
3027545,8.970566145192057
3027546,12.596764836062633
3027547,544.9580550952629
3027548,174.81880849006586
3027549,7112.586838409585
3027550,0.3835940709647691
3027551,37.613880196658336
3027552,5.231835542041852
3027553,0.13825507081006064
3027554,8.09580800554456
3027555,4582.847794592654
3027556,0.2661455721243191
3027557,783.1860598093872
3027558,18.170437859961204
3027559,1179.5279836742754
3027560,1240.5564038118637
3027561,314.91994176441204
3027562,273.383602176625
3027563,192.79382823958346
3027564,5026.660859546549
3027565,32.5797559003824
3027566,1.8015850455473306
3027567,38.510965681261524
3027568,37.484894200665266
3027569,0.6201839283621788
3027570,346.29258413382536
3027571,29.83140808852527
3027572,31.770325273152643
3027573,11.762250251705932
3027574,130.8764880344432
3027575,8.245755754561669
3027576,561.2647744557885
3027577,357.6039034723448
3027578,12.478898061239633
3027579,16.80011426649468
3027580,655.7078730248084
3027581,207.44461029930594
3027582,7506.416334816835
3027583,0.3733352205679245
3027584,49.01588292965016
3027585,8.384544391843459
3027586,0.17042587737321852
3027587,5.200787989990154
3027588,3585.2264327988787
3027589,0.022425352265228772
3027590,468.8995887968645
3027591,13.072447421946821
3027592,1328.3302790871417
3027593,949.8036363821652
3027594,423.3484574404239
3027595,131.7034654725095
3027596,86.19774972285424
3027597,5159.726032948779
3027598,9.52139736850221
3027599,0.8567707974309837
3027600,26.707682882842665
3027601,29.15985300474623
3027602,0.1727841484961563
3027603,370.4583982180903
3027604,12.699422319821744
3027605,5.4993534654760365
3027606,9.493229254352876
3027607,32.62319844633746
3027608,3.623255566668943
3027609,361.2744656533391
3027610,347.8519175914531
3027611,6.046343098123663
3027612,10.748085541286882
3027613,393.6806040820294
3027614,87.19216266662197
3027615,1119.2812206747406
3027616,30.114918935835288
3027617,11.485352960688942
3027618,1.8643315833293088
3027619,0.6812919329294287
3027620,4.490524089042481
3027621,3648.3947412884177
3027622,1.3110363436204024
3027623,324.0813261703175
3027624,6.774783274257669
3027625,485.25707848446586
3027626,524.3843258758876
3027627,120.47427493666754
3027628,9.572523108692462
3027629,88.48246177014698
3027630,2692.52672364594
3027631,6.937628098991301
3027632,0.9414926035696827
3027633,19.633713393320143
3027634,21.539028987488912
3027635,0.07466348742716201
3027636,123.17211983659354
3027637,5.903133693949772
3027638,5.049972819893839
3027639,2.4022317133743845
3027640,50.119638692995466
3027641,2.9572293465209674
3027642,17.908782538737206
3027643,148.09870506011353
3027644,3.168182412834126
3027645,3.6814331755469825
3027646,42.45663165796213
3027647,13.600496387557124
3027648,1094.9253976005912
3027649,0.3834520782077827
3027650,6.909202161272993
3027651,0.9719992370203769
3027652,0.12302016332114935
3027653,0.45550876749798175
3027654,2571.8607728230627
3027655,0.23470700534773964
3027656,101.8469784695546
3027657,1.622446150083225
3027658,415.0651722405232
3027659,277.390811810113
3027660,166.33605541333424
3027661,39.17298609920969
3027662,29.685583209963752
3027663,2266.0582273297946
3027664,0.8277163010768722
3027665,0.0
3027666,14.039093880429382
3027667,13.725163402174298
3027668,0.0
3027669,143.63811124987006
3027670,1.7401875032983503
3027671,0.0
3027672,0.09252012874662996
3027673,2.054489837437064
3027674,0.13771186506964717
3027675,208.1935532354323
3027676,157.92649922763795
3027677,0.516614980317645
3027678,1.372514096138977
3027679,13.345517519822517
3027680,2.778845218834514
3027681,198.36673794909868
3027682,9.966651996656628
3027683,0.8570649449690906
3027684,2.745314175792955
3027685,1.0153623118888064
3027686,6.308743710559652
3027687,6056.165066038233
3027688,1.2059241385411843
3027689,356.13056383021774
3027690,4.381437933235904
3027691,1160.9559310520374
3027692,542.4743893585805
3027693,321.62887605165594
3027694,105.71166817229059
3027695,61.325798943514236
3027696,4839.062942415398
3027697,2.8342246973747844
3027698,0.5518806587414153
3027699,27.547998602375788
3027700,7.422922290172663
3027701,0.0
3027702,295.62177305049664
3027703,2.5244681297956935
3027704,0.7389459002328325
3027705,1.738603092759809
3027706,6.962465025748681
3027707,1.4220921384642384
3027708,536.813470286088
3027709,380.9324703147968
3027710,1.0598887363383969
3027711,3.0714152761562303
3027712,150.19612287432005
3027713,6.3930707212543645
3027714,526.116393599895
3027715,115.7998034165644
3027716,1.9686696905452559
3027717,1.8511586059519671
3027718,0.41987749819075393
3027719,0.5384851435853863
3027720,2125.882107555396
3027721,0.617517651824647
3027722,137.79744877536587
3027723,2.5408498722090593
3027724,492.29759266986747
3027725,321.80319538970997
3027726,156.68970505542237
3027727,46.13610254406954
3027728,1.2555273953243957
3027729,2447.8011586357816
3027730,1.291082826493029
3027731,0.2522999819415084
3027732,5.625457850255328
3027733,4.81143625073482
3027734,0.0
3027735,170.59346578771908
3027736,1.2093866706745637
3027737,0.0
3027738,2.7504129930637853
3027739,4.862737573790913
3027740,0.5887329799259517
3027741,182.32101836404308
3027742,175.10740266547626
3027743,0.7617303623227265
3027744,1.8926933930129146
3027745,13.70002120097855
3027746,4.082582528106848
3027747,205.254811079008
3027748,0.31853389012122857
3027749,0.9199439322214962
3027750,2.0047009078734153
3027751,0.48706973205599213
3027752,0.6189179172004784
3027753,2078.135399984004
3027754,0.6356905403784563
3027755,139.10318008121013
3027756,2.5806314906914527
3027757,519.8708397335361
3027758,333.5469018282547
3027759,138.8921058889888
3027760,46.98938434259369
3027761,34.830462194771926
3027762,2461.086653430518
3027763,1.3168232521548062
3027764,0.26636963242234746
3027765,5.699895187612869
3027766,4.876728016301048
3027767,0.0
3027768,160.1944313266783
3027769,1.4084529391613287
3027770,0.0
3027771,0.6641000362404028
3027772,4.897715429830615
3027773,0.5982115678309952
3027774,181.9878306062931
3027775,160.96283161149856
3027776,0.7722410751456192
3027777,1.8732220338948857
3027778,12.380518476627977
3027779,4.112905877521766
3027780,205.1826585579306
3027781,19.434484367325215
3027782,0.93139856781115
3027783,0.5175506249611168
3027784,0.0
3027785,1.5865044593460285
3027786,1259.2680450982227
3027787,0.0
3027788,106.34934841959523
3027789,1.3494279526838167
3027790,467.31809189931454
3027791,261.20551669348515
3027792,117.64228966822803
3027793,46.002481257094686
3027794,0.6338483147489473
3027795,1833.921297536754
3027796,0.2929621565512706
3027797,0.0
3027798,16.028406854482654
3027799,12.27962842131337
3027800,0.0
3027801,133.34664716135075
3027802,0.01006411793974335
3027803,0.0
3027804,0.09682459082560495
3027805,2.4689991548521726
3027806,0.09999227097536703
3027807,157.04684799989099
3027808,164.5317063681051
3027809,0.1317439255908753
3027810,0.8114398095769078
3027811,6.191149089077979
3027812,2.4923193841142637
3027813,200.87321846216273
3027814,10.297906379441178
3027815,0.22044991744839432
3027816,1.3791197983015895
3027817,0.394766257823855
3027818,3.570088613375611
3027819,3310.5578972358617
3027820,0.43962351409170425
3027821,114.291794452306
3027822,1.8685965910017228
3027823,548.4274718888553
3027824,351.80917755365914
3027825,179.03725848032948
3027826,65.9257509041405
3027827,41.89667666625191
3027828,2667.3731346859404
3027829,1.2252658422030906
3027830,0.2229226978626484
3027831,22.366239510470184
3027832,18.388135210839472
3027833,0.0
3027834,171.97509094916296
3027835,1.429380285337333
3027836,0.0
3027837,3.490152249832546
3027838,20.735797130925878
3027839,0.4115615626059607
3027840,188.73342849887015
3027841,187.5146537212021
3027842,0.4867301924562891
3027843,1.4976435159367836
3027844,9.64120134945413
3027845,27.703780975395308
3027846,312.18037786401504
3027847,24.07063378605719
3027848,0.9640422922249996
3027849,2.3722698119458436
3027850,0.693918528121555
3027851,4.528163179424925
3027852,4334.159697774828
3027853,0.626212489507062
3027854,193.08431309564344
3027855,3.4451236770993097
3027856,865.2440404222783
3027857,498.6415401594318
3027858,245.04453790353784
3027859,145.11607659080224
3027860,54.22125577631917
3027861,3614.5157729476086
3027862,1.8054846161199105
3027863,0.21096857352639822
3027864,7.769821798599789
3027865,27.15419615199796
3027866,0.0
3027867,238.46175108518696
3027868,0.4216970565221138
3027869,0.09831361803881238
3027870,0.9459487721487652
3027871,4.975286657813785
3027872,0.88859165601022
3027873,186.27536136459318
3027874,215.73946950531476
3027875,0.7854487272230808
3027876,1.9700855659196441
3027877,11.091351041004907
3027878,5.083583659631591
3027879,29.089146196279327
3027880,0.3393825305843723
3027881,0.8076587054373492
3027882,1.8221964940923723
3027883,0.4547078391979673
3027884,4.4633545430160355
3027885,4758.207641822244
3027886,0.6806279221503788
3027887,218.38817470028184
3027888,2.5963251450037617
3027889,721.3466906327913
3027890,454.7676939026131
3027891,243.59784671975268
3027892,97.43567111560094
3027893,63.0764105184289
3027894,3526.712229655184
3027895,2.0061748417095426
3027896,0.11663718113124076
3027897,6.677547936768747
3027898,23.894766130500226
3027899,0.0
3027900,181.83617997610165
3027901,1.1255006509948648
3027902,0.0
3027903,9.203497847582986
3027904,4.786289987019897
3027905,0.7255857841342168
3027906,296.00341797297136
3027907,213.78900904428878
3027908,1.1226907900442957
3027909,2.3680271808551034
3027910,142.85459669482353
3027911,5.740111985874204
3027912,378.5979668141472
3027913,36.52679820579717
3027914,2.151528306288143
3027915,0.0
3027916,0.0
3027917,1.583168447784678
3027918,1255.216582395156
3027919,0.0
3027920,137.94511571738167
3027921,0.0703509310559072
3027922,182.38994698400427
3027923,205.91655032394465
3027924,96.87263271469908
3027925,41.87769957157214
3027926,23.97999686688823
3027927,1164.3337733145456
3027928,0.009548912771537547
3027929,0.0
3027930,1.684799513499145
3027931,10.669096169223696
3027932,0.0
3027933,97.57043280327922
3027934,0.16553919261523312
3027935,0.0
3027936,1.527952934535746
3027937,15.665362281821963
3027938,0.0
3027939,104.87735802791505
3027940,74.2275321324419
3027941,0.0
3027942,0.030509334962494947
3027943,48.88738020083298
3027944,0.12684412298519246
3027945,206.95004216613265
3027946,34.22611696635465
3027947,0.008676992019649226
3027948,1.2400021891250579
3027949,0.09614810128851677
3027950,0.2341084831983799
3027951,2578.1287555119625
3027952,0.1624446481162632
3027953,156.67090344062194
3027954,1.5296633297875073
3027955,497.4553305187124
3027956,368.9586863808612
3027957,182.2342655917385
3027958,50.03497642279276
3027959,0.2657213414732983
3027960,2506.627006333238
3027961,0.9289285067591873
3027962,0.0
3027963,15.69145574662338
3027964,3.1757721047149294
3027965,0.0
3027966,193.1751904960543
3027967,0.6158053300733835
3027968,0.0
3027969,0.013192349725260163
3027970,20.26733808008327
3027971,0.06631806255127105
3027972,156.08058984228467
3027973,146.13547561027184
3027974,0.21722015791193028
3027975,0.8470325529431864
3027976,3.8800501417256
3027977,1.4012878398668072
3027978,190.7444984187418
3027979,16.29665964831842
3027980,0.27391703938724715
3027981,2.237483977602216
3027982,0.8247362531854314
3027983,5.672934032581407
3027984,4183.84579738327
3027985,1.5569301087494907
3027986,404.19747034046577
3027987,7.3149637991651915
3027988,587.0863291140174
3027989,658.1836026805152
3027990,191.1566874368914
3027991,10.706417096201408
3027992,8.250662936795461
3027993,3320.806983058858
3027994,7.26766038788387
3027995,0.84940784314262
3027996,8.197930318402129
3027997,22.727407425422417
3027998,0.11934606087626895
3027999,152.36991879084627
3028000,6.515061871953221
3028001,4.844675224850879
3028002,9.523794390654091
3028003,48.28342740475191
3028004,2.840287818913134
3028005,18.98816632962231
3028006,289.81961484771335
3028007,3.4699252635122253
3028008,4.020331249513014
3028009,46.182752836381596
3028010,14.852393203520938
3028011,1181.2040884550293
3028012,0.5020740213098571
3028013,7.587364378480208
3028014,0.9990899188042106
3028015,0.1396209389330655
3028016,3.8270616870874283
3028017,2501.9394757572104
3028018,0.173975022853941
3028019,210.781951239196
3028020,1.6971691466809369
3028021,540.4006915275767
3028022,410.2725189996579
3028023,227.49409293125518
3028024,71.17506251185479
3028025,0.28936221498543024
3028026,2507.923960097373
3028027,0.5311010765128081
3028028,0.0
3028029,4.689542799170303
3028030,3.9905102440477114
3028031,0.0
3028032,177.46204037917255
3028033,0.7292419553147778
3028034,0.35732140126592427
3028035,3.1828596066811743
3028036,20.363796538404635
3028037,0.2921590087801779
3028038,268.12220967453544
3028039,176.29082057231048
3028040,0.5899027045197496
3028041,1.024974316036841
3028042,4.58620596090096
3028043,1.9231117884156208
3028044,381.3677730180161
3028045,100.98082706155523
3028046,0.7439137088624757
3028047,1.7955714481968812
3028048,0.603713622769624
3028049,7.193670750430508
3028050,3444.66439499394
3028051,0.39888167462035856
3028052,290.86454320455215
3028053,2.268493859131813
3028054,719.3202504009214
3028055,605.0354589470292
3028056,310.4420415702617
3028057,112.50330768951243
3028058,71.05172969450658
3028059,3483.9698592158975
3028060,1.0124136908731578
3028061,0.16708928951698196
3028062,35.72197121184795
3028063,34.95542596140526
3028064,0.0
3028065,303.69437947750095
3028066,1.3097061057252373
3028067,0.9868388398568126
3028068,0.6800108238655067
3028069,32.33924584040224
3028070,0.6700740563689038
3028071,252.4079599737761
3028072,257.4144894043826
3028073,1.0779913561354388
3028074,1.6140929824427634
3028075,4.871882663826588
3028076,2.7701258117694985
3028077,608.5140179988246
3028078,0.40830433167868646
3028079,0.823166846486229
3028080,0.47734347129037746
3028081,0.0
3028082,0.08043222910498828
3028083,1805.50013156941
3028084,0.0
3028085,118.13618342593128
3028086,1.1049387859594377
3028087,369.98307525391044
3028088,301.8800302954241
3028089,135.08440666036367
3028090,54.928583128766654
3028091,33.566841765485385
3028092,1939.623879999737
3028093,0.017504163511492712
3028094,0.0
3028095,13.886472743841656
3028096,20.08148775916418
3028097,0.0
3028098,161.55833019438407
3028099,0.04604590987950882
3028100,0.0
3028101,0.0
3028102,17.006830558557727
3028103,0.0
3028104,150.93823107978017
3028105,132.9209049236505
3028106,0.160942370122777
3028107,0.516383503704188
3028108,1.6377748283319074
3028109,0.9586473293838584
3028110,271.75169897888486
3028111,31.510602781261923
3028112,0.041326315227361736
3028113,0.963027687342856
3028114,0.18639545970932309
3028115,0.6965671975947829
3028116,2286.6127930472203
3028117,0.5264724946555777
3028118,265.59860156925566
3028119,3.249555724917106
3028120,398.4776267410738
3028121,448.4000447661489
3028122,145.1867972770198
3028123,1.6738809101704155
3028124,61.73802860525135
3028125,2226.3869051103916
3028126,2.9177414593434263
3028127,0.0
3028128,4.452099295519634
3028129,16.427699066652423
3028130,0.0
3028131,118.6665211695031
3028132,2.7945836222354483
3028133,0.756264933802985
3028134,8.212467727240746
3028135,31.977649840856827
3028136,1.1181347078890993
3028137,12.073553164027379
3028138,180.4218024782731
3028139,1.1694597960368678
3028140,1.62498994936777
3028141,11.83308023891854
3028142,3.11648539033886
3028143,35.65638800544333
3028144,0.3601973067482025
3028145,3.685419598257085
3028146,0.6218184945332179
3028147,0.14211125608027372
3028148,5.504980228282439
3028149,3031.151750242934
3028150,0.5740105624654721
3028151,367.47079344111154
3028152,3.4064204042010333
3028153,530.8589443737792
3028154,657.6132366802913
3028155,185.56544542941882
3028156,2.0766255095979127
3028157,78.97435034182607
3028158,2402.2917746446724
3028159,1.2766414865930305
3028160,0.37964854826022076
3028161,19.73344232297121
3028162,27.098672590013887
3028163,0.0
3028164,116.85061361923015
3028165,1.6012665075664532
3028166,5.499992514191611
3028167,0.8347747666319738
3028168,51.450909817469885
3028169,1.3369099433395468
3028170,4.994884399724601
3028171,197.77192614446673
3028172,1.770440283260557
3028173,2.1726178776121206
3028174,10.114347555744564
3028175,3.9337286496109263
3028176,1092.560106686611
3028177,0.18946951033022083
3028178,18.102796555114114
3028179,0.0
3028180,0.0
3028181,0.0
3028182,908.3562155776908
3028183,0.0
3028184,97.08203046271272
3028185,0.052110495235407464
3028186,120.27030096764808
3028187,160.8388652226726
3028188,38.99317895821273
3028189,26.029640408696583
3028190,0.0
3028191,677.0842308834194
3028192,0.0
3028193,0.0
3028194,6.125051359372291
3028195,6.9123030006033925
3028196,0.0
3028197,1.271127034856915
3028198,0.0
3028199,0.6680656749801546
3028200,0.0
3028201,14.078471291027114
3028202,0.0
3028203,27.519423187514164
3028204,43.53443799324244
3028205,0.0
3028206,0.0
3028207,38.24278391930154
3028208,0.24069040592400187
3028209,9.695014739682271
3028210,0.0
3028211,0.0
3028212,0.6823811202713694
3028213,0.0
3028214,2.7335027089951787
3028215,1900.7840628956747
3028216,0.014745864059858275
3028217,207.60803277005144
3028218,1.6494455029788764
3028219,300.3868472399715
3028220,319.78816703595555
3028221,77.93517241835842
3028222,0.7848143207125762
3028223,47.18562195399091
3028224,1744.7178668151912
3028225,0.4303921345274636
3028226,0.0
3028227,12.663409285194836
3028228,12.245436392871648
3028229,0.0
3028230,96.34582409220494
3028231,0.5286394654941038
3028232,0.6402090607603566
3028233,0.12383792974804787
3028234,28.52435549102718
3028235,0.15080931866007447
3028236,3.567036513197815
3028237,140.77286310400467
3028238,0.617226806180496
3028239,0.7657933618529422
3028240,6.00064260036253
3028241,1.1793679305289775
3028242,403.3573584166473
3028243,0.0
3028244,0.6939286101924362
3028245,0.7317977667034095
3028246,0.17402765662227257
3028247,0.8695350763623011
3028248,2907.7264904588237
3028249,0.5502803725656915
3028250,378.9045823842452
3028251,3.414597872098513
3028252,504.82370423724853
3028253,618.3947833085759
3028254,173.16429464380158
3028255,2.421095304709124
3028256,73.76545774400435
3028257,2309.3372062502867
3028258,1.4774794756343166
3028259,0.2737205907749775
3028260,3.96859928854221
3028261,20.036005147728066
3028262,0.0
3028263,130.90233884306454
3028264,0.9020117385355677
3028265,5.500021991168095
3028266,0.6186558187059878
3028267,45.23001831097268
3028268,0.8518845664766659
3028269,4.899200024772304
3028270,198.71213353145086
3028271,1.5665076909791193
3028272,1.681026269124263
3028273,10.581456134957085
3028274,3.976273990165658
3028275,862.8213147708166
3028276,0.15641897091498277
3028277,17.35303874640286
3028278,1.0877132406900563
3028279,0.0
3028280,0.09341390766276483
3028281,2630.55566952874
3028282,0.020355268691734766
3028283,266.71515507869196
3028284,11.607685645848601
3028285,617.5745647637431
3028286,518.0687660060473
3028287,243.44037958129505
3028288,105.19155251850782
3028289,0.20640533146846743
3028290,2517.809513921516
3028291,0.30812213185318443
3028292,0.0
3028293,17.171486570936786
3028294,16.203051634323735
3028295,0.0
3028296,165.38288707593247
3028297,0.0
3028298,0.31407013207508194
3028299,0.23382630426534126
3028300,34.17117235139804
3028301,0.07223467195894258
3028302,289.7618859908524
3028303,226.858017163885
3028304,0.6311348315100951
3028305,0.9524021841144259
3028306,5.673175424938821
3028307,1.8237939911841647
3028308,508.00276153351166
3028309,0.14301212891215104
3028310,0.38729571567384735
3028311,0.5874192660911424
3028312,0.0
3028313,0.13544151010696218
3028314,2347.352639857957
3028315,0.0
3028316,199.86950399530048
3028317,1.4744732606622049
3028318,490.25491982777476
3028319,431.48497050506205
3028320,174.04392557565083
3028321,68.6648230083331
3028322,44.71899909261305
3028323,2272.356260222325
3028324,0.3166169907216248
3028325,0.0
3028326,14.209115768112508
3028327,16.69347361901236
3028328,0.0
3028329,140.52992502866365
3028330,0.0
3028331,0.3230480473155717
3028332,0.0
3028333,24.80628846374812
3028334,0.15181219393357243
3028335,201.1342694171537
3028336,168.64951521978463
3028337,0.473692172233884
3028338,0.7748308484118795
3028339,4.189538044054125
3028340,1.6440550781701524
3028341,462.99000361287983
3028342,0.1046301545467299
3028343,0.3605775483839446
3028344,3.8466637387208493
3028345,1.7030964614070347
3028346,9.098514417828287
3028347,7433.823856479438
3028348,3.0855666870217897
3028349,700.0781318236856
3028350,13.484208351725076
3028351,1089.7790767706545
3028352,1103.9645968735354
3028353,330.18743125286807
3028354,19.14255390474803
3028355,164.1331077869455
3028356,5859.7527550098885
3028357,12.235902446286088
3028358,1.7812882100311622
3028359,12.54995275868259
3028360,31.910740311047476
3028361,0.6790522711409064
3028362,197.3989377758503
3028363,9.450026569609939
3028364,9.930318839563412
3028365,19.456620624719033
3028366,76.57249669786201
3028367,5.5524396577309245
3028368,26.075251069196938
3028369,413.2760238199861
3028370,5.3137287438812395
3028371,6.646634778516535
3028372,67.3004555526066
3028373,23.556940140335634
3028374,1843.0664805505596
3028375,1.1978271197677288
3028376,37.042904723686306
3028377,1.927146529444495
3028378,0.6766586894205406
3028379,0.6233204601412363
3028380,3568.7168007178807
3028381,0.8157567862821171
3028382,266.12952351738215
3028383,3.3365373992894716
3028384,752.1197467336727
3028385,572.7634135532651
3028386,191.28592280605935
3028387,177.49032736855696
3028388,71.08048407682918
3028389,3704.4580081843264
3028390,0.4731134656582103
3028391,0.15690604509732015
3028392,21.74903724187092
3028393,21.205655398174923
3028394,0.0
3028395,218.3417146525939
3028396,0.2850312970923261
3028397,0.0
3028398,0.45730124232107755
3028399,3.656346980798687
3028400,0.4295754214884632
3028401,206.3107498614373
3028402,180.77379968664232
3028403,0.8249457638529891
3028404,1.4423009846351418
3028405,5.711129498071711
3028406,2.177863234507407
3028407,313.59800575519256
3028408,0.18553806650776547
3028409,0.7416682071437073
3028410,1.6615268244002035
3028411,0.4003441345541181
3028412,0.6789459722683948
3028413,3212.116360931264
3028414,0.5285729692433774
3028415,298.556126599851
3028416,2.271739675373834
3028417,907.1492661265445
3028418,528.3848482850041
3028419,225.5991647195322
3028420,123.4288654339568
3028421,61.72076767649677
3028422,4114.064958529174
3028423,0.759798339755063
3028424,0.0034822683593750225
3028425,21.5806639572174
3028426,20.520120620231907
3028427,0.0
3028428,216.73720418094712
3028429,0.7829637630929565
3028430,0.17783586983126293
3028431,1.1848788877183858
3028432,28.76432273567492
3028433,0.4897919731996797
3028434,465.1919214821496
3028435,288.6510367622602
3028436,0.5896567844090757
3028437,1.422198589883045
3028438,5.792345545776609
3028439,2.120910995482785
3028440,357.10435075164645
3028441,0.38414926793174337
3028442,0.5171323851470793
3028443,0.5124568393304774
3028444,0.03395807618455998
3028445,0.0
3028446,1919.508926026116
3028447,0.060388893079332685
3028448,111.7434485928906
3028449,1.471106503345617
3028450,452.9635757086715
3028451,171.41200863249375
3028452,91.60733614371318
3028453,123.21828995163725
3028454,0.050068535454912584
3028455,2115.456526882419
3028456,0.00033528704008051245
3028457,0.0
3028458,3.5081916900725636
3028459,2.252963718389488
3028460,0.0
3028461,157.95647070756434
3028462,0.0
3028463,0.0
3028464,0.053852422221408555
3028465,2.412819024206148
3028466,0.02392830223996043
3028467,140.6801377147092
3028468,120.13165871859547
3028469,0.11083435608333815
3028470,0.5984221590110761
3028471,3.410305357635875
3028472,0.7086090662489564
3028473,9.71957619509963
3028474,0.0
3028475,0.019588169750445913
3028476,14.075183381037242
3028477,0.0
3028478,2.7832043710082286
3028479,3046.8366960404405
3028480,0.009213196483196295
3028481,245.8315571074893
3028482,18.459418143442292
3028483,861.1185147439794
3028484,504.51124209661543
3028485,213.67025262469372
3028486,212.29525598641825
3028487,96.65810920449702
3028488,4587.7699601528
3028489,5.798952057445542
3028490,0.0
3028491,65.47963284244538
3028492,49.70140638596915
3028493,0.0
3028494,382.1096607088087
3028495,0.0
3028496,0.0
3028497,25.112433745484317
3028498,90.11918943453239
3028499,2.727124288871939
3028500,350.15354668560263
3028501,482.2723104325967
3028502,5.090827079932299
3028503,5.588176061533868
3028504,199.64368686194095
3028505,48.205187429944644
3028506,1103.5595258810133
3028507,0.0
3028508,3.1103684738358
3028509,0.7180310269359451
3028510,0.011633803824420627
3028511,0.15141669035012628
3028512,2459.2316644037764
3028513,0.15944378413609017
3028514,172.4668545318007
3028515,1.4748439578344565
3028516,520.5286811109827
3028517,323.3453450111613
3028518,132.01750954154855
3028519,72.66066829286706
3028520,0.2203827388970773
3028521,2603.4663755885304
3028522,0.021119961245805376
3028523,0.0
3028524,4.890832618562071
3028525,25.244528321068707
3028526,0.0
3028527,206.17277613693244
3028528,0.28786199804062756
3028529,0.11405499648267478
3028530,0.28366659011314743
3028531,24.39465818006222
3028532,0.06952820630002463
3028533,234.77235696811553
3028534,198.90199056727658
3028535,0.17048172505515113
3028536,0.6449696685843258
3028537,3.205771161028319
3028538,1.040278895713719
3028539,11.792403196219524
3028540,0.050463641716278734
3028541,0.0
3028542,0.6432183673547891
3028543,0.0
3028544,2.1014796864185357
3028545,2539.0982283975886
3028546,0.0
3028547,90.14615379230708
3028548,1.2436003408607053
3028549,437.25941438764124
3028550,286.4466632807629
3028551,96.90772510258263
3028552,95.51434917503443
3028553,0.124650470821089
3028554,2537.253277796365
3028555,0.0
3028556,0.0
3028557,14.482728903568656
3028558,2.7498703040276604
3028559,0.0
3028560,166.3985844786173
3028561,0.0
3028562,0.0
3028563,0.0
3028564,22.50204661823329
3028565,0.0
3028566,216.53594054223683
3028567,148.47081224907163
3028568,0.0
3028569,0.4003226900065037
3028570,2.7375974778551715
3028571,0.7730165888991101
3028572,189.2480917870111
3028573,0.0
3028574,0.0
3028575,0.5806747030390822
3028576,0.0
3028577,0.10422091158509754
3028578,2561.155491439922
3028579,0.0004179809888707829
3028580,132.23401912670678
3028581,1.5248397325178407
3028582,463.9114510731621
3028583,451.8444046978296
3028584,170.43099778384945
3028585,70.52109578792889
3028586,47.52681217517394
3028587,2716.1593145983907
3028588,0.3223764654472959
3028589,0.0
3028590,15.418130251405568
3028591,14.507515302889356
3028592,0.0
3028593,142.69948037413496
3028594,0.03179205989645039
3028595,0.9368080976995605
3028596,0.0
3028597,30.449063380754836
3028598,0.11120537425041341
3028599,255.57714300095796
3028600,207.7336243586506
3028601,0.31321247587959017
3028602,0.7310835225074195
3028603,3.982139867060863
3028604,1.4220304981223788
3028605,366.4083069035254
3028606,0.034475522507472926
3028607,0.0
3028608,1.4471888465562381
3028609,0.42441677437591263
3028610,6.2693515343346755
3028611,2905.6965061891106
3028612,0.9042295143828785
3028613,366.8777755486695
3028614,4.769788029681256
3028615,527.0398942889399
3028616,580.8041057322536
3028617,150.63204446465696
3028618,3.2768699067531015
3028619,2.936960398926258
3028620,2990.476382761233
3028621,5.730539347579834
3028622,0.8695622484555823
3028623,7.709964801016223
3028624,21.608446457241946
3028625,0.0
3028626,182.7584838591535
3028627,3.958113693065637
3028628,6.468037191432528
3028629,0.8402115382100033
3028630,46.59442688197544
3028631,2.14536189190333
3028632,6.219490543065641
3028633,274.4590113338559
3028634,3.0301735585330745
3028635,3.6896336725712002
3028636,11.169298493852315
3028637,5.8244357150517345
3028638,874.674050618459
3028639,0.5550101465784558
3028640,3.959498339125396
3028641,1.938001388016855
3028642,0.3700401642445979
3028643,5.429406939408437
3028644,2326.5614568487094
3028645,0.8474142197572043
3028646,310.97078457536867
3028647,5.402268360799068
3028648,476.22021801957794
3028649,464.5604844023286
3028650,170.61118597761555
3028651,3.976988061301089
3028652,79.96870080324673
3028653,2737.711010691436
3028654,3.8303529627832136
3028655,1.0885435757924888
3028656,24.415699332579585
3028657,28.317248352169614
3028658,0.13712132932836343
3028659,171.32712161780412
3028660,4.132204386832483
3028661,5.716736971169234
3028662,2.533280800152726
3028663,40.69129643863689
3028664,2.484616139452635
3028665,7.983970454172759
3028666,268.1386254218489
3028667,2.6363017342243
3028668,3.596979294381997
3028669,11.099610293519948
3028670,6.112616621295575
3028671,690.2429244082621
3028672,0.8823492476168135
3028673,3.450189472940197
3028674,2.531674318081203
3028675,0.5065244453678786
3028676,5.278284033859967
3028677,3728.3508142021524
3028678,0.6841495327162401
3028679,344.14150872750594
3028680,3.2435602341513947
3028681,842.5751433764464
3028682,508.3998467972395
3028683,205.89306754139625
3028684,131.9709358684251
3028685,64.12295247806571
3028686,3857.7789461278085
3028687,3.2551433357323836
3028688,0.6931974384406532
3028689,6.973836688126286
3028690,25.16545891306247
3028691,0.0
3028692,198.69274523181284
3028693,1.9274014757267173
3028694,2.229320769969738
3028695,9.929493795487
3028696,36.3054581579895
3028697,1.2886844364085093
3028698,290.6908856301065
3028699,292.4253539897254
3028700,1.6849831316966366
3028701,2.7286052106487886
3028702,9.171910275991747
3028703,3.9372394647416256
3028704,446.5783952898549
3028705,25.258644515898702
3028706,2.1674971951728477
3028707,2.3579720063943808
3028708,0.8893488845368054
3028709,5.377053556153793
3028710,4289.289351135541
3028711,1.8018491276970878
3028712,399.106623860251
3028713,7.934397803675713
3028714,631.0005958430036
3028715,612.32163252027
3028716,205.00177837130505
3028717,12.46758804919501
3028718,93.18310566120135
3028719,3353.0146858405733
3028720,9.337469970627762
3028721,0.9010397286928975
3028722,8.540038299108586
3028723,17.64663100250407
3028724,0.2186140912636131
3028725,134.08471837037823
3028726,8.648253475160551
3028727,5.375705775159253
3028728,1.967899788884167
3028729,48.8147388601134
3028730,3.616436870865991
3028731,22.485991237485973
3028732,197.05872469464256
3028733,4.110974986335453
3028734,4.876427698847794
3028735,54.12869647778289
3028736,17.053649779806044
3028737,940.7717790930941
3028738,0.6511258982729884
3028739,30.792133180903914
3028740,1.7458829114037009
3028741,0.3750728291092255
3028742,3.556158537764012
3028743,4046.985076035129
3028744,0.7256117071304782
3028745,241.31999197521074
3028746,3.9922896641031533
3028747,1040.5846008313067
3028748,465.11867627007035
3028749,206.5754938661185
3028750,103.65614593308354
3028751,52.4353860997126
3028752,3752.510110499791
3028753,2.1262819892832403
3028754,0.7064843716424352
3028755,23.37728317037447
3028756,22.795009163233754
3028757,0.006980741154187462
3028758,234.04951741449824
3028759,0.7524420429769882
3028760,0.31452640806065724
3028761,1.3185973428605977
3028762,32.78086536027608
3028763,1.3693679298099233
3028764,208.73328661539642
3028765,276.0613082939588
3028766,1.6887266198327398
3028767,2.8894259934150694
3028768,9.461679629980916
3028769,4.245805717314204
3028770,360.53698486002736
3028771,0.4394643363097695
3028772,0.8594458860969589
3028773,1.9102406672518515
3028774,0.471022649409075
3028775,2.0013882091442174
3028776,2489.7230863399122
3028777,0.8445994146680178
3028778,320.93162364089267
3028779,5.561239030842662
3028780,594.2297137970182
3028781,521.3758045480375
3028782,184.85847579430404
3028783,3.9469158758603564
3028784,81.18117392800846
3028785,3073.275796986098
3028786,3.881159335720481
3028787,1.0791252575191979
3028788,9.3774567751301
3028789,23.35094458155543
3028790,0.1319934638056634
3028791,180.8233003946911
3028792,3.949047359762581
3028793,5.477031479625255
3028794,2.2159395931668797
3028795,44.928579415095776
3028796,2.556830478370853
3028797,7.486910271771096
3028798,268.4264849317156
3028799,2.9300450844809407
3028800,4.180605890832276
3028801,12.04205047180705
3028802,6.118171117568755
3028803,53.2232431048496
3028804,0.8613801975213093
3028805,2.9595427832901726
3028806,0.7523683419711142
3028807,0.1380441612026542
3028808,0.8454769217541174
3028809,2675.5750539004775
3028810,0.16566088979134905
3028811,339.75050816123047
3028812,2.2514279303730524
3028813,535.7951844809418
3028814,618.9275608009868
3028815,141.32201916919288
3028816,1.140130483245776
3028817,67.33101009650929
3028818,2362.3368010737554
3028819,1.6257029562556715
3028820,0.11914985114850045
3028821,4.137279782268782
3028822,3.2162448401671204
3028823,0.0
3028824,165.16866890262108
3028825,2.1558938318684824
3028826,3.508054731420785
3028827,5.995615996694995
3028828,39.20197843313098
3028829,1.3101682267789392
3028830,2.7256572615206647
3028831,231.14940818484894
3028832,1.5817877719790578
3028833,1.8260853913447717
3028834,5.486348360775513
3028835,2.529256673528304
3028836,627.1242698808175
3028837,0.38966861791819346
3028838,13.922479475460179
3028839,0.9975363394165873
3028840,0.0
3028841,0.08075361504338291
3028842,4009.8670418716492
3028843,0.10040875306549596
3028844,269.71149886588245
3028845,1.95451508447987
3028846,839.6144443228941
3028847,563.2028817422839
3028848,190.7135591241828
3028849,88.31919401552119
3028850,0.24612323957051785
3028851,3311.81760729539
3028852,0.1856201904673596
3028853,0.0
3028854,17.259866949030393
3028855,2.923439747894162
3028856,0.0
3028857,158.03318091392742
3028858,0.0
3028859,0.3481564946452425
3028860,0.0
3028861,31.157763189487312
3028862,0.42737910132480655
3028863,262.86720647611213
3028864,238.16389295245253
3028865,0.4509338423847246
3028866,0.9465748270242751
3028867,4.780110768365333
3028868,1.8099581579521726
3028869,19.273629108033926
3028870,0.1849603508473444
3028871,0.0
3028872,4.624574747713269
3028873,0.9961890937341602
3028874,12.374685757724869
3028875,8071.51868556216
3028876,2.270652063569273
3028877,1218.580965947353
3028878,9.17419629859397
3028879,1916.0120380929156
3028880,1825.7214981706736
3028881,695.9130319754273
3028882,7.348304105501121
3028883,225.72487344959163
3028884,13633.468841586335
3028885,7.033568428849049
3028886,1.4016319594351834
3028887,47.15468152165959
3028888,75.83193642731074
3028889,0.45911682348864546
3028890,386.23724896115266
3028891,32.98769789786805
3028892,4.462788837380185
3028893,46.95691582784032
3028894,151.82407790032562
3028895,3.9772180483116717
3028896,15.937616526569077
3028897,839.9640135852924
3028898,5.000009370076119
3028899,6.6496237315439455
3028900,31.140622913000875
3028901,12.878439586202598
3028902,2992.7276692652185
3028903,301.2748274181406
3028904,37.1650443483277
3028905,3.8694590882118387
3028906,0.7281948521041659
3028907,10.576819994067863
3028908,6816.983927586694
3028909,1.8445747264553813
3028910,1010.2918460037109
3028911,7.615236490648172
3028912,1713.5053100504426
3028913,1621.381950337297
3028914,674.2385570368157
3028915,6.323842415682435
3028916,4.816985807949666
3028917,10451.709381796525
3028918,5.795413454032608
3028919,0.43146705935813706
3028920,32.61327422221309
3028921,52.5001329303966
3028922,0.05184911297037237
3028923,303.6370488597899
3028924,25.985183390140207
3028925,2.762043879160527
3028926,25.51757356377636
3028927,146.8978437590612
3028928,2.4479655882424503
3028929,13.669757388599699
3028930,622.7366499374976
3028931,4.075834555921052
3028932,5.417098939307463
3028933,29.015407713392023
3028934,10.204557910611307
3028935,2612.5505625107658
3028936,311.53853992545464
3028937,30.908708512370293
3028938,3.838994294154192
3028939,0.7576146393052241
3028940,9.861391539006219
3028941,5435.396554284336
3028942,1.4656171343039834
3028943,837.6688806172303
3028944,6.432380229768204
3028945,1440.2602570714873
3028946,1408.1966776455884
3028947,631.4045319290212
3028948,4.392219393725585
3028949,135.05635222714096
3028950,8635.453805010422
3028951,6.100994615272482
3028952,0.2677068220865577
3028953,7.3212786589070245
3028954,43.977640831552755
3028955,0.0
3028956,255.62083222942448
3028957,23.8403488875842
3028958,1.986669697891228
3028959,16.693378492791318
3028960,116.2417081093873
3028961,1.9414567762909098
3028962,13.025804338574297
3028963,878.8233743450418
3028964,3.5697056004529806
3028965,4.651936073624604
3028966,25.99484960998258
3028967,7.456444673452873
3028968,1629.2485695677021
3028969,245.17376926729088
3028970,22.73654885909578
3028971,4.263074918451314
3028972,0.9116487770207364
3028973,10.914195033710541
3028974,6020.026907704716
3028975,1.6816993179214523
3028976,887.6246468873965
3028977,7.0837404621332976
3028978,1639.822785529086
3028979,1541.814855728847
3028980,687.271365423982
3028981,4.88220691638562
3028982,148.6877842310243
3028983,9398.401099584209
3028984,6.746257447865744
3028985,0.38290252905949795
3028986,30.818947321954727
3028987,48.483932839637944
3028988,0.008919756853594304
3028989,281.3315716991656
3028990,31.634465599276893
3028991,2.661457211065743
3028992,12.556461671020397
3028993,93.0929548499995
3028994,2.232811749686392
3028995,14.04586892957305
3028996,1013.1338031562966
3028997,3.9020498112937734
3028998,5.062988425427132
3028999,364.0636424620249
3029000,8.573173525430802
3029001,2001.7843946235494
3029002,307.36079986666795
3029003,29.692366361531786
3029004,3.4234190340830617
3029005,0.6066698114271472
3029006,9.077482706318575
3029007,5010.283688181397
3029008,1.211413937721129
3029009,758.5561869442023
3029010,5.932192572899324
3029011,1407.203727380154
3029012,1272.3287866102148
3029013,593.2073560287746
3029014,3.4043077446513506
3029015,124.35746365511281
3029016,8075.001235995613
3029017,5.71586565862703
3029018,0.0529177936516731
3029019,23.38133759392513
3029020,30.91774507857028
3029021,0.0
3029022,220.72998824828673
3029023,25.564548287941328
3029024,1.1890119941031094
3029025,7.0025258476142405
3029026,49.63453535512272
3029027,1.4251702436261517
3029028,13.967716973922045
3029029,867.7998138081432
3029030,3.263020584156739
3029031,4.272619710952783
3029032,25.72340220979374
3029033,5.884582601143076
3029034,1214.5476082065275
3029035,232.13898639506905
3029036,17.463370565760005
3029037,2.652693156050952
3029038,0.29635867028538254
3029039,7.930183476972603
3029040,5255.053829600791
3029041,1.2586568701635157
3029042,804.4399296354619
3029043,6.113746935528585
3029044,1425.6323118380217
3029045,1340.988685921811
3029046,488.160586214248
3029047,4.977108597009995
3029048,159.572551436005
3029049,8192.088849302085
3029050,4.941659083547412
3029051,0.09917292746209623
3029052,24.451329921771297
3029053,33.748272075893645
3029054,0.0
3029055,219.1984129097463
3029056,19.57278667530113
3029057,2.285188870110993
3029058,10.97121330484263
3029059,69.72691567872442
3029060,2.2115765094481614
3029061,11.168002485871835
3029062,602.4043504360486
3029063,3.210210561649724
3029064,4.322738050614223
3029065,26.705160989398514
3029066,9.874493553389552
3029067,1428.8417645890086
3029068,230.01506296906058
3029069,29.862600758011144
3029070,4.462577033771567
3029071,1.8694026009478626
3029072,5.1787876559341415
3029073,5251.901375756358
3029074,2.709904228585406
3029075,582.0282761856215
3029076,15.317071756955016
3029077,1003.6495726273857
3029078,808.7585388340923
3029079,289.5260219641718
3029080,19.76904495088035
3029081,14.725579064289091
3029082,4404.054746712329
3029083,12.309212332140843
3029084,2.1395420379897065
3029085,16.422257842746838
3029086,37.738066888601054
3029087,0.9888723494782983
3029088,22.787935897866124
3029089,9.247863799029538
3029090,5.483434358570944
3029091,7.912926722647994
3029092,63.34410550040266
3029093,5.813690956265521
3029094,25.97862678860467
3029095,331.44490293314465
3029096,4.635535880318212
3029097,6.781536557407849
3029098,53.75440331863379
3029099,23.421899208375226
3029100,1181.7189294147547
3029101,0.9785712939479936
3029102,21.322243463904673
3029103,3.9583750138203175
3029104,0.8457606821173789
3029105,3.011719125289922
3029106,4858.59625067673
3029107,1.6524017421413992
3029108,732.7708030096735
3029109,8.532845573525595
3029110,1439.6609556852843
3029111,1231.1250912862895
3029112,564.3872421730148
3029113,4.674387791105273
3029114,4.955763121342723
3029115,8352.973217680872
3029116,8.185340407943373
3029117,0.504241429472756
3029118,9.040900283309673
3029119,52.08516099843314
3029120,0.0
3029121,287.28623247060096
3029122,25.87251952100171
3029123,8.893584626929716
3029124,0.9335865876648113
3029125,80.1985871025754
3029126,2.4572834500933745
3029127,16.128280716688145
3029128,708.5102115806515
3029129,3.32708558728487
3029130,5.146324968370218
3029131,21.59662258044747
3029132,6.581153552389709
3029133,1521.0043443522889
3029134,269.1859724999204
3029135,19.62745032835528
3029136,1.513276346491189
3029137,0.09144206367683258
3029138,1.1518692308784546
3029139,5070.9407694694655
3029140,0.7412631793477888
3029141,745.0872808295818
3029142,4.134878357483907
3029143,1071.8280243289983
3029144,1271.788617881179
3029145,310.20497145616804
3029146,6.472180763112581
3029147,178.58226853760272
3029148,5758.651666768914
3029149,4.5446919037881
3029150,0.16640926581357218
3029151,25.610385290480913
3029152,28.36271347245249
3029153,0.0
3029154,9.43072600137329
3029155,0.5189225523967402
3029156,3.106562544949437
3029157,0.85817407075645
3029158,63.38530127009105
3029159,2.1904095947882785
3029160,9.854013549512379
3029161,426.1449678338687
3029162,2.9272909552105633
3029163,4.101224029800786
3029164,27.19349511941322
3029165,6.770348511494939
3029166,1429.7578021391653
3029167,1.1549357583066553
3029168,37.86608545733206
3029169,0.3497822448374864
3029170,0.0
3029171,0.12770447948767547
3029172,2665.7095900559725
3029173,0.0
3029174,307.6903653054595
3029175,0.7726070275947863
3029176,493.289895715823
3029177,527.8494324324225
3029178,194.55081495153027
3029179,0.16559263353811784
3029180,53.769703773379305
3029181,2938.4331716200822
3029182,0.2712863637620152
3029183,0.0
3029184,0.9854144934218856
3029185,10.452200601808087
3029186,0.0
3029187,120.25996050258469
3029188,0.07455546596633529
3029189,0.2634142311906464
3029190,0.0
3029191,20.705071432898926
3029192,0.08891959344586733
3029193,0.36667297508102065
3029194,219.43952662307285
3029195,0.1731125577054804
3029196,0.35624422845089126
3029197,0.21632928783874403
3029198,0.14337047095310343
3029199,307.27643410764364
3029200,0.0
3029201,6.207901136759724
3029202,1.076307891591108
3029203,0.22090133389575872
3029204,0.6232848225441463
3029205,2569.010005950203
3029206,0.18004465188912538
3029207,341.1825717080131
3029208,1.9785465564925175
3029209,581.1447822609622
3029210,537.8107039168274
3029211,177.85421152644724
3029212,0.740968734828299
3029213,0.519362323316696
3029214,2788.9912447907745
3029215,1.181535460518497
3029216,0.33494523796689
3029217,2.9977492440905715
3029218,23.751346016795434
3029219,0.0
3029220,5.315577531562004
3029221,1.2346967010871648
3029222,1.8105306350577504
3029223,0.303743385946427
3029224,37.05839689669036
3029225,0.8760542749715576
3029226,1.626151360078012
3029227,191.7983101308843
3029228,1.1051504163373225
3029229,1.3156415752274517
3029230,1.484348952057962
3029231,1.0351339905504098
3029232,351.6497554745803
3029233,0.026311013051779596
3029234,0.36311494192531746
3029235,1.7322210955077457
3029236,0.5143420000909353
3029237,0.3005650533514233
3029238,2963.786145791866
3029239,0.4915853157020249
3029240,209.69445959221073
3029241,2.2827866237380956
3029242,1378.079986662215
3029243,275.67215719604184
3029244,188.8428602447266
3029245,85.63674378386331
3029246,48.03688508870986
3029247,3709.7624914161424
3029248,1.2419772542808478
3029249,0.2324187318395418
3029250,4.527214446891069
3029251,16.48809803576784
3029252,0.0
3029253,131.3187426140982
3029254,0.3146477290643786
3029255,0.0
3029256,0.5781256108825965
3029257,16.97572493183938
3029258,0.5283788507238638
3029259,104.69341696690827
3029260,200.42750391080673
3029261,0.3140578555201477
3029262,1.1319839354333872
3029263,1.1531454571156479
3029264,1.491468482370648
3029265,187.05523696849747
3029266,0.005548714114355903
3029267,0.07367207401769177
3029268,2.452368290276317
3029269,0.9288264643952369
3029270,6.411845738757162
3029271,4956.2879573090195
3029272,1.7027875687543674
3029273,486.3552686144654
3029274,7.5233702120541555
3029275,747.5950664124954
3029276,750.9247243853873
3029277,275.74713181184575
3029278,11.53854644131088
3029279,111.02798254686188
3029280,3986.2110492939228
3029281,6.991324243166069
3029282,1.1208479979954853
3029283,9.343656833827096
3029284,27.192632825419874
3029285,0.21436965511402098
3029286,175.3399117826
3029287,5.4161457359989145
3029288,4.602027179272837
3029289,6.9219675403556415
3029290,54.97577349698257
3029291,2.9715222283876255
3029292,20.53290875747346
3029293,252.25620887264594
3029294,3.8446626738724223
3029295,4.621763217401167
3029296,55.70530452312448
3029297,17.872344976677603
3029298,1446.9900027381223
3029299,0.526562682849016
3029300,29.933365894484396
3029301,2.3217236448296674
3029302,0.9031836513664091
3029303,6.189179085352932
3029304,5346.739834726813
3029305,1.9363259468927558
3029306,497.7230360090279
3029307,8.485220082785615
3029308,740.3691387929673
3029309,773.9043433477818
3029310,246.78192427129204
3029311,13.319720470192394
3029312,120.39785360518601
3029313,4132.589803434479
3029314,7.6845587450869495
3029315,1.5903676530180673
3029316,26.050488007201306
3029317,27.50328039178582
3029318,0.35367886052850644
3029319,15.798182667408557
3029320,5.6164459819484565
3029321,6.294433587489675
3029322,3.9339379917982242
3029323,58.061974594821294
3029324,4.1077937072707105
3029325,20.365278490596552
3029326,234.9637981370713
3029327,4.088752063633167
3029328,5.13329883429249
3029329,57.795977252080704
3029330,20.415708253381034
3029331,1897.6380454150578
3029332,0.6267947920584971
3029333,34.79307622593399
3029334,2.341306247243904
3029335,0.914403515735317
3029336,6.231561550231473
3029337,5275.754589075974
3029338,1.8680060388797348
3029339,493.0746892778305
3029340,8.264526135567351
3029341,726.0196105236096
3029342,775.043813266532
3029343,247.1462789836394
3029344,12.264542412845046
3029345,113.82639919807724
3029346,3948.834893999053
3029347,7.044619170523683
3029348,1.53009720519487
3029349,26.216721510925385
3029350,27.67844174805766
3029351,0.3619976302247495
3029352,139.06155923440681
3029353,5.657106061629373
3029354,6.339260107906176
3029355,9.238791323469174
3029356,55.95074335021663
3029357,3.9252103490310963
3029358,19.601554558092207
3029359,228.05563784713559
3029360,4.066990522701892
3029361,4.9140577367794505
3029362,43.57369665619971
3029363,15.26940497168382
3029364,1294.7375564598613
3029365,0.7011401949593807
3029366,30.109890174502894
3029367,3.2769774691945672
3029368,0.7831661064501219
3029369,4.823440342250813
3029370,4289.687584741287
3029371,0.9807195547592755
3029372,283.74935423184644
3029373,4.690794048457535
3029374,857.8588849157653
3029375,503.16280050743546
3029376,296.4255766898827
3029377,96.58265124994334
3029378,4.116397984385243
3029379,4143.286600689815
3029380,2.6483032933509696
3029381,0.4448523231221405
3029382,20.974807047650167
3029383,24.644491352227263
3029384,0.0
3029385,175.9573389228859
3029386,2.287799272423947
3029387,1.0122598841314532
3029388,7.111172480646092
3029389,27.20976165363146
3029390,1.5542611450512744
3029391,323.24446684513276
3029392,275.8839367434616
3029393,1.911837568075089
3029394,2.9118309814110086
3029395,134.91632225983528
3029396,7.256335572735821
3029397,355.3785736281398
3029398,75.44163906498524
3029399,2.230134536466845
